p,d,construction_time_sec,variety_count,vertex_count,edge_count,connectivity_check_time_sec,is_strongly_connected,scc_count,are_all_varieties_covered_by_main_scc,are_all_variety_pairs_connected_via_good_paths,are_all_minor_sccs_size_1,are_all_minor_nodes_self_isogenies,all_minor_sccs_have_preds_from_main,any_minor_sccs_have_succs_to_main,exists_minor_to_minor_edge,condensed_graph,construction_peak_bytes,connectivity_check_peak_bytes
7,3,0.0007,1,1,1,0.0000,true,1,true,true,true,true,true,false,false,0:[0],1896,749
11,2,0.0015,2,4,7,0.0000,true,1,true,true,true,true,true,false,false,0:[0],3232,980
13,2,0.0021,3,7,15,0.0000,true,1,true,true,true,true,true,false,false,0:[0],3496,1323
17,3,0.0047,5,17,50,0.0000,true,1,true,true,true,true,true,false,false,0:[0],6712,2925
19,2,0.0061,7,29,98,0.0000,true,1,true,true,true,true,true,false,false,0:[0],8072,4281
23,5,0.0131,10,47,175,0.0000,true,1,true,true,true,true,true,false,false,0:[0],14288,6811
29,2,0.0218,18,114,522,0.0000,true,1,true,true,true,true,true,false,false,0:[0],29952,17786
31,3,0.0152,20,139,683,0.0000,true,1,true,true,true,true,true,false,false,0:[0],33408,22487
37,2,0.0197,31,253,1405,0.0001,false,2,true,true,true,true,true,false,true,"0:[0, 1], 1:[1]",61608,39033
41,3,0.0292,40,336,1888,0.0001,false,2,true,true,true,true,true,false,true,"0:[0, 1], 1:[1]",71280,57088
43,2,0.0429,45,403,2367,0.0001,false,2,true,true,true,true,true,false,true,"0:[0, 1], 1:[1]",76760,64727
47,5,0.0584,57,532,3291,0.0001,true,1,true,true,true,true,true,false,false,0:[0],89160,89740
53,2,0.0708,78,783,5042,0.0001,true,1,true,true,true,true,true,false,false,0:[0],151216,128539
59,2,0.0709,104,1057,6875,0.0002,false,3,true,true,true,true,true,false,true,"0:[0, 1, 2], 1:[], 2:[2]",173760,176357
61,2,0.0911,113,1195,7947,0.0002,true,1,true,true,true,true,true,false,false,0:[0],188600,213519
67,2,0.1008,145,1595,10926,0.0003,false,2,true,true,true,true,true,false,false,"0:[0, 1], 1:[]",304312,260575
71,7,0.1714,170,1889,13024,0.0004,false,2,true,true,true,true,true,false,false,"0:[0, 1], 1:[]",328432,294933
73,5,0.1540,183,2057,14211,0.0005,false,3,true,true,true,true,true,false,false,"0:[0, 1, 2], 1:[], 2:[]",342184,348501
79,3,0.1804,228,2612,18312,0.0006,false,3,true,true,true,true,true,false,false,"0:[0, 1, 2], 1:[], 2:[]",394832,453588
83,2,0.1925,260,3010,21188,0.0007,true,1,true,true,true,true,true,false,false,0:[0],570800,500538
89,3,0.3159,316,3750,26841,0.0008,false,2,true,true,true,true,true,false,true,"0:[0, 1], 1:[1]",653872,588878
97,5,0.4096,400,4865,35282,0.0012,false,4,true,true,true,true,true,false,false,"0:[0, 1, 2, 3], 1:[], 2:[], 3:[]",745088,852677
101,2,0.3795,448,5478,39780,0.0013,false,4,true,true,true,true,true,false,false,"0:[0, 1, 2, 3], 1:[], 2:[], 3:[]",795280,925038
103,3,0.4567,473,5776,41879,0.0014,false,4,true,true,true,true,true,false,false,"0:[0, 1, 2, 3], 1:[], 2:[], 3:[]",834056,973944
107,2,0.4586,526,6497,47462,0.0016,false,3,true,true,true,true,true,false,false,"0:[0, 1, 2], 1:[], 2:[]",1179728,1059605
109,2,0.4166,555,6910,50770,0.0017,false,3,true,true,true,true,true,false,false,"0:[0, 1, 2], 1:[], 2:[]",1213464,1109614
113,3,0.5256,613,7703,56867,0.0019,false,4,true,true,true,true,true,false,false,"0:[0, 1, 2, 3], 1:[], 2:[], 3:[]",1323352,1204043
127,3,0.8050,852,10887,81012,0.0027,false,6,true,true,true,true,true,false,false,"0:[0, 1, 2, 3, 4, 5], 1:[], 2:[], 3:[], 4:[], 5:[]",1583808,1843075
131,2,0.6854,930,11909,88638,0.0030,false,5,true,true,true,true,true,false,false,"0:[0, 1, 2, 3, 4], 1:[], 2:[], 3:[], 4:[]",1696112,1992201
137,3,1.0773,1056,13679,102473,0.0034,false,5,true,true,true,true,true,false,false,"0:[0, 1, 2, 3, 4], 1:[], 2:[], 3:[], 4:[]",2414176,2203851
139,2,0.8181,1101,14258,106830,0.0036,false,6,true,true,true,true,true,false,false,"0:[0, 1, 2, 3, 4, 5], 1:[], 2:[], 3:[], 4:[], 5:[]",2461576,2271394
149,2,1.0103,1342,17581,132479,0.0045,false,5,true,true,true,true,true,false,false,"0:[0, 1, 2, 3, 4], 1:[], 2:[], 3:[], 4:[]",2823312,2928785
151,3,1.1599,1393,18247,137398,0.0047,false,6,true,true,true,true,true,false,false,"0:[0, 1, 2, 3, 4, 5], 1:[], 2:[], 3:[], 4:[], 5:[]",2877816,3007035
157,2,1.1744,1557,20558,155513,0.0054,false,7,true,true,true,true,true,false,false,"0:[0, 1, 2, 3, 4, 5, 6], 1:[], 2:[], 3:[], 4:[], 5:[], 6:[]",3066632,3544366
163,2,1.2793,1733,22973,174141,0.0060,false,6,true,true,true,true,true,false,false,"0:[0, 1, 2, 3, 4, 5], 1:[], 2:[], 3:[], 4:[], 5:[]",3264056,3830089
167,5,1.5558,1858,24692,187392,0.0066,false,7,true,true,true,true,true,false,false,"0:[0, 1, 2, 3, 4, 5, 6], 1:[], 2:[], 3:[], 4:[], 5:[], 6:[]",3461920,4090980
173,2,1.6207,2056,27478,209067,0.0071,false,8,true,true,true,true,true,false,false,"0:[0, 1, 2, 3, 4, 5, 6, 7], 1:[], 2:[], 3:[], 4:[], 5:[], 6:[], 7:[]",4836432,4423230
179,2,1.7009,2268,30367,231223,0.0080,false,7,true,true,true,true,true,false,false,"0:[0, 1, 2, 3, 4, 5, 6], 1:[], 2:[], 3:[], 4:[], 5:[], 6:[]",5252864,4764251
181,2,2.0678,2341,31438,239689,0.0083,false,7,true,true,true,true,true,false,false,"0:[0, 1, 2, 3, 4, 5, 6], 1:[], 2:[], 3:[], 4:[], 5:[], 6:[]",5340296,4892782
191,7,2.2808,2733,36879,281865,0.0099,false,7,true,true,true,true,true,false,false,"0:[0, 1, 2, 3, 4, 5, 6], 1:[], 2:[], 3:[], 4:[], 5:[], 6:[]",5784984,6061219
193,5,2.6530,2816,38106,291667,0.0104,false,8,true,true,true,true,true,false,false,"0:[0, 1, 2, 3, 4, 5, 6, 7], 1:[], 2:[], 3:[], 4:[], 5:[], 6:[], 7:[]",5885136,6733138
197,2,2.2679,2988,40534,310667,0.0112,false,8,true,true,true,true,true,false,false,"0:[0, 1, 2, 3, 4, 5, 6, 7], 1:[], 2:[], 3:[], 4:[], 5:[], 6:[], 7:[]",6083504,7021406
199,3,2.9888,3077,41677,319023,0.0117,false,8,true,true,true,true,true,false,false,"0:[0, 1, 2, 3, 4, 5, 6, 7], 1:[], 2:[], 3:[], 4:[], 5:[], 6:[], 7:[]",6177080,7154873
211,2,2.7477,3643,49689,381683,0.0138,false,9,true,true,true,true,true,false,false,"0:[0, 1, 2, 3, 4, 5, 6, 7, 8], 1:[], 2:[], 3:[], 4:[], 5:[], 6:[], 7:[], 8:[]",6946312,8220773
223,3,4.2237,4276,58609,451218,0.0163,false,10,true,true,true,true,true,false,false,"0:[0, 1, 2, 3, 4, 5, 6, 7, 8, 9], 1:[], 2:[], 3:[], 4:[], 5:[], 6:[], 7:[], 8:[], 9:[]",9968864,9279093
227,2,3.5280,4502,61780,475755,0.0172,false,8,true,true,true,true,true,false,false,"0:[0, 1, 2, 3, 4, 5, 6, 7], 1:[], 2:[], 3:[], 4:[], 5:[], 6:[], 7:[]",10227968,9654692
229,2,3.5459,4619,63509,489685,0.0172,false,9,true,true,true,true,true,false,false,"0:[0, 1, 2, 3, 4, 5, 6, 7, 8], 1:[], 2:[], 3:[], 4:[], 5:[], 6:[], 7:[], 8:[]",10729544,9862257
233,3,4.9998,4856,66889,516160,0.0193,false,9,true,true,true,true,true,false,false,"0:[0, 1, 2, 3, 4, 5, 6, 7, 8], 1:[], 2:[], 3:[], 4:[], 5:[], 6:[], 7:[], 8:[]",11005632,11312045
239,7,5.1198,5229,72106,556700,0.0207,false,9,true,true,true,true,true,false,false,"0:[0, 1, 2, 3, 4, 5, 6, 7, 8], 1:[], 2:[], 3:[], 4:[], 5:[], 6:[], 7:[], 8:[]",11431944,11929018
241,7,5.1104,5356,73971,571437,0.0212,false,11,true,true,true,true,true,false,false,"0:[0, 1, 2, 3, 4, 5, 6, 7, 8, 9, 10], 1:[], 2:[], 3:[], 4:[], 5:[], 6:[], 7:[], 8:[], 9:[], 10:[]",11584192,12152351
251,2,5.2373,6028,83427,644946,0.0260,false,10,true,true,true,true,true,false,false,"0:[0, 1, 2, 3, 4, 5, 6, 7, 8, 9], 1:[], 2:[], 3:[], 4:[], 5:[], 6:[], 7:[], 8:[], 9:[]",12356800,14320207
257,3,5.7861,6457,89605,693597,0.0269,false,9,true,true,true,true,true,false,false,"0:[0, 1, 2, 3, 4, 5, 6, 7, 8], 1:[], 2:[], 3:[], 4:[], 5:[], 6:[], 7:[], 8:[]",12861336,15055569
263,5,5.7036,6906,95973,743463,0.0287,false,11,true,true,true,true,true,false,false,"0:[0, 1, 2, 3, 4, 5, 6, 7, 8, 9, 10], 1:[], 2:[], 3:[], 4:[], 5:[], 6:[], 7:[], 8:[], 9:[], 10:[]",13381552,15809577
269,2,5.6506,7376,102716,796422,0.0312,false,10,true,true,true,true,true,false,false,"0:[0, 1, 2, 3, 4, 5, 6, 7, 8, 9], 1:[], 2:[], 3:[], 4:[], 5:[], 6:[], 7:[], 8:[], 9:[]",14161648,16840796
271,3,6.3539,7536,104992,814309,0.0319,false,11,true,true,true,true,true,false,false,"0:[0, 1, 2, 3, 4, 5, 6, 7, 8, 9, 10], 1:[], 2:[], 3:[], 4:[], 5:[], 6:[], 7:[], 8:[], 9:[], 10:[]",14347568,17109328
277,2,6.1537,8033,112164,870797,0.0344,false,12,true,true,true,true,true,false,false,"0:[0, 1, 2, 3, 4, 5, 6, 7, 8, 9, 10, 11], 1:[], 2:[], 3:[], 4:[], 5:[], 6:[], 7:[], 8:[], 9:[], 10:[], 11:[]",19520776,17962396
281,3,8.5829,8376,117022,908559,0.0353,false,12,true,true,true,true,true,false,false,"0:[0, 1, 2, 3, 4, 5, 6, 7, 8, 9, 10, 11], 1:[], 2:[], 3:[], 4:[], 5:[], 6:[], 7:[], 8:[], 9:[], 10:[], 11:[]",19917648,18538278
283,2,6.5118,8551,119501,928055,0.0371,false,11,true,true,true,true,true,false,false,"0:[0, 1, 2, 3, 4, 5, 6, 7, 8, 9, 10], 1:[], 2:[], 3:[], 4:[], 5:[], 6:[], 7:[], 8:[], 9:[], 10:[]",20120168,18830441
293,2,7.3449,9464,132634,1031292,0.0434,false,12,true,true,true,true,true,false,false,"0:[0, 1, 2, 3, 4, 5, 6, 7, 8, 9, 10, 11], 1:[], 2:[], 3:[], 4:[], 5:[], 6:[], 7:[], 8:[], 9:[], 10:[], 11:[]",21913616,22488274
307,2,8.2705,10847,152424,1186573,0.0537,false,12,true,true,true,true,true,false,false,"0:[0, 1, 2, 3, 4, 5, 6, 7, 8, 9, 10, 11], 1:[], 2:[], 3:[], 4:[], 5:[], 6:[], 7:[], 8:[], 9:[], 10:[], 11:[]",23530008,26931136
311,11,9.7173,11266,158395,1233227,0.0574,false,12,true,true,true,true,true,false,false,"0:[0, 1, 2, 3, 4, 5, 6, 7, 8, 9, 10, 11], 1:[], 2:[], 3:[], 4:[], 5:[], 6:[], 7:[], 8:[], 9:[], 10:[], 11:[]",24017744,27638903
313,5,12.2806,11479,161543,1258254,0.0602,false,13,true,true,true,true,true,false,false,"0:[0, 1, 2, 3, 4, 5, 6, 7, 8, 9, 10, 11, 12], 1:[], 2:[], 3:[], 4:[], 5:[], 6:[], 7:[], 8:[], 9:[], 10:[], 11:[], 12:[]",24274696,28015083
317,2,9.3223,11914,167863,1308398,0.0601,false,14,true,true,true,true,true,false,false,"0:[0, 1, 2, 3, 4, 5, 6, 7, 8, 9, 10, 11, 12, 13], 1:[], 2:[], 3:[], 4:[], 5:[], 6:[], 7:[], 8:[], 9:[], 10:[], 11:[], 12:[], 13:[]",24790736,28765891
331,2,10.3029,13521,190914,1489299,0.0761,false,14,true,true,true,true,true,false,false,"0:[0, 1, 2, 3, 4, 5, 6, 7, 8, 9, 10, 11, 12, 13], 1:[], 2:[], 3:[], 4:[], 5:[], 6:[], 7:[], 8:[], 9:[], 10:[], 11:[], 12:[], 13:[]",26673384,31498098
337,5,13.1039,14252,201541,1573317,0.0804,false,14,true,true,true,true,true,false,false,"0:[0, 1, 2, 3, 4, 5, 6, 7, 8, 9, 10, 11, 12, 13], 1:[], 2:[], 3:[], 4:[], 5:[], 6:[], 7:[], 8:[], 9:[], 10:[], 11:[], 12:[], 13:[]",27541088,32761529
347,2,14.0487,15528,219846,1716974,0.0912,false,14,true,true,true,true,true,false,false,"0:[0, 1, 2, 3, 4, 5, 6, 7, 8, 9, 10, 11, 12, 13], 1:[], 2:[], 3:[], 4:[], 5:[], 6:[], 7:[], 8:[], 9:[], 10:[], 11:[], 12:[], 13:[]",38669904,35389070
349,2,12.3194,15793,223747,1748044,0.0928,false,14,true,true,true,true,true,false,false,"0:[0, 1, 2, 3, 4, 5, 6, 7, 8, 9, 10, 11, 12, 13], 1:[], 2:[], 3:[], 4:[], 5:[], 6:[], 7:[], 8:[], 9:[], 10:[], 11:[], 12:[], 13:[]",38988344,35854503
353,3,15.2169,16329,231493,1809013,0.0917,false,13,true,true,true,true,true,false,false,"0:[0, 1, 2, 3, 4, 5, 6, 7, 8, 9, 10, 11, 12], 1:[], 2:[], 3:[], 4:[], 5:[], 6:[], 7:[], 8:[], 9:[], 10:[], 11:[], 12:[]",39620888,36773521
359,7,17.1726,17158,243379,1902343,0.1070,false,14,true,true,true,true,true,false,false,"0:[0, 1, 2, 3, 4, 5, 6, 7, 8, 9, 10, 11, 12, 13], 1:[], 2:[], 3:[], 4:[], 5:[], 6:[], 7:[], 8:[], 9:[], 10:[], 11:[], 12:[], 13:[]",40591664,38180911
367,3,18.0988,18304,259956,2032929,0.1180,false,16,true,true,true,true,true,false,false,"0:[0, 1, 2, 3, 4, 5, 6, 7, 8, 9, 10, 11, 12, 13, 14, 15], 1:[], 2:[], 3:[], 4:[], 5:[], 6:[], 7:[], 8:[], 9:[], 10:[], 11:[], 12:[], 13:[], 14:[], 15:[]",43387120,40147828
373,2,15.4368,19197,273022,2136628,0.1444,false,16,true,true,true,true,true,false,false,"0:[0, 1, 2, 3, 4, 5, 6, 7, 8, 9, 10, 11, 12, 13, 14, 15], 1:[], 2:[], 3:[], 4:[], 5:[], 6:[], 7:[], 8:[], 9:[], 10:[], 11:[], 12:[], 13:[], 14:[], 15:[]",44453832,45895678
379,2,18.6033,20119,286263,2240580,0.1378,false,16,true,true,true,true,true,false,false,"0:[0, 1, 2, 3, 4, 5, 6, 7, 8, 9, 10, 11, 12, 13, 14, 15], 1:[], 2:[], 3:[], 4:[], 5:[], 6:[], 7:[], 8:[], 9:[], 10:[], 11:[], 12:[], 13:[], 14:[], 15:[]",45535240,47463515
383,5,18.0577,20749,295347,2311938,0.1465,false,15,true,true,true,true,true,false,false,"0:[0, 1, 2, 3, 4, 5, 6, 7, 8, 9, 10, 11, 12, 13, 14], 1:[], 2:[], 3:[], 4:[], 5:[], 6:[], 7:[], 8:[], 9:[], 10:[], 11:[], 12:[], 13:[], 14:[]",46277080,48540663
389,2,19.5677,21720,309524,2424236,0.1622,false,16,true,true,true,true,true,false,false,"0:[0, 1, 2, 3, 4, 5, 6, 7, 8, 9, 10, 11, 12, 13, 14, 15], 1:[], 2:[], 3:[], 4:[], 5:[], 6:[], 7:[], 8:[], 9:[], 10:[], 11:[], 12:[], 13:[], 14:[], 15:[]",47434544,54420308
397,2,18.0103,23059,328955,2577603,0.1811,false,17,true,true,true,true,true,false,false,"0:[0, 1, 2, 3, 4, 5, 6, 7, 8, 9, 10, 11, 12, 13, 14, 15, 16], 1:[], 2:[], 3:[], 4:[], 5:[], 6:[], 7:[], 8:[], 9:[], 10:[], 11:[], 12:[], 13:[], 14:[], 15:[], 16:[]",49021160,56725935
401,3,25.0472,23749,338989,2656881,0.1911,false,17,true,true,true,true,true,false,false,"0:[0, 1, 2, 3, 4, 5, 6, 7, 8, 9, 10, 11, 12, 13, 14, 15, 16], 1:[], 2:[], 3:[], 4:[], 5:[], 6:[], 7:[], 8:[], 9:[], 10:[], 11:[], 12:[], 13:[], 14:[], 15:[], 16:[]",49840440,57916665
409,7,28.0019,25171,359600,2819432,0.1954,false,18,true,true,true,true,true,false,false,"0:[0, 1, 2, 3, 4, 5, 6, 7, 8, 9, 10, 11, 12, 13, 14, 15, 16, 17], 1:[], 2:[], 3:[], 4:[], 5:[], 6:[], 7:[], 8:[], 9:[], 10:[], 11:[], 12:[], 13:[], 14:[], 15:[], 16:[], 17:[]",51523448,60361768
419,2,21.2727,27026,386411,3030497,0.2177,false,18,true,true,true,true,true,false,false,"0:[0, 1, 2, 3, 4, 5, 6, 7, 8, 9, 10, 11, 12, 13, 14, 15, 16, 17], 1:[], 2:[], 3:[], 4:[], 5:[], 6:[], 7:[], 8:[], 9:[], 10:[], 11:[], 12:[], 13:[], 14:[], 15:[], 16:[], 17:[]",53712848,63538919
421,2,21.9422,27407,392107,3076192,0.2212,false,17,true,true,true,true,true,false,false,"0:[0, 1, 2, 3, 4, 5, 6, 7, 8, 9, 10, 11, 12, 13, 14, 15, 16], 1:[], 2:[], 3:[], 4:[], 5:[], 6:[], 7:[], 8:[], 9:[], 10:[], 11:[], 12:[], 13:[], 14:[], 15:[], 16:[]",54177672,64218687
431,7,29.6462,29369,420540,3300459,0.2504,false,17,true,true,true,true,true,false,false,"0:[0, 1, 2, 3, 4, 5, 6, 7, 8, 9, 10, 11, 12, 13, 14, 15, 16], 1:[], 2:[], 3:[], 4:[], 5:[], 6:[], 7:[], 8:[], 9:[], 10:[], 11:[], 12:[], 13:[], 14:[], 15:[], 16:[]",57416904,68506196
433,5,32.1922,29772,426502,3347907,0.2497,false,18,true,true,true,true,true,false,false,"0:[0, 1, 2, 3, 4, 5, 6, 7, 8, 9, 10, 11, 12, 13, 14, 15, 16, 17], 1:[], 2:[], 3:[], 4:[], 5:[], 6:[], 7:[], 8:[], 9:[], 10:[], 11:[], 12:[], 13:[], 14:[], 15:[], 16:[], 17:[]",57903536,69216750
439,3,26.5634,31005,444335,3488451,0.2604,false,18,true,true,true,true,true,false,false,"0:[0, 1, 2, 3, 4, 5, 6, 7, 8, 9, 10, 11, 12, 13, 14, 15, 16, 17], 1:[], 2:[], 3:[], 4:[], 5:[], 6:[], 7:[], 8:[], 9:[], 10:[], 11:[], 12:[], 13:[], 14:[], 15:[], 16:[], 17:[]",77709848,71329059
443,2,28.9391,31844,456557,3585045,0.2672,false,18,true,true,true,true,true,false,false,"0:[0, 1, 2, 3, 4, 5, 6, 7, 8, 9, 10, 11, 12, 13, 14, 15, 16, 17], 1:[], 2:[], 3:[], 4:[], 5:[], 6:[], 7:[], 8:[], 9:[], 10:[], 11:[], 12:[], 13:[], 14:[], 15:[], 16:[], 17:[]",78707744,72779361
449,3,31.2434,33133,475421,3734500,0.2925,false,19,true,true,true,true,true,false,false,"0:[0, 1, 2, 3, 4, 5, 6, 7, 8, 9, 10, 11, 12, 13, 14, 15, 16, 17, 18], 1:[], 2:[], 3:[], 4:[], 5:[], 6:[], 7:[], 8:[], 9:[], 10:[], 11:[], 12:[], 13:[], 14:[], 15:[], 16:[], 17:[], 18:[]",80247800,75020489
457,5,37.5318,34903,501259,3939067,0.3045,false,19,true,true,true,true,true,false,false,"0:[0, 1, 2, 3, 4, 5, 6, 7, 8, 9, 10, 11, 12, 13, 14, 15, 16, 17, 18], 1:[], 2:[], 3:[], 4:[], 5:[], 6:[], 7:[], 8:[], 9:[], 10:[], 11:[], 12:[], 13:[], 14:[], 15:[], 16:[], 17:[], 18:[]",82357320,78086527
461,2,28.2171,35812,514441,4042868,0.3059,false,18,true,true,true,true,true,false,false,"0:[0, 1, 2, 3, 4, 5, 6, 7, 8, 9, 10, 11, 12, 13, 14, 15, 16, 17], 1:[], 2:[], 3:[], 4:[], 5:[], 6:[], 7:[], 8:[], 9:[], 10:[], 11:[], 12:[], 13:[], 14:[], 15:[], 16:[], 17:[]",83433696,79649549
463,3,36.3769,36272,521037,4094572,0.3043,false,20,true,true,true,true,true,false,false,"0:[0, 1, 2, 3, 4, 5, 6, 7, 8, 9, 10, 11, 12, 13, 14, 15, 16, 17, 18, 19], 1:[], 2:[], 3:[], 4:[], 5:[], 6:[], 7:[], 8:[], 9:[], 10:[], 11:[], 12:[], 13:[], 14:[], 15:[], 16:[], 17:[], 18:[], 19:[]",86856000,80429185
467,2,33.6737,37204,534627,4202086,0.3341,false,18,true,true,true,true,true,false,false,"0:[0, 1, 2, 3, 4, 5, 6, 7, 8, 9, 10, 11, 12, 13, 14, 15, 16, 17], 1:[], 2:[], 3:[], 4:[], 5:[], 6:[], 7:[], 8:[], 9:[], 10:[], 11:[], 12:[], 13:[], 14:[], 15:[], 16:[], 17:[]",87965568,90429519
479,13,40.7825,40097,576802,4535627,0.3689,false,19,true,true,true,true,true,false,false,"0:[0, 1, 2, 3, 4, 5, 6, 7, 8, 9, 10, 11, 12, 13, 14, 15, 16, 17, 18], 1:[], 2:[], 3:[], 4:[], 5:[], 6:[], 7:[], 8:[], 9:[], 10:[], 11:[], 12:[], 13:[], 14:[], 15:[], 16:[], 17:[], 18:[]",91409000,95432626
487,3,42.0323,42105,606169,4768247,0.3939,false,21,true,true,true,true,true,false,false,"0:[0, 1, 2, 3, 4, 5, 6, 7, 8, 9, 10, 11, 12, 13, 14, 15, 16, 17, 18, 19, 20], 1:[], 2:[], 3:[], 4:[], 5:[], 6:[], 7:[], 8:[], 9:[], 10:[], 11:[], 12:[], 13:[], 14:[], 15:[], 16:[], 17:[], 18:[], 19:[], 20:[]",93806552,107306229
491,2,40.0197,43134,621117,4885997,0.3870,false,21,true,true,true,true,true,false,false,"0:[0, 1, 2, 3, 4, 5, 6, 7, 8, 9, 10, 11, 12, 13, 14, 15, 16, 17, 18, 19, 20], 1:[], 2:[], 3:[], 4:[], 5:[], 6:[], 7:[], 8:[], 9:[], 10:[], 11:[], 12:[], 13:[], 14:[], 15:[], 16:[], 17:[], 18:[], 19:[], 20:[]",95027088,109078561
499,2,35.1920,45243,651977,5130666,0.4110,false,21,true,true,true,true,true,false,false,"0:[0, 1, 2, 3, 4, 5, 6, 7, 8, 9, 10, 11, 12, 13, 14, 15, 16, 17, 18, 19, 20], 1:[], 2:[], 3:[], 4:[], 5:[], 6:[], 7:[], 8:[], 9:[], 10:[], 11:[], 12:[], 13:[], 14:[], 15:[], 16:[], 17:[], 18:[], 19:[], 20:[]",97546504,112740501
503,5,40.5228,46322,667730,5255297,0.4296,false,21,true,true,true,true,true,false,false,"0:[0, 1, 2, 3, 4, 5, 6, 7, 8, 9, 10, 11, 12, 13, 14, 15, 16, 17, 18, 19, 20], 1:[], 2:[], 3:[], 4:[], 5:[], 6:[], 7:[], 8:[], 9:[], 10:[], 11:[], 12:[], 13:[], 14:[], 15:[], 16:[], 17:[], 18:[], 19:[], 20:[]",98832640,114608954
509,2,39.8049,47974,691967,5447485,0.4494,false,21,true,true,true,true,true,false,false,"0:[0, 1, 2, 3, 4, 5, 6, 7, 8, 9, 10, 11, 12, 13, 14, 15, 16, 17, 18, 19, 20], 1:[], 2:[], 3:[], 4:[], 5:[], 6:[], 7:[], 8:[], 9:[], 10:[], 11:[], 12:[], 13:[], 14:[], 15:[], 16:[], 17:[], 18:[], 19:[], 20:[]",100811248,117488075
521,3,46.7023,51392,741944,5843128,0.4898,false,22,true,true,true,true,true,false,false,"0:[0, 1, 2, 3, 4, 5, 6, 7, 8, 9, 10, 11, 12, 13, 14, 15, 16, 17, 18, 19, 20, 21], 1:[], 2:[], 3:[], 4:[], 5:[], 6:[], 7:[], 8:[], 9:[], 10:[], 11:[], 12:[], 13:[], 14:[], 15:[], 16:[], 17:[], 18:[], 19:[], 20:[], 21:[]",104891440,123417128
523,2,40.5466,51977,750391,5909619,0.4964,false,21,true,true,true,true,true,false,false,"0:[0, 1, 2, 3, 4, 5, 6, 7, 8, 9, 10, 11, 12, 13, 14, 15, 16, 17, 18, 19, 20], 1:[], 2:[], 3:[], 4:[], 5:[], 6:[], 7:[], 8:[], 9:[], 10:[], 11:[], 12:[], 13:[], 14:[], 15:[], 16:[], 17:[], 18:[], 19:[], 20:[]",105581240,124415403
541,2,45.7947,57445,830546,6545098,0.5484,false,22,true,true,true,true,true,false,false,"0:[0, 1, 2, 3, 4, 5, 6, 7, 8, 9, 10, 11, 12, 13, 14, 15, 16, 17, 18, 19, 20, 21], 1:[], 2:[], 3:[], 4:[], 5:[], 6:[], 7:[], 8:[], 9:[], 10:[], 11:[], 12:[], 13:[], 14:[], 15:[], 16:[], 17:[], 18:[], 19:[], 20:[], 21:[]",113959880,135764098
547,2,46.2824,59349,858308,6764594,0.5712,false,22,true,true,true,true,true,false,false,"0:[0, 1, 2, 3, 4, 5, 6, 7, 8, 9, 10, 11, 12, 13, 14, 15, 16, 17, 18, 19, 20, 21], 1:[], 2:[], 3:[], 4:[], 5:[], 6:[], 7:[], 8:[], 9:[], 10:[], 11:[], 12:[], 13:[], 14:[], 15:[], 16:[], 17:[], 18:[], 19:[], 20:[], 21:[]",116226536,139053372
557,2,49.9971,62616,906272,7145036,0.6264,false,24,true,true,true,true,true,false,false,"0:[0, 1, 2, 3, 4, 5, 6, 7, 8, 9, 10, 11, 12, 13, 14, 15, 16, 17, 18, 19, 20, 21, 22, 23], 1:[], 2:[], 3:[], 4:[], 5:[], 6:[], 7:[], 8:[], 9:[], 10:[], 11:[], 12:[], 13:[], 14:[], 15:[], 16:[], 17:[], 18:[], 19:[], 20:[], 21:[], 22:[], 23:[]",156842224,144747824
563,2,50.4357,64632,935640,7377022,0.6140,false,23,true,true,true,true,true,false,false,"0:[0, 1, 2, 3, 4, 5, 6, 7, 8, 9, 10, 11, 12, 13, 14, 15, 16, 17, 18, 19, 20, 21, 22], 1:[], 2:[], 3:[], 4:[], 5:[], 6:[], 7:[], 8:[], 9:[], 10:[], 11:[], 12:[], 13:[], 14:[], 15:[], 16:[], 17:[], 18:[], 19:[], 20:[], 21:[], 22:[]",159240048,148227080
569,3,61.9127,66692,965941,7617572,0.6630,false,24,true,true,true,true,true,false,false,"0:[0, 1, 2, 3, 4, 5, 6, 7, 8, 9, 10, 11, 12, 13, 14, 15, 16, 17, 18, 19, 20, 21, 22, 23], 1:[], 2:[], 3:[], 4:[], 5:[], 6:[], 7:[], 8:[], 9:[], 10:[], 11:[], 12:[], 13:[], 14:[], 15:[], 16:[], 17:[], 18:[], 19:[], 20:[], 21:[], 22:[], 23:[]",161713568,151825961
571,2,53.0982,67387,976039,7697312,0.6658,false,24,true,true,true,true,true,false,false,"0:[0, 1, 2, 3, 4, 5, 6, 7, 8, 9, 10, 11, 12, 13, 14, 15, 16, 17, 18, 19, 20, 21, 22, 23], 1:[], 2:[], 3:[], 4:[], 5:[], 6:[], 7:[], 8:[], 9:[], 10:[], 11:[], 12:[], 13:[], 14:[], 15:[], 16:[], 17:[], 18:[], 19:[], 20:[], 21:[], 22:[], 23:[]",162538088,153019915
577,5,67.8888,69504,1007152,7944119,0.6916,false,24,true,true,true,true,true,false,false,"0:[0, 1, 2, 3, 4, 5, 6, 7, 8, 9, 10, 11, 12, 13, 14, 15, 16, 17, 18, 19, 20, 21, 22, 23], 1:[], 2:[], 3:[], 4:[], 5:[], 6:[], 7:[], 8:[], 9:[], 10:[], 11:[], 12:[], 13:[], 14:[], 15:[], 16:[], 17:[], 18:[], 19:[], 20:[], 21:[], 22:[], 23:[]",165077936,156715008
587,2,57.6819,73130,1060203,8364231,0.7490,false,24,true,true,true,true,true,false,false,"0:[0, 1, 2, 3, 4, 5, 6, 7, 8, 9, 10, 11, 12, 13, 14, 15, 16, 17, 18, 19, 20, 21, 22, 23], 1:[], 2:[], 3:[], 4:[], 5:[], 6:[], 7:[], 8:[], 9:[], 10:[], 11:[], 12:[], 13:[], 14:[], 15:[], 16:[], 17:[], 18:[], 19:[], 20:[], 21:[], 22:[], 23:[]",175176208,179781223
593,3,70.0866,75365,1093156,8626229,0.7735,false,24,true,true,true,true,true,false,false,"0:[0, 1, 2, 3, 4, 5, 6, 7, 8, 9, 10, 11, 12, 13, 14, 15, 16, 17, 18, 19, 20, 21, 22, 23], 1:[], 2:[], 3:[], 4:[], 5:[], 6:[], 7:[], 8:[], 9:[], 10:[], 11:[], 12:[], 13:[], 14:[], 15:[], 16:[], 17:[], 18:[], 19:[], 20:[], 21:[], 22:[], 23:[]",177866088,183695164
599,7,70.0418,77646,1126404,8888884,0.8089,false,24,true,true,true,true,true,false,false,"0:[0, 1, 2, 3, 4, 5, 6, 7, 8, 9, 10, 11, 12, 13, 14, 15, 16, 17, 18, 19, 20, 21, 22, 23], 1:[], 2:[], 3:[], 4:[], 5:[], 6:[], 7:[], 8:[], 9:[], 10:[], 11:[], 12:[], 13:[], 14:[], 15:[], 16:[], 17:[], 18:[], 19:[], 20:[], 21:[], 22:[], 23:[]",180580672,187634324
601,7,80.0913,78415,1137882,8980664,0.8179,false,26,true,true,true,true,true,false,false,"0:[0, 1, 2, 3, 4, 5, 6, 7, 8, 9, 10, 11, 12, 13, 14, 15, 16, 17, 18, 19, 20, 21, 22, 23, 24, 25], 1:[], 2:[], 3:[], 4:[], 5:[], 6:[], 7:[], 8:[], 9:[], 10:[], 11:[], 12:[], 13:[], 14:[], 15:[], 16:[], 17:[], 18:[], 19:[], 20:[], 21:[], 22:[], 23:[], 24:[], 25:[]",181517368,189001050
607,3,71.7764,80756,1172078,9251208,0.8646,false,26,true,true,true,true,true,false,false,"0:[0, 1, 2, 3, 4, 5, 6, 7, 8, 9, 10, 11, 12, 13, 14, 15, 16, 17, 18, 19, 20, 21, 22, 23, 24, 25], 1:[], 2:[], 3:[], 4:[], 5:[], 6:[], 7:[], 8:[], 9:[], 10:[], 11:[], 12:[], 13:[], 14:[], 15:[], 16:[], 17:[], 18:[], 19:[], 20:[], 21:[], 22:[], 23:[], 24:[], 25:[]",184309232,193053110
613,2,67.3890,83143,1207283,9531105,0.8553,false,26,true,true,true,true,true,false,false,"0:[0, 1, 2, 3, 4, 5, 6, 7, 8, 9, 10, 11, 12, 13, 14, 15, 16, 17, 18, 19, 20, 21, 22, 23, 24, 25], 1:[], 2:[], 3:[], 4:[], 5:[], 6:[], 7:[], 8:[], 9:[], 10:[], 11:[], 12:[], 13:[], 14:[], 15:[], 16:[], 17:[], 18:[], 19:[], 20:[], 21:[], 22:[], 23:[], 24:[], 25:[]",187182920,214011623
617,3,80.4841,84760,1231026,9719417,0.8988,false,25,true,true,true,true,true,false,false,"0:[0, 1, 2, 3, 4, 5, 6, 7, 8, 9, 10, 11, 12, 13, 14, 15, 16, 17, 18, 19, 20, 21, 22, 23, 24], 1:[], 2:[], 3:[], 4:[], 5:[], 6:[], 7:[], 8:[], 9:[], 10:[], 11:[], 12:[], 13:[], 14:[], 15:[], 16:[], 17:[], 18:[], 19:[], 20:[], 21:[], 22:[], 23:[], 24:[]",189121168,216828266
619,2,67.3287,85577,1242831,9812210,0.8895,false,26,true,true,true,true,true,false,false,"0:[0, 1, 2, 3, 4, 5, 6, 7, 8, 9, 10, 11, 12, 13, 14, 15, 16, 17, 18, 19, 20, 21, 22, 23, 24, 25], 1:[], 2:[], 3:[], 4:[], 5:[], 6:[], 7:[], 8:[], 9:[], 10:[], 11:[], 12:[], 13:[], 14:[], 15:[], 16:[], 17:[], 18:[], 19:[], 20:[], 21:[], 22:[], 23:[], 24:[], 25:[]",190085176,218223523
631,3,79.2604,90585,1316387,10395649,0.9313,false,26,true,true,true,true,true,false,false,"0:[0, 1, 2, 3, 4, 5, 6, 7, 8, 9, 10, 11, 12, 13, 14, 15, 16, 17, 18, 19, 20, 21, 22, 23, 24, 25], 1:[], 2:[], 3:[], 4:[], 5:[], 6:[], 7:[], 8:[], 9:[], 10:[], 11:[], 12:[], 13:[], 14:[], 15:[], 16:[], 17:[], 18:[], 19:[], 20:[], 21:[], 22:[], 23:[], 24:[], 25:[]",196089848,226949895
641,3,90.3446,94905,1380009,10901001,1.0192,false,27,true,true,true,true,true,false,false,"0:[0, 1, 2, 3, 4, 5, 6, 7, 8, 9, 10, 11, 12, 13, 14, 15, 16, 17, 18, 19, 20, 21, 22, 23, 24, 25, 26], 1:[], 2:[], 3:[], 4:[], 5:[], 6:[], 7:[], 8:[], 9:[], 10:[], 11:[], 12:[], 13:[], 14:[], 15:[], 16:[], 17:[], 18:[], 19:[], 20:[], 21:[], 22:[], 23:[], 24:[], 25:[], 26:[]",201283288,234501893
643,2,75.0308,95785,1392776,11001654,1.0257,false,26,true,true,true,true,true,false,false,"0:[0, 1, 2, 3, 4, 5, 6, 7, 8, 9, 10, 11, 12, 13, 14, 15, 16, 17, 18, 19, 20, 21, 22, 23, 24, 25], 1:[], 2:[], 3:[], 4:[], 5:[], 6:[], 7:[], 8:[], 9:[], 10:[], 11:[], 12:[], 13:[], 14:[], 15:[], 16:[], 17:[], 18:[], 19:[], 20:[], 21:[], 22:[], 23:[], 24:[], 25:[]",202325768,236011440
647,5,86.8446,97562,1418886,11208820,1.0661,false,27,true,true,true,true,true,false,false,"0:[0, 1, 2, 3, 4, 5, 6, 7, 8, 9, 10, 11, 12, 13, 14, 15, 16, 17, 18, 19, 20, 21, 22, 23, 24, 25, 26], 1:[], 2:[], 3:[], 4:[], 5:[], 6:[], 7:[], 8:[], 9:[], 10:[], 11:[], 12:[], 13:[], 14:[], 15:[], 16:[], 17:[], 18:[], 19:[], 20:[], 21:[], 22:[], 23:[], 24:[], 25:[], 26:[]",204457216,239108606
653,2,81.1424,100268,1458843,11526625,1.0860,false,28,true,true,true,true,true,false,false,"0:[0, 1, 2, 3, 4, 5, 6, 7, 8, 9, 10, 11, 12, 13, 14, 15, 16, 17, 18, 19, 20, 21, 22, 23, 24, 25, 26, 27], 1:[], 2:[], 3:[], 4:[], 5:[], 6:[], 7:[], 8:[], 9:[], 10:[], 11:[], 12:[], 13:[], 14:[], 15:[], 16:[], 17:[], 18:[], 19:[], 20:[], 21:[], 22:[], 23:[], 24:[], 25:[], 26:[], 27:[]",207718720,243854407
659,2,81.3773,103024,1499135,11845334,1.1082,false,28,true,true,true,true,true,false,false,"0:[0, 1, 2, 3, 4, 5, 6, 7, 8, 9, 10, 11, 12, 13, 14, 15, 16, 17, 18, 19, 20, 21, 22, 23, 24, 25, 26, 27], 1:[], 2:[], 3:[], 4:[], 5:[], 6:[], 7:[], 8:[], 9:[], 10:[], 11:[], 12:[], 13:[], 14:[], 15:[], 16:[], 17:[], 18:[], 19:[], 20:[], 21:[], 22:[], 23:[], 24:[], 25:[], 26:[], 27:[]",211008224,248628251
661,2,85.2820,103953,1513015,11956489,1.1167,false,27,true,true,true,true,true,false,false,"0:[0, 1, 2, 3, 4, 5, 6, 7, 8, 9, 10, 11, 12, 13, 14, 15, 16, 17, 18, 19, 20, 21, 22, 23, 24, 25, 26], 1:[], 2:[], 3:[], 4:[], 5:[], 6:[], 7:[], 8:[], 9:[], 10:[], 11:[], 12:[], 13:[], 14:[], 15:[], 16:[], 17:[], 18:[], 19:[], 20:[], 21:[], 22:[], 23:[], 24:[], 25:[], 26:[]",212140920,250280587
673,5,106.0425,109648,1596748,12620852,1.1930,false,28,true,true,true,true,true,false,false,"0:[0, 1, 2, 3, 4, 5, 6, 7, 8, 9, 10, 11, 12, 13, 14, 15, 16, 17, 18, 19, 20, 21, 22, 23, 24, 25, 26, 27], 1:[], 2:[], 3:[], 4:[], 5:[], 6:[], 7:[], 8:[], 9:[], 10:[], 11:[], 12:[], 13:[], 14:[], 15:[], 16:[], 17:[], 18:[], 19:[], 20:[], 21:[], 22:[], 23:[], 24:[], 25:[], 26:[], 27:[]",218976240,260213644
677,2,90.9166,111592,1625320,12847504,1.2094,false,29,true,true,true,true,true,false,false,"0:[0, 1, 2, 3, 4, 5, 6, 7, 8, 9, 10, 11, 12, 13, 14, 15, 16, 17, 18, 19, 20, 21, 22, 23, 24, 25, 26, 27, 28], 1:[], 2:[], 3:[], 4:[], 5:[], 6:[], 7:[], 8:[], 9:[], 10:[], 11:[], 12:[], 13:[], 14:[], 15:[], 16:[], 17:[], 18:[], 19:[], 20:[], 21:[], 22:[], 23:[], 24:[], 25:[], 26:[], 27:[], 28:[]",221308656,263602968
683,2,105.8064,114550,1668692,13191274,1.2554,false,28,true,true,true,true,true,false,false,"0:[0, 1, 2, 3, 4, 5, 6, 7, 8, 9, 10, 11, 12, 13, 14, 15, 16, 17, 18, 19, 20, 21, 22, 23, 24, 25, 26, 27], 1:[], 2:[], 3:[], 4:[], 5:[], 6:[], 7:[], 8:[], 9:[], 10:[], 11:[], 12:[], 13:[], 14:[], 15:[], 16:[], 17:[], 18:[], 19:[], 20:[], 21:[], 22:[], 23:[], 24:[], 25:[], 26:[], 27:[]",224849408,268743044
691,2,93.9136,118575,1727893,13661033,1.3188,false,29,true,true,true,true,true,false,false,"0:[0, 1, 2, 3, 4, 5, 6, 7, 8, 9, 10, 11, 12, 13, 14, 15, 16, 17, 18, 19, 20, 21, 22, 23, 24, 25, 26, 27, 28], 1:[], 2:[], 3:[], 4:[], 5:[], 6:[], 7:[], 8:[], 9:[], 10:[], 11:[], 12:[], 13:[], 14:[], 15:[], 16:[], 17:[], 18:[], 19:[], 20:[], 21:[], 22:[], 23:[], 24:[], 25:[], 26:[], 27:[], 28:[]",233352104,279435665
701,2,105.6101,123738,1804048,14266325,1.3681,false,29,true,true,true,true,true,false,false,"0:[0, 1, 2, 3, 4, 5, 6, 7, 8, 9, 10, 11, 12, 13, 14, 15, 16, 17, 18, 19, 20, 21, 22, 23, 24, 25, 26, 27, 28], 1:[], 2:[], 3:[], 4:[], 5:[], 6:[], 7:[], 8:[], 9:[], 10:[], 11:[], 12:[], 13:[], 14:[], 15:[], 16:[], 17:[], 18:[], 19:[], 20:[], 21:[], 22:[], 23:[], 24:[], 25:[], 26:[], 27:[], 28:[]",312968736,288475088
709,2,104.6755,127975,1866424,14761642,1.4046,false,29,true,true,true,true,true,false,false,"0:[0, 1, 2, 3, 4, 5, 6, 7, 8, 9, 10, 11, 12, 13, 14, 15, 16, 17, 18, 19, 20, 21, 22, 23, 24, 25, 26, 27, 28], 1:[], 2:[], 3:[], 4:[], 5:[], 6:[], 7:[], 8:[], 9:[], 10:[], 11:[], 12:[], 13:[], 14:[], 15:[], 16:[], 17:[], 18:[], 19:[], 20:[], 21:[], 22:[], 23:[], 24:[], 25:[], 26:[], 27:[], 28:[]",318060504,295874640
719,11,137.2341,133405,1946130,15393401,1.5041,false,29,true,true,true,true,true,false,false,"0:[0, 1, 2, 3, 4, 5, 6, 7, 8, 9, 10, 11, 12, 13, 14, 15, 16, 17, 18, 19, 20, 21, 22, 23, 24, 25, 26, 27, 28], 1:[], 2:[], 3:[], 4:[], 5:[], 6:[], 7:[], 8:[], 9:[], 10:[], 11:[], 12:[], 13:[], 14:[], 15:[], 16:[], 17:[], 18:[], 19:[], 20:[], 21:[], 22:[], 23:[], 24:[], 25:[], 26:[], 27:[], 28:[]",324567304,305323202
727,3,122.5201,137857,2011727,15914386,1.5838,false,31,true,true,true,true,true,false,false,"0:[0, 1, 2, 3, 4, 5, 6, 7, 8, 9, 10, 11, 12, 13, 14, 15, 16, 17, 18, 19, 20, 21, 22, 23, 24, 25, 26, 27, 28, 29, 30], 1:[], 2:[], 3:[], 4:[], 5:[], 6:[], 7:[], 8:[], 9:[], 10:[], 11:[], 12:[], 13:[], 14:[], 15:[], 16:[], 17:[], 18:[], 19:[], 20:[], 21:[], 22:[], 23:[], 24:[], 25:[], 26:[], 27:[], 28:[], 29:[], 30:[]",329921912,313105507
733,2,120.4593,141261,2062069,16315067,1.6272,false,31,true,true,true,true,true,false,false,"0:[0, 1, 2, 3, 4, 5, 6, 7, 8, 9, 10, 11, 12, 13, 14, 15, 16, 17, 18, 19, 20, 21, 22, 23, 24, 25, 26, 27, 28, 29, 30], 1:[], 2:[], 3:[], 4:[], 5:[], 6:[], 7:[], 8:[], 9:[], 10:[], 11:[], 12:[], 13:[], 14:[], 15:[], 16:[], 17:[], 18:[], 19:[], 20:[], 21:[], 22:[], 23:[], 24:[], 25:[], 26:[], 27:[], 28:[], 29:[], 30:[]",334030968,319083137
739,2,136.4930,144721,2112854,16717625,1.6535,false,31,true,true,true,true,true,false,false,"0:[0, 1, 2, 3, 4, 5, 6, 7, 8, 9, 10, 11, 12, 13, 14, 15, 16, 17, 18, 19, 20, 21, 22, 23, 24, 25, 26, 27, 28, 29, 30], 1:[], 2:[], 3:[], 4:[], 5:[], 6:[], 7:[], 8:[], 9:[], 10:[], 11:[], 12:[], 13:[], 14:[], 15:[], 16:[], 17:[], 18:[], 19:[], 20:[], 21:[], 22:[], 23:[], 24:[], 25:[], 26:[], 27:[], 28:[], 29:[], 30:[]",349711144,358656342
743,5,129.9447,147058,2147275,16990901,1.7048,false,31,true,true,true,true,true,false,false,"0:[0, 1, 2, 3, 4, 5, 6, 7, 8, 9, 10, 11, 12, 13, 14, 15, 16, 17, 18, 19, 20, 21, 22, 23, 24, 25, 26, 27, 28, 29, 30], 1:[], 2:[], 3:[], 4:[], 5:[], 6:[], 7:[], 8:[], 9:[], 10:[], 11:[], 12:[], 13:[], 14:[], 15:[], 16:[], 17:[], 18:[], 19:[], 20:[], 21:[], 22:[], 23:[], 24:[], 25:[], 26:[], 27:[], 28:[], 29:[], 30:[]",352520912,362739367
751,3,139.0081,151808,2217296,17547199,1.9927,false,31,true,true,true,true,true,false,false,"0:[0, 1, 2, 3, 4, 5, 6, 7, 8, 9, 10, 11, 12, 13, 14, 15, 16, 17, 18, 19, 20, 21, 22, 23, 24, 25, 26, 27, 28, 29, 30], 1:[], 2:[], 3:[], 4:[], 5:[], 6:[], 7:[], 8:[], 9:[], 10:[], 11:[], 12:[], 13:[], 14:[], 15:[], 16:[], 17:[], 18:[], 19:[], 20:[], 21:[], 22:[], 23:[], 24:[], 25:[], 26:[], 27:[], 28:[], 29:[], 30:[]",358236592,371045856
757,2,134.7469,155437,2270955,17974108,1.8203,false,32,true,true,true,true,true,false,false,"0:[0, 1, 2, 3, 4, 5, 6, 7, 8, 9, 10, 11, 12, 13, 14, 15, 16, 17, 18, 19, 20, 21, 22, 23, 24, 25, 26, 27, 28, 29, 30, 31], 1:[], 2:[], 3:[], 4:[], 5:[], 6:[], 7:[], 8:[], 9:[], 10:[], 11:[], 12:[], 13:[], 14:[], 15:[], 16:[], 17:[], 18:[], 19:[], 20:[], 21:[], 22:[], 23:[], 24:[], 25:[], 26:[], 27:[], 28:[], 29:[], 30:[], 31:[]",362616408,377416751
761,3,173.7363,157888,2307042,18260512,1.8562,false,32,true,true,true,true,true,false,false,"0:[0, 1, 2, 3, 4, 5, 6, 7, 8, 9, 10, 11, 12, 13, 14, 15, 16, 17, 18, 19, 20, 21, 22, 23, 24, 25, 26, 27, 28, 29, 30, 31], 1:[], 2:[], 3:[], 4:[], 5:[], 6:[], 7:[], 8:[], 9:[], 10:[], 11:[], 12:[], 13:[], 14:[], 15:[], 16:[], 17:[], 18:[], 19:[], 20:[], 21:[], 22:[], 23:[], 24:[], 25:[], 26:[], 27:[], 28:[], 29:[], 30:[], 31:[]",365562192,381697018
769,7,174.7998,162868,2380461,18843821,1.9015,false,33,true,true,true,true,true,false,false,"0:[0, 1, 2, 3, 4, 5, 6, 7, 8, 9, 10, 11, 12, 13, 14, 15, 16, 17, 18, 19, 20, 21, 22, 23, 24, 25, 26, 27, 28, 29, 30, 31, 32], 1:[], 2:[], 3:[], 4:[], 5:[], 6:[], 7:[], 8:[], 9:[], 10:[], 11:[], 12:[], 13:[], 14:[], 15:[], 16:[], 17:[], 18:[], 19:[], 20:[], 21:[], 22:[], 23:[], 24:[], 25:[], 26:[], 27:[], 28:[], 29:[], 30:[], 31:[], 32:[]",371555232,390407297
773,2,134.4358,165396,2417792,19140750,2.0881,false,33,true,true,true,true,true,false,false,"0:[0, 1, 2, 3, 4, 5, 6, 7, 8, 9, 10, 11, 12, 13, 14, 15, 16, 17, 18, 19, 20, 21, 22, 23, 24, 25, 26, 27, 28, 29, 30, 31, 32], 1:[], 2:[], 3:[], 4:[], 5:[], 6:[], 7:[], 8:[], 9:[], 10:[], 11:[], 12:[], 13:[], 14:[], 15:[], 16:[], 17:[], 18:[], 19:[], 20:[], 21:[], 22:[], 23:[], 24:[], 25:[], 26:[], 27:[], 28:[], 29:[], 30:[], 31:[], 32:[]",374602384,428390768
787,2,162.7083,174451,2551133,20199410,2.0673,false,32,true,true,true,true,true,false,false,"0:[0, 1, 2, 3, 4, 5, 6, 7, 8, 9, 10, 11, 12, 13, 14, 15, 16, 17, 18, 19, 20, 21, 22, 23, 24, 25, 26, 27, 28, 29, 30, 31], 1:[], 2:[], 3:[], 4:[], 5:[], 6:[], 7:[], 8:[], 9:[], 10:[], 11:[], 12:[], 13:[], 14:[], 15:[], 16:[], 17:[], 18:[], 19:[], 20:[], 21:[], 22:[], 23:[], 24:[], 25:[], 26:[], 27:[], 28:[], 29:[], 30:[], 31:[]",385486984,444201433
797,2,174.7093,181118,2649670,20983155,2.1907,false,34,true,true,true,true,true,false,false,"0:[0, 1, 2, 3, 4, 5, 6, 7, 8, 9, 10, 11, 12, 13, 14, 15, 16, 17, 18, 19, 20, 21, 22, 23, 24, 25, 26, 27, 28, 29, 30, 31, 32, 33], 1:[], 2:[], 3:[], 4:[], 5:[], 6:[], 7:[], 8:[], 9:[], 10:[], 11:[], 12:[], 13:[], 14:[], 15:[], 16:[], 17:[], 18:[], 19:[], 20:[], 21:[], 22:[], 23:[], 24:[], 25:[], 26:[], 27:[], 28:[], 29:[], 30:[], 31:[], 32:[], 33:[]",393529952,455897278
809,3,183.6543,189340,2770934,21946542,2.2832,false,34,true,true,true,true,true,false,false,"0:[0, 1, 2, 3, 4, 5, 6, 7, 8, 9, 10, 11, 12, 13, 14, 15, 16, 17, 18, 19, 20, 21, 22, 23, 24, 25, 26, 27, 28, 29, 30, 31, 32, 33], 1:[], 2:[], 3:[], 4:[], 5:[], 6:[], 7:[], 8:[], 9:[], 10:[], 11:[], 12:[], 13:[], 14:[], 15:[], 16:[], 17:[], 18:[], 19:[], 20:[], 21:[], 22:[], 23:[], 24:[], 25:[], 26:[], 27:[], 28:[], 29:[], 30:[], 31:[], 32:[], 33:[]",403428400,470281566
811,2,152.0873,190733,2791333,22108084,2.2660,false,34,true,true,true,true,true,false,false,"0:[0, 1, 2, 3, 4, 5, 6, 7, 8, 9, 10, 11, 12, 13, 14, 15, 16, 17, 18, 19, 20, 21, 22, 23, 24, 25, 26, 27, 28, 29, 30, 31, 32, 33], 1:[], 2:[], 3:[], 4:[], 5:[], 6:[], 7:[], 8:[], 9:[], 10:[], 11:[], 12:[], 13:[], 14:[], 15:[], 16:[], 17:[], 18:[], 19:[], 20:[], 21:[], 22:[], 23:[], 24:[], 25:[], 26:[], 27:[], 28:[], 29:[], 30:[], 31:[], 32:[], 33:[]",405093752,472695505
821,2,162.1685,197806,2895906,22939936,2.4342,false,34,true,true,true,true,true,false,false,"0:[0, 1, 2, 3, 4, 5, 6, 7, 8, 9, 10, 11, 12, 13, 14, 15, 16, 17, 18, 19, 20, 21, 22, 23, 24, 25, 26, 27, 28, 29, 30, 31, 32, 33], 1:[], 2:[], 3:[], 4:[], 5:[], 6:[], 7:[], 8:[], 9:[], 10:[], 11:[], 12:[], 13:[], 14:[], 15:[], 16:[], 17:[], 18:[], 19:[], 20:[], 21:[], 22:[], 23:[], 24:[], 25:[], 26:[], 27:[], 28:[], 29:[], 30:[], 31:[], 32:[], 33:[]",413629344,485106506
823,3,177.2511,199241,2916886,23105871,2.3892,false,35,true,true,true,true,true,false,false,"0:[0, 1, 2, 3, 4, 5, 6, 7, 8, 9, 10, 11, 12, 13, 14, 15, 16, 17, 18, 19, 20, 21, 22, 23, 24, 25, 26, 27, 28, 29, 30, 31, 32, 33, 34], 1:[], 2:[], 3:[], 4:[], 5:[], 6:[], 7:[], 8:[], 9:[], 10:[], 11:[], 12:[], 13:[], 14:[], 15:[], 16:[], 17:[], 18:[], 19:[], 20:[], 21:[], 22:[], 23:[], 24:[], 25:[], 26:[], 27:[], 28:[], 29:[], 30:[], 31:[], 32:[], 33:[], 34:[]",415342184,487589110
827,2,163.2208,202132,2959550,23444915,2.7313,false,34,true,true,true,true,true,false,false,"0:[0, 1, 2, 3, 4, 5, 6, 7, 8, 9, 10, 11, 12, 13, 14, 15, 16, 17, 18, 19, 20, 21, 22, 23, 24, 25, 26, 27, 28, 29, 30, 31, 32, 33], 1:[], 2:[], 3:[], 4:[], 5:[], 6:[], 7:[], 8:[], 9:[], 10:[], 11:[], 12:[], 13:[], 14:[], 15:[], 16:[], 17:[], 18:[], 19:[], 20:[], 21:[], 22:[], 23:[], 24:[], 25:[], 26:[], 27:[], 28:[], 29:[], 30:[], 31:[], 32:[], 33:[]",418824688,492649894
829,2,174.2635,203589,2981252,23618224,2.5255,false,34,true,true,true,true,true,false,false,"0:[0, 1, 2, 3, 4, 5, 6, 7, 8, 9, 10, 11, 12, 13, 14, 15, 16, 17, 18, 19, 20, 21, 22, 23, 24, 25, 26, 27, 28, 29, 30, 31, 32, 33], 1:[], 2:[], 3:[], 4:[], 5:[], 6:[], 7:[], 8:[], 9:[], 10:[], 11:[], 12:[], 13:[], 14:[], 15:[], 16:[], 17:[], 18:[], 19:[], 20:[], 21:[], 22:[], 23:[], 24:[], 25:[], 26:[], 27:[], 28:[], 29:[], 30:[], 31:[], 32:[], 33:[]",420595816,495230428
839,11,194.5343,210974,3090027,24481787,2.6152,false,34,true,true,true,true,true,false,false,"0:[0, 1, 2, 3, 4, 5, 6, 7, 8, 9, 10, 11, 12, 13, 14, 15, 16, 17, 18, 19, 20, 21, 22, 23, 24, 25, 26, 27, 28, 29, 30, 31, 32, 33], 1:[], 2:[], 3:[], 4:[], 5:[], 6:[], 7:[], 8:[], 9:[], 10:[], 11:[], 12:[], 13:[], 14:[], 15:[], 16:[], 17:[], 18:[], 19:[], 20:[], 21:[], 22:[], 23:[], 24:[], 25:[], 26:[], 27:[], 28:[], 29:[], 30:[], 31:[], 32:[], 33:[]",429475056,508126599
853,2,212.4073,221609,3247342,25733558,2.6807,false,36,true,true,true,true,true,false,false,"0:[0, 1, 2, 3, 4, 5, 6, 7, 8, 9, 10, 11, 12, 13, 14, 15, 16, 17, 18, 19, 20, 21, 22, 23, 24, 25, 26, 27, 28, 29, 30, 31, 32, 33, 34, 35], 1:[], 2:[], 3:[], 4:[], 5:[], 6:[], 7:[], 8:[], 9:[], 10:[], 11:[], 12:[], 13:[], 14:[], 15:[], 16:[], 17:[], 18:[], 19:[], 20:[], 21:[], 22:[], 23:[], 24:[], 25:[], 26:[], 27:[], 28:[], 29:[], 30:[], 31:[], 32:[], 33:[], 34:[], 35:[]",442315496,526795086
857,3,247.0014,224712,3293160,26097711,2.7431,false,35,true,true,true,true,true,false,false,"0:[0, 1, 2, 3, 4, 5, 6, 7, 8, 9, 10, 11, 12, 13, 14, 15, 16, 17, 18, 19, 20, 21, 22, 23, 24, 25, 26, 27, 28, 29, 30, 31, 32, 33, 34], 1:[], 2:[], 3:[], 4:[], 5:[], 6:[], 7:[], 8:[], 9:[], 10:[], 11:[], 12:[], 13:[], 14:[], 15:[], 16:[], 17:[], 18:[], 19:[], 20:[], 21:[], 22:[], 23:[], 24:[], 25:[], 26:[], 27:[], 28:[], 29:[], 30:[], 31:[], 32:[], 33:[], 34:[]",446055408,532229976
859,2,217.2052,226275,3316015,26278458,2.8532,false,36,true,true,true,true,true,false,false,"0:[0, 1, 2, 3, 4, 5, 6, 7, 8, 9, 10, 11, 12, 13, 14, 15, 16, 17, 18, 19, 20, 21, 22, 23, 24, 25, 26, 27, 28, 29, 30, 31, 32, 33, 34, 35], 1:[], 2:[], 3:[], 4:[], 5:[], 6:[], 7:[], 8:[], 9:[], 10:[], 11:[], 12:[], 13:[], 14:[], 15:[], 16:[], 17:[], 18:[], 19:[], 20:[], 21:[], 22:[], 23:[], 24:[], 25:[], 26:[], 27:[], 28:[], 29:[], 30:[], 31:[], 32:[], 33:[], 34:[], 35:[]",447921320,534934323
863,5,239.5670,229421,3362474,26647758,2.8696,false,36,true,true,true,true,true,false,false,"0:[0, 1, 2, 3, 4, 5, 6, 7, 8, 9, 10, 11, 12, 13, 14, 15, 16, 17, 18, 19, 20, 21, 22, 23, 24, 25, 26, 27, 28, 29, 30, 31, 32, 33, 34, 35], 1:[], 2:[], 3:[], 4:[], 5:[], 6:[], 7:[], 8:[], 9:[], 10:[], 11:[], 12:[], 13:[], 14:[], 15:[], 16:[], 17:[], 18:[], 19:[], 20:[], 21:[], 22:[], 23:[], 24:[], 25:[], 26:[], 27:[], 28:[], 29:[], 30:[], 31:[], 32:[], 33:[], 34:[], 35:[]",459053576,547785626
877,2,207.6922,240663,3528814,27971497,3.2827,false,37,true,true,true,true,true,false,false,"0:[0, 1, 2, 3, 4, 5, 6, 7, 8, 9, 10, 11, 12, 13, 14, 15, 16, 17, 18, 19, 20, 21, 22, 23, 24, 25, 26, 27, 28, 29, 30, 31, 32, 33, 34, 35, 36], 1:[], 2:[], 3:[], 4:[], 5:[], 6:[], 7:[], 8:[], 9:[], 10:[], 11:[], 12:[], 13:[], 14:[], 15:[], 16:[], 17:[], 18:[], 19:[], 20:[], 21:[], 22:[], 23:[], 24:[], 25:[], 26:[], 27:[], 28:[], 29:[], 30:[], 31:[], 32:[], 33:[], 34:[], 35:[], 36:[]",472630584,567524286
881,3,240.0866,243941,3577211,28356076,3.1172,false,37,true,true,true,true,true,false,false,"0:[0, 1, 2, 3, 4, 5, 6, 7, 8, 9, 10, 11, 12, 13, 14, 15, 16, 17, 18, 19, 20, 21, 22, 23, 24, 25, 26, 27, 28, 29, 30, 31, 32, 33, 34, 35, 36], 1:[], 2:[], 3:[], 4:[], 5:[], 6:[], 7:[], 8:[], 9:[], 10:[], 11:[], 12:[], 13:[], 14:[], 15:[], 16:[], 17:[], 18:[], 19:[], 20:[], 21:[], 22:[], 23:[], 24:[], 25:[], 26:[], 27:[], 28:[], 29:[], 30:[], 31:[], 32:[], 33:[], 34:[], 35:[], 36:[]",476581016,573264639
883,2,238.7671,245591,3601396,28547628,3.5072,false,36,true,true,true,true,true,false,false,"0:[0, 1, 2, 3, 4, 5, 6, 7, 8, 9, 10, 11, 12, 13, 14, 15, 16, 17, 18, 19, 20, 21, 22, 23, 24, 25, 26, 27, 28, 29, 30, 31, 32, 33, 34, 35], 1:[], 2:[], 3:[], 4:[], 5:[], 6:[], 7:[], 8:[], 9:[], 10:[], 11:[], 12:[], 13:[], 14:[], 15:[], 16:[], 17:[], 18:[], 19:[], 20:[], 21:[], 22:[], 23:[], 24:[], 25:[], 26:[], 27:[], 28:[], 29:[], 30:[], 31:[], 32:[], 33:[], 34:[], 35:[]",625356056,576127068
887,5,261.8987,248914,3650446,28937361,3.2172,false,37,true,true,true,true,true,false,false,"0:[0, 1, 2, 3, 4, 5, 6, 7, 8, 9, 10, 11, 12, 13, 14, 15, 16, 17, 18, 19, 20, 21, 22, 23, 24, 25, 26, 27, 28, 29, 30, 31, 32, 33, 34, 35, 36], 1:[], 2:[], 3:[], 4:[], 5:[], 6:[], 7:[], 8:[], 9:[], 10:[], 11:[], 12:[], 13:[], 14:[], 15:[], 16:[], 17:[], 18:[], 19:[], 20:[], 21:[], 22:[], 23:[], 24:[], 25:[], 26:[], 27:[], 28:[], 29:[], 30:[], 31:[], 32:[], 33:[], 34:[], 35:[], 36:[]",629359808,581944742
907,2,214.5089,265977,3902699,30943791,3.4486,false,37,true,true,true,true,true,false,false,"0:[0, 1, 2, 3, 4, 5, 6, 7, 8, 9, 10, 11, 12, 13, 14, 15, 16, 17, 18, 19, 20, 21, 22, 23, 24, 25, 26, 27, 28, 29, 30, 31, 32, 33, 34, 35, 36], 1:[], 2:[], 3:[], 4:[], 5:[], 6:[], 7:[], 8:[], 9:[], 10:[], 11:[], 12:[], 13:[], 14:[], 15:[], 16:[], 17:[], 18:[], 19:[], 20:[], 21:[], 22:[], 23:[], 24:[], 25:[], 26:[], 27:[], 28:[], 29:[], 30:[], 31:[], 32:[], 33:[], 34:[], 35:[], 36:[]",649949560,611868143
911,7,282.0727,269481,3954464,31355315,3.4237,false,37,true,true,true,true,true,false,false,"0:[0, 1, 2, 3, 4, 5, 6, 7, 8, 9, 10, 11, 12, 13, 14, 15, 16, 17, 18, 19, 20, 21, 22, 23, 24, 25, 26, 27, 28, 29, 30, 31, 32, 33, 34, 35, 36], 1:[], 2:[], 3:[], 4:[], 5:[], 6:[], 7:[], 8:[], 9:[], 10:[], 11:[], 12:[], 13:[], 14:[], 15:[], 16:[], 17:[], 18:[], 19:[], 20:[], 21:[], 22:[], 23:[], 24:[], 25:[], 26:[], 27:[], 28:[], 29:[], 30:[], 31:[], 32:[], 33:[], 34:[], 35:[], 36:[]",654174856,618008264
919,3,288.8236,276581,4059416,32189931,3.5347,false,38,true,true,true,true,true,false,false,"0:[0, 1, 2, 3, 4, 5, 6, 7, 8, 9, 10, 11, 12, 13, 14, 15, 16, 17, 18, 19, 20, 21, 22, 23, 24, 25, 26, 27, 28, 29, 30, 31, 32, 33, 34, 35, 36, 37], 1:[], 2:[], 3:[], 4:[], 5:[], 6:[], 7:[], 8:[], 9:[], 10:[], 11:[], 12:[], 13:[], 14:[], 15:[], 16:[], 17:[], 18:[], 19:[], 20:[], 21:[], 22:[], 23:[], 24:[], 25:[], 26:[], 27:[], 28:[], 29:[], 30:[], 31:[], 32:[], 33:[], 34:[], 35:[], 36:[], 37:[]",662741416,630457984
929,3,319.2650,285629,4193405,33256435,3.5808,false,39,true,true,true,true,true,false,false,"0:[0, 1, 2, 3, 4, 5, 6, 7, 8, 9, 10, 11, 12, 13, 14, 15, 16, 17, 18, 19, 20, 21, 22, 23, 24, 25, 26, 27, 28, 29, 30, 31, 32, 33, 34, 35, 36, 37, 38], 1:[], 2:[], 3:[], 4:[], 5:[], 6:[], 7:[], 8:[], 9:[], 10:[], 11:[], 12:[], 13:[], 14:[], 15:[], 16:[], 17:[], 18:[], 19:[], 20:[], 21:[], 22:[], 23:[], 24:[], 25:[], 26:[], 27:[], 28:[], 29:[], 30:[], 31:[], 32:[], 33:[], 34:[], 35:[], 36:[], 37:[], 38:[]",673677688,646358345
937,5,337.6412,293007,4302520,34124345,3.8240,false,39,true,true,true,true,true,false,false,"0:[0, 1, 2, 3, 4, 5, 6, 7, 8, 9, 10, 11, 12, 13, 14, 15, 16, 17, 18, 19, 20, 21, 22, 23, 24, 25, 26, 27, 28, 29, 30, 31, 32, 33, 34, 35, 36, 37, 38], 1:[], 2:[], 3:[], 4:[], 5:[], 6:[], 7:[], 8:[], 9:[], 10:[], 11:[], 12:[], 13:[], 14:[], 15:[], 16:[], 17:[], 18:[], 19:[], 20:[], 21:[], 22:[], 23:[], 24:[], 25:[], 26:[], 27:[], 28:[], 29:[], 30:[], 31:[], 32:[], 33:[], 34:[], 35:[], 36:[], 37:[], 38:[]",705652632,726411024
941,2,256.6897,296744,4357802,34564207,3.8528,false,39,true,true,true,true,true,false,false,"0:[0, 1, 2, 3, 4, 5, 6, 7, 8, 9, 10, 11, 12, 13, 14, 15, 16, 17, 18, 19, 20, 21, 22, 23, 24, 25, 26, 27, 28, 29, 30, 31, 32, 33, 34, 35, 36, 37, 38], 1:[], 2:[], 3:[], 4:[], 5:[], 6:[], 7:[], 8:[], 9:[], 10:[], 11:[], 12:[], 13:[], 14:[], 15:[], 16:[], 17:[], 18:[], 19:[], 20:[], 21:[], 22:[], 23:[], 24:[], 25:[], 26:[], 27:[], 28:[], 29:[], 30:[], 31:[], 32:[], 33:[], 34:[], 35:[], 36:[], 37:[], 38:[]",710164880,732968450
947,2,246.3590,302408,4441375,35228282,4.0085,false,39,true,true,true,true,true,false,false,"0:[0, 1, 2, 3, 4, 5, 6, 7, 8, 9, 10, 11, 12, 13, 14, 15, 16, 17, 18, 19, 20, 21, 22, 23, 24, 25, 26, 27, 28, 29, 30, 31, 32, 33, 34, 35, 36, 37, 38], 1:[], 2:[], 3:[], 4:[], 5:[], 6:[], 7:[], 8:[], 9:[], 10:[], 11:[], 12:[], 13:[], 14:[], 15:[], 16:[], 17:[], 18:[], 19:[], 20:[], 21:[], 22:[], 23:[], 24:[], 25:[], 26:[], 27:[], 28:[], 29:[], 30:[], 31:[], 32:[], 33:[], 34:[], 35:[], 36:[], 37:[], 38:[]",716986656,742875291
953,3,340.2978,308144,4526465,35906168,4.0870,false,39,true,true,true,true,true,false,false,"0:[0, 1, 2, 3, 4, 5, 6, 7, 8, 9, 10, 11, 12, 13, 14, 15, 16, 17, 18, 19, 20, 21, 22, 23, 24, 25, 26, 27, 28, 29, 30, 31, 32, 33, 34, 35, 36, 37, 38], 1:[], 2:[], 3:[], 4:[], 5:[], 6:[], 7:[], 8:[], 9:[], 10:[], 11:[], 12:[], 13:[], 14:[], 15:[], 16:[], 17:[], 18:[], 19:[], 20:[], 21:[], 22:[], 23:[], 24:[], 25:[], 26:[], 27:[], 28:[], 29:[], 30:[], 31:[], 32:[], 33:[], 34:[], 35:[], 36:[], 37:[], 38:[]",723931520,752976037
967,3,289.0351,321809,4728380,37511506,4.2749,false,41,true,true,true,true,true,false,false,"0:[0, 1, 2, 3, 4, 5, 6, 7, 8, 9, 10, 11, 12, 13, 14, 15, 16, 17, 18, 19, 20, 21, 22, 23, 24, 25, 26, 27, 28, 29, 30, 31, 32, 33, 34, 35, 36, 37, 38, 39, 40], 1:[], 2:[], 3:[], 4:[], 5:[], 6:[], 7:[], 8:[], 9:[], 10:[], 11:[], 12:[], 13:[], 14:[], 15:[], 16:[], 17:[], 18:[], 19:[], 20:[], 21:[], 22:[], 23:[], 24:[], 25:[], 26:[], 27:[], 28:[], 29:[], 30:[], 31:[], 32:[], 33:[], 34:[], 35:[], 36:[], 37:[], 38:[], 39:[], 40:[]",740412680,776920148
971,2,315.3893,325786,4787161,37978769,4.2612,false,41,true,true,true,true,true,false,false,"0:[0, 1, 2, 3, 4, 5, 6, 7, 8, 9, 10, 11, 12, 13, 14, 15, 16, 17, 18, 19, 20, 21, 22, 23, 24, 25, 26, 27, 28, 29, 30, 31, 32, 33, 34, 35, 36, 37, 38, 39, 40], 1:[], 2:[], 3:[], 4:[], 5:[], 6:[], 7:[], 8:[], 9:[], 10:[], 11:[], 12:[], 13:[], 14:[], 15:[], 16:[], 17:[], 18:[], 19:[], 20:[], 21:[], 22:[], 23:[], 24:[], 25:[], 26:[], 27:[], 28:[], 29:[], 30:[], 31:[], 32:[], 33:[], 34:[], 35:[], 36:[], 37:[], 38:[], 39:[], 40:[]",745210608,783891533
977,3,377.2983,331813,4876650,38692152,4.4668,false,40,true,true,true,true,true,false,false,"0:[0, 1, 2, 3, 4, 5, 6, 7, 8, 9, 10, 11, 12, 13, 14, 15, 16, 17, 18, 19, 20, 21, 22, 23, 24, 25, 26, 27, 28, 29, 30, 31, 32, 33, 34, 35, 36, 37, 38, 39], 1:[], 2:[], 3:[], 4:[], 5:[], 6:[], 7:[], 8:[], 9:[], 10:[], 11:[], 12:[], 13:[], 14:[], 15:[], 16:[], 17:[], 18:[], 19:[], 20:[], 21:[], 22:[], 23:[], 24:[], 25:[], 26:[], 27:[], 28:[], 29:[], 30:[], 31:[], 32:[], 33:[], 34:[], 35:[], 36:[], 37:[], 38:[], 39:[]",752514376,861623962
983,5,357.6612,337914,4966627,39406680,4.5441,false,41,true,true,true,true,true,false,false,"0:[0, 1, 2, 3, 4, 5, 6, 7, 8, 9, 10, 11, 12, 13, 14, 15, 16, 17, 18, 19, 20, 21, 22, 23, 24, 25, 26, 27, 28, 29, 30, 31, 32, 33, 34, 35, 36, 37, 38, 39, 40], 1:[], 2:[], 3:[], 4:[], 5:[], 6:[], 7:[], 8:[], 9:[], 10:[], 11:[], 12:[], 13:[], 14:[], 15:[], 16:[], 17:[], 18:[], 19:[], 20:[], 21:[], 22:[], 23:[], 24:[], 25:[], 26:[], 27:[], 28:[], 29:[], 30:[], 31:[], 32:[], 33:[], 34:[], 35:[], 36:[], 37:[], 38:[], 39:[], 40:[]",759858960,872288895
991,3,362.1252,346164,5088752,40378529,4.5980,false,41,true,true,true,true,true,false,false,"0:[0, 1, 2, 3, 4, 5, 6, 7, 8, 9, 10, 11, 12, 13, 14, 15, 16, 17, 18, 19, 20, 21, 22, 23, 24, 25, 26, 27, 28, 29, 30, 31, 32, 33, 34, 35, 36, 37, 38, 39, 40], 1:[], 2:[], 3:[], 4:[], 5:[], 6:[], 7:[], 8:[], 9:[], 10:[], 11:[], 12:[], 13:[], 14:[], 15:[], 16:[], 17:[], 18:[], 19:[], 20:[], 21:[], 22:[], 23:[], 24:[], 25:[], 26:[], 27:[], 28:[], 29:[], 30:[], 31:[], 32:[], 33:[], 34:[], 35:[], 36:[], 37:[], 38:[], 39:[], 40:[]",769826960,886775712
997,2,304.9796,352439,5181881,41120638,4.6302,false,42,true,true,true,true,true,false,false,"0:[0, 1, 2, 3, 4, 5, 6, 7, 8, 9, 10, 11, 12, 13, 14, 15, 16, 17, 18, 19, 20, 21, 22, 23, 24, 25, 26, 27, 28, 29, 30, 31, 32, 33, 34, 35, 36, 37, 38, 39, 40, 41], 1:[], 2:[], 3:[], 4:[], 5:[], 6:[], 7:[], 8:[], 9:[], 10:[], 11:[], 12:[], 13:[], 14:[], 15:[], 16:[], 17:[], 18:[], 19:[], 20:[], 21:[], 22:[], 23:[], 24:[], 25:[], 26:[], 27:[], 28:[], 29:[], 30:[], 31:[], 32:[], 33:[], 34:[], 35:[], 36:[], 37:[], 38:[], 39:[], 40:[], 41:[]",777427880,897830149
1009,11,430.9862,365216,5370989,42625288,5.4554,false,43,true,true,true,true,true,false,false,"0:[0, 1, 2, 3, 4, 5, 6, 7, 8, 9, 10, 11, 12, 13, 14, 15, 16, 17, 18, 19, 20, 21, 22, 23, 24, 25, 26, 27, 28, 29, 30, 31, 32, 33, 34, 35, 36, 37, 38, 39, 40, 41, 42], 1:[], 2:[], 3:[], 4:[], 5:[], 6:[], 7:[], 8:[], 9:[], 10:[], 11:[], 12:[], 13:[], 14:[], 15:[], 16:[], 17:[], 18:[], 19:[], 20:[], 21:[], 22:[], 23:[], 24:[], 25:[], 26:[], 27:[], 28:[], 29:[], 30:[], 31:[], 32:[], 33:[], 34:[], 35:[], 36:[], 37:[], 38:[], 39:[], 40:[], 41:[], 42:[]",792863168,920261921
1013,2,323.5446,369542,5435065,43135394,5.0732,false,43,true,true,true,true,true,false,false,"0:[0, 1, 2, 3, 4, 5, 6, 7, 8, 9, 10, 11, 12, 13, 14, 15, 16, 17, 18, 19, 20, 21, 22, 23, 24, 25, 26, 27, 28, 29, 30, 31, 32, 33, 34, 35, 36, 37, 38, 39, 40, 41, 42], 1:[], 2:[], 3:[], 4:[], 5:[], 6:[], 7:[], 8:[], 9:[], 10:[], 11:[], 12:[], 13:[], 14:[], 15:[], 16:[], 17:[], 18:[], 19:[], 20:[], 21:[], 22:[], 23:[], 24:[], 25:[], 26:[], 27:[], 28:[], 29:[], 30:[], 31:[], 32:[], 33:[], 34:[], 35:[], 36:[], 37:[], 38:[], 39:[], 40:[], 41:[], 42:[]",798093072,927862925
1019,2,375.9168,376096,5531814,43904128,5.4015,false,43,true,true,true,true,true,false,false,"0:[0, 1, 2, 3, 4, 5, 6, 7, 8, 9, 10, 11, 12, 13, 14, 15, 16, 17, 18, 19, 20, 21, 22, 23, 24, 25, 26, 27, 28, 29, 30, 31, 32, 33, 34, 35, 36, 37, 38, 39, 40, 41, 42], 1:[], 2:[], 3:[], 4:[], 5:[], 6:[], 7:[], 8:[], 9:[], 10:[], 11:[], 12:[], 13:[], 14:[], 15:[], 16:[], 17:[], 18:[], 19:[], 20:[], 21:[], 22:[], 23:[], 24:[], 25:[], 26:[], 27:[], 28:[], 29:[], 30:[], 31:[], 32:[], 33:[], 34:[], 35:[], 36:[], 37:[], 38:[], 39:[], 40:[], 41:[], 42:[]",805990288,939331086
1021,2,379.7606,378297,5564667,44166630,5.1844,false,42,true,true,true,true,true,false,false,"0:[0, 1, 2, 3, 4, 5, 6, 7, 8, 9, 10, 11, 12, 13, 14, 15, 16, 17, 18, 19, 20, 21, 22, 23, 24, 25, 26, 27, 28, 29, 30, 31, 32, 33, 34, 35, 36, 37, 38, 39, 40, 41], 1:[], 2:[], 3:[], 4:[], 5:[], 6:[], 7:[], 8:[], 9:[], 10:[], 11:[], 12:[], 13:[], 14:[], 15:[], 16:[], 17:[], 18:[], 19:[], 20:[], 21:[], 22:[], 23:[], 24:[], 25:[], 26:[], 27:[], 28:[], 29:[], 30:[], 31:[], 32:[], 33:[], 34:[], 35:[], 36:[], 37:[], 38:[], 39:[], 40:[], 41:[]",808671352,943235903
1031,7,358.2969,389434,5729281,45475442,5.3881,false,42,true,true,true,true,true,false,false,"0:[0, 1, 2, 3, 4, 5, 6, 7, 8, 9, 10, 11, 12, 13, 14, 15, 16, 17, 18, 19, 20, 21, 22, 23, 24, 25, 26, 27, 28, 29, 30, 31, 32, 33, 34, 35, 36, 37, 38, 39, 40, 41], 1:[], 2:[], 3:[], 4:[], 5:[], 6:[], 7:[], 8:[], 9:[], 10:[], 11:[], 12:[], 13:[], 14:[], 15:[], 16:[], 17:[], 18:[], 19:[], 20:[], 21:[], 22:[], 23:[], 24:[], 25:[], 26:[], 27:[], 28:[], 29:[], 30:[], 31:[], 32:[], 33:[], 34:[], 35:[], 36:[], 37:[], 38:[], 39:[], 40:[], 41:[]",822107760,962753941
1033,5,385.2812,391687,5762970,45745012,5.3058,false,43,true,true,true,true,true,false,false,"0:[0, 1, 2, 3, 4, 5, 6, 7, 8, 9, 10, 11, 12, 13, 14, 15, 16, 17, 18, 19, 20, 21, 22, 23, 24, 25, 26, 27, 28, 29, 30, 31, 32, 33, 34, 35, 36, 37, 38, 39, 40, 41, 42], 1:[], 2:[], 3:[], 4:[], 5:[], 6:[], 7:[], 8:[], 9:[], 10:[], 11:[], 12:[], 13:[], 14:[], 15:[], 16:[], 17:[], 18:[], 19:[], 20:[], 21:[], 22:[], 23:[], 24:[], 25:[], 26:[], 27:[], 28:[], 29:[], 30:[], 31:[], 32:[], 33:[], 34:[], 35:[], 36:[], 37:[], 38:[], 39:[], 40:[], 41:[], 42:[]",824856952,966759002
1039,3,358.8184,398500,5863511,46543571,5.4410,false,43,true,true,true,true,true,false,false,"0:[0, 1, 2, 3, 4, 5, 6, 7, 8, 9, 10, 11, 12, 13, 14, 15, 16, 17, 18, 19, 20, 21, 22, 23, 24, 25, 26, 27, 28, 29, 30, 31, 32, 33, 34, 35, 36, 37, 38, 39, 40, 41, 42], 1:[], 2:[], 3:[], 4:[], 5:[], 6:[], 7:[], 8:[], 9:[], 10:[], 11:[], 12:[], 13:[], 14:[], 15:[], 16:[], 17:[], 18:[], 19:[], 20:[], 21:[], 22:[], 23:[], 24:[], 25:[], 26:[], 27:[], 28:[], 29:[], 30:[], 31:[], 32:[], 33:[], 34:[], 35:[], 36:[], 37:[], 38:[], 39:[], 40:[], 41:[], 42:[]",833063744,978676147
1049,3,401.8687,410028,6034504,47905587,5.6036,false,44,true,true,true,true,true,false,false,"0:[0, 1, 2, 3, 4, 5, 6, 7, 8, 9, 10, 11, 12, 13, 14, 15, 16, 17, 18, 19, 20, 21, 22, 23, 24, 25, 26, 27, 28, 29, 30, 31, 32, 33, 34, 35, 36, 37, 38, 39, 40, 41, 42, 43], 1:[], 2:[], 3:[], 4:[], 5:[], 6:[], 7:[], 8:[], 9:[], 10:[], 11:[], 12:[], 13:[], 14:[], 15:[], 16:[], 17:[], 18:[], 19:[], 20:[], 21:[], 22:[], 23:[], 24:[], 25:[], 26:[], 27:[], 28:[], 29:[], 30:[], 31:[], 32:[], 33:[], 34:[], 35:[], 36:[], 37:[], 38:[], 39:[], 40:[], 41:[], 42:[], 43:[]",847019856,998967160
1051,2,338.0785,412359,6068845,48178295,5.6986,false,44,true,true,true,true,true,false,false,"0:[0, 1, 2, 3, 4, 5, 6, 7, 8, 9, 10, 11, 12, 13, 14, 15, 16, 17, 18, 19, 20, 21, 22, 23, 24, 25, 26, 27, 28, 29, 30, 31, 32, 33, 34, 35, 36, 37, 38, 39, 40, 41, 42, 43], 1:[], 2:[], 3:[], 4:[], 5:[], 6:[], 7:[], 8:[], 9:[], 10:[], 11:[], 12:[], 13:[], 14:[], 15:[], 16:[], 17:[], 18:[], 19:[], 20:[], 21:[], 22:[], 23:[], 24:[], 25:[], 26:[], 27:[], 28:[], 29:[], 30:[], 31:[], 32:[], 33:[], 34:[], 35:[], 36:[], 37:[], 38:[], 39:[], 40:[], 41:[], 42:[], 43:[]",849823080,1003033545
1061,2,354.0031,424152,6243790,49571855,5.7981,false,44,true,true,true,true,true,false,false,"0:[0, 1, 2, 3, 4, 5, 6, 7, 8, 9, 10, 11, 12, 13, 14, 15, 16, 17, 18, 19, 20, 21, 22, 23, 24, 25, 26, 27, 28, 29, 30, 31, 32, 33, 34, 35, 36, 37, 38, 39, 40, 41, 42, 43], 1:[], 2:[], 3:[], 4:[], 5:[], 6:[], 7:[], 8:[], 9:[], 10:[], 11:[], 12:[], 13:[], 14:[], 15:[], 16:[], 17:[], 18:[], 19:[], 20:[], 21:[], 22:[], 23:[], 24:[], 25:[], 26:[], 27:[], 28:[], 29:[], 30:[], 31:[], 32:[], 33:[], 34:[], 35:[], 36:[], 37:[], 38:[], 39:[], 40:[], 41:[], 42:[], 43:[]",864101712,1023793142
1063,3,382.3595,426537,6278853,49849884,5.7978,false,45,true,true,true,true,true,false,false,"0:[0, 1, 2, 3, 4, 5, 6, 7, 8, 9, 10, 11, 12, 13, 14, 15, 16, 17, 18, 19, 20, 21, 22, 23, 24, 25, 26, 27, 28, 29, 30, 31, 32, 33, 34, 35, 36, 37, 38, 39, 40, 41, 42, 43, 44], 1:[], 2:[], 3:[], 4:[], 5:[], 6:[], 7:[], 8:[], 9:[], 10:[], 11:[], 12:[], 13:[], 14:[], 15:[], 16:[], 17:[], 18:[], 19:[], 20:[], 21:[], 22:[], 23:[], 24:[], 25:[], 26:[], 27:[], 28:[], 29:[], 30:[], 31:[], 32:[], 33:[], 34:[], 35:[], 36:[], 37:[], 38:[], 39:[], 40:[], 41:[], 42:[], 43:[], 44:[]",866963992,1027944177
1069,2,363.9064,433747,6385904,50702940,6.2371,false,44,true,true,true,true,true,false,false,"0:[0, 1, 2, 3, 4, 5, 6, 7, 8, 9, 10, 11, 12, 13, 14, 15, 16, 17, 18, 19, 20, 21, 22, 23, 24, 25, 26, 27, 28, 29, 30, 31, 32, 33, 34, 35, 36, 37, 38, 39, 40, 41, 42, 43], 1:[], 2:[], 3:[], 4:[], 5:[], 6:[], 7:[], 8:[], 9:[], 10:[], 11:[], 12:[], 13:[], 14:[], 15:[], 16:[], 17:[], 18:[], 19:[], 20:[], 21:[], 22:[], 23:[], 24:[], 25:[], 26:[], 27:[], 28:[], 29:[], 30:[], 31:[], 32:[], 33:[], 34:[], 35:[], 36:[], 37:[], 38:[], 39:[], 40:[], 41:[], 42:[], 43:[]",875701112,1040650248
1087,3,421.9472,455860,6713248,53307433,6.8171,false,46,true,true,true,true,true,false,false,"0:[0, 1, 2, 3, 4, 5, 6, 7, 8, 9, 10, 11, 12, 13, 14, 15, 16, 17, 18, 19, 20, 21, 22, 23, 24, 25, 26, 27, 28, 29, 30, 31, 32, 33, 34, 35, 36, 37, 38, 39, 40, 41, 42, 43, 44, 45], 1:[], 2:[], 3:[], 4:[], 5:[], 6:[], 7:[], 8:[], 9:[], 10:[], 11:[], 12:[], 13:[], 14:[], 15:[], 16:[], 17:[], 18:[], 19:[], 20:[], 21:[], 22:[], 23:[], 24:[], 25:[], 26:[], 27:[], 28:[], 29:[], 30:[], 31:[], 32:[], 33:[], 34:[], 35:[], 36:[], 37:[], 38:[], 39:[], 40:[], 41:[], 42:[], 43:[], 44:[], 45:[]",902419344,1079471184
1091,2,376.3303,460874,6787545,53898929,6.4369,false,46,true,true,true,true,true,false,false,"0:[0, 1, 2, 3, 4, 5, 6, 7, 8, 9, 10, 11, 12, 13, 14, 15, 16, 17, 18, 19, 20, 21, 22, 23, 24, 25, 26, 27, 28, 29, 30, 31, 32, 33, 34, 35, 36, 37, 38, 39, 40, 41, 42, 43, 44, 45], 1:[], 2:[], 3:[], 4:[], 5:[], 6:[], 7:[], 8:[], 9:[], 10:[], 11:[], 12:[], 13:[], 14:[], 15:[], 16:[], 17:[], 18:[], 19:[], 20:[], 21:[], 22:[], 23:[], 24:[], 25:[], 26:[], 27:[], 28:[], 29:[], 30:[], 31:[], 32:[], 33:[], 34:[], 35:[], 36:[], 37:[], 38:[], 39:[], 40:[], 41:[], 42:[], 43:[], 44:[], 45:[]",923163504,1102963597
1093,2,386.5295,463395,6825201,54199937,6.4296,false,46,true,true,true,true,true,false,false,"0:[0, 1, 2, 3, 4, 5, 6, 7, 8, 9, 10, 11, 12, 13, 14, 15, 16, 17, 18, 19, 20, 21, 22, 23, 24, 25, 26, 27, 28, 29, 30, 31, 32, 33, 34, 35, 36, 37, 38, 39, 40, 41, 42, 43, 44, 45], 1:[], 2:[], 3:[], 4:[], 5:[], 6:[], 7:[], 8:[], 9:[], 10:[], 11:[], 12:[], 13:[], 14:[], 15:[], 16:[], 17:[], 18:[], 19:[], 20:[], 21:[], 22:[], 23:[], 24:[], 25:[], 26:[], 27:[], 28:[], 29:[], 30:[], 31:[], 32:[], 33:[], 34:[], 35:[], 36:[], 37:[], 38:[], 39:[], 40:[], 41:[], 42:[], 43:[], 44:[], 45:[]",926236488,1107439005
1097,3,453.4110,468464,6900336,54798209,6.5850,false,45,true,true,true,true,true,false,false,"0:[0, 1, 2, 3, 4, 5, 6, 7, 8, 9, 10, 11, 12, 13, 14, 15, 16, 17, 18, 19, 20, 21, 22, 23, 24, 25, 26, 27, 28, 29, 30, 31, 32, 33, 34, 35, 36, 37, 38, 39, 40, 41, 42, 43, 44], 1:[], 2:[], 3:[], 4:[], 5:[], 6:[], 7:[], 8:[], 9:[], 10:[], 11:[], 12:[], 13:[], 14:[], 15:[], 16:[], 17:[], 18:[], 19:[], 20:[], 21:[], 22:[], 23:[], 24:[], 25:[], 26:[], 27:[], 28:[], 29:[], 30:[], 31:[], 32:[], 33:[], 34:[], 35:[], 36:[], 37:[], 38:[], 39:[], 40:[], 41:[], 42:[], 43:[], 44:[]",932368944,1116351520
1103,5,438.7189,476137,7013744,55699778,6.6449,false,46,true,true,true,true,true,false,false,"0:[0, 1, 2, 3, 4, 5, 6, 7, 8, 9, 10, 11, 12, 13, 14, 15, 16, 17, 18, 19, 20, 21, 22, 23, 24, 25, 26, 27, 28, 29, 30, 31, 32, 33, 34, 35, 36, 37, 38, 39, 40, 41, 42, 43, 44, 45], 1:[], 2:[], 3:[], 4:[], 5:[], 6:[], 7:[], 8:[], 9:[], 10:[], 11:[], 12:[], 13:[], 14:[], 15:[], 16:[], 17:[], 18:[], 19:[], 20:[], 21:[], 22:[], 23:[], 24:[], 25:[], 26:[], 27:[], 28:[], 29:[], 30:[], 31:[], 32:[], 33:[], 34:[], 35:[], 36:[], 37:[], 38:[], 39:[], 40:[], 41:[], 42:[], 43:[], 44:[], 45:[]",941625736,1129795192
1109,2,408.5908,483894,7128954,56617972,6.6514,false,46,true,true,true,true,true,false,false,"0:[0, 1, 2, 3, 4, 5, 6, 7, 8, 9, 10, 11, 12, 13, 14, 15, 16, 17, 18, 19, 20, 21, 22, 23, 24, 25, 26, 27, 28, 29, 30, 31, 32, 33, 34, 35, 36, 37, 38, 39, 40, 41, 42, 43, 44, 45], 1:[], 2:[], 3:[], 4:[], 5:[], 6:[], 7:[], 8:[], 9:[], 10:[], 11:[], 12:[], 13:[], 14:[], 15:[], 16:[], 17:[], 18:[], 19:[], 20:[], 21:[], 22:[], 23:[], 24:[], 25:[], 26:[], 27:[], 28:[], 29:[], 30:[], 31:[], 32:[], 33:[], 34:[], 35:[], 36:[], 37:[], 38:[], 39:[], 40:[], 41:[], 42:[], 43:[], 44:[], 45:[]",951028704,1143469314
1117,2,434.6861,494365,7284224,57854542,7.1336,false,47,true,true,true,true,true,false,false,"0:[0, 1, 2, 3, 4, 5, 6, 7, 8, 9, 10, 11, 12, 13, 14, 15, 16, 17, 18, 19, 20, 21, 22, 23, 24, 25, 26, 27, 28, 29, 30, 31, 32, 33, 34, 35, 36, 37, 38, 39, 40, 41, 42, 43, 44, 45, 46], 1:[], 2:[], 3:[], 4:[], 5:[], 6:[], 7:[], 8:[], 9:[], 10:[], 11:[], 12:[], 13:[], 14:[], 15:[], 16:[], 17:[], 18:[], 19:[], 20:[], 21:[], 22:[], 23:[], 24:[], 25:[], 26:[], 27:[], 28:[], 29:[], 30:[], 31:[], 32:[], 33:[], 34:[], 35:[], 36:[], 37:[], 38:[], 39:[], 40:[], 41:[], 42:[], 43:[], 44:[], 45:[], 46:[]",1257302888,1161887784
1123,2,414.3679,502317,7401788,58789273,7.5832,false,46,true,true,true,true,true,false,false,"0:[0, 1, 2, 3, 4, 5, 6, 7, 8, 9, 10, 11, 12, 13, 14, 15, 16, 17, 18, 19, 20, 21, 22, 23, 24, 25, 26, 27, 28, 29, 30, 31, 32, 33, 34, 35, 36, 37, 38, 39, 40, 41, 42, 43, 44, 45], 1:[], 2:[], 3:[], 4:[], 5:[], 6:[], 7:[], 8:[], 9:[], 10:[], 11:[], 12:[], 13:[], 14:[], 15:[], 16:[], 17:[], 18:[], 19:[], 20:[], 21:[], 22:[], 23:[], 24:[], 25:[], 26:[], 27:[], 28:[], 29:[], 30:[], 31:[], 32:[], 33:[], 34:[], 35:[], 36:[], 37:[], 38:[], 39:[], 40:[], 41:[], 42:[], 43:[], 44:[], 45:[]",1266898856,1175824020
1129,11,575.3623,510355,7521206,59741106,7.2513,false,48,true,true,true,true,true,false,false,"0:[0, 1, 2, 3, 4, 5, 6, 7, 8, 9, 10, 11, 12, 13, 14, 15, 16, 17, 18, 19, 20, 21, 22, 23, 24, 25, 26, 27, 28, 29, 30, 31, 32, 33, 34, 35, 36, 37, 38, 39, 40, 41, 42, 43, 44, 45, 46, 47], 1:[], 2:[], 3:[], 4:[], 5:[], 6:[], 7:[], 8:[], 9:[], 10:[], 11:[], 12:[], 13:[], 14:[], 15:[], 16:[], 17:[], 18:[], 19:[], 20:[], 21:[], 22:[], 23:[], 24:[], 25:[], 26:[], 27:[], 28:[], 29:[], 30:[], 31:[], 32:[], 33:[], 34:[], 35:[], 36:[], 37:[], 38:[], 39:[], 40:[], 41:[], 42:[], 43:[], 44:[], 45:[], 46:[], 47:[]",1276645208,1189997766
1151,13,499.3803,540557,7968700,63303166,7.6670,false,47,true,true,true,true,true,false,false,"0:[0, 1, 2, 3, 4, 5, 6, 7, 8, 9, 10, 11, 12, 13, 14, 15, 16, 17, 18, 19, 20, 21, 22, 23, 24, 25, 26, 27, 28, 29, 30, 31, 32, 33, 34, 35, 36, 37, 38, 39, 40, 41, 42, 43, 44, 45, 46], 1:[], 2:[], 3:[], 4:[], 5:[], 6:[], 7:[], 8:[], 9:[], 10:[], 11:[], 12:[], 13:[], 14:[], 15:[], 16:[], 17:[], 18:[], 19:[], 20:[], 21:[], 22:[], 23:[], 24:[], 25:[], 26:[], 27:[], 28:[], 29:[], 30:[], 31:[], 32:[], 33:[], 34:[], 35:[], 36:[], 37:[], 38:[], 39:[], 40:[], 41:[], 42:[], 43:[], 44:[], 45:[], 46:[]",1313169576,1243069076
1153,5,576.9751,543360,8010547,63637454,7.8135,false,48,true,true,true,true,true,false,false,"0:[0, 1, 2, 3, 4, 5, 6, 7, 8, 9, 10, 11, 12, 13, 14, 15, 16, 17, 18, 19, 20, 21, 22, 23, 24, 25, 26, 27, 28, 29, 30, 31, 32, 33, 34, 35, 36, 37, 38, 39, 40, 41, 42, 43, 44, 45, 46, 47], 1:[], 2:[], 3:[], 4:[], 5:[], 6:[], 7:[], 8:[], 9:[], 10:[], 11:[], 12:[], 13:[], 14:[], 15:[], 16:[], 17:[], 18:[], 19:[], 20:[], 21:[], 22:[], 23:[], 24:[], 25:[], 26:[], 27:[], 28:[], 29:[], 30:[], 31:[], 32:[], 33:[], 34:[], 35:[], 36:[], 37:[], 38:[], 39:[], 40:[], 41:[], 42:[], 43:[], 44:[], 45:[], 46:[], 47:[]",1316584608,1248041791
1163,2,462.8434,557522,8220288,65306637,8.1220,false,48,true,true,true,true,true,false,false,"0:[0, 1, 2, 3, 4, 5, 6, 7, 8, 9, 10, 11, 12, 13, 14, 15, 16, 17, 18, 19, 20, 21, 22, 23, 24, 25, 26, 27, 28, 29, 30, 31, 32, 33, 34, 35, 36, 37, 38, 39, 40, 41, 42, 43, 44, 45, 46, 47], 1:[], 2:[], 3:[], 4:[], 5:[], 6:[], 7:[], 8:[], 9:[], 10:[], 11:[], 12:[], 13:[], 14:[], 15:[], 16:[], 17:[], 18:[], 19:[], 20:[], 21:[], 22:[], 23:[], 24:[], 25:[], 26:[], 27:[], 28:[], 29:[], 30:[], 31:[], 32:[], 33:[], 34:[], 35:[], 36:[], 37:[], 38:[], 39:[], 40:[], 41:[], 42:[], 43:[], 44:[], 45:[], 46:[], 47:[]",1333703776,1272912224
1171,2,473.1968,569027,8390915,66665410,8.2480,false,49,true,true,true,true,true,false,false,"0:[0, 1, 2, 3, 4, 5, 6, 7, 8, 9, 10, 11, 12, 13, 14, 15, 16, 17, 18, 19, 20, 21, 22, 23, 24, 25, 26, 27, 28, 29, 30, 31, 32, 33, 34, 35, 36, 37, 38, 39, 40, 41, 42, 43, 44, 45, 46, 47, 48], 1:[], 2:[], 3:[], 4:[], 5:[], 6:[], 7:[], 8:[], 9:[], 10:[], 11:[], 12:[], 13:[], 14:[], 15:[], 16:[], 17:[], 18:[], 19:[], 20:[], 21:[], 22:[], 23:[], 24:[], 25:[], 26:[], 27:[], 28:[], 29:[], 30:[], 31:[], 32:[], 33:[], 34:[], 35:[], 36:[], 37:[], 38:[], 39:[], 40:[], 41:[], 42:[], 43:[], 44:[], 45:[], 46:[], 47:[], 48:[]",1347630056,1427369111
1181,2,514.5436,583630,8607767,68393433,8.5347,false,49,true,true,true,true,true,false,false,"0:[0, 1, 2, 3, 4, 5, 6, 7, 8, 9, 10, 11, 12, 13, 14, 15, 16, 17, 18, 19, 20, 21, 22, 23, 24, 25, 26, 27, 28, 29, 30, 31, 32, 33, 34, 35, 36, 37, 38, 39, 40, 41, 42, 43, 44, 45, 46, 47, 48], 1:[], 2:[], 3:[], 4:[], 5:[], 6:[], 7:[], 8:[], 9:[], 10:[], 11:[], 12:[], 13:[], 14:[], 15:[], 16:[], 17:[], 18:[], 19:[], 20:[], 21:[], 22:[], 23:[], 24:[], 25:[], 26:[], 27:[], 28:[], 29:[], 30:[], 31:[], 32:[], 33:[], 34:[], 35:[], 36:[], 37:[], 38:[], 39:[], 40:[], 41:[], 42:[], 43:[], 44:[], 45:[], 46:[], 47:[], 48:[]",1411466032,1453100163
1187,2,490.1412,592510,8739231,69439528,8.7011,false,49,true,true,true,true,true,false,false,"0:[0, 1, 2, 3, 4, 5, 6, 7, 8, 9, 10, 11, 12, 13, 14, 15, 16, 17, 18, 19, 20, 21, 22, 23, 24, 25, 26, 27, 28, 29, 30, 31, 32, 33, 34, 35, 36, 37, 38, 39, 40, 41, 42, 43, 44, 45, 46, 47, 48], 1:[], 2:[], 3:[], 4:[], 5:[], 6:[], 7:[], 8:[], 9:[], 10:[], 11:[], 12:[], 13:[], 14:[], 15:[], 16:[], 17:[], 18:[], 19:[], 20:[], 21:[], 22:[], 23:[], 24:[], 25:[], 26:[], 27:[], 28:[], 29:[], 30:[], 31:[], 32:[], 33:[], 34:[], 35:[], 36:[], 37:[], 38:[], 39:[], 40:[], 41:[], 42:[], 43:[], 44:[], 45:[], 46:[], 47:[], 48:[]",1422196272,1468685547
1193,3,596.0498,601480,8872558,70502380,9.2520,false,49,true,true,true,true,true,false,false,"0:[0, 1, 2, 3, 4, 5, 6, 7, 8, 9, 10, 11, 12, 13, 14, 15, 16, 17, 18, 19, 20, 21, 22, 23, 24, 25, 26, 27, 28, 29, 30, 31, 32, 33, 34, 35, 36, 37, 38, 39, 40, 41, 42, 43, 44, 45, 46, 47, 48], 1:[], 2:[], 3:[], 4:[], 5:[], 6:[], 7:[], 8:[], 9:[], 10:[], 11:[], 12:[], 13:[], 14:[], 15:[], 16:[], 17:[], 18:[], 19:[], 20:[], 21:[], 22:[], 23:[], 24:[], 25:[], 26:[], 27:[], 28:[], 29:[], 30:[], 31:[], 32:[], 33:[], 34:[], 35:[], 36:[], 37:[], 38:[], 39:[], 40:[], 41:[], 42:[], 43:[], 44:[], 45:[], 46:[], 47:[], 48:[]",1433077712,1484509046
1201,11,699.7102,613580,9052057,71931942,8.8962,false,51,true,true,true,true,true,false,false,"0:[0, 1, 2, 3, 4, 5, 6, 7, 8, 9, 10, 11, 12, 13, 14, 15, 16, 17, 18, 19, 20, 21, 22, 23, 24, 25, 26, 27, 28, 29, 30, 31, 32, 33, 34, 35, 36, 37, 38, 39, 40, 41, 42, 43, 44, 45, 46, 47, 48, 49, 50], 1:[], 2:[], 3:[], 4:[], 5:[], 6:[], 7:[], 8:[], 9:[], 10:[], 11:[], 12:[], 13:[], 14:[], 15:[], 16:[], 17:[], 18:[], 19:[], 20:[], 21:[], 22:[], 23:[], 24:[], 25:[], 26:[], 27:[], 28:[], 29:[], 30:[], 31:[], 32:[], 33:[], 34:[], 35:[], 36:[], 37:[], 38:[], 39:[], 40:[], 41:[], 42:[], 43:[], 44:[], 45:[], 46:[], 47:[], 48:[], 49:[], 50:[]",1447728032,1505800861
1213,2,559.2457,632033,9325809,74112202,9.1953,false,51,true,true,true,true,true,false,false,"0:[0, 1, 2, 3, 4, 5, 6, 7, 8, 9, 10, 11, 12, 13, 14, 15, 16, 17, 18, 19, 20, 21, 22, 23, 24, 25, 26, 27, 28, 29, 30, 31, 32, 33, 34, 35, 36, 37, 38, 39, 40, 41, 42, 43, 44, 45, 46, 47, 48, 49, 50], 1:[], 2:[], 3:[], 4:[], 5:[], 6:[], 7:[], 8:[], 9:[], 10:[], 11:[], 12:[], 13:[], 14:[], 15:[], 16:[], 17:[], 18:[], 19:[], 20:[], 21:[], 22:[], 23:[], 24:[], 25:[], 26:[], 27:[], 28:[], 29:[], 30:[], 31:[], 32:[], 33:[], 34:[], 35:[], 36:[], 37:[], 38:[], 39:[], 40:[], 41:[], 42:[], 43:[], 44:[], 45:[], 46:[], 47:[], 48:[], 49:[], 50:[]",1470071064,1538272141
1217,3,661.0733,638265,9418278,74848754,9.2400,false,50,true,true,true,true,true,false,false,"0:[0, 1, 2, 3, 4, 5, 6, 7, 8, 9, 10, 11, 12, 13, 14, 15, 16, 17, 18, 19, 20, 21, 22, 23, 24, 25, 26, 27, 28, 29, 30, 31, 32, 33, 34, 35, 36, 37, 38, 39, 40, 41, 42, 43, 44, 45, 46, 47, 48, 49], 1:[], 2:[], 3:[], 4:[], 5:[], 6:[], 7:[], 8:[], 9:[], 10:[], 11:[], 12:[], 13:[], 14:[], 15:[], 16:[], 17:[], 18:[], 19:[], 20:[], 21:[], 22:[], 23:[], 24:[], 25:[], 26:[], 27:[], 28:[], 29:[], 30:[], 31:[], 32:[], 33:[], 34:[], 35:[], 36:[], 37:[], 38:[], 39:[], 40:[], 41:[], 42:[], 43:[], 44:[], 45:[], 46:[], 47:[], 48:[], 49:[]",1477618152,1549240518
1223,5,592.3744,647690,9557757,75958112,9.3138,false,51,true,true,true,true,true,false,false,"0:[0, 1, 2, 3, 4, 5, 6, 7, 8, 9, 10, 11, 12, 13, 14, 15, 16, 17, 18, 19, 20, 21, 22, 23, 24, 25, 26, 27, 28, 29, 30, 31, 32, 33, 34, 35, 36, 37, 38, 39, 40, 41, 42, 43, 44, 45, 46, 47, 48, 49, 50], 1:[], 2:[], 3:[], 4:[], 5:[], 6:[], 7:[], 8:[], 9:[], 10:[], 11:[], 12:[], 13:[], 14:[], 15:[], 16:[], 17:[], 18:[], 19:[], 20:[], 21:[], 22:[], 23:[], 24:[], 25:[], 26:[], 27:[], 28:[], 29:[], 30:[], 31:[], 32:[], 33:[], 34:[], 35:[], 36:[], 37:[], 38:[], 39:[], 40:[], 41:[], 42:[], 43:[], 44:[], 45:[], 46:[], 47:[], 48:[], 49:[], 50:[]",1489002672,1565774913
1229,2,586.9613,657208,9699326,77087210,9.5036,false,51,true,true,true,true,true,false,false,"0:[0, 1, 2, 3, 4, 5, 6, 7, 8, 9, 10, 11, 12, 13, 14, 15, 16, 17, 18, 19, 20, 21, 22, 23, 24, 25, 26, 27, 28, 29, 30, 31, 32, 33, 34, 35, 36, 37, 38, 39, 40, 41, 42, 43, 44, 45, 46, 47, 48, 49, 50], 1:[], 2:[], 3:[], 4:[], 5:[], 6:[], 7:[], 8:[], 9:[], 10:[], 11:[], 12:[], 13:[], 14:[], 15:[], 16:[], 17:[], 18:[], 19:[], 20:[], 21:[], 22:[], 23:[], 24:[], 25:[], 26:[], 27:[], 28:[], 29:[], 30:[], 31:[], 32:[], 33:[], 34:[], 35:[], 36:[], 37:[], 38:[], 39:[], 40:[], 41:[], 42:[], 43:[], 44:[], 45:[], 46:[], 47:[], 48:[], 49:[], 50:[]",1500556624,1716795014
1231,3,694.5762,660400,9746410,77461125,10.1921,false,51,true,true,true,true,true,false,false,"0:[0, 1, 2, 3, 4, 5, 6, 7, 8, 9, 10, 11, 12, 13, 14, 15, 16, 17, 18, 19, 20, 21, 22, 23, 24, 25, 26, 27, 28, 29, 30, 31, 32, 33, 34, 35, 36, 37, 38, 39, 40, 41, 42, 43, 44, 45, 46, 47, 48, 49, 50], 1:[], 2:[], 3:[], 4:[], 5:[], 6:[], 7:[], 8:[], 9:[], 10:[], 11:[], 12:[], 13:[], 14:[], 15:[], 16:[], 17:[], 18:[], 19:[], 20:[], 21:[], 22:[], 23:[], 24:[], 25:[], 26:[], 27:[], 28:[], 29:[], 30:[], 31:[], 32:[], 33:[], 34:[], 35:[], 36:[], 37:[], 38:[], 39:[], 40:[], 41:[], 42:[], 43:[], 44:[], 45:[], 46:[], 47:[], 48:[], 49:[], 50:[]",1504399952,1722370626
1237,2,594.4186,670041,9889754,78603981,9.8225,false,52,true,true,true,true,true,false,false,"0:[0, 1, 2, 3, 4, 5, 6, 7, 8, 9, 10, 11, 12, 13, 14, 15, 16, 17, 18, 19, 20, 21, 22, 23, 24, 25, 26, 27, 28, 29, 30, 31, 32, 33, 34, 35, 36, 37, 38, 39, 40, 41, 42, 43, 44, 45, 46, 47, 48, 49, 50, 51], 1:[], 2:[], 3:[], 4:[], 5:[], 6:[], 7:[], 8:[], 9:[], 10:[], 11:[], 12:[], 13:[], 14:[], 15:[], 16:[], 17:[], 18:[], 19:[], 20:[], 21:[], 22:[], 23:[], 24:[], 25:[], 26:[], 27:[], 28:[], 29:[], 30:[], 31:[], 32:[], 33:[], 34:[], 35:[], 36:[], 37:[], 38:[], 39:[], 40:[], 41:[], 42:[], 43:[], 44:[], 45:[], 46:[], 47:[], 48:[], 49:[], 50:[], 51:[]",1516098856,1739382730
1249,7,864.0608,689604,10180048,80916141,10.3202,false,53,true,true,true,true,true,false,false,"0:[0, 1, 2, 3, 4, 5, 6, 7, 8, 9, 10, 11, 12, 13, 14, 15, 16, 17, 18, 19, 20, 21, 22, 23, 24, 25, 26, 27, 28, 29, 30, 31, 32, 33, 34, 35, 36, 37, 38, 39, 40, 41, 42, 43, 44, 45, 46, 47, 48, 49, 50, 51, 52], 1:[], 2:[], 3:[], 4:[], 5:[], 6:[], 7:[], 8:[], 9:[], 10:[], 11:[], 12:[], 13:[], 14:[], 15:[], 16:[], 17:[], 18:[], 19:[], 20:[], 21:[], 22:[], 23:[], 24:[], 25:[], 26:[], 27:[], 28:[], 29:[], 30:[], 31:[], 32:[], 33:[], 34:[], 35:[], 36:[], 37:[], 38:[], 39:[], 40:[], 41:[], 42:[], 43:[], 44:[], 45:[], 46:[], 47:[], 48:[], 49:[], 50:[], 51:[], 52:[]",1539791888,1773816160
1259,2,614.9739,706194,10425972,82874017,10.4175,false,53,true,true,true,true,true,false,false,"0:[0, 1, 2, 3, 4, 5, 6, 7, 8, 9, 10, 11, 12, 13, 14, 15, 16, 17, 18, 19, 20, 21, 22, 23, 24, 25, 26, 27, 28, 29, 30, 31, 32, 33, 34, 35, 36, 37, 38, 39, 40, 41, 42, 43, 44, 45, 46, 47, 48, 49, 50, 51, 52], 1:[], 2:[], 3:[], 4:[], 5:[], 6:[], 7:[], 8:[], 9:[], 10:[], 11:[], 12:[], 13:[], 14:[], 15:[], 16:[], 17:[], 18:[], 19:[], 20:[], 21:[], 22:[], 23:[], 24:[], 25:[], 26:[], 27:[], 28:[], 29:[], 30:[], 31:[], 32:[], 33:[], 34:[], 35:[], 36:[], 37:[], 38:[], 39:[], 40:[], 41:[], 42:[], 43:[], 44:[], 45:[], 46:[], 47:[], 48:[], 49:[], 50:[], 51:[], 52:[]",1559863968,1802976836
1277,2,658.9719,736722,10879495,86488570,10.9466,false,54,true,true,true,true,true,false,false,"0:[0, 1, 2, 3, 4, 5, 6, 7, 8, 9, 10, 11, 12, 13, 14, 15, 16, 17, 18, 19, 20, 21, 22, 23, 24, 25, 26, 27, 28, 29, 30, 31, 32, 33, 34, 35, 36, 37, 38, 39, 40, 41, 42, 43, 44, 45, 46, 47, 48, 49, 50, 51, 52, 53], 1:[], 2:[], 3:[], 4:[], 5:[], 6:[], 7:[], 8:[], 9:[], 10:[], 11:[], 12:[], 13:[], 14:[], 15:[], 16:[], 17:[], 18:[], 19:[], 20:[], 21:[], 22:[], 23:[], 24:[], 25:[], 26:[], 27:[], 28:[], 29:[], 30:[], 31:[], 32:[], 33:[], 34:[], 35:[], 36:[], 37:[], 38:[], 39:[], 40:[], 41:[], 42:[], 43:[], 44:[], 45:[], 46:[], 47:[], 48:[], 49:[], 50:[], 51:[], 52:[], 53:[]",1596878480,1856782419
1279,3,711.6091,740168,10930246,86891059,11.3616,false,53,true,true,true,true,true,false,false,"0:[0, 1, 2, 3, 4, 5, 6, 7, 8, 9, 10, 11, 12, 13, 14, 15, 16, 17, 18, 19, 20, 21, 22, 23, 24, 25, 26, 27, 28, 29, 30, 31, 32, 33, 34, 35, 36, 37, 38, 39, 40, 41, 42, 43, 44, 45, 46, 47, 48, 49, 50, 51, 52], 1:[], 2:[], 3:[], 4:[], 5:[], 6:[], 7:[], 8:[], 9:[], 10:[], 11:[], 12:[], 13:[], 14:[], 15:[], 16:[], 17:[], 18:[], 19:[], 20:[], 21:[], 22:[], 23:[], 24:[], 25:[], 26:[], 27:[], 28:[], 29:[], 30:[], 31:[], 32:[], 33:[], 34:[], 35:[], 36:[], 37:[], 38:[], 39:[], 40:[], 41:[], 42:[], 43:[], 44:[], 45:[], 46:[], 47:[], 48:[], 49:[], 50:[], 51:[], 52:[]",1601021264,1862791854
1283,2,616.6256,747090,11033078,87710740,11.1942,false,53,true,true,true,true,true,false,false,"0:[0, 1, 2, 3, 4, 5, 6, 7, 8, 9, 10, 11, 12, 13, 14, 15, 16, 17, 18, 19, 20, 21, 22, 23, 24, 25, 26, 27, 28, 29, 30, 31, 32, 33, 34, 35, 36, 37, 38, 39, 40, 41, 42, 43, 44, 45, 46, 47, 48, 49, 50, 51, 52], 1:[], 2:[], 3:[], 4:[], 5:[], 6:[], 7:[], 8:[], 9:[], 10:[], 11:[], 12:[], 13:[], 14:[], 15:[], 16:[], 17:[], 18:[], 19:[], 20:[], 21:[], 22:[], 23:[], 24:[], 25:[], 26:[], 27:[], 28:[], 29:[], 30:[], 31:[], 32:[], 33:[], 34:[], 35:[], 36:[], 37:[], 38:[], 39:[], 40:[], 41:[], 42:[], 43:[], 44:[], 45:[], 46:[], 47:[], 48:[], 49:[], 50:[], 51:[], 52:[]",1609413952,1874989934
1289,3,753.6043,757556,11188742,88951992,11.4399,false,54,true,true,true,true,true,false,false,"0:[0, 1, 2, 3, 4, 5, 6, 7, 8, 9, 10, 11, 12, 13, 14, 15, 16, 17, 18, 19, 20, 21, 22, 23, 24, 25, 26, 27, 28, 29, 30, 31, 32, 33, 34, 35, 36, 37, 38, 39, 40, 41, 42, 43, 44, 45, 46, 47, 48, 49, 50, 51, 52, 53], 1:[], 2:[], 3:[], 4:[], 5:[], 6:[], 7:[], 8:[], 9:[], 10:[], 11:[], 12:[], 13:[], 14:[], 15:[], 16:[], 17:[], 18:[], 19:[], 20:[], 21:[], 22:[], 23:[], 24:[], 25:[], 26:[], 27:[], 28:[], 29:[], 30:[], 31:[], 32:[], 33:[], 34:[], 35:[], 36:[], 37:[], 38:[], 39:[], 40:[], 41:[], 42:[], 43:[], 44:[], 45:[], 46:[], 47:[], 48:[], 49:[], 50:[], 51:[], 52:[], 53:[]",1622118256,1893463342
1291,2,629.9507,761065,11240543,89363493,11.6009,false,54,true,true,true,true,true,false,false,"0:[0, 1, 2, 3, 4, 5, 6, 7, 8, 9, 10, 11, 12, 13, 14, 15, 16, 17, 18, 19, 20, 21, 22, 23, 24, 25, 26, 27, 28, 29, 30, 31, 32, 33, 34, 35, 36, 37, 38, 39, 40, 41, 42, 43, 44, 45, 46, 47, 48, 49, 50, 51, 52, 53], 1:[], 2:[], 3:[], 4:[], 5:[], 6:[], 7:[], 8:[], 9:[], 10:[], 11:[], 12:[], 13:[], 14:[], 15:[], 16:[], 17:[], 18:[], 19:[], 20:[], 21:[], 22:[], 23:[], 24:[], 25:[], 26:[], 27:[], 28:[], 29:[], 30:[], 31:[], 32:[], 33:[], 34:[], 35:[], 36:[], 37:[], 38:[], 39:[], 40:[], 41:[], 42:[], 43:[], 44:[], 45:[], 46:[], 47:[], 48:[], 49:[], 50:[], 51:[], 52:[], 53:[]",1626346552,1899598163
1297,5,794.5326,771660,11398176,90620722,11.9279,false,54,true,true,true,true,true,false,false,"0:[0, 1, 2, 3, 4, 5, 6, 7, 8, 9, 10, 11, 12, 13, 14, 15, 16, 17, 18, 19, 20, 21, 22, 23, 24, 25, 26, 27, 28, 29, 30, 31, 32, 33, 34, 35, 36, 37, 38, 39, 40, 41, 42, 43, 44, 45, 46, 47, 48, 49, 50, 51, 52, 53], 1:[], 2:[], 3:[], 4:[], 5:[], 6:[], 7:[], 8:[], 9:[], 10:[], 11:[], 12:[], 13:[], 14:[], 15:[], 16:[], 17:[], 18:[], 19:[], 20:[], 21:[], 22:[], 23:[], 24:[], 25:[], 26:[], 27:[], 28:[], 29:[], 30:[], 31:[], 32:[], 33:[], 34:[], 35:[], 36:[], 37:[], 38:[], 39:[], 40:[], 41:[], 42:[], 43:[], 44:[], 45:[], 46:[], 47:[], 48:[], 49:[], 50:[], 51:[], 52:[], 53:[]",1639211472,1918306128
1301,2,667.9511,778778,11503816,91462130,11.6577,false,54,true,true,true,true,true,false,false,"0:[0, 1, 2, 3, 4, 5, 6, 7, 8, 9, 10, 11, 12, 13, 14, 15, 16, 17, 18, 19, 20, 21, 22, 23, 24, 25, 26, 27, 28, 29, 30, 31, 32, 33, 34, 35, 36, 37, 38, 39, 40, 41, 42, 43, 44, 45, 46, 47, 48, 49, 50, 51, 52, 53], 1:[], 2:[], 3:[], 4:[], 5:[], 6:[], 7:[], 8:[], 9:[], 10:[], 11:[], 12:[], 13:[], 14:[], 15:[], 16:[], 17:[], 18:[], 19:[], 20:[], 21:[], 22:[], 23:[], 24:[], 25:[], 26:[], 27:[], 28:[], 29:[], 30:[], 31:[], 32:[], 33:[], 34:[], 35:[], 36:[], 37:[], 38:[], 39:[], 40:[], 41:[], 42:[], 43:[], 44:[], 45:[], 46:[], 47:[], 48:[], 49:[], 50:[], 51:[], 52:[], 53:[]",1647833504,1930836104
1303,3,823.9307,782353,11556607,91881626,11.7897,false,55,true,true,true,true,true,false,false,"0:[0, 1, 2, 3, 4, 5, 6, 7, 8, 9, 10, 11, 12, 13, 14, 15, 16, 17, 18, 19, 20, 21, 22, 23, 24, 25, 26, 27, 28, 29, 30, 31, 32, 33, 34, 35, 36, 37, 38, 39, 40, 41, 42, 43, 44, 45, 46, 47, 48, 49, 50, 51, 52, 53, 54], 1:[], 2:[], 3:[], 4:[], 5:[], 6:[], 7:[], 8:[], 9:[], 10:[], 11:[], 12:[], 13:[], 14:[], 15:[], 16:[], 17:[], 18:[], 19:[], 20:[], 21:[], 22:[], 23:[], 24:[], 25:[], 26:[], 27:[], 28:[], 29:[], 30:[], 31:[], 32:[], 33:[], 34:[], 35:[], 36:[], 37:[], 38:[], 39:[], 40:[], 41:[], 42:[], 43:[], 44:[], 45:[], 46:[], 47:[], 48:[], 49:[], 50:[], 51:[], 52:[], 53:[], 54:[]",1652142584,1937088435
1307,2,674.5776,789536,11663242,92731116,11.7055,false,54,true,true,true,true,true,false,false,"0:[0, 1, 2, 3, 4, 5, 6, 7, 8, 9, 10, 11, 12, 13, 14, 15, 16, 17, 18, 19, 20, 21, 22, 23, 24, 25, 26, 27, 28, 29, 30, 31, 32, 33, 34, 35, 36, 37, 38, 39, 40, 41, 42, 43, 44, 45, 46, 47, 48, 49, 50, 51, 52, 53], 1:[], 2:[], 3:[], 4:[], 5:[], 6:[], 7:[], 8:[], 9:[], 10:[], 11:[], 12:[], 13:[], 14:[], 15:[], 16:[], 17:[], 18:[], 19:[], 20:[], 21:[], 22:[], 23:[], 24:[], 25:[], 26:[], 27:[], 28:[], 29:[], 30:[], 31:[], 32:[], 33:[], 34:[], 35:[], 36:[], 37:[], 38:[], 39:[], 40:[], 41:[], 42:[], 43:[], 44:[], 45:[], 46:[], 47:[], 48:[], 49:[], 50:[], 51:[], 52:[], 53:[]",1660845776,1949736674
1319,13,757.6404,811350,11987077,95310842,12.2842,false,54,true,true,true,true,true,false,false,"0:[0, 1, 2, 3, 4, 5, 6, 7, 8, 9, 10, 11, 12, 13, 14, 15, 16, 17, 18, 19, 20, 21, 22, 23, 24, 25, 26, 27, 28, 29, 30, 31, 32, 33, 34, 35, 36, 37, 38, 39, 40, 41, 42, 43, 44, 45, 46, 47, 48, 49, 50, 51, 52, 53], 1:[], 2:[], 3:[], 4:[], 5:[], 6:[], 7:[], 8:[], 9:[], 10:[], 11:[], 12:[], 13:[], 14:[], 15:[], 16:[], 17:[], 18:[], 19:[], 20:[], 21:[], 22:[], 23:[], 24:[], 25:[], 26:[], 27:[], 28:[], 29:[], 30:[], 31:[], 32:[], 33:[], 34:[], 35:[], 36:[], 37:[], 38:[], 39:[], 40:[], 41:[], 42:[], 43:[], 44:[], 45:[], 46:[], 47:[], 48:[], 49:[], 50:[], 51:[], 52:[], 53:[]",1687276112,1988147337
1321,7,873.6136,815023,12042002,95749999,12.1797,false,56,true,true,true,true,true,false,false,"0:[0, 1, 2, 3, 4, 5, 6, 7, 8, 9, 10, 11, 12, 13, 14, 15, 16, 17, 18, 19, 20, 21, 22, 23, 24, 25, 26, 27, 28, 29, 30, 31, 32, 33, 34, 35, 36, 37, 38, 39, 40, 41, 42, 43, 44, 45, 46, 47, 48, 49, 50, 51, 52, 53, 54, 55], 1:[], 2:[], 3:[], 4:[], 5:[], 6:[], 7:[], 8:[], 9:[], 10:[], 11:[], 12:[], 13:[], 14:[], 15:[], 16:[], 17:[], 18:[], 19:[], 20:[], 21:[], 22:[], 23:[], 24:[], 25:[], 26:[], 27:[], 28:[], 29:[], 30:[], 31:[], 32:[], 33:[], 34:[], 35:[], 36:[], 37:[], 38:[], 39:[], 40:[], 41:[], 42:[], 43:[], 44:[], 45:[], 46:[], 47:[], 48:[], 49:[], 50:[], 51:[], 52:[], 53:[], 54:[], 55:[]",1691758264,1994673170
1327,3,771.8469,826112,12206368,97058466,12.1879,false,56,true,true,true,true,true,false,false,"0:[0, 1, 2, 3, 4, 5, 6, 7, 8, 9, 10, 11, 12, 13, 14, 15, 16, 17, 18, 19, 20, 21, 22, 23, 24, 25, 26, 27, 28, 29, 30, 31, 32, 33, 34, 35, 36, 37, 38, 39, 40, 41, 42, 43, 44, 45, 46, 47, 48, 49, 50, 51, 52, 53, 54, 55], 1:[], 2:[], 3:[], 4:[], 5:[], 6:[], 7:[], 8:[], 9:[], 10:[], 11:[], 12:[], 13:[], 14:[], 15:[], 16:[], 17:[], 18:[], 19:[], 20:[], 21:[], 22:[], 23:[], 24:[], 25:[], 26:[], 27:[], 28:[], 29:[], 30:[], 31:[], 32:[], 33:[], 34:[], 35:[], 36:[], 37:[], 38:[], 39:[], 40:[], 41:[], 42:[], 43:[], 44:[], 45:[], 46:[], 47:[], 48:[], 49:[], 50:[], 51:[], 52:[], 53:[], 54:[], 55:[]",1705173680,2014159760
1361,3,1020.7511,890853,13168226,104723914,13.2707,false,57,true,true,true,true,true,false,false,"0:[0, 1, 2, 3, 4, 5, 6, 7, 8, 9, 10, 11, 12, 13, 14, 15, 16, 17, 18, 19, 20, 21, 22, 23, 24, 25, 26, 27, 28, 29, 30, 31, 32, 33, 34, 35, 36, 37, 38, 39, 40, 41, 42, 43, 44, 45, 46, 47, 48, 49, 50, 51, 52, 53, 54, 55, 56], 1:[], 2:[], 3:[], 4:[], 5:[], 6:[], 7:[], 8:[], 9:[], 10:[], 11:[], 12:[], 13:[], 14:[], 15:[], 16:[], 17:[], 18:[], 19:[], 20:[], 21:[], 22:[], 23:[], 24:[], 25:[], 26:[], 27:[], 28:[], 29:[], 30:[], 31:[], 32:[], 33:[], 34:[], 35:[], 36:[], 37:[], 38:[], 39:[], 40:[], 41:[], 42:[], 43:[], 44:[], 45:[], 46:[], 47:[], 48:[], 49:[], 50:[], 51:[], 52:[], 53:[], 54:[], 55:[], 56:[]",1783676104,2128260050
1367,5,834.8050,902618,13342694,106113155,13.9012,false,57,true,true,true,true,true,false,false,"0:[0, 1, 2, 3, 4, 5, 6, 7, 8, 9, 10, 11, 12, 13, 14, 15, 16, 17, 18, 19, 20, 21, 22, 23, 24, 25, 26, 27, 28, 29, 30, 31, 32, 33, 34, 35, 36, 37, 38, 39, 40, 41, 42, 43, 44, 45, 46, 47, 48, 49, 50, 51, 52, 53, 54, 55, 56], 1:[], 2:[], 3:[], 4:[], 5:[], 6:[], 7:[], 8:[], 9:[], 10:[], 11:[], 12:[], 13:[], 14:[], 15:[], 16:[], 17:[], 18:[], 19:[], 20:[], 21:[], 22:[], 23:[], 24:[], 25:[], 26:[], 27:[], 28:[], 29:[], 30:[], 31:[], 32:[], 33:[], 34:[], 35:[], 36:[], 37:[], 38:[], 39:[], 40:[], 41:[], 42:[], 43:[], 44:[], 45:[], 46:[], 47:[], 48:[], 49:[], 50:[], 51:[], 52:[], 53:[], 54:[], 55:[], 56:[]",1797915904,2148944798
1373,2,913.0199,914486,13519351,107522356,14.0257,false,58,true,true,true,true,true,false,false,"0:[0, 1, 2, 3, 4, 5, 6, 7, 8, 9, 10, 11, 12, 13, 14, 15, 16, 17, 18, 19, 20, 21, 22, 23, 24, 25, 26, 27, 28, 29, 30, 31, 32, 33, 34, 35, 36, 37, 38, 39, 40, 41, 42, 43, 44, 45, 46, 47, 48, 49, 50, 51, 52, 53, 54, 55, 56, 57], 1:[], 2:[], 3:[], 4:[], 5:[], 6:[], 7:[], 8:[], 9:[], 10:[], 11:[], 12:[], 13:[], 14:[], 15:[], 16:[], 17:[], 18:[], 19:[], 20:[], 21:[], 22:[], 23:[], 24:[], 25:[], 26:[], 27:[], 28:[], 29:[], 30:[], 31:[], 32:[], 33:[], 34:[], 35:[], 36:[], 37:[], 38:[], 39:[], 40:[], 41:[], 42:[], 43:[], 44:[], 45:[], 46:[], 47:[], 48:[], 49:[], 50:[], 51:[], 52:[], 53:[], 54:[], 55:[], 56:[], 57:[]",1812333296,2169909731
1381,2,929.0859,930471,13756800,109414410,14.3022,false,57,true,true,true,true,true,false,false,"0:[0, 1, 2, 3, 4, 5, 6, 7, 8, 9, 10, 11, 12, 13, 14, 15, 16, 17, 18, 19, 20, 21, 22, 23, 24, 25, 26, 27, 28, 29, 30, 31, 32, 33, 34, 35, 36, 37, 38, 39, 40, 41, 42, 43, 44, 45, 46, 47, 48, 49, 50, 51, 52, 53, 54, 55, 56], 1:[], 2:[], 3:[], 4:[], 5:[], 6:[], 7:[], 8:[], 9:[], 10:[], 11:[], 12:[], 13:[], 14:[], 15:[], 16:[], 17:[], 18:[], 19:[], 20:[], 21:[], 22:[], 23:[], 24:[], 25:[], 26:[], 27:[], 28:[], 29:[], 30:[], 31:[], 32:[], 33:[], 34:[], 35:[], 36:[], 37:[], 38:[], 39:[], 40:[], 41:[], 42:[], 43:[], 44:[], 45:[], 46:[], 47:[], 48:[], 49:[], 50:[], 51:[], 52:[], 53:[], 54:[], 55:[], 56:[]",1861072984,2227434360
1399,3,1037.6953,967117,14300893,113749034,14.4107,false,58,true,true,true,true,true,false,false,"0:[0, 1, 2, 3, 4, 5, 6, 7, 8, 9, 10, 11, 12, 13, 14, 15, 16, 17, 18, 19, 20, 21, 22, 23, 24, 25, 26, 27, 28, 29, 30, 31, 32, 33, 34, 35, 36, 37, 38, 39, 40, 41, 42, 43, 44, 45, 46, 47, 48, 49, 50, 51, 52, 53, 54, 55, 56, 57], 1:[], 2:[], 3:[], 4:[], 5:[], 6:[], 7:[], 8:[], 9:[], 10:[], 11:[], 12:[], 13:[], 14:[], 15:[], 16:[], 17:[], 18:[], 19:[], 20:[], 21:[], 22:[], 23:[], 24:[], 25:[], 26:[], 27:[], 28:[], 29:[], 30:[], 31:[], 32:[], 33:[], 34:[], 35:[], 36:[], 37:[], 38:[], 39:[], 40:[], 41:[], 42:[], 43:[], 44:[], 45:[], 46:[], 47:[], 48:[], 49:[], 50:[], 51:[], 52:[], 53:[], 54:[], 55:[], 56:[], 57:[]",1905479928,2291961001
1409,3,1041.3854,987885,14609809,116212204,15.2091,false,59,true,true,true,true,true,false,false,"0:[0, 1, 2, 3, 4, 5, 6, 7, 8, 9, 10, 11, 12, 13, 14, 15, 16, 17, 18, 19, 20, 21, 22, 23, 24, 25, 26, 27, 28, 29, 30, 31, 32, 33, 34, 35, 36, 37, 38, 39, 40, 41, 42, 43, 44, 45, 46, 47, 48, 49, 50, 51, 52, 53, 54, 55, 56, 57, 58], 1:[], 2:[], 3:[], 4:[], 5:[], 6:[], 7:[], 8:[], 9:[], 10:[], 11:[], 12:[], 13:[], 14:[], 15:[], 16:[], 17:[], 18:[], 19:[], 20:[], 21:[], 22:[], 23:[], 24:[], 25:[], 26:[], 27:[], 28:[], 29:[], 30:[], 31:[], 32:[], 33:[], 34:[], 35:[], 36:[], 37:[], 38:[], 39:[], 40:[], 41:[], 42:[], 43:[], 44:[], 45:[], 46:[], 47:[], 48:[], 49:[], 50:[], 51:[], 52:[], 53:[], 54:[], 55:[], 56:[], 57:[], 58:[]",2517894200,2328613165
1423,3,939.0460,1017456,15048913,119710589,15.5946,false,60,true,true,true,true,true,false,false,"0:[0, 1, 2, 3, 4, 5, 6, 7, 8, 9, 10, 11, 12, 13, 14, 15, 16, 17, 18, 19, 20, 21, 22, 23, 24, 25, 26, 27, 28, 29, 30, 31, 32, 33, 34, 35, 36, 37, 38, 39, 40, 41, 42, 43, 44, 45, 46, 47, 48, 49, 50, 51, 52, 53, 54, 55, 56, 57, 58, 59], 1:[], 2:[], 3:[], 4:[], 5:[], 6:[], 7:[], 8:[], 9:[], 10:[], 11:[], 12:[], 13:[], 14:[], 15:[], 16:[], 17:[], 18:[], 19:[], 20:[], 21:[], 22:[], 23:[], 24:[], 25:[], 26:[], 27:[], 28:[], 29:[], 30:[], 31:[], 32:[], 33:[], 34:[], 35:[], 36:[], 37:[], 38:[], 39:[], 40:[], 41:[], 42:[], 43:[], 44:[], 45:[], 46:[], 47:[], 48:[], 49:[], 50:[], 51:[], 52:[], 53:[], 54:[], 55:[], 56:[], 57:[], 58:[], 59:[]",2553732224,2380686997
1427,2,863.6467,1026012,15176059,120723955,15.3676,false,59,true,true,true,true,true,false,false,"0:[0, 1, 2, 3, 4, 5, 6, 7, 8, 9, 10, 11, 12, 13, 14, 15, 16, 17, 18, 19, 20, 21, 22, 23, 24, 25, 26, 27, 28, 29, 30, 31, 32, 33, 34, 35, 36, 37, 38, 39, 40, 41, 42, 43, 44, 45, 46, 47, 48, 49, 50, 51, 52, 53, 54, 55, 56, 57, 58], 1:[], 2:[], 3:[], 4:[], 5:[], 6:[], 7:[], 8:[], 9:[], 10:[], 11:[], 12:[], 13:[], 14:[], 15:[], 16:[], 17:[], 18:[], 19:[], 20:[], 21:[], 22:[], 23:[], 24:[], 25:[], 26:[], 27:[], 28:[], 29:[], 30:[], 31:[], 32:[], 33:[], 34:[], 35:[], 36:[], 37:[], 38:[], 39:[], 40:[], 41:[], 42:[], 43:[], 44:[], 45:[], 46:[], 47:[], 48:[], 49:[], 50:[], 51:[], 52:[], 53:[], 54:[], 55:[], 56:[], 57:[], 58:[]",2564109248,2395767911
1429,2,923.1553,1030309,15240242,121236749,15.8084,false,59,true,true,true,true,true,false,false,"0:[0, 1, 2, 3, 4, 5, 6, 7, 8, 9, 10, 11, 12, 13, 14, 15, 16, 17, 18, 19, 20, 21, 22, 23, 24, 25, 26, 27, 28, 29, 30, 31, 32, 33, 34, 35, 36, 37, 38, 39, 40, 41, 42, 43, 44, 45, 46, 47, 48, 49, 50, 51, 52, 53, 54, 55, 56, 57, 58], 1:[], 2:[], 3:[], 4:[], 5:[], 6:[], 7:[], 8:[], 9:[], 10:[], 11:[], 12:[], 13:[], 14:[], 15:[], 16:[], 17:[], 18:[], 19:[], 20:[], 21:[], 22:[], 23:[], 24:[], 25:[], 26:[], 27:[], 28:[], 29:[], 30:[], 31:[], 32:[], 33:[], 34:[], 35:[], 36:[], 37:[], 38:[], 39:[], 40:[], 41:[], 42:[], 43:[], 44:[], 45:[], 46:[], 47:[], 48:[], 49:[], 50:[], 51:[], 52:[], 53:[], 54:[], 55:[], 56:[], 57:[], 58:[]",2569347016,2403391746
1433,3,1061.1082,1038936,15368468,122258820,15.9436,false,59,true,true,true,true,true,false,false,"0:[0, 1, 2, 3, 4, 5, 6, 7, 8, 9, 10, 11, 12, 13, 14, 15, 16, 17, 18, 19, 20, 21, 22, 23, 24, 25, 26, 27, 28, 29, 30, 31, 32, 33, 34, 35, 36, 37, 38, 39, 40, 41, 42, 43, 44, 45, 46, 47, 48, 49, 50, 51, 52, 53, 54, 55, 56, 57, 58], 1:[], 2:[], 3:[], 4:[], 5:[], 6:[], 7:[], 8:[], 9:[], 10:[], 11:[], 12:[], 13:[], 14:[], 15:[], 16:[], 17:[], 18:[], 19:[], 20:[], 21:[], 22:[], 23:[], 24:[], 25:[], 26:[], 27:[], 28:[], 29:[], 30:[], 31:[], 32:[], 33:[], 34:[], 35:[], 36:[], 37:[], 38:[], 39:[], 40:[], 41:[], 42:[], 43:[], 44:[], 45:[], 46:[], 47:[], 48:[], 49:[], 50:[], 51:[], 52:[], 53:[], 54:[], 55:[], 56:[], 57:[], 58:[]",2579812144,2418601236
1439,7,999.3957,1051969,15561780,123798070,16.4782,false,59,true,true,true,true,true,false,false,"0:[0, 1, 2, 3, 4, 5, 6, 7, 8, 9, 10, 11, 12, 13, 14, 15, 16, 17, 18, 19, 20, 21, 22, 23, 24, 25, 26, 27, 28, 29, 30, 31, 32, 33, 34, 35, 36, 37, 38, 39, 40, 41, 42, 43, 44, 45, 46, 47, 48, 49, 50, 51, 52, 53, 54, 55, 56, 57, 58], 1:[], 2:[], 3:[], 4:[], 5:[], 6:[], 7:[], 8:[], 9:[], 10:[], 11:[], 12:[], 13:[], 14:[], 15:[], 16:[], 17:[], 18:[], 19:[], 20:[], 21:[], 22:[], 23:[], 24:[], 25:[], 26:[], 27:[], 28:[], 29:[], 30:[], 31:[], 32:[], 33:[], 34:[], 35:[], 36:[], 37:[], 38:[], 39:[], 40:[], 41:[], 42:[], 43:[], 44:[], 45:[], 46:[], 47:[], 48:[], 49:[], 50:[], 51:[], 52:[], 53:[], 54:[], 55:[], 56:[], 57:[], 58:[]",2595589896,2441519500
1447,3,985.9034,1069513,15822509,125875971,16.7334,false,61,true,true,true,true,true,false,false,"0:[0, 1, 2, 3, 4, 5, 6, 7, 8, 9, 10, 11, 12, 13, 14, 15, 16, 17, 18, 19, 20, 21, 22, 23, 24, 25, 26, 27, 28, 29, 30, 31, 32, 33, 34, 35, 36, 37, 38, 39, 40, 41, 42, 43, 44, 45, 46, 47, 48, 49, 50, 51, 52, 53, 54, 55, 56, 57, 58, 59, 60], 1:[], 2:[], 3:[], 4:[], 5:[], 6:[], 7:[], 8:[], 9:[], 10:[], 11:[], 12:[], 13:[], 14:[], 15:[], 16:[], 17:[], 18:[], 19:[], 20:[], 21:[], 22:[], 23:[], 24:[], 25:[], 26:[], 27:[], 28:[], 29:[], 30:[], 31:[], 32:[], 33:[], 34:[], 35:[], 36:[], 37:[], 38:[], 39:[], 40:[], 41:[], 42:[], 43:[], 44:[], 45:[], 46:[], 47:[], 48:[], 49:[], 50:[], 51:[], 52:[], 53:[], 54:[], 55:[], 56:[], 57:[], 58:[], 59:[], 60:[]",2616869272,2472445625
1451,2,942.4969,1078358,15953985,126923963,16.8413,false,61,true,true,true,true,true,false,false,"0:[0, 1, 2, 3, 4, 5, 6, 7, 8, 9, 10, 11, 12, 13, 14, 15, 16, 17, 18, 19, 20, 21, 22, 23, 24, 25, 26, 27, 28, 29, 30, 31, 32, 33, 34, 35, 36, 37, 38, 39, 40, 41, 42, 43, 44, 45, 46, 47, 48, 49, 50, 51, 52, 53, 54, 55, 56, 57, 58, 59, 60], 1:[], 2:[], 3:[], 4:[], 5:[], 6:[], 7:[], 8:[], 9:[], 10:[], 11:[], 12:[], 13:[], 14:[], 15:[], 16:[], 17:[], 18:[], 19:[], 20:[], 21:[], 22:[], 23:[], 24:[], 25:[], 26:[], 27:[], 28:[], 29:[], 30:[], 31:[], 32:[], 33:[], 34:[], 35:[], 36:[], 37:[], 38:[], 39:[], 40:[], 41:[], 42:[], 43:[], 44:[], 45:[], 46:[], 47:[], 48:[], 49:[], 50:[], 51:[], 52:[], 53:[], 54:[], 55:[], 56:[], 57:[], 58:[], 59:[], 60:[]",2627599632,2488040309
1453,2,1088.4688,1082799,16020406,127455202,16.5540,false,61,true,true,true,true,true,false,false,"0:[0, 1, 2, 3, 4, 5, 6, 7, 8, 9, 10, 11, 12, 13, 14, 15, 16, 17, 18, 19, 20, 21, 22, 23, 24, 25, 26, 27, 28, 29, 30, 31, 32, 33, 34, 35, 36, 37, 38, 39, 40, 41, 42, 43, 44, 45, 46, 47, 48, 49, 50, 51, 52, 53, 54, 55, 56, 57, 58, 59, 60], 1:[], 2:[], 3:[], 4:[], 5:[], 6:[], 7:[], 8:[], 9:[], 10:[], 11:[], 12:[], 13:[], 14:[], 15:[], 16:[], 17:[], 18:[], 19:[], 20:[], 21:[], 22:[], 23:[], 24:[], 25:[], 26:[], 27:[], 28:[], 29:[], 30:[], 31:[], 32:[], 33:[], 34:[], 35:[], 36:[], 37:[], 38:[], 39:[], 40:[], 41:[], 42:[], 43:[], 44:[], 45:[], 46:[], 47:[], 48:[], 49:[], 50:[], 51:[], 52:[], 53:[], 54:[], 55:[], 56:[], 57:[], 58:[], 59:[], 60:[]",2633019896,2495930694
1459,2,1080.6007,1096195,16219129,129037554,16.7613,false,61,true,true,true,true,true,false,false,"0:[0, 1, 2, 3, 4, 5, 6, 7, 8, 9, 10, 11, 12, 13, 14, 15, 16, 17, 18, 19, 20, 21, 22, 23, 24, 25, 26, 27, 28, 29, 30, 31, 32, 33, 34, 35, 36, 37, 38, 39, 40, 41, 42, 43, 44, 45, 46, 47, 48, 49, 50, 51, 52, 53, 54, 55, 56, 57, 58, 59, 60], 1:[], 2:[], 3:[], 4:[], 5:[], 6:[], 7:[], 8:[], 9:[], 10:[], 11:[], 12:[], 13:[], 14:[], 15:[], 16:[], 17:[], 18:[], 19:[], 20:[], 21:[], 22:[], 23:[], 24:[], 25:[], 26:[], 27:[], 28:[], 29:[], 30:[], 31:[], 32:[], 33:[], 34:[], 35:[], 36:[], 37:[], 38:[], 39:[], 40:[], 41:[], 42:[], 43:[], 44:[], 45:[], 46:[], 47:[], 48:[], 49:[], 50:[], 51:[], 52:[], 53:[], 54:[], 55:[], 56:[], 57:[], 58:[], 59:[], 60:[]",2649239240,2519490245
1471,3,1071.3332,1123316,16622296,132251289,16.6883,false,61,true,true,true,true,true,false,false,"0:[0, 1, 2, 3, 4, 5, 6, 7, 8, 9, 10, 11, 12, 13, 14, 15, 16, 17, 18, 19, 20, 21, 22, 23, 24, 25, 26, 27, 28, 29, 30, 31, 32, 33, 34, 35, 36, 37, 38, 39, 40, 41, 42, 43, 44, 45, 46, 47, 48, 49, 50, 51, 52, 53, 54, 55, 56, 57, 58, 59, 60], 1:[], 2:[], 3:[], 4:[], 5:[], 6:[], 7:[], 8:[], 9:[], 10:[], 11:[], 12:[], 13:[], 14:[], 15:[], 16:[], 17:[], 18:[], 19:[], 20:[], 21:[], 22:[], 23:[], 24:[], 25:[], 26:[], 27:[], 28:[], 29:[], 30:[], 31:[], 32:[], 33:[], 34:[], 35:[], 36:[], 37:[], 38:[], 39:[], 40:[], 41:[], 42:[], 43:[], 44:[], 45:[], 46:[], 47:[], 48:[], 49:[], 50:[], 51:[], 52:[], 53:[], 54:[], 55:[], 56:[], 57:[], 58:[], 59:[], 60:[]",2682143504,2567311944
1481,3,1177.1208,1146256,16963657,134973639,17.5120,false,62,true,true,true,true,true,false,false,"0:[0, 1, 2, 3, 4, 5, 6, 7, 8, 9, 10, 11, 12, 13, 14, 15, 16, 17, 18, 19, 20, 21, 22, 23, 24, 25, 26, 27, 28, 29, 30, 31, 32, 33, 34, 35, 36, 37, 38, 39, 40, 41, 42, 43, 44, 45, 46, 47, 48, 49, 50, 51, 52, 53, 54, 55, 56, 57, 58, 59, 60, 61], 1:[], 2:[], 3:[], 4:[], 5:[], 6:[], 7:[], 8:[], 9:[], 10:[], 11:[], 12:[], 13:[], 14:[], 15:[], 16:[], 17:[], 18:[], 19:[], 20:[], 21:[], 22:[], 23:[], 24:[], 25:[], 26:[], 27:[], 28:[], 29:[], 30:[], 31:[], 32:[], 33:[], 34:[], 35:[], 36:[], 37:[], 38:[], 39:[], 40:[], 41:[], 42:[], 43:[], 44:[], 45:[], 46:[], 47:[], 48:[], 49:[], 50:[], 51:[], 52:[], 53:[], 54:[], 55:[], 56:[], 57:[], 58:[], 59:[], 60:[], 61:[]",2802277632,2876248525
1483,2,1015.2824,1150881,17032032,135517127,17.4731,false,61,true,true,true,true,true,false,false,"0:[0, 1, 2, 3, 4, 5, 6, 7, 8, 9, 10, 11, 12, 13, 14, 15, 16, 17, 18, 19, 20, 21, 22, 23, 24, 25, 26, 27, 28, 29, 30, 31, 32, 33, 34, 35, 36, 37, 38, 39, 40, 41, 42, 43, 44, 45, 46, 47, 48, 49, 50, 51, 52, 53, 54, 55, 56, 57, 58, 59, 60], 1:[], 2:[], 3:[], 4:[], 5:[], 6:[], 7:[], 8:[], 9:[], 10:[], 11:[], 12:[], 13:[], 14:[], 15:[], 16:[], 17:[], 18:[], 19:[], 20:[], 21:[], 22:[], 23:[], 24:[], 25:[], 26:[], 27:[], 28:[], 29:[], 30:[], 31:[], 32:[], 33:[], 34:[], 35:[], 36:[], 37:[], 38:[], 39:[], 40:[], 41:[], 42:[], 43:[], 44:[], 45:[], 46:[], 47:[], 48:[], 49:[], 50:[], 51:[], 52:[], 53:[], 54:[], 55:[], 56:[], 57:[], 58:[], 59:[], 60:[]",2807858632,2884347080
1487,5,1261.4667,1160169,17170087,136617452,17.8664,false,62,true,true,true,true,true,false,false,"0:[0, 1, 2, 3, 4, 5, 6, 7, 8, 9, 10, 11, 12, 13, 14, 15, 16, 17, 18, 19, 20, 21, 22, 23, 24, 25, 26, 27, 28, 29, 30, 31, 32, 33, 34, 35, 36, 37, 38, 39, 40, 41, 42, 43, 44, 45, 46, 47, 48, 49, 50, 51, 52, 53, 54, 55, 56, 57, 58, 59, 60, 61], 1:[], 2:[], 3:[], 4:[], 5:[], 6:[], 7:[], 8:[], 9:[], 10:[], 11:[], 12:[], 13:[], 14:[], 15:[], 16:[], 17:[], 18:[], 19:[], 20:[], 21:[], 22:[], 23:[], 24:[], 25:[], 26:[], 27:[], 28:[], 29:[], 30:[], 31:[], 32:[], 33:[], 34:[], 35:[], 36:[], 37:[], 38:[], 39:[], 40:[], 41:[], 42:[], 43:[], 44:[], 45:[], 46:[], 47:[], 48:[], 49:[], 50:[], 51:[], 52:[], 53:[], 54:[], 55:[], 56:[], 57:[], 58:[], 59:[], 60:[], 61:[]",2819125944,2900721979
1489,7,1315.4036,1164832,17239757,137174156,18.9301,false,63,true,true,true,true,true,false,false,"0:[0, 1, 2, 3, 4, 5, 6, 7, 8, 9, 10, 11, 12, 13, 14, 15, 16, 17, 18, 19, 20, 21, 22, 23, 24, 25, 26, 27, 28, 29, 30, 31, 32, 33, 34, 35, 36, 37, 38, 39, 40, 41, 42, 43, 44, 45, 46, 47, 48, 49, 50, 51, 52, 53, 54, 55, 56, 57, 58, 59, 60, 61, 62], 1:[], 2:[], 3:[], 4:[], 5:[], 6:[], 7:[], 8:[], 9:[], 10:[], 11:[], 12:[], 13:[], 14:[], 15:[], 16:[], 17:[], 18:[], 19:[], 20:[], 21:[], 22:[], 23:[], 24:[], 25:[], 26:[], 27:[], 28:[], 29:[], 30:[], 31:[], 32:[], 33:[], 34:[], 35:[], 36:[], 37:[], 38:[], 39:[], 40:[], 41:[], 42:[], 43:[], 44:[], 45:[], 46:[], 47:[], 48:[], 49:[], 50:[], 51:[], 52:[], 53:[], 54:[], 55:[], 56:[], 57:[], 58:[], 59:[], 60:[], 61:[], 62:[]",2824811456,2908997121
1493,2,1049.1109,1174194,17379019,138284758,18.7000,false,63,true,true,true,true,true,false,false,"0:[0, 1, 2, 3, 4, 5, 6, 7, 8, 9, 10, 11, 12, 13, 14, 15, 16, 17, 18, 19, 20, 21, 22, 23, 24, 25, 26, 27, 28, 29, 30, 31, 32, 33, 34, 35, 36, 37, 38, 39, 40, 41, 42, 43, 44, 45, 46, 47, 48, 49, 50, 51, 52, 53, 54, 55, 56, 57, 58, 59, 60, 61, 62], 1:[], 2:[], 3:[], 4:[], 5:[], 6:[], 7:[], 8:[], 9:[], 10:[], 11:[], 12:[], 13:[], 14:[], 15:[], 16:[], 17:[], 18:[], 19:[], 20:[], 21:[], 22:[], 23:[], 24:[], 25:[], 26:[], 27:[], 28:[], 29:[], 30:[], 31:[], 32:[], 33:[], 34:[], 35:[], 36:[], 37:[], 38:[], 39:[], 40:[], 41:[], 42:[], 43:[], 44:[], 45:[], 46:[], 47:[], 48:[], 49:[], 50:[], 51:[], 52:[], 53:[], 54:[], 55:[], 56:[], 57:[], 58:[], 59:[], 60:[], 61:[], 62:[]",2836177104,2925516391
1499,2,1055.7564,1188332,17588775,139954958,19.1818,false,63,true,true,true,true,true,false,false,"0:[0, 1, 2, 3, 4, 5, 6, 7, 8, 9, 10, 11, 12, 13, 14, 15, 16, 17, 18, 19, 20, 21, 22, 23, 24, 25, 26, 27, 28, 29, 30, 31, 32, 33, 34, 35, 36, 37, 38, 39, 40, 41, 42, 43, 44, 45, 46, 47, 48, 49, 50, 51, 52, 53, 54, 55, 56, 57, 58, 59, 60, 61, 62], 1:[], 2:[], 3:[], 4:[], 5:[], 6:[], 7:[], 8:[], 9:[], 10:[], 11:[], 12:[], 13:[], 14:[], 15:[], 16:[], 17:[], 18:[], 19:[], 20:[], 21:[], 22:[], 23:[], 24:[], 25:[], 26:[], 27:[], 28:[], 29:[], 30:[], 31:[], 32:[], 33:[], 34:[], 35:[], 36:[], 37:[], 38:[], 39:[], 40:[], 41:[], 42:[], 43:[], 44:[], 45:[], 46:[], 47:[], 48:[], 49:[], 50:[], 51:[], 52:[], 53:[], 54:[], 55:[], 56:[], 57:[], 58:[], 59:[], 60:[], 61:[], 62:[]",2853296896,2950384067
1511,11,1324.4893,1216946,18014200,143346228,18.8534,false,62,true,true,true,true,true,false,false,"0:[0, 1, 2, 3, 4, 5, 6, 7, 8, 9, 10, 11, 12, 13, 14, 15, 16, 17, 18, 19, 20, 21, 22, 23, 24, 25, 26, 27, 28, 29, 30, 31, 32, 33, 34, 35, 36, 37, 38, 39, 40, 41, 42, 43, 44, 45, 46, 47, 48, 49, 50, 51, 52, 53, 54, 55, 56, 57, 58, 59, 60, 61], 1:[], 2:[], 3:[], 4:[], 5:[], 6:[], 7:[], 8:[], 9:[], 10:[], 11:[], 12:[], 13:[], 14:[], 15:[], 16:[], 17:[], 18:[], 19:[], 20:[], 21:[], 22:[], 23:[], 24:[], 25:[], 26:[], 27:[], 28:[], 29:[], 30:[], 31:[], 32:[], 33:[], 34:[], 35:[], 36:[], 37:[], 38:[], 39:[], 40:[], 41:[], 42:[], 43:[], 44:[], 45:[], 46:[], 47:[], 48:[], 49:[], 50:[], 51:[], 52:[], 53:[], 54:[], 55:[], 56:[], 57:[], 58:[], 59:[], 60:[], 61:[]",2888017632,3000844728
1523,2,1113.1088,1246016,18446506,146792879,19.5394,false,63,true,true,true,true,true,false,false,"0:[0, 1, 2, 3, 4, 5, 6, 7, 8, 9, 10, 11, 12, 13, 14, 15, 16, 17, 18, 19, 20, 21, 22, 23, 24, 25, 26, 27, 28, 29, 30, 31, 32, 33, 34, 35, 36, 37, 38, 39, 40, 41, 42, 43, 44, 45, 46, 47, 48, 49, 50, 51, 52, 53, 54, 55, 56, 57, 58, 59, 60, 61, 62], 1:[], 2:[], 3:[], 4:[], 5:[], 6:[], 7:[], 8:[], 9:[], 10:[], 11:[], 12:[], 13:[], 14:[], 15:[], 16:[], 17:[], 18:[], 19:[], 20:[], 21:[], 22:[], 23:[], 24:[], 25:[], 26:[], 27:[], 28:[], 29:[], 30:[], 31:[], 32:[], 33:[], 34:[], 35:[], 36:[], 37:[], 38:[], 39:[], 40:[], 41:[], 42:[], 43:[], 44:[], 45:[], 46:[], 47:[], 48:[], 49:[], 50:[], 51:[], 52:[], 53:[], 54:[], 55:[], 56:[], 57:[], 58:[], 59:[], 60:[], 61:[], 62:[]",2923299792,3052122978
1531,2,1163.9259,1265651,18738461,149120215,19.9178,false,64,true,true,true,true,true,false,false,"0:[0, 1, 2, 3, 4, 5, 6, 7, 8, 9, 10, 11, 12, 13, 14, 15, 16, 17, 18, 19, 20, 21, 22, 23, 24, 25, 26, 27, 28, 29, 30, 31, 32, 33, 34, 35, 36, 37, 38, 39, 40, 41, 42, 43, 44, 45, 46, 47, 48, 49, 50, 51, 52, 53, 54, 55, 56, 57, 58, 59, 60, 61, 62, 63], 1:[], 2:[], 3:[], 4:[], 5:[], 6:[], 7:[], 8:[], 9:[], 10:[], 11:[], 12:[], 13:[], 14:[], 15:[], 16:[], 17:[], 18:[], 19:[], 20:[], 21:[], 22:[], 23:[], 24:[], 25:[], 26:[], 27:[], 28:[], 29:[], 30:[], 31:[], 32:[], 33:[], 34:[], 35:[], 36:[], 37:[], 38:[], 39:[], 40:[], 41:[], 42:[], 43:[], 44:[], 45:[], 46:[], 47:[], 48:[], 49:[], 50:[], 51:[], 52:[], 53:[], 54:[], 55:[], 56:[], 57:[], 58:[], 59:[], 60:[], 61:[], 62:[], 63:[]",2947127432,3086752345
1543,3,1375.1223,1295489,19182165,152657504,20.0680,false,65,true,true,true,true,true,false,false,"0:[0, 1, 2, 3, 4, 5, 6, 7, 8, 9, 10, 11, 12, 13, 14, 15, 16, 17, 18, 19, 20, 21, 22, 23, 24, 25, 26, 27, 28, 29, 30, 31, 32, 33, 34, 35, 36, 37, 38, 39, 40, 41, 42, 43, 44, 45, 46, 47, 48, 49, 50, 51, 52, 53, 54, 55, 56, 57, 58, 59, 60, 61, 62, 63, 64], 1:[], 2:[], 3:[], 4:[], 5:[], 6:[], 7:[], 8:[], 9:[], 10:[], 11:[], 12:[], 13:[], 14:[], 15:[], 16:[], 17:[], 18:[], 19:[], 20:[], 21:[], 22:[], 23:[], 24:[], 25:[], 26:[], 27:[], 28:[], 29:[], 30:[], 31:[], 32:[], 33:[], 34:[], 35:[], 36:[], 37:[], 38:[], 39:[], 40:[], 41:[], 42:[], 43:[], 44:[], 45:[], 46:[], 47:[], 48:[], 49:[], 50:[], 51:[], 52:[], 53:[], 54:[], 55:[], 56:[], 57:[], 58:[], 59:[], 60:[], 61:[], 62:[], 63:[], 64:[]",2983339864,3139382945
1549,2,1147.1299,1310583,19407021,154451743,20.9906,false,64,true,true,true,true,true,false,false,"0:[0, 1, 2, 3, 4, 5, 6, 7, 8, 9, 10, 11, 12, 13, 14, 15, 16, 17, 18, 19, 20, 21, 22, 23, 24, 25, 26, 27, 28, 29, 30, 31, 32, 33, 34, 35, 36, 37, 38, 39, 40, 41, 42, 43, 44, 45, 46, 47, 48, 49, 50, 51, 52, 53, 54, 55, 56, 57, 58, 59, 60, 61, 62, 63], 1:[], 2:[], 3:[], 4:[], 5:[], 6:[], 7:[], 8:[], 9:[], 10:[], 11:[], 12:[], 13:[], 14:[], 15:[], 16:[], 17:[], 18:[], 19:[], 20:[], 21:[], 22:[], 23:[], 24:[], 25:[], 26:[], 27:[], 28:[], 29:[], 30:[], 31:[], 32:[], 33:[], 34:[], 35:[], 36:[], 37:[], 38:[], 39:[], 40:[], 41:[], 42:[], 43:[], 44:[], 45:[], 46:[], 47:[], 48:[], 49:[], 50:[], 51:[], 52:[], 53:[], 54:[], 55:[], 56:[], 57:[], 58:[], 59:[], 60:[], 61:[], 62:[], 63:[]",3001690600,3434499785
1553,3,1338.3888,1320709,19557615,155652279,20.8512,false,64,true,true,true,true,true,false,false,"0:[0, 1, 2, 3, 4, 5, 6, 7, 8, 9, 10, 11, 12, 13, 14, 15, 16, 17, 18, 19, 20, 21, 22, 23, 24, 25, 26, 27, 28, 29, 30, 31, 32, 33, 34, 35, 36, 37, 38, 39, 40, 41, 42, 43, 44, 45, 46, 47, 48, 49, 50, 51, 52, 53, 54, 55, 56, 57, 58, 59, 60, 61, 62, 63], 1:[], 2:[], 3:[], 4:[], 5:[], 6:[], 7:[], 8:[], 9:[], 10:[], 11:[], 12:[], 13:[], 14:[], 15:[], 16:[], 17:[], 18:[], 19:[], 20:[], 21:[], 22:[], 23:[], 24:[], 25:[], 26:[], 27:[], 28:[], 29:[], 30:[], 31:[], 32:[], 33:[], 34:[], 35:[], 36:[], 37:[], 38:[], 39:[], 40:[], 41:[], 42:[], 43:[], 44:[], 45:[], 46:[], 47:[], 48:[], 49:[], 50:[], 51:[], 52:[], 53:[], 54:[], 55:[], 56:[], 57:[], 58:[], 59:[], 60:[], 61:[], 62:[], 63:[]",3013981144,3452361859
1559,17,1338.5193,1335998,19784517,157459214,21.2439,false,64,true,true,true,true,true,false,false,"0:[0, 1, 2, 3, 4, 5, 6, 7, 8, 9, 10, 11, 12, 13, 14, 15, 16, 17, 18, 19, 20, 21, 22, 23, 24, 25, 26, 27, 28, 29, 30, 31, 32, 33, 34, 35, 36, 37, 38, 39, 40, 41, 42, 43, 44, 45, 46, 47, 48, 49, 50, 51, 52, 53, 54, 55, 56, 57, 58, 59, 60, 61, 62, 63], 1:[], 2:[], 3:[], 4:[], 5:[], 6:[], 7:[], 8:[], 9:[], 10:[], 11:[], 12:[], 13:[], 14:[], 15:[], 16:[], 17:[], 18:[], 19:[], 20:[], 21:[], 22:[], 23:[], 24:[], 25:[], 26:[], 27:[], 28:[], 29:[], 30:[], 31:[], 32:[], 33:[], 34:[], 35:[], 36:[], 37:[], 38:[], 39:[], 40:[], 41:[], 42:[], 43:[], 44:[], 45:[], 46:[], 47:[], 48:[], 49:[], 50:[], 51:[], 52:[], 53:[], 54:[], 55:[], 56:[], 57:[], 58:[], 59:[], 60:[], 61:[], 62:[], 63:[]",3032500240,3479262345
1567,3,1250.6026,1356564,20090462,159898782,20.9831,false,66,true,true,true,true,true,false,false,"0:[0, 1, 2, 3, 4, 5, 6, 7, 8, 9, 10, 11, 12, 13, 14, 15, 16, 17, 18, 19, 20, 21, 22, 23, 24, 25, 26, 27, 28, 29, 30, 31, 32, 33, 34, 35, 36, 37, 38, 39, 40, 41, 42, 43, 44, 45, 46, 47, 48, 49, 50, 51, 52, 53, 54, 55, 56, 57, 58, 59, 60, 61, 62, 63, 64, 65], 1:[], 2:[], 3:[], 4:[], 5:[], 6:[], 7:[], 8:[], 9:[], 10:[], 11:[], 12:[], 13:[], 14:[], 15:[], 16:[], 17:[], 18:[], 19:[], 20:[], 21:[], 22:[], 23:[], 24:[], 25:[], 26:[], 27:[], 28:[], 29:[], 30:[], 31:[], 32:[], 33:[], 34:[], 35:[], 36:[], 37:[], 38:[], 39:[], 40:[], 41:[], 42:[], 43:[], 44:[], 45:[], 46:[], 47:[], 48:[], 49:[], 50:[], 51:[], 52:[], 53:[], 54:[], 55:[], 56:[], 57:[], 58:[], 59:[], 60:[], 61:[], 62:[], 63:[], 64:[], 65:[]",3057469424,3515554086
1571,2,1172.5510,1366926,20244561,161127224,21.4443,false,66,true,true,true,true,true,false,false,"0:[0, 1, 2, 3, 4, 5, 6, 7, 8, 9, 10, 11, 12, 13, 14, 15, 16, 17, 18, 19, 20, 21, 22, 23, 24, 25, 26, 27, 28, 29, 30, 31, 32, 33, 34, 35, 36, 37, 38, 39, 40, 41, 42, 43, 44, 45, 46, 47, 48, 49, 50, 51, 52, 53, 54, 55, 56, 57, 58, 59, 60, 61, 62, 63, 64, 65], 1:[], 2:[], 3:[], 4:[], 5:[], 6:[], 7:[], 8:[], 9:[], 10:[], 11:[], 12:[], 13:[], 14:[], 15:[], 16:[], 17:[], 18:[], 19:[], 20:[], 21:[], 22:[], 23:[], 24:[], 25:[], 26:[], 27:[], 28:[], 29:[], 30:[], 31:[], 32:[], 33:[], 34:[], 35:[], 36:[], 37:[], 38:[], 39:[], 40:[], 41:[], 42:[], 43:[], 44:[], 45:[], 46:[], 47:[], 48:[], 49:[], 50:[], 51:[], 52:[], 53:[], 54:[], 55:[], 56:[], 57:[], 58:[], 59:[], 60:[], 61:[], 62:[], 63:[], 64:[], 65:[]",3070046032,3533831781
1579,2,1170.0776,1387809,20555208,163604266,21.8636,false,66,true,true,true,true,true,false,false,"0:[0, 1, 2, 3, 4, 5, 6, 7, 8, 9, 10, 11, 12, 13, 14, 15, 16, 17, 18, 19, 20, 21, 22, 23, 24, 25, 26, 27, 28, 29, 30, 31, 32, 33, 34, 35, 36, 37, 38, 39, 40, 41, 42, 43, 44, 45, 46, 47, 48, 49, 50, 51, 52, 53, 54, 55, 56, 57, 58, 59, 60, 61, 62, 63, 64, 65], 1:[], 2:[], 3:[], 4:[], 5:[], 6:[], 7:[], 8:[], 9:[], 10:[], 11:[], 12:[], 13:[], 14:[], 15:[], 16:[], 17:[], 18:[], 19:[], 20:[], 21:[], 22:[], 23:[], 24:[], 25:[], 26:[], 27:[], 28:[], 29:[], 30:[], 31:[], 32:[], 33:[], 34:[], 35:[], 36:[], 37:[], 38:[], 39:[], 40:[], 41:[], 42:[], 43:[], 44:[], 45:[], 46:[], 47:[], 48:[], 49:[], 50:[], 51:[], 52:[], 53:[], 54:[], 55:[], 56:[], 57:[], 58:[], 59:[], 60:[], 61:[], 62:[], 63:[], 64:[], 65:[]",3095398984,3570679120
1583,5,1489.5566,1398329,20711679,164851748,21.6357,false,66,true,true,true,true,true,false,false,"0:[0, 1, 2, 3, 4, 5, 6, 7, 8, 9, 10, 11, 12, 13, 14, 15, 16, 17, 18, 19, 20, 21, 22, 23, 24, 25, 26, 27, 28, 29, 30, 31, 32, 33, 34, 35, 36, 37, 38, 39, 40, 41, 42, 43, 44, 45, 46, 47, 48, 49, 50, 51, 52, 53, 54, 55, 56, 57, 58, 59, 60, 61, 62, 63, 64, 65], 1:[], 2:[], 3:[], 4:[], 5:[], 6:[], 7:[], 8:[], 9:[], 10:[], 11:[], 12:[], 13:[], 14:[], 15:[], 16:[], 17:[], 18:[], 19:[], 20:[], 21:[], 22:[], 23:[], 24:[], 25:[], 26:[], 27:[], 28:[], 29:[], 30:[], 31:[], 32:[], 33:[], 34:[], 35:[], 36:[], 37:[], 38:[], 39:[], 40:[], 41:[], 42:[], 43:[], 44:[], 45:[], 46:[], 47:[], 48:[], 49:[], 50:[], 51:[], 52:[], 53:[], 54:[], 55:[], 56:[], 57:[], 58:[], 59:[], 60:[], 61:[], 62:[], 63:[], 64:[], 65:[]",3108169144,3589238259
1597,2,1477.3298,1435569,21266037,169273400,22.5061,false,67,true,true,true,true,true,false,false,"0:[0, 1, 2, 3, 4, 5, 6, 7, 8, 9, 10, 11, 12, 13, 14, 15, 16, 17, 18, 19, 20, 21, 22, 23, 24, 25, 26, 27, 28, 29, 30, 31, 32, 33, 34, 35, 36, 37, 38, 39, 40, 41, 42, 43, 44, 45, 46, 47, 48, 49, 50, 51, 52, 53, 54, 55, 56, 57, 58, 59, 60, 61, 62, 63, 64, 65, 66], 1:[], 2:[], 3:[], 4:[], 5:[], 6:[], 7:[], 8:[], 9:[], 10:[], 11:[], 12:[], 13:[], 14:[], 15:[], 16:[], 17:[], 18:[], 19:[], 20:[], 21:[], 22:[], 23:[], 24:[], 25:[], 26:[], 27:[], 28:[], 29:[], 30:[], 31:[], 32:[], 33:[], 34:[], 35:[], 36:[], 37:[], 38:[], 39:[], 40:[], 41:[], 42:[], 43:[], 44:[], 45:[], 46:[], 47:[], 48:[], 49:[], 50:[], 51:[], 52:[], 53:[], 54:[], 55:[], 56:[], 57:[], 58:[], 59:[], 60:[], 61:[], 62:[], 63:[], 64:[], 65:[], 66:[]",3153411544,3655004641
1601,3,1753.1448,1446329,21426059,170549020,22.1279,false,67,true,true,true,true,true,false,false,"0:[0, 1, 2, 3, 4, 5, 6, 7, 8, 9, 10, 11, 12, 13, 14, 15, 16, 17, 18, 19, 20, 21, 22, 23, 24, 25, 26, 27, 28, 29, 30, 31, 32, 33, 34, 35, 36, 37, 38, 39, 40, 41, 42, 43, 44, 45, 46, 47, 48, 49, 50, 51, 52, 53, 54, 55, 56, 57, 58, 59, 60, 61, 62, 63, 64, 65, 66], 1:[], 2:[], 3:[], 4:[], 5:[], 6:[], 7:[], 8:[], 9:[], 10:[], 11:[], 12:[], 13:[], 14:[], 15:[], 16:[], 17:[], 18:[], 19:[], 20:[], 21:[], 22:[], 23:[], 24:[], 25:[], 26:[], 27:[], 28:[], 29:[], 30:[], 31:[], 32:[], 33:[], 34:[], 35:[], 36:[], 37:[], 38:[], 39:[], 40:[], 41:[], 42:[], 43:[], 44:[], 45:[], 46:[], 47:[], 48:[], 49:[], 50:[], 51:[], 52:[], 53:[], 54:[], 55:[], 56:[], 57:[], 58:[], 59:[], 60:[], 61:[], 62:[], 63:[], 64:[], 65:[], 66:[]",3166471544,3673984431
1607,5,1578.8940,1462570,21667267,172470701,22.6254,false,67,true,true,true,true,true,false,false,"0:[0, 1, 2, 3, 4, 5, 6, 7, 8, 9, 10, 11, 12, 13, 14, 15, 16, 17, 18, 19, 20, 21, 22, 23, 24, 25, 26, 27, 28, 29, 30, 31, 32, 33, 34, 35, 36, 37, 38, 39, 40, 41, 42, 43, 44, 45, 46, 47, 48, 49, 50, 51, 52, 53, 54, 55, 56, 57, 58, 59, 60, 61, 62, 63, 64, 65, 66], 1:[], 2:[], 3:[], 4:[], 5:[], 6:[], 7:[], 8:[], 9:[], 10:[], 11:[], 12:[], 13:[], 14:[], 15:[], 16:[], 17:[], 18:[], 19:[], 20:[], 21:[], 22:[], 23:[], 24:[], 25:[], 26:[], 27:[], 28:[], 29:[], 30:[], 31:[], 32:[], 33:[], 34:[], 35:[], 36:[], 37:[], 38:[], 39:[], 40:[], 41:[], 42:[], 43:[], 44:[], 45:[], 46:[], 47:[], 48:[], 49:[], 50:[], 51:[], 52:[], 53:[], 54:[], 55:[], 56:[], 57:[], 58:[], 59:[], 60:[], 61:[], 62:[], 63:[], 64:[], 65:[], 66:[]",3186157968,3702583007
1609,7,1601.6190,1468011,21748634,173121253,23.4776,false,68,true,true,true,true,true,false,false,"0:[0, 1, 2, 3, 4, 5, 6, 7, 8, 9, 10, 11, 12, 13, 14, 15, 16, 17, 18, 19, 20, 21, 22, 23, 24, 25, 26, 27, 28, 29, 30, 31, 32, 33, 34, 35, 36, 37, 38, 39, 40, 41, 42, 43, 44, 45, 46, 47, 48, 49, 50, 51, 52, 53, 54, 55, 56, 57, 58, 59, 60, 61, 62, 63, 64, 65, 66, 67], 1:[], 2:[], 3:[], 4:[], 5:[], 6:[], 7:[], 8:[], 9:[], 10:[], 11:[], 12:[], 13:[], 14:[], 15:[], 16:[], 17:[], 18:[], 19:[], 20:[], 21:[], 22:[], 23:[], 24:[], 25:[], 26:[], 27:[], 28:[], 29:[], 30:[], 31:[], 32:[], 33:[], 34:[], 35:[], 36:[], 37:[], 38:[], 39:[], 40:[], 41:[], 42:[], 43:[], 44:[], 45:[], 46:[], 47:[], 48:[], 49:[], 50:[], 51:[], 52:[], 53:[], 54:[], 55:[], 56:[], 57:[], 58:[], 59:[], 60:[], 61:[], 62:[], 63:[], 64:[], 65:[], 66:[], 67:[]",3192797912,3712246554
1613,2,1510.7442,1478932,21911091,174416489,23.6425,false,68,true,true,true,true,true,false,false,"0:[0, 1, 2, 3, 4, 5, 6, 7, 8, 9, 10, 11, 12, 13, 14, 15, 16, 17, 18, 19, 20, 21, 22, 23, 24, 25, 26, 27, 28, 29, 30, 31, 32, 33, 34, 35, 36, 37, 38, 39, 40, 41, 42, 43, 44, 45, 46, 47, 48, 49, 50, 51, 52, 53, 54, 55, 56, 57, 58, 59, 60, 61, 62, 63, 64, 65, 66, 67], 1:[], 2:[], 3:[], 4:[], 5:[], 6:[], 7:[], 8:[], 9:[], 10:[], 11:[], 12:[], 13:[], 14:[], 15:[], 16:[], 17:[], 18:[], 19:[], 20:[], 21:[], 22:[], 23:[], 24:[], 25:[], 26:[], 27:[], 28:[], 29:[], 30:[], 31:[], 32:[], 33:[], 34:[], 35:[], 36:[], 37:[], 38:[], 39:[], 40:[], 41:[], 42:[], 43:[], 44:[], 45:[], 46:[], 47:[], 48:[], 49:[], 50:[], 51:[], 52:[], 53:[], 54:[], 55:[], 56:[], 57:[], 58:[], 59:[], 60:[], 61:[], 62:[], 63:[], 64:[], 65:[], 66:[], 67:[]",3206056576,3731515967
1619,2,1268.6000,1495416,22155886,176366582,23.4935,false,68,true,true,true,true,true,false,false,"0:[0, 1, 2, 3, 4, 5, 6, 7, 8, 9, 10, 11, 12, 13, 14, 15, 16, 17, 18, 19, 20, 21, 22, 23, 24, 25, 26, 27, 28, 29, 30, 31, 32, 33, 34, 35, 36, 37, 38, 39, 40, 41, 42, 43, 44, 45, 46, 47, 48, 49, 50, 51, 52, 53, 54, 55, 56, 57, 58, 59, 60, 61, 62, 63, 64, 65, 66, 67], 1:[], 2:[], 3:[], 4:[], 5:[], 6:[], 7:[], 8:[], 9:[], 10:[], 11:[], 12:[], 13:[], 14:[], 15:[], 16:[], 17:[], 18:[], 19:[], 20:[], 21:[], 22:[], 23:[], 24:[], 25:[], 26:[], 27:[], 28:[], 29:[], 30:[], 31:[], 32:[], 33:[], 34:[], 35:[], 36:[], 37:[], 38:[], 39:[], 40:[], 41:[], 42:[], 43:[], 44:[], 45:[], 46:[], 47:[], 48:[], 49:[], 50:[], 51:[], 52:[], 53:[], 54:[], 55:[], 56:[], 57:[], 58:[], 59:[], 60:[], 61:[], 62:[], 63:[], 64:[], 65:[], 66:[], 67:[]",3226035792,3760538870
1621,2,1347.7980,1500937,22238488,177027188,23.9252,false,67,true,true,true,true,true,false,false,"0:[0, 1, 2, 3, 4, 5, 6, 7, 8, 9, 10, 11, 12, 13, 14, 15, 16, 17, 18, 19, 20, 21, 22, 23, 24, 25, 26, 27, 28, 29, 30, 31, 32, 33, 34, 35, 36, 37, 38, 39, 40, 41, 42, 43, 44, 45, 46, 47, 48, 49, 50, 51, 52, 53, 54, 55, 56, 57, 58, 59, 60, 61, 62, 63, 64, 65, 66], 1:[], 2:[], 3:[], 4:[], 5:[], 6:[], 7:[], 8:[], 9:[], 10:[], 11:[], 12:[], 13:[], 14:[], 15:[], 16:[], 17:[], 18:[], 19:[], 20:[], 21:[], 22:[], 23:[], 24:[], 25:[], 26:[], 27:[], 28:[], 29:[], 30:[], 31:[], 32:[], 33:[], 34:[], 35:[], 36:[], 37:[], 38:[], 39:[], 40:[], 41:[], 42:[], 43:[], 44:[], 45:[], 46:[], 47:[], 48:[], 49:[], 50:[], 51:[], 52:[], 53:[], 54:[], 55:[], 56:[], 57:[], 58:[], 59:[], 60:[], 61:[], 62:[], 63:[], 64:[], 65:[], 66:[]",3232776456,3770349792
1627,2,1336.1758,1517583,22485730,178996990,24.3338,false,67,true,true,true,true,true,false,false,"0:[0, 1, 2, 3, 4, 5, 6, 7, 8, 9, 10, 11, 12, 13, 14, 15, 16, 17, 18, 19, 20, 21, 22, 23, 24, 25, 26, 27, 28, 29, 30, 31, 32, 33, 34, 35, 36, 37, 38, 39, 40, 41, 42, 43, 44, 45, 46, 47, 48, 49, 50, 51, 52, 53, 54, 55, 56, 57, 58, 59, 60, 61, 62, 63, 64, 65, 66], 1:[], 2:[], 3:[], 4:[], 5:[], 6:[], 7:[], 8:[], 9:[], 10:[], 11:[], 12:[], 13:[], 14:[], 15:[], 16:[], 17:[], 18:[], 19:[], 20:[], 21:[], 22:[], 23:[], 24:[], 25:[], 26:[], 27:[], 28:[], 29:[], 30:[], 31:[], 32:[], 33:[], 34:[], 35:[], 36:[], 37:[], 38:[], 39:[], 40:[], 41:[], 42:[], 43:[], 44:[], 45:[], 46:[], 47:[], 48:[], 49:[], 50:[], 51:[], 52:[], 53:[], 54:[], 55:[], 56:[], 57:[], 58:[], 59:[], 60:[], 61:[], 62:[], 63:[], 64:[], 65:[], 66:[]",3252955320,3799663074
1637,2,1389.5019,1545600,22902987,182325804,24.7868,false,69,true,true,true,true,true,false,false,"0:[0, 1, 2, 3, 4, 5, 6, 7, 8, 9, 10, 11, 12, 13, 14, 15, 16, 17, 18, 19, 20, 21, 22, 23, 24, 25, 26, 27, 28, 29, 30, 31, 32, 33, 34, 35, 36, 37, 38, 39, 40, 41, 42, 43, 44, 45, 46, 47, 48, 49, 50, 51, 52, 53, 54, 55, 56, 57, 58, 59, 60, 61, 62, 63, 64, 65, 66, 67, 68], 1:[], 2:[], 3:[], 4:[], 5:[], 6:[], 7:[], 8:[], 9:[], 10:[], 11:[], 12:[], 13:[], 14:[], 15:[], 16:[], 17:[], 18:[], 19:[], 20:[], 21:[], 22:[], 23:[], 24:[], 25:[], 26:[], 27:[], 28:[], 29:[], 30:[], 31:[], 32:[], 33:[], 34:[], 35:[], 36:[], 37:[], 38:[], 39:[], 40:[], 41:[], 42:[], 43:[], 44:[], 45:[], 46:[], 47:[], 48:[], 49:[], 50:[], 51:[], 52:[], 53:[], 54:[], 55:[], 56:[], 57:[], 58:[], 59:[], 60:[], 61:[], 62:[], 63:[], 64:[], 65:[], 66:[], 67:[], 68:[]",3287008288,3849167479
1657,5,1962.4771,1602663,23752009,189095711,26.0366,false,69,true,true,true,true,true,false,false,"0:[0, 1, 2, 3, 4, 5, 6, 7, 8, 9, 10, 11, 12, 13, 14, 15, 16, 17, 18, 19, 20, 21, 22, 23, 24, 25, 26, 27, 28, 29, 30, 31, 32, 33, 34, 35, 36, 37, 38, 39, 40, 41, 42, 43, 44, 45, 46, 47, 48, 49, 50, 51, 52, 53, 54, 55, 56, 57, 58, 59, 60, 61, 62, 63, 64, 65, 66, 67, 68], 1:[], 2:[], 3:[], 4:[], 5:[], 6:[], 7:[], 8:[], 9:[], 10:[], 11:[], 12:[], 13:[], 14:[], 15:[], 16:[], 17:[], 18:[], 19:[], 20:[], 21:[], 22:[], 23:[], 24:[], 25:[], 26:[], 27:[], 28:[], 29:[], 30:[], 31:[], 32:[], 33:[], 34:[], 35:[], 36:[], 37:[], 38:[], 39:[], 40:[], 41:[], 42:[], 43:[], 44:[], 45:[], 46:[], 47:[], 48:[], 49:[], 50:[], 51:[], 52:[], 53:[], 54:[], 55:[], 56:[], 57:[], 58:[], 59:[], 60:[], 61:[], 62:[], 63:[], 64:[], 65:[], 66:[], 67:[], 68:[]",3356299560,3949871637
1663,3,1802.1632,1620052,24010392,191154730,25.7333,false,70,true,true,true,true,true,false,false,"0:[0, 1, 2, 3, 4, 5, 6, 7, 8, 9, 10, 11, 12, 13, 14, 15, 16, 17, 18, 19, 20, 21, 22, 23, 24, 25, 26, 27, 28, 29, 30, 31, 32, 33, 34, 35, 36, 37, 38, 39, 40, 41, 42, 43, 44, 45, 46, 47, 48, 49, 50, 51, 52, 53, 54, 55, 56, 57, 58, 59, 60, 61, 62, 63, 64, 65, 66, 67, 68, 69], 1:[], 2:[], 3:[], 4:[], 5:[], 6:[], 7:[], 8:[], 9:[], 10:[], 11:[], 12:[], 13:[], 14:[], 15:[], 16:[], 17:[], 18:[], 19:[], 20:[], 21:[], 22:[], 23:[], 24:[], 25:[], 26:[], 27:[], 28:[], 29:[], 30:[], 31:[], 32:[], 33:[], 34:[], 35:[], 36:[], 37:[], 38:[], 39:[], 40:[], 41:[], 42:[], 43:[], 44:[], 45:[], 46:[], 47:[], 48:[], 49:[], 50:[], 51:[], 52:[], 53:[], 54:[], 55:[], 56:[], 57:[], 58:[], 59:[], 60:[], 61:[], 62:[], 63:[], 64:[], 65:[], 66:[], 67:[], 68:[], 69:[]",3377387536,3980506856
1667,2,1374.1474,1631714,24183928,192538584,26.1165,false,69,true,true,true,true,true,false,false,"0:[0, 1, 2, 3, 4, 5, 6, 7, 8, 9, 10, 11, 12, 13, 14, 15, 16, 17, 18, 19, 20, 21, 22, 23, 24, 25, 26, 27, 28, 29, 30, 31, 32, 33, 34, 35, 36, 37, 38, 39, 40, 41, 42, 43, 44, 45, 46, 47, 48, 49, 50, 51, 52, 53, 54, 55, 56, 57, 58, 59, 60, 61, 62, 63, 64, 65, 66, 67, 68], 1:[], 2:[], 3:[], 4:[], 5:[], 6:[], 7:[], 8:[], 9:[], 10:[], 11:[], 12:[], 13:[], 14:[], 15:[], 16:[], 17:[], 18:[], 19:[], 20:[], 21:[], 22:[], 23:[], 24:[], 25:[], 26:[], 27:[], 28:[], 29:[], 30:[], 31:[], 32:[], 33:[], 34:[], 35:[], 36:[], 37:[], 38:[], 39:[], 40:[], 41:[], 42:[], 43:[], 44:[], 45:[], 46:[], 47:[], 48:[], 49:[], 50:[], 51:[], 52:[], 53:[], 54:[], 55:[], 56:[], 57:[], 58:[], 59:[], 60:[], 61:[], 62:[], 63:[], 64:[], 65:[], 66:[], 67:[], 68:[]",3391550304,4001090328
1669,2,1421.4707,1637567,24271410,193237729,25.7571,false,69,true,true,true,true,true,false,false,"0:[0, 1, 2, 3, 4, 5, 6, 7, 8, 9, 10, 11, 12, 13, 14, 15, 16, 17, 18, 19, 20, 21, 22, 23, 24, 25, 26, 27, 28, 29, 30, 31, 32, 33, 34, 35, 36, 37, 38, 39, 40, 41, 42, 43, 44, 45, 46, 47, 48, 49, 50, 51, 52, 53, 54, 55, 56, 57, 58, 59, 60, 61, 62, 63, 64, 65, 66, 67, 68], 1:[], 2:[], 3:[], 4:[], 5:[], 6:[], 7:[], 8:[], 9:[], 10:[], 11:[], 12:[], 13:[], 14:[], 15:[], 16:[], 17:[], 18:[], 19:[], 20:[], 21:[], 22:[], 23:[], 24:[], 25:[], 26:[], 27:[], 28:[], 29:[], 30:[], 31:[], 32:[], 33:[], 34:[], 35:[], 36:[], 37:[], 38:[], 39:[], 40:[], 41:[], 42:[], 43:[], 44:[], 45:[], 46:[], 47:[], 48:[], 49:[], 50:[], 51:[], 52:[], 53:[], 54:[], 55:[], 56:[], 57:[], 58:[], 59:[], 60:[], 61:[], 62:[], 63:[], 64:[], 65:[], 66:[], 67:[], 68:[]",3398689336,4011479026
1693,2,1533.6516,1708885,25332761,201701583,27.3396,false,71,true,true,true,true,true,false,false,"0:[0, 1, 2, 3, 4, 5, 6, 7, 8, 9, 10, 11, 12, 13, 14, 15, 16, 17, 18, 19, 20, 21, 22, 23, 24, 25, 26, 27, 28, 29, 30, 31, 32, 33, 34, 35, 36, 37, 38, 39, 40, 41, 42, 43, 44, 45, 46, 47, 48, 49, 50, 51, 52, 53, 54, 55, 56, 57, 58, 59, 60, 61, 62, 63, 64, 65, 66, 67, 68, 69, 70], 1:[], 2:[], 3:[], 4:[], 5:[], 6:[], 7:[], 8:[], 9:[], 10:[], 11:[], 12:[], 13:[], 14:[], 15:[], 16:[], 17:[], 18:[], 19:[], 20:[], 21:[], 22:[], 23:[], 24:[], 25:[], 26:[], 27:[], 28:[], 29:[], 30:[], 31:[], 32:[], 33:[], 34:[], 35:[], 36:[], 37:[], 38:[], 39:[], 40:[], 41:[], 42:[], 43:[], 44:[], 45:[], 46:[], 47:[], 48:[], 49:[], 50:[], 51:[], 52:[], 53:[], 54:[], 55:[], 56:[], 57:[], 58:[], 59:[], 60:[], 61:[], 62:[], 63:[], 64:[], 65:[], 66:[], 67:[], 68:[], 69:[], 70:[]",3485309048,4137368277
1697,3,1823.0503,1720969,25512609,203135868,27.9927,false,70,true,true,true,true,true,false,false,"0:[0, 1, 2, 3, 4, 5, 6, 7, 8, 9, 10, 11, 12, 13, 14, 15, 16, 17, 18, 19, 20, 21, 22, 23, 24, 25, 26, 27, 28, 29, 30, 31, 32, 33, 34, 35, 36, 37, 38, 39, 40, 41, 42, 43, 44, 45, 46, 47, 48, 49, 50, 51, 52, 53, 54, 55, 56, 57, 58, 59, 60, 61, 62, 63, 64, 65, 66, 67, 68, 69], 1:[], 2:[], 3:[], 4:[], 5:[], 6:[], 7:[], 8:[], 9:[], 10:[], 11:[], 12:[], 13:[], 14:[], 15:[], 16:[], 17:[], 18:[], 19:[], 20:[], 21:[], 22:[], 23:[], 24:[], 25:[], 26:[], 27:[], 28:[], 29:[], 30:[], 31:[], 32:[], 33:[], 34:[], 35:[], 36:[], 37:[], 38:[], 39:[], 40:[], 41:[], 42:[], 43:[], 44:[], 45:[], 46:[], 47:[], 48:[], 49:[], 50:[], 51:[], 52:[], 53:[], 54:[], 55:[], 56:[], 57:[], 58:[], 59:[], 60:[], 61:[], 62:[], 63:[], 64:[], 65:[], 66:[], 67:[], 68:[], 69:[]",3499986904,4158700317
1699,2,1490.0475,1727033,25602407,203850113,27.4654,false,71,true,true,true,true,true,false,false,"0:[0, 1, 2, 3, 4, 5, 6, 7, 8, 9, 10, 11, 12, 13, 14, 15, 16, 17, 18, 19, 20, 21, 22, 23, 24, 25, 26, 27, 28, 29, 30, 31, 32, 33, 34, 35, 36, 37, 38, 39, 40, 41, 42, 43, 44, 45, 46, 47, 48, 49, 50, 51, 52, 53, 54, 55, 56, 57, 58, 59, 60, 61, 62, 63, 64, 65, 66, 67, 68, 69, 70], 1:[], 2:[], 3:[], 4:[], 5:[], 6:[], 7:[], 8:[], 9:[], 10:[], 11:[], 12:[], 13:[], 14:[], 15:[], 16:[], 17:[], 18:[], 19:[], 20:[], 21:[], 22:[], 23:[], 24:[], 25:[], 26:[], 27:[], 28:[], 29:[], 30:[], 31:[], 32:[], 33:[], 34:[], 35:[], 36:[], 37:[], 38:[], 39:[], 40:[], 41:[], 42:[], 43:[], 44:[], 45:[], 46:[], 47:[], 48:[], 49:[], 50:[], 51:[], 52:[], 53:[], 54:[], 55:[], 56:[], 57:[], 58:[], 59:[], 60:[], 61:[], 62:[], 63:[], 64:[], 65:[], 66:[], 67:[], 68:[], 69:[], 70:[]",3507316280,4169338235
1709,2,1589.2193,1757564,26057245,207479235,28.1393,false,71,true,true,true,true,true,false,false,"0:[0, 1, 2, 3, 4, 5, 6, 7, 8, 9, 10, 11, 12, 13, 14, 15, 16, 17, 18, 19, 20, 21, 22, 23, 24, 25, 26, 27, 28, 29, 30, 31, 32, 33, 34, 35, 36, 37, 38, 39, 40, 41, 42, 43, 44, 45, 46, 47, 48, 49, 50, 51, 52, 53, 54, 55, 56, 57, 58, 59, 60, 61, 62, 63, 64, 65, 66, 67, 68, 69, 70], 1:[], 2:[], 3:[], 4:[], 5:[], 6:[], 7:[], 8:[], 9:[], 10:[], 11:[], 12:[], 13:[], 14:[], 15:[], 16:[], 17:[], 18:[], 19:[], 20:[], 21:[], 22:[], 23:[], 24:[], 25:[], 26:[], 27:[], 28:[], 29:[], 30:[], 31:[], 32:[], 33:[], 34:[], 35:[], 36:[], 37:[], 38:[], 39:[], 40:[], 41:[], 42:[], 43:[], 44:[], 45:[], 46:[], 47:[], 48:[], 49:[], 50:[], 51:[], 52:[], 53:[], 54:[], 55:[], 56:[], 57:[], 58:[], 59:[], 60:[], 61:[], 62:[], 63:[], 64:[], 65:[], 66:[], 67:[], 68:[], 69:[], 70:[]",3544436064,4223300753
1721,3,1896.8939,1794672,26609518,211883279,28.5256,false,72,true,true,true,true,true,false,false,"0:[0, 1, 2, 3, 4, 5, 6, 7, 8, 9, 10, 11, 12, 13, 14, 15, 16, 17, 18, 19, 20, 21, 22, 23, 24, 25, 26, 27, 28, 29, 30, 31, 32, 33, 34, 35, 36, 37, 38, 39, 40, 41, 42, 43, 44, 45, 46, 47, 48, 49, 50, 51, 52, 53, 54, 55, 56, 57, 58, 59, 60, 61, 62, 63, 64, 65, 66, 67, 68, 69, 70, 71], 1:[], 2:[], 3:[], 4:[], 5:[], 6:[], 7:[], 8:[], 9:[], 10:[], 11:[], 12:[], 13:[], 14:[], 15:[], 16:[], 17:[], 18:[], 19:[], 20:[], 21:[], 22:[], 23:[], 24:[], 25:[], 26:[], 27:[], 28:[], 29:[], 30:[], 31:[], 32:[], 33:[], 34:[], 35:[], 36:[], 37:[], 38:[], 39:[], 40:[], 41:[], 42:[], 43:[], 44:[], 45:[], 46:[], 47:[], 48:[], 49:[], 50:[], 51:[], 52:[], 53:[], 54:[], 55:[], 56:[], 57:[], 58:[], 59:[], 60:[], 61:[], 62:[], 63:[], 64:[], 65:[], 66:[], 67:[], 68:[], 69:[], 70:[], 71:[]",3589508496,4288806230
1723,2,1592.4653,1800907,26701987,212619649,28.8916,false,71,true,true,true,true,true,false,false,"0:[0, 1, 2, 3, 4, 5, 6, 7, 8, 9, 10, 11, 12, 13, 14, 15, 16, 17, 18, 19, 20, 21, 22, 23, 24, 25, 26, 27, 28, 29, 30, 31, 32, 33, 34, 35, 36, 37, 38, 39, 40, 41, 42, 43, 44, 45, 46, 47, 48, 49, 50, 51, 52, 53, 54, 55, 56, 57, 58, 59, 60, 61, 62, 63, 64, 65, 66, 67, 68, 69, 70], 1:[], 2:[], 3:[], 4:[], 5:[], 6:[], 7:[], 8:[], 9:[], 10:[], 11:[], 12:[], 13:[], 14:[], 15:[], 16:[], 17:[], 18:[], 19:[], 20:[], 21:[], 22:[], 23:[], 24:[], 25:[], 26:[], 27:[], 28:[], 29:[], 30:[], 31:[], 32:[], 33:[], 34:[], 35:[], 36:[], 37:[], 38:[], 39:[], 40:[], 41:[], 42:[], 43:[], 44:[], 45:[], 46:[], 47:[], 48:[], 49:[], 50:[], 51:[], 52:[], 53:[], 54:[], 55:[], 56:[], 57:[], 58:[], 59:[], 60:[], 61:[], 62:[], 63:[], 64:[], 65:[], 66:[], 67:[], 68:[], 69:[], 70:[]",3597055656,4299762103
1733,2,1658.7083,1832300,27169661,216350930,29.9106,false,73,true,true,true,true,true,false,false,"0:[0, 1, 2, 3, 4, 5, 6, 7, 8, 9, 10, 11, 12, 13, 14, 15, 16, 17, 18, 19, 20, 21, 22, 23, 24, 25, 26, 27, 28, 29, 30, 31, 32, 33, 34, 35, 36, 37, 38, 39, 40, 41, 42, 43, 44, 45, 46, 47, 48, 49, 50, 51, 52, 53, 54, 55, 56, 57, 58, 59, 60, 61, 62, 63, 64, 65, 66, 67, 68, 69, 70, 71, 72], 1:[], 2:[], 3:[], 4:[], 5:[], 6:[], 7:[], 8:[], 9:[], 10:[], 11:[], 12:[], 13:[], 14:[], 15:[], 16:[], 17:[], 18:[], 19:[], 20:[], 21:[], 22:[], 23:[], 24:[], 25:[], 26:[], 27:[], 28:[], 29:[], 30:[], 31:[], 32:[], 33:[], 34:[], 35:[], 36:[], 37:[], 38:[], 39:[], 40:[], 41:[], 42:[], 43:[], 44:[], 45:[], 46:[], 47:[], 48:[], 49:[], 50:[], 51:[], 52:[], 53:[], 54:[], 55:[], 56:[], 57:[], 58:[], 59:[], 60:[], 61:[], 62:[], 63:[], 64:[], 65:[], 66:[], 67:[], 68:[], 69:[], 70:[], 71:[], 72:[]",3635223008,4355246769
1741,2,1697.8299,1857675,27547370,219363229,30.4543,false,72,true,true,true,true,true,false,false,"0:[0, 1, 2, 3, 4, 5, 6, 7, 8, 9, 10, 11, 12, 13, 14, 15, 16, 17, 18, 19, 20, 21, 22, 23, 24, 25, 26, 27, 28, 29, 30, 31, 32, 33, 34, 35, 36, 37, 38, 39, 40, 41, 42, 43, 44, 45, 46, 47, 48, 49, 50, 51, 52, 53, 54, 55, 56, 57, 58, 59, 60, 61, 62, 63, 64, 65, 66, 67, 68, 69, 70, 71], 1:[], 2:[], 3:[], 4:[], 5:[], 6:[], 7:[], 8:[], 9:[], 10:[], 11:[], 12:[], 13:[], 14:[], 15:[], 16:[], 17:[], 18:[], 19:[], 20:[], 21:[], 22:[], 23:[], 24:[], 25:[], 26:[], 27:[], 28:[], 29:[], 30:[], 31:[], 32:[], 33:[], 34:[], 35:[], 36:[], 37:[], 38:[], 39:[], 40:[], 41:[], 42:[], 43:[], 44:[], 45:[], 46:[], 47:[], 48:[], 49:[], 50:[], 51:[], 52:[], 53:[], 54:[], 55:[], 56:[], 57:[], 58:[], 59:[], 60:[], 61:[], 62:[], 63:[], 64:[], 65:[], 66:[], 67:[], 68:[], 69:[], 70:[], 71:[]",3724768984,4458767274
1747,2,1900.0458,1876859,27832540,221636092,30.0754,false,72,true,true,true,true,true,false,false,"0:[0, 1, 2, 3, 4, 5, 6, 7, 8, 9, 10, 11, 12, 13, 14, 15, 16, 17, 18, 19, 20, 21, 22, 23, 24, 25, 26, 27, 28, 29, 30, 31, 32, 33, 34, 35, 36, 37, 38, 39, 40, 41, 42, 43, 44, 45, 46, 47, 48, 49, 50, 51, 52, 53, 54, 55, 56, 57, 58, 59, 60, 61, 62, 63, 64, 65, 66, 67, 68, 69, 70, 71], 1:[], 2:[], 3:[], 4:[], 5:[], 6:[], 7:[], 8:[], 9:[], 10:[], 11:[], 12:[], 13:[], 14:[], 15:[], 16:[], 17:[], 18:[], 19:[], 20:[], 21:[], 22:[], 23:[], 24:[], 25:[], 26:[], 27:[], 28:[], 29:[], 30:[], 31:[], 32:[], 33:[], 34:[], 35:[], 36:[], 37:[], 38:[], 39:[], 40:[], 41:[], 42:[], 43:[], 44:[], 45:[], 46:[], 47:[], 48:[], 49:[], 50:[], 51:[], 52:[], 53:[], 54:[], 55:[], 56:[], 57:[], 58:[], 59:[], 60:[], 61:[], 62:[], 63:[], 64:[], 65:[], 66:[], 67:[], 68:[], 69:[], 70:[], 71:[]",3748043000,4492578884
1753,5,2061.6198,1896175,28120478,223934039,30.9977,false,73,true,true,true,true,true,false,false,"0:[0, 1, 2, 3, 4, 5, 6, 7, 8, 9, 10, 11, 12, 13, 14, 15, 16, 17, 18, 19, 20, 21, 22, 23, 24, 25, 26, 27, 28, 29, 30, 31, 32, 33, 34, 35, 36, 37, 38, 39, 40, 41, 42, 43, 44, 45, 46, 47, 48, 49, 50, 51, 52, 53, 54, 55, 56, 57, 58, 59, 60, 61, 62, 63, 64, 65, 66, 67, 68, 69, 70, 71, 72], 1:[], 2:[], 3:[], 4:[], 5:[], 6:[], 7:[], 8:[], 9:[], 10:[], 11:[], 12:[], 13:[], 14:[], 15:[], 16:[], 17:[], 18:[], 19:[], 20:[], 21:[], 22:[], 23:[], 24:[], 25:[], 26:[], 27:[], 28:[], 29:[], 30:[], 31:[], 32:[], 33:[], 34:[], 35:[], 36:[], 37:[], 38:[], 39:[], 40:[], 41:[], 42:[], 43:[], 44:[], 45:[], 46:[], 47:[], 48:[], 49:[], 50:[], 51:[], 52:[], 53:[], 54:[], 55:[], 56:[], 57:[], 58:[], 59:[], 60:[], 61:[], 62:[], 63:[], 64:[], 65:[], 66:[], 67:[], 68:[], 69:[], 70:[], 71:[], 72:[]",3771541624,4526744526
1759,3,2152.2254,1915624,28409593,226238339,30.5711,false,73,true,true,true,true,true,false,false,"0:[0, 1, 2, 3, 4, 5, 6, 7, 8, 9, 10, 11, 12, 13, 14, 15, 16, 17, 18, 19, 20, 21, 22, 23, 24, 25, 26, 27, 28, 29, 30, 31, 32, 33, 34, 35, 36, 37, 38, 39, 40, 41, 42, 43, 44, 45, 46, 47, 48, 49, 50, 51, 52, 53, 54, 55, 56, 57, 58, 59, 60, 61, 62, 63, 64, 65, 66, 67, 68, 69, 70, 71, 72], 1:[], 2:[], 3:[], 4:[], 5:[], 6:[], 7:[], 8:[], 9:[], 10:[], 11:[], 12:[], 13:[], 14:[], 15:[], 16:[], 17:[], 18:[], 19:[], 20:[], 21:[], 22:[], 23:[], 24:[], 25:[], 26:[], 27:[], 28:[], 29:[], 30:[], 31:[], 32:[], 33:[], 34:[], 35:[], 36:[], 37:[], 38:[], 39:[], 40:[], 41:[], 42:[], 43:[], 44:[], 45:[], 46:[], 47:[], 48:[], 49:[], 50:[], 51:[], 52:[], 53:[], 54:[], 55:[], 56:[], 57:[], 58:[], 59:[], 60:[], 61:[], 62:[], 63:[], 64:[], 65:[], 66:[], 67:[], 68:[], 69:[], 70:[], 71:[], 72:[]",3795137600,4561023901
1777,5,2486.1046,1974764,29290449,233265393,32.7422,false,74,true,true,true,true,true,false,false,"0:[0, 1, 2, 3, 4, 5, 6, 7, 8, 9, 10, 11, 12, 13, 14, 15, 16, 17, 18, 19, 20, 21, 22, 23, 24, 25, 26, 27, 28, 29, 30, 31, 32, 33, 34, 35, 36, 37, 38, 39, 40, 41, 42, 43, 44, 45, 46, 47, 48, 49, 50, 51, 52, 53, 54, 55, 56, 57, 58, 59, 60, 61, 62, 63, 64, 65, 66, 67, 68, 69, 70, 71, 72, 73], 1:[], 2:[], 3:[], 4:[], 5:[], 6:[], 7:[], 8:[], 9:[], 10:[], 11:[], 12:[], 13:[], 14:[], 15:[], 16:[], 17:[], 18:[], 19:[], 20:[], 21:[], 22:[], 23:[], 24:[], 25:[], 26:[], 27:[], 28:[], 29:[], 30:[], 31:[], 32:[], 33:[], 34:[], 35:[], 36:[], 37:[], 38:[], 39:[], 40:[], 41:[], 42:[], 43:[], 44:[], 45:[], 46:[], 47:[], 48:[], 49:[], 50:[], 51:[], 52:[], 53:[], 54:[], 55:[], 56:[], 57:[], 58:[], 59:[], 60:[], 61:[], 62:[], 63:[], 64:[], 65:[], 66:[], 67:[], 68:[], 69:[], 70:[], 71:[], 72:[], 73:[]",5041430560,4665516629
1783,3,1990.1560,1994745,29587509,235633144,32.6921,false,75,true,true,true,true,true,false,false,"0:[0, 1, 2, 3, 4, 5, 6, 7, 8, 9, 10, 11, 12, 13, 14, 15, 16, 17, 18, 19, 20, 21, 22, 23, 24, 25, 26, 27, 28, 29, 30, 31, 32, 33, 34, 35, 36, 37, 38, 39, 40, 41, 42, 43, 44, 45, 46, 47, 48, 49, 50, 51, 52, 53, 54, 55, 56, 57, 58, 59, 60, 61, 62, 63, 64, 65, 66, 67, 68, 69, 70, 71, 72, 73, 74], 1:[], 2:[], 3:[], 4:[], 5:[], 6:[], 7:[], 8:[], 9:[], 10:[], 11:[], 12:[], 13:[], 14:[], 15:[], 16:[], 17:[], 18:[], 19:[], 20:[], 21:[], 22:[], 23:[], 24:[], 25:[], 26:[], 27:[], 28:[], 29:[], 30:[], 31:[], 32:[], 33:[], 34:[], 35:[], 36:[], 37:[], 38:[], 39:[], 40:[], 41:[], 42:[], 43:[], 44:[], 45:[], 46:[], 47:[], 48:[], 49:[], 50:[], 51:[], 52:[], 53:[], 54:[], 55:[], 56:[], 57:[], 58:[], 59:[], 60:[], 61:[], 62:[], 63:[], 64:[], 65:[], 66:[], 67:[], 68:[], 69:[], 70:[], 71:[], 72:[], 73:[], 74:[]",5065674904,4700738113
1787,2,2048.6343,2008140,29786967,237224185,33.4627,false,74,true,true,true,true,true,false,false,"0:[0, 1, 2, 3, 4, 5, 6, 7, 8, 9, 10, 11, 12, 13, 14, 15, 16, 17, 18, 19, 20, 21, 22, 23, 24, 25, 26, 27, 28, 29, 30, 31, 32, 33, 34, 35, 36, 37, 38, 39, 40, 41, 42, 43, 44, 45, 46, 47, 48, 49, 50, 51, 52, 53, 54, 55, 56, 57, 58, 59, 60, 61, 62, 63, 64, 65, 66, 67, 68, 69, 70, 71, 72, 73], 1:[], 2:[], 3:[], 4:[], 5:[], 6:[], 7:[], 8:[], 9:[], 10:[], 11:[], 12:[], 13:[], 14:[], 15:[], 16:[], 17:[], 18:[], 19:[], 20:[], 21:[], 22:[], 23:[], 24:[], 25:[], 26:[], 27:[], 28:[], 29:[], 30:[], 31:[], 32:[], 33:[], 34:[], 35:[], 36:[], 37:[], 38:[], 39:[], 40:[], 41:[], 42:[], 43:[], 44:[], 45:[], 46:[], 47:[], 48:[], 49:[], 50:[], 51:[], 52:[], 53:[], 54:[], 55:[], 56:[], 57:[], 58:[], 59:[], 60:[], 61:[], 62:[], 63:[], 64:[], 65:[], 66:[], 67:[], 68:[], 69:[], 70:[], 71:[], 72:[], 73:[]",5081953024,4724396275
1789,2,1856.6592,2014861,29887455,238027377,33.0556,false,74,true,true,true,true,true,false,false,"0:[0, 1, 2, 3, 4, 5, 6, 7, 8, 9, 10, 11, 12, 13, 14, 15, 16, 17, 18, 19, 20, 21, 22, 23, 24, 25, 26, 27, 28, 29, 30, 31, 32, 33, 34, 35, 36, 37, 38, 39, 40, 41, 42, 43, 44, 45, 46, 47, 48, 49, 50, 51, 52, 53, 54, 55, 56, 57, 58, 59, 60, 61, 62, 63, 64, 65, 66, 67, 68, 69, 70, 71, 72, 73], 1:[], 2:[], 3:[], 4:[], 5:[], 6:[], 7:[], 8:[], 9:[], 10:[], 11:[], 12:[], 13:[], 14:[], 15:[], 16:[], 17:[], 18:[], 19:[], 20:[], 21:[], 22:[], 23:[], 24:[], 25:[], 26:[], 27:[], 28:[], 29:[], 30:[], 31:[], 32:[], 33:[], 34:[], 35:[], 36:[], 37:[], 38:[], 39:[], 40:[], 41:[], 42:[], 43:[], 44:[], 45:[], 46:[], 47:[], 48:[], 49:[], 50:[], 51:[], 52:[], 53:[], 54:[], 55:[], 56:[], 57:[], 58:[], 59:[], 60:[], 61:[], 62:[], 63:[], 64:[], 65:[], 66:[], 67:[], 68:[], 69:[], 70:[], 71:[], 72:[], 73:[]",5090153368,4736328627
1801,11,2421.6541,2055495,30492500,242853482,35.2936,false,76,true,true,true,true,true,false,false,"0:[0, 1, 2, 3, 4, 5, 6, 7, 8, 9, 10, 11, 12, 13, 14, 15, 16, 17, 18, 19, 20, 21, 22, 23, 24, 25, 26, 27, 28, 29, 30, 31, 32, 33, 34, 35, 36, 37, 38, 39, 40, 41, 42, 43, 44, 45, 46, 47, 48, 49, 50, 51, 52, 53, 54, 55, 56, 57, 58, 59, 60, 61, 62, 63, 64, 65, 66, 67, 68, 69, 70, 71, 72, 73, 74, 75], 1:[], 2:[], 3:[], 4:[], 5:[], 6:[], 7:[], 8:[], 9:[], 10:[], 11:[], 12:[], 13:[], 14:[], 15:[], 16:[], 17:[], 18:[], 19:[], 20:[], 21:[], 22:[], 23:[], 24:[], 25:[], 26:[], 27:[], 28:[], 29:[], 30:[], 31:[], 32:[], 33:[], 34:[], 35:[], 36:[], 37:[], 38:[], 39:[], 40:[], 41:[], 42:[], 43:[], 44:[], 45:[], 46:[], 47:[], 48:[], 49:[], 50:[], 51:[], 52:[], 53:[], 54:[], 55:[], 56:[], 57:[], 58:[], 59:[], 60:[], 61:[], 62:[], 63:[], 64:[], 65:[], 66:[], 67:[], 68:[], 69:[], 70:[], 71:[], 72:[], 73:[], 74:[], 75:[]",5139532184,4808094140
1811,2,2085.8625,2089772,31002371,246918237,33.1592,false,76,true,true,true,true,true,false,false,"0:[0, 1, 2, 3, 4, 5, 6, 7, 8, 9, 10, 11, 12, 13, 14, 15, 16, 17, 18, 19, 20, 21, 22, 23, 24, 25, 26, 27, 28, 29, 30, 31, 32, 33, 34, 35, 36, 37, 38, 39, 40, 41, 42, 43, 44, 45, 46, 47, 48, 49, 50, 51, 52, 53, 54, 55, 56, 57, 58, 59, 60, 61, 62, 63, 64, 65, 66, 67, 68, 69, 70, 71, 72, 73, 74, 75], 1:[], 2:[], 3:[], 4:[], 5:[], 6:[], 7:[], 8:[], 9:[], 10:[], 11:[], 12:[], 13:[], 14:[], 15:[], 16:[], 17:[], 18:[], 19:[], 20:[], 21:[], 22:[], 23:[], 24:[], 25:[], 26:[], 27:[], 28:[], 29:[], 30:[], 31:[], 32:[], 33:[], 34:[], 35:[], 36:[], 37:[], 38:[], 39:[], 40:[], 41:[], 42:[], 43:[], 44:[], 45:[], 46:[], 47:[], 48:[], 49:[], 50:[], 51:[], 52:[], 53:[], 54:[], 55:[], 56:[], 57:[], 58:[], 59:[], 60:[], 61:[], 62:[], 63:[], 64:[], 65:[], 66:[], 67:[], 68:[], 69:[], 70:[], 71:[], 72:[], 73:[], 74:[], 75:[]",5181144512,4868556015
1823,5,2049.7048,2131405,31622338,251863619,35.3681,false,76,true,true,true,true,true,false,false,"0:[0, 1, 2, 3, 4, 5, 6, 7, 8, 9, 10, 11, 12, 13, 14, 15, 16, 17, 18, 19, 20, 21, 22, 23, 24, 25, 26, 27, 28, 29, 30, 31, 32, 33, 34, 35, 36, 37, 38, 39, 40, 41, 42, 43, 44, 45, 46, 47, 48, 49, 50, 51, 52, 53, 54, 55, 56, 57, 58, 59, 60, 61, 62, 63, 64, 65, 66, 67, 68, 69, 70, 71, 72, 73, 74, 75], 1:[], 2:[], 3:[], 4:[], 5:[], 6:[], 7:[], 8:[], 9:[], 10:[], 11:[], 12:[], 13:[], 14:[], 15:[], 16:[], 17:[], 18:[], 19:[], 20:[], 21:[], 22:[], 23:[], 24:[], 25:[], 26:[], 27:[], 28:[], 29:[], 30:[], 31:[], 32:[], 33:[], 34:[], 35:[], 36:[], 37:[], 38:[], 39:[], 40:[], 41:[], 42:[], 43:[], 44:[], 45:[], 46:[], 47:[], 48:[], 49:[], 50:[], 51:[], 52:[], 53:[], 54:[], 55:[], 56:[], 57:[], 58:[], 59:[], 60:[], 61:[], 62:[], 63:[], 64:[], 65:[], 66:[], 67:[], 68:[], 69:[], 70:[], 71:[], 72:[], 73:[], 74:[], 75:[]",5231741064,4942091314
1831,3,2060.6076,2159465,32040189,255196637,35.9604,false,76,true,true,true,true,true,false,false,"0:[0, 1, 2, 3, 4, 5, 6, 7, 8, 9, 10, 11, 12, 13, 14, 15, 16, 17, 18, 19, 20, 21, 22, 23, 24, 25, 26, 27, 28, 29, 30, 31, 32, 33, 34, 35, 36, 37, 38, 39, 40, 41, 42, 43, 44, 45, 46, 47, 48, 49, 50, 51, 52, 53, 54, 55, 56, 57, 58, 59, 60, 61, 62, 63, 64, 65, 66, 67, 68, 69, 70, 71, 72, 73, 74, 75], 1:[], 2:[], 3:[], 4:[], 5:[], 6:[], 7:[], 8:[], 9:[], 10:[], 11:[], 12:[], 13:[], 14:[], 15:[], 16:[], 17:[], 18:[], 19:[], 20:[], 21:[], 22:[], 23:[], 24:[], 25:[], 26:[], 27:[], 28:[], 29:[], 30:[], 31:[], 32:[], 33:[], 34:[], 35:[], 36:[], 37:[], 38:[], 39:[], 40:[], 41:[], 42:[], 43:[], 44:[], 45:[], 46:[], 47:[], 48:[], 49:[], 50:[], 51:[], 52:[], 53:[], 54:[], 55:[], 56:[], 57:[], 58:[], 59:[], 60:[], 61:[], 62:[], 63:[], 64:[], 65:[], 66:[], 67:[], 68:[], 69:[], 70:[], 71:[], 72:[], 73:[], 74:[], 75:[]",5265842584,4991653577
1847,5,2416.0485,2216322,32886837,261949826,36.7823,false,77,true,true,true,true,true,false,false,"0:[0, 1, 2, 3, 4, 5, 6, 7, 8, 9, 10, 11, 12, 13, 14, 15, 16, 17, 18, 19, 20, 21, 22, 23, 24, 25, 26, 27, 28, 29, 30, 31, 32, 33, 34, 35, 36, 37, 38, 39, 40, 41, 42, 43, 44, 45, 46, 47, 48, 49, 50, 51, 52, 53, 54, 55, 56, 57, 58, 59, 60, 61, 62, 63, 64, 65, 66, 67, 68, 69, 70, 71, 72, 73, 74, 75, 76], 1:[], 2:[], 3:[], 4:[], 5:[], 6:[], 7:[], 8:[], 9:[], 10:[], 11:[], 12:[], 13:[], 14:[], 15:[], 16:[], 17:[], 18:[], 19:[], 20:[], 21:[], 22:[], 23:[], 24:[], 25:[], 26:[], 27:[], 28:[], 29:[], 30:[], 31:[], 32:[], 33:[], 34:[], 35:[], 36:[], 37:[], 38:[], 39:[], 40:[], 41:[], 42:[], 43:[], 44:[], 45:[], 46:[], 47:[], 48:[], 49:[], 50:[], 51:[], 52:[], 53:[], 54:[], 55:[], 56:[], 57:[], 58:[], 59:[], 60:[], 61:[], 62:[], 63:[], 64:[], 65:[], 66:[], 67:[], 68:[], 69:[], 70:[], 71:[], 72:[], 73:[], 74:[], 75:[], 76:[]",5334938992,5092074361
1861,2,2056.6536,2266883,33640341,267962680,37.0484,false,77,true,true,true,true,true,false,false,"0:[0, 1, 2, 3, 4, 5, 6, 7, 8, 9, 10, 11, 12, 13, 14, 15, 16, 17, 18, 19, 20, 21, 22, 23, 24, 25, 26, 27, 28, 29, 30, 31, 32, 33, 34, 35, 36, 37, 38, 39, 40, 41, 42, 43, 44, 45, 46, 47, 48, 49, 50, 51, 52, 53, 54, 55, 56, 57, 58, 59, 60, 61, 62, 63, 64, 65, 66, 67, 68, 69, 70, 71, 72, 73, 74, 75, 76], 1:[], 2:[], 3:[], 4:[], 5:[], 6:[], 7:[], 8:[], 9:[], 10:[], 11:[], 12:[], 13:[], 14:[], 15:[], 16:[], 17:[], 18:[], 19:[], 20:[], 21:[], 22:[], 23:[], 24:[], 25:[], 26:[], 27:[], 28:[], 29:[], 30:[], 31:[], 32:[], 33:[], 34:[], 35:[], 36:[], 37:[], 38:[], 39:[], 40:[], 41:[], 42:[], 43:[], 44:[], 45:[], 46:[], 47:[], 48:[], 49:[], 50:[], 51:[], 52:[], 53:[], 54:[], 55:[], 56:[], 57:[], 58:[], 59:[], 60:[], 61:[], 62:[], 63:[], 64:[], 65:[], 66:[], 67:[], 68:[], 69:[], 70:[], 71:[], 72:[], 73:[], 74:[], 75:[], 76:[]",5396432776,5718333905
1867,2,2286.1588,2288785,33966086,270559430,38.1574,false,77,true,true,true,true,true,false,false,"0:[0, 1, 2, 3, 4, 5, 6, 7, 8, 9, 10, 11, 12, 13, 14, 15, 16, 17, 18, 19, 20, 21, 22, 23, 24, 25, 26, 27, 28, 29, 30, 31, 32, 33, 34, 35, 36, 37, 38, 39, 40, 41, 42, 43, 44, 45, 46, 47, 48, 49, 50, 51, 52, 53, 54, 55, 56, 57, 58, 59, 60, 61, 62, 63, 64, 65, 66, 67, 68, 69, 70, 71, 72, 73, 74, 75, 76], 1:[], 2:[], 3:[], 4:[], 5:[], 6:[], 7:[], 8:[], 9:[], 10:[], 11:[], 12:[], 13:[], 14:[], 15:[], 16:[], 17:[], 18:[], 19:[], 20:[], 21:[], 22:[], 23:[], 24:[], 25:[], 26:[], 27:[], 28:[], 29:[], 30:[], 31:[], 32:[], 33:[], 34:[], 35:[], 36:[], 37:[], 38:[], 39:[], 40:[], 41:[], 42:[], 43:[], 44:[], 45:[], 46:[], 47:[], 48:[], 49:[], 50:[], 51:[], 52:[], 53:[], 54:[], 55:[], 56:[], 57:[], 58:[], 59:[], 60:[], 61:[], 62:[], 63:[], 64:[], 65:[], 66:[], 67:[], 68:[], 69:[], 70:[], 71:[], 72:[], 73:[], 74:[], 75:[], 76:[]",5607567400,5756956742
1871,7,2210.1335,2303465,34184671,272302781,37.9662,false,77,true,true,true,true,true,false,false,"0:[0, 1, 2, 3, 4, 5, 6, 7, 8, 9, 10, 11, 12, 13, 14, 15, 16, 17, 18, 19, 20, 21, 22, 23, 24, 25, 26, 27, 28, 29, 30, 31, 32, 33, 34, 35, 36, 37, 38, 39, 40, 41, 42, 43, 44, 45, 46, 47, 48, 49, 50, 51, 52, 53, 54, 55, 56, 57, 58, 59, 60, 61, 62, 63, 64, 65, 66, 67, 68, 69, 70, 71, 72, 73, 74, 75, 76], 1:[], 2:[], 3:[], 4:[], 5:[], 6:[], 7:[], 8:[], 9:[], 10:[], 11:[], 12:[], 13:[], 14:[], 15:[], 16:[], 17:[], 18:[], 19:[], 20:[], 21:[], 22:[], 23:[], 24:[], 25:[], 26:[], 27:[], 28:[], 29:[], 30:[], 31:[], 32:[], 33:[], 34:[], 35:[], 36:[], 37:[], 38:[], 39:[], 40:[], 41:[], 42:[], 43:[], 44:[], 45:[], 46:[], 47:[], 48:[], 49:[], 50:[], 51:[], 52:[], 53:[], 54:[], 55:[], 56:[], 57:[], 58:[], 59:[], 60:[], 61:[], 62:[], 63:[], 64:[], 65:[], 66:[], 67:[], 68:[], 69:[], 70:[], 71:[], 72:[], 73:[], 74:[], 75:[], 76:[]",5625406520,5782882835
1873,5,2559.2190,2310828,34294848,273183805,37.3355,false,78,true,true,true,true,true,false,false,"0:[0, 1, 2, 3, 4, 5, 6, 7, 8, 9, 10, 11, 12, 13, 14, 15, 16, 17, 18, 19, 20, 21, 22, 23, 24, 25, 26, 27, 28, 29, 30, 31, 32, 33, 34, 35, 36, 37, 38, 39, 40, 41, 42, 43, 44, 45, 46, 47, 48, 49, 50, 51, 52, 53, 54, 55, 56, 57, 58, 59, 60, 61, 62, 63, 64, 65, 66, 67, 68, 69, 70, 71, 72, 73, 74, 75, 76, 77], 1:[], 2:[], 3:[], 4:[], 5:[], 6:[], 7:[], 8:[], 9:[], 10:[], 11:[], 12:[], 13:[], 14:[], 15:[], 16:[], 17:[], 18:[], 19:[], 20:[], 21:[], 22:[], 23:[], 24:[], 25:[], 26:[], 27:[], 28:[], 29:[], 30:[], 31:[], 32:[], 33:[], 34:[], 35:[], 36:[], 37:[], 38:[], 39:[], 40:[], 41:[], 42:[], 43:[], 44:[], 45:[], 46:[], 47:[], 48:[], 49:[], 50:[], 51:[], 52:[], 53:[], 54:[], 55:[], 56:[], 57:[], 58:[], 59:[], 60:[], 61:[], 62:[], 63:[], 64:[], 65:[], 66:[], 67:[], 68:[], 69:[], 70:[], 71:[], 72:[], 73:[], 74:[], 75:[], 76:[], 77:[]",5634397392,5795965968
1877,2,2436.2115,2325602,34514902,274939323,38.6211,false,79,true,true,true,true,true,false,false,"0:[0, 1, 2, 3, 4, 5, 6, 7, 8, 9, 10, 11, 12, 13, 14, 15, 16, 17, 18, 19, 20, 21, 22, 23, 24, 25, 26, 27, 28, 29, 30, 31, 32, 33, 34, 35, 36, 37, 38, 39, 40, 41, 42, 43, 44, 45, 46, 47, 48, 49, 50, 51, 52, 53, 54, 55, 56, 57, 58, 59, 60, 61, 62, 63, 64, 65, 66, 67, 68, 69, 70, 71, 72, 73, 74, 75, 76, 77, 78], 1:[], 2:[], 3:[], 4:[], 5:[], 6:[], 7:[], 8:[], 9:[], 10:[], 11:[], 12:[], 13:[], 14:[], 15:[], 16:[], 17:[], 18:[], 19:[], 20:[], 21:[], 22:[], 23:[], 24:[], 25:[], 26:[], 27:[], 28:[], 29:[], 30:[], 31:[], 32:[], 33:[], 34:[], 35:[], 36:[], 37:[], 38:[], 39:[], 40:[], 41:[], 42:[], 43:[], 44:[], 45:[], 46:[], 47:[], 48:[], 49:[], 50:[], 51:[], 52:[], 53:[], 54:[], 55:[], 56:[], 57:[], 58:[], 59:[], 60:[], 61:[], 62:[], 63:[], 64:[], 65:[], 66:[], 67:[], 68:[], 69:[], 70:[], 71:[], 72:[], 73:[], 74:[], 75:[], 76:[], 77:[], 78:[]",5652356288,5822066926
1879,3,2255.2564,2333013,34624731,275813087,39.1443,false,78,true,true,true,true,true,false,false,"0:[0, 1, 2, 3, 4, 5, 6, 7, 8, 9, 10, 11, 12, 13, 14, 15, 16, 17, 18, 19, 20, 21, 22, 23, 24, 25, 26, 27, 28, 29, 30, 31, 32, 33, 34, 35, 36, 37, 38, 39, 40, 41, 42, 43, 44, 45, 46, 47, 48, 49, 50, 51, 52, 53, 54, 55, 56, 57, 58, 59, 60, 61, 62, 63, 64, 65, 66, 67, 68, 69, 70, 71, 72, 73, 74, 75, 76, 77], 1:[], 2:[], 3:[], 4:[], 5:[], 6:[], 7:[], 8:[], 9:[], 10:[], 11:[], 12:[], 13:[], 14:[], 15:[], 16:[], 17:[], 18:[], 19:[], 20:[], 21:[], 22:[], 23:[], 24:[], 25:[], 26:[], 27:[], 28:[], 29:[], 30:[], 31:[], 32:[], 33:[], 34:[], 35:[], 36:[], 37:[], 38:[], 39:[], 40:[], 41:[], 42:[], 43:[], 44:[], 45:[], 46:[], 47:[], 48:[], 49:[], 50:[], 51:[], 52:[], 53:[], 54:[], 55:[], 56:[], 57:[], 58:[], 59:[], 60:[], 61:[], 62:[], 63:[], 64:[], 65:[], 66:[], 67:[], 68:[], 69:[], 70:[], 71:[], 72:[], 73:[], 74:[], 75:[], 76:[], 77:[]",5661320472,5835078719
1889,3,2555.0757,2370301,35180576,280249086,38.0824,false,79,true,true,true,true,true,false,false,"0:[0, 1, 2, 3, 4, 5, 6, 7, 8, 9, 10, 11, 12, 13, 14, 15, 16, 17, 18, 19, 20, 21, 22, 23, 24, 25, 26, 27, 28, 29, 30, 31, 32, 33, 34, 35, 36, 37, 38, 39, 40, 41, 42, 43, 44, 45, 46, 47, 48, 49, 50, 51, 52, 53, 54, 55, 56, 57, 58, 59, 60, 61, 62, 63, 64, 65, 66, 67, 68, 69, 70, 71, 72, 73, 74, 75, 76, 77, 78], 1:[], 2:[], 3:[], 4:[], 5:[], 6:[], 7:[], 8:[], 9:[], 10:[], 11:[], 12:[], 13:[], 14:[], 15:[], 16:[], 17:[], 18:[], 19:[], 20:[], 21:[], 22:[], 23:[], 24:[], 25:[], 26:[], 27:[], 28:[], 29:[], 30:[], 31:[], 32:[], 33:[], 34:[], 35:[], 36:[], 37:[], 38:[], 39:[], 40:[], 41:[], 42:[], 43:[], 44:[], 45:[], 46:[], 47:[], 48:[], 49:[], 50:[], 51:[], 52:[], 53:[], 54:[], 55:[], 56:[], 57:[], 58:[], 59:[], 60:[], 61:[], 62:[], 63:[], 64:[], 65:[], 66:[], 67:[], 68:[], 69:[], 70:[], 71:[], 72:[], 73:[], 74:[], 75:[], 76:[], 77:[], 78:[]",5706682984,5901021992
1901,2,2554.9776,2415568,35854908,285629020,39.5188,false,79,true,true,true,true,true,false,false,"0:[0, 1, 2, 3, 4, 5, 6, 7, 8, 9, 10, 11, 12, 13, 14, 15, 16, 17, 18, 19, 20, 21, 22, 23, 24, 25, 26, 27, 28, 29, 30, 31, 32, 33, 34, 35, 36, 37, 38, 39, 40, 41, 42, 43, 44, 45, 46, 47, 48, 49, 50, 51, 52, 53, 54, 55, 56, 57, 58, 59, 60, 61, 62, 63, 64, 65, 66, 67, 68, 69, 70, 71, 72, 73, 74, 75, 76, 77, 78], 1:[], 2:[], 3:[], 4:[], 5:[], 6:[], 7:[], 8:[], 9:[], 10:[], 11:[], 12:[], 13:[], 14:[], 15:[], 16:[], 17:[], 18:[], 19:[], 20:[], 21:[], 22:[], 23:[], 24:[], 25:[], 26:[], 27:[], 28:[], 29:[], 30:[], 31:[], 32:[], 33:[], 34:[], 35:[], 36:[], 37:[], 38:[], 39:[], 40:[], 41:[], 42:[], 43:[], 44:[], 45:[], 46:[], 47:[], 48:[], 49:[], 50:[], 51:[], 52:[], 53:[], 54:[], 55:[], 56:[], 57:[], 58:[], 59:[], 60:[], 61:[], 62:[], 63:[], 64:[], 65:[], 66:[], 67:[], 68:[], 69:[], 70:[], 71:[], 72:[], 73:[], 74:[], 75:[], 76:[], 77:[], 78:[]",5761715952,5981005980
1907,2,2499.9174,2438416,36194747,288338087,40.9559,false,79,true,true,true,true,true,false,false,"0:[0, 1, 2, 3, 4, 5, 6, 7, 8, 9, 10, 11, 12, 13, 14, 15, 16, 17, 18, 19, 20, 21, 22, 23, 24, 25, 26, 27, 28, 29, 30, 31, 32, 33, 34, 35, 36, 37, 38, 39, 40, 41, 42, 43, 44, 45, 46, 47, 48, 49, 50, 51, 52, 53, 54, 55, 56, 57, 58, 59, 60, 61, 62, 63, 64, 65, 66, 67, 68, 69, 70, 71, 72, 73, 74, 75, 76, 77, 78], 1:[], 2:[], 3:[], 4:[], 5:[], 6:[], 7:[], 8:[], 9:[], 10:[], 11:[], 12:[], 13:[], 14:[], 15:[], 16:[], 17:[], 18:[], 19:[], 20:[], 21:[], 22:[], 23:[], 24:[], 25:[], 26:[], 27:[], 28:[], 29:[], 30:[], 31:[], 32:[], 33:[], 34:[], 35:[], 36:[], 37:[], 38:[], 39:[], 40:[], 41:[], 42:[], 43:[], 44:[], 45:[], 46:[], 47:[], 48:[], 49:[], 50:[], 51:[], 52:[], 53:[], 54:[], 55:[], 56:[], 57:[], 58:[], 59:[], 60:[], 61:[], 62:[], 63:[], 64:[], 65:[], 66:[], 67:[], 68:[], 69:[], 70:[], 71:[], 72:[], 73:[], 74:[], 75:[], 76:[], 77:[], 78:[]",5789451424,6021299527
1913,3,2631.1357,2461408,36537705,291075924,40.9974,false,79,true,true,true,true,true,false,false,"0:[0, 1, 2, 3, 4, 5, 6, 7, 8, 9, 10, 11, 12, 13, 14, 15, 16, 17, 18, 19, 20, 21, 22, 23, 24, 25, 26, 27, 28, 29, 30, 31, 32, 33, 34, 35, 36, 37, 38, 39, 40, 41, 42, 43, 44, 45, 46, 47, 48, 49, 50, 51, 52, 53, 54, 55, 56, 57, 58, 59, 60, 61, 62, 63, 64, 65, 66, 67, 68, 69, 70, 71, 72, 73, 74, 75, 76, 77, 78], 1:[], 2:[], 3:[], 4:[], 5:[], 6:[], 7:[], 8:[], 9:[], 10:[], 11:[], 12:[], 13:[], 14:[], 15:[], 16:[], 17:[], 18:[], 19:[], 20:[], 21:[], 22:[], 23:[], 24:[], 25:[], 26:[], 27:[], 28:[], 29:[], 30:[], 31:[], 32:[], 33:[], 34:[], 35:[], 36:[], 37:[], 38:[], 39:[], 40:[], 41:[], 42:[], 43:[], 44:[], 45:[], 46:[], 47:[], 48:[], 49:[], 50:[], 51:[], 52:[], 53:[], 54:[], 55:[], 56:[], 57:[], 58:[], 59:[], 60:[], 61:[], 62:[], 63:[], 64:[], 65:[], 66:[], 67:[], 68:[], 69:[], 70:[], 71:[], 72:[], 73:[], 74:[], 75:[], 76:[], 77:[], 78:[]",5817439872,6061992813
1931,2,2256.8880,2531250,37577607,299370005,42.5647,false,81,true,true,true,true,true,false,false,"0:[0, 1, 2, 3, 4, 5, 6, 7, 8, 9, 10, 11, 12, 13, 14, 15, 16, 17, 18, 19, 20, 21, 22, 23, 24, 25, 26, 27, 28, 29, 30, 31, 32, 33, 34, 35, 36, 37, 38, 39, 40, 41, 42, 43, 44, 45, 46, 47, 48, 49, 50, 51, 52, 53, 54, 55, 56, 57, 58, 59, 60, 61, 62, 63, 64, 65, 66, 67, 68, 69, 70, 71, 72, 73, 74, 75, 76, 77, 78, 79, 80], 1:[], 2:[], 3:[], 4:[], 5:[], 6:[], 7:[], 8:[], 9:[], 10:[], 11:[], 12:[], 13:[], 14:[], 15:[], 16:[], 17:[], 18:[], 19:[], 20:[], 21:[], 22:[], 23:[], 24:[], 25:[], 26:[], 27:[], 28:[], 29:[], 30:[], 31:[], 32:[], 33:[], 34:[], 35:[], 36:[], 37:[], 38:[], 39:[], 40:[], 41:[], 42:[], 43:[], 44:[], 45:[], 46:[], 47:[], 48:[], 49:[], 50:[], 51:[], 52:[], 53:[], 54:[], 55:[], 56:[], 57:[], 58:[], 59:[], 60:[], 61:[], 62:[], 63:[], 64:[], 65:[], 66:[], 67:[], 68:[], 69:[], 70:[], 71:[], 72:[], 73:[], 74:[], 75:[], 76:[], 77:[], 78:[], 79:[], 80:[]",5902308240,6185321235
1933,2,2672.6707,2539091,37694947,300308387,46.2458,false,81,true,true,true,true,true,false,false,"0:[0, 1, 2, 3, 4, 5, 6, 7, 8, 9, 10, 11, 12, 13, 14, 15, 16, 17, 18, 19, 20, 21, 22, 23, 24, 25, 26, 27, 28, 29, 30, 31, 32, 33, 34, 35, 36, 37, 38, 39, 40, 41, 42, 43, 44, 45, 46, 47, 48, 49, 50, 51, 52, 53, 54, 55, 56, 57, 58, 59, 60, 61, 62, 63, 64, 65, 66, 67, 68, 69, 70, 71, 72, 73, 74, 75, 76, 77, 78, 79, 80], 1:[], 2:[], 3:[], 4:[], 5:[], 6:[], 7:[], 8:[], 9:[], 10:[], 11:[], 12:[], 13:[], 14:[], 15:[], 16:[], 17:[], 18:[], 19:[], 20:[], 21:[], 22:[], 23:[], 24:[], 25:[], 26:[], 27:[], 28:[], 29:[], 30:[], 31:[], 32:[], 33:[], 34:[], 35:[], 36:[], 37:[], 38:[], 39:[], 40:[], 41:[], 42:[], 43:[], 44:[], 45:[], 46:[], 47:[], 48:[], 49:[], 50:[], 51:[], 52:[], 53:[], 54:[], 55:[], 56:[], 57:[], 58:[], 59:[], 60:[], 61:[], 62:[], 63:[], 64:[], 65:[], 66:[], 67:[], 68:[], 69:[], 70:[], 71:[], 72:[], 73:[], 74:[], 75:[], 76:[], 77:[], 78:[], 79:[], 80:[]",5911883624,6199254327
1949,2,2750.4755,2602402,38638052,307832090,43.2221,false,81,true,true,true,true,true,false,false,"0:[0, 1, 2, 3, 4, 5, 6, 7, 8, 9, 10, 11, 12, 13, 14, 15, 16, 17, 18, 19, 20, 21, 22, 23, 24, 25, 26, 27, 28, 29, 30, 31, 32, 33, 34, 35, 36, 37, 38, 39, 40, 41, 42, 43, 44, 45, 46, 47, 48, 49, 50, 51, 52, 53, 54, 55, 56, 57, 58, 59, 60, 61, 62, 63, 64, 65, 66, 67, 68, 69, 70, 71, 72, 73, 74, 75, 76, 77, 78, 79, 80], 1:[], 2:[], 3:[], 4:[], 5:[], 6:[], 7:[], 8:[], 9:[], 10:[], 11:[], 12:[], 13:[], 14:[], 15:[], 16:[], 17:[], 18:[], 19:[], 20:[], 21:[], 22:[], 23:[], 24:[], 25:[], 26:[], 27:[], 28:[], 29:[], 30:[], 31:[], 32:[], 33:[], 34:[], 35:[], 36:[], 37:[], 38:[], 39:[], 40:[], 41:[], 42:[], 43:[], 44:[], 45:[], 46:[], 47:[], 48:[], 49:[], 50:[], 51:[], 52:[], 53:[], 54:[], 55:[], 56:[], 57:[], 58:[], 59:[], 60:[], 61:[], 62:[], 63:[], 64:[], 65:[], 66:[], 67:[], 68:[], 69:[], 70:[], 71:[], 72:[], 73:[], 74:[], 75:[], 76:[], 77:[], 78:[], 79:[], 80:[]",5988851488,6847986644
1951,3,2567.5991,2610388,38756553,308775526,42.7491,false,81,true,true,true,true,true,false,false,"0:[0, 1, 2, 3, 4, 5, 6, 7, 8, 9, 10, 11, 12, 13, 14, 15, 16, 17, 18, 19, 20, 21, 22, 23, 24, 25, 26, 27, 28, 29, 30, 31, 32, 33, 34, 35, 36, 37, 38, 39, 40, 41, 42, 43, 44, 45, 46, 47, 48, 49, 50, 51, 52, 53, 54, 55, 56, 57, 58, 59, 60, 61, 62, 63, 64, 65, 66, 67, 68, 69, 70, 71, 72, 73, 74, 75, 76, 77, 78, 79, 80], 1:[], 2:[], 3:[], 4:[], 5:[], 6:[], 7:[], 8:[], 9:[], 10:[], 11:[], 12:[], 13:[], 14:[], 15:[], 16:[], 17:[], 18:[], 19:[], 20:[], 21:[], 22:[], 23:[], 24:[], 25:[], 26:[], 27:[], 28:[], 29:[], 30:[], 31:[], 32:[], 33:[], 34:[], 35:[], 36:[], 37:[], 38:[], 39:[], 40:[], 41:[], 42:[], 43:[], 44:[], 45:[], 46:[], 47:[], 48:[], 49:[], 50:[], 51:[], 52:[], 53:[], 54:[], 55:[], 56:[], 57:[], 58:[], 59:[], 60:[], 61:[], 62:[], 63:[], 64:[], 65:[], 66:[], 67:[], 68:[], 69:[], 70:[], 71:[], 72:[], 73:[], 74:[], 75:[], 76:[], 77:[], 78:[], 79:[], 80:[]",5998523232,6862027373
1973,2,2823.3195,2699326,40082128,319353494,44.2723,false,83,true,true,true,true,true,false,false,"0:[0, 1, 2, 3, 4, 5, 6, 7, 8, 9, 10, 11, 12, 13, 14, 15, 16, 17, 18, 19, 20, 21, 22, 23, 24, 25, 26, 27, 28, 29, 30, 31, 32, 33, 34, 35, 36, 37, 38, 39, 40, 41, 42, 43, 44, 45, 46, 47, 48, 49, 50, 51, 52, 53, 54, 55, 56, 57, 58, 59, 60, 61, 62, 63, 64, 65, 66, 67, 68, 69, 70, 71, 72, 73, 74, 75, 76, 77, 78, 79, 80, 81, 82], 1:[], 2:[], 3:[], 4:[], 5:[], 6:[], 7:[], 8:[], 9:[], 10:[], 11:[], 12:[], 13:[], 14:[], 15:[], 16:[], 17:[], 18:[], 19:[], 20:[], 21:[], 22:[], 23:[], 24:[], 25:[], 26:[], 27:[], 28:[], 29:[], 30:[], 31:[], 32:[], 33:[], 34:[], 35:[], 36:[], 37:[], 38:[], 39:[], 40:[], 41:[], 42:[], 43:[], 44:[], 45:[], 46:[], 47:[], 48:[], 49:[], 50:[], 51:[], 52:[], 53:[], 54:[], 55:[], 56:[], 57:[], 58:[], 59:[], 60:[], 61:[], 62:[], 63:[], 64:[], 65:[], 66:[], 67:[], 68:[], 69:[], 70:[], 71:[], 72:[], 73:[], 74:[], 75:[], 76:[], 77:[], 78:[], 79:[], 80:[], 81:[], 82:[]",6106703744,7019269808
1979,2,2821.7178,2723928,40448103,322270902,47.8261,false,83,true,true,true,true,true,false,false,"0:[0, 1, 2, 3, 4, 5, 6, 7, 8, 9, 10, 11, 12, 13, 14, 15, 16, 17, 18, 19, 20, 21, 22, 23, 24, 25, 26, 27, 28, 29, 30, 31, 32, 33, 34, 35, 36, 37, 38, 39, 40, 41, 42, 43, 44, 45, 46, 47, 48, 49, 50, 51, 52, 53, 54, 55, 56, 57, 58, 59, 60, 61, 62, 63, 64, 65, 66, 67, 68, 69, 70, 71, 72, 73, 74, 75, 76, 77, 78, 79, 80, 81, 82], 1:[], 2:[], 3:[], 4:[], 5:[], 6:[], 7:[], 8:[], 9:[], 10:[], 11:[], 12:[], 13:[], 14:[], 15:[], 16:[], 17:[], 18:[], 19:[], 20:[], 21:[], 22:[], 23:[], 24:[], 25:[], 26:[], 27:[], 28:[], 29:[], 30:[], 31:[], 32:[], 33:[], 34:[], 35:[], 36:[], 37:[], 38:[], 39:[], 40:[], 41:[], 42:[], 43:[], 44:[], 45:[], 46:[], 47:[], 48:[], 49:[], 50:[], 51:[], 52:[], 53:[], 54:[], 55:[], 56:[], 57:[], 58:[], 59:[], 60:[], 61:[], 62:[], 63:[], 64:[], 65:[], 66:[], 67:[], 68:[], 69:[], 70:[], 71:[], 72:[], 73:[], 74:[], 75:[], 76:[], 77:[], 78:[], 79:[], 80:[], 81:[], 82:[]",6136572192,7062661859
1987,2,2461.2920,2756961,40940369,326198948,45.2446,false,82,true,true,true,true,true,false,false,"0:[0, 1, 2, 3, 4, 5, 6, 7, 8, 9, 10, 11, 12, 13, 14, 15, 16, 17, 18, 19, 20, 21, 22, 23, 24, 25, 26, 27, 28, 29, 30, 31, 32, 33, 34, 35, 36, 37, 38, 39, 40, 41, 42, 43, 44, 45, 46, 47, 48, 49, 50, 51, 52, 53, 54, 55, 56, 57, 58, 59, 60, 61, 62, 63, 64, 65, 66, 67, 68, 69, 70, 71, 72, 73, 74, 75, 76, 77, 78, 79, 80, 81], 1:[], 2:[], 3:[], 4:[], 5:[], 6:[], 7:[], 8:[], 9:[], 10:[], 11:[], 12:[], 13:[], 14:[], 15:[], 16:[], 17:[], 18:[], 19:[], 20:[], 21:[], 22:[], 23:[], 24:[], 25:[], 26:[], 27:[], 28:[], 29:[], 30:[], 31:[], 32:[], 33:[], 34:[], 35:[], 36:[], 37:[], 38:[], 39:[], 40:[], 41:[], 42:[], 43:[], 44:[], 45:[], 46:[], 47:[], 48:[], 49:[], 50:[], 51:[], 52:[], 53:[], 54:[], 55:[], 56:[], 57:[], 58:[], 59:[], 60:[], 61:[], 62:[], 63:[], 64:[], 65:[], 66:[], 67:[], 68:[], 69:[], 70:[], 71:[], 72:[], 73:[], 74:[], 75:[], 76:[], 77:[], 78:[], 79:[], 80:[], 81:[]",6176746264,7121050925
1993,5,3118.2464,2781911,41312617,329170887,47.1180,false,83,true,true,true,true,true,false,false,"0:[0, 1, 2, 3, 4, 5, 6, 7, 8, 9, 10, 11, 12, 13, 14, 15, 16, 17, 18, 19, 20, 21, 22, 23, 24, 25, 26, 27, 28, 29, 30, 31, 32, 33, 34, 35, 36, 37, 38, 39, 40, 41, 42, 43, 44, 45, 46, 47, 48, 49, 50, 51, 52, 53, 54, 55, 56, 57, 58, 59, 60, 61, 62, 63, 64, 65, 66, 67, 68, 69, 70, 71, 72, 73, 74, 75, 76, 77, 78, 79, 80, 81, 82], 1:[], 2:[], 3:[], 4:[], 5:[], 6:[], 7:[], 8:[], 9:[], 10:[], 11:[], 12:[], 13:[], 14:[], 15:[], 16:[], 17:[], 18:[], 19:[], 20:[], 21:[], 22:[], 23:[], 24:[], 25:[], 26:[], 27:[], 28:[], 29:[], 30:[], 31:[], 32:[], 33:[], 34:[], 35:[], 36:[], 37:[], 38:[], 39:[], 40:[], 41:[], 42:[], 43:[], 44:[], 45:[], 46:[], 47:[], 48:[], 49:[], 50:[], 51:[], 52:[], 53:[], 54:[], 55:[], 56:[], 57:[], 58:[], 59:[], 60:[], 61:[], 62:[], 63:[], 64:[], 65:[], 66:[], 67:[], 68:[], 69:[], 70:[], 71:[], 72:[], 73:[], 74:[], 75:[], 76:[], 77:[], 78:[], 79:[], 80:[], 81:[], 82:[]",6207124904,7165218549
1997,2,2918.5269,2798628,41561728,331158596,46.6396,false,84,true,true,true,true,true,false,false,"0:[0, 1, 2, 3, 4, 5, 6, 7, 8, 9, 10, 11, 12, 13, 14, 15, 16, 17, 18, 19, 20, 21, 22, 23, 24, 25, 26, 27, 28, 29, 30, 31, 32, 33, 34, 35, 36, 37, 38, 39, 40, 41, 42, 43, 44, 45, 46, 47, 48, 49, 50, 51, 52, 53, 54, 55, 56, 57, 58, 59, 60, 61, 62, 63, 64, 65, 66, 67, 68, 69, 70, 71, 72, 73, 74, 75, 76, 77, 78, 79, 80, 81, 82, 83], 1:[], 2:[], 3:[], 4:[], 5:[], 6:[], 7:[], 8:[], 9:[], 10:[], 11:[], 12:[], 13:[], 14:[], 15:[], 16:[], 17:[], 18:[], 19:[], 20:[], 21:[], 22:[], 23:[], 24:[], 25:[], 26:[], 27:[], 28:[], 29:[], 30:[], 31:[], 32:[], 33:[], 34:[], 35:[], 36:[], 37:[], 38:[], 39:[], 40:[], 41:[], 42:[], 43:[], 44:[], 45:[], 46:[], 47:[], 48:[], 49:[], 50:[], 51:[], 52:[], 53:[], 54:[], 55:[], 56:[], 57:[], 58:[], 59:[], 60:[], 61:[], 62:[], 63:[], 64:[], 65:[], 66:[], 67:[], 68:[], 69:[], 70:[], 71:[], 72:[], 73:[], 74:[], 75:[], 76:[], 77:[], 78:[], 79:[], 80:[], 81:[], 82:[], 83:[]",6227454992,7194766000
1999,3,3180.1937,2807012,41686136,332149142,50.4428,false,83,true,true,true,true,true,false,false,"0:[0, 1, 2, 3, 4, 5, 6, 7, 8, 9, 10, 11, 12, 13, 14, 15, 16, 17, 18, 19, 20, 21, 22, 23, 24, 25, 26, 27, 28, 29, 30, 31, 32, 33, 34, 35, 36, 37, 38, 39, 40, 41, 42, 43, 44, 45, 46, 47, 48, 49, 50, 51, 52, 53, 54, 55, 56, 57, 58, 59, 60, 61, 62, 63, 64, 65, 66, 67, 68, 69, 70, 71, 72, 73, 74, 75, 76, 77, 78, 79, 80, 81, 82], 1:[], 2:[], 3:[], 4:[], 5:[], 6:[], 7:[], 8:[], 9:[], 10:[], 11:[], 12:[], 13:[], 14:[], 15:[], 16:[], 17:[], 18:[], 19:[], 20:[], 21:[], 22:[], 23:[], 24:[], 25:[], 26:[], 27:[], 28:[], 29:[], 30:[], 31:[], 32:[], 33:[], 34:[], 35:[], 36:[], 37:[], 38:[], 39:[], 40:[], 41:[], 42:[], 43:[], 44:[], 45:[], 46:[], 47:[], 48:[], 49:[], 50:[], 51:[], 52:[], 53:[], 54:[], 55:[], 56:[], 57:[], 58:[], 59:[], 60:[], 61:[], 62:[], 63:[], 64:[], 65:[], 66:[], 67:[], 68:[], 69:[], 70:[], 71:[], 72:[], 73:[], 74:[], 75:[], 76:[], 77:[], 78:[], 79:[], 80:[], 81:[], 82:[]",6237608848,7209506536
2003,2,2567.4996,2823828,41936714,334148458,46.8727,false,83,true,true,true,true,true,false,false,"0:[0, 1, 2, 3, 4, 5, 6, 7, 8, 9, 10, 11, 12, 13, 14, 15, 16, 17, 18, 19, 20, 21, 22, 23, 24, 25, 26, 27, 28, 29, 30, 31, 32, 33, 34, 35, 36, 37, 38, 39, 40, 41, 42, 43, 44, 45, 46, 47, 48, 49, 50, 51, 52, 53, 54, 55, 56, 57, 58, 59, 60, 61, 62, 63, 64, 65, 66, 67, 68, 69, 70, 71, 72, 73, 74, 75, 76, 77, 78, 79, 80, 81, 82], 1:[], 2:[], 3:[], 4:[], 5:[], 6:[], 7:[], 8:[], 9:[], 10:[], 11:[], 12:[], 13:[], 14:[], 15:[], 16:[], 17:[], 18:[], 19:[], 20:[], 21:[], 22:[], 23:[], 24:[], 25:[], 26:[], 27:[], 28:[], 29:[], 30:[], 31:[], 32:[], 33:[], 34:[], 35:[], 36:[], 37:[], 38:[], 39:[], 40:[], 41:[], 42:[], 43:[], 44:[], 45:[], 46:[], 47:[], 48:[], 49:[], 50:[], 51:[], 52:[], 53:[], 54:[], 55:[], 56:[], 57:[], 58:[], 59:[], 60:[], 61:[], 62:[], 63:[], 64:[], 65:[], 66:[], 67:[], 68:[], 69:[], 70:[], 71:[], 72:[], 73:[], 74:[], 75:[], 76:[], 77:[], 78:[], 79:[], 80:[], 81:[], 82:[]",6258058672,7239227714
2011,2,2967.5649,2857663,42440903,338171306,47.8704,false,84,true,true,true,true,true,false,false,"0:[0, 1, 2, 3, 4, 5, 6, 7, 8, 9, 10, 11, 12, 13, 14, 15, 16, 17, 18, 19, 20, 21, 22, 23, 24, 25, 26, 27, 28, 29, 30, 31, 32, 33, 34, 35, 36, 37, 38, 39, 40, 41, 42, 43, 44, 45, 46, 47, 48, 49, 50, 51, 52, 53, 54, 55, 56, 57, 58, 59, 60, 61, 62, 63, 64, 65, 66, 67, 68, 69, 70, 71, 72, 73, 74, 75, 76, 77, 78, 79, 80, 81, 82, 83], 1:[], 2:[], 3:[], 4:[], 5:[], 6:[], 7:[], 8:[], 9:[], 10:[], 11:[], 12:[], 13:[], 14:[], 15:[], 16:[], 17:[], 18:[], 19:[], 20:[], 21:[], 22:[], 23:[], 24:[], 25:[], 26:[], 27:[], 28:[], 29:[], 30:[], 31:[], 32:[], 33:[], 34:[], 35:[], 36:[], 37:[], 38:[], 39:[], 40:[], 41:[], 42:[], 43:[], 44:[], 45:[], 46:[], 47:[], 48:[], 49:[], 50:[], 51:[], 52:[], 53:[], 54:[], 55:[], 56:[], 57:[], 58:[], 59:[], 60:[], 61:[], 62:[], 63:[], 64:[], 65:[], 66:[], 67:[], 68:[], 69:[], 70:[], 71:[], 72:[], 73:[], 74:[], 75:[], 76:[], 77:[], 78:[], 79:[], 80:[], 81:[], 82:[], 83:[]",6299205832,7299029707
2017,5,3258.7085,2883216,42822165,341215295,49.2281,false,84,true,true,true,true,true,false,false,"0:[0, 1, 2, 3, 4, 5, 6, 7, 8, 9, 10, 11, 12, 13, 14, 15, 16, 17, 18, 19, 20, 21, 22, 23, 24, 25, 26, 27, 28, 29, 30, 31, 32, 33, 34, 35, 36, 37, 38, 39, 40, 41, 42, 43, 44, 45, 46, 47, 48, 49, 50, 51, 52, 53, 54, 55, 56, 57, 58, 59, 60, 61, 62, 63, 64, 65, 66, 67, 68, 69, 70, 71, 72, 73, 74, 75, 76, 77, 78, 79, 80, 81, 82, 83], 1:[], 2:[], 3:[], 4:[], 5:[], 6:[], 7:[], 8:[], 9:[], 10:[], 11:[], 12:[], 13:[], 14:[], 15:[], 16:[], 17:[], 18:[], 19:[], 20:[], 21:[], 22:[], 23:[], 24:[], 25:[], 26:[], 27:[], 28:[], 29:[], 30:[], 31:[], 32:[], 33:[], 34:[], 35:[], 36:[], 37:[], 38:[], 39:[], 40:[], 41:[], 42:[], 43:[], 44:[], 45:[], 46:[], 47:[], 48:[], 49:[], 50:[], 51:[], 52:[], 53:[], 54:[], 55:[], 56:[], 57:[], 58:[], 59:[], 60:[], 61:[], 62:[], 63:[], 64:[], 65:[], 66:[], 67:[], 68:[], 69:[], 70:[], 71:[], 72:[], 73:[], 74:[], 75:[], 76:[], 77:[], 78:[], 79:[], 80:[], 81:[], 82:[], 83:[]",6330320064,7344266665
2027,2,2692.1045,2926142,43461297,346312651,50.3724,false,84,true,true,true,true,true,false,false,"0:[0, 1, 2, 3, 4, 5, 6, 7, 8, 9, 10, 11, 12, 13, 14, 15, 16, 17, 18, 19, 20, 21, 22, 23, 24, 25, 26, 27, 28, 29, 30, 31, 32, 33, 34, 35, 36, 37, 38, 39, 40, 41, 42, 43, 44, 45, 46, 47, 48, 49, 50, 51, 52, 53, 54, 55, 56, 57, 58, 59, 60, 61, 62, 63, 64, 65, 66, 67, 68, 69, 70, 71, 72, 73, 74, 75, 76, 77, 78, 79, 80, 81, 82, 83], 1:[], 2:[], 3:[], 4:[], 5:[], 6:[], 7:[], 8:[], 9:[], 10:[], 11:[], 12:[], 13:[], 14:[], 15:[], 16:[], 17:[], 18:[], 19:[], 20:[], 21:[], 22:[], 23:[], 24:[], 25:[], 26:[], 27:[], 28:[], 29:[], 30:[], 31:[], 32:[], 33:[], 34:[], 35:[], 36:[], 37:[], 38:[], 39:[], 40:[], 41:[], 42:[], 43:[], 44:[], 45:[], 46:[], 47:[], 48:[], 49:[], 50:[], 51:[], 52:[], 53:[], 54:[], 55:[], 56:[], 57:[], 58:[], 59:[], 60:[], 61:[], 62:[], 63:[], 64:[], 65:[], 66:[], 67:[], 68:[], 69:[], 70:[], 71:[], 72:[], 73:[], 74:[], 75:[], 76:[], 77:[], 78:[], 79:[], 80:[], 81:[], 82:[], 83:[]",6382480848,7420058501
2029,2,2723.4599,2934779,43590496,347345491,49.7233,false,84,true,true,true,true,true,false,false,"0:[0, 1, 2, 3, 4, 5, 6, 7, 8, 9, 10, 11, 12, 13, 14, 15, 16, 17, 18, 19, 20, 21, 22, 23, 24, 25, 26, 27, 28, 29, 30, 31, 32, 33, 34, 35, 36, 37, 38, 39, 40, 41, 42, 43, 44, 45, 46, 47, 48, 49, 50, 51, 52, 53, 54, 55, 56, 57, 58, 59, 60, 61, 62, 63, 64, 65, 66, 67, 68, 69, 70, 71, 72, 73, 74, 75, 76, 77, 78, 79, 80, 81, 82, 83], 1:[], 2:[], 3:[], 4:[], 5:[], 6:[], 7:[], 8:[], 9:[], 10:[], 11:[], 12:[], 13:[], 14:[], 15:[], 16:[], 17:[], 18:[], 19:[], 20:[], 21:[], 22:[], 23:[], 24:[], 25:[], 26:[], 27:[], 28:[], 29:[], 30:[], 31:[], 32:[], 33:[], 34:[], 35:[], 36:[], 37:[], 38:[], 39:[], 40:[], 41:[], 42:[], 43:[], 44:[], 45:[], 46:[], 47:[], 48:[], 49:[], 50:[], 51:[], 52:[], 53:[], 54:[], 55:[], 56:[], 57:[], 58:[], 59:[], 60:[], 61:[], 62:[], 63:[], 64:[], 65:[], 66:[], 67:[], 68:[], 69:[], 70:[], 71:[], 72:[], 73:[], 74:[], 75:[], 76:[], 77:[], 78:[], 79:[], 80:[], 81:[], 82:[], 83:[]",6393024056,7435397912
2039,7,3393.7006,2978214,44237237,352503654,50.0045,false,84,true,true,true,true,true,false,false,"0:[0, 1, 2, 3, 4, 5, 6, 7, 8, 9, 10, 11, 12, 13, 14, 15, 16, 17, 18, 19, 20, 21, 22, 23, 24, 25, 26, 27, 28, 29, 30, 31, 32, 33, 34, 35, 36, 37, 38, 39, 40, 41, 42, 43, 44, 45, 46, 47, 48, 49, 50, 51, 52, 53, 54, 55, 56, 57, 58, 59, 60, 61, 62, 63, 64, 65, 66, 67, 68, 69, 70, 71, 72, 73, 74, 75, 76, 77, 78, 79, 80, 81, 82, 83], 1:[], 2:[], 3:[], 4:[], 5:[], 6:[], 7:[], 8:[], 9:[], 10:[], 11:[], 12:[], 13:[], 14:[], 15:[], 16:[], 17:[], 18:[], 19:[], 20:[], 21:[], 22:[], 23:[], 24:[], 25:[], 26:[], 27:[], 28:[], 29:[], 30:[], 31:[], 32:[], 33:[], 34:[], 35:[], 36:[], 37:[], 38:[], 39:[], 40:[], 41:[], 42:[], 43:[], 44:[], 45:[], 46:[], 47:[], 48:[], 49:[], 50:[], 51:[], 52:[], 53:[], 54:[], 55:[], 56:[], 57:[], 58:[], 59:[], 60:[], 61:[], 62:[], 63:[], 64:[], 65:[], 66:[], 67:[], 68:[], 69:[], 70:[], 71:[], 72:[], 73:[], 74:[], 75:[], 76:[], 77:[], 78:[], 79:[], 80:[], 81:[], 82:[], 83:[]",6445805776,7512092185
2053,2,2678.8764,3039739,45154707,359826683,51.9112,false,86,true,true,true,true,true,false,false,"0:[0, 1, 2, 3, 4, 5, 6, 7, 8, 9, 10, 11, 12, 13, 14, 15, 16, 17, 18, 19, 20, 21, 22, 23, 24, 25, 26, 27, 28, 29, 30, 31, 32, 33, 34, 35, 36, 37, 38, 39, 40, 41, 42, 43, 44, 45, 46, 47, 48, 49, 50, 51, 52, 53, 54, 55, 56, 57, 58, 59, 60, 61, 62, 63, 64, 65, 66, 67, 68, 69, 70, 71, 72, 73, 74, 75, 76, 77, 78, 79, 80, 81, 82, 83, 84, 85], 1:[], 2:[], 3:[], 4:[], 5:[], 6:[], 7:[], 8:[], 9:[], 10:[], 11:[], 12:[], 13:[], 14:[], 15:[], 16:[], 17:[], 18:[], 19:[], 20:[], 21:[], 22:[], 23:[], 24:[], 25:[], 26:[], 27:[], 28:[], 29:[], 30:[], 31:[], 32:[], 33:[], 34:[], 35:[], 36:[], 37:[], 38:[], 39:[], 40:[], 41:[], 42:[], 43:[], 44:[], 45:[], 46:[], 47:[], 48:[], 49:[], 50:[], 51:[], 52:[], 53:[], 54:[], 55:[], 56:[], 57:[], 58:[], 59:[], 60:[], 61:[], 62:[], 63:[], 64:[], 65:[], 66:[], 67:[], 68:[], 69:[], 70:[], 71:[], 72:[], 73:[], 74:[], 75:[], 76:[], 77:[], 78:[], 79:[], 80:[], 81:[], 82:[], 83:[], 84:[], 85:[]",6520679976,7620929703
2063,5,2955.4441,3084201,45816799,365107512,50.8147,false,86,true,true,true,true,true,false,false,"0:[0, 1, 2, 3, 4, 5, 6, 7, 8, 9, 10, 11, 12, 13, 14, 15, 16, 17, 18, 19, 20, 21, 22, 23, 24, 25, 26, 27, 28, 29, 30, 31, 32, 33, 34, 35, 36, 37, 38, 39, 40, 41, 42, 43, 44, 45, 46, 47, 48, 49, 50, 51, 52, 53, 54, 55, 56, 57, 58, 59, 60, 61, 62, 63, 64, 65, 66, 67, 68, 69, 70, 71, 72, 73, 74, 75, 76, 77, 78, 79, 80, 81, 82, 83, 84, 85], 1:[], 2:[], 3:[], 4:[], 5:[], 6:[], 7:[], 8:[], 9:[], 10:[], 11:[], 12:[], 13:[], 14:[], 15:[], 16:[], 17:[], 18:[], 19:[], 20:[], 21:[], 22:[], 23:[], 24:[], 25:[], 26:[], 27:[], 28:[], 29:[], 30:[], 31:[], 32:[], 33:[], 34:[], 35:[], 36:[], 37:[], 38:[], 39:[], 40:[], 41:[], 42:[], 43:[], 44:[], 45:[], 46:[], 47:[], 48:[], 49:[], 50:[], 51:[], 52:[], 53:[], 54:[], 55:[], 56:[], 57:[], 58:[], 59:[], 60:[], 61:[], 62:[], 63:[], 64:[], 65:[], 66:[], 67:[], 68:[], 69:[], 70:[], 71:[], 72:[], 73:[], 74:[], 75:[], 76:[], 77:[], 78:[], 79:[], 80:[], 81:[], 82:[], 83:[], 84:[], 85:[]",6574714424,7699444147
2069,2,2721.2783,3111086,46218008,368311037,52.1623,false,86,true,true,true,true,true,false,false,"0:[0, 1, 2, 3, 4, 5, 6, 7, 8, 9, 10, 11, 12, 13, 14, 15, 16, 17, 18, 19, 20, 21, 22, 23, 24, 25, 26, 27, 28, 29, 30, 31, 32, 33, 34, 35, 36, 37, 38, 39, 40, 41, 42, 43, 44, 45, 46, 47, 48, 49, 50, 51, 52, 53, 54, 55, 56, 57, 58, 59, 60, 61, 62, 63, 64, 65, 66, 67, 68, 69, 70, 71, 72, 73, 74, 75, 76, 77, 78, 79, 80, 81, 82, 83, 84, 85], 1:[], 2:[], 3:[], 4:[], 5:[], 6:[], 7:[], 8:[], 9:[], 10:[], 11:[], 12:[], 13:[], 14:[], 15:[], 16:[], 17:[], 18:[], 19:[], 20:[], 21:[], 22:[], 23:[], 24:[], 25:[], 26:[], 27:[], 28:[], 29:[], 30:[], 31:[], 32:[], 33:[], 34:[], 35:[], 36:[], 37:[], 38:[], 39:[], 40:[], 41:[], 42:[], 43:[], 44:[], 45:[], 46:[], 47:[], 48:[], 49:[], 50:[], 51:[], 52:[], 53:[], 54:[], 55:[], 56:[], 57:[], 58:[], 59:[], 60:[], 61:[], 62:[], 63:[], 64:[], 65:[], 66:[], 67:[], 68:[], 69:[], 70:[], 71:[], 72:[], 73:[], 74:[], 75:[], 76:[], 77:[], 78:[], 79:[], 80:[], 81:[], 82:[], 83:[], 84:[], 85:[]",6607456384,7747047576
2081,3,3275.0183,3165321,47026301,374760445,54.6152,false,87,true,true,true,true,true,false,false,"0:[0, 1, 2, 3, 4, 5, 6, 7, 8, 9, 10, 11, 12, 13, 14, 15, 16, 17, 18, 19, 20, 21, 22, 23, 24, 25, 26, 27, 28, 29, 30, 31, 32, 33, 34, 35, 36, 37, 38, 39, 40, 41, 42, 43, 44, 45, 46, 47, 48, 49, 50, 51, 52, 53, 54, 55, 56, 57, 58, 59, 60, 61, 62, 63, 64, 65, 66, 67, 68, 69, 70, 71, 72, 73, 74, 75, 76, 77, 78, 79, 80, 81, 82, 83, 84, 85, 86], 1:[], 2:[], 3:[], 4:[], 5:[], 6:[], 7:[], 8:[], 9:[], 10:[], 11:[], 12:[], 13:[], 14:[], 15:[], 16:[], 17:[], 18:[], 19:[], 20:[], 21:[], 22:[], 23:[], 24:[], 25:[], 26:[], 27:[], 28:[], 29:[], 30:[], 31:[], 32:[], 33:[], 34:[], 35:[], 36:[], 37:[], 38:[], 39:[], 40:[], 41:[], 42:[], 43:[], 44:[], 45:[], 46:[], 47:[], 48:[], 49:[], 50:[], 51:[], 52:[], 53:[], 54:[], 55:[], 56:[], 57:[], 58:[], 59:[], 60:[], 61:[], 62:[], 63:[], 64:[], 65:[], 66:[], 67:[], 68:[], 69:[], 70:[], 71:[], 72:[], 73:[], 74:[], 75:[], 76:[], 77:[], 78:[], 79:[], 80:[], 81:[], 82:[], 83:[], 84:[], 85:[], 86:[]",6673421464,7842918889
2083,2,2707.2632,3174421,47161467,375837299,52.5600,false,86,true,true,true,true,true,false,false,"0:[0, 1, 2, 3, 4, 5, 6, 7, 8, 9, 10, 11, 12, 13, 14, 15, 16, 17, 18, 19, 20, 21, 22, 23, 24, 25, 26, 27, 28, 29, 30, 31, 32, 33, 34, 35, 36, 37, 38, 39, 40, 41, 42, 43, 44, 45, 46, 47, 48, 49, 50, 51, 52, 53, 54, 55, 56, 57, 58, 59, 60, 61, 62, 63, 64, 65, 66, 67, 68, 69, 70, 71, 72, 73, 74, 75, 76, 77, 78, 79, 80, 81, 82, 83, 84, 85], 1:[], 2:[], 3:[], 4:[], 5:[], 6:[], 7:[], 8:[], 9:[], 10:[], 11:[], 12:[], 13:[], 14:[], 15:[], 16:[], 17:[], 18:[], 19:[], 20:[], 21:[], 22:[], 23:[], 24:[], 25:[], 26:[], 27:[], 28:[], 29:[], 30:[], 31:[], 32:[], 33:[], 34:[], 35:[], 36:[], 37:[], 38:[], 39:[], 40:[], 41:[], 42:[], 43:[], 44:[], 45:[], 46:[], 47:[], 48:[], 49:[], 50:[], 51:[], 52:[], 53:[], 54:[], 55:[], 56:[], 57:[], 58:[], 59:[], 60:[], 61:[], 62:[], 63:[], 64:[], 65:[], 66:[], 67:[], 68:[], 69:[], 70:[], 71:[], 72:[], 73:[], 74:[], 75:[], 76:[], 77:[], 78:[], 79:[], 80:[], 81:[], 82:[], 83:[], 84:[], 85:[]",6684453144,7858935391
2087,5,3067.7230,3192674,47433487,378007694,57.1230,false,87,true,true,true,true,true,false,false,"0:[0, 1, 2, 3, 4, 5, 6, 7, 8, 9, 10, 11, 12, 13, 14, 15, 16, 17, 18, 19, 20, 21, 22, 23, 24, 25, 26, 27, 28, 29, 30, 31, 32, 33, 34, 35, 36, 37, 38, 39, 40, 41, 42, 43, 44, 45, 46, 47, 48, 49, 50, 51, 52, 53, 54, 55, 56, 57, 58, 59, 60, 61, 62, 63, 64, 65, 66, 67, 68, 69, 70, 71, 72, 73, 74, 75, 76, 77, 78, 79, 80, 81, 82, 83, 84, 85, 86], 1:[], 2:[], 3:[], 4:[], 5:[], 6:[], 7:[], 8:[], 9:[], 10:[], 11:[], 12:[], 13:[], 14:[], 15:[], 16:[], 17:[], 18:[], 19:[], 20:[], 21:[], 22:[], 23:[], 24:[], 25:[], 26:[], 27:[], 28:[], 29:[], 30:[], 31:[], 32:[], 33:[], 34:[], 35:[], 36:[], 37:[], 38:[], 39:[], 40:[], 41:[], 42:[], 43:[], 44:[], 45:[], 46:[], 47:[], 48:[], 49:[], 50:[], 51:[], 52:[], 53:[], 54:[], 55:[], 56:[], 57:[], 58:[], 59:[], 60:[], 61:[], 62:[], 63:[], 64:[], 65:[], 66:[], 67:[], 68:[], 69:[], 70:[], 71:[], 72:[], 73:[], 74:[], 75:[], 76:[], 77:[], 78:[], 79:[], 80:[], 81:[], 82:[], 83:[], 84:[], 85:[], 86:[]",6706652816,7891199547
2089,7,3550.2797,3201827,47570395,379102025,55.6547,false,88,true,true,true,true,true,false,false,"0:[0, 1, 2, 3, 4, 5, 6, 7, 8, 9, 10, 11, 12, 13, 14, 15, 16, 17, 18, 19, 20, 21, 22, 23, 24, 25, 26, 27, 28, 29, 30, 31, 32, 33, 34, 35, 36, 37, 38, 39, 40, 41, 42, 43, 44, 45, 46, 47, 48, 49, 50, 51, 52, 53, 54, 55, 56, 57, 58, 59, 60, 61, 62, 63, 64, 65, 66, 67, 68, 69, 70, 71, 72, 73, 74, 75, 76, 77, 78, 79, 80, 81, 82, 83, 84, 85, 86, 87], 1:[], 2:[], 3:[], 4:[], 5:[], 6:[], 7:[], 8:[], 9:[], 10:[], 11:[], 12:[], 13:[], 14:[], 15:[], 16:[], 17:[], 18:[], 19:[], 20:[], 21:[], 22:[], 23:[], 24:[], 25:[], 26:[], 27:[], 28:[], 29:[], 30:[], 31:[], 32:[], 33:[], 34:[], 35:[], 36:[], 37:[], 38:[], 39:[], 40:[], 41:[], 42:[], 43:[], 44:[], 45:[], 46:[], 47:[], 48:[], 49:[], 50:[], 51:[], 52:[], 53:[], 54:[], 55:[], 56:[], 57:[], 58:[], 59:[], 60:[], 61:[], 62:[], 63:[], 64:[], 65:[], 66:[], 67:[], 68:[], 69:[], 70:[], 71:[], 72:[], 73:[], 74:[], 75:[], 76:[], 77:[], 78:[], 79:[], 80:[], 81:[], 82:[], 83:[], 84:[], 85:[], 86:[], 87:[]",6717825128,7907453775
2099,2,2797.0150,3247852,48255864,384569675,54.3632,false,88,true,true,true,true,true,false,false,"0:[0, 1, 2, 3, 4, 5, 6, 7, 8, 9, 10, 11, 12, 13, 14, 15, 16, 17, 18, 19, 20, 21, 22, 23, 24, 25, 26, 27, 28, 29, 30, 31, 32, 33, 34, 35, 36, 37, 38, 39, 40, 41, 42, 43, 44, 45, 46, 47, 48, 49, 50, 51, 52, 53, 54, 55, 56, 57, 58, 59, 60, 61, 62, 63, 64, 65, 66, 67, 68, 69, 70, 71, 72, 73, 74, 75, 76, 77, 78, 79, 80, 81, 82, 83, 84, 85, 86, 87], 1:[], 2:[], 3:[], 4:[], 5:[], 6:[], 7:[], 8:[], 9:[], 10:[], 11:[], 12:[], 13:[], 14:[], 15:[], 16:[], 17:[], 18:[], 19:[], 20:[], 21:[], 22:[], 23:[], 24:[], 25:[], 26:[], 27:[], 28:[], 29:[], 30:[], 31:[], 32:[], 33:[], 34:[], 35:[], 36:[], 37:[], 38:[], 39:[], 40:[], 41:[], 42:[], 43:[], 44:[], 45:[], 46:[], 47:[], 48:[], 49:[], 50:[], 51:[], 52:[], 53:[], 54:[], 55:[], 56:[], 57:[], 58:[], 59:[], 60:[], 61:[], 62:[], 63:[], 64:[], 65:[], 66:[], 67:[], 68:[], 69:[], 70:[], 71:[], 72:[], 73:[], 74:[], 75:[], 76:[], 77:[], 78:[], 79:[], 80:[], 81:[], 82:[], 83:[], 84:[], 85:[], 86:[], 87:[]",6773767248,7988740744
2111,7,3231.8505,3303661,49087726,391207681,60.4888,false,87,true,true,true,true,true,false,false,"0:[0, 1, 2, 3, 4, 5, 6, 7, 8, 9, 10, 11, 12, 13, 14, 15, 16, 17, 18, 19, 20, 21, 22, 23, 24, 25, 26, 27, 28, 29, 30, 31, 32, 33, 34, 35, 36, 37, 38, 39, 40, 41, 42, 43, 44, 45, 46, 47, 48, 49, 50, 51, 52, 53, 54, 55, 56, 57, 58, 59, 60, 61, 62, 63, 64, 65, 66, 67, 68, 69, 70, 71, 72, 73, 74, 75, 76, 77, 78, 79, 80, 81, 82, 83, 84, 85, 86], 1:[], 2:[], 3:[], 4:[], 5:[], 6:[], 7:[], 8:[], 9:[], 10:[], 11:[], 12:[], 13:[], 14:[], 15:[], 16:[], 17:[], 18:[], 19:[], 20:[], 21:[], 22:[], 23:[], 24:[], 25:[], 26:[], 27:[], 28:[], 29:[], 30:[], 31:[], 32:[], 33:[], 34:[], 35:[], 36:[], 37:[], 38:[], 39:[], 40:[], 41:[], 42:[], 43:[], 44:[], 45:[], 46:[], 47:[], 48:[], 49:[], 50:[], 51:[], 52:[], 53:[], 54:[], 55:[], 56:[], 57:[], 58:[], 59:[], 60:[], 61:[], 62:[], 63:[], 64:[], 65:[], 66:[], 67:[], 68:[], 69:[], 70:[], 71:[], 72:[], 73:[], 74:[], 75:[], 76:[], 77:[], 78:[], 79:[], 80:[], 81:[], 82:[], 83:[], 84:[], 85:[], 86:[]",6841655624,8087407886
2113,5,3643.5846,3313024,49227826,392327824,56.2756,false,88,true,true,true,true,true,false,false,"0:[0, 1, 2, 3, 4, 5, 6, 7, 8, 9, 10, 11, 12, 13, 14, 15, 16, 17, 18, 19, 20, 21, 22, 23, 24, 25, 26, 27, 28, 29, 30, 31, 32, 33, 34, 35, 36, 37, 38, 39, 40, 41, 42, 43, 44, 45, 46, 47, 48, 49, 50, 51, 52, 53, 54, 55, 56, 57, 58, 59, 60, 61, 62, 63, 64, 65, 66, 67, 68, 69, 70, 71, 72, 73, 74, 75, 76, 77, 78, 79, 80, 81, 82, 83, 84, 85, 86, 87], 1:[], 2:[], 3:[], 4:[], 5:[], 6:[], 7:[], 8:[], 9:[], 10:[], 11:[], 12:[], 13:[], 14:[], 15:[], 16:[], 17:[], 18:[], 19:[], 20:[], 21:[], 22:[], 23:[], 24:[], 25:[], 26:[], 27:[], 28:[], 29:[], 30:[], 31:[], 32:[], 33:[], 34:[], 35:[], 36:[], 37:[], 38:[], 39:[], 40:[], 41:[], 42:[], 43:[], 44:[], 45:[], 46:[], 47:[], 48:[], 49:[], 50:[], 51:[], 52:[], 53:[], 54:[], 55:[], 56:[], 57:[], 58:[], 59:[], 60:[], 61:[], 62:[], 63:[], 64:[], 65:[], 66:[], 67:[], 68:[], 69:[], 70:[], 71:[], 72:[], 73:[], 74:[], 75:[], 76:[], 77:[], 78:[], 79:[], 80:[], 81:[], 82:[], 83:[], 84:[], 85:[], 86:[], 87:[]",6853088336,8104041194
2129,3,3465.7329,3388569,50353872,401313270,59.0850,false,89,true,true,true,true,true,false,false,"0:[0, 1, 2, 3, 4, 5, 6, 7, 8, 9, 10, 11, 12, 13, 14, 15, 16, 17, 18, 19, 20, 21, 22, 23, 24, 25, 26, 27, 28, 29, 30, 31, 32, 33, 34, 35, 36, 37, 38, 39, 40, 41, 42, 43, 44, 45, 46, 47, 48, 49, 50, 51, 52, 53, 54, 55, 56, 57, 58, 59, 60, 61, 62, 63, 64, 65, 66, 67, 68, 69, 70, 71, 72, 73, 74, 75, 76, 77, 78, 79, 80, 81, 82, 83, 84, 85, 86, 87, 88], 1:[], 2:[], 3:[], 4:[], 5:[], 6:[], 7:[], 8:[], 9:[], 10:[], 11:[], 12:[], 13:[], 14:[], 15:[], 16:[], 17:[], 18:[], 19:[], 20:[], 21:[], 22:[], 23:[], 24:[], 25:[], 26:[], 27:[], 28:[], 29:[], 30:[], 31:[], 32:[], 33:[], 34:[], 35:[], 36:[], 37:[], 38:[], 39:[], 40:[], 41:[], 42:[], 43:[], 44:[], 45:[], 46:[], 47:[], 48:[], 49:[], 50:[], 51:[], 52:[], 53:[], 54:[], 55:[], 56:[], 57:[], 58:[], 59:[], 60:[], 61:[], 62:[], 63:[], 64:[], 65:[], 66:[], 67:[], 68:[], 69:[], 70:[], 71:[], 72:[], 73:[], 74:[], 75:[], 76:[], 77:[], 78:[], 79:[], 80:[], 81:[], 82:[], 83:[], 84:[], 85:[], 86:[], 87:[], 88:[]",6944985096,8237600952
2131,2,2915.4556,3398091,50495359,402440656,58.3967,false,89,true,true,true,true,true,false,false,"0:[0, 1, 2, 3, 4, 5, 6, 7, 8, 9, 10, 11, 12, 13, 14, 15, 16, 17, 18, 19, 20, 21, 22, 23, 24, 25, 26, 27, 28, 29, 30, 31, 32, 33, 34, 35, 36, 37, 38, 39, 40, 41, 42, 43, 44, 45, 46, 47, 48, 49, 50, 51, 52, 53, 54, 55, 56, 57, 58, 59, 60, 61, 62, 63, 64, 65, 66, 67, 68, 69, 70, 71, 72, 73, 74, 75, 76, 77, 78, 79, 80, 81, 82, 83, 84, 85, 86, 87, 88], 1:[], 2:[], 3:[], 4:[], 5:[], 6:[], 7:[], 8:[], 9:[], 10:[], 11:[], 12:[], 13:[], 14:[], 15:[], 16:[], 17:[], 18:[], 19:[], 20:[], 21:[], 22:[], 23:[], 24:[], 25:[], 26:[], 27:[], 28:[], 29:[], 30:[], 31:[], 32:[], 33:[], 34:[], 35:[], 36:[], 37:[], 38:[], 39:[], 40:[], 41:[], 42:[], 43:[], 44:[], 45:[], 46:[], 47:[], 48:[], 49:[], 50:[], 51:[], 52:[], 53:[], 54:[], 55:[], 56:[], 57:[], 58:[], 59:[], 60:[], 61:[], 62:[], 63:[], 64:[], 65:[], 66:[], 67:[], 68:[], 69:[], 70:[], 71:[], 72:[], 73:[], 74:[], 75:[], 76:[], 77:[], 78:[], 79:[], 80:[], 81:[], 82:[], 83:[], 84:[], 85:[], 86:[], 87:[], 88:[]",6956532584,8254366915
2137,5,3615.2959,3426767,50923366,405858370,58.4582,false,89,true,true,true,true,true,false,false,"0:[0, 1, 2, 3, 4, 5, 6, 7, 8, 9, 10, 11, 12, 13, 14, 15, 16, 17, 18, 19, 20, 21, 22, 23, 24, 25, 26, 27, 28, 29, 30, 31, 32, 33, 34, 35, 36, 37, 38, 39, 40, 41, 42, 43, 44, 45, 46, 47, 48, 49, 50, 51, 52, 53, 54, 55, 56, 57, 58, 59, 60, 61, 62, 63, 64, 65, 66, 67, 68, 69, 70, 71, 72, 73, 74, 75, 76, 77, 78, 79, 80, 81, 82, 83, 84, 85, 86, 87, 88], 1:[], 2:[], 3:[], 4:[], 5:[], 6:[], 7:[], 8:[], 9:[], 10:[], 11:[], 12:[], 13:[], 14:[], 15:[], 16:[], 17:[], 18:[], 19:[], 20:[], 21:[], 22:[], 23:[], 24:[], 25:[], 26:[], 27:[], 28:[], 29:[], 30:[], 31:[], 32:[], 33:[], 34:[], 35:[], 36:[], 37:[], 38:[], 39:[], 40:[], 41:[], 42:[], 43:[], 44:[], 45:[], 46:[], 47:[], 48:[], 49:[], 50:[], 51:[], 52:[], 53:[], 54:[], 55:[], 56:[], 57:[], 58:[], 59:[], 60:[], 61:[], 62:[], 63:[], 64:[], 65:[], 66:[], 67:[], 68:[], 69:[], 70:[], 71:[], 72:[], 73:[], 74:[], 75:[], 76:[], 77:[], 78:[], 79:[], 80:[], 81:[], 82:[], 83:[], 84:[], 85:[], 86:[], 87:[], 88:[]",6991461368,8305149366
2141,2,3164.2812,3445974,51209636,408142525,58.1510,false,89,true,true,true,true,true,false,false,"0:[0, 1, 2, 3, 4, 5, 6, 7, 8, 9, 10, 11, 12, 13, 14, 15, 16, 17, 18, 19, 20, 21, 22, 23, 24, 25, 26, 27, 28, 29, 30, 31, 32, 33, 34, 35, 36, 37, 38, 39, 40, 41, 42, 43, 44, 45, 46, 47, 48, 49, 50, 51, 52, 53, 54, 55, 56, 57, 58, 59, 60, 61, 62, 63, 64, 65, 66, 67, 68, 69, 70, 71, 72, 73, 74, 75, 76, 77, 78, 79, 80, 81, 82, 83, 84, 85, 86, 87, 88], 1:[], 2:[], 3:[], 4:[], 5:[], 6:[], 7:[], 8:[], 9:[], 10:[], 11:[], 12:[], 13:[], 14:[], 15:[], 16:[], 17:[], 18:[], 19:[], 20:[], 21:[], 22:[], 23:[], 24:[], 25:[], 26:[], 27:[], 28:[], 29:[], 30:[], 31:[], 32:[], 33:[], 34:[], 35:[], 36:[], 37:[], 38:[], 39:[], 40:[], 41:[], 42:[], 43:[], 44:[], 45:[], 46:[], 47:[], 48:[], 49:[], 50:[], 51:[], 52:[], 53:[], 54:[], 55:[], 56:[], 57:[], 58:[], 59:[], 60:[], 61:[], 62:[], 63:[], 64:[], 65:[], 66:[], 67:[], 68:[], 69:[], 70:[], 71:[], 72:[], 73:[], 74:[], 75:[], 76:[], 77:[], 78:[], 79:[], 80:[], 81:[], 82:[], 83:[], 84:[], 85:[], 86:[], 87:[], 88:[]",7014823936,8339103188
2143,3,3333.9997,3455604,51352673,409281900,59.5892,false,90,true,true,true,true,true,false,false,"0:[0, 1, 2, 3, 4, 5, 6, 7, 8, 9, 10, 11, 12, 13, 14, 15, 16, 17, 18, 19, 20, 21, 22, 23, 24, 25, 26, 27, 28, 29, 30, 31, 32, 33, 34, 35, 36, 37, 38, 39, 40, 41, 42, 43, 44, 45, 46, 47, 48, 49, 50, 51, 52, 53, 54, 55, 56, 57, 58, 59, 60, 61, 62, 63, 64, 65, 66, 67, 68, 69, 70, 71, 72, 73, 74, 75, 76, 77, 78, 79, 80, 81, 82, 83, 84, 85, 86, 87, 88, 89], 1:[], 2:[], 3:[], 4:[], 5:[], 6:[], 7:[], 8:[], 9:[], 10:[], 11:[], 12:[], 13:[], 14:[], 15:[], 16:[], 17:[], 18:[], 19:[], 20:[], 21:[], 22:[], 23:[], 24:[], 25:[], 26:[], 27:[], 28:[], 29:[], 30:[], 31:[], 32:[], 33:[], 34:[], 35:[], 36:[], 37:[], 38:[], 39:[], 40:[], 41:[], 42:[], 43:[], 44:[], 45:[], 46:[], 47:[], 48:[], 49:[], 50:[], 51:[], 52:[], 53:[], 54:[], 55:[], 56:[], 57:[], 58:[], 59:[], 60:[], 61:[], 62:[], 63:[], 64:[], 65:[], 66:[], 67:[], 68:[], 69:[], 70:[], 71:[], 72:[], 73:[], 74:[], 75:[], 76:[], 77:[], 78:[], 79:[], 80:[], 81:[], 82:[], 83:[], 84:[], 85:[], 86:[], 87:[], 88:[], 89:[]",7026498016,8356052741
2153,3,3573.3132,3504024,52075054,415048948,59.5305,false,89,true,true,true,true,true,false,false,"0:[0, 1, 2, 3, 4, 5, 6, 7, 8, 9, 10, 11, 12, 13, 14, 15, 16, 17, 18, 19, 20, 21, 22, 23, 24, 25, 26, 27, 28, 29, 30, 31, 32, 33, 34, 35, 36, 37, 38, 39, 40, 41, 42, 43, 44, 45, 46, 47, 48, 49, 50, 51, 52, 53, 54, 55, 56, 57, 58, 59, 60, 61, 62, 63, 64, 65, 66, 67, 68, 69, 70, 71, 72, 73, 74, 75, 76, 77, 78, 79, 80, 81, 82, 83, 84, 85, 86, 87, 88], 1:[], 2:[], 3:[], 4:[], 5:[], 6:[], 7:[], 8:[], 9:[], 10:[], 11:[], 12:[], 13:[], 14:[], 15:[], 16:[], 17:[], 18:[], 19:[], 20:[], 21:[], 22:[], 23:[], 24:[], 25:[], 26:[], 27:[], 28:[], 29:[], 30:[], 31:[], 32:[], 33:[], 34:[], 35:[], 36:[], 37:[], 38:[], 39:[], 40:[], 41:[], 42:[], 43:[], 44:[], 45:[], 46:[], 47:[], 48:[], 49:[], 50:[], 51:[], 52:[], 53:[], 54:[], 55:[], 56:[], 57:[], 58:[], 59:[], 60:[], 61:[], 62:[], 63:[], 64:[], 65:[], 66:[], 67:[], 68:[], 69:[], 70:[], 71:[], 72:[], 73:[], 74:[], 75:[], 76:[], 77:[], 78:[], 79:[], 80:[], 81:[], 82:[], 83:[], 84:[], 85:[], 86:[], 87:[], 88:[]",7085450576,8441750518
2161,7,4559.5956,3543084,52657312,419695179,60.9572,false,91,true,true,true,true,true,false,false,"0:[0, 1, 2, 3, 4, 5, 6, 7, 8, 9, 10, 11, 12, 13, 14, 15, 16, 17, 18, 19, 20, 21, 22, 23, 24, 25, 26, 27, 28, 29, 30, 31, 32, 33, 34, 35, 36, 37, 38, 39, 40, 41, 42, 43, 44, 45, 46, 47, 48, 49, 50, 51, 52, 53, 54, 55, 56, 57, 58, 59, 60, 61, 62, 63, 64, 65, 66, 67, 68, 69, 70, 71, 72, 73, 74, 75, 76, 77, 78, 79, 80, 81, 82, 83, 84, 85, 86, 87, 88, 89, 90], 1:[], 2:[], 3:[], 4:[], 5:[], 6:[], 7:[], 8:[], 9:[], 10:[], 11:[], 12:[], 13:[], 14:[], 15:[], 16:[], 17:[], 18:[], 19:[], 20:[], 21:[], 22:[], 23:[], 24:[], 25:[], 26:[], 27:[], 28:[], 29:[], 30:[], 31:[], 32:[], 33:[], 34:[], 35:[], 36:[], 37:[], 38:[], 39:[], 40:[], 41:[], 42:[], 43:[], 44:[], 45:[], 46:[], 47:[], 48:[], 49:[], 50:[], 51:[], 52:[], 53:[], 54:[], 55:[], 56:[], 57:[], 58:[], 59:[], 60:[], 61:[], 62:[], 63:[], 64:[], 65:[], 66:[], 67:[], 68:[], 69:[], 70:[], 71:[], 72:[], 73:[], 74:[], 75:[], 76:[], 77:[], 78:[], 79:[], 80:[], 81:[], 82:[], 83:[], 84:[], 85:[], 86:[], 87:[], 88:[], 89:[], 90:[]",7132968656,8510811376
2179,2,3111.3806,3632029,53982813,430271206,62.9275,false,91,true,true,true,true,true,false,false,"0:[0, 1, 2, 3, 4, 5, 6, 7, 8, 9, 10, 11, 12, 13, 14, 15, 16, 17, 18, 19, 20, 21, 22, 23, 24, 25, 26, 27, 28, 29, 30, 31, 32, 33, 34, 35, 36, 37, 38, 39, 40, 41, 42, 43, 44, 45, 46, 47, 48, 49, 50, 51, 52, 53, 54, 55, 56, 57, 58, 59, 60, 61, 62, 63, 64, 65, 66, 67, 68, 69, 70, 71, 72, 73, 74, 75, 76, 77, 78, 79, 80, 81, 82, 83, 84, 85, 86, 87, 88, 89, 90], 1:[], 2:[], 3:[], 4:[], 5:[], 6:[], 7:[], 8:[], 9:[], 10:[], 11:[], 12:[], 13:[], 14:[], 15:[], 16:[], 17:[], 18:[], 19:[], 20:[], 21:[], 22:[], 23:[], 24:[], 25:[], 26:[], 27:[], 28:[], 29:[], 30:[], 31:[], 32:[], 33:[], 34:[], 35:[], 36:[], 37:[], 38:[], 39:[], 40:[], 41:[], 42:[], 43:[], 44:[], 45:[], 46:[], 47:[], 48:[], 49:[], 50:[], 51:[], 52:[], 53:[], 54:[], 55:[], 56:[], 57:[], 58:[], 59:[], 60:[], 61:[], 62:[], 63:[], 64:[], 65:[], 66:[], 67:[], 68:[], 69:[], 70:[], 71:[], 72:[], 73:[], 74:[], 75:[], 76:[], 77:[], 78:[], 79:[], 80:[], 81:[], 82:[], 83:[], 84:[], 85:[], 86:[], 87:[], 88:[], 89:[], 90:[]",7241143416,8668012201
2203,2,3395.5005,3752919,55785172,444654899,66.2603,false,91,true,true,true,true,true,false,false,"0:[0, 1, 2, 3, 4, 5, 6, 7, 8, 9, 10, 11, 12, 13, 14, 15, 16, 17, 18, 19, 20, 21, 22, 23, 24, 25, 26, 27, 28, 29, 30, 31, 32, 33, 34, 35, 36, 37, 38, 39, 40, 41, 42, 43, 44, 45, 46, 47, 48, 49, 50, 51, 52, 53, 54, 55, 56, 57, 58, 59, 60, 61, 62, 63, 64, 65, 66, 67, 68, 69, 70, 71, 72, 73, 74, 75, 76, 77, 78, 79, 80, 81, 82, 83, 84, 85, 86, 87, 88, 89, 90], 1:[], 2:[], 3:[], 4:[], 5:[], 6:[], 7:[], 8:[], 9:[], 10:[], 11:[], 12:[], 13:[], 14:[], 15:[], 16:[], 17:[], 18:[], 19:[], 20:[], 21:[], 22:[], 23:[], 24:[], 25:[], 26:[], 27:[], 28:[], 29:[], 30:[], 31:[], 32:[], 33:[], 34:[], 35:[], 36:[], 37:[], 38:[], 39:[], 40:[], 41:[], 42:[], 43:[], 44:[], 45:[], 46:[], 47:[], 48:[], 49:[], 50:[], 51:[], 52:[], 53:[], 54:[], 55:[], 56:[], 57:[], 58:[], 59:[], 60:[], 61:[], 62:[], 63:[], 64:[], 65:[], 66:[], 67:[], 68:[], 69:[], 70:[], 71:[], 72:[], 73:[], 74:[], 75:[], 76:[], 77:[], 78:[], 79:[], 80:[], 81:[], 82:[], 83:[], 84:[], 85:[], 86:[], 87:[], 88:[], 89:[], 90:[]",7505674008,8999229084
2207,5,3589.6338,3773325,56089427,447083112,66.5018,false,92,true,true,true,true,true,false,false,"0:[0, 1, 2, 3, 4, 5, 6, 7, 8, 9, 10, 11, 12, 13, 14, 15, 16, 17, 18, 19, 20, 21, 22, 23, 24, 25, 26, 27, 28, 29, 30, 31, 32, 33, 34, 35, 36, 37, 38, 39, 40, 41, 42, 43, 44, 45, 46, 47, 48, 49, 50, 51, 52, 53, 54, 55, 56, 57, 58, 59, 60, 61, 62, 63, 64, 65, 66, 67, 68, 69, 70, 71, 72, 73, 74, 75, 76, 77, 78, 79, 80, 81, 82, 83, 84, 85, 86, 87, 88, 89, 90, 91], 1:[], 2:[], 3:[], 4:[], 5:[], 6:[], 7:[], 8:[], 9:[], 10:[], 11:[], 12:[], 13:[], 14:[], 15:[], 16:[], 17:[], 18:[], 19:[], 20:[], 21:[], 22:[], 23:[], 24:[], 25:[], 26:[], 27:[], 28:[], 29:[], 30:[], 31:[], 32:[], 33:[], 34:[], 35:[], 36:[], 37:[], 38:[], 39:[], 40:[], 41:[], 42:[], 43:[], 44:[], 45:[], 46:[], 47:[], 48:[], 49:[], 50:[], 51:[], 52:[], 53:[], 54:[], 55:[], 56:[], 57:[], 58:[], 59:[], 60:[], 61:[], 62:[], 63:[], 64:[], 65:[], 66:[], 67:[], 68:[], 69:[], 70:[], 71:[], 72:[], 73:[], 74:[], 75:[], 76:[], 77:[], 78:[], 79:[], 80:[], 81:[], 82:[], 83:[], 84:[], 85:[], 86:[], 87:[], 88:[], 89:[], 90:[], 91:[]",7530504152,9035316759
2213,2,3522.6839,3804072,56548424,450748460,67.0235,false,93,true,true,true,true,true,false,false,"0:[0, 1, 2, 3, 4, 5, 6, 7, 8, 9, 10, 11, 12, 13, 14, 15, 16, 17, 18, 19, 20, 21, 22, 23, 24, 25, 26, 27, 28, 29, 30, 31, 32, 33, 34, 35, 36, 37, 38, 39, 40, 41, 42, 43, 44, 45, 46, 47, 48, 49, 50, 51, 52, 53, 54, 55, 56, 57, 58, 59, 60, 61, 62, 63, 64, 65, 66, 67, 68, 69, 70, 71, 72, 73, 74, 75, 76, 77, 78, 79, 80, 81, 82, 83, 84, 85, 86, 87, 88, 89, 90, 91, 92], 1:[], 2:[], 3:[], 4:[], 5:[], 6:[], 7:[], 8:[], 9:[], 10:[], 11:[], 12:[], 13:[], 14:[], 15:[], 16:[], 17:[], 18:[], 19:[], 20:[], 21:[], 22:[], 23:[], 24:[], 25:[], 26:[], 27:[], 28:[], 29:[], 30:[], 31:[], 32:[], 33:[], 34:[], 35:[], 36:[], 37:[], 38:[], 39:[], 40:[], 41:[], 42:[], 43:[], 44:[], 45:[], 46:[], 47:[], 48:[], 49:[], 50:[], 51:[], 52:[], 53:[], 54:[], 55:[], 56:[], 57:[], 58:[], 59:[], 60:[], 61:[], 62:[], 63:[], 64:[], 65:[], 66:[], 67:[], 68:[], 69:[], 70:[], 71:[], 72:[], 73:[], 74:[], 75:[], 76:[], 77:[], 78:[], 79:[], 80:[], 81:[], 82:[], 83:[], 84:[], 85:[], 86:[], 87:[], 88:[], 89:[], 90:[], 91:[], 92:[]",7567961840,9089775160
2221,2,3567.8575,3845327,57163538,455657495,66.5484,false,92,true,true,true,true,true,false,false,"0:[0, 1, 2, 3, 4, 5, 6, 7, 8, 9, 10, 11, 12, 13, 14, 15, 16, 17, 18, 19, 20, 21, 22, 23, 24, 25, 26, 27, 28, 29, 30, 31, 32, 33, 34, 35, 36, 37, 38, 39, 40, 41, 42, 43, 44, 45, 46, 47, 48, 49, 50, 51, 52, 53, 54, 55, 56, 57, 58, 59, 60, 61, 62, 63, 64, 65, 66, 67, 68, 69, 70, 71, 72, 73, 74, 75, 76, 77, 78, 79, 80, 81, 82, 83, 84, 85, 86, 87, 88, 89, 90, 91], 1:[], 2:[], 3:[], 4:[], 5:[], 6:[], 7:[], 8:[], 9:[], 10:[], 11:[], 12:[], 13:[], 14:[], 15:[], 16:[], 17:[], 18:[], 19:[], 20:[], 21:[], 22:[], 23:[], 24:[], 25:[], 26:[], 27:[], 28:[], 29:[], 30:[], 31:[], 32:[], 33:[], 34:[], 35:[], 36:[], 37:[], 38:[], 39:[], 40:[], 41:[], 42:[], 43:[], 44:[], 45:[], 46:[], 47:[], 48:[], 49:[], 50:[], 51:[], 52:[], 53:[], 54:[], 55:[], 56:[], 57:[], 58:[], 59:[], 60:[], 61:[], 62:[], 63:[], 64:[], 65:[], 66:[], 67:[], 68:[], 69:[], 70:[], 71:[], 72:[], 73:[], 74:[], 75:[], 76:[], 77:[], 78:[], 79:[], 80:[], 81:[], 82:[], 83:[], 84:[], 85:[], 86:[], 87:[], 88:[], 89:[], 90:[], 91:[]",7618161080,9162733202
2237,2,4141.3866,3928730,58407136,465582460,70.1334,false,94,true,true,true,true,true,false,false,"0:[0, 1, 2, 3, 4, 5, 6, 7, 8, 9, 10, 11, 12, 13, 14, 15, 16, 17, 18, 19, 20, 21, 22, 23, 24, 25, 26, 27, 28, 29, 30, 31, 32, 33, 34, 35, 36, 37, 38, 39, 40, 41, 42, 43, 44, 45, 46, 47, 48, 49, 50, 51, 52, 53, 54, 55, 56, 57, 58, 59, 60, 61, 62, 63, 64, 65, 66, 67, 68, 69, 70, 71, 72, 73, 74, 75, 76, 77, 78, 79, 80, 81, 82, 83, 84, 85, 86, 87, 88, 89, 90, 91, 92, 93], 1:[], 2:[], 3:[], 4:[], 5:[], 6:[], 7:[], 8:[], 9:[], 10:[], 11:[], 12:[], 13:[], 14:[], 15:[], 16:[], 17:[], 18:[], 19:[], 20:[], 21:[], 22:[], 23:[], 24:[], 25:[], 26:[], 27:[], 28:[], 29:[], 30:[], 31:[], 32:[], 33:[], 34:[], 35:[], 36:[], 37:[], 38:[], 39:[], 40:[], 41:[], 42:[], 43:[], 44:[], 45:[], 46:[], 47:[], 48:[], 49:[], 50:[], 51:[], 52:[], 53:[], 54:[], 55:[], 56:[], 57:[], 58:[], 59:[], 60:[], 61:[], 62:[], 63:[], 64:[], 65:[], 66:[], 67:[], 68:[], 69:[], 70:[], 71:[], 72:[], 73:[], 74:[], 75:[], 76:[], 77:[], 78:[], 79:[], 80:[], 81:[], 82:[], 83:[], 84:[], 85:[], 86:[], 87:[], 88:[], 89:[], 90:[], 91:[], 92:[], 93:[]",10068460832,9310235744
2239,3,3923.7626,3939240,58563246,466825860,74.3415,false,93,true,true,true,true,true,false,false,"0:[0, 1, 2, 3, 4, 5, 6, 7, 8, 9, 10, 11, 12, 13, 14, 15, 16, 17, 18, 19, 20, 21, 22, 23, 24, 25, 26, 27, 28, 29, 30, 31, 32, 33, 34, 35, 36, 37, 38, 39, 40, 41, 42, 43, 44, 45, 46, 47, 48, 49, 50, 51, 52, 53, 54, 55, 56, 57, 58, 59, 60, 61, 62, 63, 64, 65, 66, 67, 68, 69, 70, 71, 72, 73, 74, 75, 76, 77, 78, 79, 80, 81, 82, 83, 84, 85, 86, 87, 88, 89, 90, 91, 92], 1:[], 2:[], 3:[], 4:[], 5:[], 6:[], 7:[], 8:[], 9:[], 10:[], 11:[], 12:[], 13:[], 14:[], 15:[], 16:[], 17:[], 18:[], 19:[], 20:[], 21:[], 22:[], 23:[], 24:[], 25:[], 26:[], 27:[], 28:[], 29:[], 30:[], 31:[], 32:[], 33:[], 34:[], 35:[], 36:[], 37:[], 38:[], 39:[], 40:[], 41:[], 42:[], 43:[], 44:[], 45:[], 46:[], 47:[], 48:[], 49:[], 50:[], 51:[], 52:[], 53:[], 54:[], 55:[], 56:[], 57:[], 58:[], 59:[], 60:[], 61:[], 62:[], 63:[], 64:[], 65:[], 66:[], 67:[], 68:[], 69:[], 70:[], 71:[], 72:[], 73:[], 74:[], 75:[], 76:[], 77:[], 78:[], 79:[], 80:[], 81:[], 82:[], 83:[], 84:[], 85:[], 86:[], 87:[], 88:[], 89:[], 90:[], 91:[], 92:[]",10081201872,9328733942
2243,2,3411.6593,3960314,58877483,469333681,69.5612,false,93,true,true,true,true,true,false,false,"0:[0, 1, 2, 3, 4, 5, 6, 7, 8, 9, 10, 11, 12, 13, 14, 15, 16, 17, 18, 19, 20, 21, 22, 23, 24, 25, 26, 27, 28, 29, 30, 31, 32, 33, 34, 35, 36, 37, 38, 39, 40, 41, 42, 43, 44, 45, 46, 47, 48, 49, 50, 51, 52, 53, 54, 55, 56, 57, 58, 59, 60, 61, 62, 63, 64, 65, 66, 67, 68, 69, 70, 71, 72, 73, 74, 75, 76, 77, 78, 79, 80, 81, 82, 83, 84, 85, 86, 87, 88, 89, 90, 91, 92], 1:[], 2:[], 3:[], 4:[], 5:[], 6:[], 7:[], 8:[], 9:[], 10:[], 11:[], 12:[], 13:[], 14:[], 15:[], 16:[], 17:[], 18:[], 19:[], 20:[], 21:[], 22:[], 23:[], 24:[], 25:[], 26:[], 27:[], 28:[], 29:[], 30:[], 31:[], 32:[], 33:[], 34:[], 35:[], 36:[], 37:[], 38:[], 39:[], 40:[], 41:[], 42:[], 43:[], 44:[], 45:[], 46:[], 47:[], 48:[], 49:[], 50:[], 51:[], 52:[], 53:[], 54:[], 55:[], 56:[], 57:[], 58:[], 59:[], 60:[], 61:[], 62:[], 63:[], 64:[], 65:[], 66:[], 67:[], 68:[], 69:[], 70:[], 71:[], 72:[], 73:[], 74:[], 75:[], 76:[], 77:[], 78:[], 79:[], 80:[], 81:[], 82:[], 83:[], 84:[], 85:[], 86:[], 87:[], 88:[], 89:[], 90:[], 91:[], 92:[]",10106846608,9366005159
2251,2,4122.6668,4002689,59509417,474377578,69.7344,false,94,true,true,true,true,true,false,false,"0:[0, 1, 2, 3, 4, 5, 6, 7, 8, 9, 10, 11, 12, 13, 14, 15, 16, 17, 18, 19, 20, 21, 22, 23, 24, 25, 26, 27, 28, 29, 30, 31, 32, 33, 34, 35, 36, 37, 38, 39, 40, 41, 42, 43, 44, 45, 46, 47, 48, 49, 50, 51, 52, 53, 54, 55, 56, 57, 58, 59, 60, 61, 62, 63, 64, 65, 66, 67, 68, 69, 70, 71, 72, 73, 74, 75, 76, 77, 78, 79, 80, 81, 82, 83, 84, 85, 86, 87, 88, 89, 90, 91, 92, 93], 1:[], 2:[], 3:[], 4:[], 5:[], 6:[], 7:[], 8:[], 9:[], 10:[], 11:[], 12:[], 13:[], 14:[], 15:[], 16:[], 17:[], 18:[], 19:[], 20:[], 21:[], 22:[], 23:[], 24:[], 25:[], 26:[], 27:[], 28:[], 29:[], 30:[], 31:[], 32:[], 33:[], 34:[], 35:[], 36:[], 37:[], 38:[], 39:[], 40:[], 41:[], 42:[], 43:[], 44:[], 45:[], 46:[], 47:[], 48:[], 49:[], 50:[], 51:[], 52:[], 53:[], 54:[], 55:[], 56:[], 57:[], 58:[], 59:[], 60:[], 61:[], 62:[], 63:[], 64:[], 65:[], 66:[], 67:[], 68:[], 69:[], 70:[], 71:[], 72:[], 73:[], 74:[], 75:[], 76:[], 77:[], 78:[], 79:[], 80:[], 81:[], 82:[], 83:[], 84:[], 85:[], 86:[], 87:[], 88:[], 89:[], 90:[], 91:[], 92:[], 93:[]",10158418328,9440959173
2267,2,3721.7536,4088344,60786658,484571158,71.4224,false,94,true,true,true,true,true,false,false,"0:[0, 1, 2, 3, 4, 5, 6, 7, 8, 9, 10, 11, 12, 13, 14, 15, 16, 17, 18, 19, 20, 21, 22, 23, 24, 25, 26, 27, 28, 29, 30, 31, 32, 33, 34, 35, 36, 37, 38, 39, 40, 41, 42, 43, 44, 45, 46, 47, 48, 49, 50, 51, 52, 53, 54, 55, 56, 57, 58, 59, 60, 61, 62, 63, 64, 65, 66, 67, 68, 69, 70, 71, 72, 73, 74, 75, 76, 77, 78, 79, 80, 81, 82, 83, 84, 85, 86, 87, 88, 89, 90, 91, 92, 93], 1:[], 2:[], 3:[], 4:[], 5:[], 6:[], 7:[], 8:[], 9:[], 10:[], 11:[], 12:[], 13:[], 14:[], 15:[], 16:[], 17:[], 18:[], 19:[], 20:[], 21:[], 22:[], 23:[], 24:[], 25:[], 26:[], 27:[], 28:[], 29:[], 30:[], 31:[], 32:[], 33:[], 34:[], 35:[], 36:[], 37:[], 38:[], 39:[], 40:[], 41:[], 42:[], 43:[], 44:[], 45:[], 46:[], 47:[], 48:[], 49:[], 50:[], 51:[], 52:[], 53:[], 54:[], 55:[], 56:[], 57:[], 58:[], 59:[], 60:[], 61:[], 62:[], 63:[], 64:[], 65:[], 66:[], 67:[], 68:[], 69:[], 70:[], 71:[], 72:[], 73:[], 74:[], 75:[], 76:[], 77:[], 78:[], 79:[], 80:[], 81:[], 82:[], 83:[], 84:[], 85:[], 86:[], 87:[], 88:[], 89:[], 90:[], 91:[], 92:[], 93:[]",10262653328,9592450970
2269,2,3846.7697,4099137,60948135,485862006,73.1806,false,94,true,true,true,true,true,false,false,"0:[0, 1, 2, 3, 4, 5, 6, 7, 8, 9, 10, 11, 12, 13, 14, 15, 16, 17, 18, 19, 20, 21, 22, 23, 24, 25, 26, 27, 28, 29, 30, 31, 32, 33, 34, 35, 36, 37, 38, 39, 40, 41, 42, 43, 44, 45, 46, 47, 48, 49, 50, 51, 52, 53, 54, 55, 56, 57, 58, 59, 60, 61, 62, 63, 64, 65, 66, 67, 68, 69, 70, 71, 72, 73, 74, 75, 76, 77, 78, 79, 80, 81, 82, 83, 84, 85, 86, 87, 88, 89, 90, 91, 92, 93], 1:[], 2:[], 3:[], 4:[], 5:[], 6:[], 7:[], 8:[], 9:[], 10:[], 11:[], 12:[], 13:[], 14:[], 15:[], 16:[], 17:[], 18:[], 19:[], 20:[], 21:[], 22:[], 23:[], 24:[], 25:[], 26:[], 27:[], 28:[], 29:[], 30:[], 31:[], 32:[], 33:[], 34:[], 35:[], 36:[], 37:[], 38:[], 39:[], 40:[], 41:[], 42:[], 43:[], 44:[], 45:[], 46:[], 47:[], 48:[], 49:[], 50:[], 51:[], 52:[], 53:[], 54:[], 55:[], 56:[], 57:[], 58:[], 59:[], 60:[], 61:[], 62:[], 63:[], 64:[], 65:[], 66:[], 67:[], 68:[], 69:[], 70:[], 71:[], 72:[], 73:[], 74:[], 75:[], 76:[], 77:[], 78:[], 79:[], 80:[], 81:[], 82:[], 83:[], 84:[], 85:[], 86:[], 87:[], 88:[], 89:[], 90:[], 91:[], 92:[], 93:[]",10275830520,9611620699
2273,3,4484.7849,4120777,61270867,488437929,81.7513,false,94,true,true,true,true,true,false,false,"0:[0, 1, 2, 3, 4, 5, 6, 7, 8, 9, 10, 11, 12, 13, 14, 15, 16, 17, 18, 19, 20, 21, 22, 23, 24, 25, 26, 27, 28, 29, 30, 31, 32, 33, 34, 35, 36, 37, 38, 39, 40, 41, 42, 43, 44, 45, 46, 47, 48, 49, 50, 51, 52, 53, 54, 55, 56, 57, 58, 59, 60, 61, 62, 63, 64, 65, 66, 67, 68, 69, 70, 71, 72, 73, 74, 75, 76, 77, 78, 79, 80, 81, 82, 83, 84, 85, 86, 87, 88, 89, 90, 91, 92, 93], 1:[], 2:[], 3:[], 4:[], 5:[], 6:[], 7:[], 8:[], 9:[], 10:[], 11:[], 12:[], 13:[], 14:[], 15:[], 16:[], 17:[], 18:[], 19:[], 20:[], 21:[], 22:[], 23:[], 24:[], 25:[], 26:[], 27:[], 28:[], 29:[], 30:[], 31:[], 32:[], 33:[], 34:[], 35:[], 36:[], 37:[], 38:[], 39:[], 40:[], 41:[], 42:[], 43:[], 44:[], 45:[], 46:[], 47:[], 48:[], 49:[], 50:[], 51:[], 52:[], 53:[], 54:[], 55:[], 56:[], 57:[], 58:[], 59:[], 60:[], 61:[], 62:[], 63:[], 64:[], 65:[], 66:[], 67:[], 68:[], 69:[], 70:[], 71:[], 72:[], 73:[], 74:[], 75:[], 76:[], 77:[], 78:[], 79:[], 80:[], 81:[], 82:[], 83:[], 84:[], 85:[], 86:[], 87:[], 88:[], 89:[], 90:[], 91:[], 92:[], 93:[]",10302168440,9649899863
2281,7,4823.8039,4164287,61919696,493616252,72.5205,false,96,true,true,true,true,true,false,false,"0:[0, 1, 2, 3, 4, 5, 6, 7, 8, 9, 10, 11, 12, 13, 14, 15, 16, 17, 18, 19, 20, 21, 22, 23, 24, 25, 26, 27, 28, 29, 30, 31, 32, 33, 34, 35, 36, 37, 38, 39, 40, 41, 42, 43, 44, 45, 46, 47, 48, 49, 50, 51, 52, 53, 54, 55, 56, 57, 58, 59, 60, 61, 62, 63, 64, 65, 66, 67, 68, 69, 70, 71, 72, 73, 74, 75, 76, 77, 78, 79, 80, 81, 82, 83, 84, 85, 86, 87, 88, 89, 90, 91, 92, 93, 94, 95], 1:[], 2:[], 3:[], 4:[], 5:[], 6:[], 7:[], 8:[], 9:[], 10:[], 11:[], 12:[], 13:[], 14:[], 15:[], 16:[], 17:[], 18:[], 19:[], 20:[], 21:[], 22:[], 23:[], 24:[], 25:[], 26:[], 27:[], 28:[], 29:[], 30:[], 31:[], 32:[], 33:[], 34:[], 35:[], 36:[], 37:[], 38:[], 39:[], 40:[], 41:[], 42:[], 43:[], 44:[], 45:[], 46:[], 47:[], 48:[], 49:[], 50:[], 51:[], 52:[], 53:[], 54:[], 55:[], 56:[], 57:[], 58:[], 59:[], 60:[], 61:[], 62:[], 63:[], 64:[], 65:[], 66:[], 67:[], 68:[], 69:[], 70:[], 71:[], 72:[], 73:[], 74:[], 75:[], 76:[], 77:[], 78:[], 79:[], 80:[], 81:[], 82:[], 83:[], 84:[], 85:[], 86:[], 87:[], 88:[], 89:[], 90:[], 91:[], 92:[], 93:[], 94:[], 95:[]",10355119000,9726856648
2287,3,4192.2342,4197120,62408779,497517665,74.6913,false,96,true,true,true,true,true,false,false,"0:[0, 1, 2, 3, 4, 5, 6, 7, 8, 9, 10, 11, 12, 13, 14, 15, 16, 17, 18, 19, 20, 21, 22, 23, 24, 25, 26, 27, 28, 29, 30, 31, 32, 33, 34, 35, 36, 37, 38, 39, 40, 41, 42, 43, 44, 45, 46, 47, 48, 49, 50, 51, 52, 53, 54, 55, 56, 57, 58, 59, 60, 61, 62, 63, 64, 65, 66, 67, 68, 69, 70, 71, 72, 73, 74, 75, 76, 77, 78, 79, 80, 81, 82, 83, 84, 85, 86, 87, 88, 89, 90, 91, 92, 93, 94, 95], 1:[], 2:[], 3:[], 4:[], 5:[], 6:[], 7:[], 8:[], 9:[], 10:[], 11:[], 12:[], 13:[], 14:[], 15:[], 16:[], 17:[], 18:[], 19:[], 20:[], 21:[], 22:[], 23:[], 24:[], 25:[], 26:[], 27:[], 28:[], 29:[], 30:[], 31:[], 32:[], 33:[], 34:[], 35:[], 36:[], 37:[], 38:[], 39:[], 40:[], 41:[], 42:[], 43:[], 44:[], 45:[], 46:[], 47:[], 48:[], 49:[], 50:[], 51:[], 52:[], 53:[], 54:[], 55:[], 56:[], 57:[], 58:[], 59:[], 60:[], 61:[], 62:[], 63:[], 64:[], 65:[], 66:[], 67:[], 68:[], 69:[], 70:[], 71:[], 72:[], 73:[], 74:[], 75:[], 76:[], 77:[], 78:[], 79:[], 80:[], 81:[], 82:[], 83:[], 84:[], 85:[], 86:[], 87:[], 88:[], 89:[], 90:[], 91:[], 92:[], 93:[], 94:[], 95:[]",10395033632,9784849207
2293,2,3968.7930,4230125,62901538,501452715,77.3259,false,96,true,true,true,true,true,false,false,"0:[0, 1, 2, 3, 4, 5, 6, 7, 8, 9, 10, 11, 12, 13, 14, 15, 16, 17, 18, 19, 20, 21, 22, 23, 24, 25, 26, 27, 28, 29, 30, 31, 32, 33, 34, 35, 36, 37, 38, 39, 40, 41, 42, 43, 44, 45, 46, 47, 48, 49, 50, 51, 52, 53, 54, 55, 56, 57, 58, 59, 60, 61, 62, 63, 64, 65, 66, 67, 68, 69, 70, 71, 72, 73, 74, 75, 76, 77, 78, 79, 80, 81, 82, 83, 84, 85, 86, 87, 88, 89, 90, 91, 92, 93, 94, 95], 1:[], 2:[], 3:[], 4:[], 5:[], 6:[], 7:[], 8:[], 9:[], 10:[], 11:[], 12:[], 13:[], 14:[], 15:[], 16:[], 17:[], 18:[], 19:[], 20:[], 21:[], 22:[], 23:[], 24:[], 25:[], 26:[], 27:[], 28:[], 29:[], 30:[], 31:[], 32:[], 33:[], 34:[], 35:[], 36:[], 37:[], 38:[], 39:[], 40:[], 41:[], 42:[], 43:[], 44:[], 45:[], 46:[], 47:[], 48:[], 49:[], 50:[], 51:[], 52:[], 53:[], 54:[], 55:[], 56:[], 57:[], 58:[], 59:[], 60:[], 61:[], 62:[], 63:[], 64:[], 65:[], 66:[], 67:[], 68:[], 69:[], 70:[], 71:[], 72:[], 73:[], 74:[], 75:[], 76:[], 77:[], 78:[], 79:[], 80:[], 81:[], 82:[], 83:[], 84:[], 85:[], 86:[], 87:[], 88:[], 89:[], 90:[], 91:[], 92:[], 93:[], 94:[], 95:[]",10435246472,9843312146
2297,3,5200.2166,4252224,63231159,504083907,76.4225,false,95,true,true,true,true,true,false,false,"0:[0, 1, 2, 3, 4, 5, 6, 7, 8, 9, 10, 11, 12, 13, 14, 15, 16, 17, 18, 19, 20, 21, 22, 23, 24, 25, 26, 27, 28, 29, 30, 31, 32, 33, 34, 35, 36, 37, 38, 39, 40, 41, 42, 43, 44, 45, 46, 47, 48, 49, 50, 51, 52, 53, 54, 55, 56, 57, 58, 59, 60, 61, 62, 63, 64, 65, 66, 67, 68, 69, 70, 71, 72, 73, 74, 75, 76, 77, 78, 79, 80, 81, 82, 83, 84, 85, 86, 87, 88, 89, 90, 91, 92, 93, 94], 1:[], 2:[], 3:[], 4:[], 5:[], 6:[], 7:[], 8:[], 9:[], 10:[], 11:[], 12:[], 13:[], 14:[], 15:[], 16:[], 17:[], 18:[], 19:[], 20:[], 21:[], 22:[], 23:[], 24:[], 25:[], 26:[], 27:[], 28:[], 29:[], 30:[], 31:[], 32:[], 33:[], 34:[], 35:[], 36:[], 37:[], 38:[], 39:[], 40:[], 41:[], 42:[], 43:[], 44:[], 45:[], 46:[], 47:[], 48:[], 49:[], 50:[], 51:[], 52:[], 53:[], 54:[], 55:[], 56:[], 57:[], 58:[], 59:[], 60:[], 61:[], 62:[], 63:[], 64:[], 65:[], 66:[], 67:[], 68:[], 69:[], 70:[], 71:[], 72:[], 73:[], 74:[], 75:[], 76:[], 77:[], 78:[], 79:[], 80:[], 81:[], 82:[], 83:[], 84:[], 85:[], 86:[], 87:[], 88:[], 89:[], 90:[], 91:[], 92:[], 93:[], 94:[]",10462146528,9882408691
2309,2,3838.7848,4318984,64226702,512029288,76.4325,false,96,true,true,true,true,true,false,false,"0:[0, 1, 2, 3, 4, 5, 6, 7, 8, 9, 10, 11, 12, 13, 14, 15, 16, 17, 18, 19, 20, 21, 22, 23, 24, 25, 26, 27, 28, 29, 30, 31, 32, 33, 34, 35, 36, 37, 38, 39, 40, 41, 42, 43, 44, 45, 46, 47, 48, 49, 50, 51, 52, 53, 54, 55, 56, 57, 58, 59, 60, 61, 62, 63, 64, 65, 66, 67, 68, 69, 70, 71, 72, 73, 74, 75, 76, 77, 78, 79, 80, 81, 82, 83, 84, 85, 86, 87, 88, 89, 90, 91, 92, 93, 94, 95], 1:[], 2:[], 3:[], 4:[], 5:[], 6:[], 7:[], 8:[], 9:[], 10:[], 11:[], 12:[], 13:[], 14:[], 15:[], 16:[], 17:[], 18:[], 19:[], 20:[], 21:[], 22:[], 23:[], 24:[], 25:[], 26:[], 27:[], 28:[], 29:[], 30:[], 31:[], 32:[], 33:[], 34:[], 35:[], 36:[], 37:[], 38:[], 39:[], 40:[], 41:[], 42:[], 43:[], 44:[], 45:[], 46:[], 47:[], 48:[], 49:[], 50:[], 51:[], 52:[], 53:[], 54:[], 55:[], 56:[], 57:[], 58:[], 59:[], 60:[], 61:[], 62:[], 63:[], 64:[], 65:[], 66:[], 67:[], 68:[], 69:[], 70:[], 71:[], 72:[], 73:[], 74:[], 75:[], 76:[], 77:[], 78:[], 79:[], 80:[], 81:[], 82:[], 83:[], 84:[], 85:[], 86:[], 87:[], 88:[], 89:[], 90:[], 91:[], 92:[], 93:[], 94:[], 95:[]",10543392208,10000488086
2311,3,4225.7843,4330177,64393078,513354937,76.4076,false,96,true,true,true,true,true,false,false,"0:[0, 1, 2, 3, 4, 5, 6, 7, 8, 9, 10, 11, 12, 13, 14, 15, 16, 17, 18, 19, 20, 21, 22, 23, 24, 25, 26, 27, 28, 29, 30, 31, 32, 33, 34, 35, 36, 37, 38, 39, 40, 41, 42, 43, 44, 45, 46, 47, 48, 49, 50, 51, 52, 53, 54, 55, 56, 57, 58, 59, 60, 61, 62, 63, 64, 65, 66, 67, 68, 69, 70, 71, 72, 73, 74, 75, 76, 77, 78, 79, 80, 81, 82, 83, 84, 85, 86, 87, 88, 89, 90, 91, 92, 93, 94, 95], 1:[], 2:[], 3:[], 4:[], 5:[], 6:[], 7:[], 8:[], 9:[], 10:[], 11:[], 12:[], 13:[], 14:[], 15:[], 16:[], 17:[], 18:[], 19:[], 20:[], 21:[], 22:[], 23:[], 24:[], 25:[], 26:[], 27:[], 28:[], 29:[], 30:[], 31:[], 32:[], 33:[], 34:[], 35:[], 36:[], 37:[], 38:[], 39:[], 40:[], 41:[], 42:[], 43:[], 44:[], 45:[], 46:[], 47:[], 48:[], 49:[], 50:[], 51:[], 52:[], 53:[], 54:[], 55:[], 56:[], 57:[], 58:[], 59:[], 60:[], 61:[], 62:[], 63:[], 64:[], 65:[], 66:[], 67:[], 68:[], 69:[], 70:[], 71:[], 72:[], 73:[], 74:[], 75:[], 76:[], 77:[], 78:[], 79:[], 80:[], 81:[], 82:[], 83:[], 84:[], 85:[], 86:[], 87:[], 88:[], 89:[], 90:[], 91:[], 92:[], 93:[], 94:[], 95:[]",10556970920,10020204502
2333,2,4129.2679,4454590,66249241,528172866,79.0598,false,98,true,true,true,true,true,false,false,"0:[0, 1, 2, 3, 4, 5, 6, 7, 8, 9, 10, 11, 12, 13, 14, 15, 16, 17, 18, 19, 20, 21, 22, 23, 24, 25, 26, 27, 28, 29, 30, 31, 32, 33, 34, 35, 36, 37, 38, 39, 40, 41, 42, 43, 44, 45, 46, 47, 48, 49, 50, 51, 52, 53, 54, 55, 56, 57, 58, 59, 60, 61, 62, 63, 64, 65, 66, 67, 68, 69, 70, 71, 72, 73, 74, 75, 76, 77, 78, 79, 80, 81, 82, 83, 84, 85, 86, 87, 88, 89, 90, 91, 92, 93, 94, 95, 96, 97], 1:[], 2:[], 3:[], 4:[], 5:[], 6:[], 7:[], 8:[], 9:[], 10:[], 11:[], 12:[], 13:[], 14:[], 15:[], 16:[], 17:[], 18:[], 19:[], 20:[], 21:[], 22:[], 23:[], 24:[], 25:[], 26:[], 27:[], 28:[], 29:[], 30:[], 31:[], 32:[], 33:[], 34:[], 35:[], 36:[], 37:[], 38:[], 39:[], 40:[], 41:[], 42:[], 43:[], 44:[], 45:[], 46:[], 47:[], 48:[], 49:[], 50:[], 51:[], 52:[], 53:[], 54:[], 55:[], 56:[], 57:[], 58:[], 59:[], 60:[], 61:[], 62:[], 63:[], 64:[], 65:[], 66:[], 67:[], 68:[], 69:[], 70:[], 71:[], 72:[], 73:[], 74:[], 75:[], 76:[], 77:[], 78:[], 79:[], 80:[], 81:[], 82:[], 83:[], 84:[], 85:[], 86:[], 87:[], 88:[], 89:[], 90:[], 91:[], 92:[], 93:[], 94:[], 95:[], 96:[], 97:[]",10708449872,10240380205
2339,2,3897.6594,4488930,66760733,532252502,80.9845,false,98,true,true,true,true,true,false,false,"0:[0, 1, 2, 3, 4, 5, 6, 7, 8, 9, 10, 11, 12, 13, 14, 15, 16, 17, 18, 19, 20, 21, 22, 23, 24, 25, 26, 27, 28, 29, 30, 31, 32, 33, 34, 35, 36, 37, 38, 39, 40, 41, 42, 43, 44, 45, 46, 47, 48, 49, 50, 51, 52, 53, 54, 55, 56, 57, 58, 59, 60, 61, 62, 63, 64, 65, 66, 67, 68, 69, 70, 71, 72, 73, 74, 75, 76, 77, 78, 79, 80, 81, 82, 83, 84, 85, 86, 87, 88, 89, 90, 91, 92, 93, 94, 95, 96, 97], 1:[], 2:[], 3:[], 4:[], 5:[], 6:[], 7:[], 8:[], 9:[], 10:[], 11:[], 12:[], 13:[], 14:[], 15:[], 16:[], 17:[], 18:[], 19:[], 20:[], 21:[], 22:[], 23:[], 24:[], 25:[], 26:[], 27:[], 28:[], 29:[], 30:[], 31:[], 32:[], 33:[], 34:[], 35:[], 36:[], 37:[], 38:[], 39:[], 40:[], 41:[], 42:[], 43:[], 44:[], 45:[], 46:[], 47:[], 48:[], 49:[], 50:[], 51:[], 52:[], 53:[], 54:[], 55:[], 56:[], 57:[], 58:[], 59:[], 60:[], 61:[], 62:[], 63:[], 64:[], 65:[], 66:[], 67:[], 68:[], 69:[], 70:[], 71:[], 72:[], 73:[], 74:[], 75:[], 76:[], 77:[], 78:[], 79:[], 80:[], 81:[], 82:[], 83:[], 84:[], 85:[], 86:[], 87:[], 88:[], 89:[], 90:[], 91:[], 92:[], 93:[], 94:[], 95:[], 96:[], 97:[]",10750193392,10301028609
2341,2,4181.4210,4500415,66932666,533627441,89.5029,false,97,true,true,true,true,true,false,false,"0:[0, 1, 2, 3, 4, 5, 6, 7, 8, 9, 10, 11, 12, 13, 14, 15, 16, 17, 18, 19, 20, 21, 22, 23, 24, 25, 26, 27, 28, 29, 30, 31, 32, 33, 34, 35, 36, 37, 38, 39, 40, 41, 42, 43, 44, 45, 46, 47, 48, 49, 50, 51, 52, 53, 54, 55, 56, 57, 58, 59, 60, 61, 62, 63, 64, 65, 66, 67, 68, 69, 70, 71, 72, 73, 74, 75, 76, 77, 78, 79, 80, 81, 82, 83, 84, 85, 86, 87, 88, 89, 90, 91, 92, 93, 94, 95, 96], 1:[], 2:[], 3:[], 4:[], 5:[], 6:[], 7:[], 8:[], 9:[], 10:[], 11:[], 12:[], 13:[], 14:[], 15:[], 16:[], 17:[], 18:[], 19:[], 20:[], 21:[], 22:[], 23:[], 24:[], 25:[], 26:[], 27:[], 28:[], 29:[], 30:[], 31:[], 32:[], 33:[], 34:[], 35:[], 36:[], 37:[], 38:[], 39:[], 40:[], 41:[], 42:[], 43:[], 44:[], 45:[], 46:[], 47:[], 48:[], 49:[], 50:[], 51:[], 52:[], 53:[], 54:[], 55:[], 56:[], 57:[], 58:[], 59:[], 60:[], 61:[], 62:[], 63:[], 64:[], 65:[], 66:[], 67:[], 68:[], 69:[], 70:[], 71:[], 72:[], 73:[], 74:[], 75:[], 76:[], 77:[], 78:[], 79:[], 80:[], 81:[], 82:[], 83:[], 84:[], 85:[], 86:[], 87:[], 88:[], 89:[], 90:[], 91:[], 92:[], 93:[], 94:[], 95:[], 96:[]",10764223672,10321439706
2347,2,4134.4856,4534989,67447788,537736937,80.9525,false,97,true,true,true,true,true,false,false,"0:[0, 1, 2, 3, 4, 5, 6, 7, 8, 9, 10, 11, 12, 13, 14, 15, 16, 17, 18, 19, 20, 21, 22, 23, 24, 25, 26, 27, 28, 29, 30, 31, 32, 33, 34, 35, 36, 37, 38, 39, 40, 41, 42, 43, 44, 45, 46, 47, 48, 49, 50, 51, 52, 53, 54, 55, 56, 57, 58, 59, 60, 61, 62, 63, 64, 65, 66, 67, 68, 69, 70, 71, 72, 73, 74, 75, 76, 77, 78, 79, 80, 81, 82, 83, 84, 85, 86, 87, 88, 89, 90, 91, 92, 93, 94, 95, 96], 1:[], 2:[], 3:[], 4:[], 5:[], 6:[], 7:[], 8:[], 9:[], 10:[], 11:[], 12:[], 13:[], 14:[], 15:[], 16:[], 17:[], 18:[], 19:[], 20:[], 21:[], 22:[], 23:[], 24:[], 25:[], 26:[], 27:[], 28:[], 29:[], 30:[], 31:[], 32:[], 33:[], 34:[], 35:[], 36:[], 37:[], 38:[], 39:[], 40:[], 41:[], 42:[], 43:[], 44:[], 45:[], 46:[], 47:[], 48:[], 49:[], 50:[], 51:[], 52:[], 53:[], 54:[], 55:[], 56:[], 57:[], 58:[], 59:[], 60:[], 61:[], 62:[], 63:[], 64:[], 65:[], 66:[], 67:[], 68:[], 69:[], 70:[], 71:[], 72:[], 73:[], 74:[], 75:[], 76:[], 77:[], 78:[], 79:[], 80:[], 81:[], 82:[], 83:[], 84:[], 85:[], 86:[], 87:[], 88:[], 89:[], 90:[], 91:[], 92:[], 93:[], 94:[], 95:[], 96:[]",10806263208,11456262180
2351,13,4464.7701,4558137,67792962,540491542,81.9234,false,97,true,true,true,true,true,false,false,"0:[0, 1, 2, 3, 4, 5, 6, 7, 8, 9, 10, 11, 12, 13, 14, 15, 16, 17, 18, 19, 20, 21, 22, 23, 24, 25, 26, 27, 28, 29, 30, 31, 32, 33, 34, 35, 36, 37, 38, 39, 40, 41, 42, 43, 44, 45, 46, 47, 48, 49, 50, 51, 52, 53, 54, 55, 56, 57, 58, 59, 60, 61, 62, 63, 64, 65, 66, 67, 68, 69, 70, 71, 72, 73, 74, 75, 76, 77, 78, 79, 80, 81, 82, 83, 84, 85, 86, 87, 88, 89, 90, 91, 92, 93, 94, 95, 96], 1:[], 2:[], 3:[], 4:[], 5:[], 6:[], 7:[], 8:[], 9:[], 10:[], 11:[], 12:[], 13:[], 14:[], 15:[], 16:[], 17:[], 18:[], 19:[], 20:[], 21:[], 22:[], 23:[], 24:[], 25:[], 26:[], 27:[], 28:[], 29:[], 30:[], 31:[], 32:[], 33:[], 34:[], 35:[], 36:[], 37:[], 38:[], 39:[], 40:[], 41:[], 42:[], 43:[], 44:[], 45:[], 46:[], 47:[], 48:[], 49:[], 50:[], 51:[], 52:[], 53:[], 54:[], 55:[], 56:[], 57:[], 58:[], 59:[], 60:[], 61:[], 62:[], 63:[], 64:[], 65:[], 66:[], 67:[], 68:[], 69:[], 70:[], 71:[], 72:[], 73:[], 74:[], 75:[], 76:[], 77:[], 78:[], 79:[], 80:[], 81:[], 82:[], 83:[], 84:[], 85:[], 86:[], 87:[], 88:[], 89:[], 90:[], 91:[], 92:[], 93:[], 94:[], 95:[], 96:[]",10834432680,11497201586
2357,2,4284.5124,4593006,68313708,544650879,83.2647,false,99,true,true,true,true,true,false,false,"0:[0, 1, 2, 3, 4, 5, 6, 7, 8, 9, 10, 11, 12, 13, 14, 15, 16, 17, 18, 19, 20, 21, 22, 23, 24, 25, 26, 27, 28, 29, 30, 31, 32, 33, 34, 35, 36, 37, 38, 39, 40, 41, 42, 43, 44, 45, 46, 47, 48, 49, 50, 51, 52, 53, 54, 55, 56, 57, 58, 59, 60, 61, 62, 63, 64, 65, 66, 67, 68, 69, 70, 71, 72, 73, 74, 75, 76, 77, 78, 79, 80, 81, 82, 83, 84, 85, 86, 87, 88, 89, 90, 91, 92, 93, 94, 95, 96, 97, 98], 1:[], 2:[], 3:[], 4:[], 5:[], 6:[], 7:[], 8:[], 9:[], 10:[], 11:[], 12:[], 13:[], 14:[], 15:[], 16:[], 17:[], 18:[], 19:[], 20:[], 21:[], 22:[], 23:[], 24:[], 25:[], 26:[], 27:[], 28:[], 29:[], 30:[], 31:[], 32:[], 33:[], 34:[], 35:[], 36:[], 37:[], 38:[], 39:[], 40:[], 41:[], 42:[], 43:[], 44:[], 45:[], 46:[], 47:[], 48:[], 49:[], 50:[], 51:[], 52:[], 53:[], 54:[], 55:[], 56:[], 57:[], 58:[], 59:[], 60:[], 61:[], 62:[], 63:[], 64:[], 65:[], 66:[], 67:[], 68:[], 69:[], 70:[], 71:[], 72:[], 73:[], 74:[], 75:[], 76:[], 77:[], 78:[], 79:[], 80:[], 81:[], 82:[], 83:[], 84:[], 85:[], 86:[], 87:[], 88:[], 89:[], 90:[], 91:[], 92:[], 93:[], 94:[], 95:[], 96:[], 97:[], 98:[]",11246027968,11558985756
2371,2,4111.1623,4675057,69536968,554412445,84.8931,false,99,true,true,true,true,true,false,false,"0:[0, 1, 2, 3, 4, 5, 6, 7, 8, 9, 10, 11, 12, 13, 14, 15, 16, 17, 18, 19, 20, 21, 22, 23, 24, 25, 26, 27, 28, 29, 30, 31, 32, 33, 34, 35, 36, 37, 38, 39, 40, 41, 42, 43, 44, 45, 46, 47, 48, 49, 50, 51, 52, 53, 54, 55, 56, 57, 58, 59, 60, 61, 62, 63, 64, 65, 66, 67, 68, 69, 70, 71, 72, 73, 74, 75, 76, 77, 78, 79, 80, 81, 82, 83, 84, 85, 86, 87, 88, 89, 90, 91, 92, 93, 94, 95, 96, 97, 98], 1:[], 2:[], 3:[], 4:[], 5:[], 6:[], 7:[], 8:[], 9:[], 10:[], 11:[], 12:[], 13:[], 14:[], 15:[], 16:[], 17:[], 18:[], 19:[], 20:[], 21:[], 22:[], 23:[], 24:[], 25:[], 26:[], 27:[], 28:[], 29:[], 30:[], 31:[], 32:[], 33:[], 34:[], 35:[], 36:[], 37:[], 38:[], 39:[], 40:[], 41:[], 42:[], 43:[], 44:[], 45:[], 46:[], 47:[], 48:[], 49:[], 50:[], 51:[], 52:[], 53:[], 54:[], 55:[], 56:[], 57:[], 58:[], 59:[], 60:[], 61:[], 62:[], 63:[], 64:[], 65:[], 66:[], 67:[], 68:[], 69:[], 70:[], 71:[], 72:[], 73:[], 74:[], 75:[], 76:[], 77:[], 78:[], 79:[], 80:[], 81:[], 82:[], 83:[], 84:[], 85:[], 86:[], 87:[], 88:[], 89:[], 90:[], 91:[], 92:[], 93:[], 94:[], 95:[], 96:[], 97:[], 98:[]",11345857992,11704056880
2377,5,5157.7262,4710519,70066484,558641206,89.4476,false,99,true,true,true,true,true,false,false,"0:[0, 1, 2, 3, 4, 5, 6, 7, 8, 9, 10, 11, 12, 13, 14, 15, 16, 17, 18, 19, 20, 21, 22, 23, 24, 25, 26, 27, 28, 29, 30, 31, 32, 33, 34, 35, 36, 37, 38, 39, 40, 41, 42, 43, 44, 45, 46, 47, 48, 49, 50, 51, 52, 53, 54, 55, 56, 57, 58, 59, 60, 61, 62, 63, 64, 65, 66, 67, 68, 69, 70, 71, 72, 73, 74, 75, 76, 77, 78, 79, 80, 81, 82, 83, 84, 85, 86, 87, 88, 89, 90, 91, 92, 93, 94, 95, 96, 97, 98], 1:[], 2:[], 3:[], 4:[], 5:[], 6:[], 7:[], 8:[], 9:[], 10:[], 11:[], 12:[], 13:[], 14:[], 15:[], 16:[], 17:[], 18:[], 19:[], 20:[], 21:[], 22:[], 23:[], 24:[], 25:[], 26:[], 27:[], 28:[], 29:[], 30:[], 31:[], 32:[], 33:[], 34:[], 35:[], 36:[], 37:[], 38:[], 39:[], 40:[], 41:[], 42:[], 43:[], 44:[], 45:[], 46:[], 47:[], 48:[], 49:[], 50:[], 51:[], 52:[], 53:[], 54:[], 55:[], 56:[], 57:[], 58:[], 59:[], 60:[], 61:[], 62:[], 63:[], 64:[], 65:[], 66:[], 67:[], 68:[], 69:[], 70:[], 71:[], 72:[], 73:[], 74:[], 75:[], 76:[], 77:[], 78:[], 79:[], 80:[], 81:[], 82:[], 83:[], 84:[], 85:[], 86:[], 87:[], 88:[], 89:[], 90:[], 91:[], 92:[], 93:[], 94:[], 95:[], 96:[], 97:[], 98:[]",11389070360,11766879964
2381,2,4420.1499,4734260,70420653,561468506,84.8085,false,99,true,true,true,true,true,false,false,"0:[0, 1, 2, 3, 4, 5, 6, 7, 8, 9, 10, 11, 12, 13, 14, 15, 16, 17, 18, 19, 20, 21, 22, 23, 24, 25, 26, 27, 28, 29, 30, 31, 32, 33, 34, 35, 36, 37, 38, 39, 40, 41, 42, 43, 44, 45, 46, 47, 48, 49, 50, 51, 52, 53, 54, 55, 56, 57, 58, 59, 60, 61, 62, 63, 64, 65, 66, 67, 68, 69, 70, 71, 72, 73, 74, 75, 76, 77, 78, 79, 80, 81, 82, 83, 84, 85, 86, 87, 88, 89, 90, 91, 92, 93, 94, 95, 96, 97, 98], 1:[], 2:[], 3:[], 4:[], 5:[], 6:[], 7:[], 8:[], 9:[], 10:[], 11:[], 12:[], 13:[], 14:[], 15:[], 16:[], 17:[], 18:[], 19:[], 20:[], 21:[], 22:[], 23:[], 24:[], 25:[], 26:[], 27:[], 28:[], 29:[], 30:[], 31:[], 32:[], 33:[], 34:[], 35:[], 36:[], 37:[], 38:[], 39:[], 40:[], 41:[], 42:[], 43:[], 44:[], 45:[], 46:[], 47:[], 48:[], 49:[], 50:[], 51:[], 52:[], 53:[], 54:[], 55:[], 56:[], 57:[], 58:[], 59:[], 60:[], 61:[], 62:[], 63:[], 64:[], 65:[], 66:[], 67:[], 68:[], 69:[], 70:[], 71:[], 72:[], 73:[], 74:[], 75:[], 76:[], 77:[], 78:[], 79:[], 80:[], 81:[], 82:[], 83:[], 84:[], 85:[], 86:[], 87:[], 88:[], 89:[], 90:[], 91:[], 92:[], 93:[], 94:[], 95:[], 96:[], 97:[], 98:[]",11417973664,11808887809
2383,3,4537.3455,4746160,70597540,562877900,85.9319,false,100,true,true,true,true,true,false,false,"0:[0, 1, 2, 3, 4, 5, 6, 7, 8, 9, 10, 11, 12, 13, 14, 15, 16, 17, 18, 19, 20, 21, 22, 23, 24, 25, 26, 27, 28, 29, 30, 31, 32, 33, 34, 35, 36, 37, 38, 39, 40, 41, 42, 43, 44, 45, 46, 47, 48, 49, 50, 51, 52, 53, 54, 55, 56, 57, 58, 59, 60, 61, 62, 63, 64, 65, 66, 67, 68, 69, 70, 71, 72, 73, 74, 75, 76, 77, 78, 79, 80, 81, 82, 83, 84, 85, 86, 87, 88, 89, 90, 91, 92, 93, 94, 95, 96, 97, 98, 99], 1:[], 2:[], 3:[], 4:[], 5:[], 6:[], 7:[], 8:[], 9:[], 10:[], 11:[], 12:[], 13:[], 14:[], 15:[], 16:[], 17:[], 18:[], 19:[], 20:[], 21:[], 22:[], 23:[], 24:[], 25:[], 26:[], 27:[], 28:[], 29:[], 30:[], 31:[], 32:[], 33:[], 34:[], 35:[], 36:[], 37:[], 38:[], 39:[], 40:[], 41:[], 42:[], 43:[], 44:[], 45:[], 46:[], 47:[], 48:[], 49:[], 50:[], 51:[], 52:[], 53:[], 54:[], 55:[], 56:[], 57:[], 58:[], 59:[], 60:[], 61:[], 62:[], 63:[], 64:[], 65:[], 66:[], 67:[], 68:[], 69:[], 70:[], 71:[], 72:[], 73:[], 74:[], 75:[], 76:[], 77:[], 78:[], 79:[], 80:[], 81:[], 82:[], 83:[], 84:[], 85:[], 86:[], 87:[], 88:[], 89:[], 90:[], 91:[], 92:[], 93:[], 94:[], 95:[], 96:[], 97:[], 98:[], 99:[]",11432410224,11829849796
2389,2,5095.3302,4781981,71132442,567149829,87.2562,false,99,true,true,true,true,true,false,false,"0:[0, 1, 2, 3, 4, 5, 6, 7, 8, 9, 10, 11, 12, 13, 14, 15, 16, 17, 18, 19, 20, 21, 22, 23, 24, 25, 26, 27, 28, 29, 30, 31, 32, 33, 34, 35, 36, 37, 38, 39, 40, 41, 42, 43, 44, 45, 46, 47, 48, 49, 50, 51, 52, 53, 54, 55, 56, 57, 58, 59, 60, 61, 62, 63, 64, 65, 66, 67, 68, 69, 70, 71, 72, 73, 74, 75, 76, 77, 78, 79, 80, 81, 82, 83, 84, 85, 86, 87, 88, 89, 90, 91, 92, 93, 94, 95, 96, 97, 98], 1:[], 2:[], 3:[], 4:[], 5:[], 6:[], 7:[], 8:[], 9:[], 10:[], 11:[], 12:[], 13:[], 14:[], 15:[], 16:[], 17:[], 18:[], 19:[], 20:[], 21:[], 22:[], 23:[], 24:[], 25:[], 26:[], 27:[], 28:[], 29:[], 30:[], 31:[], 32:[], 33:[], 34:[], 35:[], 36:[], 37:[], 38:[], 39:[], 40:[], 41:[], 42:[], 43:[], 44:[], 45:[], 46:[], 47:[], 48:[], 49:[], 50:[], 51:[], 52:[], 53:[], 54:[], 55:[], 56:[], 57:[], 58:[], 59:[], 60:[], 61:[], 62:[], 63:[], 64:[], 65:[], 66:[], 67:[], 68:[], 69:[], 70:[], 71:[], 72:[], 73:[], 74:[], 75:[], 76:[], 77:[], 78:[], 79:[], 80:[], 81:[], 82:[], 83:[], 84:[], 85:[], 86:[], 87:[], 88:[], 89:[], 90:[], 91:[], 92:[], 93:[], 94:[], 95:[], 96:[], 97:[], 98:[]",11476062088,11893311818
2393,3,5230.6780,4805960,71490134,570004965,86.2468,false,99,true,true,true,true,true,false,false,"0:[0, 1, 2, 3, 4, 5, 6, 7, 8, 9, 10, 11, 12, 13, 14, 15, 16, 17, 18, 19, 20, 21, 22, 23, 24, 25, 26, 27, 28, 29, 30, 31, 32, 33, 34, 35, 36, 37, 38, 39, 40, 41, 42, 43, 44, 45, 46, 47, 48, 49, 50, 51, 52, 53, 54, 55, 56, 57, 58, 59, 60, 61, 62, 63, 64, 65, 66, 67, 68, 69, 70, 71, 72, 73, 74, 75, 76, 77, 78, 79, 80, 81, 82, 83, 84, 85, 86, 87, 88, 89, 90, 91, 92, 93, 94, 95, 96, 97, 98], 1:[], 2:[], 3:[], 4:[], 5:[], 6:[], 7:[], 8:[], 9:[], 10:[], 11:[], 12:[], 13:[], 14:[], 15:[], 16:[], 17:[], 18:[], 19:[], 20:[], 21:[], 22:[], 23:[], 24:[], 25:[], 26:[], 27:[], 28:[], 29:[], 30:[], 31:[], 32:[], 33:[], 34:[], 35:[], 36:[], 37:[], 38:[], 39:[], 40:[], 41:[], 42:[], 43:[], 44:[], 45:[], 46:[], 47:[], 48:[], 49:[], 50:[], 51:[], 52:[], 53:[], 54:[], 55:[], 56:[], 57:[], 58:[], 59:[], 60:[], 61:[], 62:[], 63:[], 64:[], 65:[], 66:[], 67:[], 68:[], 69:[], 70:[], 71:[], 72:[], 73:[], 74:[], 75:[], 76:[], 77:[], 78:[], 79:[], 80:[], 81:[], 82:[], 83:[], 84:[], 85:[], 86:[], 87:[], 88:[], 89:[], 90:[], 91:[], 92:[], 93:[], 94:[], 95:[], 96:[], 97:[], 98:[]",11505252944,11935737086
2399,11,5451.8683,4842081,72028336,574298620,87.5122,false,99,true,true,true,true,true,false,false,"0:[0, 1, 2, 3, 4, 5, 6, 7, 8, 9, 10, 11, 12, 13, 14, 15, 16, 17, 18, 19, 20, 21, 22, 23, 24, 25, 26, 27, 28, 29, 30, 31, 32, 33, 34, 35, 36, 37, 38, 39, 40, 41, 42, 43, 44, 45, 46, 47, 48, 49, 50, 51, 52, 53, 54, 55, 56, 57, 58, 59, 60, 61, 62, 63, 64, 65, 66, 67, 68, 69, 70, 71, 72, 73, 74, 75, 76, 77, 78, 79, 80, 81, 82, 83, 84, 85, 86, 87, 88, 89, 90, 91, 92, 93, 94, 95, 96, 97, 98], 1:[], 2:[], 3:[], 4:[], 5:[], 6:[], 7:[], 8:[], 9:[], 10:[], 11:[], 12:[], 13:[], 14:[], 15:[], 16:[], 17:[], 18:[], 19:[], 20:[], 21:[], 22:[], 23:[], 24:[], 25:[], 26:[], 27:[], 28:[], 29:[], 30:[], 31:[], 32:[], 33:[], 34:[], 35:[], 36:[], 37:[], 38:[], 39:[], 40:[], 41:[], 42:[], 43:[], 44:[], 45:[], 46:[], 47:[], 48:[], 49:[], 50:[], 51:[], 52:[], 53:[], 54:[], 55:[], 56:[], 57:[], 58:[], 59:[], 60:[], 61:[], 62:[], 63:[], 64:[], 65:[], 66:[], 67:[], 68:[], 69:[], 70:[], 71:[], 72:[], 73:[], 74:[], 75:[], 76:[], 77:[], 78:[], 79:[], 80:[], 81:[], 82:[], 83:[], 84:[], 85:[], 86:[], 87:[], 88:[], 89:[], 90:[], 91:[], 92:[], 93:[], 94:[], 95:[], 96:[], 97:[], 98:[]",11549176008,11999553816
2411,2,4484.5502,4914862,73113987,582964175,88.1116,false,101,true,true,true,true,true,false,false,"0:[0, 1, 2, 3, 4, 5, 6, 7, 8, 9, 10, 11, 12, 13, 14, 15, 16, 17, 18, 19, 20, 21, 22, 23, 24, 25, 26, 27, 28, 29, 30, 31, 32, 33, 34, 35, 36, 37, 38, 39, 40, 41, 42, 43, 44, 45, 46, 47, 48, 49, 50, 51, 52, 53, 54, 55, 56, 57, 58, 59, 60, 61, 62, 63, 64, 65, 66, 67, 68, 69, 70, 71, 72, 73, 74, 75, 76, 77, 78, 79, 80, 81, 82, 83, 84, 85, 86, 87, 88, 89, 90, 91, 92, 93, 94, 95, 96, 97, 98, 99, 100], 1:[], 2:[], 3:[], 4:[], 5:[], 6:[], 7:[], 8:[], 9:[], 10:[], 11:[], 12:[], 13:[], 14:[], 15:[], 16:[], 17:[], 18:[], 19:[], 20:[], 21:[], 22:[], 23:[], 24:[], 25:[], 26:[], 27:[], 28:[], 29:[], 30:[], 31:[], 32:[], 33:[], 34:[], 35:[], 36:[], 37:[], 38:[], 39:[], 40:[], 41:[], 42:[], 43:[], 44:[], 45:[], 46:[], 47:[], 48:[], 49:[], 50:[], 51:[], 52:[], 53:[], 54:[], 55:[], 56:[], 57:[], 58:[], 59:[], 60:[], 61:[], 62:[], 63:[], 64:[], 65:[], 66:[], 67:[], 68:[], 69:[], 70:[], 71:[], 72:[], 73:[], 74:[], 75:[], 76:[], 77:[], 78:[], 79:[], 80:[], 81:[], 82:[], 83:[], 84:[], 85:[], 86:[], 87:[], 88:[], 89:[], 90:[], 91:[], 92:[], 93:[], 94:[], 95:[], 96:[], 97:[], 98:[], 99:[], 100:[]",11637774832,12128320927
2417,3,5354.7225,4951525,73661593,587338320,89.5796,false,100,true,true,true,true,true,false,false,"0:[0, 1, 2, 3, 4, 5, 6, 7, 8, 9, 10, 11, 12, 13, 14, 15, 16, 17, 18, 19, 20, 21, 22, 23, 24, 25, 26, 27, 28, 29, 30, 31, 32, 33, 34, 35, 36, 37, 38, 39, 40, 41, 42, 43, 44, 45, 46, 47, 48, 49, 50, 51, 52, 53, 54, 55, 56, 57, 58, 59, 60, 61, 62, 63, 64, 65, 66, 67, 68, 69, 70, 71, 72, 73, 74, 75, 76, 77, 78, 79, 80, 81, 82, 83, 84, 85, 86, 87, 88, 89, 90, 91, 92, 93, 94, 95, 96, 97, 98, 99], 1:[], 2:[], 3:[], 4:[], 5:[], 6:[], 7:[], 8:[], 9:[], 10:[], 11:[], 12:[], 13:[], 14:[], 15:[], 16:[], 17:[], 18:[], 19:[], 20:[], 21:[], 22:[], 23:[], 24:[], 25:[], 26:[], 27:[], 28:[], 29:[], 30:[], 31:[], 32:[], 33:[], 34:[], 35:[], 36:[], 37:[], 38:[], 39:[], 40:[], 41:[], 42:[], 43:[], 44:[], 45:[], 46:[], 47:[], 48:[], 49:[], 50:[], 51:[], 52:[], 53:[], 54:[], 55:[], 56:[], 57:[], 58:[], 59:[], 60:[], 61:[], 62:[], 63:[], 64:[], 65:[], 66:[], 67:[], 68:[], 69:[], 70:[], 71:[], 72:[], 73:[], 74:[], 75:[], 76:[], 77:[], 78:[], 79:[], 80:[], 81:[], 82:[], 83:[], 84:[], 85:[], 86:[], 87:[], 88:[], 89:[], 90:[], 91:[], 92:[], 93:[], 94:[], 95:[], 96:[], 97:[], 98:[], 99:[]",11682463224,12193291221
2423,5,5003.0036,4988370,74210601,591718093,90.3180,false,101,true,true,true,true,true,false,false,"0:[0, 1, 2, 3, 4, 5, 6, 7, 8, 9, 10, 11, 12, 13, 14, 15, 16, 17, 18, 19, 20, 21, 22, 23, 24, 25, 26, 27, 28, 29, 30, 31, 32, 33, 34, 35, 36, 37, 38, 39, 40, 41, 42, 43, 44, 45, 46, 47, 48, 49, 50, 51, 52, 53, 54, 55, 56, 57, 58, 59, 60, 61, 62, 63, 64, 65, 66, 67, 68, 69, 70, 71, 72, 73, 74, 75, 76, 77, 78, 79, 80, 81, 82, 83, 84, 85, 86, 87, 88, 89, 90, 91, 92, 93, 94, 95, 96, 97, 98, 99, 100], 1:[], 2:[], 3:[], 4:[], 5:[], 6:[], 7:[], 8:[], 9:[], 10:[], 11:[], 12:[], 13:[], 14:[], 15:[], 16:[], 17:[], 18:[], 19:[], 20:[], 21:[], 22:[], 23:[], 24:[], 25:[], 26:[], 27:[], 28:[], 29:[], 30:[], 31:[], 32:[], 33:[], 34:[], 35:[], 36:[], 37:[], 38:[], 39:[], 40:[], 41:[], 42:[], 43:[], 44:[], 45:[], 46:[], 47:[], 48:[], 49:[], 50:[], 51:[], 52:[], 53:[], 54:[], 55:[], 56:[], 57:[], 58:[], 59:[], 60:[], 61:[], 62:[], 63:[], 64:[], 65:[], 66:[], 67:[], 68:[], 69:[], 70:[], 71:[], 72:[], 73:[], 74:[], 75:[], 76:[], 77:[], 78:[], 79:[], 80:[], 81:[], 82:[], 83:[], 84:[], 85:[], 86:[], 87:[], 88:[], 89:[], 90:[], 91:[], 92:[], 93:[], 94:[], 95:[], 96:[], 97:[], 98:[], 99:[], 100:[]",11727268144,12258389501
2437,2,4755.3416,5075051,75504356,602048082,90.8506,false,102,true,true,true,true,true,false,false,"0:[0, 1, 2, 3, 4, 5, 6, 7, 8, 9, 10, 11, 12, 13, 14, 15, 16, 17, 18, 19, 20, 21, 22, 23, 24, 25, 26, 27, 28, 29, 30, 31, 32, 33, 34, 35, 36, 37, 38, 39, 40, 41, 42, 43, 44, 45, 46, 47, 48, 49, 50, 51, 52, 53, 54, 55, 56, 57, 58, 59, 60, 61, 62, 63, 64, 65, 66, 67, 68, 69, 70, 71, 72, 73, 74, 75, 76, 77, 78, 79, 80, 81, 82, 83, 84, 85, 86, 87, 88, 89, 90, 91, 92, 93, 94, 95, 96, 97, 98, 99, 100, 101], 1:[], 2:[], 3:[], 4:[], 5:[], 6:[], 7:[], 8:[], 9:[], 10:[], 11:[], 12:[], 13:[], 14:[], 15:[], 16:[], 17:[], 18:[], 19:[], 20:[], 21:[], 22:[], 23:[], 24:[], 25:[], 26:[], 27:[], 28:[], 29:[], 30:[], 31:[], 32:[], 33:[], 34:[], 35:[], 36:[], 37:[], 38:[], 39:[], 40:[], 41:[], 42:[], 43:[], 44:[], 45:[], 46:[], 47:[], 48:[], 49:[], 50:[], 51:[], 52:[], 53:[], 54:[], 55:[], 56:[], 57:[], 58:[], 59:[], 60:[], 61:[], 62:[], 63:[], 64:[], 65:[], 66:[], 67:[], 68:[], 69:[], 70:[], 71:[], 72:[], 73:[], 74:[], 75:[], 76:[], 77:[], 78:[], 79:[], 80:[], 81:[], 82:[], 83:[], 84:[], 85:[], 86:[], 87:[], 88:[], 89:[], 90:[], 91:[], 92:[], 93:[], 94:[], 95:[], 96:[], 97:[], 98:[], 99:[], 100:[], 101:[]",11832848888,12411858732
2441,3,5280.0645,5100000,75876502,605018385,91.2809,false,102,true,true,true,true,true,false,false,"0:[0, 1, 2, 3, 4, 5, 6, 7, 8, 9, 10, 11, 12, 13, 14, 15, 16, 17, 18, 19, 20, 21, 22, 23, 24, 25, 26, 27, 28, 29, 30, 31, 32, 33, 34, 35, 36, 37, 38, 39, 40, 41, 42, 43, 44, 45, 46, 47, 48, 49, 50, 51, 52, 53, 54, 55, 56, 57, 58, 59, 60, 61, 62, 63, 64, 65, 66, 67, 68, 69, 70, 71, 72, 73, 74, 75, 76, 77, 78, 79, 80, 81, 82, 83, 84, 85, 86, 87, 88, 89, 90, 91, 92, 93, 94, 95, 96, 97, 98, 99, 100, 101], 1:[], 2:[], 3:[], 4:[], 5:[], 6:[], 7:[], 8:[], 9:[], 10:[], 11:[], 12:[], 13:[], 14:[], 15:[], 16:[], 17:[], 18:[], 19:[], 20:[], 21:[], 22:[], 23:[], 24:[], 25:[], 26:[], 27:[], 28:[], 29:[], 30:[], 31:[], 32:[], 33:[], 34:[], 35:[], 36:[], 37:[], 38:[], 39:[], 40:[], 41:[], 42:[], 43:[], 44:[], 45:[], 46:[], 47:[], 48:[], 49:[], 50:[], 51:[], 52:[], 53:[], 54:[], 55:[], 56:[], 57:[], 58:[], 59:[], 60:[], 61:[], 62:[], 63:[], 64:[], 65:[], 66:[], 67:[], 68:[], 69:[], 70:[], 71:[], 72:[], 73:[], 74:[], 75:[], 76:[], 77:[], 78:[], 79:[], 80:[], 81:[], 82:[], 83:[], 84:[], 85:[], 86:[], 87:[], 88:[], 89:[], 90:[], 91:[], 92:[], 93:[], 94:[], 95:[], 96:[], 97:[], 98:[], 99:[], 100:[], 101:[]",11863219344,12455997566
2447,5,4914.8463,5137577,76436508,609486376,92.7752,false,102,true,true,true,true,true,false,false,"0:[0, 1, 2, 3, 4, 5, 6, 7, 8, 9, 10, 11, 12, 13, 14, 15, 16, 17, 18, 19, 20, 21, 22, 23, 24, 25, 26, 27, 28, 29, 30, 31, 32, 33, 34, 35, 36, 37, 38, 39, 40, 41, 42, 43, 44, 45, 46, 47, 48, 49, 50, 51, 52, 53, 54, 55, 56, 57, 58, 59, 60, 61, 62, 63, 64, 65, 66, 67, 68, 69, 70, 71, 72, 73, 74, 75, 76, 77, 78, 79, 80, 81, 82, 83, 84, 85, 86, 87, 88, 89, 90, 91, 92, 93, 94, 95, 96, 97, 98, 99, 100, 101], 1:[], 2:[], 3:[], 4:[], 5:[], 6:[], 7:[], 8:[], 9:[], 10:[], 11:[], 12:[], 13:[], 14:[], 15:[], 16:[], 17:[], 18:[], 19:[], 20:[], 21:[], 22:[], 23:[], 24:[], 25:[], 26:[], 27:[], 28:[], 29:[], 30:[], 31:[], 32:[], 33:[], 34:[], 35:[], 36:[], 37:[], 38:[], 39:[], 40:[], 41:[], 42:[], 43:[], 44:[], 45:[], 46:[], 47:[], 48:[], 49:[], 50:[], 51:[], 52:[], 53:[], 54:[], 55:[], 56:[], 57:[], 58:[], 59:[], 60:[], 61:[], 62:[], 63:[], 64:[], 65:[], 66:[], 67:[], 68:[], 69:[], 70:[], 71:[], 72:[], 73:[], 74:[], 75:[], 76:[], 77:[], 78:[], 79:[], 80:[], 81:[], 82:[], 83:[], 84:[], 85:[], 86:[], 87:[], 88:[], 89:[], 90:[], 91:[], 92:[], 93:[], 94:[], 95:[], 96:[], 97:[], 98:[], 99:[], 100:[], 101:[]",11908921672,12522400916
2459,2,4754.9912,5213284,77565933,618501914,93.5009,false,103,true,true,true,true,true,false,false,"0:[0, 1, 2, 3, 4, 5, 6, 7, 8, 9, 10, 11, 12, 13, 14, 15, 16, 17, 18, 19, 20, 21, 22, 23, 24, 25, 26, 27, 28, 29, 30, 31, 32, 33, 34, 35, 36, 37, 38, 39, 40, 41, 42, 43, 44, 45, 46, 47, 48, 49, 50, 51, 52, 53, 54, 55, 56, 57, 58, 59, 60, 61, 62, 63, 64, 65, 66, 67, 68, 69, 70, 71, 72, 73, 74, 75, 76, 77, 78, 79, 80, 81, 82, 83, 84, 85, 86, 87, 88, 89, 90, 91, 92, 93, 94, 95, 96, 97, 98, 99, 100, 101, 102], 1:[], 2:[], 3:[], 4:[], 5:[], 6:[], 7:[], 8:[], 9:[], 10:[], 11:[], 12:[], 13:[], 14:[], 15:[], 16:[], 17:[], 18:[], 19:[], 20:[], 21:[], 22:[], 23:[], 24:[], 25:[], 26:[], 27:[], 28:[], 29:[], 30:[], 31:[], 32:[], 33:[], 34:[], 35:[], 36:[], 37:[], 38:[], 39:[], 40:[], 41:[], 42:[], 43:[], 44:[], 45:[], 46:[], 47:[], 48:[], 49:[], 50:[], 51:[], 52:[], 53:[], 54:[], 55:[], 56:[], 57:[], 58:[], 59:[], 60:[], 61:[], 62:[], 63:[], 64:[], 65:[], 66:[], 67:[], 68:[], 69:[], 70:[], 71:[], 72:[], 73:[], 74:[], 75:[], 76:[], 77:[], 78:[], 79:[], 80:[], 81:[], 82:[], 83:[], 84:[], 85:[], 86:[], 87:[], 88:[], 89:[], 90:[], 91:[], 92:[], 93:[], 94:[], 95:[], 96:[], 97:[], 98:[], 99:[], 100:[], 101:[], 102:[]",12001092640,13730101505
2467,2,4823.5224,5264165,78325056,624561844,104.3540,false,102,true,true,true,true,true,false,false,"0:[0, 1, 2, 3, 4, 5, 6, 7, 8, 9, 10, 11, 12, 13, 14, 15, 16, 17, 18, 19, 20, 21, 22, 23, 24, 25, 26, 27, 28, 29, 30, 31, 32, 33, 34, 35, 36, 37, 38, 39, 40, 41, 42, 43, 44, 45, 46, 47, 48, 49, 50, 51, 52, 53, 54, 55, 56, 57, 58, 59, 60, 61, 62, 63, 64, 65, 66, 67, 68, 69, 70, 71, 72, 73, 74, 75, 76, 77, 78, 79, 80, 81, 82, 83, 84, 85, 86, 87, 88, 89, 90, 91, 92, 93, 94, 95, 96, 97, 98, 99, 100, 101], 1:[], 2:[], 3:[], 4:[], 5:[], 6:[], 7:[], 8:[], 9:[], 10:[], 11:[], 12:[], 13:[], 14:[], 15:[], 16:[], 17:[], 18:[], 19:[], 20:[], 21:[], 22:[], 23:[], 24:[], 25:[], 26:[], 27:[], 28:[], 29:[], 30:[], 31:[], 32:[], 33:[], 34:[], 35:[], 36:[], 37:[], 38:[], 39:[], 40:[], 41:[], 42:[], 43:[], 44:[], 45:[], 46:[], 47:[], 48:[], 49:[], 50:[], 51:[], 52:[], 53:[], 54:[], 55:[], 56:[], 57:[], 58:[], 59:[], 60:[], 61:[], 62:[], 63:[], 64:[], 65:[], 66:[], 67:[], 68:[], 69:[], 70:[], 71:[], 72:[], 73:[], 74:[], 75:[], 76:[], 77:[], 78:[], 79:[], 80:[], 81:[], 82:[], 83:[], 84:[], 85:[], 86:[], 87:[], 88:[], 89:[], 90:[], 91:[], 92:[], 93:[], 94:[], 95:[], 96:[], 97:[], 98:[], 99:[], 100:[], 101:[]",12063043624,13820139944
2473,5,5949.9039,5302543,78898264,629140149,102.9346,false,103,true,true,true,true,true,false,false,"0:[0, 1, 2, 3, 4, 5, 6, 7, 8, 9, 10, 11, 12, 13, 14, 15, 16, 17, 18, 19, 20, 21, 22, 23, 24, 25, 26, 27, 28, 29, 30, 31, 32, 33, 34, 35, 36, 37, 38, 39, 40, 41, 42, 43, 44, 45, 46, 47, 48, 49, 50, 51, 52, 53, 54, 55, 56, 57, 58, 59, 60, 61, 62, 63, 64, 65, 66, 67, 68, 69, 70, 71, 72, 73, 74, 75, 76, 77, 78, 79, 80, 81, 82, 83, 84, 85, 86, 87, 88, 89, 90, 91, 92, 93, 94, 95, 96, 97, 98, 99, 100, 101, 102], 1:[], 2:[], 3:[], 4:[], 5:[], 6:[], 7:[], 8:[], 9:[], 10:[], 11:[], 12:[], 13:[], 14:[], 15:[], 16:[], 17:[], 18:[], 19:[], 20:[], 21:[], 22:[], 23:[], 24:[], 25:[], 26:[], 27:[], 28:[], 29:[], 30:[], 31:[], 32:[], 33:[], 34:[], 35:[], 36:[], 37:[], 38:[], 39:[], 40:[], 41:[], 42:[], 43:[], 44:[], 45:[], 46:[], 47:[], 48:[], 49:[], 50:[], 51:[], 52:[], 53:[], 54:[], 55:[], 56:[], 57:[], 58:[], 59:[], 60:[], 61:[], 62:[], 63:[], 64:[], 65:[], 66:[], 67:[], 68:[], 69:[], 70:[], 71:[], 72:[], 73:[], 74:[], 75:[], 76:[], 77:[], 78:[], 79:[], 80:[], 81:[], 82:[], 83:[], 84:[], 85:[], 86:[], 87:[], 88:[], 89:[], 90:[], 91:[], 92:[], 93:[], 94:[], 95:[], 96:[], 97:[], 98:[], 99:[], 100:[], 101:[], 102:[]",12109821336,13888146512
2477,2,5002.5335,5328232,79281545,632199897,97.9550,false,104,true,true,true,true,true,false,false,"0:[0, 1, 2, 3, 4, 5, 6, 7, 8, 9, 10, 11, 12, 13, 14, 15, 16, 17, 18, 19, 20, 21, 22, 23, 24, 25, 26, 27, 28, 29, 30, 31, 32, 33, 34, 35, 36, 37, 38, 39, 40, 41, 42, 43, 44, 45, 46, 47, 48, 49, 50, 51, 52, 53, 54, 55, 56, 57, 58, 59, 60, 61, 62, 63, 64, 65, 66, 67, 68, 69, 70, 71, 72, 73, 74, 75, 76, 77, 78, 79, 80, 81, 82, 83, 84, 85, 86, 87, 88, 89, 90, 91, 92, 93, 94, 95, 96, 97, 98, 99, 100, 101, 102, 103], 1:[], 2:[], 3:[], 4:[], 5:[], 6:[], 7:[], 8:[], 9:[], 10:[], 11:[], 12:[], 13:[], 14:[], 15:[], 16:[], 17:[], 18:[], 19:[], 20:[], 21:[], 22:[], 23:[], 24:[], 25:[], 26:[], 27:[], 28:[], 29:[], 30:[], 31:[], 32:[], 33:[], 34:[], 35:[], 36:[], 37:[], 38:[], 39:[], 40:[], 41:[], 42:[], 43:[], 44:[], 45:[], 46:[], 47:[], 48:[], 49:[], 50:[], 51:[], 52:[], 53:[], 54:[], 55:[], 56:[], 57:[], 58:[], 59:[], 60:[], 61:[], 62:[], 63:[], 64:[], 65:[], 66:[], 67:[], 68:[], 69:[], 70:[], 71:[], 72:[], 73:[], 74:[], 75:[], 76:[], 77:[], 78:[], 79:[], 80:[], 81:[], 82:[], 83:[], 84:[], 85:[], 86:[], 87:[], 88:[], 89:[], 90:[], 91:[], 92:[], 93:[], 94:[], 95:[], 96:[], 97:[], 98:[], 99:[], 100:[], 101:[], 102:[], 103:[]",12141100352,13933606829
2503,3,5266.0964,5497233,81802437,652321433,102.5897,false,105,true,true,true,true,true,false,false,"0:[0, 1, 2, 3, 4, 5, 6, 7, 8, 9, 10, 11, 12, 13, 14, 15, 16, 17, 18, 19, 20, 21, 22, 23, 24, 25, 26, 27, 28, 29, 30, 31, 32, 33, 34, 35, 36, 37, 38, 39, 40, 41, 42, 43, 44, 45, 46, 47, 48, 49, 50, 51, 52, 53, 54, 55, 56, 57, 58, 59, 60, 61, 62, 63, 64, 65, 66, 67, 68, 69, 70, 71, 72, 73, 74, 75, 76, 77, 78, 79, 80, 81, 82, 83, 84, 85, 86, 87, 88, 89, 90, 91, 92, 93, 94, 95, 96, 97, 98, 99, 100, 101, 102, 103, 104], 1:[], 2:[], 3:[], 4:[], 5:[], 6:[], 7:[], 8:[], 9:[], 10:[], 11:[], 12:[], 13:[], 14:[], 15:[], 16:[], 17:[], 18:[], 19:[], 20:[], 21:[], 22:[], 23:[], 24:[], 25:[], 26:[], 27:[], 28:[], 29:[], 30:[], 31:[], 32:[], 33:[], 34:[], 35:[], 36:[], 37:[], 38:[], 39:[], 40:[], 41:[], 42:[], 43:[], 44:[], 45:[], 46:[], 47:[], 48:[], 49:[], 50:[], 51:[], 52:[], 53:[], 54:[], 55:[], 56:[], 57:[], 58:[], 59:[], 60:[], 61:[], 62:[], 63:[], 64:[], 65:[], 66:[], 67:[], 68:[], 69:[], 70:[], 71:[], 72:[], 73:[], 74:[], 75:[], 76:[], 77:[], 78:[], 79:[], 80:[], 81:[], 82:[], 83:[], 84:[], 85:[], 86:[], 87:[], 88:[], 89:[], 90:[], 91:[], 92:[], 93:[], 94:[], 95:[], 96:[], 97:[], 98:[], 99:[], 100:[], 101:[], 102:[], 103:[], 104:[]",12346827736,14232586993
2521,11,7067.4351,5616303,83579652,666511275,101.2952,false,106,true,true,true,true,true,false,false,"0:[0, 1, 2, 3, 4, 5, 6, 7, 8, 9, 10, 11, 12, 13, 14, 15, 16, 17, 18, 19, 20, 21, 22, 23, 24, 25, 26, 27, 28, 29, 30, 31, 32, 33, 34, 35, 36, 37, 38, 39, 40, 41, 42, 43, 44, 45, 46, 47, 48, 49, 50, 51, 52, 53, 54, 55, 56, 57, 58, 59, 60, 61, 62, 63, 64, 65, 66, 67, 68, 69, 70, 71, 72, 73, 74, 75, 76, 77, 78, 79, 80, 81, 82, 83, 84, 85, 86, 87, 88, 89, 90, 91, 92, 93, 94, 95, 96, 97, 98, 99, 100, 101, 102, 103, 104, 105], 1:[], 2:[], 3:[], 4:[], 5:[], 6:[], 7:[], 8:[], 9:[], 10:[], 11:[], 12:[], 13:[], 14:[], 15:[], 16:[], 17:[], 18:[], 19:[], 20:[], 21:[], 22:[], 23:[], 24:[], 25:[], 26:[], 27:[], 28:[], 29:[], 30:[], 31:[], 32:[], 33:[], 34:[], 35:[], 36:[], 37:[], 38:[], 39:[], 40:[], 41:[], 42:[], 43:[], 44:[], 45:[], 46:[], 47:[], 48:[], 49:[], 50:[], 51:[], 52:[], 53:[], 54:[], 55:[], 56:[], 57:[], 58:[], 59:[], 60:[], 61:[], 62:[], 63:[], 64:[], 65:[], 66:[], 67:[], 68:[], 69:[], 70:[], 71:[], 72:[], 73:[], 74:[], 75:[], 76:[], 77:[], 78:[], 79:[], 80:[], 81:[], 82:[], 83:[], 84:[], 85:[], 86:[], 87:[], 88:[], 89:[], 90:[], 91:[], 92:[], 93:[], 94:[], 95:[], 96:[], 97:[], 98:[], 99:[], 100:[], 101:[], 102:[], 103:[], 104:[], 105:[]",12491862616,14443397996
2531,2,5206.5810,5683190,84577017,674470616,104.2515,false,106,true,true,true,true,true,false,false,"0:[0, 1, 2, 3, 4, 5, 6, 7, 8, 9, 10, 11, 12, 13, 14, 15, 16, 17, 18, 19, 20, 21, 22, 23, 24, 25, 26, 27, 28, 29, 30, 31, 32, 33, 34, 35, 36, 37, 38, 39, 40, 41, 42, 43, 44, 45, 46, 47, 48, 49, 50, 51, 52, 53, 54, 55, 56, 57, 58, 59, 60, 61, 62, 63, 64, 65, 66, 67, 68, 69, 70, 71, 72, 73, 74, 75, 76, 77, 78, 79, 80, 81, 82, 83, 84, 85, 86, 87, 88, 89, 90, 91, 92, 93, 94, 95, 96, 97, 98, 99, 100, 101, 102, 103, 104, 105], 1:[], 2:[], 3:[], 4:[], 5:[], 6:[], 7:[], 8:[], 9:[], 10:[], 11:[], 12:[], 13:[], 14:[], 15:[], 16:[], 17:[], 18:[], 19:[], 20:[], 21:[], 22:[], 23:[], 24:[], 25:[], 26:[], 27:[], 28:[], 29:[], 30:[], 31:[], 32:[], 33:[], 34:[], 35:[], 36:[], 37:[], 38:[], 39:[], 40:[], 41:[], 42:[], 43:[], 44:[], 45:[], 46:[], 47:[], 48:[], 49:[], 50:[], 51:[], 52:[], 53:[], 54:[], 55:[], 56:[], 57:[], 58:[], 59:[], 60:[], 61:[], 62:[], 63:[], 64:[], 65:[], 66:[], 67:[], 68:[], 69:[], 70:[], 71:[], 72:[], 73:[], 74:[], 75:[], 76:[], 77:[], 78:[], 79:[], 80:[], 81:[], 82:[], 83:[], 84:[], 85:[], 86:[], 87:[], 88:[], 89:[], 90:[], 91:[], 92:[], 93:[], 94:[], 95:[], 96:[], 97:[], 98:[], 99:[], 100:[], 101:[], 102:[], 103:[], 104:[], 105:[]",12573257104,14561673965
2539,2,5358.5563,5737081,85381159,680890320,107.1105,false,106,true,true,true,true,true,false,false,"0:[0, 1, 2, 3, 4, 5, 6, 7, 8, 9, 10, 11, 12, 13, 14, 15, 16, 17, 18, 19, 20, 21, 22, 23, 24, 25, 26, 27, 28, 29, 30, 31, 32, 33, 34, 35, 36, 37, 38, 39, 40, 41, 42, 43, 44, 45, 46, 47, 48, 49, 50, 51, 52, 53, 54, 55, 56, 57, 58, 59, 60, 61, 62, 63, 64, 65, 66, 67, 68, 69, 70, 71, 72, 73, 74, 75, 76, 77, 78, 79, 80, 81, 82, 83, 84, 85, 86, 87, 88, 89, 90, 91, 92, 93, 94, 95, 96, 97, 98, 99, 100, 101, 102, 103, 104, 105], 1:[], 2:[], 3:[], 4:[], 5:[], 6:[], 7:[], 8:[], 9:[], 10:[], 11:[], 12:[], 13:[], 14:[], 15:[], 16:[], 17:[], 18:[], 19:[], 20:[], 21:[], 22:[], 23:[], 24:[], 25:[], 26:[], 27:[], 28:[], 29:[], 30:[], 31:[], 32:[], 33:[], 34:[], 35:[], 36:[], 37:[], 38:[], 39:[], 40:[], 41:[], 42:[], 43:[], 44:[], 45:[], 46:[], 47:[], 48:[], 49:[], 50:[], 51:[], 52:[], 53:[], 54:[], 55:[], 56:[], 57:[], 58:[], 59:[], 60:[], 61:[], 62:[], 63:[], 64:[], 65:[], 66:[], 67:[], 68:[], 69:[], 70:[], 71:[], 72:[], 73:[], 74:[], 75:[], 76:[], 77:[], 78:[], 79:[], 80:[], 81:[], 82:[], 83:[], 84:[], 85:[], 86:[], 87:[], 88:[], 89:[], 90:[], 91:[], 92:[], 93:[], 94:[], 95:[], 96:[], 97:[], 98:[], 99:[], 100:[], 101:[], 102:[], 103:[], 104:[], 105:[]",12638881848,14657051675
2543,5,5795.3077,5764153,85785102,684114956,107.2429,false,106,true,true,true,true,true,false,false,"0:[0, 1, 2, 3, 4, 5, 6, 7, 8, 9, 10, 11, 12, 13, 14, 15, 16, 17, 18, 19, 20, 21, 22, 23, 24, 25, 26, 27, 28, 29, 30, 31, 32, 33, 34, 35, 36, 37, 38, 39, 40, 41, 42, 43, 44, 45, 46, 47, 48, 49, 50, 51, 52, 53, 54, 55, 56, 57, 58, 59, 60, 61, 62, 63, 64, 65, 66, 67, 68, 69, 70, 71, 72, 73, 74, 75, 76, 77, 78, 79, 80, 81, 82, 83, 84, 85, 86, 87, 88, 89, 90, 91, 92, 93, 94, 95, 96, 97, 98, 99, 100, 101, 102, 103, 104, 105], 1:[], 2:[], 3:[], 4:[], 5:[], 6:[], 7:[], 8:[], 9:[], 10:[], 11:[], 12:[], 13:[], 14:[], 15:[], 16:[], 17:[], 18:[], 19:[], 20:[], 21:[], 22:[], 23:[], 24:[], 25:[], 26:[], 27:[], 28:[], 29:[], 30:[], 31:[], 32:[], 33:[], 34:[], 35:[], 36:[], 37:[], 38:[], 39:[], 40:[], 41:[], 42:[], 43:[], 44:[], 45:[], 46:[], 47:[], 48:[], 49:[], 50:[], 51:[], 52:[], 53:[], 54:[], 55:[], 56:[], 57:[], 58:[], 59:[], 60:[], 61:[], 62:[], 63:[], 64:[], 65:[], 66:[], 67:[], 68:[], 69:[], 70:[], 71:[], 72:[], 73:[], 74:[], 75:[], 76:[], 77:[], 78:[], 79:[], 80:[], 81:[], 82:[], 83:[], 84:[], 85:[], 86:[], 87:[], 88:[], 89:[], 90:[], 91:[], 92:[], 93:[], 94:[], 95:[], 96:[], 97:[], 98:[], 99:[], 100:[], 101:[], 102:[], 103:[], 104:[], 105:[]",12671847016,14704962702
2549,2,5512.7206,5804922,86394078,688979136,107.3080,false,106,true,true,true,true,true,false,false,"0:[0, 1, 2, 3, 4, 5, 6, 7, 8, 9, 10, 11, 12, 13, 14, 15, 16, 17, 18, 19, 20, 21, 22, 23, 24, 25, 26, 27, 28, 29, 30, 31, 32, 33, 34, 35, 36, 37, 38, 39, 40, 41, 42, 43, 44, 45, 46, 47, 48, 49, 50, 51, 52, 53, 54, 55, 56, 57, 58, 59, 60, 61, 62, 63, 64, 65, 66, 67, 68, 69, 70, 71, 72, 73, 74, 75, 76, 77, 78, 79, 80, 81, 82, 83, 84, 85, 86, 87, 88, 89, 90, 91, 92, 93, 94, 95, 96, 97, 98, 99, 100, 101, 102, 103, 104, 105], 1:[], 2:[], 3:[], 4:[], 5:[], 6:[], 7:[], 8:[], 9:[], 10:[], 11:[], 12:[], 13:[], 14:[], 15:[], 16:[], 17:[], 18:[], 19:[], 20:[], 21:[], 22:[], 23:[], 24:[], 25:[], 26:[], 27:[], 28:[], 29:[], 30:[], 31:[], 32:[], 33:[], 34:[], 35:[], 36:[], 37:[], 38:[], 39:[], 40:[], 41:[], 42:[], 43:[], 44:[], 45:[], 46:[], 47:[], 48:[], 49:[], 50:[], 51:[], 52:[], 53:[], 54:[], 55:[], 56:[], 57:[], 58:[], 59:[], 60:[], 61:[], 62:[], 63:[], 64:[], 65:[], 66:[], 67:[], 68:[], 69:[], 70:[], 71:[], 72:[], 73:[], 74:[], 75:[], 76:[], 77:[], 78:[], 79:[], 80:[], 81:[], 82:[], 83:[], 84:[], 85:[], 86:[], 87:[], 88:[], 89:[], 90:[], 91:[], 92:[], 93:[], 94:[], 95:[], 96:[], 97:[], 98:[], 99:[], 100:[], 101:[], 102:[], 103:[], 104:[], 105:[]",12721543552,14777211606
2551,3,5919.8705,5818553,86596850,690595337,106.6792,false,106,true,true,true,true,true,false,false,"0:[0, 1, 2, 3, 4, 5, 6, 7, 8, 9, 10, 11, 12, 13, 14, 15, 16, 17, 18, 19, 20, 21, 22, 23, 24, 25, 26, 27, 28, 29, 30, 31, 32, 33, 34, 35, 36, 37, 38, 39, 40, 41, 42, 43, 44, 45, 46, 47, 48, 49, 50, 51, 52, 53, 54, 55, 56, 57, 58, 59, 60, 61, 62, 63, 64, 65, 66, 67, 68, 69, 70, 71, 72, 73, 74, 75, 76, 77, 78, 79, 80, 81, 82, 83, 84, 85, 86, 87, 88, 89, 90, 91, 92, 93, 94, 95, 96, 97, 98, 99, 100, 101, 102, 103, 104, 105], 1:[], 2:[], 3:[], 4:[], 5:[], 6:[], 7:[], 8:[], 9:[], 10:[], 11:[], 12:[], 13:[], 14:[], 15:[], 16:[], 17:[], 18:[], 19:[], 20:[], 21:[], 22:[], 23:[], 24:[], 25:[], 26:[], 27:[], 28:[], 29:[], 30:[], 31:[], 32:[], 33:[], 34:[], 35:[], 36:[], 37:[], 38:[], 39:[], 40:[], 41:[], 42:[], 43:[], 44:[], 45:[], 46:[], 47:[], 48:[], 49:[], 50:[], 51:[], 52:[], 53:[], 54:[], 55:[], 56:[], 57:[], 58:[], 59:[], 60:[], 61:[], 62:[], 63:[], 64:[], 65:[], 66:[], 67:[], 68:[], 69:[], 70:[], 71:[], 72:[], 73:[], 74:[], 75:[], 76:[], 77:[], 78:[], 79:[], 80:[], 81:[], 82:[], 83:[], 84:[], 85:[], 86:[], 87:[], 88:[], 89:[], 90:[], 91:[], 92:[], 93:[], 94:[], 95:[], 96:[], 97:[], 98:[], 99:[], 100:[], 101:[], 102:[], 103:[], 104:[], 105:[]",12738092456,14801242626
2557,2,5597.3553,5859577,87209655,695490132,108.4555,false,107,true,true,true,true,true,false,false,"0:[0, 1, 2, 3, 4, 5, 6, 7, 8, 9, 10, 11, 12, 13, 14, 15, 16, 17, 18, 19, 20, 21, 22, 23, 24, 25, 26, 27, 28, 29, 30, 31, 32, 33, 34, 35, 36, 37, 38, 39, 40, 41, 42, 43, 44, 45, 46, 47, 48, 49, 50, 51, 52, 53, 54, 55, 56, 57, 58, 59, 60, 61, 62, 63, 64, 65, 66, 67, 68, 69, 70, 71, 72, 73, 74, 75, 76, 77, 78, 79, 80, 81, 82, 83, 84, 85, 86, 87, 88, 89, 90, 91, 92, 93, 94, 95, 96, 97, 98, 99, 100, 101, 102, 103, 104, 105, 106], 1:[], 2:[], 3:[], 4:[], 5:[], 6:[], 7:[], 8:[], 9:[], 10:[], 11:[], 12:[], 13:[], 14:[], 15:[], 16:[], 17:[], 18:[], 19:[], 20:[], 21:[], 22:[], 23:[], 24:[], 25:[], 26:[], 27:[], 28:[], 29:[], 30:[], 31:[], 32:[], 33:[], 34:[], 35:[], 36:[], 37:[], 38:[], 39:[], 40:[], 41:[], 42:[], 43:[], 44:[], 45:[], 46:[], 47:[], 48:[], 49:[], 50:[], 51:[], 52:[], 53:[], 54:[], 55:[], 56:[], 57:[], 58:[], 59:[], 60:[], 61:[], 62:[], 63:[], 64:[], 65:[], 66:[], 67:[], 68:[], 69:[], 70:[], 71:[], 72:[], 73:[], 74:[], 75:[], 76:[], 77:[], 78:[], 79:[], 80:[], 81:[], 82:[], 83:[], 84:[], 85:[], 86:[], 87:[], 88:[], 89:[], 90:[], 91:[], 92:[], 93:[], 94:[], 95:[], 96:[], 97:[], 98:[], 99:[], 100:[], 101:[], 102:[], 103:[], 104:[], 105:[], 106:[]",12788101432,14873945675
2579,2,6110.8243,6011648,89478235,713598236,113.0396,false,108,true,true,true,true,true,false,false,"0:[0, 1, 2, 3, 4, 5, 6, 7, 8, 9, 10, 11, 12, 13, 14, 15, 16, 17, 18, 19, 20, 21, 22, 23, 24, 25, 26, 27, 28, 29, 30, 31, 32, 33, 34, 35, 36, 37, 38, 39, 40, 41, 42, 43, 44, 45, 46, 47, 48, 49, 50, 51, 52, 53, 54, 55, 56, 57, 58, 59, 60, 61, 62, 63, 64, 65, 66, 67, 68, 69, 70, 71, 72, 73, 74, 75, 76, 77, 78, 79, 80, 81, 82, 83, 84, 85, 86, 87, 88, 89, 90, 91, 92, 93, 94, 95, 96, 97, 98, 99, 100, 101, 102, 103, 104, 105, 106, 107], 1:[], 2:[], 3:[], 4:[], 5:[], 6:[], 7:[], 8:[], 9:[], 10:[], 11:[], 12:[], 13:[], 14:[], 15:[], 16:[], 17:[], 18:[], 19:[], 20:[], 21:[], 22:[], 23:[], 24:[], 25:[], 26:[], 27:[], 28:[], 29:[], 30:[], 31:[], 32:[], 33:[], 34:[], 35:[], 36:[], 37:[], 38:[], 39:[], 40:[], 41:[], 42:[], 43:[], 44:[], 45:[], 46:[], 47:[], 48:[], 49:[], 50:[], 51:[], 52:[], 53:[], 54:[], 55:[], 56:[], 57:[], 58:[], 59:[], 60:[], 61:[], 62:[], 63:[], 64:[], 65:[], 66:[], 67:[], 68:[], 69:[], 70:[], 71:[], 72:[], 73:[], 74:[], 75:[], 76:[], 77:[], 78:[], 79:[], 80:[], 81:[], 82:[], 83:[], 84:[], 85:[], 86:[], 87:[], 88:[], 89:[], 90:[], 91:[], 92:[], 93:[], 94:[], 95:[], 96:[], 97:[], 98:[], 99:[], 100:[], 101:[], 102:[], 103:[], 104:[], 105:[], 106:[], 107:[]",12973237536,15142997287
2591,7,6001.4368,6095693,90732474,723611698,112.9824,false,107,true,true,true,true,true,false,false,"0:[0, 1, 2, 3, 4, 5, 6, 7, 8, 9, 10, 11, 12, 13, 14, 15, 16, 17, 18, 19, 20, 21, 22, 23, 24, 25, 26, 27, 28, 29, 30, 31, 32, 33, 34, 35, 36, 37, 38, 39, 40, 41, 42, 43, 44, 45, 46, 47, 48, 49, 50, 51, 52, 53, 54, 55, 56, 57, 58, 59, 60, 61, 62, 63, 64, 65, 66, 67, 68, 69, 70, 71, 72, 73, 74, 75, 76, 77, 78, 79, 80, 81, 82, 83, 84, 85, 86, 87, 88, 89, 90, 91, 92, 93, 94, 95, 96, 97, 98, 99, 100, 101, 102, 103, 104, 105, 106], 1:[], 2:[], 3:[], 4:[], 5:[], 6:[], 7:[], 8:[], 9:[], 10:[], 11:[], 12:[], 13:[], 14:[], 15:[], 16:[], 17:[], 18:[], 19:[], 20:[], 21:[], 22:[], 23:[], 24:[], 25:[], 26:[], 27:[], 28:[], 29:[], 30:[], 31:[], 32:[], 33:[], 34:[], 35:[], 36:[], 37:[], 38:[], 39:[], 40:[], 41:[], 42:[], 43:[], 44:[], 45:[], 46:[], 47:[], 48:[], 49:[], 50:[], 51:[], 52:[], 53:[], 54:[], 55:[], 56:[], 57:[], 58:[], 59:[], 60:[], 61:[], 62:[], 63:[], 64:[], 65:[], 66:[], 67:[], 68:[], 69:[], 70:[], 71:[], 72:[], 73:[], 74:[], 75:[], 76:[], 77:[], 78:[], 79:[], 80:[], 81:[], 82:[], 83:[], 84:[], 85:[], 86:[], 87:[], 88:[], 89:[], 90:[], 91:[], 92:[], 93:[], 94:[], 95:[], 96:[], 97:[], 98:[], 99:[], 100:[], 101:[], 102:[], 103:[], 104:[], 105:[], 106:[]",13075593736,15291760490
2593,5,6844.2820,6109776,90943263,725296961,112.5750,false,108,true,true,true,true,true,false,false,"0:[0, 1, 2, 3, 4, 5, 6, 7, 8, 9, 10, 11, 12, 13, 14, 15, 16, 17, 18, 19, 20, 21, 22, 23, 24, 25, 26, 27, 28, 29, 30, 31, 32, 33, 34, 35, 36, 37, 38, 39, 40, 41, 42, 43, 44, 45, 46, 47, 48, 49, 50, 51, 52, 53, 54, 55, 56, 57, 58, 59, 60, 61, 62, 63, 64, 65, 66, 67, 68, 69, 70, 71, 72, 73, 74, 75, 76, 77, 78, 79, 80, 81, 82, 83, 84, 85, 86, 87, 88, 89, 90, 91, 92, 93, 94, 95, 96, 97, 98, 99, 100, 101, 102, 103, 104, 105, 106, 107], 1:[], 2:[], 3:[], 4:[], 5:[], 6:[], 7:[], 8:[], 9:[], 10:[], 11:[], 12:[], 13:[], 14:[], 15:[], 16:[], 17:[], 18:[], 19:[], 20:[], 21:[], 22:[], 23:[], 24:[], 25:[], 26:[], 27:[], 28:[], 29:[], 30:[], 31:[], 32:[], 33:[], 34:[], 35:[], 36:[], 37:[], 38:[], 39:[], 40:[], 41:[], 42:[], 43:[], 44:[], 45:[], 46:[], 47:[], 48:[], 49:[], 50:[], 51:[], 52:[], 53:[], 54:[], 55:[], 56:[], 57:[], 58:[], 59:[], 60:[], 61:[], 62:[], 63:[], 64:[], 65:[], 66:[], 67:[], 68:[], 69:[], 70:[], 71:[], 72:[], 73:[], 74:[], 75:[], 76:[], 77:[], 78:[], 79:[], 80:[], 81:[], 82:[], 83:[], 84:[], 85:[], 86:[], 87:[], 88:[], 89:[], 90:[], 91:[], 92:[], 93:[], 94:[], 95:[], 96:[], 97:[], 98:[], 99:[], 100:[], 101:[], 102:[], 103:[], 104:[], 105:[], 106:[], 107:[]",13092794848,15316781595
2609,3,7621.6277,6223225,92636242,738812592,116.5711,false,109,true,true,true,true,true,false,false,"0:[0, 1, 2, 3, 4, 5, 6, 7, 8, 9, 10, 11, 12, 13, 14, 15, 16, 17, 18, 19, 20, 21, 22, 23, 24, 25, 26, 27, 28, 29, 30, 31, 32, 33, 34, 35, 36, 37, 38, 39, 40, 41, 42, 43, 44, 45, 46, 47, 48, 49, 50, 51, 52, 53, 54, 55, 56, 57, 58, 59, 60, 61, 62, 63, 64, 65, 66, 67, 68, 69, 70, 71, 72, 73, 74, 75, 76, 77, 78, 79, 80, 81, 82, 83, 84, 85, 86, 87, 88, 89, 90, 91, 92, 93, 94, 95, 96, 97, 98, 99, 100, 101, 102, 103, 104, 105, 106, 107, 108], 1:[], 2:[], 3:[], 4:[], 5:[], 6:[], 7:[], 8:[], 9:[], 10:[], 11:[], 12:[], 13:[], 14:[], 15:[], 16:[], 17:[], 18:[], 19:[], 20:[], 21:[], 22:[], 23:[], 24:[], 25:[], 26:[], 27:[], 28:[], 29:[], 30:[], 31:[], 32:[], 33:[], 34:[], 35:[], 36:[], 37:[], 38:[], 39:[], 40:[], 41:[], 42:[], 43:[], 44:[], 45:[], 46:[], 47:[], 48:[], 49:[], 50:[], 51:[], 52:[], 53:[], 54:[], 55:[], 56:[], 57:[], 58:[], 59:[], 60:[], 61:[], 62:[], 63:[], 64:[], 65:[], 66:[], 67:[], 68:[], 69:[], 70:[], 71:[], 72:[], 73:[], 74:[], 75:[], 76:[], 77:[], 78:[], 79:[], 80:[], 81:[], 82:[], 83:[], 84:[], 85:[], 86:[], 87:[], 88:[], 89:[], 90:[], 91:[], 92:[], 93:[], 94:[], 95:[], 96:[], 97:[], 98:[], 99:[], 100:[], 101:[], 102:[], 103:[], 104:[], 105:[], 106:[], 107:[], 108:[]",13230955944,15517581538
2617,5,7951.4830,6280471,93490674,745634732,116.4283,false,109,true,true,true,true,true,false,false,"0:[0, 1, 2, 3, 4, 5, 6, 7, 8, 9, 10, 11, 12, 13, 14, 15, 16, 17, 18, 19, 20, 21, 22, 23, 24, 25, 26, 27, 28, 29, 30, 31, 32, 33, 34, 35, 36, 37, 38, 39, 40, 41, 42, 43, 44, 45, 46, 47, 48, 49, 50, 51, 52, 53, 54, 55, 56, 57, 58, 59, 60, 61, 62, 63, 64, 65, 66, 67, 68, 69, 70, 71, 72, 73, 74, 75, 76, 77, 78, 79, 80, 81, 82, 83, 84, 85, 86, 87, 88, 89, 90, 91, 92, 93, 94, 95, 96, 97, 98, 99, 100, 101, 102, 103, 104, 105, 106, 107, 108], 1:[], 2:[], 3:[], 4:[], 5:[], 6:[], 7:[], 8:[], 9:[], 10:[], 11:[], 12:[], 13:[], 14:[], 15:[], 16:[], 17:[], 18:[], 19:[], 20:[], 21:[], 22:[], 23:[], 24:[], 25:[], 26:[], 27:[], 28:[], 29:[], 30:[], 31:[], 32:[], 33:[], 34:[], 35:[], 36:[], 37:[], 38:[], 39:[], 40:[], 41:[], 42:[], 43:[], 44:[], 45:[], 46:[], 47:[], 48:[], 49:[], 50:[], 51:[], 52:[], 53:[], 54:[], 55:[], 56:[], 57:[], 58:[], 59:[], 60:[], 61:[], 62:[], 63:[], 64:[], 65:[], 66:[], 67:[], 68:[], 69:[], 70:[], 71:[], 72:[], 73:[], 74:[], 75:[], 76:[], 77:[], 78:[], 79:[], 80:[], 81:[], 82:[], 83:[], 84:[], 85:[], 86:[], 87:[], 88:[], 89:[], 90:[], 91:[], 92:[], 93:[], 94:[], 95:[], 96:[], 97:[], 98:[], 99:[], 100:[], 101:[], 102:[], 103:[], 104:[], 105:[], 106:[], 107:[], 108:[]",13300684408,15618925010
2621,2,6726.8762,6309226,93919800,749060693,117.1798,false,109,true,true,true,true,true,false,false,"0:[0, 1, 2, 3, 4, 5, 6, 7, 8, 9, 10, 11, 12, 13, 14, 15, 16, 17, 18, 19, 20, 21, 22, 23, 24, 25, 26, 27, 28, 29, 30, 31, 32, 33, 34, 35, 36, 37, 38, 39, 40, 41, 42, 43, 44, 45, 46, 47, 48, 49, 50, 51, 52, 53, 54, 55, 56, 57, 58, 59, 60, 61, 62, 63, 64, 65, 66, 67, 68, 69, 70, 71, 72, 73, 74, 75, 76, 77, 78, 79, 80, 81, 82, 83, 84, 85, 86, 87, 88, 89, 90, 91, 92, 93, 94, 95, 96, 97, 98, 99, 100, 101, 102, 103, 104, 105, 106, 107, 108], 1:[], 2:[], 3:[], 4:[], 5:[], 6:[], 7:[], 8:[], 9:[], 10:[], 11:[], 12:[], 13:[], 14:[], 15:[], 16:[], 17:[], 18:[], 19:[], 20:[], 21:[], 22:[], 23:[], 24:[], 25:[], 26:[], 27:[], 28:[], 29:[], 30:[], 31:[], 32:[], 33:[], 34:[], 35:[], 36:[], 37:[], 38:[], 39:[], 40:[], 41:[], 42:[], 43:[], 44:[], 45:[], 46:[], 47:[], 48:[], 49:[], 50:[], 51:[], 52:[], 53:[], 54:[], 55:[], 56:[], 57:[], 58:[], 59:[], 60:[], 61:[], 62:[], 63:[], 64:[], 65:[], 66:[], 67:[], 68:[], 69:[], 70:[], 71:[], 72:[], 73:[], 74:[], 75:[], 76:[], 77:[], 78:[], 79:[], 80:[], 81:[], 82:[], 83:[], 84:[], 85:[], 86:[], 87:[], 88:[], 89:[], 90:[], 91:[], 92:[], 93:[], 94:[], 95:[], 96:[], 97:[], 98:[], 99:[], 100:[], 101:[], 102:[], 103:[], 104:[], 105:[], 106:[], 107:[], 108:[]",13335704608,15669822552
2633,3,6714.5748,6396016,95215074,759401838,117.7850,false,109,true,true,true,true,true,false,false,"0:[0, 1, 2, 3, 4, 5, 6, 7, 8, 9, 10, 11, 12, 13, 14, 15, 16, 17, 18, 19, 20, 21, 22, 23, 24, 25, 26, 27, 28, 29, 30, 31, 32, 33, 34, 35, 36, 37, 38, 39, 40, 41, 42, 43, 44, 45, 46, 47, 48, 49, 50, 51, 52, 53, 54, 55, 56, 57, 58, 59, 60, 61, 62, 63, 64, 65, 66, 67, 68, 69, 70, 71, 72, 73, 74, 75, 76, 77, 78, 79, 80, 81, 82, 83, 84, 85, 86, 87, 88, 89, 90, 91, 92, 93, 94, 95, 96, 97, 98, 99, 100, 101, 102, 103, 104, 105, 106, 107, 108], 1:[], 2:[], 3:[], 4:[], 5:[], 6:[], 7:[], 8:[], 9:[], 10:[], 11:[], 12:[], 13:[], 14:[], 15:[], 16:[], 17:[], 18:[], 19:[], 20:[], 21:[], 22:[], 23:[], 24:[], 25:[], 26:[], 27:[], 28:[], 29:[], 30:[], 31:[], 32:[], 33:[], 34:[], 35:[], 36:[], 37:[], 38:[], 39:[], 40:[], 41:[], 42:[], 43:[], 44:[], 45:[], 46:[], 47:[], 48:[], 49:[], 50:[], 51:[], 52:[], 53:[], 54:[], 55:[], 56:[], 57:[], 58:[], 59:[], 60:[], 61:[], 62:[], 63:[], 64:[], 65:[], 66:[], 67:[], 68:[], 69:[], 70:[], 71:[], 72:[], 73:[], 74:[], 75:[], 76:[], 77:[], 78:[], 79:[], 80:[], 81:[], 82:[], 83:[], 84:[], 85:[], 86:[], 87:[], 88:[], 89:[], 90:[], 91:[], 92:[], 93:[], 94:[], 95:[], 96:[], 97:[], 98:[], 99:[], 100:[], 101:[], 102:[], 103:[], 104:[], 105:[], 106:[], 107:[], 108:[]",13441409488,15823452442
2647,3,6390.8674,6498273,96740569,771578596,125.6290,false,111,true,true,true,true,true,false,false,"0:[0, 1, 2, 3, 4, 5, 6, 7, 8, 9, 10, 11, 12, 13, 14, 15, 16, 17, 18, 19, 20, 21, 22, 23, 24, 25, 26, 27, 28, 29, 30, 31, 32, 33, 34, 35, 36, 37, 38, 39, 40, 41, 42, 43, 44, 45, 46, 47, 48, 49, 50, 51, 52, 53, 54, 55, 56, 57, 58, 59, 60, 61, 62, 63, 64, 65, 66, 67, 68, 69, 70, 71, 72, 73, 74, 75, 76, 77, 78, 79, 80, 81, 82, 83, 84, 85, 86, 87, 88, 89, 90, 91, 92, 93, 94, 95, 96, 97, 98, 99, 100, 101, 102, 103, 104, 105, 106, 107, 108, 109, 110], 1:[], 2:[], 3:[], 4:[], 5:[], 6:[], 7:[], 8:[], 9:[], 10:[], 11:[], 12:[], 13:[], 14:[], 15:[], 16:[], 17:[], 18:[], 19:[], 20:[], 21:[], 22:[], 23:[], 24:[], 25:[], 26:[], 27:[], 28:[], 29:[], 30:[], 31:[], 32:[], 33:[], 34:[], 35:[], 36:[], 37:[], 38:[], 39:[], 40:[], 41:[], 42:[], 43:[], 44:[], 45:[], 46:[], 47:[], 48:[], 49:[], 50:[], 51:[], 52:[], 53:[], 54:[], 55:[], 56:[], 57:[], 58:[], 59:[], 60:[], 61:[], 62:[], 63:[], 64:[], 65:[], 66:[], 67:[], 68:[], 69:[], 70:[], 71:[], 72:[], 73:[], 74:[], 75:[], 76:[], 77:[], 78:[], 79:[], 80:[], 81:[], 82:[], 83:[], 84:[], 85:[], 86:[], 87:[], 88:[], 89:[], 90:[], 91:[], 92:[], 93:[], 94:[], 95:[], 96:[], 97:[], 98:[], 99:[], 100:[], 101:[], 102:[], 103:[], 104:[], 105:[], 106:[], 107:[], 108:[], 109:[], 110:[]",13565903256,16004368469
2657,3,7205.8689,6571977,97841249,780368923,123.9468,false,110,true,true,true,true,true,false,false,"0:[0, 1, 2, 3, 4, 5, 6, 7, 8, 9, 10, 11, 12, 13, 14, 15, 16, 17, 18, 19, 20, 21, 22, 23, 24, 25, 26, 27, 28, 29, 30, 31, 32, 33, 34, 35, 36, 37, 38, 39, 40, 41, 42, 43, 44, 45, 46, 47, 48, 49, 50, 51, 52, 53, 54, 55, 56, 57, 58, 59, 60, 61, 62, 63, 64, 65, 66, 67, 68, 69, 70, 71, 72, 73, 74, 75, 76, 77, 78, 79, 80, 81, 82, 83, 84, 85, 86, 87, 88, 89, 90, 91, 92, 93, 94, 95, 96, 97, 98, 99, 100, 101, 102, 103, 104, 105, 106, 107, 108, 109], 1:[], 2:[], 3:[], 4:[], 5:[], 6:[], 7:[], 8:[], 9:[], 10:[], 11:[], 12:[], 13:[], 14:[], 15:[], 16:[], 17:[], 18:[], 19:[], 20:[], 21:[], 22:[], 23:[], 24:[], 25:[], 26:[], 27:[], 28:[], 29:[], 30:[], 31:[], 32:[], 33:[], 34:[], 35:[], 36:[], 37:[], 38:[], 39:[], 40:[], 41:[], 42:[], 43:[], 44:[], 45:[], 46:[], 47:[], 48:[], 49:[], 50:[], 51:[], 52:[], 53:[], 54:[], 55:[], 56:[], 57:[], 58:[], 59:[], 60:[], 61:[], 62:[], 63:[], 64:[], 65:[], 66:[], 67:[], 68:[], 69:[], 70:[], 71:[], 72:[], 73:[], 74:[], 75:[], 76:[], 77:[], 78:[], 79:[], 80:[], 81:[], 82:[], 83:[], 84:[], 85:[], 86:[], 87:[], 88:[], 89:[], 90:[], 91:[], 92:[], 93:[], 94:[], 95:[], 96:[], 97:[], 98:[], 99:[], 100:[], 101:[], 102:[], 103:[], 104:[], 105:[], 106:[], 107:[], 108:[], 109:[]",13655726552,16134937597
2659,2,6005.0268,6586785,98061581,782125347,124.2731,false,111,true,true,true,true,true,false,false,"0:[0, 1, 2, 3, 4, 5, 6, 7, 8, 9, 10, 11, 12, 13, 14, 15, 16, 17, 18, 19, 20, 21, 22, 23, 24, 25, 26, 27, 28, 29, 30, 31, 32, 33, 34, 35, 36, 37, 38, 39, 40, 41, 42, 43, 44, 45, 46, 47, 48, 49, 50, 51, 52, 53, 54, 55, 56, 57, 58, 59, 60, 61, 62, 63, 64, 65, 66, 67, 68, 69, 70, 71, 72, 73, 74, 75, 76, 77, 78, 79, 80, 81, 82, 83, 84, 85, 86, 87, 88, 89, 90, 91, 92, 93, 94, 95, 96, 97, 98, 99, 100, 101, 102, 103, 104, 105, 106, 107, 108, 109, 110], 1:[], 2:[], 3:[], 4:[], 5:[], 6:[], 7:[], 8:[], 9:[], 10:[], 11:[], 12:[], 13:[], 14:[], 15:[], 16:[], 17:[], 18:[], 19:[], 20:[], 21:[], 22:[], 23:[], 24:[], 25:[], 26:[], 27:[], 28:[], 29:[], 30:[], 31:[], 32:[], 33:[], 34:[], 35:[], 36:[], 37:[], 38:[], 39:[], 40:[], 41:[], 42:[], 43:[], 44:[], 45:[], 46:[], 47:[], 48:[], 49:[], 50:[], 51:[], 52:[], 53:[], 54:[], 55:[], 56:[], 57:[], 58:[], 59:[], 60:[], 61:[], 62:[], 63:[], 64:[], 65:[], 66:[], 67:[], 68:[], 69:[], 70:[], 71:[], 72:[], 73:[], 74:[], 75:[], 76:[], 77:[], 78:[], 79:[], 80:[], 81:[], 82:[], 83:[], 84:[], 85:[], 86:[], 87:[], 88:[], 89:[], 90:[], 91:[], 92:[], 93:[], 94:[], 95:[], 96:[], 97:[], 98:[], 99:[], 100:[], 101:[], 102:[], 103:[], 104:[], 105:[], 106:[], 107:[], 108:[], 109:[], 110:[]",13673708504,16161050137
2663,5,6478.9023,6616466,98504555,785661890,127.7929,false,111,true,true,true,true,true,false,false,"0:[0, 1, 2, 3, 4, 5, 6, 7, 8, 9, 10, 11, 12, 13, 14, 15, 16, 17, 18, 19, 20, 21, 22, 23, 24, 25, 26, 27, 28, 29, 30, 31, 32, 33, 34, 35, 36, 37, 38, 39, 40, 41, 42, 43, 44, 45, 46, 47, 48, 49, 50, 51, 52, 53, 54, 55, 56, 57, 58, 59, 60, 61, 62, 63, 64, 65, 66, 67, 68, 69, 70, 71, 72, 73, 74, 75, 76, 77, 78, 79, 80, 81, 82, 83, 84, 85, 86, 87, 88, 89, 90, 91, 92, 93, 94, 95, 96, 97, 98, 99, 100, 101, 102, 103, 104, 105, 106, 107, 108, 109, 110], 1:[], 2:[], 3:[], 4:[], 5:[], 6:[], 7:[], 8:[], 9:[], 10:[], 11:[], 12:[], 13:[], 14:[], 15:[], 16:[], 17:[], 18:[], 19:[], 20:[], 21:[], 22:[], 23:[], 24:[], 25:[], 26:[], 27:[], 28:[], 29:[], 30:[], 31:[], 32:[], 33:[], 34:[], 35:[], 36:[], 37:[], 38:[], 39:[], 40:[], 41:[], 42:[], 43:[], 44:[], 45:[], 46:[], 47:[], 48:[], 49:[], 50:[], 51:[], 52:[], 53:[], 54:[], 55:[], 56:[], 57:[], 58:[], 59:[], 60:[], 61:[], 62:[], 63:[], 64:[], 65:[], 66:[], 67:[], 68:[], 69:[], 70:[], 71:[], 72:[], 73:[], 74:[], 75:[], 76:[], 77:[], 78:[], 79:[], 80:[], 81:[], 82:[], 83:[], 84:[], 85:[], 86:[], 87:[], 88:[], 89:[], 90:[], 91:[], 92:[], 93:[], 94:[], 95:[], 96:[], 97:[], 98:[], 99:[], 100:[], 101:[], 102:[], 103:[], 104:[], 105:[], 106:[], 107:[], 108:[], 109:[], 110:[]",13709858768,16213590055
2671,3,6814.8584,6676096,99394536,792767333,138.7747,false,111,true,true,true,true,true,false,false,"0:[0, 1, 2, 3, 4, 5, 6, 7, 8, 9, 10, 11, 12, 13, 14, 15, 16, 17, 18, 19, 20, 21, 22, 23, 24, 25, 26, 27, 28, 29, 30, 31, 32, 33, 34, 35, 36, 37, 38, 39, 40, 41, 42, 43, 44, 45, 46, 47, 48, 49, 50, 51, 52, 53, 54, 55, 56, 57, 58, 59, 60, 61, 62, 63, 64, 65, 66, 67, 68, 69, 70, 71, 72, 73, 74, 75, 76, 77, 78, 79, 80, 81, 82, 83, 84, 85, 86, 87, 88, 89, 90, 91, 92, 93, 94, 95, 96, 97, 98, 99, 100, 101, 102, 103, 104, 105, 106, 107, 108, 109, 110], 1:[], 2:[], 3:[], 4:[], 5:[], 6:[], 7:[], 8:[], 9:[], 10:[], 11:[], 12:[], 13:[], 14:[], 15:[], 16:[], 17:[], 18:[], 19:[], 20:[], 21:[], 22:[], 23:[], 24:[], 25:[], 26:[], 27:[], 28:[], 29:[], 30:[], 31:[], 32:[], 33:[], 34:[], 35:[], 36:[], 37:[], 38:[], 39:[], 40:[], 41:[], 42:[], 43:[], 44:[], 45:[], 46:[], 47:[], 48:[], 49:[], 50:[], 51:[], 52:[], 53:[], 54:[], 55:[], 56:[], 57:[], 58:[], 59:[], 60:[], 61:[], 62:[], 63:[], 64:[], 65:[], 66:[], 67:[], 68:[], 69:[], 70:[], 71:[], 72:[], 73:[], 74:[], 75:[], 76:[], 77:[], 78:[], 79:[], 80:[], 81:[], 82:[], 83:[], 84:[], 85:[], 86:[], 87:[], 88:[], 89:[], 90:[], 91:[], 92:[], 93:[], 94:[], 95:[], 96:[], 97:[], 98:[], 99:[], 100:[], 101:[], 102:[], 103:[], 104:[], 105:[], 106:[], 107:[], 108:[], 109:[], 110:[]",13782488368,16319149048
2677,2,6383.8359,6721053,100066239,798133152,130.7378,false,112,true,true,true,true,true,false,false,"0:[0, 1, 2, 3, 4, 5, 6, 7, 8, 9, 10, 11, 12, 13, 14, 15, 16, 17, 18, 19, 20, 21, 22, 23, 24, 25, 26, 27, 28, 29, 30, 31, 32, 33, 34, 35, 36, 37, 38, 39, 40, 41, 42, 43, 44, 45, 46, 47, 48, 49, 50, 51, 52, 53, 54, 55, 56, 57, 58, 59, 60, 61, 62, 63, 64, 65, 66, 67, 68, 69, 70, 71, 72, 73, 74, 75, 76, 77, 78, 79, 80, 81, 82, 83, 84, 85, 86, 87, 88, 89, 90, 91, 92, 93, 94, 95, 96, 97, 98, 99, 100, 101, 102, 103, 104, 105, 106, 107, 108, 109, 110, 111], 1:[], 2:[], 3:[], 4:[], 5:[], 6:[], 7:[], 8:[], 9:[], 10:[], 11:[], 12:[], 13:[], 14:[], 15:[], 16:[], 17:[], 18:[], 19:[], 20:[], 21:[], 22:[], 23:[], 24:[], 25:[], 26:[], 27:[], 28:[], 29:[], 30:[], 31:[], 32:[], 33:[], 34:[], 35:[], 36:[], 37:[], 38:[], 39:[], 40:[], 41:[], 42:[], 43:[], 44:[], 45:[], 46:[], 47:[], 48:[], 49:[], 50:[], 51:[], 52:[], 53:[], 54:[], 55:[], 56:[], 57:[], 58:[], 59:[], 60:[], 61:[], 62:[], 63:[], 64:[], 65:[], 66:[], 67:[], 68:[], 69:[], 70:[], 71:[], 72:[], 73:[], 74:[], 75:[], 76:[], 77:[], 78:[], 79:[], 80:[], 81:[], 82:[], 83:[], 84:[], 85:[], 86:[], 87:[], 88:[], 89:[], 90:[], 91:[], 92:[], 93:[], 94:[], 95:[], 96:[], 97:[], 98:[], 99:[], 100:[], 101:[], 102:[], 103:[], 104:[], 105:[], 106:[], 107:[], 108:[], 109:[], 110:[], 111:[]",13837303576,16398838483
2683,2,6227.8683,6766211,100739629,803507159,139.7423,false,111,true,true,true,true,true,false,false,"0:[0, 1, 2, 3, 4, 5, 6, 7, 8, 9, 10, 11, 12, 13, 14, 15, 16, 17, 18, 19, 20, 21, 22, 23, 24, 25, 26, 27, 28, 29, 30, 31, 32, 33, 34, 35, 36, 37, 38, 39, 40, 41, 42, 43, 44, 45, 46, 47, 48, 49, 50, 51, 52, 53, 54, 55, 56, 57, 58, 59, 60, 61, 62, 63, 64, 65, 66, 67, 68, 69, 70, 71, 72, 73, 74, 75, 76, 77, 78, 79, 80, 81, 82, 83, 84, 85, 86, 87, 88, 89, 90, 91, 92, 93, 94, 95, 96, 97, 98, 99, 100, 101, 102, 103, 104, 105, 106, 107, 108, 109, 110], 1:[], 2:[], 3:[], 4:[], 5:[], 6:[], 7:[], 8:[], 9:[], 10:[], 11:[], 12:[], 13:[], 14:[], 15:[], 16:[], 17:[], 18:[], 19:[], 20:[], 21:[], 22:[], 23:[], 24:[], 25:[], 26:[], 27:[], 28:[], 29:[], 30:[], 31:[], 32:[], 33:[], 34:[], 35:[], 36:[], 37:[], 38:[], 39:[], 40:[], 41:[], 42:[], 43:[], 44:[], 45:[], 46:[], 47:[], 48:[], 49:[], 50:[], 51:[], 52:[], 53:[], 54:[], 55:[], 56:[], 57:[], 58:[], 59:[], 60:[], 61:[], 62:[], 63:[], 64:[], 65:[], 66:[], 67:[], 68:[], 69:[], 70:[], 71:[], 72:[], 73:[], 74:[], 75:[], 76:[], 77:[], 78:[], 79:[], 80:[], 81:[], 82:[], 83:[], 84:[], 85:[], 86:[], 87:[], 88:[], 89:[], 90:[], 91:[], 92:[], 93:[], 94:[], 95:[], 96:[], 97:[], 98:[], 99:[], 100:[], 101:[], 102:[], 103:[], 104:[], 105:[], 106:[], 107:[], 108:[], 109:[], 110:[]",13892258568,16478687753
2687,5,7801.8084,6796429,101190548,807106650,126.6836,false,112,true,true,true,true,true,false,false,"0:[0, 1, 2, 3, 4, 5, 6, 7, 8, 9, 10, 11, 12, 13, 14, 15, 16, 17, 18, 19, 20, 21, 22, 23, 24, 25, 26, 27, 28, 29, 30, 31, 32, 33, 34, 35, 36, 37, 38, 39, 40, 41, 42, 43, 44, 45, 46, 47, 48, 49, 50, 51, 52, 53, 54, 55, 56, 57, 58, 59, 60, 61, 62, 63, 64, 65, 66, 67, 68, 69, 70, 71, 72, 73, 74, 75, 76, 77, 78, 79, 80, 81, 82, 83, 84, 85, 86, 87, 88, 89, 90, 91, 92, 93, 94, 95, 96, 97, 98, 99, 100, 101, 102, 103, 104, 105, 106, 107, 108, 109, 110, 111], 1:[], 2:[], 3:[], 4:[], 5:[], 6:[], 7:[], 8:[], 9:[], 10:[], 11:[], 12:[], 13:[], 14:[], 15:[], 16:[], 17:[], 18:[], 19:[], 20:[], 21:[], 22:[], 23:[], 24:[], 25:[], 26:[], 27:[], 28:[], 29:[], 30:[], 31:[], 32:[], 33:[], 34:[], 35:[], 36:[], 37:[], 38:[], 39:[], 40:[], 41:[], 42:[], 43:[], 44:[], 45:[], 46:[], 47:[], 48:[], 49:[], 50:[], 51:[], 52:[], 53:[], 54:[], 55:[], 56:[], 57:[], 58:[], 59:[], 60:[], 61:[], 62:[], 63:[], 64:[], 65:[], 66:[], 67:[], 68:[], 69:[], 70:[], 71:[], 72:[], 73:[], 74:[], 75:[], 76:[], 77:[], 78:[], 79:[], 80:[], 81:[], 82:[], 83:[], 84:[], 85:[], 86:[], 87:[], 88:[], 89:[], 90:[], 91:[], 92:[], 93:[], 94:[], 95:[], 96:[], 97:[], 98:[], 99:[], 100:[], 101:[], 102:[], 103:[], 104:[], 105:[], 106:[], 107:[], 108:[], 109:[], 110:[], 111:[]",13929057320,16532169036
2689,13,8835.5807,6811572,101417301,808920148,159.7490,false,113,true,true,true,true,true,false,false,"0:[0, 1, 2, 3, 4, 5, 6, 7, 8, 9, 10, 11, 12, 13, 14, 15, 16, 17, 18, 19, 20, 21, 22, 23, 24, 25, 26, 27, 28, 29, 30, 31, 32, 33, 34, 35, 36, 37, 38, 39, 40, 41, 42, 43, 44, 45, 46, 47, 48, 49, 50, 51, 52, 53, 54, 55, 56, 57, 58, 59, 60, 61, 62, 63, 64, 65, 66, 67, 68, 69, 70, 71, 72, 73, 74, 75, 76, 77, 78, 79, 80, 81, 82, 83, 84, 85, 86, 87, 88, 89, 90, 91, 92, 93, 94, 95, 96, 97, 98, 99, 100, 101, 102, 103, 104, 105, 106, 107, 108, 109, 110, 111, 112], 1:[], 2:[], 3:[], 4:[], 5:[], 6:[], 7:[], 8:[], 9:[], 10:[], 11:[], 12:[], 13:[], 14:[], 15:[], 16:[], 17:[], 18:[], 19:[], 20:[], 21:[], 22:[], 23:[], 24:[], 25:[], 26:[], 27:[], 28:[], 29:[], 30:[], 31:[], 32:[], 33:[], 34:[], 35:[], 36:[], 37:[], 38:[], 39:[], 40:[], 41:[], 42:[], 43:[], 44:[], 45:[], 46:[], 47:[], 48:[], 49:[], 50:[], 51:[], 52:[], 53:[], 54:[], 55:[], 56:[], 57:[], 58:[], 59:[], 60:[], 61:[], 62:[], 63:[], 64:[], 65:[], 66:[], 67:[], 68:[], 69:[], 70:[], 71:[], 72:[], 73:[], 74:[], 75:[], 76:[], 77:[], 78:[], 79:[], 80:[], 81:[], 82:[], 83:[], 84:[], 85:[], 86:[], 87:[], 88:[], 89:[], 90:[], 91:[], 92:[], 93:[], 94:[], 95:[], 96:[], 97:[], 98:[], 99:[], 100:[], 101:[], 102:[], 103:[], 104:[], 105:[], 106:[], 107:[], 108:[], 109:[], 110:[], 111:[], 112:[]",13947560992,16559085001
2693,2,6417.2452,6841924,101870365,812537667,129.0386,false,113,true,true,true,true,true,false,false,"0:[0, 1, 2, 3, 4, 5, 6, 7, 8, 9, 10, 11, 12, 13, 14, 15, 16, 17, 18, 19, 20, 21, 22, 23, 24, 25, 26, 27, 28, 29, 30, 31, 32, 33, 34, 35, 36, 37, 38, 39, 40, 41, 42, 43, 44, 45, 46, 47, 48, 49, 50, 51, 52, 53, 54, 55, 56, 57, 58, 59, 60, 61, 62, 63, 64, 65, 66, 67, 68, 69, 70, 71, 72, 73, 74, 75, 76, 77, 78, 79, 80, 81, 82, 83, 84, 85, 86, 87, 88, 89, 90, 91, 92, 93, 94, 95, 96, 97, 98, 99, 100, 101, 102, 103, 104, 105, 106, 107, 108, 109, 110, 111, 112], 1:[], 2:[], 3:[], 4:[], 5:[], 6:[], 7:[], 8:[], 9:[], 10:[], 11:[], 12:[], 13:[], 14:[], 15:[], 16:[], 17:[], 18:[], 19:[], 20:[], 21:[], 22:[], 23:[], 24:[], 25:[], 26:[], 27:[], 28:[], 29:[], 30:[], 31:[], 32:[], 33:[], 34:[], 35:[], 36:[], 37:[], 38:[], 39:[], 40:[], 41:[], 42:[], 43:[], 44:[], 45:[], 46:[], 47:[], 48:[], 49:[], 50:[], 51:[], 52:[], 53:[], 54:[], 55:[], 56:[], 57:[], 58:[], 59:[], 60:[], 61:[], 62:[], 63:[], 64:[], 65:[], 66:[], 67:[], 68:[], 69:[], 70:[], 71:[], 72:[], 73:[], 74:[], 75:[], 76:[], 77:[], 78:[], 79:[], 80:[], 81:[], 82:[], 83:[], 84:[], 85:[], 86:[], 87:[], 88:[], 89:[], 90:[], 91:[], 92:[], 93:[], 94:[], 95:[], 96:[], 97:[], 98:[], 99:[], 100:[], 101:[], 102:[], 103:[], 104:[], 105:[], 106:[], 107:[], 108:[], 109:[], 110:[], 111:[], 112:[]",13984534560,16612822001
2699,2,6333.4531,6887622,102551746,817975005,132.0258,false,113,true,true,true,true,true,false,false,"0:[0, 1, 2, 3, 4, 5, 6, 7, 8, 9, 10, 11, 12, 13, 14, 15, 16, 17, 18, 19, 20, 21, 22, 23, 24, 25, 26, 27, 28, 29, 30, 31, 32, 33, 34, 35, 36, 37, 38, 39, 40, 41, 42, 43, 44, 45, 46, 47, 48, 49, 50, 51, 52, 53, 54, 55, 56, 57, 58, 59, 60, 61, 62, 63, 64, 65, 66, 67, 68, 69, 70, 71, 72, 73, 74, 75, 76, 77, 78, 79, 80, 81, 82, 83, 84, 85, 86, 87, 88, 89, 90, 91, 92, 93, 94, 95, 96, 97, 98, 99, 100, 101, 102, 103, 104, 105, 106, 107, 108, 109, 110, 111, 112], 1:[], 2:[], 3:[], 4:[], 5:[], 6:[], 7:[], 8:[], 9:[], 10:[], 11:[], 12:[], 13:[], 14:[], 15:[], 16:[], 17:[], 18:[], 19:[], 20:[], 21:[], 22:[], 23:[], 24:[], 25:[], 26:[], 27:[], 28:[], 29:[], 30:[], 31:[], 32:[], 33:[], 34:[], 35:[], 36:[], 37:[], 38:[], 39:[], 40:[], 41:[], 42:[], 43:[], 44:[], 45:[], 46:[], 47:[], 48:[], 49:[], 50:[], 51:[], 52:[], 53:[], 54:[], 55:[], 56:[], 57:[], 58:[], 59:[], 60:[], 61:[], 62:[], 63:[], 64:[], 65:[], 66:[], 67:[], 68:[], 69:[], 70:[], 71:[], 72:[], 73:[], 74:[], 75:[], 76:[], 77:[], 78:[], 79:[], 80:[], 81:[], 82:[], 83:[], 84:[], 85:[], 86:[], 87:[], 88:[], 89:[], 90:[], 91:[], 92:[], 93:[], 94:[], 95:[], 96:[], 97:[], 98:[], 99:[], 100:[], 101:[], 102:[], 103:[], 104:[], 105:[], 106:[], 107:[], 108:[], 109:[], 110:[], 111:[], 112:[]",14040141792,16693618058
2707,2,6401.6589,6948867,103465895,825273629,140.1063,false,112,true,true,true,true,true,false,false,"0:[0, 1, 2, 3, 4, 5, 6, 7, 8, 9, 10, 11, 12, 13, 14, 15, 16, 17, 18, 19, 20, 21, 22, 23, 24, 25, 26, 27, 28, 29, 30, 31, 32, 33, 34, 35, 36, 37, 38, 39, 40, 41, 42, 43, 44, 45, 46, 47, 48, 49, 50, 51, 52, 53, 54, 55, 56, 57, 58, 59, 60, 61, 62, 63, 64, 65, 66, 67, 68, 69, 70, 71, 72, 73, 74, 75, 76, 77, 78, 79, 80, 81, 82, 83, 84, 85, 86, 87, 88, 89, 90, 91, 92, 93, 94, 95, 96, 97, 98, 99, 100, 101, 102, 103, 104, 105, 106, 107, 108, 109, 110, 111], 1:[], 2:[], 3:[], 4:[], 5:[], 6:[], 7:[], 8:[], 9:[], 10:[], 11:[], 12:[], 13:[], 14:[], 15:[], 16:[], 17:[], 18:[], 19:[], 20:[], 21:[], 22:[], 23:[], 24:[], 25:[], 26:[], 27:[], 28:[], 29:[], 30:[], 31:[], 32:[], 33:[], 34:[], 35:[], 36:[], 37:[], 38:[], 39:[], 40:[], 41:[], 42:[], 43:[], 44:[], 45:[], 46:[], 47:[], 48:[], 49:[], 50:[], 51:[], 52:[], 53:[], 54:[], 55:[], 56:[], 57:[], 58:[], 59:[], 60:[], 61:[], 62:[], 63:[], 64:[], 65:[], 66:[], 67:[], 68:[], 69:[], 70:[], 71:[], 72:[], 73:[], 74:[], 75:[], 76:[], 77:[], 78:[], 79:[], 80:[], 81:[], 82:[], 83:[], 84:[], 85:[], 86:[], 87:[], 88:[], 89:[], 90:[], 91:[], 92:[], 93:[], 94:[], 95:[], 96:[], 97:[], 98:[], 99:[], 100:[], 101:[], 102:[], 103:[], 104:[], 105:[], 106:[], 107:[], 108:[], 109:[], 110:[], 111:[]",14114743592,16802042955
2711,7,7838.7295,6979626,103925023,828939482,132.0757,false,112,true,true,true,true,true,false,false,"0:[0, 1, 2, 3, 4, 5, 6, 7, 8, 9, 10, 11, 12, 13, 14, 15, 16, 17, 18, 19, 20, 21, 22, 23, 24, 25, 26, 27, 28, 29, 30, 31, 32, 33, 34, 35, 36, 37, 38, 39, 40, 41, 42, 43, 44, 45, 46, 47, 48, 49, 50, 51, 52, 53, 54, 55, 56, 57, 58, 59, 60, 61, 62, 63, 64, 65, 66, 67, 68, 69, 70, 71, 72, 73, 74, 75, 76, 77, 78, 79, 80, 81, 82, 83, 84, 85, 86, 87, 88, 89, 90, 91, 92, 93, 94, 95, 96, 97, 98, 99, 100, 101, 102, 103, 104, 105, 106, 107, 108, 109, 110, 111], 1:[], 2:[], 3:[], 4:[], 5:[], 6:[], 7:[], 8:[], 9:[], 10:[], 11:[], 12:[], 13:[], 14:[], 15:[], 16:[], 17:[], 18:[], 19:[], 20:[], 21:[], 22:[], 23:[], 24:[], 25:[], 26:[], 27:[], 28:[], 29:[], 30:[], 31:[], 32:[], 33:[], 34:[], 35:[], 36:[], 37:[], 38:[], 39:[], 40:[], 41:[], 42:[], 43:[], 44:[], 45:[], 46:[], 47:[], 48:[], 49:[], 50:[], 51:[], 52:[], 53:[], 54:[], 55:[], 56:[], 57:[], 58:[], 59:[], 60:[], 61:[], 62:[], 63:[], 64:[], 65:[], 66:[], 67:[], 68:[], 69:[], 70:[], 71:[], 72:[], 73:[], 74:[], 75:[], 76:[], 77:[], 78:[], 79:[], 80:[], 81:[], 82:[], 83:[], 84:[], 85:[], 86:[], 87:[], 88:[], 89:[], 90:[], 91:[], 92:[], 93:[], 94:[], 95:[], 96:[], 97:[], 98:[], 99:[], 100:[], 101:[], 102:[], 103:[], 104:[], 105:[], 106:[], 107:[], 108:[], 109:[], 110:[], 111:[]",14152212048,16856499115
2713,5,7982.9465,6995039,104155801,830784987,129.8402,false,113,true,true,true,true,true,false,false,"0:[0, 1, 2, 3, 4, 5, 6, 7, 8, 9, 10, 11, 12, 13, 14, 15, 16, 17, 18, 19, 20, 21, 22, 23, 24, 25, 26, 27, 28, 29, 30, 31, 32, 33, 34, 35, 36, 37, 38, 39, 40, 41, 42, 43, 44, 45, 46, 47, 48, 49, 50, 51, 52, 53, 54, 55, 56, 57, 58, 59, 60, 61, 62, 63, 64, 65, 66, 67, 68, 69, 70, 71, 72, 73, 74, 75, 76, 77, 78, 79, 80, 81, 82, 83, 84, 85, 86, 87, 88, 89, 90, 91, 92, 93, 94, 95, 96, 97, 98, 99, 100, 101, 102, 103, 104, 105, 106, 107, 108, 109, 110, 111, 112], 1:[], 2:[], 3:[], 4:[], 5:[], 6:[], 7:[], 8:[], 9:[], 10:[], 11:[], 12:[], 13:[], 14:[], 15:[], 16:[], 17:[], 18:[], 19:[], 20:[], 21:[], 22:[], 23:[], 24:[], 25:[], 26:[], 27:[], 28:[], 29:[], 30:[], 31:[], 32:[], 33:[], 34:[], 35:[], 36:[], 37:[], 38:[], 39:[], 40:[], 41:[], 42:[], 43:[], 44:[], 45:[], 46:[], 47:[], 48:[], 49:[], 50:[], 51:[], 52:[], 53:[], 54:[], 55:[], 56:[], 57:[], 58:[], 59:[], 60:[], 61:[], 62:[], 63:[], 64:[], 65:[], 66:[], 67:[], 68:[], 69:[], 70:[], 71:[], 72:[], 73:[], 74:[], 75:[], 76:[], 77:[], 78:[], 79:[], 80:[], 81:[], 82:[], 83:[], 84:[], 85:[], 86:[], 87:[], 88:[], 89:[], 90:[], 91:[], 92:[], 93:[], 94:[], 95:[], 96:[], 97:[], 98:[], 99:[], 100:[], 101:[], 102:[], 103:[], 104:[], 105:[], 106:[], 107:[], 108:[], 109:[], 110:[], 111:[], 112:[]",14171044200,16883892293
2719,3,7080.9824,7041416,104847350,836303731,132.5637,false,113,true,true,true,true,true,false,false,"0:[0, 1, 2, 3, 4, 5, 6, 7, 8, 9, 10, 11, 12, 13, 14, 15, 16, 17, 18, 19, 20, 21, 22, 23, 24, 25, 26, 27, 28, 29, 30, 31, 32, 33, 34, 35, 36, 37, 38, 39, 40, 41, 42, 43, 44, 45, 46, 47, 48, 49, 50, 51, 52, 53, 54, 55, 56, 57, 58, 59, 60, 61, 62, 63, 64, 65, 66, 67, 68, 69, 70, 71, 72, 73, 74, 75, 76, 77, 78, 79, 80, 81, 82, 83, 84, 85, 86, 87, 88, 89, 90, 91, 92, 93, 94, 95, 96, 97, 98, 99, 100, 101, 102, 103, 104, 105, 106, 107, 108, 109, 110, 111, 112], 1:[], 2:[], 3:[], 4:[], 5:[], 6:[], 7:[], 8:[], 9:[], 10:[], 11:[], 12:[], 13:[], 14:[], 15:[], 16:[], 17:[], 18:[], 19:[], 20:[], 21:[], 22:[], 23:[], 24:[], 25:[], 26:[], 27:[], 28:[], 29:[], 30:[], 31:[], 32:[], 33:[], 34:[], 35:[], 36:[], 37:[], 38:[], 39:[], 40:[], 41:[], 42:[], 43:[], 44:[], 45:[], 46:[], 47:[], 48:[], 49:[], 50:[], 51:[], 52:[], 53:[], 54:[], 55:[], 56:[], 57:[], 58:[], 59:[], 60:[], 61:[], 62:[], 63:[], 64:[], 65:[], 66:[], 67:[], 68:[], 69:[], 70:[], 71:[], 72:[], 73:[], 74:[], 75:[], 76:[], 77:[], 78:[], 79:[], 80:[], 81:[], 82:[], 83:[], 84:[], 85:[], 86:[], 87:[], 88:[], 89:[], 90:[], 91:[], 92:[], 93:[], 94:[], 95:[], 96:[], 97:[], 98:[], 99:[], 100:[], 101:[], 102:[], 103:[], 104:[], 105:[], 106:[], 107:[], 108:[], 109:[], 110:[], 111:[], 112:[]",14227481168,16965894366
2729,3,7825.5324,7119164,106008487,845576823,159.3294,false,114,true,true,true,true,true,false,false,"0:[0, 1, 2, 3, 4, 5, 6, 7, 8, 9, 10, 11, 12, 13, 14, 15, 16, 17, 18, 19, 20, 21, 22, 23, 24, 25, 26, 27, 28, 29, 30, 31, 32, 33, 34, 35, 36, 37, 38, 39, 40, 41, 42, 43, 44, 45, 46, 47, 48, 49, 50, 51, 52, 53, 54, 55, 56, 57, 58, 59, 60, 61, 62, 63, 64, 65, 66, 67, 68, 69, 70, 71, 72, 73, 74, 75, 76, 77, 78, 79, 80, 81, 82, 83, 84, 85, 86, 87, 88, 89, 90, 91, 92, 93, 94, 95, 96, 97, 98, 99, 100, 101, 102, 103, 104, 105, 106, 107, 108, 109, 110, 111, 112, 113], 1:[], 2:[], 3:[], 4:[], 5:[], 6:[], 7:[], 8:[], 9:[], 10:[], 11:[], 12:[], 13:[], 14:[], 15:[], 16:[], 17:[], 18:[], 19:[], 20:[], 21:[], 22:[], 23:[], 24:[], 25:[], 26:[], 27:[], 28:[], 29:[], 30:[], 31:[], 32:[], 33:[], 34:[], 35:[], 36:[], 37:[], 38:[], 39:[], 40:[], 41:[], 42:[], 43:[], 44:[], 45:[], 46:[], 47:[], 48:[], 49:[], 50:[], 51:[], 52:[], 53:[], 54:[], 55:[], 56:[], 57:[], 58:[], 59:[], 60:[], 61:[], 62:[], 63:[], 64:[], 65:[], 66:[], 67:[], 68:[], 69:[], 70:[], 71:[], 72:[], 73:[], 74:[], 75:[], 76:[], 77:[], 78:[], 79:[], 80:[], 81:[], 82:[], 83:[], 84:[], 85:[], 86:[], 87:[], 88:[], 89:[], 90:[], 91:[], 92:[], 93:[], 94:[], 95:[], 96:[], 97:[], 98:[], 99:[], 100:[], 101:[], 102:[], 103:[], 104:[], 105:[], 106:[], 107:[], 108:[], 109:[], 110:[], 111:[], 112:[], 113:[]",14322238080,17103633955
2731,2,6559.1333,7134781,106241033,847431476,135.7438,false,114,true,true,true,true,true,false,false,"0:[0, 1, 2, 3, 4, 5, 6, 7, 8, 9, 10, 11, 12, 13, 14, 15, 16, 17, 18, 19, 20, 21, 22, 23, 24, 25, 26, 27, 28, 29, 30, 31, 32, 33, 34, 35, 36, 37, 38, 39, 40, 41, 42, 43, 44, 45, 46, 47, 48, 49, 50, 51, 52, 53, 54, 55, 56, 57, 58, 59, 60, 61, 62, 63, 64, 65, 66, 67, 68, 69, 70, 71, 72, 73, 74, 75, 76, 77, 78, 79, 80, 81, 82, 83, 84, 85, 86, 87, 88, 89, 90, 91, 92, 93, 94, 95, 96, 97, 98, 99, 100, 101, 102, 103, 104, 105, 106, 107, 108, 109, 110, 111, 112, 113], 1:[], 2:[], 3:[], 4:[], 5:[], 6:[], 7:[], 8:[], 9:[], 10:[], 11:[], 12:[], 13:[], 14:[], 15:[], 16:[], 17:[], 18:[], 19:[], 20:[], 21:[], 22:[], 23:[], 24:[], 25:[], 26:[], 27:[], 28:[], 29:[], 30:[], 31:[], 32:[], 33:[], 34:[], 35:[], 36:[], 37:[], 38:[], 39:[], 40:[], 41:[], 42:[], 43:[], 44:[], 45:[], 46:[], 47:[], 48:[], 49:[], 50:[], 51:[], 52:[], 53:[], 54:[], 55:[], 56:[], 57:[], 58:[], 59:[], 60:[], 61:[], 62:[], 63:[], 64:[], 65:[], 66:[], 67:[], 68:[], 69:[], 70:[], 71:[], 72:[], 73:[], 74:[], 75:[], 76:[], 77:[], 78:[], 79:[], 80:[], 81:[], 82:[], 83:[], 84:[], 85:[], 86:[], 87:[], 88:[], 89:[], 90:[], 91:[], 92:[], 93:[], 94:[], 95:[], 96:[], 97:[], 98:[], 99:[], 100:[], 101:[], 102:[], 103:[], 104:[], 105:[], 106:[], 107:[], 108:[], 109:[], 110:[], 111:[], 112:[], 113:[]",14341216568,17131195909
2741,2,6817.7636,7213214,107412465,856787202,138.4550,false,114,true,true,true,true,true,false,false,"0:[0, 1, 2, 3, 4, 5, 6, 7, 8, 9, 10, 11, 12, 13, 14, 15, 16, 17, 18, 19, 20, 21, 22, 23, 24, 25, 26, 27, 28, 29, 30, 31, 32, 33, 34, 35, 36, 37, 38, 39, 40, 41, 42, 43, 44, 45, 46, 47, 48, 49, 50, 51, 52, 53, 54, 55, 56, 57, 58, 59, 60, 61, 62, 63, 64, 65, 66, 67, 68, 69, 70, 71, 72, 73, 74, 75, 76, 77, 78, 79, 80, 81, 82, 83, 84, 85, 86, 87, 88, 89, 90, 91, 92, 93, 94, 95, 96, 97, 98, 99, 100, 101, 102, 103, 104, 105, 106, 107, 108, 109, 110, 111, 112, 113], 1:[], 2:[], 3:[], 4:[], 5:[], 6:[], 7:[], 8:[], 9:[], 10:[], 11:[], 12:[], 13:[], 14:[], 15:[], 16:[], 17:[], 18:[], 19:[], 20:[], 21:[], 22:[], 23:[], 24:[], 25:[], 26:[], 27:[], 28:[], 29:[], 30:[], 31:[], 32:[], 33:[], 34:[], 35:[], 36:[], 37:[], 38:[], 39:[], 40:[], 41:[], 42:[], 43:[], 44:[], 45:[], 46:[], 47:[], 48:[], 49:[], 50:[], 51:[], 52:[], 53:[], 54:[], 55:[], 56:[], 57:[], 58:[], 59:[], 60:[], 61:[], 62:[], 63:[], 64:[], 65:[], 66:[], 67:[], 68:[], 69:[], 70:[], 71:[], 72:[], 73:[], 74:[], 75:[], 76:[], 77:[], 78:[], 79:[], 80:[], 81:[], 82:[], 83:[], 84:[], 85:[], 86:[], 87:[], 88:[], 89:[], 90:[], 91:[], 92:[], 93:[], 94:[], 95:[], 96:[], 97:[], 98:[], 99:[], 100:[], 101:[], 102:[], 103:[], 104:[], 105:[], 106:[], 107:[], 108:[], 109:[], 110:[], 111:[], 112:[], 113:[]",14436813520,17270157189
2749,2,7777.2354,7276373,108355266,864315037,152.1194,false,114,true,true,true,true,true,false,false,"0:[0, 1, 2, 3, 4, 5, 6, 7, 8, 9, 10, 11, 12, 13, 14, 15, 16, 17, 18, 19, 20, 21, 22, 23, 24, 25, 26, 27, 28, 29, 30, 31, 32, 33, 34, 35, 36, 37, 38, 39, 40, 41, 42, 43, 44, 45, 46, 47, 48, 49, 50, 51, 52, 53, 54, 55, 56, 57, 58, 59, 60, 61, 62, 63, 64, 65, 66, 67, 68, 69, 70, 71, 72, 73, 74, 75, 76, 77, 78, 79, 80, 81, 82, 83, 84, 85, 86, 87, 88, 89, 90, 91, 92, 93, 94, 95, 96, 97, 98, 99, 100, 101, 102, 103, 104, 105, 106, 107, 108, 109, 110, 111, 112, 113], 1:[], 2:[], 3:[], 4:[], 5:[], 6:[], 7:[], 8:[], 9:[], 10:[], 11:[], 12:[], 13:[], 14:[], 15:[], 16:[], 17:[], 18:[], 19:[], 20:[], 21:[], 22:[], 23:[], 24:[], 25:[], 26:[], 27:[], 28:[], 29:[], 30:[], 31:[], 32:[], 33:[], 34:[], 35:[], 36:[], 37:[], 38:[], 39:[], 40:[], 41:[], 42:[], 43:[], 44:[], 45:[], 46:[], 47:[], 48:[], 49:[], 50:[], 51:[], 52:[], 53:[], 54:[], 55:[], 56:[], 57:[], 58:[], 59:[], 60:[], 61:[], 62:[], 63:[], 64:[], 65:[], 66:[], 67:[], 68:[], 69:[], 70:[], 71:[], 72:[], 73:[], 74:[], 75:[], 76:[], 77:[], 78:[], 79:[], 80:[], 81:[], 82:[], 83:[], 84:[], 85:[], 86:[], 87:[], 88:[], 89:[], 90:[], 91:[], 92:[], 93:[], 94:[], 95:[], 96:[], 97:[], 98:[], 99:[], 100:[], 101:[], 102:[], 103:[], 104:[], 105:[], 106:[], 107:[], 108:[], 109:[], 110:[], 111:[], 112:[], 113:[]",14513753416,17381980498
2753,3,8042.2560,7308089,108828681,868094717,142.0054,false,114,true,true,true,true,true,false,false,"0:[0, 1, 2, 3, 4, 5, 6, 7, 8, 9, 10, 11, 12, 13, 14, 15, 16, 17, 18, 19, 20, 21, 22, 23, 24, 25, 26, 27, 28, 29, 30, 31, 32, 33, 34, 35, 36, 37, 38, 39, 40, 41, 42, 43, 44, 45, 46, 47, 48, 49, 50, 51, 52, 53, 54, 55, 56, 57, 58, 59, 60, 61, 62, 63, 64, 65, 66, 67, 68, 69, 70, 71, 72, 73, 74, 75, 76, 77, 78, 79, 80, 81, 82, 83, 84, 85, 86, 87, 88, 89, 90, 91, 92, 93, 94, 95, 96, 97, 98, 99, 100, 101, 102, 103, 104, 105, 106, 107, 108, 109, 110, 111, 112, 113], 1:[], 2:[], 3:[], 4:[], 5:[], 6:[], 7:[], 8:[], 9:[], 10:[], 11:[], 12:[], 13:[], 14:[], 15:[], 16:[], 17:[], 18:[], 19:[], 20:[], 21:[], 22:[], 23:[], 24:[], 25:[], 26:[], 27:[], 28:[], 29:[], 30:[], 31:[], 32:[], 33:[], 34:[], 35:[], 36:[], 37:[], 38:[], 39:[], 40:[], 41:[], 42:[], 43:[], 44:[], 45:[], 46:[], 47:[], 48:[], 49:[], 50:[], 51:[], 52:[], 53:[], 54:[], 55:[], 56:[], 57:[], 58:[], 59:[], 60:[], 61:[], 62:[], 63:[], 64:[], 65:[], 66:[], 67:[], 68:[], 69:[], 70:[], 71:[], 72:[], 73:[], 74:[], 75:[], 76:[], 77:[], 78:[], 79:[], 80:[], 81:[], 82:[], 83:[], 84:[], 85:[], 86:[], 87:[], 88:[], 89:[], 90:[], 91:[], 92:[], 93:[], 94:[], 95:[], 96:[], 97:[], 98:[], 99:[], 100:[], 101:[], 102:[], 103:[], 104:[], 105:[], 106:[], 107:[], 108:[], 109:[], 110:[], 111:[], 112:[], 113:[]",14552387800,17438131045
2767,3,7573.9886,7419824,110495976,881404702,170.7645,false,116,true,true,true,true,true,false,false,"0:[0, 1, 2, 3, 4, 5, 6, 7, 8, 9, 10, 11, 12, 13, 14, 15, 16, 17, 18, 19, 20, 21, 22, 23, 24, 25, 26, 27, 28, 29, 30, 31, 32, 33, 34, 35, 36, 37, 38, 39, 40, 41, 42, 43, 44, 45, 46, 47, 48, 49, 50, 51, 52, 53, 54, 55, 56, 57, 58, 59, 60, 61, 62, 63, 64, 65, 66, 67, 68, 69, 70, 71, 72, 73, 74, 75, 76, 77, 78, 79, 80, 81, 82, 83, 84, 85, 86, 87, 88, 89, 90, 91, 92, 93, 94, 95, 96, 97, 98, 99, 100, 101, 102, 103, 104, 105, 106, 107, 108, 109, 110, 111, 112, 113, 114, 115], 1:[], 2:[], 3:[], 4:[], 5:[], 6:[], 7:[], 8:[], 9:[], 10:[], 11:[], 12:[], 13:[], 14:[], 15:[], 16:[], 17:[], 18:[], 19:[], 20:[], 21:[], 22:[], 23:[], 24:[], 25:[], 26:[], 27:[], 28:[], 29:[], 30:[], 31:[], 32:[], 33:[], 34:[], 35:[], 36:[], 37:[], 38:[], 39:[], 40:[], 41:[], 42:[], 43:[], 44:[], 45:[], 46:[], 47:[], 48:[], 49:[], 50:[], 51:[], 52:[], 53:[], 54:[], 55:[], 56:[], 57:[], 58:[], 59:[], 60:[], 61:[], 62:[], 63:[], 64:[], 65:[], 66:[], 67:[], 68:[], 69:[], 70:[], 71:[], 72:[], 73:[], 74:[], 75:[], 76:[], 77:[], 78:[], 79:[], 80:[], 81:[], 82:[], 83:[], 84:[], 85:[], 86:[], 87:[], 88:[], 89:[], 90:[], 91:[], 92:[], 93:[], 94:[], 95:[], 96:[], 97:[], 98:[], 99:[], 100:[], 101:[], 102:[], 103:[], 104:[], 105:[], 106:[], 107:[], 108:[], 109:[], 110:[], 111:[], 112:[], 113:[], 114:[], 115:[]",14923334064,17870745080
2777,3,9356.0475,7500328,111698445,891008748,158.8801,false,115,true,true,true,true,true,false,false,"0:[0, 1, 2, 3, 4, 5, 6, 7, 8, 9, 10, 11, 12, 13, 14, 15, 16, 17, 18, 19, 20, 21, 22, 23, 24, 25, 26, 27, 28, 29, 30, 31, 32, 33, 34, 35, 36, 37, 38, 39, 40, 41, 42, 43, 44, 45, 46, 47, 48, 49, 50, 51, 52, 53, 54, 55, 56, 57, 58, 59, 60, 61, 62, 63, 64, 65, 66, 67, 68, 69, 70, 71, 72, 73, 74, 75, 76, 77, 78, 79, 80, 81, 82, 83, 84, 85, 86, 87, 88, 89, 90, 91, 92, 93, 94, 95, 96, 97, 98, 99, 100, 101, 102, 103, 104, 105, 106, 107, 108, 109, 110, 111, 112, 113, 114], 1:[], 2:[], 3:[], 4:[], 5:[], 6:[], 7:[], 8:[], 9:[], 10:[], 11:[], 12:[], 13:[], 14:[], 15:[], 16:[], 17:[], 18:[], 19:[], 20:[], 21:[], 22:[], 23:[], 24:[], 25:[], 26:[], 27:[], 28:[], 29:[], 30:[], 31:[], 32:[], 33:[], 34:[], 35:[], 36:[], 37:[], 38:[], 39:[], 40:[], 41:[], 42:[], 43:[], 44:[], 45:[], 46:[], 47:[], 48:[], 49:[], 50:[], 51:[], 52:[], 53:[], 54:[], 55:[], 56:[], 57:[], 58:[], 59:[], 60:[], 61:[], 62:[], 63:[], 64:[], 65:[], 66:[], 67:[], 68:[], 69:[], 70:[], 71:[], 72:[], 73:[], 74:[], 75:[], 76:[], 77:[], 78:[], 79:[], 80:[], 81:[], 82:[], 83:[], 84:[], 85:[], 86:[], 87:[], 88:[], 89:[], 90:[], 91:[], 92:[], 93:[], 94:[], 95:[], 96:[], 97:[], 98:[], 99:[], 100:[], 101:[], 102:[], 103:[], 104:[], 105:[], 106:[], 107:[], 108:[], 109:[], 110:[], 111:[], 112:[], 113:[], 114:[]",15021463680,18013387649
2789,2,7208.6159,7597700,113151997,902614548,143.9247,false,116,true,true,true,true,true,false,false,"0:[0, 1, 2, 3, 4, 5, 6, 7, 8, 9, 10, 11, 12, 13, 14, 15, 16, 17, 18, 19, 20, 21, 22, 23, 24, 25, 26, 27, 28, 29, 30, 31, 32, 33, 34, 35, 36, 37, 38, 39, 40, 41, 42, 43, 44, 45, 46, 47, 48, 49, 50, 51, 52, 53, 54, 55, 56, 57, 58, 59, 60, 61, 62, 63, 64, 65, 66, 67, 68, 69, 70, 71, 72, 73, 74, 75, 76, 77, 78, 79, 80, 81, 82, 83, 84, 85, 86, 87, 88, 89, 90, 91, 92, 93, 94, 95, 96, 97, 98, 99, 100, 101, 102, 103, 104, 105, 106, 107, 108, 109, 110, 111, 112, 113, 114, 115], 1:[], 2:[], 3:[], 4:[], 5:[], 6:[], 7:[], 8:[], 9:[], 10:[], 11:[], 12:[], 13:[], 14:[], 15:[], 16:[], 17:[], 18:[], 19:[], 20:[], 21:[], 22:[], 23:[], 24:[], 25:[], 26:[], 27:[], 28:[], 29:[], 30:[], 31:[], 32:[], 33:[], 34:[], 35:[], 36:[], 37:[], 38:[], 39:[], 40:[], 41:[], 42:[], 43:[], 44:[], 45:[], 46:[], 47:[], 48:[], 49:[], 50:[], 51:[], 52:[], 53:[], 54:[], 55:[], 56:[], 57:[], 58:[], 59:[], 60:[], 61:[], 62:[], 63:[], 64:[], 65:[], 66:[], 67:[], 68:[], 69:[], 70:[], 71:[], 72:[], 73:[], 74:[], 75:[], 76:[], 77:[], 78:[], 79:[], 80:[], 81:[], 82:[], 83:[], 84:[], 85:[], 86:[], 87:[], 88:[], 89:[], 90:[], 91:[], 92:[], 93:[], 94:[], 95:[], 96:[], 97:[], 98:[], 99:[], 100:[], 101:[], 102:[], 103:[], 104:[], 105:[], 106:[], 107:[], 108:[], 109:[], 110:[], 111:[], 112:[], 113:[], 114:[], 115:[]",15140084768,18185789137
2791,3,8772.5026,7614009,113394829,904551023,143.0600,false,116,true,true,true,true,true,false,false,"0:[0, 1, 2, 3, 4, 5, 6, 7, 8, 9, 10, 11, 12, 13, 14, 15, 16, 17, 18, 19, 20, 21, 22, 23, 24, 25, 26, 27, 28, 29, 30, 31, 32, 33, 34, 35, 36, 37, 38, 39, 40, 41, 42, 43, 44, 45, 46, 47, 48, 49, 50, 51, 52, 53, 54, 55, 56, 57, 58, 59, 60, 61, 62, 63, 64, 65, 66, 67, 68, 69, 70, 71, 72, 73, 74, 75, 76, 77, 78, 79, 80, 81, 82, 83, 84, 85, 86, 87, 88, 89, 90, 91, 92, 93, 94, 95, 96, 97, 98, 99, 100, 101, 102, 103, 104, 105, 106, 107, 108, 109, 110, 111, 112, 113, 114, 115], 1:[], 2:[], 3:[], 4:[], 5:[], 6:[], 7:[], 8:[], 9:[], 10:[], 11:[], 12:[], 13:[], 14:[], 15:[], 16:[], 17:[], 18:[], 19:[], 20:[], 21:[], 22:[], 23:[], 24:[], 25:[], 26:[], 27:[], 28:[], 29:[], 30:[], 31:[], 32:[], 33:[], 34:[], 35:[], 36:[], 37:[], 38:[], 39:[], 40:[], 41:[], 42:[], 43:[], 44:[], 45:[], 46:[], 47:[], 48:[], 49:[], 50:[], 51:[], 52:[], 53:[], 54:[], 55:[], 56:[], 57:[], 58:[], 59:[], 60:[], 61:[], 62:[], 63:[], 64:[], 65:[], 66:[], 67:[], 68:[], 69:[], 70:[], 71:[], 72:[], 73:[], 74:[], 75:[], 76:[], 77:[], 78:[], 79:[], 80:[], 81:[], 82:[], 83:[], 84:[], 85:[], 86:[], 87:[], 88:[], 89:[], 90:[], 91:[], 92:[], 93:[], 94:[], 95:[], 96:[], 97:[], 98:[], 99:[], 100:[], 101:[], 102:[], 103:[], 104:[], 105:[], 106:[], 107:[], 108:[], 109:[], 110:[], 111:[], 112:[], 113:[], 114:[], 115:[]",15159902744,18214570201
2797,2,7323.2445,7663079,114128095,910408879,151.3735,false,117,true,true,true,true,true,false,false,"0:[0, 1, 2, 3, 4, 5, 6, 7, 8, 9, 10, 11, 12, 13, 14, 15, 16, 17, 18, 19, 20, 21, 22, 23, 24, 25, 26, 27, 28, 29, 30, 31, 32, 33, 34, 35, 36, 37, 38, 39, 40, 41, 42, 43, 44, 45, 46, 47, 48, 49, 50, 51, 52, 53, 54, 55, 56, 57, 58, 59, 60, 61, 62, 63, 64, 65, 66, 67, 68, 69, 70, 71, 72, 73, 74, 75, 76, 77, 78, 79, 80, 81, 82, 83, 84, 85, 86, 87, 88, 89, 90, 91, 92, 93, 94, 95, 96, 97, 98, 99, 100, 101, 102, 103, 104, 105, 106, 107, 108, 109, 110, 111, 112, 113, 114, 115, 116], 1:[], 2:[], 3:[], 4:[], 5:[], 6:[], 7:[], 8:[], 9:[], 10:[], 11:[], 12:[], 13:[], 14:[], 15:[], 16:[], 17:[], 18:[], 19:[], 20:[], 21:[], 22:[], 23:[], 24:[], 25:[], 26:[], 27:[], 28:[], 29:[], 30:[], 31:[], 32:[], 33:[], 34:[], 35:[], 36:[], 37:[], 38:[], 39:[], 40:[], 41:[], 42:[], 43:[], 44:[], 45:[], 46:[], 47:[], 48:[], 49:[], 50:[], 51:[], 52:[], 53:[], 54:[], 55:[], 56:[], 57:[], 58:[], 59:[], 60:[], 61:[], 62:[], 63:[], 64:[], 65:[], 66:[], 67:[], 68:[], 69:[], 70:[], 71:[], 72:[], 73:[], 74:[], 75:[], 76:[], 77:[], 78:[], 79:[], 80:[], 81:[], 82:[], 83:[], 84:[], 85:[], 86:[], 87:[], 88:[], 89:[], 90:[], 91:[], 92:[], 93:[], 94:[], 95:[], 96:[], 97:[], 98:[], 99:[], 100:[], 101:[], 102:[], 103:[], 104:[], 105:[], 106:[], 107:[], 108:[], 109:[], 110:[], 111:[], 112:[], 113:[], 114:[], 115:[], 116:[]",15219741704,18301562627
2801,3,9775.6405,7695909,114618155,914321482,161.5365,false,117,true,true,true,true,true,false,false,"0:[0, 1, 2, 3, 4, 5, 6, 7, 8, 9, 10, 11, 12, 13, 14, 15, 16, 17, 18, 19, 20, 21, 22, 23, 24, 25, 26, 27, 28, 29, 30, 31, 32, 33, 34, 35, 36, 37, 38, 39, 40, 41, 42, 43, 44, 45, 46, 47, 48, 49, 50, 51, 52, 53, 54, 55, 56, 57, 58, 59, 60, 61, 62, 63, 64, 65, 66, 67, 68, 69, 70, 71, 72, 73, 74, 75, 76, 77, 78, 79, 80, 81, 82, 83, 84, 85, 86, 87, 88, 89, 90, 91, 92, 93, 94, 95, 96, 97, 98, 99, 100, 101, 102, 103, 104, 105, 106, 107, 108, 109, 110, 111, 112, 113, 114, 115, 116], 1:[], 2:[], 3:[], 4:[], 5:[], 6:[], 7:[], 8:[], 9:[], 10:[], 11:[], 12:[], 13:[], 14:[], 15:[], 16:[], 17:[], 18:[], 19:[], 20:[], 21:[], 22:[], 23:[], 24:[], 25:[], 26:[], 27:[], 28:[], 29:[], 30:[], 31:[], 32:[], 33:[], 34:[], 35:[], 36:[], 37:[], 38:[], 39:[], 40:[], 41:[], 42:[], 43:[], 44:[], 45:[], 46:[], 47:[], 48:[], 49:[], 50:[], 51:[], 52:[], 53:[], 54:[], 55:[], 56:[], 57:[], 58:[], 59:[], 60:[], 61:[], 62:[], 63:[], 64:[], 65:[], 66:[], 67:[], 68:[], 69:[], 70:[], 71:[], 72:[], 73:[], 74:[], 75:[], 76:[], 77:[], 78:[], 79:[], 80:[], 81:[], 82:[], 83:[], 84:[], 85:[], 86:[], 87:[], 88:[], 89:[], 90:[], 91:[], 92:[], 93:[], 94:[], 95:[], 96:[], 97:[], 98:[], 99:[], 100:[], 101:[], 102:[], 103:[], 104:[], 105:[], 106:[], 107:[], 108:[], 109:[], 110:[], 111:[], 112:[], 113:[], 114:[], 115:[], 116:[]",15259734424,18359686735
2803,2,8231.3881,7712359,114863061,916274407,150.0197,false,116,true,true,true,true,true,false,false,"0:[0, 1, 2, 3, 4, 5, 6, 7, 8, 9, 10, 11, 12, 13, 14, 15, 16, 17, 18, 19, 20, 21, 22, 23, 24, 25, 26, 27, 28, 29, 30, 31, 32, 33, 34, 35, 36, 37, 38, 39, 40, 41, 42, 43, 44, 45, 46, 47, 48, 49, 50, 51, 52, 53, 54, 55, 56, 57, 58, 59, 60, 61, 62, 63, 64, 65, 66, 67, 68, 69, 70, 71, 72, 73, 74, 75, 76, 77, 78, 79, 80, 81, 82, 83, 84, 85, 86, 87, 88, 89, 90, 91, 92, 93, 94, 95, 96, 97, 98, 99, 100, 101, 102, 103, 104, 105, 106, 107, 108, 109, 110, 111, 112, 113, 114, 115], 1:[], 2:[], 3:[], 4:[], 5:[], 6:[], 7:[], 8:[], 9:[], 10:[], 11:[], 12:[], 13:[], 14:[], 15:[], 16:[], 17:[], 18:[], 19:[], 20:[], 21:[], 22:[], 23:[], 24:[], 25:[], 26:[], 27:[], 28:[], 29:[], 30:[], 31:[], 32:[], 33:[], 34:[], 35:[], 36:[], 37:[], 38:[], 39:[], 40:[], 41:[], 42:[], 43:[], 44:[], 45:[], 46:[], 47:[], 48:[], 49:[], 50:[], 51:[], 52:[], 53:[], 54:[], 55:[], 56:[], 57:[], 58:[], 59:[], 60:[], 61:[], 62:[], 63:[], 64:[], 65:[], 66:[], 67:[], 68:[], 69:[], 70:[], 71:[], 72:[], 73:[], 74:[], 75:[], 76:[], 77:[], 78:[], 79:[], 80:[], 81:[], 82:[], 83:[], 84:[], 85:[], 86:[], 87:[], 88:[], 89:[], 90:[], 91:[], 92:[], 93:[], 94:[], 95:[], 96:[], 97:[], 98:[], 99:[], 100:[], 101:[], 102:[], 103:[], 104:[], 105:[], 106:[], 107:[], 108:[], 109:[], 110:[], 111:[], 112:[], 113:[], 114:[], 115:[]",15279721704,18388713265
2819,2,8113.2959,7844806,116840333,932062306,151.3196,false,118,true,true,true,true,true,false,false,"0:[0, 1, 2, 3, 4, 5, 6, 7, 8, 9, 10, 11, 12, 13, 14, 15, 16, 17, 18, 19, 20, 21, 22, 23, 24, 25, 26, 27, 28, 29, 30, 31, 32, 33, 34, 35, 36, 37, 38, 39, 40, 41, 42, 43, 44, 45, 46, 47, 48, 49, 50, 51, 52, 53, 54, 55, 56, 57, 58, 59, 60, 61, 62, 63, 64, 65, 66, 67, 68, 69, 70, 71, 72, 73, 74, 75, 76, 77, 78, 79, 80, 81, 82, 83, 84, 85, 86, 87, 88, 89, 90, 91, 92, 93, 94, 95, 96, 97, 98, 99, 100, 101, 102, 103, 104, 105, 106, 107, 108, 109, 110, 111, 112, 113, 114, 115, 116, 117], 1:[], 2:[], 3:[], 4:[], 5:[], 6:[], 7:[], 8:[], 9:[], 10:[], 11:[], 12:[], 13:[], 14:[], 15:[], 16:[], 17:[], 18:[], 19:[], 20:[], 21:[], 22:[], 23:[], 24:[], 25:[], 26:[], 27:[], 28:[], 29:[], 30:[], 31:[], 32:[], 33:[], 34:[], 35:[], 36:[], 37:[], 38:[], 39:[], 40:[], 41:[], 42:[], 43:[], 44:[], 45:[], 46:[], 47:[], 48:[], 49:[], 50:[], 51:[], 52:[], 53:[], 54:[], 55:[], 56:[], 57:[], 58:[], 59:[], 60:[], 61:[], 62:[], 63:[], 64:[], 65:[], 66:[], 67:[], 68:[], 69:[], 70:[], 71:[], 72:[], 73:[], 74:[], 75:[], 76:[], 77:[], 78:[], 79:[], 80:[], 81:[], 82:[], 83:[], 84:[], 85:[], 86:[], 87:[], 88:[], 89:[], 90:[], 91:[], 92:[], 93:[], 94:[], 95:[], 96:[], 97:[], 98:[], 99:[], 100:[], 101:[], 102:[], 103:[], 104:[], 105:[], 106:[], 107:[], 108:[], 109:[], 110:[], 111:[], 112:[], 113:[], 114:[], 115:[], 116:[], 117:[]",20138702672,18623231569
2833,5,9239.0562,7961932,118589719,946034065,206.4704,false,118,true,true,true,true,true,false,false,"0:[0, 1, 2, 3, 4, 5, 6, 7, 8, 9, 10, 11, 12, 13, 14, 15, 16, 17, 18, 19, 20, 21, 22, 23, 24, 25, 26, 27, 28, 29, 30, 31, 32, 33, 34, 35, 36, 37, 38, 39, 40, 41, 42, 43, 44, 45, 46, 47, 48, 49, 50, 51, 52, 53, 54, 55, 56, 57, 58, 59, 60, 61, 62, 63, 64, 65, 66, 67, 68, 69, 70, 71, 72, 73, 74, 75, 76, 77, 78, 79, 80, 81, 82, 83, 84, 85, 86, 87, 88, 89, 90, 91, 92, 93, 94, 95, 96, 97, 98, 99, 100, 101, 102, 103, 104, 105, 106, 107, 108, 109, 110, 111, 112, 113, 114, 115, 116, 117], 1:[], 2:[], 3:[], 4:[], 5:[], 6:[], 7:[], 8:[], 9:[], 10:[], 11:[], 12:[], 13:[], 14:[], 15:[], 16:[], 17:[], 18:[], 19:[], 20:[], 21:[], 22:[], 23:[], 24:[], 25:[], 26:[], 27:[], 28:[], 29:[], 30:[], 31:[], 32:[], 33:[], 34:[], 35:[], 36:[], 37:[], 38:[], 39:[], 40:[], 41:[], 42:[], 43:[], 44:[], 45:[], 46:[], 47:[], 48:[], 49:[], 50:[], 51:[], 52:[], 53:[], 54:[], 55:[], 56:[], 57:[], 58:[], 59:[], 60:[], 61:[], 62:[], 63:[], 64:[], 65:[], 66:[], 67:[], 68:[], 69:[], 70:[], 71:[], 72:[], 73:[], 74:[], 75:[], 76:[], 77:[], 78:[], 79:[], 80:[], 81:[], 82:[], 83:[], 84:[], 85:[], 86:[], 87:[], 88:[], 89:[], 90:[], 91:[], 92:[], 93:[], 94:[], 95:[], 96:[], 97:[], 98:[], 99:[], 100:[], 101:[], 102:[], 103:[], 104:[], 105:[], 106:[], 107:[], 108:[], 109:[], 110:[], 111:[], 112:[], 113:[], 114:[], 115:[], 116:[], 117:[]",20281464576,18830743859
2837,2,7600.4468,7995610,119092538,950049151,159.2692,false,119,true,true,true,true,true,false,false,"0:[0, 1, 2, 3, 4, 5, 6, 7, 8, 9, 10, 11, 12, 13, 14, 15, 16, 17, 18, 19, 20, 21, 22, 23, 24, 25, 26, 27, 28, 29, 30, 31, 32, 33, 34, 35, 36, 37, 38, 39, 40, 41, 42, 43, 44, 45, 46, 47, 48, 49, 50, 51, 52, 53, 54, 55, 56, 57, 58, 59, 60, 61, 62, 63, 64, 65, 66, 67, 68, 69, 70, 71, 72, 73, 74, 75, 76, 77, 78, 79, 80, 81, 82, 83, 84, 85, 86, 87, 88, 89, 90, 91, 92, 93, 94, 95, 96, 97, 98, 99, 100, 101, 102, 103, 104, 105, 106, 107, 108, 109, 110, 111, 112, 113, 114, 115, 116, 117, 118], 1:[], 2:[], 3:[], 4:[], 5:[], 6:[], 7:[], 8:[], 9:[], 10:[], 11:[], 12:[], 13:[], 14:[], 15:[], 16:[], 17:[], 18:[], 19:[], 20:[], 21:[], 22:[], 23:[], 24:[], 25:[], 26:[], 27:[], 28:[], 29:[], 30:[], 31:[], 32:[], 33:[], 34:[], 35:[], 36:[], 37:[], 38:[], 39:[], 40:[], 41:[], 42:[], 43:[], 44:[], 45:[], 46:[], 47:[], 48:[], 49:[], 50:[], 51:[], 52:[], 53:[], 54:[], 55:[], 56:[], 57:[], 58:[], 59:[], 60:[], 61:[], 62:[], 63:[], 64:[], 65:[], 66:[], 67:[], 68:[], 69:[], 70:[], 71:[], 72:[], 73:[], 74:[], 75:[], 76:[], 77:[], 78:[], 79:[], 80:[], 81:[], 82:[], 83:[], 84:[], 85:[], 86:[], 87:[], 88:[], 89:[], 90:[], 91:[], 92:[], 93:[], 94:[], 95:[], 96:[], 97:[], 98:[], 99:[], 100:[], 101:[], 102:[], 103:[], 104:[], 105:[], 106:[], 107:[], 108:[], 109:[], 110:[], 111:[], 112:[], 113:[], 114:[], 115:[], 116:[], 117:[], 118:[]",20322498368,18890382306
2843,2,8340.6208,8046304,119848680,956084094,174.1569,false,118,true,true,true,true,true,false,false,"0:[0, 1, 2, 3, 4, 5, 6, 7, 8, 9, 10, 11, 12, 13, 14, 15, 16, 17, 18, 19, 20, 21, 22, 23, 24, 25, 26, 27, 28, 29, 30, 31, 32, 33, 34, 35, 36, 37, 38, 39, 40, 41, 42, 43, 44, 45, 46, 47, 48, 49, 50, 51, 52, 53, 54, 55, 56, 57, 58, 59, 60, 61, 62, 63, 64, 65, 66, 67, 68, 69, 70, 71, 72, 73, 74, 75, 76, 77, 78, 79, 80, 81, 82, 83, 84, 85, 86, 87, 88, 89, 90, 91, 92, 93, 94, 95, 96, 97, 98, 99, 100, 101, 102, 103, 104, 105, 106, 107, 108, 109, 110, 111, 112, 113, 114, 115, 116, 117], 1:[], 2:[], 3:[], 4:[], 5:[], 6:[], 7:[], 8:[], 9:[], 10:[], 11:[], 12:[], 13:[], 14:[], 15:[], 16:[], 17:[], 18:[], 19:[], 20:[], 21:[], 22:[], 23:[], 24:[], 25:[], 26:[], 27:[], 28:[], 29:[], 30:[], 31:[], 32:[], 33:[], 34:[], 35:[], 36:[], 37:[], 38:[], 39:[], 40:[], 41:[], 42:[], 43:[], 44:[], 45:[], 46:[], 47:[], 48:[], 49:[], 50:[], 51:[], 52:[], 53:[], 54:[], 55:[], 56:[], 57:[], 58:[], 59:[], 60:[], 61:[], 62:[], 63:[], 64:[], 65:[], 66:[], 67:[], 68:[], 69:[], 70:[], 71:[], 72:[], 73:[], 74:[], 75:[], 76:[], 77:[], 78:[], 79:[], 80:[], 81:[], 82:[], 83:[], 84:[], 85:[], 86:[], 87:[], 88:[], 89:[], 90:[], 91:[], 92:[], 93:[], 94:[], 95:[], 96:[], 97:[], 98:[], 99:[], 100:[], 101:[], 102:[], 103:[], 104:[], 105:[], 106:[], 107:[], 108:[], 109:[], 110:[], 111:[], 112:[], 113:[], 114:[], 115:[], 116:[], 117:[]",20384206384,18980044376
2851,2,8467.0593,8114229,120862801,964181797,158.8577,false,119,true,true,true,true,true,false,false,"0:[0, 1, 2, 3, 4, 5, 6, 7, 8, 9, 10, 11, 12, 13, 14, 15, 16, 17, 18, 19, 20, 21, 22, 23, 24, 25, 26, 27, 28, 29, 30, 31, 32, 33, 34, 35, 36, 37, 38, 39, 40, 41, 42, 43, 44, 45, 46, 47, 48, 49, 50, 51, 52, 53, 54, 55, 56, 57, 58, 59, 60, 61, 62, 63, 64, 65, 66, 67, 68, 69, 70, 71, 72, 73, 74, 75, 76, 77, 78, 79, 80, 81, 82, 83, 84, 85, 86, 87, 88, 89, 90, 91, 92, 93, 94, 95, 96, 97, 98, 99, 100, 101, 102, 103, 104, 105, 106, 107, 108, 109, 110, 111, 112, 113, 114, 115, 116, 117, 118], 1:[], 2:[], 3:[], 4:[], 5:[], 6:[], 7:[], 8:[], 9:[], 10:[], 11:[], 12:[], 13:[], 14:[], 15:[], 16:[], 17:[], 18:[], 19:[], 20:[], 21:[], 22:[], 23:[], 24:[], 25:[], 26:[], 27:[], 28:[], 29:[], 30:[], 31:[], 32:[], 33:[], 34:[], 35:[], 36:[], 37:[], 38:[], 39:[], 40:[], 41:[], 42:[], 43:[], 44:[], 45:[], 46:[], 47:[], 48:[], 49:[], 50:[], 51:[], 52:[], 53:[], 54:[], 55:[], 56:[], 57:[], 58:[], 59:[], 60:[], 61:[], 62:[], 63:[], 64:[], 65:[], 66:[], 67:[], 68:[], 69:[], 70:[], 71:[], 72:[], 73:[], 74:[], 75:[], 76:[], 77:[], 78:[], 79:[], 80:[], 81:[], 82:[], 83:[], 84:[], 85:[], 86:[], 87:[], 88:[], 89:[], 90:[], 91:[], 92:[], 93:[], 94:[], 95:[], 96:[], 97:[], 98:[], 99:[], 100:[], 101:[], 102:[], 103:[], 104:[], 105:[], 106:[], 107:[], 108:[], 109:[], 110:[], 111:[], 112:[], 113:[], 114:[], 115:[], 116:[], 117:[], 118:[]",20466966264,19100326477
2857,5,9400.5311,8165423,121627812,970293040,175.1023,false,119,true,true,true,true,true,false,false,"0:[0, 1, 2, 3, 4, 5, 6, 7, 8, 9, 10, 11, 12, 13, 14, 15, 16, 17, 18, 19, 20, 21, 22, 23, 24, 25, 26, 27, 28, 29, 30, 31, 32, 33, 34, 35, 36, 37, 38, 39, 40, 41, 42, 43, 44, 45, 46, 47, 48, 49, 50, 51, 52, 53, 54, 55, 56, 57, 58, 59, 60, 61, 62, 63, 64, 65, 66, 67, 68, 69, 70, 71, 72, 73, 74, 75, 76, 77, 78, 79, 80, 81, 82, 83, 84, 85, 86, 87, 88, 89, 90, 91, 92, 93, 94, 95, 96, 97, 98, 99, 100, 101, 102, 103, 104, 105, 106, 107, 108, 109, 110, 111, 112, 113, 114, 115, 116, 117, 118], 1:[], 2:[], 3:[], 4:[], 5:[], 6:[], 7:[], 8:[], 9:[], 10:[], 11:[], 12:[], 13:[], 14:[], 15:[], 16:[], 17:[], 18:[], 19:[], 20:[], 21:[], 22:[], 23:[], 24:[], 25:[], 26:[], 27:[], 28:[], 29:[], 30:[], 31:[], 32:[], 33:[], 34:[], 35:[], 36:[], 37:[], 38:[], 39:[], 40:[], 41:[], 42:[], 43:[], 44:[], 45:[], 46:[], 47:[], 48:[], 49:[], 50:[], 51:[], 52:[], 53:[], 54:[], 55:[], 56:[], 57:[], 58:[], 59:[], 60:[], 61:[], 62:[], 63:[], 64:[], 65:[], 66:[], 67:[], 68:[], 69:[], 70:[], 71:[], 72:[], 73:[], 74:[], 75:[], 76:[], 77:[], 78:[], 79:[], 80:[], 81:[], 82:[], 83:[], 84:[], 85:[], 86:[], 87:[], 88:[], 89:[], 90:[], 91:[], 92:[], 93:[], 94:[], 95:[], 96:[], 97:[], 98:[], 99:[], 100:[], 101:[], 102:[], 103:[], 104:[], 105:[], 106:[], 107:[], 108:[], 109:[], 110:[], 111:[], 112:[], 113:[], 114:[], 115:[], 116:[], 117:[], 118:[]",20529395800,19191083820
2861,2,9012.9578,8199672,122139150,974376107,184.8464,false,119,true,true,true,true,true,false,false,"0:[0, 1, 2, 3, 4, 5, 6, 7, 8, 9, 10, 11, 12, 13, 14, 15, 16, 17, 18, 19, 20, 21, 22, 23, 24, 25, 26, 27, 28, 29, 30, 31, 32, 33, 34, 35, 36, 37, 38, 39, 40, 41, 42, 43, 44, 45, 46, 47, 48, 49, 50, 51, 52, 53, 54, 55, 56, 57, 58, 59, 60, 61, 62, 63, 64, 65, 66, 67, 68, 69, 70, 71, 72, 73, 74, 75, 76, 77, 78, 79, 80, 81, 82, 83, 84, 85, 86, 87, 88, 89, 90, 91, 92, 93, 94, 95, 96, 97, 98, 99, 100, 101, 102, 103, 104, 105, 106, 107, 108, 109, 110, 111, 112, 113, 114, 115, 116, 117, 118], 1:[], 2:[], 3:[], 4:[], 5:[], 6:[], 7:[], 8:[], 9:[], 10:[], 11:[], 12:[], 13:[], 14:[], 15:[], 16:[], 17:[], 18:[], 19:[], 20:[], 21:[], 22:[], 23:[], 24:[], 25:[], 26:[], 27:[], 28:[], 29:[], 30:[], 31:[], 32:[], 33:[], 34:[], 35:[], 36:[], 37:[], 38:[], 39:[], 40:[], 41:[], 42:[], 43:[], 44:[], 45:[], 46:[], 47:[], 48:[], 49:[], 50:[], 51:[], 52:[], 53:[], 54:[], 55:[], 56:[], 57:[], 58:[], 59:[], 60:[], 61:[], 62:[], 63:[], 64:[], 65:[], 66:[], 67:[], 68:[], 69:[], 70:[], 71:[], 72:[], 73:[], 74:[], 75:[], 76:[], 77:[], 78:[], 79:[], 80:[], 81:[], 82:[], 83:[], 84:[], 85:[], 86:[], 87:[], 88:[], 89:[], 90:[], 91:[], 92:[], 93:[], 94:[], 95:[], 96:[], 97:[], 98:[], 99:[], 100:[], 101:[], 102:[], 103:[], 104:[], 105:[], 106:[], 107:[], 108:[], 109:[], 110:[], 111:[], 112:[], 113:[], 114:[], 115:[], 116:[], 117:[], 118:[]",20571124816,19251732022
2879,7,8546.8361,8354977,124457240,992883660,160.3325,false,119,true,true,true,true,true,false,false,"0:[0, 1, 2, 3, 4, 5, 6, 7, 8, 9, 10, 11, 12, 13, 14, 15, 16, 17, 18, 19, 20, 21, 22, 23, 24, 25, 26, 27, 28, 29, 30, 31, 32, 33, 34, 35, 36, 37, 38, 39, 40, 41, 42, 43, 44, 45, 46, 47, 48, 49, 50, 51, 52, 53, 54, 55, 56, 57, 58, 59, 60, 61, 62, 63, 64, 65, 66, 67, 68, 69, 70, 71, 72, 73, 74, 75, 76, 77, 78, 79, 80, 81, 82, 83, 84, 85, 86, 87, 88, 89, 90, 91, 92, 93, 94, 95, 96, 97, 98, 99, 100, 101, 102, 103, 104, 105, 106, 107, 108, 109, 110, 111, 112, 113, 114, 115, 116, 117, 118], 1:[], 2:[], 3:[], 4:[], 5:[], 6:[], 7:[], 8:[], 9:[], 10:[], 11:[], 12:[], 13:[], 14:[], 15:[], 16:[], 17:[], 18:[], 19:[], 20:[], 21:[], 22:[], 23:[], 24:[], 25:[], 26:[], 27:[], 28:[], 29:[], 30:[], 31:[], 32:[], 33:[], 34:[], 35:[], 36:[], 37:[], 38:[], 39:[], 40:[], 41:[], 42:[], 43:[], 44:[], 45:[], 46:[], 47:[], 48:[], 49:[], 50:[], 51:[], 52:[], 53:[], 54:[], 55:[], 56:[], 57:[], 58:[], 59:[], 60:[], 61:[], 62:[], 63:[], 64:[], 65:[], 66:[], 67:[], 68:[], 69:[], 70:[], 71:[], 72:[], 73:[], 74:[], 75:[], 76:[], 77:[], 78:[], 79:[], 80:[], 81:[], 82:[], 83:[], 84:[], 85:[], 86:[], 87:[], 88:[], 89:[], 90:[], 91:[], 92:[], 93:[], 94:[], 95:[], 96:[], 97:[], 98:[], 99:[], 100:[], 101:[], 102:[], 103:[], 104:[], 105:[], 106:[], 107:[], 108:[], 109:[], 110:[], 111:[], 112:[], 113:[], 114:[], 115:[], 116:[], 117:[], 118:[]",20760299336,19526652480
2887,3,9464.3254,8424625,125497144,1001187399,185.7891,false,121,true,true,true,true,true,false,false,"0:[0, 1, 2, 3, 4, 5, 6, 7, 8, 9, 10, 11, 12, 13, 14, 15, 16, 17, 18, 19, 20, 21, 22, 23, 24, 25, 26, 27, 28, 29, 30, 31, 32, 33, 34, 35, 36, 37, 38, 39, 40, 41, 42, 43, 44, 45, 46, 47, 48, 49, 50, 51, 52, 53, 54, 55, 56, 57, 58, 59, 60, 61, 62, 63, 64, 65, 66, 67, 68, 69, 70, 71, 72, 73, 74, 75, 76, 77, 78, 79, 80, 81, 82, 83, 84, 85, 86, 87, 88, 89, 90, 91, 92, 93, 94, 95, 96, 97, 98, 99, 100, 101, 102, 103, 104, 105, 106, 107, 108, 109, 110, 111, 112, 113, 114, 115, 116, 117, 118, 119, 120], 1:[], 2:[], 3:[], 4:[], 5:[], 6:[], 7:[], 8:[], 9:[], 10:[], 11:[], 12:[], 13:[], 14:[], 15:[], 16:[], 17:[], 18:[], 19:[], 20:[], 21:[], 22:[], 23:[], 24:[], 25:[], 26:[], 27:[], 28:[], 29:[], 30:[], 31:[], 32:[], 33:[], 34:[], 35:[], 36:[], 37:[], 38:[], 39:[], 40:[], 41:[], 42:[], 43:[], 44:[], 45:[], 46:[], 47:[], 48:[], 49:[], 50:[], 51:[], 52:[], 53:[], 54:[], 55:[], 56:[], 57:[], 58:[], 59:[], 60:[], 61:[], 62:[], 63:[], 64:[], 65:[], 66:[], 67:[], 68:[], 69:[], 70:[], 71:[], 72:[], 73:[], 74:[], 75:[], 76:[], 77:[], 78:[], 79:[], 80:[], 81:[], 82:[], 83:[], 84:[], 85:[], 86:[], 87:[], 88:[], 89:[], 90:[], 91:[], 92:[], 93:[], 94:[], 95:[], 96:[], 97:[], 98:[], 99:[], 100:[], 101:[], 102:[], 103:[], 104:[], 105:[], 106:[], 107:[], 108:[], 109:[], 110:[], 111:[], 112:[], 113:[], 114:[], 115:[], 116:[], 117:[], 118:[], 119:[], 120:[]",20845163208,19649992448
2897,3,9395.8277,8512229,126805902,1011641113,170.9327,false,120,true,true,true,true,true,false,false,"0:[0, 1, 2, 3, 4, 5, 6, 7, 8, 9, 10, 11, 12, 13, 14, 15, 16, 17, 18, 19, 20, 21, 22, 23, 24, 25, 26, 27, 28, 29, 30, 31, 32, 33, 34, 35, 36, 37, 38, 39, 40, 41, 42, 43, 44, 45, 46, 47, 48, 49, 50, 51, 52, 53, 54, 55, 56, 57, 58, 59, 60, 61, 62, 63, 64, 65, 66, 67, 68, 69, 70, 71, 72, 73, 74, 75, 76, 77, 78, 79, 80, 81, 82, 83, 84, 85, 86, 87, 88, 89, 90, 91, 92, 93, 94, 95, 96, 97, 98, 99, 100, 101, 102, 103, 104, 105, 106, 107, 108, 109, 110, 111, 112, 113, 114, 115, 116, 117, 118, 119], 1:[], 2:[], 3:[], 4:[], 5:[], 6:[], 7:[], 8:[], 9:[], 10:[], 11:[], 12:[], 13:[], 14:[], 15:[], 16:[], 17:[], 18:[], 19:[], 20:[], 21:[], 22:[], 23:[], 24:[], 25:[], 26:[], 27:[], 28:[], 29:[], 30:[], 31:[], 32:[], 33:[], 34:[], 35:[], 36:[], 37:[], 38:[], 39:[], 40:[], 41:[], 42:[], 43:[], 44:[], 45:[], 46:[], 47:[], 48:[], 49:[], 50:[], 51:[], 52:[], 53:[], 54:[], 55:[], 56:[], 57:[], 58:[], 59:[], 60:[], 61:[], 62:[], 63:[], 64:[], 65:[], 66:[], 67:[], 68:[], 69:[], 70:[], 71:[], 72:[], 73:[], 74:[], 75:[], 76:[], 77:[], 78:[], 79:[], 80:[], 81:[], 82:[], 83:[], 84:[], 85:[], 86:[], 87:[], 88:[], 89:[], 90:[], 91:[], 92:[], 93:[], 94:[], 95:[], 96:[], 97:[], 98:[], 99:[], 100:[], 101:[], 102:[], 103:[], 104:[], 105:[], 106:[], 107:[], 108:[], 109:[], 110:[], 111:[], 112:[], 113:[], 114:[], 115:[], 116:[], 117:[], 118:[], 119:[]",20951966344,19805242702
2903,5,8775.6513,8565082,127594320,1017933839,182.1862,false,121,true,true,true,true,true,false,false,"0:[0, 1, 2, 3, 4, 5, 6, 7, 8, 9, 10, 11, 12, 13, 14, 15, 16, 17, 18, 19, 20, 21, 22, 23, 24, 25, 26, 27, 28, 29, 30, 31, 32, 33, 34, 35, 36, 37, 38, 39, 40, 41, 42, 43, 44, 45, 46, 47, 48, 49, 50, 51, 52, 53, 54, 55, 56, 57, 58, 59, 60, 61, 62, 63, 64, 65, 66, 67, 68, 69, 70, 71, 72, 73, 74, 75, 76, 77, 78, 79, 80, 81, 82, 83, 84, 85, 86, 87, 88, 89, 90, 91, 92, 93, 94, 95, 96, 97, 98, 99, 100, 101, 102, 103, 104, 105, 106, 107, 108, 109, 110, 111, 112, 113, 114, 115, 116, 117, 118, 119, 120], 1:[], 2:[], 3:[], 4:[], 5:[], 6:[], 7:[], 8:[], 9:[], 10:[], 11:[], 12:[], 13:[], 14:[], 15:[], 16:[], 17:[], 18:[], 19:[], 20:[], 21:[], 22:[], 23:[], 24:[], 25:[], 26:[], 27:[], 28:[], 29:[], 30:[], 31:[], 32:[], 33:[], 34:[], 35:[], 36:[], 37:[], 38:[], 39:[], 40:[], 41:[], 42:[], 43:[], 44:[], 45:[], 46:[], 47:[], 48:[], 49:[], 50:[], 51:[], 52:[], 53:[], 54:[], 55:[], 56:[], 57:[], 58:[], 59:[], 60:[], 61:[], 62:[], 63:[], 64:[], 65:[], 66:[], 67:[], 68:[], 69:[], 70:[], 71:[], 72:[], 73:[], 74:[], 75:[], 76:[], 77:[], 78:[], 79:[], 80:[], 81:[], 82:[], 83:[], 84:[], 85:[], 86:[], 87:[], 88:[], 89:[], 90:[], 91:[], 92:[], 93:[], 94:[], 95:[], 96:[], 97:[], 98:[], 99:[], 100:[], 101:[], 102:[], 103:[], 104:[], 105:[], 106:[], 107:[], 108:[], 109:[], 110:[], 111:[], 112:[], 113:[], 114:[], 115:[], 116:[], 117:[], 118:[], 119:[], 120:[]",21016308256,19898732464
2909,2,8211.5356,8618154,128387492,1024270553,168.0293,false,121,true,true,true,true,true,false,false,"0:[0, 1, 2, 3, 4, 5, 6, 7, 8, 9, 10, 11, 12, 13, 14, 15, 16, 17, 18, 19, 20, 21, 22, 23, 24, 25, 26, 27, 28, 29, 30, 31, 32, 33, 34, 35, 36, 37, 38, 39, 40, 41, 42, 43, 44, 45, 46, 47, 48, 49, 50, 51, 52, 53, 54, 55, 56, 57, 58, 59, 60, 61, 62, 63, 64, 65, 66, 67, 68, 69, 70, 71, 72, 73, 74, 75, 76, 77, 78, 79, 80, 81, 82, 83, 84, 85, 86, 87, 88, 89, 90, 91, 92, 93, 94, 95, 96, 97, 98, 99, 100, 101, 102, 103, 104, 105, 106, 107, 108, 109, 110, 111, 112, 113, 114, 115, 116, 117, 118, 119, 120], 1:[], 2:[], 3:[], 4:[], 5:[], 6:[], 7:[], 8:[], 9:[], 10:[], 11:[], 12:[], 13:[], 14:[], 15:[], 16:[], 17:[], 18:[], 19:[], 20:[], 21:[], 22:[], 23:[], 24:[], 25:[], 26:[], 27:[], 28:[], 29:[], 30:[], 31:[], 32:[], 33:[], 34:[], 35:[], 36:[], 37:[], 38:[], 39:[], 40:[], 41:[], 42:[], 43:[], 44:[], 45:[], 46:[], 47:[], 48:[], 49:[], 50:[], 51:[], 52:[], 53:[], 54:[], 55:[], 56:[], 57:[], 58:[], 59:[], 60:[], 61:[], 62:[], 63:[], 64:[], 65:[], 66:[], 67:[], 68:[], 69:[], 70:[], 71:[], 72:[], 73:[], 74:[], 75:[], 76:[], 77:[], 78:[], 79:[], 80:[], 81:[], 82:[], 83:[], 84:[], 85:[], 86:[], 87:[], 88:[], 89:[], 90:[], 91:[], 92:[], 93:[], 94:[], 95:[], 96:[], 97:[], 98:[], 99:[], 100:[], 101:[], 102:[], 103:[], 104:[], 105:[], 106:[], 107:[], 108:[], 109:[], 110:[], 111:[], 112:[], 113:[], 114:[], 115:[], 116:[], 117:[], 118:[], 119:[], 120:[]",21081035744,19992830836
2917,2,8412.0474,8689255,129449159,1032748393,208.6680,false,122,true,true,true,true,true,false,false,"0:[0, 1, 2, 3, 4, 5, 6, 7, 8, 9, 10, 11, 12, 13, 14, 15, 16, 17, 18, 19, 20, 21, 22, 23, 24, 25, 26, 27, 28, 29, 30, 31, 32, 33, 34, 35, 36, 37, 38, 39, 40, 41, 42, 43, 44, 45, 46, 47, 48, 49, 50, 51, 52, 53, 54, 55, 56, 57, 58, 59, 60, 61, 62, 63, 64, 65, 66, 67, 68, 69, 70, 71, 72, 73, 74, 75, 76, 77, 78, 79, 80, 81, 82, 83, 84, 85, 86, 87, 88, 89, 90, 91, 92, 93, 94, 95, 96, 97, 98, 99, 100, 101, 102, 103, 104, 105, 106, 107, 108, 109, 110, 111, 112, 113, 114, 115, 116, 117, 118, 119, 120, 121], 1:[], 2:[], 3:[], 4:[], 5:[], 6:[], 7:[], 8:[], 9:[], 10:[], 11:[], 12:[], 13:[], 14:[], 15:[], 16:[], 17:[], 18:[], 19:[], 20:[], 21:[], 22:[], 23:[], 24:[], 25:[], 26:[], 27:[], 28:[], 29:[], 30:[], 31:[], 32:[], 33:[], 34:[], 35:[], 36:[], 37:[], 38:[], 39:[], 40:[], 41:[], 42:[], 43:[], 44:[], 45:[], 46:[], 47:[], 48:[], 49:[], 50:[], 51:[], 52:[], 53:[], 54:[], 55:[], 56:[], 57:[], 58:[], 59:[], 60:[], 61:[], 62:[], 63:[], 64:[], 65:[], 66:[], 67:[], 68:[], 69:[], 70:[], 71:[], 72:[], 73:[], 74:[], 75:[], 76:[], 77:[], 78:[], 79:[], 80:[], 81:[], 82:[], 83:[], 84:[], 85:[], 86:[], 87:[], 88:[], 89:[], 90:[], 91:[], 92:[], 93:[], 94:[], 95:[], 96:[], 97:[], 98:[], 99:[], 100:[], 101:[], 102:[], 103:[], 104:[], 105:[], 106:[], 107:[], 108:[], 109:[], 110:[], 111:[], 112:[], 113:[], 114:[], 115:[], 116:[], 117:[], 118:[], 119:[], 120:[], 121:[]",21167675528,20118752011
2927,5,8939.2083,8778681,130783720,1043402445,175.8857,false,122,true,true,true,true,true,false,false,"0:[0, 1, 2, 3, 4, 5, 6, 7, 8, 9, 10, 11, 12, 13, 14, 15, 16, 17, 18, 19, 20, 21, 22, 23, 24, 25, 26, 27, 28, 29, 30, 31, 32, 33, 34, 35, 36, 37, 38, 39, 40, 41, 42, 43, 44, 45, 46, 47, 48, 49, 50, 51, 52, 53, 54, 55, 56, 57, 58, 59, 60, 61, 62, 63, 64, 65, 66, 67, 68, 69, 70, 71, 72, 73, 74, 75, 76, 77, 78, 79, 80, 81, 82, 83, 84, 85, 86, 87, 88, 89, 90, 91, 92, 93, 94, 95, 96, 97, 98, 99, 100, 101, 102, 103, 104, 105, 106, 107, 108, 109, 110, 111, 112, 113, 114, 115, 116, 117, 118, 119, 120, 121], 1:[], 2:[], 3:[], 4:[], 5:[], 6:[], 7:[], 8:[], 9:[], 10:[], 11:[], 12:[], 13:[], 14:[], 15:[], 16:[], 17:[], 18:[], 19:[], 20:[], 21:[], 22:[], 23:[], 24:[], 25:[], 26:[], 27:[], 28:[], 29:[], 30:[], 31:[], 32:[], 33:[], 34:[], 35:[], 36:[], 37:[], 38:[], 39:[], 40:[], 41:[], 42:[], 43:[], 44:[], 45:[], 46:[], 47:[], 48:[], 49:[], 50:[], 51:[], 52:[], 53:[], 54:[], 55:[], 56:[], 57:[], 58:[], 59:[], 60:[], 61:[], 62:[], 63:[], 64:[], 65:[], 66:[], 67:[], 68:[], 69:[], 70:[], 71:[], 72:[], 73:[], 74:[], 75:[], 76:[], 77:[], 78:[], 79:[], 80:[], 81:[], 82:[], 83:[], 84:[], 85:[], 86:[], 87:[], 88:[], 89:[], 90:[], 91:[], 92:[], 93:[], 94:[], 95:[], 96:[], 97:[], 98:[], 99:[], 100:[], 101:[], 102:[], 103:[], 104:[], 105:[], 106:[], 107:[], 108:[], 109:[], 110:[], 111:[], 112:[], 113:[], 114:[], 115:[], 116:[], 117:[], 118:[], 119:[], 120:[], 121:[]",21276586632,20277018192
2939,2,9370.0674,8886800,132398063,1056293103,177.7778,false,123,true,true,true,true,true,false,false,"0:[0, 1, 2, 3, 4, 5, 6, 7, 8, 9, 10, 11, 12, 13, 14, 15, 16, 17, 18, 19, 20, 21, 22, 23, 24, 25, 26, 27, 28, 29, 30, 31, 32, 33, 34, 35, 36, 37, 38, 39, 40, 41, 42, 43, 44, 45, 46, 47, 48, 49, 50, 51, 52, 53, 54, 55, 56, 57, 58, 59, 60, 61, 62, 63, 64, 65, 66, 67, 68, 69, 70, 71, 72, 73, 74, 75, 76, 77, 78, 79, 80, 81, 82, 83, 84, 85, 86, 87, 88, 89, 90, 91, 92, 93, 94, 95, 96, 97, 98, 99, 100, 101, 102, 103, 104, 105, 106, 107, 108, 109, 110, 111, 112, 113, 114, 115, 116, 117, 118, 119, 120, 121, 122], 1:[], 2:[], 3:[], 4:[], 5:[], 6:[], 7:[], 8:[], 9:[], 10:[], 11:[], 12:[], 13:[], 14:[], 15:[], 16:[], 17:[], 18:[], 19:[], 20:[], 21:[], 22:[], 23:[], 24:[], 25:[], 26:[], 27:[], 28:[], 29:[], 30:[], 31:[], 32:[], 33:[], 34:[], 35:[], 36:[], 37:[], 38:[], 39:[], 40:[], 41:[], 42:[], 43:[], 44:[], 45:[], 46:[], 47:[], 48:[], 49:[], 50:[], 51:[], 52:[], 53:[], 54:[], 55:[], 56:[], 57:[], 58:[], 59:[], 60:[], 61:[], 62:[], 63:[], 64:[], 65:[], 66:[], 67:[], 68:[], 69:[], 70:[], 71:[], 72:[], 73:[], 74:[], 75:[], 76:[], 77:[], 78:[], 79:[], 80:[], 81:[], 82:[], 83:[], 84:[], 85:[], 86:[], 87:[], 88:[], 89:[], 90:[], 91:[], 92:[], 93:[], 94:[], 95:[], 96:[], 97:[], 98:[], 99:[], 100:[], 101:[], 102:[], 103:[], 104:[], 105:[], 106:[], 107:[], 108:[], 109:[], 110:[], 111:[], 112:[], 113:[], 114:[], 115:[], 116:[], 117:[], 118:[], 119:[], 120:[], 121:[], 122:[]",21408328928,20468489323
2953,5,10401.5783,9014055,134299108,1071477448,174.0566,false,123,true,true,true,true,true,false,false,"0:[0, 1, 2, 3, 4, 5, 6, 7, 8, 9, 10, 11, 12, 13, 14, 15, 16, 17, 18, 19, 20, 21, 22, 23, 24, 25, 26, 27, 28, 29, 30, 31, 32, 33, 34, 35, 36, 37, 38, 39, 40, 41, 42, 43, 44, 45, 46, 47, 48, 49, 50, 51, 52, 53, 54, 55, 56, 57, 58, 59, 60, 61, 62, 63, 64, 65, 66, 67, 68, 69, 70, 71, 72, 73, 74, 75, 76, 77, 78, 79, 80, 81, 82, 83, 84, 85, 86, 87, 88, 89, 90, 91, 92, 93, 94, 95, 96, 97, 98, 99, 100, 101, 102, 103, 104, 105, 106, 107, 108, 109, 110, 111, 112, 113, 114, 115, 116, 117, 118, 119, 120, 121, 122], 1:[], 2:[], 3:[], 4:[], 5:[], 6:[], 7:[], 8:[], 9:[], 10:[], 11:[], 12:[], 13:[], 14:[], 15:[], 16:[], 17:[], 18:[], 19:[], 20:[], 21:[], 22:[], 23:[], 24:[], 25:[], 26:[], 27:[], 28:[], 29:[], 30:[], 31:[], 32:[], 33:[], 34:[], 35:[], 36:[], 37:[], 38:[], 39:[], 40:[], 41:[], 42:[], 43:[], 44:[], 45:[], 46:[], 47:[], 48:[], 49:[], 50:[], 51:[], 52:[], 53:[], 54:[], 55:[], 56:[], 57:[], 58:[], 59:[], 60:[], 61:[], 62:[], 63:[], 64:[], 65:[], 66:[], 67:[], 68:[], 69:[], 70:[], 71:[], 72:[], 73:[], 74:[], 75:[], 76:[], 77:[], 78:[], 79:[], 80:[], 81:[], 82:[], 83:[], 84:[], 85:[], 86:[], 87:[], 88:[], 89:[], 90:[], 91:[], 92:[], 93:[], 94:[], 95:[], 96:[], 97:[], 98:[], 99:[], 100:[], 101:[], 102:[], 103:[], 104:[], 105:[], 106:[], 107:[], 108:[], 109:[], 110:[], 111:[], 112:[], 113:[], 114:[], 115:[], 116:[], 117:[], 118:[], 119:[], 120:[], 121:[], 122:[]",21563466648,22841473996
2957,2,8753.1347,9050636,134845355,1075839500,195.9807,false,124,true,true,true,true,true,false,false,"0:[0, 1, 2, 3, 4, 5, 6, 7, 8, 9, 10, 11, 12, 13, 14, 15, 16, 17, 18, 19, 20, 21, 22, 23, 24, 25, 26, 27, 28, 29, 30, 31, 32, 33, 34, 35, 36, 37, 38, 39, 40, 41, 42, 43, 44, 45, 46, 47, 48, 49, 50, 51, 52, 53, 54, 55, 56, 57, 58, 59, 60, 61, 62, 63, 64, 65, 66, 67, 68, 69, 70, 71, 72, 73, 74, 75, 76, 77, 78, 79, 80, 81, 82, 83, 84, 85, 86, 87, 88, 89, 90, 91, 92, 93, 94, 95, 96, 97, 98, 99, 100, 101, 102, 103, 104, 105, 106, 107, 108, 109, 110, 111, 112, 113, 114, 115, 116, 117, 118, 119, 120, 121, 122, 123], 1:[], 2:[], 3:[], 4:[], 5:[], 6:[], 7:[], 8:[], 9:[], 10:[], 11:[], 12:[], 13:[], 14:[], 15:[], 16:[], 17:[], 18:[], 19:[], 20:[], 21:[], 22:[], 23:[], 24:[], 25:[], 26:[], 27:[], 28:[], 29:[], 30:[], 31:[], 32:[], 33:[], 34:[], 35:[], 36:[], 37:[], 38:[], 39:[], 40:[], 41:[], 42:[], 43:[], 44:[], 45:[], 46:[], 47:[], 48:[], 49:[], 50:[], 51:[], 52:[], 53:[], 54:[], 55:[], 56:[], 57:[], 58:[], 59:[], 60:[], 61:[], 62:[], 63:[], 64:[], 65:[], 66:[], 67:[], 68:[], 69:[], 70:[], 71:[], 72:[], 73:[], 74:[], 75:[], 76:[], 77:[], 78:[], 79:[], 80:[], 81:[], 82:[], 83:[], 84:[], 85:[], 86:[], 87:[], 88:[], 89:[], 90:[], 91:[], 92:[], 93:[], 94:[], 95:[], 96:[], 97:[], 98:[], 99:[], 100:[], 101:[], 102:[], 103:[], 104:[], 105:[], 106:[], 107:[], 108:[], 109:[], 110:[], 111:[], 112:[], 113:[], 114:[], 115:[], 116:[], 117:[], 118:[], 119:[], 120:[], 121:[], 122:[], 123:[]",21608044352,22906262839
2963,2,8597.1638,9105692,135666760,1082396028,198.4244,false,123,true,true,true,true,true,false,false,"0:[0, 1, 2, 3, 4, 5, 6, 7, 8, 9, 10, 11, 12, 13, 14, 15, 16, 17, 18, 19, 20, 21, 22, 23, 24, 25, 26, 27, 28, 29, 30, 31, 32, 33, 34, 35, 36, 37, 38, 39, 40, 41, 42, 43, 44, 45, 46, 47, 48, 49, 50, 51, 52, 53, 54, 55, 56, 57, 58, 59, 60, 61, 62, 63, 64, 65, 66, 67, 68, 69, 70, 71, 72, 73, 74, 75, 76, 77, 78, 79, 80, 81, 82, 83, 84, 85, 86, 87, 88, 89, 90, 91, 92, 93, 94, 95, 96, 97, 98, 99, 100, 101, 102, 103, 104, 105, 106, 107, 108, 109, 110, 111, 112, 113, 114, 115, 116, 117, 118, 119, 120, 121, 122], 1:[], 2:[], 3:[], 4:[], 5:[], 6:[], 7:[], 8:[], 9:[], 10:[], 11:[], 12:[], 13:[], 14:[], 15:[], 16:[], 17:[], 18:[], 19:[], 20:[], 21:[], 22:[], 23:[], 24:[], 25:[], 26:[], 27:[], 28:[], 29:[], 30:[], 31:[], 32:[], 33:[], 34:[], 35:[], 36:[], 37:[], 38:[], 39:[], 40:[], 41:[], 42:[], 43:[], 44:[], 45:[], 46:[], 47:[], 48:[], 49:[], 50:[], 51:[], 52:[], 53:[], 54:[], 55:[], 56:[], 57:[], 58:[], 59:[], 60:[], 61:[], 62:[], 63:[], 64:[], 65:[], 66:[], 67:[], 68:[], 69:[], 70:[], 71:[], 72:[], 73:[], 74:[], 75:[], 76:[], 77:[], 78:[], 79:[], 80:[], 81:[], 82:[], 83:[], 84:[], 85:[], 86:[], 87:[], 88:[], 89:[], 90:[], 91:[], 92:[], 93:[], 94:[], 95:[], 96:[], 97:[], 98:[], 99:[], 100:[], 101:[], 102:[], 103:[], 104:[], 105:[], 106:[], 107:[], 108:[], 109:[], 110:[], 111:[], 112:[], 113:[], 114:[], 115:[], 116:[], 117:[], 118:[], 119:[], 120:[], 121:[], 122:[]",21675078096,23003664664
2969,3,10267.0723,9160972,136492952,1088996435,194.1432,false,124,true,true,true,true,true,false,false,"0:[0, 1, 2, 3, 4, 5, 6, 7, 8, 9, 10, 11, 12, 13, 14, 15, 16, 17, 18, 19, 20, 21, 22, 23, 24, 25, 26, 27, 28, 29, 30, 31, 32, 33, 34, 35, 36, 37, 38, 39, 40, 41, 42, 43, 44, 45, 46, 47, 48, 49, 50, 51, 52, 53, 54, 55, 56, 57, 58, 59, 60, 61, 62, 63, 64, 65, 66, 67, 68, 69, 70, 71, 72, 73, 74, 75, 76, 77, 78, 79, 80, 81, 82, 83, 84, 85, 86, 87, 88, 89, 90, 91, 92, 93, 94, 95, 96, 97, 98, 99, 100, 101, 102, 103, 104, 105, 106, 107, 108, 109, 110, 111, 112, 113, 114, 115, 116, 117, 118, 119, 120, 121, 122, 123], 1:[], 2:[], 3:[], 4:[], 5:[], 6:[], 7:[], 8:[], 9:[], 10:[], 11:[], 12:[], 13:[], 14:[], 15:[], 16:[], 17:[], 18:[], 19:[], 20:[], 21:[], 22:[], 23:[], 24:[], 25:[], 26:[], 27:[], 28:[], 29:[], 30:[], 31:[], 32:[], 33:[], 34:[], 35:[], 36:[], 37:[], 38:[], 39:[], 40:[], 41:[], 42:[], 43:[], 44:[], 45:[], 46:[], 47:[], 48:[], 49:[], 50:[], 51:[], 52:[], 53:[], 54:[], 55:[], 56:[], 57:[], 58:[], 59:[], 60:[], 61:[], 62:[], 63:[], 64:[], 65:[], 66:[], 67:[], 68:[], 69:[], 70:[], 71:[], 72:[], 73:[], 74:[], 75:[], 76:[], 77:[], 78:[], 79:[], 80:[], 81:[], 82:[], 83:[], 84:[], 85:[], 86:[], 87:[], 88:[], 89:[], 90:[], 91:[], 92:[], 93:[], 94:[], 95:[], 96:[], 97:[], 98:[], 99:[], 100:[], 101:[], 102:[], 103:[], 104:[], 105:[], 106:[], 107:[], 108:[], 109:[], 110:[], 111:[], 112:[], 113:[], 114:[], 115:[], 116:[], 117:[], 118:[], 119:[], 120:[], 121:[], 122:[], 123:[]",22480697680,23101678920
2971,2,9851.5443,9179447,136768108,1091190761,181.4141,false,124,true,true,true,true,true,false,false,"0:[0, 1, 2, 3, 4, 5, 6, 7, 8, 9, 10, 11, 12, 13, 14, 15, 16, 17, 18, 19, 20, 21, 22, 23, 24, 25, 26, 27, 28, 29, 30, 31, 32, 33, 34, 35, 36, 37, 38, 39, 40, 41, 42, 43, 44, 45, 46, 47, 48, 49, 50, 51, 52, 53, 54, 55, 56, 57, 58, 59, 60, 61, 62, 63, 64, 65, 66, 67, 68, 69, 70, 71, 72, 73, 74, 75, 76, 77, 78, 79, 80, 81, 82, 83, 84, 85, 86, 87, 88, 89, 90, 91, 92, 93, 94, 95, 96, 97, 98, 99, 100, 101, 102, 103, 104, 105, 106, 107, 108, 109, 110, 111, 112, 113, 114, 115, 116, 117, 118, 119, 120, 121, 122, 123], 1:[], 2:[], 3:[], 4:[], 5:[], 6:[], 7:[], 8:[], 9:[], 10:[], 11:[], 12:[], 13:[], 14:[], 15:[], 16:[], 17:[], 18:[], 19:[], 20:[], 21:[], 22:[], 23:[], 24:[], 25:[], 26:[], 27:[], 28:[], 29:[], 30:[], 31:[], 32:[], 33:[], 34:[], 35:[], 36:[], 37:[], 38:[], 39:[], 40:[], 41:[], 42:[], 43:[], 44:[], 45:[], 46:[], 47:[], 48:[], 49:[], 50:[], 51:[], 52:[], 53:[], 54:[], 55:[], 56:[], 57:[], 58:[], 59:[], 60:[], 61:[], 62:[], 63:[], 64:[], 65:[], 66:[], 67:[], 68:[], 69:[], 70:[], 71:[], 72:[], 73:[], 74:[], 75:[], 76:[], 77:[], 78:[], 79:[], 80:[], 81:[], 82:[], 83:[], 84:[], 85:[], 86:[], 87:[], 88:[], 89:[], 90:[], 91:[], 92:[], 93:[], 94:[], 95:[], 96:[], 97:[], 98:[], 99:[], 100:[], 101:[], 102:[], 103:[], 104:[], 105:[], 106:[], 107:[], 108:[], 109:[], 110:[], 111:[], 112:[], 113:[], 114:[], 115:[], 116:[], 117:[], 118:[], 119:[], 120:[], 121:[], 122:[], 123:[]",22503153560,23134292084
2999,17,10473.4138,9440726,140669789,1122348195,208.8807,false,124,true,true,true,true,true,false,false,"0:[0, 1, 2, 3, 4, 5, 6, 7, 8, 9, 10, 11, 12, 13, 14, 15, 16, 17, 18, 19, 20, 21, 22, 23, 24, 25, 26, 27, 28, 29, 30, 31, 32, 33, 34, 35, 36, 37, 38, 39, 40, 41, 42, 43, 44, 45, 46, 47, 48, 49, 50, 51, 52, 53, 54, 55, 56, 57, 58, 59, 60, 61, 62, 63, 64, 65, 66, 67, 68, 69, 70, 71, 72, 73, 74, 75, 76, 77, 78, 79, 80, 81, 82, 83, 84, 85, 86, 87, 88, 89, 90, 91, 92, 93, 94, 95, 96, 97, 98, 99, 100, 101, 102, 103, 104, 105, 106, 107, 108, 109, 110, 111, 112, 113, 114, 115, 116, 117, 118, 119, 120, 121, 122, 123], 1:[], 2:[], 3:[], 4:[], 5:[], 6:[], 7:[], 8:[], 9:[], 10:[], 11:[], 12:[], 13:[], 14:[], 15:[], 16:[], 17:[], 18:[], 19:[], 20:[], 21:[], 22:[], 23:[], 24:[], 25:[], 26:[], 27:[], 28:[], 29:[], 30:[], 31:[], 32:[], 33:[], 34:[], 35:[], 36:[], 37:[], 38:[], 39:[], 40:[], 41:[], 42:[], 43:[], 44:[], 45:[], 46:[], 47:[], 48:[], 49:[], 50:[], 51:[], 52:[], 53:[], 54:[], 55:[], 56:[], 57:[], 58:[], 59:[], 60:[], 61:[], 62:[], 63:[], 64:[], 65:[], 66:[], 67:[], 68:[], 69:[], 70:[], 71:[], 72:[], 73:[], 74:[], 75:[], 76:[], 77:[], 78:[], 79:[], 80:[], 81:[], 82:[], 83:[], 84:[], 85:[], 86:[], 87:[], 88:[], 89:[], 90:[], 91:[], 92:[], 93:[], 94:[], 95:[], 96:[], 97:[], 98:[], 99:[], 100:[], 101:[], 102:[], 103:[], 104:[], 105:[], 106:[], 107:[], 108:[], 109:[], 110:[], 111:[], 112:[], 113:[], 114:[], 115:[], 116:[], 117:[], 118:[], 119:[], 120:[], 121:[], 122:[], 123:[]",22821558736,23597057505
3001,7,11430.3649,9459575,140952100,1124606038,187.3351,false,126,true,true,true,true,true,false,false,"0:[0, 1, 2, 3, 4, 5, 6, 7, 8, 9, 10, 11, 12, 13, 14, 15, 16, 17, 18, 19, 20, 21, 22, 23, 24, 25, 26, 27, 28, 29, 30, 31, 32, 33, 34, 35, 36, 37, 38, 39, 40, 41, 42, 43, 44, 45, 46, 47, 48, 49, 50, 51, 52, 53, 54, 55, 56, 57, 58, 59, 60, 61, 62, 63, 64, 65, 66, 67, 68, 69, 70, 71, 72, 73, 74, 75, 76, 77, 78, 79, 80, 81, 82, 83, 84, 85, 86, 87, 88, 89, 90, 91, 92, 93, 94, 95, 96, 97, 98, 99, 100, 101, 102, 103, 104, 105, 106, 107, 108, 109, 110, 111, 112, 113, 114, 115, 116, 117, 118, 119, 120, 121, 122, 123, 124, 125], 1:[], 2:[], 3:[], 4:[], 5:[], 6:[], 7:[], 8:[], 9:[], 10:[], 11:[], 12:[], 13:[], 14:[], 15:[], 16:[], 17:[], 18:[], 19:[], 20:[], 21:[], 22:[], 23:[], 24:[], 25:[], 26:[], 27:[], 28:[], 29:[], 30:[], 31:[], 32:[], 33:[], 34:[], 35:[], 36:[], 37:[], 38:[], 39:[], 40:[], 41:[], 42:[], 43:[], 44:[], 45:[], 46:[], 47:[], 48:[], 49:[], 50:[], 51:[], 52:[], 53:[], 54:[], 55:[], 56:[], 57:[], 58:[], 59:[], 60:[], 61:[], 62:[], 63:[], 64:[], 65:[], 66:[], 67:[], 68:[], 69:[], 70:[], 71:[], 72:[], 73:[], 74:[], 75:[], 76:[], 77:[], 78:[], 79:[], 80:[], 81:[], 82:[], 83:[], 84:[], 85:[], 86:[], 87:[], 88:[], 89:[], 90:[], 91:[], 92:[], 93:[], 94:[], 95:[], 96:[], 97:[], 98:[], 99:[], 100:[], 101:[], 102:[], 103:[], 104:[], 105:[], 106:[], 107:[], 108:[], 109:[], 110:[], 111:[], 112:[], 113:[], 114:[], 115:[], 116:[], 117:[], 118:[], 119:[], 120:[], 121:[], 122:[], 123:[], 124:[], 125:[]",22844595992,23630565452
3011,2,8992.3078,9554202,142364438,1135881397,210.5727,false,126,true,true,true,true,true,false,false,"0:[0, 1, 2, 3, 4, 5, 6, 7, 8, 9, 10, 11, 12, 13, 14, 15, 16, 17, 18, 19, 20, 21, 22, 23, 24, 25, 26, 27, 28, 29, 30, 31, 32, 33, 34, 35, 36, 37, 38, 39, 40, 41, 42, 43, 44, 45, 46, 47, 48, 49, 50, 51, 52, 53, 54, 55, 56, 57, 58, 59, 60, 61, 62, 63, 64, 65, 66, 67, 68, 69, 70, 71, 72, 73, 74, 75, 76, 77, 78, 79, 80, 81, 82, 83, 84, 85, 86, 87, 88, 89, 90, 91, 92, 93, 94, 95, 96, 97, 98, 99, 100, 101, 102, 103, 104, 105, 106, 107, 108, 109, 110, 111, 112, 113, 114, 115, 116, 117, 118, 119, 120, 121, 122, 123, 124, 125], 1:[], 2:[], 3:[], 4:[], 5:[], 6:[], 7:[], 8:[], 9:[], 10:[], 11:[], 12:[], 13:[], 14:[], 15:[], 16:[], 17:[], 18:[], 19:[], 20:[], 21:[], 22:[], 23:[], 24:[], 25:[], 26:[], 27:[], 28:[], 29:[], 30:[], 31:[], 32:[], 33:[], 34:[], 35:[], 36:[], 37:[], 38:[], 39:[], 40:[], 41:[], 42:[], 43:[], 44:[], 45:[], 46:[], 47:[], 48:[], 49:[], 50:[], 51:[], 52:[], 53:[], 54:[], 55:[], 56:[], 57:[], 58:[], 59:[], 60:[], 61:[], 62:[], 63:[], 64:[], 65:[], 66:[], 67:[], 68:[], 69:[], 70:[], 71:[], 72:[], 73:[], 74:[], 75:[], 76:[], 77:[], 78:[], 79:[], 80:[], 81:[], 82:[], 83:[], 84:[], 85:[], 86:[], 87:[], 88:[], 89:[], 90:[], 91:[], 92:[], 93:[], 94:[], 95:[], 96:[], 97:[], 98:[], 99:[], 100:[], 101:[], 102:[], 103:[], 104:[], 105:[], 106:[], 107:[], 108:[], 109:[], 110:[], 111:[], 112:[], 113:[], 114:[], 115:[], 116:[], 117:[], 118:[], 119:[], 120:[], 121:[], 122:[], 123:[], 124:[], 125:[]",22959854080,23798055054
3019,2,9106.2458,9630357,143501735,1144963748,190.3336,false,126,true,true,true,true,true,false,false,"0:[0, 1, 2, 3, 4, 5, 6, 7, 8, 9, 10, 11, 12, 13, 14, 15, 16, 17, 18, 19, 20, 21, 22, 23, 24, 25, 26, 27, 28, 29, 30, 31, 32, 33, 34, 35, 36, 37, 38, 39, 40, 41, 42, 43, 44, 45, 46, 47, 48, 49, 50, 51, 52, 53, 54, 55, 56, 57, 58, 59, 60, 61, 62, 63, 64, 65, 66, 67, 68, 69, 70, 71, 72, 73, 74, 75, 76, 77, 78, 79, 80, 81, 82, 83, 84, 85, 86, 87, 88, 89, 90, 91, 92, 93, 94, 95, 96, 97, 98, 99, 100, 101, 102, 103, 104, 105, 106, 107, 108, 109, 110, 111, 112, 113, 114, 115, 116, 117, 118, 119, 120, 121, 122, 123, 124, 125], 1:[], 2:[], 3:[], 4:[], 5:[], 6:[], 7:[], 8:[], 9:[], 10:[], 11:[], 12:[], 13:[], 14:[], 15:[], 16:[], 17:[], 18:[], 19:[], 20:[], 21:[], 22:[], 23:[], 24:[], 25:[], 26:[], 27:[], 28:[], 29:[], 30:[], 31:[], 32:[], 33:[], 34:[], 35:[], 36:[], 37:[], 38:[], 39:[], 40:[], 41:[], 42:[], 43:[], 44:[], 45:[], 46:[], 47:[], 48:[], 49:[], 50:[], 51:[], 52:[], 53:[], 54:[], 55:[], 56:[], 57:[], 58:[], 59:[], 60:[], 61:[], 62:[], 63:[], 64:[], 65:[], 66:[], 67:[], 68:[], 69:[], 70:[], 71:[], 72:[], 73:[], 74:[], 75:[], 76:[], 77:[], 78:[], 79:[], 80:[], 81:[], 82:[], 83:[], 84:[], 85:[], 86:[], 87:[], 88:[], 89:[], 90:[], 91:[], 92:[], 93:[], 94:[], 95:[], 96:[], 97:[], 98:[], 99:[], 100:[], 101:[], 102:[], 103:[], 104:[], 105:[], 106:[], 107:[], 108:[], 109:[], 110:[], 111:[], 112:[], 113:[], 114:[], 115:[], 116:[], 117:[], 118:[], 119:[], 120:[], 121:[], 122:[], 123:[], 124:[], 125:[]",23052665560,23932946619
3023,5,10076.1907,9668585,144072621,1149522710,195.2055,false,126,true,true,true,true,true,false,false,"0:[0, 1, 2, 3, 4, 5, 6, 7, 8, 9, 10, 11, 12, 13, 14, 15, 16, 17, 18, 19, 20, 21, 22, 23, 24, 25, 26, 27, 28, 29, 30, 31, 32, 33, 34, 35, 36, 37, 38, 39, 40, 41, 42, 43, 44, 45, 46, 47, 48, 49, 50, 51, 52, 53, 54, 55, 56, 57, 58, 59, 60, 61, 62, 63, 64, 65, 66, 67, 68, 69, 70, 71, 72, 73, 74, 75, 76, 77, 78, 79, 80, 81, 82, 83, 84, 85, 86, 87, 88, 89, 90, 91, 92, 93, 94, 95, 96, 97, 98, 99, 100, 101, 102, 103, 104, 105, 106, 107, 108, 109, 110, 111, 112, 113, 114, 115, 116, 117, 118, 119, 120, 121, 122, 123, 124, 125], 1:[], 2:[], 3:[], 4:[], 5:[], 6:[], 7:[], 8:[], 9:[], 10:[], 11:[], 12:[], 13:[], 14:[], 15:[], 16:[], 17:[], 18:[], 19:[], 20:[], 21:[], 22:[], 23:[], 24:[], 25:[], 26:[], 27:[], 28:[], 29:[], 30:[], 31:[], 32:[], 33:[], 34:[], 35:[], 36:[], 37:[], 38:[], 39:[], 40:[], 41:[], 42:[], 43:[], 44:[], 45:[], 46:[], 47:[], 48:[], 49:[], 50:[], 51:[], 52:[], 53:[], 54:[], 55:[], 56:[], 57:[], 58:[], 59:[], 60:[], 61:[], 62:[], 63:[], 64:[], 65:[], 66:[], 67:[], 68:[], 69:[], 70:[], 71:[], 72:[], 73:[], 74:[], 75:[], 76:[], 77:[], 78:[], 79:[], 80:[], 81:[], 82:[], 83:[], 84:[], 85:[], 86:[], 87:[], 88:[], 89:[], 90:[], 91:[], 92:[], 93:[], 94:[], 95:[], 96:[], 97:[], 98:[], 99:[], 100:[], 101:[], 102:[], 103:[], 104:[], 105:[], 106:[], 107:[], 108:[], 109:[], 110:[], 111:[], 112:[], 113:[], 114:[], 115:[], 116:[], 117:[], 118:[], 119:[], 120:[], 121:[], 122:[], 123:[], 124:[], 125:[]",23099253912,24000657305
3037,2,10865.3770,9803181,146083497,1165584657,197.7504,false,127,true,true,true,true,true,false,false,"0:[0, 1, 2, 3, 4, 5, 6, 7, 8, 9, 10, 11, 12, 13, 14, 15, 16, 17, 18, 19, 20, 21, 22, 23, 24, 25, 26, 27, 28, 29, 30, 31, 32, 33, 34, 35, 36, 37, 38, 39, 40, 41, 42, 43, 44, 45, 46, 47, 48, 49, 50, 51, 52, 53, 54, 55, 56, 57, 58, 59, 60, 61, 62, 63, 64, 65, 66, 67, 68, 69, 70, 71, 72, 73, 74, 75, 76, 77, 78, 79, 80, 81, 82, 83, 84, 85, 86, 87, 88, 89, 90, 91, 92, 93, 94, 95, 96, 97, 98, 99, 100, 101, 102, 103, 104, 105, 106, 107, 108, 109, 110, 111, 112, 113, 114, 115, 116, 117, 118, 119, 120, 121, 122, 123, 124, 125, 126], 1:[], 2:[], 3:[], 4:[], 5:[], 6:[], 7:[], 8:[], 9:[], 10:[], 11:[], 12:[], 13:[], 14:[], 15:[], 16:[], 17:[], 18:[], 19:[], 20:[], 21:[], 22:[], 23:[], 24:[], 25:[], 26:[], 27:[], 28:[], 29:[], 30:[], 31:[], 32:[], 33:[], 34:[], 35:[], 36:[], 37:[], 38:[], 39:[], 40:[], 41:[], 42:[], 43:[], 44:[], 45:[], 46:[], 47:[], 48:[], 49:[], 50:[], 51:[], 52:[], 53:[], 54:[], 55:[], 56:[], 57:[], 58:[], 59:[], 60:[], 61:[], 62:[], 63:[], 64:[], 65:[], 66:[], 67:[], 68:[], 69:[], 70:[], 71:[], 72:[], 73:[], 74:[], 75:[], 76:[], 77:[], 78:[], 79:[], 80:[], 81:[], 82:[], 83:[], 84:[], 85:[], 86:[], 87:[], 88:[], 89:[], 90:[], 91:[], 92:[], 93:[], 94:[], 95:[], 96:[], 97:[], 98:[], 99:[], 100:[], 101:[], 102:[], 103:[], 104:[], 105:[], 106:[], 107:[], 108:[], 109:[], 110:[], 111:[], 112:[], 113:[], 114:[], 115:[], 116:[], 117:[], 118:[], 119:[], 120:[], 121:[], 122:[], 123:[], 124:[], 125:[], 126:[]",23263354296,24239184485
3041,3,12228.8293,9841865,146661202,1170198026,186.6550,false,127,true,true,true,true,true,false,false,"0:[0, 1, 2, 3, 4, 5, 6, 7, 8, 9, 10, 11, 12, 13, 14, 15, 16, 17, 18, 19, 20, 21, 22, 23, 24, 25, 26, 27, 28, 29, 30, 31, 32, 33, 34, 35, 36, 37, 38, 39, 40, 41, 42, 43, 44, 45, 46, 47, 48, 49, 50, 51, 52, 53, 54, 55, 56, 57, 58, 59, 60, 61, 62, 63, 64, 65, 66, 67, 68, 69, 70, 71, 72, 73, 74, 75, 76, 77, 78, 79, 80, 81, 82, 83, 84, 85, 86, 87, 88, 89, 90, 91, 92, 93, 94, 95, 96, 97, 98, 99, 100, 101, 102, 103, 104, 105, 106, 107, 108, 109, 110, 111, 112, 113, 114, 115, 116, 117, 118, 119, 120, 121, 122, 123, 124, 125, 126], 1:[], 2:[], 3:[], 4:[], 5:[], 6:[], 7:[], 8:[], 9:[], 10:[], 11:[], 12:[], 13:[], 14:[], 15:[], 16:[], 17:[], 18:[], 19:[], 20:[], 21:[], 22:[], 23:[], 24:[], 25:[], 26:[], 27:[], 28:[], 29:[], 30:[], 31:[], 32:[], 33:[], 34:[], 35:[], 36:[], 37:[], 38:[], 39:[], 40:[], 41:[], 42:[], 43:[], 44:[], 45:[], 46:[], 47:[], 48:[], 49:[], 50:[], 51:[], 52:[], 53:[], 54:[], 55:[], 56:[], 57:[], 58:[], 59:[], 60:[], 61:[], 62:[], 63:[], 64:[], 65:[], 66:[], 67:[], 68:[], 69:[], 70:[], 71:[], 72:[], 73:[], 74:[], 75:[], 76:[], 77:[], 78:[], 79:[], 80:[], 81:[], 82:[], 83:[], 84:[], 85:[], 86:[], 87:[], 88:[], 89:[], 90:[], 91:[], 92:[], 93:[], 94:[], 95:[], 96:[], 97:[], 98:[], 99:[], 100:[], 101:[], 102:[], 103:[], 104:[], 105:[], 106:[], 107:[], 108:[], 109:[], 110:[], 111:[], 112:[], 113:[], 114:[], 115:[], 116:[], 117:[], 118:[], 119:[], 120:[], 121:[], 122:[], 123:[], 124:[], 125:[], 126:[]",23310499112,24307703906
3049,11,13345.3547,9919539,147821222,1179461906,197.1316,false,128,true,true,true,true,true,false,false,"0:[0, 1, 2, 3, 4, 5, 6, 7, 8, 9, 10, 11, 12, 13, 14, 15, 16, 17, 18, 19, 20, 21, 22, 23, 24, 25, 26, 27, 28, 29, 30, 31, 32, 33, 34, 35, 36, 37, 38, 39, 40, 41, 42, 43, 44, 45, 46, 47, 48, 49, 50, 51, 52, 53, 54, 55, 56, 57, 58, 59, 60, 61, 62, 63, 64, 65, 66, 67, 68, 69, 70, 71, 72, 73, 74, 75, 76, 77, 78, 79, 80, 81, 82, 83, 84, 85, 86, 87, 88, 89, 90, 91, 92, 93, 94, 95, 96, 97, 98, 99, 100, 101, 102, 103, 104, 105, 106, 107, 108, 109, 110, 111, 112, 113, 114, 115, 116, 117, 118, 119, 120, 121, 122, 123, 124, 125, 126, 127], 1:[], 2:[], 3:[], 4:[], 5:[], 6:[], 7:[], 8:[], 9:[], 10:[], 11:[], 12:[], 13:[], 14:[], 15:[], 16:[], 17:[], 18:[], 19:[], 20:[], 21:[], 22:[], 23:[], 24:[], 25:[], 26:[], 27:[], 28:[], 29:[], 30:[], 31:[], 32:[], 33:[], 34:[], 35:[], 36:[], 37:[], 38:[], 39:[], 40:[], 41:[], 42:[], 43:[], 44:[], 45:[], 46:[], 47:[], 48:[], 49:[], 50:[], 51:[], 52:[], 53:[], 54:[], 55:[], 56:[], 57:[], 58:[], 59:[], 60:[], 61:[], 62:[], 63:[], 64:[], 65:[], 66:[], 67:[], 68:[], 69:[], 70:[], 71:[], 72:[], 73:[], 74:[], 75:[], 76:[], 77:[], 78:[], 79:[], 80:[], 81:[], 82:[], 83:[], 84:[], 85:[], 86:[], 87:[], 88:[], 89:[], 90:[], 91:[], 92:[], 93:[], 94:[], 95:[], 96:[], 97:[], 98:[], 99:[], 100:[], 101:[], 102:[], 103:[], 104:[], 105:[], 106:[], 107:[], 108:[], 109:[], 110:[], 111:[], 112:[], 113:[], 114:[], 115:[], 116:[], 117:[], 118:[], 119:[], 120:[], 121:[], 122:[], 123:[], 124:[], 125:[], 126:[], 127:[]",23405164888,24445290358
3061,2,9767.2650,10036813,149572679,1193449032,214.1969,false,127,true,true,true,true,true,false,false,"0:[0, 1, 2, 3, 4, 5, 6, 7, 8, 9, 10, 11, 12, 13, 14, 15, 16, 17, 18, 19, 20, 21, 22, 23, 24, 25, 26, 27, 28, 29, 30, 31, 32, 33, 34, 35, 36, 37, 38, 39, 40, 41, 42, 43, 44, 45, 46, 47, 48, 49, 50, 51, 52, 53, 54, 55, 56, 57, 58, 59, 60, 61, 62, 63, 64, 65, 66, 67, 68, 69, 70, 71, 72, 73, 74, 75, 76, 77, 78, 79, 80, 81, 82, 83, 84, 85, 86, 87, 88, 89, 90, 91, 92, 93, 94, 95, 96, 97, 98, 99, 100, 101, 102, 103, 104, 105, 106, 107, 108, 109, 110, 111, 112, 113, 114, 115, 116, 117, 118, 119, 120, 121, 122, 123, 124, 125, 126], 1:[], 2:[], 3:[], 4:[], 5:[], 6:[], 7:[], 8:[], 9:[], 10:[], 11:[], 12:[], 13:[], 14:[], 15:[], 16:[], 17:[], 18:[], 19:[], 20:[], 21:[], 22:[], 23:[], 24:[], 25:[], 26:[], 27:[], 28:[], 29:[], 30:[], 31:[], 32:[], 33:[], 34:[], 35:[], 36:[], 37:[], 38:[], 39:[], 40:[], 41:[], 42:[], 43:[], 44:[], 45:[], 46:[], 47:[], 48:[], 49:[], 50:[], 51:[], 52:[], 53:[], 54:[], 55:[], 56:[], 57:[], 58:[], 59:[], 60:[], 61:[], 62:[], 63:[], 64:[], 65:[], 66:[], 67:[], 68:[], 69:[], 70:[], 71:[], 72:[], 73:[], 74:[], 75:[], 76:[], 77:[], 78:[], 79:[], 80:[], 81:[], 82:[], 83:[], 84:[], 85:[], 86:[], 87:[], 88:[], 89:[], 90:[], 91:[], 92:[], 93:[], 94:[], 95:[], 96:[], 97:[], 98:[], 99:[], 100:[], 101:[], 102:[], 103:[], 104:[], 105:[], 106:[], 107:[], 108:[], 109:[], 110:[], 111:[], 112:[], 113:[], 114:[], 115:[], 116:[], 117:[], 118:[], 119:[], 120:[], 121:[], 122:[], 123:[], 124:[], 125:[], 126:[]",23548096024,24653025051
3067,2,9904.5831,10095795,150452845,1200475281,212.7733,false,127,true,true,true,true,true,false,false,"0:[0, 1, 2, 3, 4, 5, 6, 7, 8, 9, 10, 11, 12, 13, 14, 15, 16, 17, 18, 19, 20, 21, 22, 23, 24, 25, 26, 27, 28, 29, 30, 31, 32, 33, 34, 35, 36, 37, 38, 39, 40, 41, 42, 43, 44, 45, 46, 47, 48, 49, 50, 51, 52, 53, 54, 55, 56, 57, 58, 59, 60, 61, 62, 63, 64, 65, 66, 67, 68, 69, 70, 71, 72, 73, 74, 75, 76, 77, 78, 79, 80, 81, 82, 83, 84, 85, 86, 87, 88, 89, 90, 91, 92, 93, 94, 95, 96, 97, 98, 99, 100, 101, 102, 103, 104, 105, 106, 107, 108, 109, 110, 111, 112, 113, 114, 115, 116, 117, 118, 119, 120, 121, 122, 123, 124, 125, 126], 1:[], 2:[], 3:[], 4:[], 5:[], 6:[], 7:[], 8:[], 9:[], 10:[], 11:[], 12:[], 13:[], 14:[], 15:[], 16:[], 17:[], 18:[], 19:[], 20:[], 21:[], 22:[], 23:[], 24:[], 25:[], 26:[], 27:[], 28:[], 29:[], 30:[], 31:[], 32:[], 33:[], 34:[], 35:[], 36:[], 37:[], 38:[], 39:[], 40:[], 41:[], 42:[], 43:[], 44:[], 45:[], 46:[], 47:[], 48:[], 49:[], 50:[], 51:[], 52:[], 53:[], 54:[], 55:[], 56:[], 57:[], 58:[], 59:[], 60:[], 61:[], 62:[], 63:[], 64:[], 65:[], 66:[], 67:[], 68:[], 69:[], 70:[], 71:[], 72:[], 73:[], 74:[], 75:[], 76:[], 77:[], 78:[], 79:[], 80:[], 81:[], 82:[], 83:[], 84:[], 85:[], 86:[], 87:[], 88:[], 89:[], 90:[], 91:[], 92:[], 93:[], 94:[], 95:[], 96:[], 97:[], 98:[], 99:[], 100:[], 101:[], 102:[], 103:[], 104:[], 105:[], 106:[], 107:[], 108:[], 109:[], 110:[], 111:[], 112:[], 113:[], 114:[], 115:[], 116:[], 117:[], 118:[], 119:[], 120:[], 121:[], 122:[], 123:[], 124:[], 125:[], 126:[]",23619924872,24757395593
3079,3,10195.6433,10214453,152224953,1214627185,219.3711,false,128,true,true,true,true,true,false,false,"0:[0, 1, 2, 3, 4, 5, 6, 7, 8, 9, 10, 11, 12, 13, 14, 15, 16, 17, 18, 19, 20, 21, 22, 23, 24, 25, 26, 27, 28, 29, 30, 31, 32, 33, 34, 35, 36, 37, 38, 39, 40, 41, 42, 43, 44, 45, 46, 47, 48, 49, 50, 51, 52, 53, 54, 55, 56, 57, 58, 59, 60, 61, 62, 63, 64, 65, 66, 67, 68, 69, 70, 71, 72, 73, 74, 75, 76, 77, 78, 79, 80, 81, 82, 83, 84, 85, 86, 87, 88, 89, 90, 91, 92, 93, 94, 95, 96, 97, 98, 99, 100, 101, 102, 103, 104, 105, 106, 107, 108, 109, 110, 111, 112, 113, 114, 115, 116, 117, 118, 119, 120, 121, 122, 123, 124, 125, 126, 127], 1:[], 2:[], 3:[], 4:[], 5:[], 6:[], 7:[], 8:[], 9:[], 10:[], 11:[], 12:[], 13:[], 14:[], 15:[], 16:[], 17:[], 18:[], 19:[], 20:[], 21:[], 22:[], 23:[], 24:[], 25:[], 26:[], 27:[], 28:[], 29:[], 30:[], 31:[], 32:[], 33:[], 34:[], 35:[], 36:[], 37:[], 38:[], 39:[], 40:[], 41:[], 42:[], 43:[], 44:[], 45:[], 46:[], 47:[], 48:[], 49:[], 50:[], 51:[], 52:[], 53:[], 54:[], 55:[], 56:[], 57:[], 58:[], 59:[], 60:[], 61:[], 62:[], 63:[], 64:[], 65:[], 66:[], 67:[], 68:[], 69:[], 70:[], 71:[], 72:[], 73:[], 74:[], 75:[], 76:[], 77:[], 78:[], 79:[], 80:[], 81:[], 82:[], 83:[], 84:[], 85:[], 86:[], 87:[], 88:[], 89:[], 90:[], 91:[], 92:[], 93:[], 94:[], 95:[], 96:[], 97:[], 98:[], 99:[], 100:[], 101:[], 102:[], 103:[], 104:[], 105:[], 106:[], 107:[], 108:[], 109:[], 110:[], 111:[], 112:[], 113:[], 114:[], 115:[], 116:[], 117:[], 118:[], 119:[], 120:[], 121:[], 122:[], 123:[], 124:[], 125:[], 126:[], 127:[]",23764541304,24967579189
3083,2,10634.3631,10254210,152818775,1219369725,272.4650,false,128,true,true,true,true,true,false,false,"0:[0, 1, 2, 3, 4, 5, 6, 7, 8, 9, 10, 11, 12, 13, 14, 15, 16, 17, 18, 19, 20, 21, 22, 23, 24, 25, 26, 27, 28, 29, 30, 31, 32, 33, 34, 35, 36, 37, 38, 39, 40, 41, 42, 43, 44, 45, 46, 47, 48, 49, 50, 51, 52, 53, 54, 55, 56, 57, 58, 59, 60, 61, 62, 63, 64, 65, 66, 67, 68, 69, 70, 71, 72, 73, 74, 75, 76, 77, 78, 79, 80, 81, 82, 83, 84, 85, 86, 87, 88, 89, 90, 91, 92, 93, 94, 95, 96, 97, 98, 99, 100, 101, 102, 103, 104, 105, 106, 107, 108, 109, 110, 111, 112, 113, 114, 115, 116, 117, 118, 119, 120, 121, 122, 123, 124, 125, 126, 127], 1:[], 2:[], 3:[], 4:[], 5:[], 6:[], 7:[], 8:[], 9:[], 10:[], 11:[], 12:[], 13:[], 14:[], 15:[], 16:[], 17:[], 18:[], 19:[], 20:[], 21:[], 22:[], 23:[], 24:[], 25:[], 26:[], 27:[], 28:[], 29:[], 30:[], 31:[], 32:[], 33:[], 34:[], 35:[], 36:[], 37:[], 38:[], 39:[], 40:[], 41:[], 42:[], 43:[], 44:[], 45:[], 46:[], 47:[], 48:[], 49:[], 50:[], 51:[], 52:[], 53:[], 54:[], 55:[], 56:[], 57:[], 58:[], 59:[], 60:[], 61:[], 62:[], 63:[], 64:[], 65:[], 66:[], 67:[], 68:[], 69:[], 70:[], 71:[], 72:[], 73:[], 74:[], 75:[], 76:[], 77:[], 78:[], 79:[], 80:[], 81:[], 82:[], 83:[], 84:[], 85:[], 86:[], 87:[], 88:[], 89:[], 90:[], 91:[], 92:[], 93:[], 94:[], 95:[], 96:[], 97:[], 98:[], 99:[], 100:[], 101:[], 102:[], 103:[], 104:[], 105:[], 106:[], 107:[], 108:[], 109:[], 110:[], 111:[], 112:[], 113:[], 114:[], 115:[], 116:[], 117:[], 118:[], 119:[], 120:[], 121:[], 122:[], 123:[], 124:[], 125:[], 126:[], 127:[]",23813001232,25038010563
3089,3,12112.4016,10314041,153713137,1226515313,200.4400,false,129,true,true,true,true,true,false,false,"0:[0, 1, 2, 3, 4, 5, 6, 7, 8, 9, 10, 11, 12, 13, 14, 15, 16, 17, 18, 19, 20, 21, 22, 23, 24, 25, 26, 27, 28, 29, 30, 31, 32, 33, 34, 35, 36, 37, 38, 39, 40, 41, 42, 43, 44, 45, 46, 47, 48, 49, 50, 51, 52, 53, 54, 55, 56, 57, 58, 59, 60, 61, 62, 63, 64, 65, 66, 67, 68, 69, 70, 71, 72, 73, 74, 75, 76, 77, 78, 79, 80, 81, 82, 83, 84, 85, 86, 87, 88, 89, 90, 91, 92, 93, 94, 95, 96, 97, 98, 99, 100, 101, 102, 103, 104, 105, 106, 107, 108, 109, 110, 111, 112, 113, 114, 115, 116, 117, 118, 119, 120, 121, 122, 123, 124, 125, 126, 127, 128], 1:[], 2:[], 3:[], 4:[], 5:[], 6:[], 7:[], 8:[], 9:[], 10:[], 11:[], 12:[], 13:[], 14:[], 15:[], 16:[], 17:[], 18:[], 19:[], 20:[], 21:[], 22:[], 23:[], 24:[], 25:[], 26:[], 27:[], 28:[], 29:[], 30:[], 31:[], 32:[], 33:[], 34:[], 35:[], 36:[], 37:[], 38:[], 39:[], 40:[], 41:[], 42:[], 43:[], 44:[], 45:[], 46:[], 47:[], 48:[], 49:[], 50:[], 51:[], 52:[], 53:[], 54:[], 55:[], 56:[], 57:[], 58:[], 59:[], 60:[], 61:[], 62:[], 63:[], 64:[], 65:[], 66:[], 67:[], 68:[], 69:[], 70:[], 71:[], 72:[], 73:[], 74:[], 75:[], 76:[], 77:[], 78:[], 79:[], 80:[], 81:[], 82:[], 83:[], 84:[], 85:[], 86:[], 87:[], 88:[], 89:[], 90:[], 91:[], 92:[], 93:[], 94:[], 95:[], 96:[], 97:[], 98:[], 99:[], 100:[], 101:[], 102:[], 103:[], 104:[], 105:[], 106:[], 107:[], 108:[], 109:[], 110:[], 111:[], 112:[], 113:[], 114:[], 115:[], 116:[], 117:[], 118:[], 119:[], 120:[], 121:[], 122:[], 123:[], 124:[], 125:[], 126:[], 127:[], 128:[]",23885986136,25144114413
3109,2,11233.9010,10515155,156716905,1250504062,279.8560,false,129,true,true,true,true,true,false,false,"0:[0, 1, 2, 3, 4, 5, 6, 7, 8, 9, 10, 11, 12, 13, 14, 15, 16, 17, 18, 19, 20, 21, 22, 23, 24, 25, 26, 27, 28, 29, 30, 31, 32, 33, 34, 35, 36, 37, 38, 39, 40, 41, 42, 43, 44, 45, 46, 47, 48, 49, 50, 51, 52, 53, 54, 55, 56, 57, 58, 59, 60, 61, 62, 63, 64, 65, 66, 67, 68, 69, 70, 71, 72, 73, 74, 75, 76, 77, 78, 79, 80, 81, 82, 83, 84, 85, 86, 87, 88, 89, 90, 91, 92, 93, 94, 95, 96, 97, 98, 99, 100, 101, 102, 103, 104, 105, 106, 107, 108, 109, 110, 111, 112, 113, 114, 115, 116, 117, 118, 119, 120, 121, 122, 123, 124, 125, 126, 127, 128], 1:[], 2:[], 3:[], 4:[], 5:[], 6:[], 7:[], 8:[], 9:[], 10:[], 11:[], 12:[], 13:[], 14:[], 15:[], 16:[], 17:[], 18:[], 19:[], 20:[], 21:[], 22:[], 23:[], 24:[], 25:[], 26:[], 27:[], 28:[], 29:[], 30:[], 31:[], 32:[], 33:[], 34:[], 35:[], 36:[], 37:[], 38:[], 39:[], 40:[], 41:[], 42:[], 43:[], 44:[], 45:[], 46:[], 47:[], 48:[], 49:[], 50:[], 51:[], 52:[], 53:[], 54:[], 55:[], 56:[], 57:[], 58:[], 59:[], 60:[], 61:[], 62:[], 63:[], 64:[], 65:[], 66:[], 67:[], 68:[], 69:[], 70:[], 71:[], 72:[], 73:[], 74:[], 75:[], 76:[], 77:[], 78:[], 79:[], 80:[], 81:[], 82:[], 83:[], 84:[], 85:[], 86:[], 87:[], 88:[], 89:[], 90:[], 91:[], 92:[], 93:[], 94:[], 95:[], 96:[], 97:[], 98:[], 99:[], 100:[], 101:[], 102:[], 103:[], 104:[], 105:[], 106:[], 107:[], 108:[], 109:[], 110:[], 111:[], 112:[], 113:[], 114:[], 115:[], 116:[], 117:[], 118:[], 119:[], 120:[], 121:[], 122:[], 123:[], 124:[], 125:[], 126:[], 127:[], 128:[]",24131114312,27647865269
3119,7,10585.0999,10616685,158232525,1262604789,208.3259,false,129,true,true,true,true,true,false,false,"0:[0, 1, 2, 3, 4, 5, 6, 7, 8, 9, 10, 11, 12, 13, 14, 15, 16, 17, 18, 19, 20, 21, 22, 23, 24, 25, 26, 27, 28, 29, 30, 31, 32, 33, 34, 35, 36, 37, 38, 39, 40, 41, 42, 43, 44, 45, 46, 47, 48, 49, 50, 51, 52, 53, 54, 55, 56, 57, 58, 59, 60, 61, 62, 63, 64, 65, 66, 67, 68, 69, 70, 71, 72, 73, 74, 75, 76, 77, 78, 79, 80, 81, 82, 83, 84, 85, 86, 87, 88, 89, 90, 91, 92, 93, 94, 95, 96, 97, 98, 99, 100, 101, 102, 103, 104, 105, 106, 107, 108, 109, 110, 111, 112, 113, 114, 115, 116, 117, 118, 119, 120, 121, 122, 123, 124, 125, 126, 127, 128], 1:[], 2:[], 3:[], 4:[], 5:[], 6:[], 7:[], 8:[], 9:[], 10:[], 11:[], 12:[], 13:[], 14:[], 15:[], 16:[], 17:[], 18:[], 19:[], 20:[], 21:[], 22:[], 23:[], 24:[], 25:[], 26:[], 27:[], 28:[], 29:[], 30:[], 31:[], 32:[], 33:[], 34:[], 35:[], 36:[], 37:[], 38:[], 39:[], 40:[], 41:[], 42:[], 43:[], 44:[], 45:[], 46:[], 47:[], 48:[], 49:[], 50:[], 51:[], 52:[], 53:[], 54:[], 55:[], 56:[], 57:[], 58:[], 59:[], 60:[], 61:[], 62:[], 63:[], 64:[], 65:[], 66:[], 67:[], 68:[], 69:[], 70:[], 71:[], 72:[], 73:[], 74:[], 75:[], 76:[], 77:[], 78:[], 79:[], 80:[], 81:[], 82:[], 83:[], 84:[], 85:[], 86:[], 87:[], 88:[], 89:[], 90:[], 91:[], 92:[], 93:[], 94:[], 95:[], 96:[], 97:[], 98:[], 99:[], 100:[], 101:[], 102:[], 103:[], 104:[], 105:[], 106:[], 107:[], 108:[], 109:[], 110:[], 111:[], 112:[], 113:[], 114:[], 115:[], 116:[], 117:[], 118:[], 119:[], 120:[], 121:[], 122:[], 123:[], 124:[], 125:[], 126:[], 127:[], 128:[]",24254800632,27827603449
3121,7,13442.2860,10637068,158537809,1265046296,240.0762,false,131,true,true,true,true,true,false,false,"0:[0, 1, 2, 3, 4, 5, 6, 7, 8, 9, 10, 11, 12, 13, 14, 15, 16, 17, 18, 19, 20, 21, 22, 23, 24, 25, 26, 27, 28, 29, 30, 31, 32, 33, 34, 35, 36, 37, 38, 39, 40, 41, 42, 43, 44, 45, 46, 47, 48, 49, 50, 51, 52, 53, 54, 55, 56, 57, 58, 59, 60, 61, 62, 63, 64, 65, 66, 67, 68, 69, 70, 71, 72, 73, 74, 75, 76, 77, 78, 79, 80, 81, 82, 83, 84, 85, 86, 87, 88, 89, 90, 91, 92, 93, 94, 95, 96, 97, 98, 99, 100, 101, 102, 103, 104, 105, 106, 107, 108, 109, 110, 111, 112, 113, 114, 115, 116, 117, 118, 119, 120, 121, 122, 123, 124, 125, 126, 127, 128, 129, 130], 1:[], 2:[], 3:[], 4:[], 5:[], 6:[], 7:[], 8:[], 9:[], 10:[], 11:[], 12:[], 13:[], 14:[], 15:[], 16:[], 17:[], 18:[], 19:[], 20:[], 21:[], 22:[], 23:[], 24:[], 25:[], 26:[], 27:[], 28:[], 29:[], 30:[], 31:[], 32:[], 33:[], 34:[], 35:[], 36:[], 37:[], 38:[], 39:[], 40:[], 41:[], 42:[], 43:[], 44:[], 45:[], 46:[], 47:[], 48:[], 49:[], 50:[], 51:[], 52:[], 53:[], 54:[], 55:[], 56:[], 57:[], 58:[], 59:[], 60:[], 61:[], 62:[], 63:[], 64:[], 65:[], 66:[], 67:[], 68:[], 69:[], 70:[], 71:[], 72:[], 73:[], 74:[], 75:[], 76:[], 77:[], 78:[], 79:[], 80:[], 81:[], 82:[], 83:[], 84:[], 85:[], 86:[], 87:[], 88:[], 89:[], 90:[], 91:[], 92:[], 93:[], 94:[], 95:[], 96:[], 97:[], 98:[], 99:[], 100:[], 101:[], 102:[], 103:[], 104:[], 105:[], 106:[], 107:[], 108:[], 109:[], 110:[], 111:[], 112:[], 113:[], 114:[], 115:[], 116:[], 117:[], 118:[], 119:[], 120:[], 121:[], 122:[], 123:[], 124:[], 125:[], 126:[], 127:[], 128:[], 129:[], 130:[]",24279712544,27863836597
3137,3,11640.9328,10801081,160987578,1284611203,227.2648,false,130,true,true,true,true,true,false,false,"0:[0, 1, 2, 3, 4, 5, 6, 7, 8, 9, 10, 11, 12, 13, 14, 15, 16, 17, 18, 19, 20, 21, 22, 23, 24, 25, 26, 27, 28, 29, 30, 31, 32, 33, 34, 35, 36, 37, 38, 39, 40, 41, 42, 43, 44, 45, 46, 47, 48, 49, 50, 51, 52, 53, 54, 55, 56, 57, 58, 59, 60, 61, 62, 63, 64, 65, 66, 67, 68, 69, 70, 71, 72, 73, 74, 75, 76, 77, 78, 79, 80, 81, 82, 83, 84, 85, 86, 87, 88, 89, 90, 91, 92, 93, 94, 95, 96, 97, 98, 99, 100, 101, 102, 103, 104, 105, 106, 107, 108, 109, 110, 111, 112, 113, 114, 115, 116, 117, 118, 119, 120, 121, 122, 123, 124, 125, 126, 127, 128, 129], 1:[], 2:[], 3:[], 4:[], 5:[], 6:[], 7:[], 8:[], 9:[], 10:[], 11:[], 12:[], 13:[], 14:[], 15:[], 16:[], 17:[], 18:[], 19:[], 20:[], 21:[], 22:[], 23:[], 24:[], 25:[], 26:[], 27:[], 28:[], 29:[], 30:[], 31:[], 32:[], 33:[], 34:[], 35:[], 36:[], 37:[], 38:[], 39:[], 40:[], 41:[], 42:[], 43:[], 44:[], 45:[], 46:[], 47:[], 48:[], 49:[], 50:[], 51:[], 52:[], 53:[], 54:[], 55:[], 56:[], 57:[], 58:[], 59:[], 60:[], 61:[], 62:[], 63:[], 64:[], 65:[], 66:[], 67:[], 68:[], 69:[], 70:[], 71:[], 72:[], 73:[], 74:[], 75:[], 76:[], 77:[], 78:[], 79:[], 80:[], 81:[], 82:[], 83:[], 84:[], 85:[], 86:[], 87:[], 88:[], 89:[], 90:[], 91:[], 92:[], 93:[], 94:[], 95:[], 96:[], 97:[], 98:[], 99:[], 100:[], 101:[], 102:[], 103:[], 104:[], 105:[], 106:[], 107:[], 108:[], 109:[], 110:[], 111:[], 112:[], 113:[], 114:[], 115:[], 116:[], 117:[], 118:[], 119:[], 120:[], 121:[], 122:[], 123:[], 124:[], 125:[], 126:[], 127:[], 128:[], 129:[]",24479630376,28154396010
3163,2,10215.3172,11071183,165021224,1316822540,214.7794,false,131,true,true,true,true,true,false,false,"0:[0, 1, 2, 3, 4, 5, 6, 7, 8, 9, 10, 11, 12, 13, 14, 15, 16, 17, 18, 19, 20, 21, 22, 23, 24, 25, 26, 27, 28, 29, 30, 31, 32, 33, 34, 35, 36, 37, 38, 39, 40, 41, 42, 43, 44, 45, 46, 47, 48, 49, 50, 51, 52, 53, 54, 55, 56, 57, 58, 59, 60, 61, 62, 63, 64, 65, 66, 67, 68, 69, 70, 71, 72, 73, 74, 75, 76, 77, 78, 79, 80, 81, 82, 83, 84, 85, 86, 87, 88, 89, 90, 91, 92, 93, 94, 95, 96, 97, 98, 99, 100, 101, 102, 103, 104, 105, 106, 107, 108, 109, 110, 111, 112, 113, 114, 115, 116, 117, 118, 119, 120, 121, 122, 123, 124, 125, 126, 127, 128, 129, 130], 1:[], 2:[], 3:[], 4:[], 5:[], 6:[], 7:[], 8:[], 9:[], 10:[], 11:[], 12:[], 13:[], 14:[], 15:[], 16:[], 17:[], 18:[], 19:[], 20:[], 21:[], 22:[], 23:[], 24:[], 25:[], 26:[], 27:[], 28:[], 29:[], 30:[], 31:[], 32:[], 33:[], 34:[], 35:[], 36:[], 37:[], 38:[], 39:[], 40:[], 41:[], 42:[], 43:[], 44:[], 45:[], 46:[], 47:[], 48:[], 49:[], 50:[], 51:[], 52:[], 53:[], 54:[], 55:[], 56:[], 57:[], 58:[], 59:[], 60:[], 61:[], 62:[], 63:[], 64:[], 65:[], 66:[], 67:[], 68:[], 69:[], 70:[], 71:[], 72:[], 73:[], 74:[], 75:[], 76:[], 77:[], 78:[], 79:[], 80:[], 81:[], 82:[], 83:[], 84:[], 85:[], 86:[], 87:[], 88:[], 89:[], 90:[], 91:[], 92:[], 93:[], 94:[], 95:[], 96:[], 97:[], 98:[], 99:[], 100:[], 101:[], 102:[], 103:[], 104:[], 105:[], 106:[], 107:[], 108:[], 109:[], 110:[], 111:[], 112:[], 113:[], 114:[], 115:[], 116:[], 117:[], 118:[], 119:[], 120:[], 121:[], 122:[], 123:[], 124:[], 125:[], 126:[], 127:[], 128:[], 129:[], 130:[]",24808804504,28632788576
3167,5,11092.7499,11113133,165647816,1321826746,215.0174,false,132,true,true,true,true,true,false,false,"0:[0, 1, 2, 3, 4, 5, 6, 7, 8, 9, 10, 11, 12, 13, 14, 15, 16, 17, 18, 19, 20, 21, 22, 23, 24, 25, 26, 27, 28, 29, 30, 31, 32, 33, 34, 35, 36, 37, 38, 39, 40, 41, 42, 43, 44, 45, 46, 47, 48, 49, 50, 51, 52, 53, 54, 55, 56, 57, 58, 59, 60, 61, 62, 63, 64, 65, 66, 67, 68, 69, 70, 71, 72, 73, 74, 75, 76, 77, 78, 79, 80, 81, 82, 83, 84, 85, 86, 87, 88, 89, 90, 91, 92, 93, 94, 95, 96, 97, 98, 99, 100, 101, 102, 103, 104, 105, 106, 107, 108, 109, 110, 111, 112, 113, 114, 115, 116, 117, 118, 119, 120, 121, 122, 123, 124, 125, 126, 127, 128, 129, 130, 131], 1:[], 2:[], 3:[], 4:[], 5:[], 6:[], 7:[], 8:[], 9:[], 10:[], 11:[], 12:[], 13:[], 14:[], 15:[], 16:[], 17:[], 18:[], 19:[], 20:[], 21:[], 22:[], 23:[], 24:[], 25:[], 26:[], 27:[], 28:[], 29:[], 30:[], 31:[], 32:[], 33:[], 34:[], 35:[], 36:[], 37:[], 38:[], 39:[], 40:[], 41:[], 42:[], 43:[], 44:[], 45:[], 46:[], 47:[], 48:[], 49:[], 50:[], 51:[], 52:[], 53:[], 54:[], 55:[], 56:[], 57:[], 58:[], 59:[], 60:[], 61:[], 62:[], 63:[], 64:[], 65:[], 66:[], 67:[], 68:[], 69:[], 70:[], 71:[], 72:[], 73:[], 74:[], 75:[], 76:[], 77:[], 78:[], 79:[], 80:[], 81:[], 82:[], 83:[], 84:[], 85:[], 86:[], 87:[], 88:[], 89:[], 90:[], 91:[], 92:[], 93:[], 94:[], 95:[], 96:[], 97:[], 98:[], 99:[], 100:[], 101:[], 102:[], 103:[], 104:[], 105:[], 106:[], 107:[], 108:[], 109:[], 110:[], 111:[], 112:[], 113:[], 114:[], 115:[], 116:[], 117:[], 118:[], 119:[], 120:[], 121:[], 122:[], 123:[], 124:[], 125:[], 126:[], 127:[], 128:[], 129:[], 130:[], 131:[]",24859938664,28707106416
3169,7,12708.3583,11134148,165962467,1324342571,236.1500,false,133,true,true,true,true,true,false,false,"0:[0, 1, 2, 3, 4, 5, 6, 7, 8, 9, 10, 11, 12, 13, 14, 15, 16, 17, 18, 19, 20, 21, 22, 23, 24, 25, 26, 27, 28, 29, 30, 31, 32, 33, 34, 35, 36, 37, 38, 39, 40, 41, 42, 43, 44, 45, 46, 47, 48, 49, 50, 51, 52, 53, 54, 55, 56, 57, 58, 59, 60, 61, 62, 63, 64, 65, 66, 67, 68, 69, 70, 71, 72, 73, 74, 75, 76, 77, 78, 79, 80, 81, 82, 83, 84, 85, 86, 87, 88, 89, 90, 91, 92, 93, 94, 95, 96, 97, 98, 99, 100, 101, 102, 103, 104, 105, 106, 107, 108, 109, 110, 111, 112, 113, 114, 115, 116, 117, 118, 119, 120, 121, 122, 123, 124, 125, 126, 127, 128, 129, 130, 131, 132], 1:[], 2:[], 3:[], 4:[], 5:[], 6:[], 7:[], 8:[], 9:[], 10:[], 11:[], 12:[], 13:[], 14:[], 15:[], 16:[], 17:[], 18:[], 19:[], 20:[], 21:[], 22:[], 23:[], 24:[], 25:[], 26:[], 27:[], 28:[], 29:[], 30:[], 31:[], 32:[], 33:[], 34:[], 35:[], 36:[], 37:[], 38:[], 39:[], 40:[], 41:[], 42:[], 43:[], 44:[], 45:[], 46:[], 47:[], 48:[], 49:[], 50:[], 51:[], 52:[], 53:[], 54:[], 55:[], 56:[], 57:[], 58:[], 59:[], 60:[], 61:[], 62:[], 63:[], 64:[], 65:[], 66:[], 67:[], 68:[], 69:[], 70:[], 71:[], 72:[], 73:[], 74:[], 75:[], 76:[], 77:[], 78:[], 79:[], 80:[], 81:[], 82:[], 83:[], 84:[], 85:[], 86:[], 87:[], 88:[], 89:[], 90:[], 91:[], 92:[], 93:[], 94:[], 95:[], 96:[], 97:[], 98:[], 99:[], 100:[], 101:[], 102:[], 103:[], 104:[], 105:[], 106:[], 107:[], 108:[], 109:[], 110:[], 111:[], 112:[], 113:[], 114:[], 115:[], 116:[], 117:[], 118:[], 119:[], 120:[], 121:[], 122:[], 123:[], 124:[], 125:[], 126:[], 127:[], 128:[], 129:[], 130:[], 131:[], 132:[]",24885615104,28744449807
3181,2,10715.1725,11260791,167854212,1339451431,212.1638,false,132,true,true,true,true,true,false,false,"0:[0, 1, 2, 3, 4, 5, 6, 7, 8, 9, 10, 11, 12, 13, 14, 15, 16, 17, 18, 19, 20, 21, 22, 23, 24, 25, 26, 27, 28, 29, 30, 31, 32, 33, 34, 35, 36, 37, 38, 39, 40, 41, 42, 43, 44, 45, 46, 47, 48, 49, 50, 51, 52, 53, 54, 55, 56, 57, 58, 59, 60, 61, 62, 63, 64, 65, 66, 67, 68, 69, 70, 71, 72, 73, 74, 75, 76, 77, 78, 79, 80, 81, 82, 83, 84, 85, 86, 87, 88, 89, 90, 91, 92, 93, 94, 95, 96, 97, 98, 99, 100, 101, 102, 103, 104, 105, 106, 107, 108, 109, 110, 111, 112, 113, 114, 115, 116, 117, 118, 119, 120, 121, 122, 123, 124, 125, 126, 127, 128, 129, 130, 131], 1:[], 2:[], 3:[], 4:[], 5:[], 6:[], 7:[], 8:[], 9:[], 10:[], 11:[], 12:[], 13:[], 14:[], 15:[], 16:[], 17:[], 18:[], 19:[], 20:[], 21:[], 22:[], 23:[], 24:[], 25:[], 26:[], 27:[], 28:[], 29:[], 30:[], 31:[], 32:[], 33:[], 34:[], 35:[], 36:[], 37:[], 38:[], 39:[], 40:[], 41:[], 42:[], 43:[], 44:[], 45:[], 46:[], 47:[], 48:[], 49:[], 50:[], 51:[], 52:[], 53:[], 54:[], 55:[], 56:[], 57:[], 58:[], 59:[], 60:[], 61:[], 62:[], 63:[], 64:[], 65:[], 66:[], 67:[], 68:[], 69:[], 70:[], 71:[], 72:[], 73:[], 74:[], 75:[], 76:[], 77:[], 78:[], 79:[], 80:[], 81:[], 82:[], 83:[], 84:[], 85:[], 86:[], 87:[], 88:[], 89:[], 90:[], 91:[], 92:[], 93:[], 94:[], 95:[], 96:[], 97:[], 98:[], 99:[], 100:[], 101:[], 102:[], 103:[], 104:[], 105:[], 106:[], 107:[], 108:[], 109:[], 110:[], 111:[], 112:[], 113:[], 114:[], 115:[], 116:[], 117:[], 118:[], 119:[], 120:[], 121:[], 122:[], 123:[], 124:[], 125:[], 126:[], 127:[], 128:[], 129:[], 130:[], 131:[]",25039994136,28968823788
3187,2,11792.8535,11324471,168804647,1347039090,240.3373,false,132,true,true,true,true,true,false,false,"0:[0, 1, 2, 3, 4, 5, 6, 7, 8, 9, 10, 11, 12, 13, 14, 15, 16, 17, 18, 19, 20, 21, 22, 23, 24, 25, 26, 27, 28, 29, 30, 31, 32, 33, 34, 35, 36, 37, 38, 39, 40, 41, 42, 43, 44, 45, 46, 47, 48, 49, 50, 51, 52, 53, 54, 55, 56, 57, 58, 59, 60, 61, 62, 63, 64, 65, 66, 67, 68, 69, 70, 71, 72, 73, 74, 75, 76, 77, 78, 79, 80, 81, 82, 83, 84, 85, 86, 87, 88, 89, 90, 91, 92, 93, 94, 95, 96, 97, 98, 99, 100, 101, 102, 103, 104, 105, 106, 107, 108, 109, 110, 111, 112, 113, 114, 115, 116, 117, 118, 119, 120, 121, 122, 123, 124, 125, 126, 127, 128, 129, 130, 131], 1:[], 2:[], 3:[], 4:[], 5:[], 6:[], 7:[], 8:[], 9:[], 10:[], 11:[], 12:[], 13:[], 14:[], 15:[], 16:[], 17:[], 18:[], 19:[], 20:[], 21:[], 22:[], 23:[], 24:[], 25:[], 26:[], 27:[], 28:[], 29:[], 30:[], 31:[], 32:[], 33:[], 34:[], 35:[], 36:[], 37:[], 38:[], 39:[], 40:[], 41:[], 42:[], 43:[], 44:[], 45:[], 46:[], 47:[], 48:[], 49:[], 50:[], 51:[], 52:[], 53:[], 54:[], 55:[], 56:[], 57:[], 58:[], 59:[], 60:[], 61:[], 62:[], 63:[], 64:[], 65:[], 66:[], 67:[], 68:[], 69:[], 70:[], 71:[], 72:[], 73:[], 74:[], 75:[], 76:[], 77:[], 78:[], 79:[], 80:[], 81:[], 82:[], 83:[], 84:[], 85:[], 86:[], 87:[], 88:[], 89:[], 90:[], 91:[], 92:[], 93:[], 94:[], 95:[], 96:[], 97:[], 98:[], 99:[], 100:[], 101:[], 102:[], 103:[], 104:[], 105:[], 106:[], 107:[], 108:[], 109:[], 110:[], 111:[], 112:[], 113:[], 114:[], 115:[], 116:[], 117:[], 118:[], 119:[], 120:[], 121:[], 122:[], 123:[], 124:[], 125:[], 126:[], 127:[], 128:[], 129:[], 130:[], 131:[]",25117557256,29081527627
3191,11,12182.8440,11367058,169440731,1352118912,268.6641,false,132,true,true,true,true,true,false,false,"0:[0, 1, 2, 3, 4, 5, 6, 7, 8, 9, 10, 11, 12, 13, 14, 15, 16, 17, 18, 19, 20, 21, 22, 23, 24, 25, 26, 27, 28, 29, 30, 31, 32, 33, 34, 35, 36, 37, 38, 39, 40, 41, 42, 43, 44, 45, 46, 47, 48, 49, 50, 51, 52, 53, 54, 55, 56, 57, 58, 59, 60, 61, 62, 63, 64, 65, 66, 67, 68, 69, 70, 71, 72, 73, 74, 75, 76, 77, 78, 79, 80, 81, 82, 83, 84, 85, 86, 87, 88, 89, 90, 91, 92, 93, 94, 95, 96, 97, 98, 99, 100, 101, 102, 103, 104, 105, 106, 107, 108, 109, 110, 111, 112, 113, 114, 115, 116, 117, 118, 119, 120, 121, 122, 123, 124, 125, 126, 127, 128, 129, 130, 131], 1:[], 2:[], 3:[], 4:[], 5:[], 6:[], 7:[], 8:[], 9:[], 10:[], 11:[], 12:[], 13:[], 14:[], 15:[], 16:[], 17:[], 18:[], 19:[], 20:[], 21:[], 22:[], 23:[], 24:[], 25:[], 26:[], 27:[], 28:[], 29:[], 30:[], 31:[], 32:[], 33:[], 34:[], 35:[], 36:[], 37:[], 38:[], 39:[], 40:[], 41:[], 42:[], 43:[], 44:[], 45:[], 46:[], 47:[], 48:[], 49:[], 50:[], 51:[], 52:[], 53:[], 54:[], 55:[], 56:[], 57:[], 58:[], 59:[], 60:[], 61:[], 62:[], 63:[], 64:[], 65:[], 66:[], 67:[], 68:[], 69:[], 70:[], 71:[], 72:[], 73:[], 74:[], 75:[], 76:[], 77:[], 78:[], 79:[], 80:[], 81:[], 82:[], 83:[], 84:[], 85:[], 86:[], 87:[], 88:[], 89:[], 90:[], 91:[], 92:[], 93:[], 94:[], 95:[], 96:[], 97:[], 98:[], 99:[], 100:[], 101:[], 102:[], 103:[], 104:[], 105:[], 106:[], 107:[], 108:[], 109:[], 110:[], 111:[], 112:[], 113:[], 114:[], 115:[], 116:[], 117:[], 118:[], 119:[], 120:[], 121:[], 122:[], 123:[], 124:[], 125:[], 126:[], 127:[], 128:[], 129:[], 130:[], 131:[]",25169466064,29156970295
3203,2,11740.2705,11495458,171358751,1367437577,230.5622,false,133,true,true,true,true,true,false,false,"0:[0, 1, 2, 3, 4, 5, 6, 7, 8, 9, 10, 11, 12, 13, 14, 15, 16, 17, 18, 19, 20, 21, 22, 23, 24, 25, 26, 27, 28, 29, 30, 31, 32, 33, 34, 35, 36, 37, 38, 39, 40, 41, 42, 43, 44, 45, 46, 47, 48, 49, 50, 51, 52, 53, 54, 55, 56, 57, 58, 59, 60, 61, 62, 63, 64, 65, 66, 67, 68, 69, 70, 71, 72, 73, 74, 75, 76, 77, 78, 79, 80, 81, 82, 83, 84, 85, 86, 87, 88, 89, 90, 91, 92, 93, 94, 95, 96, 97, 98, 99, 100, 101, 102, 103, 104, 105, 106, 107, 108, 109, 110, 111, 112, 113, 114, 115, 116, 117, 118, 119, 120, 121, 122, 123, 124, 125, 126, 127, 128, 129, 130, 131, 132], 1:[], 2:[], 3:[], 4:[], 5:[], 6:[], 7:[], 8:[], 9:[], 10:[], 11:[], 12:[], 13:[], 14:[], 15:[], 16:[], 17:[], 18:[], 19:[], 20:[], 21:[], 22:[], 23:[], 24:[], 25:[], 26:[], 27:[], 28:[], 29:[], 30:[], 31:[], 32:[], 33:[], 34:[], 35:[], 36:[], 37:[], 38:[], 39:[], 40:[], 41:[], 42:[], 43:[], 44:[], 45:[], 46:[], 47:[], 48:[], 49:[], 50:[], 51:[], 52:[], 53:[], 54:[], 55:[], 56:[], 57:[], 58:[], 59:[], 60:[], 61:[], 62:[], 63:[], 64:[], 65:[], 66:[], 67:[], 68:[], 69:[], 70:[], 71:[], 72:[], 73:[], 74:[], 75:[], 76:[], 77:[], 78:[], 79:[], 80:[], 81:[], 82:[], 83:[], 84:[], 85:[], 86:[], 87:[], 88:[], 89:[], 90:[], 91:[], 92:[], 93:[], 94:[], 95:[], 96:[], 97:[], 98:[], 99:[], 100:[], 101:[], 102:[], 103:[], 104:[], 105:[], 106:[], 107:[], 108:[], 109:[], 110:[], 111:[], 112:[], 113:[], 114:[], 115:[], 116:[], 117:[], 118:[], 119:[], 120:[], 121:[], 122:[], 123:[], 124:[], 125:[], 126:[], 127:[], 128:[], 129:[], 130:[], 131:[], 132:[]",25325989264,29384460523
3209,3,12313.6711,11560020,172323938,1375149322,235.5376,false,134,true,true,true,true,true,false,false,"0:[0, 1, 2, 3, 4, 5, 6, 7, 8, 9, 10, 11, 12, 13, 14, 15, 16, 17, 18, 19, 20, 21, 22, 23, 24, 25, 26, 27, 28, 29, 30, 31, 32, 33, 34, 35, 36, 37, 38, 39, 40, 41, 42, 43, 44, 45, 46, 47, 48, 49, 50, 51, 52, 53, 54, 55, 56, 57, 58, 59, 60, 61, 62, 63, 64, 65, 66, 67, 68, 69, 70, 71, 72, 73, 74, 75, 76, 77, 78, 79, 80, 81, 82, 83, 84, 85, 86, 87, 88, 89, 90, 91, 92, 93, 94, 95, 96, 97, 98, 99, 100, 101, 102, 103, 104, 105, 106, 107, 108, 109, 110, 111, 112, 113, 114, 115, 116, 117, 118, 119, 120, 121, 122, 123, 124, 125, 126, 127, 128, 129, 130, 131, 132, 133], 1:[], 2:[], 3:[], 4:[], 5:[], 6:[], 7:[], 8:[], 9:[], 10:[], 11:[], 12:[], 13:[], 14:[], 15:[], 16:[], 17:[], 18:[], 19:[], 20:[], 21:[], 22:[], 23:[], 24:[], 25:[], 26:[], 27:[], 28:[], 29:[], 30:[], 31:[], 32:[], 33:[], 34:[], 35:[], 36:[], 37:[], 38:[], 39:[], 40:[], 41:[], 42:[], 43:[], 44:[], 45:[], 46:[], 47:[], 48:[], 49:[], 50:[], 51:[], 52:[], 53:[], 54:[], 55:[], 56:[], 57:[], 58:[], 59:[], 60:[], 61:[], 62:[], 63:[], 64:[], 65:[], 66:[], 67:[], 68:[], 69:[], 70:[], 71:[], 72:[], 73:[], 74:[], 75:[], 76:[], 77:[], 78:[], 79:[], 80:[], 81:[], 82:[], 83:[], 84:[], 85:[], 86:[], 87:[], 88:[], 89:[], 90:[], 91:[], 92:[], 93:[], 94:[], 95:[], 96:[], 97:[], 98:[], 99:[], 100:[], 101:[], 102:[], 103:[], 104:[], 105:[], 106:[], 107:[], 108:[], 109:[], 110:[], 111:[], 112:[], 113:[], 114:[], 115:[], 116:[], 117:[], 118:[], 119:[], 120:[], 121:[], 122:[], 123:[], 124:[], 125:[], 126:[], 127:[], 128:[], 129:[], 130:[], 131:[], 132:[], 133:[]",25404753712,29498961754
3217,5,13251.6252,11646476,173615466,1385464655,238.7193,false,134,true,true,true,true,true,false,false,"0:[0, 1, 2, 3, 4, 5, 6, 7, 8, 9, 10, 11, 12, 13, 14, 15, 16, 17, 18, 19, 20, 21, 22, 23, 24, 25, 26, 27, 28, 29, 30, 31, 32, 33, 34, 35, 36, 37, 38, 39, 40, 41, 42, 43, 44, 45, 46, 47, 48, 49, 50, 51, 52, 53, 54, 55, 56, 57, 58, 59, 60, 61, 62, 63, 64, 65, 66, 67, 68, 69, 70, 71, 72, 73, 74, 75, 76, 77, 78, 79, 80, 81, 82, 83, 84, 85, 86, 87, 88, 89, 90, 91, 92, 93, 94, 95, 96, 97, 98, 99, 100, 101, 102, 103, 104, 105, 106, 107, 108, 109, 110, 111, 112, 113, 114, 115, 116, 117, 118, 119, 120, 121, 122, 123, 124, 125, 126, 127, 128, 129, 130, 131, 132, 133], 1:[], 2:[], 3:[], 4:[], 5:[], 6:[], 7:[], 8:[], 9:[], 10:[], 11:[], 12:[], 13:[], 14:[], 15:[], 16:[], 17:[], 18:[], 19:[], 20:[], 21:[], 22:[], 23:[], 24:[], 25:[], 26:[], 27:[], 28:[], 29:[], 30:[], 31:[], 32:[], 33:[], 34:[], 35:[], 36:[], 37:[], 38:[], 39:[], 40:[], 41:[], 42:[], 43:[], 44:[], 45:[], 46:[], 47:[], 48:[], 49:[], 50:[], 51:[], 52:[], 53:[], 54:[], 55:[], 56:[], 57:[], 58:[], 59:[], 60:[], 61:[], 62:[], 63:[], 64:[], 65:[], 66:[], 67:[], 68:[], 69:[], 70:[], 71:[], 72:[], 73:[], 74:[], 75:[], 76:[], 77:[], 78:[], 79:[], 80:[], 81:[], 82:[], 83:[], 84:[], 85:[], 86:[], 87:[], 88:[], 89:[], 90:[], 91:[], 92:[], 93:[], 94:[], 95:[], 96:[], 97:[], 98:[], 99:[], 100:[], 101:[], 102:[], 103:[], 104:[], 105:[], 106:[], 107:[], 108:[], 109:[], 110:[], 111:[], 112:[], 113:[], 114:[], 115:[], 116:[], 117:[], 118:[], 119:[], 120:[], 121:[], 122:[], 123:[], 124:[], 125:[], 126:[], 127:[], 128:[], 129:[], 130:[], 131:[], 132:[], 133:[]",25510150896,29652146402
3221,2,12589.5660,11689866,174263586,1390640737,229.3741,false,134,true,true,true,true,true,false,false,"0:[0, 1, 2, 3, 4, 5, 6, 7, 8, 9, 10, 11, 12, 13, 14, 15, 16, 17, 18, 19, 20, 21, 22, 23, 24, 25, 26, 27, 28, 29, 30, 31, 32, 33, 34, 35, 36, 37, 38, 39, 40, 41, 42, 43, 44, 45, 46, 47, 48, 49, 50, 51, 52, 53, 54, 55, 56, 57, 58, 59, 60, 61, 62, 63, 64, 65, 66, 67, 68, 69, 70, 71, 72, 73, 74, 75, 76, 77, 78, 79, 80, 81, 82, 83, 84, 85, 86, 87, 88, 89, 90, 91, 92, 93, 94, 95, 96, 97, 98, 99, 100, 101, 102, 103, 104, 105, 106, 107, 108, 109, 110, 111, 112, 113, 114, 115, 116, 117, 118, 119, 120, 121, 122, 123, 124, 125, 126, 127, 128, 129, 130, 131, 132, 133], 1:[], 2:[], 3:[], 4:[], 5:[], 6:[], 7:[], 8:[], 9:[], 10:[], 11:[], 12:[], 13:[], 14:[], 15:[], 16:[], 17:[], 18:[], 19:[], 20:[], 21:[], 22:[], 23:[], 24:[], 25:[], 26:[], 27:[], 28:[], 29:[], 30:[], 31:[], 32:[], 33:[], 34:[], 35:[], 36:[], 37:[], 38:[], 39:[], 40:[], 41:[], 42:[], 43:[], 44:[], 45:[], 46:[], 47:[], 48:[], 49:[], 50:[], 51:[], 52:[], 53:[], 54:[], 55:[], 56:[], 57:[], 58:[], 59:[], 60:[], 61:[], 62:[], 63:[], 64:[], 65:[], 66:[], 67:[], 68:[], 69:[], 70:[], 71:[], 72:[], 73:[], 74:[], 75:[], 76:[], 77:[], 78:[], 79:[], 80:[], 81:[], 82:[], 83:[], 84:[], 85:[], 86:[], 87:[], 88:[], 89:[], 90:[], 91:[], 92:[], 93:[], 94:[], 95:[], 96:[], 97:[], 98:[], 99:[], 100:[], 101:[], 102:[], 103:[], 104:[], 105:[], 106:[], 107:[], 108:[], 109:[], 110:[], 111:[], 112:[], 113:[], 114:[], 115:[], 116:[], 117:[], 118:[], 119:[], 120:[], 121:[], 122:[], 123:[], 124:[], 125:[], 126:[], 127:[], 128:[], 129:[], 130:[], 131:[], 132:[], 133:[]",25563041856,29729017226
3229,2,11221.0127,11776969,175564765,1401033150,236.3372,false,134,true,true,true,true,true,false,false,"0:[0, 1, 2, 3, 4, 5, 6, 7, 8, 9, 10, 11, 12, 13, 14, 15, 16, 17, 18, 19, 20, 21, 22, 23, 24, 25, 26, 27, 28, 29, 30, 31, 32, 33, 34, 35, 36, 37, 38, 39, 40, 41, 42, 43, 44, 45, 46, 47, 48, 49, 50, 51, 52, 53, 54, 55, 56, 57, 58, 59, 60, 61, 62, 63, 64, 65, 66, 67, 68, 69, 70, 71, 72, 73, 74, 75, 76, 77, 78, 79, 80, 81, 82, 83, 84, 85, 86, 87, 88, 89, 90, 91, 92, 93, 94, 95, 96, 97, 98, 99, 100, 101, 102, 103, 104, 105, 106, 107, 108, 109, 110, 111, 112, 113, 114, 115, 116, 117, 118, 119, 120, 121, 122, 123, 124, 125, 126, 127, 128, 129, 130, 131, 132, 133], 1:[], 2:[], 3:[], 4:[], 5:[], 6:[], 7:[], 8:[], 9:[], 10:[], 11:[], 12:[], 13:[], 14:[], 15:[], 16:[], 17:[], 18:[], 19:[], 20:[], 21:[], 22:[], 23:[], 24:[], 25:[], 26:[], 27:[], 28:[], 29:[], 30:[], 31:[], 32:[], 33:[], 34:[], 35:[], 36:[], 37:[], 38:[], 39:[], 40:[], 41:[], 42:[], 43:[], 44:[], 45:[], 46:[], 47:[], 48:[], 49:[], 50:[], 51:[], 52:[], 53:[], 54:[], 55:[], 56:[], 57:[], 58:[], 59:[], 60:[], 61:[], 62:[], 63:[], 64:[], 65:[], 66:[], 67:[], 68:[], 69:[], 70:[], 71:[], 72:[], 73:[], 74:[], 75:[], 76:[], 77:[], 78:[], 79:[], 80:[], 81:[], 82:[], 83:[], 84:[], 85:[], 86:[], 87:[], 88:[], 89:[], 90:[], 91:[], 92:[], 93:[], 94:[], 95:[], 96:[], 97:[], 98:[], 99:[], 100:[], 101:[], 102:[], 103:[], 104:[], 105:[], 106:[], 107:[], 108:[], 109:[], 110:[], 111:[], 112:[], 113:[], 114:[], 115:[], 116:[], 117:[], 118:[], 119:[], 120:[], 121:[], 122:[], 123:[], 124:[], 125:[], 126:[], 127:[], 128:[], 129:[], 130:[], 131:[], 132:[], 133:[]",25669226648,29883345481
3251,2,11098.5953,12018728,179175401,1429866923,243.0964,false,136,true,true,true,true,true,false,false,"0:[0, 1, 2, 3, 4, 5, 6, 7, 8, 9, 10, 11, 12, 13, 14, 15, 16, 17, 18, 19, 20, 21, 22, 23, 24, 25, 26, 27, 28, 29, 30, 31, 32, 33, 34, 35, 36, 37, 38, 39, 40, 41, 42, 43, 44, 45, 46, 47, 48, 49, 50, 51, 52, 53, 54, 55, 56, 57, 58, 59, 60, 61, 62, 63, 64, 65, 66, 67, 68, 69, 70, 71, 72, 73, 74, 75, 76, 77, 78, 79, 80, 81, 82, 83, 84, 85, 86, 87, 88, 89, 90, 91, 92, 93, 94, 95, 96, 97, 98, 99, 100, 101, 102, 103, 104, 105, 106, 107, 108, 109, 110, 111, 112, 113, 114, 115, 116, 117, 118, 119, 120, 121, 122, 123, 124, 125, 126, 127, 128, 129, 130, 131, 132, 133, 134, 135], 1:[], 2:[], 3:[], 4:[], 5:[], 6:[], 7:[], 8:[], 9:[], 10:[], 11:[], 12:[], 13:[], 14:[], 15:[], 16:[], 17:[], 18:[], 19:[], 20:[], 21:[], 22:[], 23:[], 24:[], 25:[], 26:[], 27:[], 28:[], 29:[], 30:[], 31:[], 32:[], 33:[], 34:[], 35:[], 36:[], 37:[], 38:[], 39:[], 40:[], 41:[], 42:[], 43:[], 44:[], 45:[], 46:[], 47:[], 48:[], 49:[], 50:[], 51:[], 52:[], 53:[], 54:[], 55:[], 56:[], 57:[], 58:[], 59:[], 60:[], 61:[], 62:[], 63:[], 64:[], 65:[], 66:[], 67:[], 68:[], 69:[], 70:[], 71:[], 72:[], 73:[], 74:[], 75:[], 76:[], 77:[], 78:[], 79:[], 80:[], 81:[], 82:[], 83:[], 84:[], 85:[], 86:[], 87:[], 88:[], 89:[], 90:[], 91:[], 92:[], 93:[], 94:[], 95:[], 96:[], 97:[], 98:[], 99:[], 100:[], 101:[], 102:[], 103:[], 104:[], 105:[], 106:[], 107:[], 108:[], 109:[], 110:[], 111:[], 112:[], 113:[], 114:[], 115:[], 116:[], 117:[], 118:[], 119:[], 120:[], 121:[], 122:[], 123:[], 124:[], 125:[], 126:[], 127:[], 128:[], 129:[], 130:[], 131:[], 132:[], 133:[], 134:[], 135:[]",25963879744,30311564333
3253,2,11496.2040,12040869,179507041,1432519418,249.3208,false,136,true,true,true,true,true,false,false,"0:[0, 1, 2, 3, 4, 5, 6, 7, 8, 9, 10, 11, 12, 13, 14, 15, 16, 17, 18, 19, 20, 21, 22, 23, 24, 25, 26, 27, 28, 29, 30, 31, 32, 33, 34, 35, 36, 37, 38, 39, 40, 41, 42, 43, 44, 45, 46, 47, 48, 49, 50, 51, 52, 53, 54, 55, 56, 57, 58, 59, 60, 61, 62, 63, 64, 65, 66, 67, 68, 69, 70, 71, 72, 73, 74, 75, 76, 77, 78, 79, 80, 81, 82, 83, 84, 85, 86, 87, 88, 89, 90, 91, 92, 93, 94, 95, 96, 97, 98, 99, 100, 101, 102, 103, 104, 105, 106, 107, 108, 109, 110, 111, 112, 113, 114, 115, 116, 117, 118, 119, 120, 121, 122, 123, 124, 125, 126, 127, 128, 129, 130, 131, 132, 133, 134, 135], 1:[], 2:[], 3:[], 4:[], 5:[], 6:[], 7:[], 8:[], 9:[], 10:[], 11:[], 12:[], 13:[], 14:[], 15:[], 16:[], 17:[], 18:[], 19:[], 20:[], 21:[], 22:[], 23:[], 24:[], 25:[], 26:[], 27:[], 28:[], 29:[], 30:[], 31:[], 32:[], 33:[], 34:[], 35:[], 36:[], 37:[], 38:[], 39:[], 40:[], 41:[], 42:[], 43:[], 44:[], 45:[], 46:[], 47:[], 48:[], 49:[], 50:[], 51:[], 52:[], 53:[], 54:[], 55:[], 56:[], 57:[], 58:[], 59:[], 60:[], 61:[], 62:[], 63:[], 64:[], 65:[], 66:[], 67:[], 68:[], 69:[], 70:[], 71:[], 72:[], 73:[], 74:[], 75:[], 76:[], 77:[], 78:[], 79:[], 80:[], 81:[], 82:[], 83:[], 84:[], 85:[], 86:[], 87:[], 88:[], 89:[], 90:[], 91:[], 92:[], 93:[], 94:[], 95:[], 96:[], 97:[], 98:[], 99:[], 100:[], 101:[], 102:[], 103:[], 104:[], 105:[], 106:[], 107:[], 108:[], 109:[], 110:[], 111:[], 112:[], 113:[], 114:[], 115:[], 116:[], 117:[], 118:[], 119:[], 120:[], 121:[], 122:[], 123:[], 124:[], 125:[], 126:[], 127:[], 128:[], 129:[], 130:[], 131:[], 132:[], 133:[], 134:[], 135:[]",25990942328,30350924765
3257,3,13292.1833,12085232,180169788,1437812817,248.5998,false,135,true,true,true,true,true,false,false,"0:[0, 1, 2, 3, 4, 5, 6, 7, 8, 9, 10, 11, 12, 13, 14, 15, 16, 17, 18, 19, 20, 21, 22, 23, 24, 25, 26, 27, 28, 29, 30, 31, 32, 33, 34, 35, 36, 37, 38, 39, 40, 41, 42, 43, 44, 45, 46, 47, 48, 49, 50, 51, 52, 53, 54, 55, 56, 57, 58, 59, 60, 61, 62, 63, 64, 65, 66, 67, 68, 69, 70, 71, 72, 73, 74, 75, 76, 77, 78, 79, 80, 81, 82, 83, 84, 85, 86, 87, 88, 89, 90, 91, 92, 93, 94, 95, 96, 97, 98, 99, 100, 101, 102, 103, 104, 105, 106, 107, 108, 109, 110, 111, 112, 113, 114, 115, 116, 117, 118, 119, 120, 121, 122, 123, 124, 125, 126, 127, 128, 129, 130, 131, 132, 133, 134], 1:[], 2:[], 3:[], 4:[], 5:[], 6:[], 7:[], 8:[], 9:[], 10:[], 11:[], 12:[], 13:[], 14:[], 15:[], 16:[], 17:[], 18:[], 19:[], 20:[], 21:[], 22:[], 23:[], 24:[], 25:[], 26:[], 27:[], 28:[], 29:[], 30:[], 31:[], 32:[], 33:[], 34:[], 35:[], 36:[], 37:[], 38:[], 39:[], 40:[], 41:[], 42:[], 43:[], 44:[], 45:[], 46:[], 47:[], 48:[], 49:[], 50:[], 51:[], 52:[], 53:[], 54:[], 55:[], 56:[], 57:[], 58:[], 59:[], 60:[], 61:[], 62:[], 63:[], 64:[], 65:[], 66:[], 67:[], 68:[], 69:[], 70:[], 71:[], 72:[], 73:[], 74:[], 75:[], 76:[], 77:[], 78:[], 79:[], 80:[], 81:[], 82:[], 83:[], 84:[], 85:[], 86:[], 87:[], 88:[], 89:[], 90:[], 91:[], 92:[], 93:[], 94:[], 95:[], 96:[], 97:[], 98:[], 99:[], 100:[], 101:[], 102:[], 103:[], 104:[], 105:[], 106:[], 107:[], 108:[], 109:[], 110:[], 111:[], 112:[], 113:[], 114:[], 115:[], 116:[], 117:[], 118:[], 119:[], 120:[], 121:[], 122:[], 123:[], 124:[], 125:[], 126:[], 127:[], 128:[], 129:[], 130:[], 131:[], 132:[], 133:[], 134:[]",26045026800,30429531004
3259,2,11232.5897,12107455,180500935,1440454245,249.0657,false,136,true,true,true,true,true,false,false,"0:[0, 1, 2, 3, 4, 5, 6, 7, 8, 9, 10, 11, 12, 13, 14, 15, 16, 17, 18, 19, 20, 21, 22, 23, 24, 25, 26, 27, 28, 29, 30, 31, 32, 33, 34, 35, 36, 37, 38, 39, 40, 41, 42, 43, 44, 45, 46, 47, 48, 49, 50, 51, 52, 53, 54, 55, 56, 57, 58, 59, 60, 61, 62, 63, 64, 65, 66, 67, 68, 69, 70, 71, 72, 73, 74, 75, 76, 77, 78, 79, 80, 81, 82, 83, 84, 85, 86, 87, 88, 89, 90, 91, 92, 93, 94, 95, 96, 97, 98, 99, 100, 101, 102, 103, 104, 105, 106, 107, 108, 109, 110, 111, 112, 113, 114, 115, 116, 117, 118, 119, 120, 121, 122, 123, 124, 125, 126, 127, 128, 129, 130, 131, 132, 133, 134, 135], 1:[], 2:[], 3:[], 4:[], 5:[], 6:[], 7:[], 8:[], 9:[], 10:[], 11:[], 12:[], 13:[], 14:[], 15:[], 16:[], 17:[], 18:[], 19:[], 20:[], 21:[], 22:[], 23:[], 24:[], 25:[], 26:[], 27:[], 28:[], 29:[], 30:[], 31:[], 32:[], 33:[], 34:[], 35:[], 36:[], 37:[], 38:[], 39:[], 40:[], 41:[], 42:[], 43:[], 44:[], 45:[], 46:[], 47:[], 48:[], 49:[], 50:[], 51:[], 52:[], 53:[], 54:[], 55:[], 56:[], 57:[], 58:[], 59:[], 60:[], 61:[], 62:[], 63:[], 64:[], 65:[], 66:[], 67:[], 68:[], 69:[], 70:[], 71:[], 72:[], 73:[], 74:[], 75:[], 76:[], 77:[], 78:[], 79:[], 80:[], 81:[], 82:[], 83:[], 84:[], 85:[], 86:[], 87:[], 88:[], 89:[], 90:[], 91:[], 92:[], 93:[], 94:[], 95:[], 96:[], 97:[], 98:[], 99:[], 100:[], 101:[], 102:[], 103:[], 104:[], 105:[], 106:[], 107:[], 108:[], 109:[], 110:[], 111:[], 112:[], 113:[], 114:[], 115:[], 116:[], 117:[], 118:[], 119:[], 120:[], 121:[], 122:[], 123:[], 124:[], 125:[], 126:[], 127:[], 128:[], 129:[], 130:[], 131:[], 132:[], 133:[], 134:[], 135:[]",26072051912,30468781995
3271,3,13582.2821,12241361,182501349,1456431374,274.0301,false,136,true,true,true,true,true,false,false,"0:[0, 1, 2, 3, 4, 5, 6, 7, 8, 9, 10, 11, 12, 13, 14, 15, 16, 17, 18, 19, 20, 21, 22, 23, 24, 25, 26, 27, 28, 29, 30, 31, 32, 33, 34, 35, 36, 37, 38, 39, 40, 41, 42, 43, 44, 45, 46, 47, 48, 49, 50, 51, 52, 53, 54, 55, 56, 57, 58, 59, 60, 61, 62, 63, 64, 65, 66, 67, 68, 69, 70, 71, 72, 73, 74, 75, 76, 77, 78, 79, 80, 81, 82, 83, 84, 85, 86, 87, 88, 89, 90, 91, 92, 93, 94, 95, 96, 97, 98, 99, 100, 101, 102, 103, 104, 105, 106, 107, 108, 109, 110, 111, 112, 113, 114, 115, 116, 117, 118, 119, 120, 121, 122, 123, 124, 125, 126, 127, 128, 129, 130, 131, 132, 133, 134, 135], 1:[], 2:[], 3:[], 4:[], 5:[], 6:[], 7:[], 8:[], 9:[], 10:[], 11:[], 12:[], 13:[], 14:[], 15:[], 16:[], 17:[], 18:[], 19:[], 20:[], 21:[], 22:[], 23:[], 24:[], 25:[], 26:[], 27:[], 28:[], 29:[], 30:[], 31:[], 32:[], 33:[], 34:[], 35:[], 36:[], 37:[], 38:[], 39:[], 40:[], 41:[], 42:[], 43:[], 44:[], 45:[], 46:[], 47:[], 48:[], 49:[], 50:[], 51:[], 52:[], 53:[], 54:[], 55:[], 56:[], 57:[], 58:[], 59:[], 60:[], 61:[], 62:[], 63:[], 64:[], 65:[], 66:[], 67:[], 68:[], 69:[], 70:[], 71:[], 72:[], 73:[], 74:[], 75:[], 76:[], 77:[], 78:[], 79:[], 80:[], 81:[], 82:[], 83:[], 84:[], 85:[], 86:[], 87:[], 88:[], 89:[], 90:[], 91:[], 92:[], 93:[], 94:[], 95:[], 96:[], 97:[], 98:[], 99:[], 100:[], 101:[], 102:[], 103:[], 104:[], 105:[], 106:[], 107:[], 108:[], 109:[], 110:[], 111:[], 112:[], 113:[], 114:[], 115:[], 116:[], 117:[], 118:[], 119:[], 120:[], 121:[], 122:[], 123:[], 124:[], 125:[], 126:[], 127:[], 128:[], 129:[], 130:[], 131:[], 132:[], 133:[], 134:[], 135:[]",26235298776,30706044081
3299,2,13036.6288,12557642,187226343,1494169860,252.8343,false,138,true,true,true,true,true,false,false,"0:[0, 1, 2, 3, 4, 5, 6, 7, 8, 9, 10, 11, 12, 13, 14, 15, 16, 17, 18, 19, 20, 21, 22, 23, 24, 25, 26, 27, 28, 29, 30, 31, 32, 33, 34, 35, 36, 37, 38, 39, 40, 41, 42, 43, 44, 45, 46, 47, 48, 49, 50, 51, 52, 53, 54, 55, 56, 57, 58, 59, 60, 61, 62, 63, 64, 65, 66, 67, 68, 69, 70, 71, 72, 73, 74, 75, 76, 77, 78, 79, 80, 81, 82, 83, 84, 85, 86, 87, 88, 89, 90, 91, 92, 93, 94, 95, 96, 97, 98, 99, 100, 101, 102, 103, 104, 105, 106, 107, 108, 109, 110, 111, 112, 113, 114, 115, 116, 117, 118, 119, 120, 121, 122, 123, 124, 125, 126, 127, 128, 129, 130, 131, 132, 133, 134, 135, 136, 137], 1:[], 2:[], 3:[], 4:[], 5:[], 6:[], 7:[], 8:[], 9:[], 10:[], 11:[], 12:[], 13:[], 14:[], 15:[], 16:[], 17:[], 18:[], 19:[], 20:[], 21:[], 22:[], 23:[], 24:[], 25:[], 26:[], 27:[], 28:[], 29:[], 30:[], 31:[], 32:[], 33:[], 34:[], 35:[], 36:[], 37:[], 38:[], 39:[], 40:[], 41:[], 42:[], 43:[], 44:[], 45:[], 46:[], 47:[], 48:[], 49:[], 50:[], 51:[], 52:[], 53:[], 54:[], 55:[], 56:[], 57:[], 58:[], 59:[], 60:[], 61:[], 62:[], 63:[], 64:[], 65:[], 66:[], 67:[], 68:[], 69:[], 70:[], 71:[], 72:[], 73:[], 74:[], 75:[], 76:[], 77:[], 78:[], 79:[], 80:[], 81:[], 82:[], 83:[], 84:[], 85:[], 86:[], 87:[], 88:[], 89:[], 90:[], 91:[], 92:[], 93:[], 94:[], 95:[], 96:[], 97:[], 98:[], 99:[], 100:[], 101:[], 102:[], 103:[], 104:[], 105:[], 106:[], 107:[], 108:[], 109:[], 110:[], 111:[], 112:[], 113:[], 114:[], 115:[], 116:[], 117:[], 118:[], 119:[], 120:[], 121:[], 122:[], 123:[], 124:[], 125:[], 126:[], 127:[], 128:[], 129:[], 130:[], 131:[], 132:[], 133:[], 134:[], 135:[], 136:[], 137:[]",26620889040,31266457747
3301,2,13562.9293,12580439,187567774,1496900295,258.1527,false,137,true,true,true,true,true,false,false,"0:[0, 1, 2, 3, 4, 5, 6, 7, 8, 9, 10, 11, 12, 13, 14, 15, 16, 17, 18, 19, 20, 21, 22, 23, 24, 25, 26, 27, 28, 29, 30, 31, 32, 33, 34, 35, 36, 37, 38, 39, 40, 41, 42, 43, 44, 45, 46, 47, 48, 49, 50, 51, 52, 53, 54, 55, 56, 57, 58, 59, 60, 61, 62, 63, 64, 65, 66, 67, 68, 69, 70, 71, 72, 73, 74, 75, 76, 77, 78, 79, 80, 81, 82, 83, 84, 85, 86, 87, 88, 89, 90, 91, 92, 93, 94, 95, 96, 97, 98, 99, 100, 101, 102, 103, 104, 105, 106, 107, 108, 109, 110, 111, 112, 113, 114, 115, 116, 117, 118, 119, 120, 121, 122, 123, 124, 125, 126, 127, 128, 129, 130, 131, 132, 133, 134, 135, 136], 1:[], 2:[], 3:[], 4:[], 5:[], 6:[], 7:[], 8:[], 9:[], 10:[], 11:[], 12:[], 13:[], 14:[], 15:[], 16:[], 17:[], 18:[], 19:[], 20:[], 21:[], 22:[], 23:[], 24:[], 25:[], 26:[], 27:[], 28:[], 29:[], 30:[], 31:[], 32:[], 33:[], 34:[], 35:[], 36:[], 37:[], 38:[], 39:[], 40:[], 41:[], 42:[], 43:[], 44:[], 45:[], 46:[], 47:[], 48:[], 49:[], 50:[], 51:[], 52:[], 53:[], 54:[], 55:[], 56:[], 57:[], 58:[], 59:[], 60:[], 61:[], 62:[], 63:[], 64:[], 65:[], 66:[], 67:[], 68:[], 69:[], 70:[], 71:[], 72:[], 73:[], 74:[], 75:[], 76:[], 77:[], 78:[], 79:[], 80:[], 81:[], 82:[], 83:[], 84:[], 85:[], 86:[], 87:[], 88:[], 89:[], 90:[], 91:[], 92:[], 93:[], 94:[], 95:[], 96:[], 97:[], 98:[], 99:[], 100:[], 101:[], 102:[], 103:[], 104:[], 105:[], 106:[], 107:[], 108:[], 109:[], 110:[], 111:[], 112:[], 113:[], 114:[], 115:[], 116:[], 117:[], 118:[], 119:[], 120:[], 121:[], 122:[], 123:[], 124:[], 125:[], 126:[], 127:[], 128:[], 129:[], 130:[], 131:[], 132:[], 133:[], 134:[], 135:[], 136:[]",26648750648,31306979278
3307,2,11797.6686,12648997,188591169,1505070873,259.2353,false,137,true,true,true,true,true,false,false,"0:[0, 1, 2, 3, 4, 5, 6, 7, 8, 9, 10, 11, 12, 13, 14, 15, 16, 17, 18, 19, 20, 21, 22, 23, 24, 25, 26, 27, 28, 29, 30, 31, 32, 33, 34, 35, 36, 37, 38, 39, 40, 41, 42, 43, 44, 45, 46, 47, 48, 49, 50, 51, 52, 53, 54, 55, 56, 57, 58, 59, 60, 61, 62, 63, 64, 65, 66, 67, 68, 69, 70, 71, 72, 73, 74, 75, 76, 77, 78, 79, 80, 81, 82, 83, 84, 85, 86, 87, 88, 89, 90, 91, 92, 93, 94, 95, 96, 97, 98, 99, 100, 101, 102, 103, 104, 105, 106, 107, 108, 109, 110, 111, 112, 113, 114, 115, 116, 117, 118, 119, 120, 121, 122, 123, 124, 125, 126, 127, 128, 129, 130, 131, 132, 133, 134, 135, 136], 1:[], 2:[], 3:[], 4:[], 5:[], 6:[], 7:[], 8:[], 9:[], 10:[], 11:[], 12:[], 13:[], 14:[], 15:[], 16:[], 17:[], 18:[], 19:[], 20:[], 21:[], 22:[], 23:[], 24:[], 25:[], 26:[], 27:[], 28:[], 29:[], 30:[], 31:[], 32:[], 33:[], 34:[], 35:[], 36:[], 37:[], 38:[], 39:[], 40:[], 41:[], 42:[], 43:[], 44:[], 45:[], 46:[], 47:[], 48:[], 49:[], 50:[], 51:[], 52:[], 53:[], 54:[], 55:[], 56:[], 57:[], 58:[], 59:[], 60:[], 61:[], 62:[], 63:[], 64:[], 65:[], 66:[], 67:[], 68:[], 69:[], 70:[], 71:[], 72:[], 73:[], 74:[], 75:[], 76:[], 77:[], 78:[], 79:[], 80:[], 81:[], 82:[], 83:[], 84:[], 85:[], 86:[], 87:[], 88:[], 89:[], 90:[], 91:[], 92:[], 93:[], 94:[], 95:[], 96:[], 97:[], 98:[], 99:[], 100:[], 101:[], 102:[], 103:[], 104:[], 105:[], 106:[], 107:[], 108:[], 109:[], 110:[], 111:[], 112:[], 113:[], 114:[], 115:[], 116:[], 117:[], 118:[], 119:[], 120:[], 121:[], 122:[], 123:[], 124:[], 125:[], 126:[], 127:[], 128:[], 129:[], 130:[], 131:[], 132:[], 133:[], 134:[], 135:[], 136:[]",26732267640,31428334941
3313,5,14706.6792,12717804,189619943,1513290993,271.0120,false,138,true,true,true,true,true,false,false,"0:[0, 1, 2, 3, 4, 5, 6, 7, 8, 9, 10, 11, 12, 13, 14, 15, 16, 17, 18, 19, 20, 21, 22, 23, 24, 25, 26, 27, 28, 29, 30, 31, 32, 33, 34, 35, 36, 37, 38, 39, 40, 41, 42, 43, 44, 45, 46, 47, 48, 49, 50, 51, 52, 53, 54, 55, 56, 57, 58, 59, 60, 61, 62, 63, 64, 65, 66, 67, 68, 69, 70, 71, 72, 73, 74, 75, 76, 77, 78, 79, 80, 81, 82, 83, 84, 85, 86, 87, 88, 89, 90, 91, 92, 93, 94, 95, 96, 97, 98, 99, 100, 101, 102, 103, 104, 105, 106, 107, 108, 109, 110, 111, 112, 113, 114, 115, 116, 117, 118, 119, 120, 121, 122, 123, 124, 125, 126, 127, 128, 129, 130, 131, 132, 133, 134, 135, 136, 137], 1:[], 2:[], 3:[], 4:[], 5:[], 6:[], 7:[], 8:[], 9:[], 10:[], 11:[], 12:[], 13:[], 14:[], 15:[], 16:[], 17:[], 18:[], 19:[], 20:[], 21:[], 22:[], 23:[], 24:[], 25:[], 26:[], 27:[], 28:[], 29:[], 30:[], 31:[], 32:[], 33:[], 34:[], 35:[], 36:[], 37:[], 38:[], 39:[], 40:[], 41:[], 42:[], 43:[], 44:[], 45:[], 46:[], 47:[], 48:[], 49:[], 50:[], 51:[], 52:[], 53:[], 54:[], 55:[], 56:[], 57:[], 58:[], 59:[], 60:[], 61:[], 62:[], 63:[], 64:[], 65:[], 66:[], 67:[], 68:[], 69:[], 70:[], 71:[], 72:[], 73:[], 74:[], 75:[], 76:[], 77:[], 78:[], 79:[], 80:[], 81:[], 82:[], 83:[], 84:[], 85:[], 86:[], 87:[], 88:[], 89:[], 90:[], 91:[], 92:[], 93:[], 94:[], 95:[], 96:[], 97:[], 98:[], 99:[], 100:[], 101:[], 102:[], 103:[], 104:[], 105:[], 106:[], 107:[], 108:[], 109:[], 110:[], 111:[], 112:[], 113:[], 114:[], 115:[], 116:[], 117:[], 118:[], 119:[], 120:[], 121:[], 122:[], 123:[], 124:[], 125:[], 126:[], 127:[], 128:[], 129:[], 130:[], 131:[], 132:[], 133:[], 134:[], 135:[], 136:[], 137:[]",26816220928,31550379235
3319,3,13115.2792,12786861,190650792,1521521080,260.8933,false,138,true,true,true,true,true,false,false,"0:[0, 1, 2, 3, 4, 5, 6, 7, 8, 9, 10, 11, 12, 13, 14, 15, 16, 17, 18, 19, 20, 21, 22, 23, 24, 25, 26, 27, 28, 29, 30, 31, 32, 33, 34, 35, 36, 37, 38, 39, 40, 41, 42, 43, 44, 45, 46, 47, 48, 49, 50, 51, 52, 53, 54, 55, 56, 57, 58, 59, 60, 61, 62, 63, 64, 65, 66, 67, 68, 69, 70, 71, 72, 73, 74, 75, 76, 77, 78, 79, 80, 81, 82, 83, 84, 85, 86, 87, 88, 89, 90, 91, 92, 93, 94, 95, 96, 97, 98, 99, 100, 101, 102, 103, 104, 105, 106, 107, 108, 109, 110, 111, 112, 113, 114, 115, 116, 117, 118, 119, 120, 121, 122, 123, 124, 125, 126, 127, 128, 129, 130, 131, 132, 133, 134, 135, 136, 137], 1:[], 2:[], 3:[], 4:[], 5:[], 6:[], 7:[], 8:[], 9:[], 10:[], 11:[], 12:[], 13:[], 14:[], 15:[], 16:[], 17:[], 18:[], 19:[], 20:[], 21:[], 22:[], 23:[], 24:[], 25:[], 26:[], 27:[], 28:[], 29:[], 30:[], 31:[], 32:[], 33:[], 34:[], 35:[], 36:[], 37:[], 38:[], 39:[], 40:[], 41:[], 42:[], 43:[], 44:[], 45:[], 46:[], 47:[], 48:[], 49:[], 50:[], 51:[], 52:[], 53:[], 54:[], 55:[], 56:[], 57:[], 58:[], 59:[], 60:[], 61:[], 62:[], 63:[], 64:[], 65:[], 66:[], 67:[], 68:[], 69:[], 70:[], 71:[], 72:[], 73:[], 74:[], 75:[], 76:[], 77:[], 78:[], 79:[], 80:[], 81:[], 82:[], 83:[], 84:[], 85:[], 86:[], 87:[], 88:[], 89:[], 90:[], 91:[], 92:[], 93:[], 94:[], 95:[], 96:[], 97:[], 98:[], 99:[], 100:[], 101:[], 102:[], 103:[], 104:[], 105:[], 106:[], 107:[], 108:[], 109:[], 110:[], 111:[], 112:[], 113:[], 114:[], 115:[], 116:[], 117:[], 118:[], 119:[], 120:[], 121:[], 122:[], 123:[], 124:[], 125:[], 126:[], 127:[], 128:[], 129:[], 130:[], 131:[], 132:[], 133:[], 134:[], 135:[], 136:[], 137:[]",26900346216,31672618864
3323,2,12116.0011,12833036,191340672,1527031398,263.3219,false,138,true,true,true,true,true,false,false,"0:[0, 1, 2, 3, 4, 5, 6, 7, 8, 9, 10, 11, 12, 13, 14, 15, 16, 17, 18, 19, 20, 21, 22, 23, 24, 25, 26, 27, 28, 29, 30, 31, 32, 33, 34, 35, 36, 37, 38, 39, 40, 41, 42, 43, 44, 45, 46, 47, 48, 49, 50, 51, 52, 53, 54, 55, 56, 57, 58, 59, 60, 61, 62, 63, 64, 65, 66, 67, 68, 69, 70, 71, 72, 73, 74, 75, 76, 77, 78, 79, 80, 81, 82, 83, 84, 85, 86, 87, 88, 89, 90, 91, 92, 93, 94, 95, 96, 97, 98, 99, 100, 101, 102, 103, 104, 105, 106, 107, 108, 109, 110, 111, 112, 113, 114, 115, 116, 117, 118, 119, 120, 121, 122, 123, 124, 125, 126, 127, 128, 129, 130, 131, 132, 133, 134, 135, 136, 137], 1:[], 2:[], 3:[], 4:[], 5:[], 6:[], 7:[], 8:[], 9:[], 10:[], 11:[], 12:[], 13:[], 14:[], 15:[], 16:[], 17:[], 18:[], 19:[], 20:[], 21:[], 22:[], 23:[], 24:[], 25:[], 26:[], 27:[], 28:[], 29:[], 30:[], 31:[], 32:[], 33:[], 34:[], 35:[], 36:[], 37:[], 38:[], 39:[], 40:[], 41:[], 42:[], 43:[], 44:[], 45:[], 46:[], 47:[], 48:[], 49:[], 50:[], 51:[], 52:[], 53:[], 54:[], 55:[], 56:[], 57:[], 58:[], 59:[], 60:[], 61:[], 62:[], 63:[], 64:[], 65:[], 66:[], 67:[], 68:[], 69:[], 70:[], 71:[], 72:[], 73:[], 74:[], 75:[], 76:[], 77:[], 78:[], 79:[], 80:[], 81:[], 82:[], 83:[], 84:[], 85:[], 86:[], 87:[], 88:[], 89:[], 90:[], 91:[], 92:[], 93:[], 94:[], 95:[], 96:[], 97:[], 98:[], 99:[], 100:[], 101:[], 102:[], 103:[], 104:[], 105:[], 106:[], 107:[], 108:[], 109:[], 110:[], 111:[], 112:[], 113:[], 114:[], 115:[], 116:[], 117:[], 118:[], 119:[], 120:[], 121:[], 122:[], 123:[], 124:[], 125:[], 126:[], 127:[], 128:[], 129:[], 130:[], 131:[], 132:[], 133:[], 134:[], 135:[], 136:[], 137:[]",26956644816,31754442992
3329,3,16465.3461,12902509,192379427,1535331450,267.2495,false,139,true,true,true,true,true,false,false,"0:[0, 1, 2, 3, 4, 5, 6, 7, 8, 9, 10, 11, 12, 13, 14, 15, 16, 17, 18, 19, 20, 21, 22, 23, 24, 25, 26, 27, 28, 29, 30, 31, 32, 33, 34, 35, 36, 37, 38, 39, 40, 41, 42, 43, 44, 45, 46, 47, 48, 49, 50, 51, 52, 53, 54, 55, 56, 57, 58, 59, 60, 61, 62, 63, 64, 65, 66, 67, 68, 69, 70, 71, 72, 73, 74, 75, 76, 77, 78, 79, 80, 81, 82, 83, 84, 85, 86, 87, 88, 89, 90, 91, 92, 93, 94, 95, 96, 97, 98, 99, 100, 101, 102, 103, 104, 105, 106, 107, 108, 109, 110, 111, 112, 113, 114, 115, 116, 117, 118, 119, 120, 121, 122, 123, 124, 125, 126, 127, 128, 129, 130, 131, 132, 133, 134, 135, 136, 137, 138], 1:[], 2:[], 3:[], 4:[], 5:[], 6:[], 7:[], 8:[], 9:[], 10:[], 11:[], 12:[], 13:[], 14:[], 15:[], 16:[], 17:[], 18:[], 19:[], 20:[], 21:[], 22:[], 23:[], 24:[], 25:[], 26:[], 27:[], 28:[], 29:[], 30:[], 31:[], 32:[], 33:[], 34:[], 35:[], 36:[], 37:[], 38:[], 39:[], 40:[], 41:[], 42:[], 43:[], 44:[], 45:[], 46:[], 47:[], 48:[], 49:[], 50:[], 51:[], 52:[], 53:[], 54:[], 55:[], 56:[], 57:[], 58:[], 59:[], 60:[], 61:[], 62:[], 63:[], 64:[], 65:[], 66:[], 67:[], 68:[], 69:[], 70:[], 71:[], 72:[], 73:[], 74:[], 75:[], 76:[], 77:[], 78:[], 79:[], 80:[], 81:[], 82:[], 83:[], 84:[], 85:[], 86:[], 87:[], 88:[], 89:[], 90:[], 91:[], 92:[], 93:[], 94:[], 95:[], 96:[], 97:[], 98:[], 99:[], 100:[], 101:[], 102:[], 103:[], 104:[], 105:[], 106:[], 107:[], 108:[], 109:[], 110:[], 111:[], 112:[], 113:[], 114:[], 115:[], 116:[], 117:[], 118:[], 119:[], 120:[], 121:[], 122:[], 123:[], 124:[], 125:[], 126:[], 127:[], 128:[], 129:[], 130:[], 131:[], 132:[], 133:[], 134:[], 135:[], 136:[], 137:[], 138:[]",27041412568,31877671047
3331,2,11694.7776,12925721,192725397,1538091418,267.7071,false,139,true,true,true,true,true,false,false,"0:[0, 1, 2, 3, 4, 5, 6, 7, 8, 9, 10, 11, 12, 13, 14, 15, 16, 17, 18, 19, 20, 21, 22, 23, 24, 25, 26, 27, 28, 29, 30, 31, 32, 33, 34, 35, 36, 37, 38, 39, 40, 41, 42, 43, 44, 45, 46, 47, 48, 49, 50, 51, 52, 53, 54, 55, 56, 57, 58, 59, 60, 61, 62, 63, 64, 65, 66, 67, 68, 69, 70, 71, 72, 73, 74, 75, 76, 77, 78, 79, 80, 81, 82, 83, 84, 85, 86, 87, 88, 89, 90, 91, 92, 93, 94, 95, 96, 97, 98, 99, 100, 101, 102, 103, 104, 105, 106, 107, 108, 109, 110, 111, 112, 113, 114, 115, 116, 117, 118, 119, 120, 121, 122, 123, 124, 125, 126, 127, 128, 129, 130, 131, 132, 133, 134, 135, 136, 137, 138], 1:[], 2:[], 3:[], 4:[], 5:[], 6:[], 7:[], 8:[], 9:[], 10:[], 11:[], 12:[], 13:[], 14:[], 15:[], 16:[], 17:[], 18:[], 19:[], 20:[], 21:[], 22:[], 23:[], 24:[], 25:[], 26:[], 27:[], 28:[], 29:[], 30:[], 31:[], 32:[], 33:[], 34:[], 35:[], 36:[], 37:[], 38:[], 39:[], 40:[], 41:[], 42:[], 43:[], 44:[], 45:[], 46:[], 47:[], 48:[], 49:[], 50:[], 51:[], 52:[], 53:[], 54:[], 55:[], 56:[], 57:[], 58:[], 59:[], 60:[], 61:[], 62:[], 63:[], 64:[], 65:[], 66:[], 67:[], 68:[], 69:[], 70:[], 71:[], 72:[], 73:[], 74:[], 75:[], 76:[], 77:[], 78:[], 79:[], 80:[], 81:[], 82:[], 83:[], 84:[], 85:[], 86:[], 87:[], 88:[], 89:[], 90:[], 91:[], 92:[], 93:[], 94:[], 95:[], 96:[], 97:[], 98:[], 99:[], 100:[], 101:[], 102:[], 103:[], 104:[], 105:[], 106:[], 107:[], 108:[], 109:[], 110:[], 111:[], 112:[], 113:[], 114:[], 115:[], 116:[], 117:[], 118:[], 119:[], 120:[], 121:[], 122:[], 123:[], 124:[], 125:[], 126:[], 127:[], 128:[], 129:[], 130:[], 131:[], 132:[], 133:[], 134:[], 135:[], 136:[], 137:[], 138:[]",27069647256,31918680033
3343,3,12689.0075,13065584,194815013,1554781848,293.4155,false,140,true,true,true,true,true,false,false,"0:[0, 1, 2, 3, 4, 5, 6, 7, 8, 9, 10, 11, 12, 13, 14, 15, 16, 17, 18, 19, 20, 21, 22, 23, 24, 25, 26, 27, 28, 29, 30, 31, 32, 33, 34, 35, 36, 37, 38, 39, 40, 41, 42, 43, 44, 45, 46, 47, 48, 49, 50, 51, 52, 53, 54, 55, 56, 57, 58, 59, 60, 61, 62, 63, 64, 65, 66, 67, 68, 69, 70, 71, 72, 73, 74, 75, 76, 77, 78, 79, 80, 81, 82, 83, 84, 85, 86, 87, 88, 89, 90, 91, 92, 93, 94, 95, 96, 97, 98, 99, 100, 101, 102, 103, 104, 105, 106, 107, 108, 109, 110, 111, 112, 113, 114, 115, 116, 117, 118, 119, 120, 121, 122, 123, 124, 125, 126, 127, 128, 129, 130, 131, 132, 133, 134, 135, 136, 137, 138, 139], 1:[], 2:[], 3:[], 4:[], 5:[], 6:[], 7:[], 8:[], 9:[], 10:[], 11:[], 12:[], 13:[], 14:[], 15:[], 16:[], 17:[], 18:[], 19:[], 20:[], 21:[], 22:[], 23:[], 24:[], 25:[], 26:[], 27:[], 28:[], 29:[], 30:[], 31:[], 32:[], 33:[], 34:[], 35:[], 36:[], 37:[], 38:[], 39:[], 40:[], 41:[], 42:[], 43:[], 44:[], 45:[], 46:[], 47:[], 48:[], 49:[], 50:[], 51:[], 52:[], 53:[], 54:[], 55:[], 56:[], 57:[], 58:[], 59:[], 60:[], 61:[], 62:[], 63:[], 64:[], 65:[], 66:[], 67:[], 68:[], 69:[], 70:[], 71:[], 72:[], 73:[], 74:[], 75:[], 76:[], 77:[], 78:[], 79:[], 80:[], 81:[], 82:[], 83:[], 84:[], 85:[], 86:[], 87:[], 88:[], 89:[], 90:[], 91:[], 92:[], 93:[], 94:[], 95:[], 96:[], 97:[], 98:[], 99:[], 100:[], 101:[], 102:[], 103:[], 104:[], 105:[], 106:[], 107:[], 108:[], 109:[], 110:[], 111:[], 112:[], 113:[], 114:[], 115:[], 116:[], 117:[], 118:[], 119:[], 120:[], 121:[], 122:[], 123:[], 124:[], 125:[], 126:[], 127:[], 128:[], 129:[], 130:[], 131:[], 132:[], 133:[], 134:[], 135:[], 136:[], 137:[], 138:[], 139:[]",27240173248,32166522073
3347,2,14097.8010,13112428,195514865,1560371630,274.2202,false,139,true,true,true,true,true,false,false,"0:[0, 1, 2, 3, 4, 5, 6, 7, 8, 9, 10, 11, 12, 13, 14, 15, 16, 17, 18, 19, 20, 21, 22, 23, 24, 25, 26, 27, 28, 29, 30, 31, 32, 33, 34, 35, 36, 37, 38, 39, 40, 41, 42, 43, 44, 45, 46, 47, 48, 49, 50, 51, 52, 53, 54, 55, 56, 57, 58, 59, 60, 61, 62, 63, 64, 65, 66, 67, 68, 69, 70, 71, 72, 73, 74, 75, 76, 77, 78, 79, 80, 81, 82, 83, 84, 85, 86, 87, 88, 89, 90, 91, 92, 93, 94, 95, 96, 97, 98, 99, 100, 101, 102, 103, 104, 105, 106, 107, 108, 109, 110, 111, 112, 113, 114, 115, 116, 117, 118, 119, 120, 121, 122, 123, 124, 125, 126, 127, 128, 129, 130, 131, 132, 133, 134, 135, 136, 137, 138], 1:[], 2:[], 3:[], 4:[], 5:[], 6:[], 7:[], 8:[], 9:[], 10:[], 11:[], 12:[], 13:[], 14:[], 15:[], 16:[], 17:[], 18:[], 19:[], 20:[], 21:[], 22:[], 23:[], 24:[], 25:[], 26:[], 27:[], 28:[], 29:[], 30:[], 31:[], 32:[], 33:[], 34:[], 35:[], 36:[], 37:[], 38:[], 39:[], 40:[], 41:[], 42:[], 43:[], 44:[], 45:[], 46:[], 47:[], 48:[], 49:[], 50:[], 51:[], 52:[], 53:[], 54:[], 55:[], 56:[], 57:[], 58:[], 59:[], 60:[], 61:[], 62:[], 63:[], 64:[], 65:[], 66:[], 67:[], 68:[], 69:[], 70:[], 71:[], 72:[], 73:[], 74:[], 75:[], 76:[], 77:[], 78:[], 79:[], 80:[], 81:[], 82:[], 83:[], 84:[], 85:[], 86:[], 87:[], 88:[], 89:[], 90:[], 91:[], 92:[], 93:[], 94:[], 95:[], 96:[], 97:[], 98:[], 99:[], 100:[], 101:[], 102:[], 103:[], 104:[], 105:[], 106:[], 107:[], 108:[], 109:[], 110:[], 111:[], 112:[], 113:[], 114:[], 115:[], 116:[], 117:[], 118:[], 119:[], 120:[], 121:[], 122:[], 123:[], 124:[], 125:[], 126:[], 127:[], 128:[], 129:[], 130:[], 131:[], 132:[], 133:[], 134:[], 135:[], 136:[], 137:[], 138:[]",27297285664,32249528629
3359,11,15369.1188,13253633,197624480,1577221382,274.6323,false,139,true,true,true,true,true,false,false,"0:[0, 1, 2, 3, 4, 5, 6, 7, 8, 9, 10, 11, 12, 13, 14, 15, 16, 17, 18, 19, 20, 21, 22, 23, 24, 25, 26, 27, 28, 29, 30, 31, 32, 33, 34, 35, 36, 37, 38, 39, 40, 41, 42, 43, 44, 45, 46, 47, 48, 49, 50, 51, 52, 53, 54, 55, 56, 57, 58, 59, 60, 61, 62, 63, 64, 65, 66, 67, 68, 69, 70, 71, 72, 73, 74, 75, 76, 77, 78, 79, 80, 81, 82, 83, 84, 85, 86, 87, 88, 89, 90, 91, 92, 93, 94, 95, 96, 97, 98, 99, 100, 101, 102, 103, 104, 105, 106, 107, 108, 109, 110, 111, 112, 113, 114, 115, 116, 117, 118, 119, 120, 121, 122, 123, 124, 125, 126, 127, 128, 129, 130, 131, 132, 133, 134, 135, 136, 137, 138], 1:[], 2:[], 3:[], 4:[], 5:[], 6:[], 7:[], 8:[], 9:[], 10:[], 11:[], 12:[], 13:[], 14:[], 15:[], 16:[], 17:[], 18:[], 19:[], 20:[], 21:[], 22:[], 23:[], 24:[], 25:[], 26:[], 27:[], 28:[], 29:[], 30:[], 31:[], 32:[], 33:[], 34:[], 35:[], 36:[], 37:[], 38:[], 39:[], 40:[], 41:[], 42:[], 43:[], 44:[], 45:[], 46:[], 47:[], 48:[], 49:[], 50:[], 51:[], 52:[], 53:[], 54:[], 55:[], 56:[], 57:[], 58:[], 59:[], 60:[], 61:[], 62:[], 63:[], 64:[], 65:[], 66:[], 67:[], 68:[], 69:[], 70:[], 71:[], 72:[], 73:[], 74:[], 75:[], 76:[], 77:[], 78:[], 79:[], 80:[], 81:[], 82:[], 83:[], 84:[], 85:[], 86:[], 87:[], 88:[], 89:[], 90:[], 91:[], 92:[], 93:[], 94:[], 95:[], 96:[], 97:[], 98:[], 99:[], 100:[], 101:[], 102:[], 103:[], 104:[], 105:[], 106:[], 107:[], 108:[], 109:[], 110:[], 111:[], 112:[], 113:[], 114:[], 115:[], 116:[], 117:[], 118:[], 119:[], 120:[], 121:[], 122:[], 123:[], 124:[], 125:[], 126:[], 127:[], 128:[], 129:[], 130:[], 131:[], 132:[], 133:[], 134:[], 135:[], 136:[], 137:[], 138:[]",27469443784,32499740904
3361,11,16921.1993,13277264,197978421,1580051889,280.8020,false,141,true,true,true,true,true,false,false,"0:[0, 1, 2, 3, 4, 5, 6, 7, 8, 9, 10, 11, 12, 13, 14, 15, 16, 17, 18, 19, 20, 21, 22, 23, 24, 25, 26, 27, 28, 29, 30, 31, 32, 33, 34, 35, 36, 37, 38, 39, 40, 41, 42, 43, 44, 45, 46, 47, 48, 49, 50, 51, 52, 53, 54, 55, 56, 57, 58, 59, 60, 61, 62, 63, 64, 65, 66, 67, 68, 69, 70, 71, 72, 73, 74, 75, 76, 77, 78, 79, 80, 81, 82, 83, 84, 85, 86, 87, 88, 89, 90, 91, 92, 93, 94, 95, 96, 97, 98, 99, 100, 101, 102, 103, 104, 105, 106, 107, 108, 109, 110, 111, 112, 113, 114, 115, 116, 117, 118, 119, 120, 121, 122, 123, 124, 125, 126, 127, 128, 129, 130, 131, 132, 133, 134, 135, 136, 137, 138, 139, 140], 1:[], 2:[], 3:[], 4:[], 5:[], 6:[], 7:[], 8:[], 9:[], 10:[], 11:[], 12:[], 13:[], 14:[], 15:[], 16:[], 17:[], 18:[], 19:[], 20:[], 21:[], 22:[], 23:[], 24:[], 25:[], 26:[], 27:[], 28:[], 29:[], 30:[], 31:[], 32:[], 33:[], 34:[], 35:[], 36:[], 37:[], 38:[], 39:[], 40:[], 41:[], 42:[], 43:[], 44:[], 45:[], 46:[], 47:[], 48:[], 49:[], 50:[], 51:[], 52:[], 53:[], 54:[], 55:[], 56:[], 57:[], 58:[], 59:[], 60:[], 61:[], 62:[], 63:[], 64:[], 65:[], 66:[], 67:[], 68:[], 69:[], 70:[], 71:[], 72:[], 73:[], 74:[], 75:[], 76:[], 77:[], 78:[], 79:[], 80:[], 81:[], 82:[], 83:[], 84:[], 85:[], 86:[], 87:[], 88:[], 89:[], 90:[], 91:[], 92:[], 93:[], 94:[], 95:[], 96:[], 97:[], 98:[], 99:[], 100:[], 101:[], 102:[], 103:[], 104:[], 105:[], 106:[], 107:[], 108:[], 109:[], 110:[], 111:[], 112:[], 113:[], 114:[], 115:[], 116:[], 117:[], 118:[], 119:[], 120:[], 121:[], 122:[], 123:[], 124:[], 125:[], 126:[], 127:[], 128:[], 129:[], 130:[], 131:[], 132:[], 133:[], 134:[], 135:[], 136:[], 137:[], 138:[], 139:[], 140:[]",27498326208,32541746985
3371,2,14214.9287,13395846,199749299,1594193219,282.9987,false,141,true,true,true,true,true,false,false,"0:[0, 1, 2, 3, 4, 5, 6, 7, 8, 9, 10, 11, 12, 13, 14, 15, 16, 17, 18, 19, 20, 21, 22, 23, 24, 25, 26, 27, 28, 29, 30, 31, 32, 33, 34, 35, 36, 37, 38, 39, 40, 41, 42, 43, 44, 45, 46, 47, 48, 49, 50, 51, 52, 53, 54, 55, 56, 57, 58, 59, 60, 61, 62, 63, 64, 65, 66, 67, 68, 69, 70, 71, 72, 73, 74, 75, 76, 77, 78, 79, 80, 81, 82, 83, 84, 85, 86, 87, 88, 89, 90, 91, 92, 93, 94, 95, 96, 97, 98, 99, 100, 101, 102, 103, 104, 105, 106, 107, 108, 109, 110, 111, 112, 113, 114, 115, 116, 117, 118, 119, 120, 121, 122, 123, 124, 125, 126, 127, 128, 129, 130, 131, 132, 133, 134, 135, 136, 137, 138, 139, 140], 1:[], 2:[], 3:[], 4:[], 5:[], 6:[], 7:[], 8:[], 9:[], 10:[], 11:[], 12:[], 13:[], 14:[], 15:[], 16:[], 17:[], 18:[], 19:[], 20:[], 21:[], 22:[], 23:[], 24:[], 25:[], 26:[], 27:[], 28:[], 29:[], 30:[], 31:[], 32:[], 33:[], 34:[], 35:[], 36:[], 37:[], 38:[], 39:[], 40:[], 41:[], 42:[], 43:[], 44:[], 45:[], 46:[], 47:[], 48:[], 49:[], 50:[], 51:[], 52:[], 53:[], 54:[], 55:[], 56:[], 57:[], 58:[], 59:[], 60:[], 61:[], 62:[], 63:[], 64:[], 65:[], 66:[], 67:[], 68:[], 69:[], 70:[], 71:[], 72:[], 73:[], 74:[], 75:[], 76:[], 77:[], 78:[], 79:[], 80:[], 81:[], 82:[], 83:[], 84:[], 85:[], 86:[], 87:[], 88:[], 89:[], 90:[], 91:[], 92:[], 93:[], 94:[], 95:[], 96:[], 97:[], 98:[], 99:[], 100:[], 101:[], 102:[], 103:[], 104:[], 105:[], 106:[], 107:[], 108:[], 109:[], 110:[], 111:[], 112:[], 113:[], 114:[], 115:[], 116:[], 117:[], 118:[], 119:[], 120:[], 121:[], 122:[], 123:[], 124:[], 125:[], 126:[], 127:[], 128:[], 129:[], 130:[], 131:[], 132:[], 133:[], 134:[], 135:[], 136:[], 137:[], 138:[], 139:[], 140:[]",27642842416,32751758351
3373,2,12758.2291,13419647,200105755,1597043798,294.1872,false,141,true,true,true,true,true,false,false,"0:[0, 1, 2, 3, 4, 5, 6, 7, 8, 9, 10, 11, 12, 13, 14, 15, 16, 17, 18, 19, 20, 21, 22, 23, 24, 25, 26, 27, 28, 29, 30, 31, 32, 33, 34, 35, 36, 37, 38, 39, 40, 41, 42, 43, 44, 45, 46, 47, 48, 49, 50, 51, 52, 53, 54, 55, 56, 57, 58, 59, 60, 61, 62, 63, 64, 65, 66, 67, 68, 69, 70, 71, 72, 73, 74, 75, 76, 77, 78, 79, 80, 81, 82, 83, 84, 85, 86, 87, 88, 89, 90, 91, 92, 93, 94, 95, 96, 97, 98, 99, 100, 101, 102, 103, 104, 105, 106, 107, 108, 109, 110, 111, 112, 113, 114, 115, 116, 117, 118, 119, 120, 121, 122, 123, 124, 125, 126, 127, 128, 129, 130, 131, 132, 133, 134, 135, 136, 137, 138, 139, 140], 1:[], 2:[], 3:[], 4:[], 5:[], 6:[], 7:[], 8:[], 9:[], 10:[], 11:[], 12:[], 13:[], 14:[], 15:[], 16:[], 17:[], 18:[], 19:[], 20:[], 21:[], 22:[], 23:[], 24:[], 25:[], 26:[], 27:[], 28:[], 29:[], 30:[], 31:[], 32:[], 33:[], 34:[], 35:[], 36:[], 37:[], 38:[], 39:[], 40:[], 41:[], 42:[], 43:[], 44:[], 45:[], 46:[], 47:[], 48:[], 49:[], 50:[], 51:[], 52:[], 53:[], 54:[], 55:[], 56:[], 57:[], 58:[], 59:[], 60:[], 61:[], 62:[], 63:[], 64:[], 65:[], 66:[], 67:[], 68:[], 69:[], 70:[], 71:[], 72:[], 73:[], 74:[], 75:[], 76:[], 77:[], 78:[], 79:[], 80:[], 81:[], 82:[], 83:[], 84:[], 85:[], 86:[], 87:[], 88:[], 89:[], 90:[], 91:[], 92:[], 93:[], 94:[], 95:[], 96:[], 97:[], 98:[], 99:[], 100:[], 101:[], 102:[], 103:[], 104:[], 105:[], 106:[], 107:[], 108:[], 109:[], 110:[], 111:[], 112:[], 113:[], 114:[], 115:[], 116:[], 117:[], 118:[], 119:[], 120:[], 121:[], 122:[], 123:[], 124:[], 125:[], 126:[], 127:[], 128:[], 129:[], 130:[], 131:[], 132:[], 133:[], 134:[], 135:[], 136:[], 137:[], 138:[], 139:[], 140:[]",27671930120,32794061967
3389,2,14674.0469,13611070,202965790,1619887859,282.2559,false,141,true,true,true,true,true,false,false,"0:[0, 1, 2, 3, 4, 5, 6, 7, 8, 9, 10, 11, 12, 13, 14, 15, 16, 17, 18, 19, 20, 21, 22, 23, 24, 25, 26, 27, 28, 29, 30, 31, 32, 33, 34, 35, 36, 37, 38, 39, 40, 41, 42, 43, 44, 45, 46, 47, 48, 49, 50, 51, 52, 53, 54, 55, 56, 57, 58, 59, 60, 61, 62, 63, 64, 65, 66, 67, 68, 69, 70, 71, 72, 73, 74, 75, 76, 77, 78, 79, 80, 81, 82, 83, 84, 85, 86, 87, 88, 89, 90, 91, 92, 93, 94, 95, 96, 97, 98, 99, 100, 101, 102, 103, 104, 105, 106, 107, 108, 109, 110, 111, 112, 113, 114, 115, 116, 117, 118, 119, 120, 121, 122, 123, 124, 125, 126, 127, 128, 129, 130, 131, 132, 133, 134, 135, 136, 137, 138, 139, 140], 1:[], 2:[], 3:[], 4:[], 5:[], 6:[], 7:[], 8:[], 9:[], 10:[], 11:[], 12:[], 13:[], 14:[], 15:[], 16:[], 17:[], 18:[], 19:[], 20:[], 21:[], 22:[], 23:[], 24:[], 25:[], 26:[], 27:[], 28:[], 29:[], 30:[], 31:[], 32:[], 33:[], 34:[], 35:[], 36:[], 37:[], 38:[], 39:[], 40:[], 41:[], 42:[], 43:[], 44:[], 45:[], 46:[], 47:[], 48:[], 49:[], 50:[], 51:[], 52:[], 53:[], 54:[], 55:[], 56:[], 57:[], 58:[], 59:[], 60:[], 61:[], 62:[], 63:[], 64:[], 65:[], 66:[], 67:[], 68:[], 69:[], 70:[], 71:[], 72:[], 73:[], 74:[], 75:[], 76:[], 77:[], 78:[], 79:[], 80:[], 81:[], 82:[], 83:[], 84:[], 85:[], 86:[], 87:[], 88:[], 89:[], 90:[], 91:[], 92:[], 93:[], 94:[], 95:[], 96:[], 97:[], 98:[], 99:[], 100:[], 101:[], 102:[], 103:[], 104:[], 105:[], 106:[], 107:[], 108:[], 109:[], 110:[], 111:[], 112:[], 113:[], 114:[], 115:[], 116:[], 117:[], 118:[], 119:[], 120:[], 121:[], 122:[], 123:[], 124:[], 125:[], 126:[], 127:[], 128:[], 129:[], 130:[], 131:[], 132:[], 133:[], 134:[], 135:[], 136:[], 137:[], 138:[], 139:[], 140:[]",27905327072,33133279766
3391,3,15638.0471,13635124,203324316,1622747927,283.8805,false,141,true,true,true,true,true,false,false,"0:[0, 1, 2, 3, 4, 5, 6, 7, 8, 9, 10, 11, 12, 13, 14, 15, 16, 17, 18, 19, 20, 21, 22, 23, 24, 25, 26, 27, 28, 29, 30, 31, 32, 33, 34, 35, 36, 37, 38, 39, 40, 41, 42, 43, 44, 45, 46, 47, 48, 49, 50, 51, 52, 53, 54, 55, 56, 57, 58, 59, 60, 61, 62, 63, 64, 65, 66, 67, 68, 69, 70, 71, 72, 73, 74, 75, 76, 77, 78, 79, 80, 81, 82, 83, 84, 85, 86, 87, 88, 89, 90, 91, 92, 93, 94, 95, 96, 97, 98, 99, 100, 101, 102, 103, 104, 105, 106, 107, 108, 109, 110, 111, 112, 113, 114, 115, 116, 117, 118, 119, 120, 121, 122, 123, 124, 125, 126, 127, 128, 129, 130, 131, 132, 133, 134, 135, 136, 137, 138, 139, 140], 1:[], 2:[], 3:[], 4:[], 5:[], 6:[], 7:[], 8:[], 9:[], 10:[], 11:[], 12:[], 13:[], 14:[], 15:[], 16:[], 17:[], 18:[], 19:[], 20:[], 21:[], 22:[], 23:[], 24:[], 25:[], 26:[], 27:[], 28:[], 29:[], 30:[], 31:[], 32:[], 33:[], 34:[], 35:[], 36:[], 37:[], 38:[], 39:[], 40:[], 41:[], 42:[], 43:[], 44:[], 45:[], 46:[], 47:[], 48:[], 49:[], 50:[], 51:[], 52:[], 53:[], 54:[], 55:[], 56:[], 57:[], 58:[], 59:[], 60:[], 61:[], 62:[], 63:[], 64:[], 65:[], 66:[], 67:[], 68:[], 69:[], 70:[], 71:[], 72:[], 73:[], 74:[], 75:[], 76:[], 77:[], 78:[], 79:[], 80:[], 81:[], 82:[], 83:[], 84:[], 85:[], 86:[], 87:[], 88:[], 89:[], 90:[], 91:[], 92:[], 93:[], 94:[], 95:[], 96:[], 97:[], 98:[], 99:[], 100:[], 101:[], 102:[], 103:[], 104:[], 105:[], 106:[], 107:[], 108:[], 109:[], 110:[], 111:[], 112:[], 113:[], 114:[], 115:[], 116:[], 117:[], 118:[], 119:[], 120:[], 121:[], 122:[], 123:[], 124:[], 125:[], 126:[], 127:[], 128:[], 129:[], 130:[], 131:[], 132:[], 133:[], 134:[], 135:[], 136:[], 137:[], 138:[], 139:[], 140:[]",27934586448,33175777116
3407,5,16002.9662,13828585,206214868,1645835991,286.1596,false,142,true,true,true,true,true,false,false,"0:[0, 1, 2, 3, 4, 5, 6, 7, 8, 9, 10, 11, 12, 13, 14, 15, 16, 17, 18, 19, 20, 21, 22, 23, 24, 25, 26, 27, 28, 29, 30, 31, 32, 33, 34, 35, 36, 37, 38, 39, 40, 41, 42, 43, 44, 45, 46, 47, 48, 49, 50, 51, 52, 53, 54, 55, 56, 57, 58, 59, 60, 61, 62, 63, 64, 65, 66, 67, 68, 69, 70, 71, 72, 73, 74, 75, 76, 77, 78, 79, 80, 81, 82, 83, 84, 85, 86, 87, 88, 89, 90, 91, 92, 93, 94, 95, 96, 97, 98, 99, 100, 101, 102, 103, 104, 105, 106, 107, 108, 109, 110, 111, 112, 113, 114, 115, 116, 117, 118, 119, 120, 121, 122, 123, 124, 125, 126, 127, 128, 129, 130, 131, 132, 133, 134, 135, 136, 137, 138, 139, 140, 141], 1:[], 2:[], 3:[], 4:[], 5:[], 6:[], 7:[], 8:[], 9:[], 10:[], 11:[], 12:[], 13:[], 14:[], 15:[], 16:[], 17:[], 18:[], 19:[], 20:[], 21:[], 22:[], 23:[], 24:[], 25:[], 26:[], 27:[], 28:[], 29:[], 30:[], 31:[], 32:[], 33:[], 34:[], 35:[], 36:[], 37:[], 38:[], 39:[], 40:[], 41:[], 42:[], 43:[], 44:[], 45:[], 46:[], 47:[], 48:[], 49:[], 50:[], 51:[], 52:[], 53:[], 54:[], 55:[], 56:[], 57:[], 58:[], 59:[], 60:[], 61:[], 62:[], 63:[], 64:[], 65:[], 66:[], 67:[], 68:[], 69:[], 70:[], 71:[], 72:[], 73:[], 74:[], 75:[], 76:[], 77:[], 78:[], 79:[], 80:[], 81:[], 82:[], 83:[], 84:[], 85:[], 86:[], 87:[], 88:[], 89:[], 90:[], 91:[], 92:[], 93:[], 94:[], 95:[], 96:[], 97:[], 98:[], 99:[], 100:[], 101:[], 102:[], 103:[], 104:[], 105:[], 106:[], 107:[], 108:[], 109:[], 110:[], 111:[], 112:[], 113:[], 114:[], 115:[], 116:[], 117:[], 118:[], 119:[], 120:[], 121:[], 122:[], 123:[], 124:[], 125:[], 126:[], 127:[], 128:[], 129:[], 130:[], 131:[], 132:[], 133:[], 134:[], 135:[], 136:[], 137:[], 138:[], 139:[], 140:[], 141:[]",28170473672,33518613676
3413,2,15136.5819,13901602,207306777,1654561461,293.7545,false,143,true,true,true,true,true,false,false,"0:[0, 1, 2, 3, 4, 5, 6, 7, 8, 9, 10, 11, 12, 13, 14, 15, 16, 17, 18, 19, 20, 21, 22, 23, 24, 25, 26, 27, 28, 29, 30, 31, 32, 33, 34, 35, 36, 37, 38, 39, 40, 41, 42, 43, 44, 45, 46, 47, 48, 49, 50, 51, 52, 53, 54, 55, 56, 57, 58, 59, 60, 61, 62, 63, 64, 65, 66, 67, 68, 69, 70, 71, 72, 73, 74, 75, 76, 77, 78, 79, 80, 81, 82, 83, 84, 85, 86, 87, 88, 89, 90, 91, 92, 93, 94, 95, 96, 97, 98, 99, 100, 101, 102, 103, 104, 105, 106, 107, 108, 109, 110, 111, 112, 113, 114, 115, 116, 117, 118, 119, 120, 121, 122, 123, 124, 125, 126, 127, 128, 129, 130, 131, 132, 133, 134, 135, 136, 137, 138, 139, 140, 141, 142], 1:[], 2:[], 3:[], 4:[], 5:[], 6:[], 7:[], 8:[], 9:[], 10:[], 11:[], 12:[], 13:[], 14:[], 15:[], 16:[], 17:[], 18:[], 19:[], 20:[], 21:[], 22:[], 23:[], 24:[], 25:[], 26:[], 27:[], 28:[], 29:[], 30:[], 31:[], 32:[], 33:[], 34:[], 35:[], 36:[], 37:[], 38:[], 39:[], 40:[], 41:[], 42:[], 43:[], 44:[], 45:[], 46:[], 47:[], 48:[], 49:[], 50:[], 51:[], 52:[], 53:[], 54:[], 55:[], 56:[], 57:[], 58:[], 59:[], 60:[], 61:[], 62:[], 63:[], 64:[], 65:[], 66:[], 67:[], 68:[], 69:[], 70:[], 71:[], 72:[], 73:[], 74:[], 75:[], 76:[], 77:[], 78:[], 79:[], 80:[], 81:[], 82:[], 83:[], 84:[], 85:[], 86:[], 87:[], 88:[], 89:[], 90:[], 91:[], 92:[], 93:[], 94:[], 95:[], 96:[], 97:[], 98:[], 99:[], 100:[], 101:[], 102:[], 103:[], 104:[], 105:[], 106:[], 107:[], 108:[], 109:[], 110:[], 111:[], 112:[], 113:[], 114:[], 115:[], 116:[], 117:[], 118:[], 119:[], 120:[], 121:[], 122:[], 123:[], 124:[], 125:[], 126:[], 127:[], 128:[], 129:[], 130:[], 131:[], 132:[], 133:[], 134:[], 135:[], 136:[], 137:[], 138:[], 139:[], 140:[], 141:[], 142:[]",28259578800,33648147885
3433,5,18389.8246,14146847,210971110,1683830031,295.6495,false,143,true,true,true,true,true,false,false,"0:[0, 1, 2, 3, 4, 5, 6, 7, 8, 9, 10, 11, 12, 13, 14, 15, 16, 17, 18, 19, 20, 21, 22, 23, 24, 25, 26, 27, 28, 29, 30, 31, 32, 33, 34, 35, 36, 37, 38, 39, 40, 41, 42, 43, 44, 45, 46, 47, 48, 49, 50, 51, 52, 53, 54, 55, 56, 57, 58, 59, 60, 61, 62, 63, 64, 65, 66, 67, 68, 69, 70, 71, 72, 73, 74, 75, 76, 77, 78, 79, 80, 81, 82, 83, 84, 85, 86, 87, 88, 89, 90, 91, 92, 93, 94, 95, 96, 97, 98, 99, 100, 101, 102, 103, 104, 105, 106, 107, 108, 109, 110, 111, 112, 113, 114, 115, 116, 117, 118, 119, 120, 121, 122, 123, 124, 125, 126, 127, 128, 129, 130, 131, 132, 133, 134, 135, 136, 137, 138, 139, 140, 141, 142], 1:[], 2:[], 3:[], 4:[], 5:[], 6:[], 7:[], 8:[], 9:[], 10:[], 11:[], 12:[], 13:[], 14:[], 15:[], 16:[], 17:[], 18:[], 19:[], 20:[], 21:[], 22:[], 23:[], 24:[], 25:[], 26:[], 27:[], 28:[], 29:[], 30:[], 31:[], 32:[], 33:[], 34:[], 35:[], 36:[], 37:[], 38:[], 39:[], 40:[], 41:[], 42:[], 43:[], 44:[], 45:[], 46:[], 47:[], 48:[], 49:[], 50:[], 51:[], 52:[], 53:[], 54:[], 55:[], 56:[], 57:[], 58:[], 59:[], 60:[], 61:[], 62:[], 63:[], 64:[], 65:[], 66:[], 67:[], 68:[], 69:[], 70:[], 71:[], 72:[], 73:[], 74:[], 75:[], 76:[], 77:[], 78:[], 79:[], 80:[], 81:[], 82:[], 83:[], 84:[], 85:[], 86:[], 87:[], 88:[], 89:[], 90:[], 91:[], 92:[], 93:[], 94:[], 95:[], 96:[], 97:[], 98:[], 99:[], 100:[], 101:[], 102:[], 103:[], 104:[], 105:[], 106:[], 107:[], 108:[], 109:[], 110:[], 111:[], 112:[], 113:[], 114:[], 115:[], 116:[], 117:[], 118:[], 119:[], 120:[], 121:[], 122:[], 123:[], 124:[], 125:[], 126:[], 127:[], 128:[], 129:[], 130:[], 131:[], 132:[], 133:[], 134:[], 135:[], 136:[], 137:[], 138:[], 139:[], 140:[], 141:[], 142:[]",28558611320,34082759414
3449,3,17940.1151,14345108,213933517,1707492484,298.2410,false,144,true,true,true,true,true,false,false,"0:[0, 1, 2, 3, 4, 5, 6, 7, 8, 9, 10, 11, 12, 13, 14, 15, 16, 17, 18, 19, 20, 21, 22, 23, 24, 25, 26, 27, 28, 29, 30, 31, 32, 33, 34, 35, 36, 37, 38, 39, 40, 41, 42, 43, 44, 45, 46, 47, 48, 49, 50, 51, 52, 53, 54, 55, 56, 57, 58, 59, 60, 61, 62, 63, 64, 65, 66, 67, 68, 69, 70, 71, 72, 73, 74, 75, 76, 77, 78, 79, 80, 81, 82, 83, 84, 85, 86, 87, 88, 89, 90, 91, 92, 93, 94, 95, 96, 97, 98, 99, 100, 101, 102, 103, 104, 105, 106, 107, 108, 109, 110, 111, 112, 113, 114, 115, 116, 117, 118, 119, 120, 121, 122, 123, 124, 125, 126, 127, 128, 129, 130, 131, 132, 133, 134, 135, 136, 137, 138, 139, 140, 141, 142, 143], 1:[], 2:[], 3:[], 4:[], 5:[], 6:[], 7:[], 8:[], 9:[], 10:[], 11:[], 12:[], 13:[], 14:[], 15:[], 16:[], 17:[], 18:[], 19:[], 20:[], 21:[], 22:[], 23:[], 24:[], 25:[], 26:[], 27:[], 28:[], 29:[], 30:[], 31:[], 32:[], 33:[], 34:[], 35:[], 36:[], 37:[], 38:[], 39:[], 40:[], 41:[], 42:[], 43:[], 44:[], 45:[], 46:[], 47:[], 48:[], 49:[], 50:[], 51:[], 52:[], 53:[], 54:[], 55:[], 56:[], 57:[], 58:[], 59:[], 60:[], 61:[], 62:[], 63:[], 64:[], 65:[], 66:[], 67:[], 68:[], 69:[], 70:[], 71:[], 72:[], 73:[], 74:[], 75:[], 76:[], 77:[], 78:[], 79:[], 80:[], 81:[], 82:[], 83:[], 84:[], 85:[], 86:[], 87:[], 88:[], 89:[], 90:[], 91:[], 92:[], 93:[], 94:[], 95:[], 96:[], 97:[], 98:[], 99:[], 100:[], 101:[], 102:[], 103:[], 104:[], 105:[], 106:[], 107:[], 108:[], 109:[], 110:[], 111:[], 112:[], 113:[], 114:[], 115:[], 116:[], 117:[], 118:[], 119:[], 120:[], 121:[], 122:[], 123:[], 124:[], 125:[], 126:[], 127:[], 128:[], 129:[], 130:[], 131:[], 132:[], 133:[], 134:[], 135:[], 136:[], 137:[], 138:[], 139:[], 140:[], 141:[], 142:[], 143:[]",28800362144,34434118497
3457,5,16790.2181,14444928,215425102,1719406983,295.7091,false,144,true,true,true,true,true,false,false,"0:[0, 1, 2, 3, 4, 5, 6, 7, 8, 9, 10, 11, 12, 13, 14, 15, 16, 17, 18, 19, 20, 21, 22, 23, 24, 25, 26, 27, 28, 29, 30, 31, 32, 33, 34, 35, 36, 37, 38, 39, 40, 41, 42, 43, 44, 45, 46, 47, 48, 49, 50, 51, 52, 53, 54, 55, 56, 57, 58, 59, 60, 61, 62, 63, 64, 65, 66, 67, 68, 69, 70, 71, 72, 73, 74, 75, 76, 77, 78, 79, 80, 81, 82, 83, 84, 85, 86, 87, 88, 89, 90, 91, 92, 93, 94, 95, 96, 97, 98, 99, 100, 101, 102, 103, 104, 105, 106, 107, 108, 109, 110, 111, 112, 113, 114, 115, 116, 117, 118, 119, 120, 121, 122, 123, 124, 125, 126, 127, 128, 129, 130, 131, 132, 133, 134, 135, 136, 137, 138, 139, 140, 141, 142, 143], 1:[], 2:[], 3:[], 4:[], 5:[], 6:[], 7:[], 8:[], 9:[], 10:[], 11:[], 12:[], 13:[], 14:[], 15:[], 16:[], 17:[], 18:[], 19:[], 20:[], 21:[], 22:[], 23:[], 24:[], 25:[], 26:[], 27:[], 28:[], 29:[], 30:[], 31:[], 32:[], 33:[], 34:[], 35:[], 36:[], 37:[], 38:[], 39:[], 40:[], 41:[], 42:[], 43:[], 44:[], 45:[], 46:[], 47:[], 48:[], 49:[], 50:[], 51:[], 52:[], 53:[], 54:[], 55:[], 56:[], 57:[], 58:[], 59:[], 60:[], 61:[], 62:[], 63:[], 64:[], 65:[], 66:[], 67:[], 68:[], 69:[], 70:[], 71:[], 72:[], 73:[], 74:[], 75:[], 76:[], 77:[], 78:[], 79:[], 80:[], 81:[], 82:[], 83:[], 84:[], 85:[], 86:[], 87:[], 88:[], 89:[], 90:[], 91:[], 92:[], 93:[], 94:[], 95:[], 96:[], 97:[], 98:[], 99:[], 100:[], 101:[], 102:[], 103:[], 104:[], 105:[], 106:[], 107:[], 108:[], 109:[], 110:[], 111:[], 112:[], 113:[], 114:[], 115:[], 116:[], 117:[], 118:[], 119:[], 120:[], 121:[], 122:[], 123:[], 124:[], 125:[], 126:[], 127:[], 128:[], 129:[], 130:[], 131:[], 132:[], 133:[], 134:[], 135:[], 136:[], 137:[], 138:[], 139:[], 140:[], 141:[], 142:[], 143:[]",28922084624,34611030166
3461,2,13797.9298,14495012,216173442,1725384266,307.3922,false,144,true,true,true,true,true,false,false,"0:[0, 1, 2, 3, 4, 5, 6, 7, 8, 9, 10, 11, 12, 13, 14, 15, 16, 17, 18, 19, 20, 21, 22, 23, 24, 25, 26, 27, 28, 29, 30, 31, 32, 33, 34, 35, 36, 37, 38, 39, 40, 41, 42, 43, 44, 45, 46, 47, 48, 49, 50, 51, 52, 53, 54, 55, 56, 57, 58, 59, 60, 61, 62, 63, 64, 65, 66, 67, 68, 69, 70, 71, 72, 73, 74, 75, 76, 77, 78, 79, 80, 81, 82, 83, 84, 85, 86, 87, 88, 89, 90, 91, 92, 93, 94, 95, 96, 97, 98, 99, 100, 101, 102, 103, 104, 105, 106, 107, 108, 109, 110, 111, 112, 113, 114, 115, 116, 117, 118, 119, 120, 121, 122, 123, 124, 125, 126, 127, 128, 129, 130, 131, 132, 133, 134, 135, 136, 137, 138, 139, 140, 141, 142, 143], 1:[], 2:[], 3:[], 4:[], 5:[], 6:[], 7:[], 8:[], 9:[], 10:[], 11:[], 12:[], 13:[], 14:[], 15:[], 16:[], 17:[], 18:[], 19:[], 20:[], 21:[], 22:[], 23:[], 24:[], 25:[], 26:[], 27:[], 28:[], 29:[], 30:[], 31:[], 32:[], 33:[], 34:[], 35:[], 36:[], 37:[], 38:[], 39:[], 40:[], 41:[], 42:[], 43:[], 44:[], 45:[], 46:[], 47:[], 48:[], 49:[], 50:[], 51:[], 52:[], 53:[], 54:[], 55:[], 56:[], 57:[], 58:[], 59:[], 60:[], 61:[], 62:[], 63:[], 64:[], 65:[], 66:[], 67:[], 68:[], 69:[], 70:[], 71:[], 72:[], 73:[], 74:[], 75:[], 76:[], 77:[], 78:[], 79:[], 80:[], 81:[], 82:[], 83:[], 84:[], 85:[], 86:[], 87:[], 88:[], 89:[], 90:[], 91:[], 92:[], 93:[], 94:[], 95:[], 96:[], 97:[], 98:[], 99:[], 100:[], 101:[], 102:[], 103:[], 104:[], 105:[], 106:[], 107:[], 108:[], 109:[], 110:[], 111:[], 112:[], 113:[], 114:[], 115:[], 116:[], 117:[], 118:[], 119:[], 120:[], 121:[], 122:[], 123:[], 124:[], 125:[], 126:[], 127:[], 128:[], 129:[], 130:[], 131:[], 132:[], 133:[], 134:[], 135:[], 136:[], 137:[], 138:[], 139:[], 140:[], 141:[], 142:[], 143:[]",28983153840,34699787386
3463,3,14672.2573,14520097,216547422,1728368134,337.3372,false,145,true,true,true,true,true,false,false,"0:[0, 1, 2, 3, 4, 5, 6, 7, 8, 9, 10, 11, 12, 13, 14, 15, 16, 17, 18, 19, 20, 21, 22, 23, 24, 25, 26, 27, 28, 29, 30, 31, 32, 33, 34, 35, 36, 37, 38, 39, 40, 41, 42, 43, 44, 45, 46, 47, 48, 49, 50, 51, 52, 53, 54, 55, 56, 57, 58, 59, 60, 61, 62, 63, 64, 65, 66, 67, 68, 69, 70, 71, 72, 73, 74, 75, 76, 77, 78, 79, 80, 81, 82, 83, 84, 85, 86, 87, 88, 89, 90, 91, 92, 93, 94, 95, 96, 97, 98, 99, 100, 101, 102, 103, 104, 105, 106, 107, 108, 109, 110, 111, 112, 113, 114, 115, 116, 117, 118, 119, 120, 121, 122, 123, 124, 125, 126, 127, 128, 129, 130, 131, 132, 133, 134, 135, 136, 137, 138, 139, 140, 141, 142, 143, 144], 1:[], 2:[], 3:[], 4:[], 5:[], 6:[], 7:[], 8:[], 9:[], 10:[], 11:[], 12:[], 13:[], 14:[], 15:[], 16:[], 17:[], 18:[], 19:[], 20:[], 21:[], 22:[], 23:[], 24:[], 25:[], 26:[], 27:[], 28:[], 29:[], 30:[], 31:[], 32:[], 33:[], 34:[], 35:[], 36:[], 37:[], 38:[], 39:[], 40:[], 41:[], 42:[], 43:[], 44:[], 45:[], 46:[], 47:[], 48:[], 49:[], 50:[], 51:[], 52:[], 53:[], 54:[], 55:[], 56:[], 57:[], 58:[], 59:[], 60:[], 61:[], 62:[], 63:[], 64:[], 65:[], 66:[], 67:[], 68:[], 69:[], 70:[], 71:[], 72:[], 73:[], 74:[], 75:[], 76:[], 77:[], 78:[], 79:[], 80:[], 81:[], 82:[], 83:[], 84:[], 85:[], 86:[], 87:[], 88:[], 89:[], 90:[], 91:[], 92:[], 93:[], 94:[], 95:[], 96:[], 97:[], 98:[], 99:[], 100:[], 101:[], 102:[], 103:[], 104:[], 105:[], 106:[], 107:[], 108:[], 109:[], 110:[], 111:[], 112:[], 113:[], 114:[], 115:[], 116:[], 117:[], 118:[], 119:[], 120:[], 121:[], 122:[], 123:[], 124:[], 125:[], 126:[], 127:[], 128:[], 129:[], 130:[], 131:[], 132:[], 133:[], 134:[], 135:[], 136:[], 137:[], 138:[], 139:[], 140:[], 141:[], 142:[], 143:[], 144:[]",29013674280,34744117630
3467,2,13716.7996,14570354,217298419,1734367068,375.0906,false,144,true,true,true,true,true,false,false,"0:[0, 1, 2, 3, 4, 5, 6, 7, 8, 9, 10, 11, 12, 13, 14, 15, 16, 17, 18, 19, 20, 21, 22, 23, 24, 25, 26, 27, 28, 29, 30, 31, 32, 33, 34, 35, 36, 37, 38, 39, 40, 41, 42, 43, 44, 45, 46, 47, 48, 49, 50, 51, 52, 53, 54, 55, 56, 57, 58, 59, 60, 61, 62, 63, 64, 65, 66, 67, 68, 69, 70, 71, 72, 73, 74, 75, 76, 77, 78, 79, 80, 81, 82, 83, 84, 85, 86, 87, 88, 89, 90, 91, 92, 93, 94, 95, 96, 97, 98, 99, 100, 101, 102, 103, 104, 105, 106, 107, 108, 109, 110, 111, 112, 113, 114, 115, 116, 117, 118, 119, 120, 121, 122, 123, 124, 125, 126, 127, 128, 129, 130, 131, 132, 133, 134, 135, 136, 137, 138, 139, 140, 141, 142, 143], 1:[], 2:[], 3:[], 4:[], 5:[], 6:[], 7:[], 8:[], 9:[], 10:[], 11:[], 12:[], 13:[], 14:[], 15:[], 16:[], 17:[], 18:[], 19:[], 20:[], 21:[], 22:[], 23:[], 24:[], 25:[], 26:[], 27:[], 28:[], 29:[], 30:[], 31:[], 32:[], 33:[], 34:[], 35:[], 36:[], 37:[], 38:[], 39:[], 40:[], 41:[], 42:[], 43:[], 44:[], 45:[], 46:[], 47:[], 48:[], 49:[], 50:[], 51:[], 52:[], 53:[], 54:[], 55:[], 56:[], 57:[], 58:[], 59:[], 60:[], 61:[], 62:[], 63:[], 64:[], 65:[], 66:[], 67:[], 68:[], 69:[], 70:[], 71:[], 72:[], 73:[], 74:[], 75:[], 76:[], 77:[], 78:[], 79:[], 80:[], 81:[], 82:[], 83:[], 84:[], 85:[], 86:[], 87:[], 88:[], 89:[], 90:[], 91:[], 92:[], 93:[], 94:[], 95:[], 96:[], 97:[], 98:[], 99:[], 100:[], 101:[], 102:[], 103:[], 104:[], 105:[], 106:[], 107:[], 108:[], 109:[], 110:[], 111:[], 112:[], 113:[], 114:[], 115:[], 116:[], 117:[], 118:[], 119:[], 120:[], 121:[], 122:[], 123:[], 124:[], 125:[], 126:[], 127:[], 128:[], 129:[], 130:[], 131:[], 132:[], 133:[], 134:[], 135:[], 136:[], 137:[], 138:[], 139:[], 140:[], 141:[], 142:[], 143:[]",29074960208,34833190575
3469,2,16063.6653,14595527,217675369,1737381113,314.5831,false,144,true,true,true,true,true,false,false,"0:[0, 1, 2, 3, 4, 5, 6, 7, 8, 9, 10, 11, 12, 13, 14, 15, 16, 17, 18, 19, 20, 21, 22, 23, 24, 25, 26, 27, 28, 29, 30, 31, 32, 33, 34, 35, 36, 37, 38, 39, 40, 41, 42, 43, 44, 45, 46, 47, 48, 49, 50, 51, 52, 53, 54, 55, 56, 57, 58, 59, 60, 61, 62, 63, 64, 65, 66, 67, 68, 69, 70, 71, 72, 73, 74, 75, 76, 77, 78, 79, 80, 81, 82, 83, 84, 85, 86, 87, 88, 89, 90, 91, 92, 93, 94, 95, 96, 97, 98, 99, 100, 101, 102, 103, 104, 105, 106, 107, 108, 109, 110, 111, 112, 113, 114, 115, 116, 117, 118, 119, 120, 121, 122, 123, 124, 125, 126, 127, 128, 129, 130, 131, 132, 133, 134, 135, 136, 137, 138, 139, 140, 141, 142, 143], 1:[], 2:[], 3:[], 4:[], 5:[], 6:[], 7:[], 8:[], 9:[], 10:[], 11:[], 12:[], 13:[], 14:[], 15:[], 16:[], 17:[], 18:[], 19:[], 20:[], 21:[], 22:[], 23:[], 24:[], 25:[], 26:[], 27:[], 28:[], 29:[], 30:[], 31:[], 32:[], 33:[], 34:[], 35:[], 36:[], 37:[], 38:[], 39:[], 40:[], 41:[], 42:[], 43:[], 44:[], 45:[], 46:[], 47:[], 48:[], 49:[], 50:[], 51:[], 52:[], 53:[], 54:[], 55:[], 56:[], 57:[], 58:[], 59:[], 60:[], 61:[], 62:[], 63:[], 64:[], 65:[], 66:[], 67:[], 68:[], 69:[], 70:[], 71:[], 72:[], 73:[], 74:[], 75:[], 76:[], 77:[], 78:[], 79:[], 80:[], 81:[], 82:[], 83:[], 84:[], 85:[], 86:[], 87:[], 88:[], 89:[], 90:[], 91:[], 92:[], 93:[], 94:[], 95:[], 96:[], 97:[], 98:[], 99:[], 100:[], 101:[], 102:[], 103:[], 104:[], 105:[], 106:[], 107:[], 108:[], 109:[], 110:[], 111:[], 112:[], 113:[], 114:[], 115:[], 116:[], 117:[], 118:[], 119:[], 120:[], 121:[], 122:[], 123:[], 124:[], 125:[], 126:[], 127:[], 128:[], 129:[], 130:[], 131:[], 132:[], 133:[], 134:[], 135:[], 136:[], 137:[], 138:[], 139:[], 140:[], 141:[], 142:[], 143:[]",29105720360,34877924981
3491,2,14053.8433,14874334,221840649,1770648864,327.0057,false,146,true,true,true,true,true,false,false,"0:[0, 1, 2, 3, 4, 5, 6, 7, 8, 9, 10, 11, 12, 13, 14, 15, 16, 17, 18, 19, 20, 21, 22, 23, 24, 25, 26, 27, 28, 29, 30, 31, 32, 33, 34, 35, 36, 37, 38, 39, 40, 41, 42, 43, 44, 45, 46, 47, 48, 49, 50, 51, 52, 53, 54, 55, 56, 57, 58, 59, 60, 61, 62, 63, 64, 65, 66, 67, 68, 69, 70, 71, 72, 73, 74, 75, 76, 77, 78, 79, 80, 81, 82, 83, 84, 85, 86, 87, 88, 89, 90, 91, 92, 93, 94, 95, 96, 97, 98, 99, 100, 101, 102, 103, 104, 105, 106, 107, 108, 109, 110, 111, 112, 113, 114, 115, 116, 117, 118, 119, 120, 121, 122, 123, 124, 125, 126, 127, 128, 129, 130, 131, 132, 133, 134, 135, 136, 137, 138, 139, 140, 141, 142, 143, 144, 145], 1:[], 2:[], 3:[], 4:[], 5:[], 6:[], 7:[], 8:[], 9:[], 10:[], 11:[], 12:[], 13:[], 14:[], 15:[], 16:[], 17:[], 18:[], 19:[], 20:[], 21:[], 22:[], 23:[], 24:[], 25:[], 26:[], 27:[], 28:[], 29:[], 30:[], 31:[], 32:[], 33:[], 34:[], 35:[], 36:[], 37:[], 38:[], 39:[], 40:[], 41:[], 42:[], 43:[], 44:[], 45:[], 46:[], 47:[], 48:[], 49:[], 50:[], 51:[], 52:[], 53:[], 54:[], 55:[], 56:[], 57:[], 58:[], 59:[], 60:[], 61:[], 62:[], 63:[], 64:[], 65:[], 66:[], 67:[], 68:[], 69:[], 70:[], 71:[], 72:[], 73:[], 74:[], 75:[], 76:[], 77:[], 78:[], 79:[], 80:[], 81:[], 82:[], 83:[], 84:[], 85:[], 86:[], 87:[], 88:[], 89:[], 90:[], 91:[], 92:[], 93:[], 94:[], 95:[], 96:[], 97:[], 98:[], 99:[], 100:[], 101:[], 102:[], 103:[], 104:[], 105:[], 106:[], 107:[], 108:[], 109:[], 110:[], 111:[], 112:[], 113:[], 114:[], 115:[], 116:[], 117:[], 118:[], 119:[], 120:[], 121:[], 122:[], 123:[], 124:[], 125:[], 126:[], 127:[], 128:[], 129:[], 130:[], 131:[], 132:[], 133:[], 134:[], 135:[], 136:[], 137:[], 138:[], 139:[], 140:[], 141:[], 142:[], 143:[], 144:[], 145:[]",29915396176,35841687549
3499,2,14251.0529,14976593,223368727,1782855053,329.7313,false,146,true,true,true,true,true,false,false,"0:[0, 1, 2, 3, 4, 5, 6, 7, 8, 9, 10, 11, 12, 13, 14, 15, 16, 17, 18, 19, 20, 21, 22, 23, 24, 25, 26, 27, 28, 29, 30, 31, 32, 33, 34, 35, 36, 37, 38, 39, 40, 41, 42, 43, 44, 45, 46, 47, 48, 49, 50, 51, 52, 53, 54, 55, 56, 57, 58, 59, 60, 61, 62, 63, 64, 65, 66, 67, 68, 69, 70, 71, 72, 73, 74, 75, 76, 77, 78, 79, 80, 81, 82, 83, 84, 85, 86, 87, 88, 89, 90, 91, 92, 93, 94, 95, 96, 97, 98, 99, 100, 101, 102, 103, 104, 105, 106, 107, 108, 109, 110, 111, 112, 113, 114, 115, 116, 117, 118, 119, 120, 121, 122, 123, 124, 125, 126, 127, 128, 129, 130, 131, 132, 133, 134, 135, 136, 137, 138, 139, 140, 141, 142, 143, 144, 145], 1:[], 2:[], 3:[], 4:[], 5:[], 6:[], 7:[], 8:[], 9:[], 10:[], 11:[], 12:[], 13:[], 14:[], 15:[], 16:[], 17:[], 18:[], 19:[], 20:[], 21:[], 22:[], 23:[], 24:[], 25:[], 26:[], 27:[], 28:[], 29:[], 30:[], 31:[], 32:[], 33:[], 34:[], 35:[], 36:[], 37:[], 38:[], 39:[], 40:[], 41:[], 42:[], 43:[], 44:[], 45:[], 46:[], 47:[], 48:[], 49:[], 50:[], 51:[], 52:[], 53:[], 54:[], 55:[], 56:[], 57:[], 58:[], 59:[], 60:[], 61:[], 62:[], 63:[], 64:[], 65:[], 66:[], 67:[], 68:[], 69:[], 70:[], 71:[], 72:[], 73:[], 74:[], 75:[], 76:[], 77:[], 78:[], 79:[], 80:[], 81:[], 82:[], 83:[], 84:[], 85:[], 86:[], 87:[], 88:[], 89:[], 90:[], 91:[], 92:[], 93:[], 94:[], 95:[], 96:[], 97:[], 98:[], 99:[], 100:[], 101:[], 102:[], 103:[], 104:[], 105:[], 106:[], 107:[], 108:[], 109:[], 110:[], 111:[], 112:[], 113:[], 114:[], 115:[], 116:[], 117:[], 118:[], 119:[], 120:[], 121:[], 122:[], 123:[], 124:[], 125:[], 126:[], 127:[], 128:[], 129:[], 130:[], 131:[], 132:[], 133:[], 134:[], 135:[], 136:[], 137:[], 138:[], 139:[], 140:[], 141:[], 142:[], 143:[], 144:[], 145:[]",30040096632,36022927019
3511,3,17747.6988,15130857,225673926,1801268616,324.3440,false,146,true,true,true,true,true,false,false,"0:[0, 1, 2, 3, 4, 5, 6, 7, 8, 9, 10, 11, 12, 13, 14, 15, 16, 17, 18, 19, 20, 21, 22, 23, 24, 25, 26, 27, 28, 29, 30, 31, 32, 33, 34, 35, 36, 37, 38, 39, 40, 41, 42, 43, 44, 45, 46, 47, 48, 49, 50, 51, 52, 53, 54, 55, 56, 57, 58, 59, 60, 61, 62, 63, 64, 65, 66, 67, 68, 69, 70, 71, 72, 73, 74, 75, 76, 77, 78, 79, 80, 81, 82, 83, 84, 85, 86, 87, 88, 89, 90, 91, 92, 93, 94, 95, 96, 97, 98, 99, 100, 101, 102, 103, 104, 105, 106, 107, 108, 109, 110, 111, 112, 113, 114, 115, 116, 117, 118, 119, 120, 121, 122, 123, 124, 125, 126, 127, 128, 129, 130, 131, 132, 133, 134, 135, 136, 137, 138, 139, 140, 141, 142, 143, 144, 145], 1:[], 2:[], 3:[], 4:[], 5:[], 6:[], 7:[], 8:[], 9:[], 10:[], 11:[], 12:[], 13:[], 14:[], 15:[], 16:[], 17:[], 18:[], 19:[], 20:[], 21:[], 22:[], 23:[], 24:[], 25:[], 26:[], 27:[], 28:[], 29:[], 30:[], 31:[], 32:[], 33:[], 34:[], 35:[], 36:[], 37:[], 38:[], 39:[], 40:[], 41:[], 42:[], 43:[], 44:[], 45:[], 46:[], 47:[], 48:[], 49:[], 50:[], 51:[], 52:[], 53:[], 54:[], 55:[], 56:[], 57:[], 58:[], 59:[], 60:[], 61:[], 62:[], 63:[], 64:[], 65:[], 66:[], 67:[], 68:[], 69:[], 70:[], 71:[], 72:[], 73:[], 74:[], 75:[], 76:[], 77:[], 78:[], 79:[], 80:[], 81:[], 82:[], 83:[], 84:[], 85:[], 86:[], 87:[], 88:[], 89:[], 90:[], 91:[], 92:[], 93:[], 94:[], 95:[], 96:[], 97:[], 98:[], 99:[], 100:[], 101:[], 102:[], 103:[], 104:[], 105:[], 106:[], 107:[], 108:[], 109:[], 110:[], 111:[], 112:[], 113:[], 114:[], 115:[], 116:[], 117:[], 118:[], 119:[], 120:[], 121:[], 122:[], 123:[], 124:[], 125:[], 126:[], 127:[], 128:[], 129:[], 130:[], 131:[], 132:[], 133:[], 134:[], 135:[], 136:[], 137:[], 138:[], 139:[], 140:[], 141:[], 142:[], 143:[], 144:[], 145:[]",30228214888,36296337606
3517,2,14821.0297,15208385,226833299,1810532916,328.2575,false,147,true,true,true,true,true,false,false,"0:[0, 1, 2, 3, 4, 5, 6, 7, 8, 9, 10, 11, 12, 13, 14, 15, 16, 17, 18, 19, 20, 21, 22, 23, 24, 25, 26, 27, 28, 29, 30, 31, 32, 33, 34, 35, 36, 37, 38, 39, 40, 41, 42, 43, 44, 45, 46, 47, 48, 49, 50, 51, 52, 53, 54, 55, 56, 57, 58, 59, 60, 61, 62, 63, 64, 65, 66, 67, 68, 69, 70, 71, 72, 73, 74, 75, 76, 77, 78, 79, 80, 81, 82, 83, 84, 85, 86, 87, 88, 89, 90, 91, 92, 93, 94, 95, 96, 97, 98, 99, 100, 101, 102, 103, 104, 105, 106, 107, 108, 109, 110, 111, 112, 113, 114, 115, 116, 117, 118, 119, 120, 121, 122, 123, 124, 125, 126, 127, 128, 129, 130, 131, 132, 133, 134, 135, 136, 137, 138, 139, 140, 141, 142, 143, 144, 145, 146], 1:[], 2:[], 3:[], 4:[], 5:[], 6:[], 7:[], 8:[], 9:[], 10:[], 11:[], 12:[], 13:[], 14:[], 15:[], 16:[], 17:[], 18:[], 19:[], 20:[], 21:[], 22:[], 23:[], 24:[], 25:[], 26:[], 27:[], 28:[], 29:[], 30:[], 31:[], 32:[], 33:[], 34:[], 35:[], 36:[], 37:[], 38:[], 39:[], 40:[], 41:[], 42:[], 43:[], 44:[], 45:[], 46:[], 47:[], 48:[], 49:[], 50:[], 51:[], 52:[], 53:[], 54:[], 55:[], 56:[], 57:[], 58:[], 59:[], 60:[], 61:[], 62:[], 63:[], 64:[], 65:[], 66:[], 67:[], 68:[], 69:[], 70:[], 71:[], 72:[], 73:[], 74:[], 75:[], 76:[], 77:[], 78:[], 79:[], 80:[], 81:[], 82:[], 83:[], 84:[], 85:[], 86:[], 87:[], 88:[], 89:[], 90:[], 91:[], 92:[], 93:[], 94:[], 95:[], 96:[], 97:[], 98:[], 99:[], 100:[], 101:[], 102:[], 103:[], 104:[], 105:[], 106:[], 107:[], 108:[], 109:[], 110:[], 111:[], 112:[], 113:[], 114:[], 115:[], 116:[], 117:[], 118:[], 119:[], 120:[], 121:[], 122:[], 123:[], 124:[], 125:[], 126:[], 127:[], 128:[], 129:[], 130:[], 131:[], 132:[], 133:[], 134:[], 135:[], 136:[], 137:[], 138:[], 139:[], 140:[], 141:[], 142:[], 143:[], 144:[], 145:[], 146:[]",30322825400,36433872663
3527,5,15794.2610,15338186,228772008,1826015039,335.0243,false,147,true,true,true,true,true,false,false,"0:[0, 1, 2, 3, 4, 5, 6, 7, 8, 9, 10, 11, 12, 13, 14, 15, 16, 17, 18, 19, 20, 21, 22, 23, 24, 25, 26, 27, 28, 29, 30, 31, 32, 33, 34, 35, 36, 37, 38, 39, 40, 41, 42, 43, 44, 45, 46, 47, 48, 49, 50, 51, 52, 53, 54, 55, 56, 57, 58, 59, 60, 61, 62, 63, 64, 65, 66, 67, 68, 69, 70, 71, 72, 73, 74, 75, 76, 77, 78, 79, 80, 81, 82, 83, 84, 85, 86, 87, 88, 89, 90, 91, 92, 93, 94, 95, 96, 97, 98, 99, 100, 101, 102, 103, 104, 105, 106, 107, 108, 109, 110, 111, 112, 113, 114, 115, 116, 117, 118, 119, 120, 121, 122, 123, 124, 125, 126, 127, 128, 129, 130, 131, 132, 133, 134, 135, 136, 137, 138, 139, 140, 141, 142, 143, 144, 145, 146], 1:[], 2:[], 3:[], 4:[], 5:[], 6:[], 7:[], 8:[], 9:[], 10:[], 11:[], 12:[], 13:[], 14:[], 15:[], 16:[], 17:[], 18:[], 19:[], 20:[], 21:[], 22:[], 23:[], 24:[], 25:[], 26:[], 27:[], 28:[], 29:[], 30:[], 31:[], 32:[], 33:[], 34:[], 35:[], 36:[], 37:[], 38:[], 39:[], 40:[], 41:[], 42:[], 43:[], 44:[], 45:[], 46:[], 47:[], 48:[], 49:[], 50:[], 51:[], 52:[], 53:[], 54:[], 55:[], 56:[], 57:[], 58:[], 59:[], 60:[], 61:[], 62:[], 63:[], 64:[], 65:[], 66:[], 67:[], 68:[], 69:[], 70:[], 71:[], 72:[], 73:[], 74:[], 75:[], 76:[], 77:[], 78:[], 79:[], 80:[], 81:[], 82:[], 83:[], 84:[], 85:[], 86:[], 87:[], 88:[], 89:[], 90:[], 91:[], 92:[], 93:[], 94:[], 95:[], 96:[], 97:[], 98:[], 99:[], 100:[], 101:[], 102:[], 103:[], 104:[], 105:[], 106:[], 107:[], 108:[], 109:[], 110:[], 111:[], 112:[], 113:[], 114:[], 115:[], 116:[], 117:[], 118:[], 119:[], 120:[], 121:[], 122:[], 123:[], 124:[], 125:[], 126:[], 127:[], 128:[], 129:[], 130:[], 131:[], 132:[], 133:[], 134:[], 135:[], 136:[], 137:[], 138:[], 139:[], 140:[], 141:[], 142:[], 143:[], 144:[], 145:[], 146:[]",30481037344,36663787176
3529,13,20712.8131,15364235,229162200,1829135699,352.6716,false,148,true,true,true,true,true,false,false,"0:[0, 1, 2, 3, 4, 5, 6, 7, 8, 9, 10, 11, 12, 13, 14, 15, 16, 17, 18, 19, 20, 21, 22, 23, 24, 25, 26, 27, 28, 29, 30, 31, 32, 33, 34, 35, 36, 37, 38, 39, 40, 41, 42, 43, 44, 45, 46, 47, 48, 49, 50, 51, 52, 53, 54, 55, 56, 57, 58, 59, 60, 61, 62, 63, 64, 65, 66, 67, 68, 69, 70, 71, 72, 73, 74, 75, 76, 77, 78, 79, 80, 81, 82, 83, 84, 85, 86, 87, 88, 89, 90, 91, 92, 93, 94, 95, 96, 97, 98, 99, 100, 101, 102, 103, 104, 105, 106, 107, 108, 109, 110, 111, 112, 113, 114, 115, 116, 117, 118, 119, 120, 121, 122, 123, 124, 125, 126, 127, 128, 129, 130, 131, 132, 133, 134, 135, 136, 137, 138, 139, 140, 141, 142, 143, 144, 145, 146, 147], 1:[], 2:[], 3:[], 4:[], 5:[], 6:[], 7:[], 8:[], 9:[], 10:[], 11:[], 12:[], 13:[], 14:[], 15:[], 16:[], 17:[], 18:[], 19:[], 20:[], 21:[], 22:[], 23:[], 24:[], 25:[], 26:[], 27:[], 28:[], 29:[], 30:[], 31:[], 32:[], 33:[], 34:[], 35:[], 36:[], 37:[], 38:[], 39:[], 40:[], 41:[], 42:[], 43:[], 44:[], 45:[], 46:[], 47:[], 48:[], 49:[], 50:[], 51:[], 52:[], 53:[], 54:[], 55:[], 56:[], 57:[], 58:[], 59:[], 60:[], 61:[], 62:[], 63:[], 64:[], 65:[], 66:[], 67:[], 68:[], 69:[], 70:[], 71:[], 72:[], 73:[], 74:[], 75:[], 76:[], 77:[], 78:[], 79:[], 80:[], 81:[], 82:[], 83:[], 84:[], 85:[], 86:[], 87:[], 88:[], 89:[], 90:[], 91:[], 92:[], 93:[], 94:[], 95:[], 96:[], 97:[], 98:[], 99:[], 100:[], 101:[], 102:[], 103:[], 104:[], 105:[], 106:[], 107:[], 108:[], 109:[], 110:[], 111:[], 112:[], 113:[], 114:[], 115:[], 116:[], 117:[], 118:[], 119:[], 120:[], 121:[], 122:[], 123:[], 124:[], 125:[], 126:[], 127:[], 128:[], 129:[], 130:[], 131:[], 132:[], 133:[], 134:[], 135:[], 136:[], 137:[], 138:[], 139:[], 140:[], 141:[], 142:[], 143:[], 144:[], 145:[], 146:[], 147:[]",30512877880,36710093744
3533,2,14908.6417,15416420,229942057,1835365304,327.7339,false,148,true,true,true,true,true,false,false,"0:[0, 1, 2, 3, 4, 5, 6, 7, 8, 9, 10, 11, 12, 13, 14, 15, 16, 17, 18, 19, 20, 21, 22, 23, 24, 25, 26, 27, 28, 29, 30, 31, 32, 33, 34, 35, 36, 37, 38, 39, 40, 41, 42, 43, 44, 45, 46, 47, 48, 49, 50, 51, 52, 53, 54, 55, 56, 57, 58, 59, 60, 61, 62, 63, 64, 65, 66, 67, 68, 69, 70, 71, 72, 73, 74, 75, 76, 77, 78, 79, 80, 81, 82, 83, 84, 85, 86, 87, 88, 89, 90, 91, 92, 93, 94, 95, 96, 97, 98, 99, 100, 101, 102, 103, 104, 105, 106, 107, 108, 109, 110, 111, 112, 113, 114, 115, 116, 117, 118, 119, 120, 121, 122, 123, 124, 125, 126, 127, 128, 129, 130, 131, 132, 133, 134, 135, 136, 137, 138, 139, 140, 141, 142, 143, 144, 145, 146, 147], 1:[], 2:[], 3:[], 4:[], 5:[], 6:[], 7:[], 8:[], 9:[], 10:[], 11:[], 12:[], 13:[], 14:[], 15:[], 16:[], 17:[], 18:[], 19:[], 20:[], 21:[], 22:[], 23:[], 24:[], 25:[], 26:[], 27:[], 28:[], 29:[], 30:[], 31:[], 32:[], 33:[], 34:[], 35:[], 36:[], 37:[], 38:[], 39:[], 40:[], 41:[], 42:[], 43:[], 44:[], 45:[], 46:[], 47:[], 48:[], 49:[], 50:[], 51:[], 52:[], 53:[], 54:[], 55:[], 56:[], 57:[], 58:[], 59:[], 60:[], 61:[], 62:[], 63:[], 64:[], 65:[], 66:[], 67:[], 68:[], 69:[], 70:[], 71:[], 72:[], 73:[], 74:[], 75:[], 76:[], 77:[], 78:[], 79:[], 80:[], 81:[], 82:[], 83:[], 84:[], 85:[], 86:[], 87:[], 88:[], 89:[], 90:[], 91:[], 92:[], 93:[], 94:[], 95:[], 96:[], 97:[], 98:[], 99:[], 100:[], 101:[], 102:[], 103:[], 104:[], 105:[], 106:[], 107:[], 108:[], 109:[], 110:[], 111:[], 112:[], 113:[], 114:[], 115:[], 116:[], 117:[], 118:[], 119:[], 120:[], 121:[], 122:[], 123:[], 124:[], 125:[], 126:[], 127:[], 128:[], 129:[], 130:[], 131:[], 132:[], 133:[], 134:[], 135:[], 136:[], 137:[], 138:[], 139:[], 140:[], 141:[], 142:[], 143:[], 144:[], 145:[], 146:[], 147:[]",30576518880,36802589901
3539,2,16730.9187,15494920,231114197,1844724465,403.4580,false,148,true,true,true,true,true,false,false,"0:[0, 1, 2, 3, 4, 5, 6, 7, 8, 9, 10, 11, 12, 13, 14, 15, 16, 17, 18, 19, 20, 21, 22, 23, 24, 25, 26, 27, 28, 29, 30, 31, 32, 33, 34, 35, 36, 37, 38, 39, 40, 41, 42, 43, 44, 45, 46, 47, 48, 49, 50, 51, 52, 53, 54, 55, 56, 57, 58, 59, 60, 61, 62, 63, 64, 65, 66, 67, 68, 69, 70, 71, 72, 73, 74, 75, 76, 77, 78, 79, 80, 81, 82, 83, 84, 85, 86, 87, 88, 89, 90, 91, 92, 93, 94, 95, 96, 97, 98, 99, 100, 101, 102, 103, 104, 105, 106, 107, 108, 109, 110, 111, 112, 113, 114, 115, 116, 117, 118, 119, 120, 121, 122, 123, 124, 125, 126, 127, 128, 129, 130, 131, 132, 133, 134, 135, 136, 137, 138, 139, 140, 141, 142, 143, 144, 145, 146, 147], 1:[], 2:[], 3:[], 4:[], 5:[], 6:[], 7:[], 8:[], 9:[], 10:[], 11:[], 12:[], 13:[], 14:[], 15:[], 16:[], 17:[], 18:[], 19:[], 20:[], 21:[], 22:[], 23:[], 24:[], 25:[], 26:[], 27:[], 28:[], 29:[], 30:[], 31:[], 32:[], 33:[], 34:[], 35:[], 36:[], 37:[], 38:[], 39:[], 40:[], 41:[], 42:[], 43:[], 44:[], 45:[], 46:[], 47:[], 48:[], 49:[], 50:[], 51:[], 52:[], 53:[], 54:[], 55:[], 56:[], 57:[], 58:[], 59:[], 60:[], 61:[], 62:[], 63:[], 64:[], 65:[], 66:[], 67:[], 68:[], 69:[], 70:[], 71:[], 72:[], 73:[], 74:[], 75:[], 76:[], 77:[], 78:[], 79:[], 80:[], 81:[], 82:[], 83:[], 84:[], 85:[], 86:[], 87:[], 88:[], 89:[], 90:[], 91:[], 92:[], 93:[], 94:[], 95:[], 96:[], 97:[], 98:[], 99:[], 100:[], 101:[], 102:[], 103:[], 104:[], 105:[], 106:[], 107:[], 108:[], 109:[], 110:[], 111:[], 112:[], 113:[], 114:[], 115:[], 116:[], 117:[], 118:[], 119:[], 120:[], 121:[], 122:[], 123:[], 124:[], 125:[], 126:[], 127:[], 128:[], 129:[], 130:[], 131:[], 132:[], 133:[], 134:[], 135:[], 136:[], 137:[], 138:[], 139:[], 140:[], 141:[], 142:[], 143:[], 144:[], 145:[], 146:[], 147:[]",30672174080,36941584841
3541,2,15072.4971,15521145,231507044,1847866450,389.8090,false,147,true,true,true,true,true,false,false,"0:[0, 1, 2, 3, 4, 5, 6, 7, 8, 9, 10, 11, 12, 13, 14, 15, 16, 17, 18, 19, 20, 21, 22, 23, 24, 25, 26, 27, 28, 29, 30, 31, 32, 33, 34, 35, 36, 37, 38, 39, 40, 41, 42, 43, 44, 45, 46, 47, 48, 49, 50, 51, 52, 53, 54, 55, 56, 57, 58, 59, 60, 61, 62, 63, 64, 65, 66, 67, 68, 69, 70, 71, 72, 73, 74, 75, 76, 77, 78, 79, 80, 81, 82, 83, 84, 85, 86, 87, 88, 89, 90, 91, 92, 93, 94, 95, 96, 97, 98, 99, 100, 101, 102, 103, 104, 105, 106, 107, 108, 109, 110, 111, 112, 113, 114, 115, 116, 117, 118, 119, 120, 121, 122, 123, 124, 125, 126, 127, 128, 129, 130, 131, 132, 133, 134, 135, 136, 137, 138, 139, 140, 141, 142, 143, 144, 145, 146], 1:[], 2:[], 3:[], 4:[], 5:[], 6:[], 7:[], 8:[], 9:[], 10:[], 11:[], 12:[], 13:[], 14:[], 15:[], 16:[], 17:[], 18:[], 19:[], 20:[], 21:[], 22:[], 23:[], 24:[], 25:[], 26:[], 27:[], 28:[], 29:[], 30:[], 31:[], 32:[], 33:[], 34:[], 35:[], 36:[], 37:[], 38:[], 39:[], 40:[], 41:[], 42:[], 43:[], 44:[], 45:[], 46:[], 47:[], 48:[], 49:[], 50:[], 51:[], 52:[], 53:[], 54:[], 55:[], 56:[], 57:[], 58:[], 59:[], 60:[], 61:[], 62:[], 63:[], 64:[], 65:[], 66:[], 67:[], 68:[], 69:[], 70:[], 71:[], 72:[], 73:[], 74:[], 75:[], 76:[], 77:[], 78:[], 79:[], 80:[], 81:[], 82:[], 83:[], 84:[], 85:[], 86:[], 87:[], 88:[], 89:[], 90:[], 91:[], 92:[], 93:[], 94:[], 95:[], 96:[], 97:[], 98:[], 99:[], 100:[], 101:[], 102:[], 103:[], 104:[], 105:[], 106:[], 107:[], 108:[], 109:[], 110:[], 111:[], 112:[], 113:[], 114:[], 115:[], 116:[], 117:[], 118:[], 119:[], 120:[], 121:[], 122:[], 123:[], 124:[], 125:[], 126:[], 127:[], 128:[], 129:[], 130:[], 131:[], 132:[], 133:[], 134:[], 135:[], 136:[], 137:[], 138:[], 139:[], 140:[], 141:[], 142:[], 143:[], 144:[], 145:[], 146:[]",30704231240,36988206556
3547,2,14822.3946,15599999,232684519,1857268432,335.9045,false,147,true,true,true,true,true,false,false,"0:[0, 1, 2, 3, 4, 5, 6, 7, 8, 9, 10, 11, 12, 13, 14, 15, 16, 17, 18, 19, 20, 21, 22, 23, 24, 25, 26, 27, 28, 29, 30, 31, 32, 33, 34, 35, 36, 37, 38, 39, 40, 41, 42, 43, 44, 45, 46, 47, 48, 49, 50, 51, 52, 53, 54, 55, 56, 57, 58, 59, 60, 61, 62, 63, 64, 65, 66, 67, 68, 69, 70, 71, 72, 73, 74, 75, 76, 77, 78, 79, 80, 81, 82, 83, 84, 85, 86, 87, 88, 89, 90, 91, 92, 93, 94, 95, 96, 97, 98, 99, 100, 101, 102, 103, 104, 105, 106, 107, 108, 109, 110, 111, 112, 113, 114, 115, 116, 117, 118, 119, 120, 121, 122, 123, 124, 125, 126, 127, 128, 129, 130, 131, 132, 133, 134, 135, 136, 137, 138, 139, 140, 141, 142, 143, 144, 145, 146], 1:[], 2:[], 3:[], 4:[], 5:[], 6:[], 7:[], 8:[], 9:[], 10:[], 11:[], 12:[], 13:[], 14:[], 15:[], 16:[], 17:[], 18:[], 19:[], 20:[], 21:[], 22:[], 23:[], 24:[], 25:[], 26:[], 27:[], 28:[], 29:[], 30:[], 31:[], 32:[], 33:[], 34:[], 35:[], 36:[], 37:[], 38:[], 39:[], 40:[], 41:[], 42:[], 43:[], 44:[], 45:[], 46:[], 47:[], 48:[], 49:[], 50:[], 51:[], 52:[], 53:[], 54:[], 55:[], 56:[], 57:[], 58:[], 59:[], 60:[], 61:[], 62:[], 63:[], 64:[], 65:[], 66:[], 67:[], 68:[], 69:[], 70:[], 71:[], 72:[], 73:[], 74:[], 75:[], 76:[], 77:[], 78:[], 79:[], 80:[], 81:[], 82:[], 83:[], 84:[], 85:[], 86:[], 87:[], 88:[], 89:[], 90:[], 91:[], 92:[], 93:[], 94:[], 95:[], 96:[], 97:[], 98:[], 99:[], 100:[], 101:[], 102:[], 103:[], 104:[], 105:[], 106:[], 107:[], 108:[], 109:[], 110:[], 111:[], 112:[], 113:[], 114:[], 115:[], 116:[], 117:[], 118:[], 119:[], 120:[], 121:[], 122:[], 123:[], 124:[], 125:[], 126:[], 127:[], 128:[], 129:[], 130:[], 131:[], 132:[], 133:[], 134:[], 135:[], 136:[], 137:[], 138:[], 139:[], 140:[], 141:[], 142:[], 143:[], 144:[], 145:[], 146:[]",30800321736,37127834891
3557,2,17376.4403,15732016,234658273,1873038441,339.9175,false,149,true,true,true,true,true,false,false,"0:[0, 1, 2, 3, 4, 5, 6, 7, 8, 9, 10, 11, 12, 13, 14, 15, 16, 17, 18, 19, 20, 21, 22, 23, 24, 25, 26, 27, 28, 29, 30, 31, 32, 33, 34, 35, 36, 37, 38, 39, 40, 41, 42, 43, 44, 45, 46, 47, 48, 49, 50, 51, 52, 53, 54, 55, 56, 57, 58, 59, 60, 61, 62, 63, 64, 65, 66, 67, 68, 69, 70, 71, 72, 73, 74, 75, 76, 77, 78, 79, 80, 81, 82, 83, 84, 85, 86, 87, 88, 89, 90, 91, 92, 93, 94, 95, 96, 97, 98, 99, 100, 101, 102, 103, 104, 105, 106, 107, 108, 109, 110, 111, 112, 113, 114, 115, 116, 117, 118, 119, 120, 121, 122, 123, 124, 125, 126, 127, 128, 129, 130, 131, 132, 133, 134, 135, 136, 137, 138, 139, 140, 141, 142, 143, 144, 145, 146, 147, 148], 1:[], 2:[], 3:[], 4:[], 5:[], 6:[], 7:[], 8:[], 9:[], 10:[], 11:[], 12:[], 13:[], 14:[], 15:[], 16:[], 17:[], 18:[], 19:[], 20:[], 21:[], 22:[], 23:[], 24:[], 25:[], 26:[], 27:[], 28:[], 29:[], 30:[], 31:[], 32:[], 33:[], 34:[], 35:[], 36:[], 37:[], 38:[], 39:[], 40:[], 41:[], 42:[], 43:[], 44:[], 45:[], 46:[], 47:[], 48:[], 49:[], 50:[], 51:[], 52:[], 53:[], 54:[], 55:[], 56:[], 57:[], 58:[], 59:[], 60:[], 61:[], 62:[], 63:[], 64:[], 65:[], 66:[], 67:[], 68:[], 69:[], 70:[], 71:[], 72:[], 73:[], 74:[], 75:[], 76:[], 77:[], 78:[], 79:[], 80:[], 81:[], 82:[], 83:[], 84:[], 85:[], 86:[], 87:[], 88:[], 89:[], 90:[], 91:[], 92:[], 93:[], 94:[], 95:[], 96:[], 97:[], 98:[], 99:[], 100:[], 101:[], 102:[], 103:[], 104:[], 105:[], 106:[], 107:[], 108:[], 109:[], 110:[], 111:[], 112:[], 113:[], 114:[], 115:[], 116:[], 117:[], 118:[], 119:[], 120:[], 121:[], 122:[], 123:[], 124:[], 125:[], 126:[], 127:[], 128:[], 129:[], 130:[], 131:[], 132:[], 133:[], 134:[], 135:[], 136:[], 137:[], 138:[], 139:[], 140:[], 141:[], 142:[], 143:[], 144:[], 145:[], 146:[], 147:[], 148:[]",40356631424,37361961253
3559,3,16548.6961,15758509,235053257,1876189831,347.1407,false,148,true,true,true,true,true,false,false,"0:[0, 1, 2, 3, 4, 5, 6, 7, 8, 9, 10, 11, 12, 13, 14, 15, 16, 17, 18, 19, 20, 21, 22, 23, 24, 25, 26, 27, 28, 29, 30, 31, 32, 33, 34, 35, 36, 37, 38, 39, 40, 41, 42, 43, 44, 45, 46, 47, 48, 49, 50, 51, 52, 53, 54, 55, 56, 57, 58, 59, 60, 61, 62, 63, 64, 65, 66, 67, 68, 69, 70, 71, 72, 73, 74, 75, 76, 77, 78, 79, 80, 81, 82, 83, 84, 85, 86, 87, 88, 89, 90, 91, 92, 93, 94, 95, 96, 97, 98, 99, 100, 101, 102, 103, 104, 105, 106, 107, 108, 109, 110, 111, 112, 113, 114, 115, 116, 117, 118, 119, 120, 121, 122, 123, 124, 125, 126, 127, 128, 129, 130, 131, 132, 133, 134, 135, 136, 137, 138, 139, 140, 141, 142, 143, 144, 145, 146, 147], 1:[], 2:[], 3:[], 4:[], 5:[], 6:[], 7:[], 8:[], 9:[], 10:[], 11:[], 12:[], 13:[], 14:[], 15:[], 16:[], 17:[], 18:[], 19:[], 20:[], 21:[], 22:[], 23:[], 24:[], 25:[], 26:[], 27:[], 28:[], 29:[], 30:[], 31:[], 32:[], 33:[], 34:[], 35:[], 36:[], 37:[], 38:[], 39:[], 40:[], 41:[], 42:[], 43:[], 44:[], 45:[], 46:[], 47:[], 48:[], 49:[], 50:[], 51:[], 52:[], 53:[], 54:[], 55:[], 56:[], 57:[], 58:[], 59:[], 60:[], 61:[], 62:[], 63:[], 64:[], 65:[], 66:[], 67:[], 68:[], 69:[], 70:[], 71:[], 72:[], 73:[], 74:[], 75:[], 76:[], 77:[], 78:[], 79:[], 80:[], 81:[], 82:[], 83:[], 84:[], 85:[], 86:[], 87:[], 88:[], 89:[], 90:[], 91:[], 92:[], 93:[], 94:[], 95:[], 96:[], 97:[], 98:[], 99:[], 100:[], 101:[], 102:[], 103:[], 104:[], 105:[], 106:[], 107:[], 108:[], 109:[], 110:[], 111:[], 112:[], 113:[], 114:[], 115:[], 116:[], 117:[], 118:[], 119:[], 120:[], 121:[], 122:[], 123:[], 124:[], 125:[], 126:[], 127:[], 128:[], 129:[], 130:[], 131:[], 132:[], 133:[], 134:[], 135:[], 136:[], 137:[], 138:[], 139:[], 140:[], 141:[], 142:[], 143:[], 144:[], 145:[], 146:[], 147:[]",40388865976,37408780965
3571,2,15412.0183,15918087,237438041,1895239721,353.8889,false,149,true,true,true,true,true,false,false,"0:[0, 1, 2, 3, 4, 5, 6, 7, 8, 9, 10, 11, 12, 13, 14, 15, 16, 17, 18, 19, 20, 21, 22, 23, 24, 25, 26, 27, 28, 29, 30, 31, 32, 33, 34, 35, 36, 37, 38, 39, 40, 41, 42, 43, 44, 45, 46, 47, 48, 49, 50, 51, 52, 53, 54, 55, 56, 57, 58, 59, 60, 61, 62, 63, 64, 65, 66, 67, 68, 69, 70, 71, 72, 73, 74, 75, 76, 77, 78, 79, 80, 81, 82, 83, 84, 85, 86, 87, 88, 89, 90, 91, 92, 93, 94, 95, 96, 97, 98, 99, 100, 101, 102, 103, 104, 105, 106, 107, 108, 109, 110, 111, 112, 113, 114, 115, 116, 117, 118, 119, 120, 121, 122, 123, 124, 125, 126, 127, 128, 129, 130, 131, 132, 133, 134, 135, 136, 137, 138, 139, 140, 141, 142, 143, 144, 145, 146, 147, 148], 1:[], 2:[], 3:[], 4:[], 5:[], 6:[], 7:[], 8:[], 9:[], 10:[], 11:[], 12:[], 13:[], 14:[], 15:[], 16:[], 17:[], 18:[], 19:[], 20:[], 21:[], 22:[], 23:[], 24:[], 25:[], 26:[], 27:[], 28:[], 29:[], 30:[], 31:[], 32:[], 33:[], 34:[], 35:[], 36:[], 37:[], 38:[], 39:[], 40:[], 41:[], 42:[], 43:[], 44:[], 45:[], 46:[], 47:[], 48:[], 49:[], 50:[], 51:[], 52:[], 53:[], 54:[], 55:[], 56:[], 57:[], 58:[], 59:[], 60:[], 61:[], 62:[], 63:[], 64:[], 65:[], 66:[], 67:[], 68:[], 69:[], 70:[], 71:[], 72:[], 73:[], 74:[], 75:[], 76:[], 77:[], 78:[], 79:[], 80:[], 81:[], 82:[], 83:[], 84:[], 85:[], 86:[], 87:[], 88:[], 89:[], 90:[], 91:[], 92:[], 93:[], 94:[], 95:[], 96:[], 97:[], 98:[], 99:[], 100:[], 101:[], 102:[], 103:[], 104:[], 105:[], 106:[], 107:[], 108:[], 109:[], 110:[], 111:[], 112:[], 113:[], 114:[], 115:[], 116:[], 117:[], 118:[], 119:[], 120:[], 121:[], 122:[], 123:[], 124:[], 125:[], 126:[], 127:[], 128:[], 129:[], 130:[], 131:[], 132:[], 133:[], 134:[], 135:[], 136:[], 137:[], 138:[], 139:[], 140:[], 141:[], 142:[], 143:[], 144:[], 145:[], 146:[], 147:[], 148:[]",40583478568,37691630693
3581,2,17739.4965,16051890,239438496,1911222954,392.8595,false,149,true,true,true,true,true,false,false,"0:[0, 1, 2, 3, 4, 5, 6, 7, 8, 9, 10, 11, 12, 13, 14, 15, 16, 17, 18, 19, 20, 21, 22, 23, 24, 25, 26, 27, 28, 29, 30, 31, 32, 33, 34, 35, 36, 37, 38, 39, 40, 41, 42, 43, 44, 45, 46, 47, 48, 49, 50, 51, 52, 53, 54, 55, 56, 57, 58, 59, 60, 61, 62, 63, 64, 65, 66, 67, 68, 69, 70, 71, 72, 73, 74, 75, 76, 77, 78, 79, 80, 81, 82, 83, 84, 85, 86, 87, 88, 89, 90, 91, 92, 93, 94, 95, 96, 97, 98, 99, 100, 101, 102, 103, 104, 105, 106, 107, 108, 109, 110, 111, 112, 113, 114, 115, 116, 117, 118, 119, 120, 121, 122, 123, 124, 125, 126, 127, 128, 129, 130, 131, 132, 133, 134, 135, 136, 137, 138, 139, 140, 141, 142, 143, 144, 145, 146, 147, 148], 1:[], 2:[], 3:[], 4:[], 5:[], 6:[], 7:[], 8:[], 9:[], 10:[], 11:[], 12:[], 13:[], 14:[], 15:[], 16:[], 17:[], 18:[], 19:[], 20:[], 21:[], 22:[], 23:[], 24:[], 25:[], 26:[], 27:[], 28:[], 29:[], 30:[], 31:[], 32:[], 33:[], 34:[], 35:[], 36:[], 37:[], 38:[], 39:[], 40:[], 41:[], 42:[], 43:[], 44:[], 45:[], 46:[], 47:[], 48:[], 49:[], 50:[], 51:[], 52:[], 53:[], 54:[], 55:[], 56:[], 57:[], 58:[], 59:[], 60:[], 61:[], 62:[], 63:[], 64:[], 65:[], 66:[], 67:[], 68:[], 69:[], 70:[], 71:[], 72:[], 73:[], 74:[], 75:[], 76:[], 77:[], 78:[], 79:[], 80:[], 81:[], 82:[], 83:[], 84:[], 85:[], 86:[], 87:[], 88:[], 89:[], 90:[], 91:[], 92:[], 93:[], 94:[], 95:[], 96:[], 97:[], 98:[], 99:[], 100:[], 101:[], 102:[], 103:[], 104:[], 105:[], 106:[], 107:[], 108:[], 109:[], 110:[], 111:[], 112:[], 113:[], 114:[], 115:[], 116:[], 117:[], 118:[], 119:[], 120:[], 121:[], 122:[], 123:[], 124:[], 125:[], 126:[], 127:[], 128:[], 129:[], 130:[], 131:[], 132:[], 133:[], 134:[], 135:[], 136:[], 137:[], 138:[], 139:[], 140:[], 141:[], 142:[], 143:[], 144:[], 145:[], 146:[], 147:[], 148:[]",40746726240,37928923264
3583,3,18975.2684,16078740,239838816,1914416904,420.0906,false,150,true,true,true,true,true,false,false,"0:[0, 1, 2, 3, 4, 5, 6, 7, 8, 9, 10, 11, 12, 13, 14, 15, 16, 17, 18, 19, 20, 21, 22, 23, 24, 25, 26, 27, 28, 29, 30, 31, 32, 33, 34, 35, 36, 37, 38, 39, 40, 41, 42, 43, 44, 45, 46, 47, 48, 49, 50, 51, 52, 53, 54, 55, 56, 57, 58, 59, 60, 61, 62, 63, 64, 65, 66, 67, 68, 69, 70, 71, 72, 73, 74, 75, 76, 77, 78, 79, 80, 81, 82, 83, 84, 85, 86, 87, 88, 89, 90, 91, 92, 93, 94, 95, 96, 97, 98, 99, 100, 101, 102, 103, 104, 105, 106, 107, 108, 109, 110, 111, 112, 113, 114, 115, 116, 117, 118, 119, 120, 121, 122, 123, 124, 125, 126, 127, 128, 129, 130, 131, 132, 133, 134, 135, 136, 137, 138, 139, 140, 141, 142, 143, 144, 145, 146, 147, 148, 149], 1:[], 2:[], 3:[], 4:[], 5:[], 6:[], 7:[], 8:[], 9:[], 10:[], 11:[], 12:[], 13:[], 14:[], 15:[], 16:[], 17:[], 18:[], 19:[], 20:[], 21:[], 22:[], 23:[], 24:[], 25:[], 26:[], 27:[], 28:[], 29:[], 30:[], 31:[], 32:[], 33:[], 34:[], 35:[], 36:[], 37:[], 38:[], 39:[], 40:[], 41:[], 42:[], 43:[], 44:[], 45:[], 46:[], 47:[], 48:[], 49:[], 50:[], 51:[], 52:[], 53:[], 54:[], 55:[], 56:[], 57:[], 58:[], 59:[], 60:[], 61:[], 62:[], 63:[], 64:[], 65:[], 66:[], 67:[], 68:[], 69:[], 70:[], 71:[], 72:[], 73:[], 74:[], 75:[], 76:[], 77:[], 78:[], 79:[], 80:[], 81:[], 82:[], 83:[], 84:[], 85:[], 86:[], 87:[], 88:[], 89:[], 90:[], 91:[], 92:[], 93:[], 94:[], 95:[], 96:[], 97:[], 98:[], 99:[], 100:[], 101:[], 102:[], 103:[], 104:[], 105:[], 106:[], 107:[], 108:[], 109:[], 110:[], 111:[], 112:[], 113:[], 114:[], 115:[], 116:[], 117:[], 118:[], 119:[], 120:[], 121:[], 122:[], 123:[], 124:[], 125:[], 126:[], 127:[], 128:[], 129:[], 130:[], 131:[], 132:[], 133:[], 134:[], 135:[], 136:[], 137:[], 138:[], 139:[], 140:[], 141:[], 142:[], 143:[], 144:[], 145:[], 146:[], 147:[], 148:[], 149:[]",40779396240,37976376176
3593,3,17465.7433,16213440,241852769,1930508413,440.1905,false,149,true,true,true,true,true,false,false,"0:[0, 1, 2, 3, 4, 5, 6, 7, 8, 9, 10, 11, 12, 13, 14, 15, 16, 17, 18, 19, 20, 21, 22, 23, 24, 25, 26, 27, 28, 29, 30, 31, 32, 33, 34, 35, 36, 37, 38, 39, 40, 41, 42, 43, 44, 45, 46, 47, 48, 49, 50, 51, 52, 53, 54, 55, 56, 57, 58, 59, 60, 61, 62, 63, 64, 65, 66, 67, 68, 69, 70, 71, 72, 73, 74, 75, 76, 77, 78, 79, 80, 81, 82, 83, 84, 85, 86, 87, 88, 89, 90, 91, 92, 93, 94, 95, 96, 97, 98, 99, 100, 101, 102, 103, 104, 105, 106, 107, 108, 109, 110, 111, 112, 113, 114, 115, 116, 117, 118, 119, 120, 121, 122, 123, 124, 125, 126, 127, 128, 129, 130, 131, 132, 133, 134, 135, 136, 137, 138, 139, 140, 141, 142, 143, 144, 145, 146, 147, 148], 1:[], 2:[], 3:[], 4:[], 5:[], 6:[], 7:[], 8:[], 9:[], 10:[], 11:[], 12:[], 13:[], 14:[], 15:[], 16:[], 17:[], 18:[], 19:[], 20:[], 21:[], 22:[], 23:[], 24:[], 25:[], 26:[], 27:[], 28:[], 29:[], 30:[], 31:[], 32:[], 33:[], 34:[], 35:[], 36:[], 37:[], 38:[], 39:[], 40:[], 41:[], 42:[], 43:[], 44:[], 45:[], 46:[], 47:[], 48:[], 49:[], 50:[], 51:[], 52:[], 53:[], 54:[], 55:[], 56:[], 57:[], 58:[], 59:[], 60:[], 61:[], 62:[], 63:[], 64:[], 65:[], 66:[], 67:[], 68:[], 69:[], 70:[], 71:[], 72:[], 73:[], 74:[], 75:[], 76:[], 77:[], 78:[], 79:[], 80:[], 81:[], 82:[], 83:[], 84:[], 85:[], 86:[], 87:[], 88:[], 89:[], 90:[], 91:[], 92:[], 93:[], 94:[], 95:[], 96:[], 97:[], 98:[], 99:[], 100:[], 101:[], 102:[], 103:[], 104:[], 105:[], 106:[], 107:[], 108:[], 109:[], 110:[], 111:[], 112:[], 113:[], 114:[], 115:[], 116:[], 117:[], 118:[], 119:[], 120:[], 121:[], 122:[], 123:[], 124:[], 125:[], 126:[], 127:[], 128:[], 129:[], 130:[], 131:[], 132:[], 133:[], 134:[], 135:[], 136:[], 137:[], 138:[], 139:[], 140:[], 141:[], 142:[], 143:[], 144:[], 145:[], 146:[], 147:[], 148:[]",40943745280,38215270277
3607,3,16187.8677,16403281,244688977,1953160916,349.9595,false,151,true,true,true,true,true,false,false,"0:[0, 1, 2, 3, 4, 5, 6, 7, 8, 9, 10, 11, 12, 13, 14, 15, 16, 17, 18, 19, 20, 21, 22, 23, 24, 25, 26, 27, 28, 29, 30, 31, 32, 33, 34, 35, 36, 37, 38, 39, 40, 41, 42, 43, 44, 45, 46, 47, 48, 49, 50, 51, 52, 53, 54, 55, 56, 57, 58, 59, 60, 61, 62, 63, 64, 65, 66, 67, 68, 69, 70, 71, 72, 73, 74, 75, 76, 77, 78, 79, 80, 81, 82, 83, 84, 85, 86, 87, 88, 89, 90, 91, 92, 93, 94, 95, 96, 97, 98, 99, 100, 101, 102, 103, 104, 105, 106, 107, 108, 109, 110, 111, 112, 113, 114, 115, 116, 117, 118, 119, 120, 121, 122, 123, 124, 125, 126, 127, 128, 129, 130, 131, 132, 133, 134, 135, 136, 137, 138, 139, 140, 141, 142, 143, 144, 145, 146, 147, 148, 149, 150], 1:[], 2:[], 3:[], 4:[], 5:[], 6:[], 7:[], 8:[], 9:[], 10:[], 11:[], 12:[], 13:[], 14:[], 15:[], 16:[], 17:[], 18:[], 19:[], 20:[], 21:[], 22:[], 23:[], 24:[], 25:[], 26:[], 27:[], 28:[], 29:[], 30:[], 31:[], 32:[], 33:[], 34:[], 35:[], 36:[], 37:[], 38:[], 39:[], 40:[], 41:[], 42:[], 43:[], 44:[], 45:[], 46:[], 47:[], 48:[], 49:[], 50:[], 51:[], 52:[], 53:[], 54:[], 55:[], 56:[], 57:[], 58:[], 59:[], 60:[], 61:[], 62:[], 63:[], 64:[], 65:[], 66:[], 67:[], 68:[], 69:[], 70:[], 71:[], 72:[], 73:[], 74:[], 75:[], 76:[], 77:[], 78:[], 79:[], 80:[], 81:[], 82:[], 83:[], 84:[], 85:[], 86:[], 87:[], 88:[], 89:[], 90:[], 91:[], 92:[], 93:[], 94:[], 95:[], 96:[], 97:[], 98:[], 99:[], 100:[], 101:[], 102:[], 103:[], 104:[], 105:[], 106:[], 107:[], 108:[], 109:[], 110:[], 111:[], 112:[], 113:[], 114:[], 115:[], 116:[], 117:[], 118:[], 119:[], 120:[], 121:[], 122:[], 123:[], 124:[], 125:[], 126:[], 127:[], 128:[], 129:[], 130:[], 131:[], 132:[], 133:[], 134:[], 135:[], 136:[], 137:[], 138:[], 139:[], 140:[], 141:[], 142:[], 143:[], 144:[], 145:[], 146:[], 147:[], 148:[], 149:[], 150:[]",41175198104,38551633837
3613,2,18108.1731,16485093,245912544,1962938632,359.8291,false,151,true,true,true,true,true,false,false,"0:[0, 1, 2, 3, 4, 5, 6, 7, 8, 9, 10, 11, 12, 13, 14, 15, 16, 17, 18, 19, 20, 21, 22, 23, 24, 25, 26, 27, 28, 29, 30, 31, 32, 33, 34, 35, 36, 37, 38, 39, 40, 41, 42, 43, 44, 45, 46, 47, 48, 49, 50, 51, 52, 53, 54, 55, 56, 57, 58, 59, 60, 61, 62, 63, 64, 65, 66, 67, 68, 69, 70, 71, 72, 73, 74, 75, 76, 77, 78, 79, 80, 81, 82, 83, 84, 85, 86, 87, 88, 89, 90, 91, 92, 93, 94, 95, 96, 97, 98, 99, 100, 101, 102, 103, 104, 105, 106, 107, 108, 109, 110, 111, 112, 113, 114, 115, 116, 117, 118, 119, 120, 121, 122, 123, 124, 125, 126, 127, 128, 129, 130, 131, 132, 133, 134, 135, 136, 137, 138, 139, 140, 141, 142, 143, 144, 145, 146, 147, 148, 149, 150], 1:[], 2:[], 3:[], 4:[], 5:[], 6:[], 7:[], 8:[], 9:[], 10:[], 11:[], 12:[], 13:[], 14:[], 15:[], 16:[], 17:[], 18:[], 19:[], 20:[], 21:[], 22:[], 23:[], 24:[], 25:[], 26:[], 27:[], 28:[], 29:[], 30:[], 31:[], 32:[], 33:[], 34:[], 35:[], 36:[], 37:[], 38:[], 39:[], 40:[], 41:[], 42:[], 43:[], 44:[], 45:[], 46:[], 47:[], 48:[], 49:[], 50:[], 51:[], 52:[], 53:[], 54:[], 55:[], 56:[], 57:[], 58:[], 59:[], 60:[], 61:[], 62:[], 63:[], 64:[], 65:[], 66:[], 67:[], 68:[], 69:[], 70:[], 71:[], 72:[], 73:[], 74:[], 75:[], 76:[], 77:[], 78:[], 79:[], 80:[], 81:[], 82:[], 83:[], 84:[], 85:[], 86:[], 87:[], 88:[], 89:[], 90:[], 91:[], 92:[], 93:[], 94:[], 95:[], 96:[], 97:[], 98:[], 99:[], 100:[], 101:[], 102:[], 103:[], 104:[], 105:[], 106:[], 107:[], 108:[], 109:[], 110:[], 111:[], 112:[], 113:[], 114:[], 115:[], 116:[], 117:[], 118:[], 119:[], 120:[], 121:[], 122:[], 123:[], 124:[], 125:[], 126:[], 127:[], 128:[], 129:[], 130:[], 131:[], 132:[], 133:[], 134:[], 135:[], 136:[], 137:[], 138:[], 139:[], 140:[], 141:[], 142:[], 143:[], 144:[], 145:[], 146:[], 147:[], 148:[], 149:[], 150:[]",41275046952,38696783304
3617,3,20990.0134,16539785,246729900,1969467798,360.7537,false,150,true,true,true,true,true,false,false,"0:[0, 1, 2, 3, 4, 5, 6, 7, 8, 9, 10, 11, 12, 13, 14, 15, 16, 17, 18, 19, 20, 21, 22, 23, 24, 25, 26, 27, 28, 29, 30, 31, 32, 33, 34, 35, 36, 37, 38, 39, 40, 41, 42, 43, 44, 45, 46, 47, 48, 49, 50, 51, 52, 53, 54, 55, 56, 57, 58, 59, 60, 61, 62, 63, 64, 65, 66, 67, 68, 69, 70, 71, 72, 73, 74, 75, 76, 77, 78, 79, 80, 81, 82, 83, 84, 85, 86, 87, 88, 89, 90, 91, 92, 93, 94, 95, 96, 97, 98, 99, 100, 101, 102, 103, 104, 105, 106, 107, 108, 109, 110, 111, 112, 113, 114, 115, 116, 117, 118, 119, 120, 121, 122, 123, 124, 125, 126, 127, 128, 129, 130, 131, 132, 133, 134, 135, 136, 137, 138, 139, 140, 141, 142, 143, 144, 145, 146, 147, 148, 149], 1:[], 2:[], 3:[], 4:[], 5:[], 6:[], 7:[], 8:[], 9:[], 10:[], 11:[], 12:[], 13:[], 14:[], 15:[], 16:[], 17:[], 18:[], 19:[], 20:[], 21:[], 22:[], 23:[], 24:[], 25:[], 26:[], 27:[], 28:[], 29:[], 30:[], 31:[], 32:[], 33:[], 34:[], 35:[], 36:[], 37:[], 38:[], 39:[], 40:[], 41:[], 42:[], 43:[], 44:[], 45:[], 46:[], 47:[], 48:[], 49:[], 50:[], 51:[], 52:[], 53:[], 54:[], 55:[], 56:[], 57:[], 58:[], 59:[], 60:[], 61:[], 62:[], 63:[], 64:[], 65:[], 66:[], 67:[], 68:[], 69:[], 70:[], 71:[], 72:[], 73:[], 74:[], 75:[], 76:[], 77:[], 78:[], 79:[], 80:[], 81:[], 82:[], 83:[], 84:[], 85:[], 86:[], 87:[], 88:[], 89:[], 90:[], 91:[], 92:[], 93:[], 94:[], 95:[], 96:[], 97:[], 98:[], 99:[], 100:[], 101:[], 102:[], 103:[], 104:[], 105:[], 106:[], 107:[], 108:[], 109:[], 110:[], 111:[], 112:[], 113:[], 114:[], 115:[], 116:[], 117:[], 118:[], 119:[], 120:[], 121:[], 122:[], 123:[], 124:[], 125:[], 126:[], 127:[], 128:[], 129:[], 130:[], 131:[], 132:[], 133:[], 134:[], 135:[], 136:[], 137:[], 138:[], 139:[], 140:[], 141:[], 142:[], 143:[], 144:[], 145:[], 146:[], 147:[], 148:[], 149:[]",41341748040,38793726180
3623,5,16441.8601,16622050,247958421,1979277759,365.3013,false,151,true,true,true,true,true,false,false,"0:[0, 1, 2, 3, 4, 5, 6, 7, 8, 9, 10, 11, 12, 13, 14, 15, 16, 17, 18, 19, 20, 21, 22, 23, 24, 25, 26, 27, 28, 29, 30, 31, 32, 33, 34, 35, 36, 37, 38, 39, 40, 41, 42, 43, 44, 45, 46, 47, 48, 49, 50, 51, 52, 53, 54, 55, 56, 57, 58, 59, 60, 61, 62, 63, 64, 65, 66, 67, 68, 69, 70, 71, 72, 73, 74, 75, 76, 77, 78, 79, 80, 81, 82, 83, 84, 85, 86, 87, 88, 89, 90, 91, 92, 93, 94, 95, 96, 97, 98, 99, 100, 101, 102, 103, 104, 105, 106, 107, 108, 109, 110, 111, 112, 113, 114, 115, 116, 117, 118, 119, 120, 121, 122, 123, 124, 125, 126, 127, 128, 129, 130, 131, 132, 133, 134, 135, 136, 137, 138, 139, 140, 141, 142, 143, 144, 145, 146, 147, 148, 149, 150], 1:[], 2:[], 3:[], 4:[], 5:[], 6:[], 7:[], 8:[], 9:[], 10:[], 11:[], 12:[], 13:[], 14:[], 15:[], 16:[], 17:[], 18:[], 19:[], 20:[], 21:[], 22:[], 23:[], 24:[], 25:[], 26:[], 27:[], 28:[], 29:[], 30:[], 31:[], 32:[], 33:[], 34:[], 35:[], 36:[], 37:[], 38:[], 39:[], 40:[], 41:[], 42:[], 43:[], 44:[], 45:[], 46:[], 47:[], 48:[], 49:[], 50:[], 51:[], 52:[], 53:[], 54:[], 55:[], 56:[], 57:[], 58:[], 59:[], 60:[], 61:[], 62:[], 63:[], 64:[], 65:[], 66:[], 67:[], 68:[], 69:[], 70:[], 71:[], 72:[], 73:[], 74:[], 75:[], 76:[], 77:[], 78:[], 79:[], 80:[], 81:[], 82:[], 83:[], 84:[], 85:[], 86:[], 87:[], 88:[], 89:[], 90:[], 91:[], 92:[], 93:[], 94:[], 95:[], 96:[], 97:[], 98:[], 99:[], 100:[], 101:[], 102:[], 103:[], 104:[], 105:[], 106:[], 107:[], 108:[], 109:[], 110:[], 111:[], 112:[], 113:[], 114:[], 115:[], 116:[], 117:[], 118:[], 119:[], 120:[], 121:[], 122:[], 123:[], 124:[], 125:[], 126:[], 127:[], 128:[], 129:[], 130:[], 131:[], 132:[], 133:[], 134:[], 135:[], 136:[], 137:[], 138:[], 139:[], 140:[], 141:[], 142:[], 143:[], 144:[], 145:[], 146:[], 147:[], 148:[], 149:[], 150:[]",41442004080,38939408345
3631,3,17218.6943,16732160,249604004,1992422926,356.2199,false,151,true,true,true,true,true,false,false,"0:[0, 1, 2, 3, 4, 5, 6, 7, 8, 9, 10, 11, 12, 13, 14, 15, 16, 17, 18, 19, 20, 21, 22, 23, 24, 25, 26, 27, 28, 29, 30, 31, 32, 33, 34, 35, 36, 37, 38, 39, 40, 41, 42, 43, 44, 45, 46, 47, 48, 49, 50, 51, 52, 53, 54, 55, 56, 57, 58, 59, 60, 61, 62, 63, 64, 65, 66, 67, 68, 69, 70, 71, 72, 73, 74, 75, 76, 77, 78, 79, 80, 81, 82, 83, 84, 85, 86, 87, 88, 89, 90, 91, 92, 93, 94, 95, 96, 97, 98, 99, 100, 101, 102, 103, 104, 105, 106, 107, 108, 109, 110, 111, 112, 113, 114, 115, 116, 117, 118, 119, 120, 121, 122, 123, 124, 125, 126, 127, 128, 129, 130, 131, 132, 133, 134, 135, 136, 137, 138, 139, 140, 141, 142, 143, 144, 145, 146, 147, 148, 149, 150], 1:[], 2:[], 3:[], 4:[], 5:[], 6:[], 7:[], 8:[], 9:[], 10:[], 11:[], 12:[], 13:[], 14:[], 15:[], 16:[], 17:[], 18:[], 19:[], 20:[], 21:[], 22:[], 23:[], 24:[], 25:[], 26:[], 27:[], 28:[], 29:[], 30:[], 31:[], 32:[], 33:[], 34:[], 35:[], 36:[], 37:[], 38:[], 39:[], 40:[], 41:[], 42:[], 43:[], 44:[], 45:[], 46:[], 47:[], 48:[], 49:[], 50:[], 51:[], 52:[], 53:[], 54:[], 55:[], 56:[], 57:[], 58:[], 59:[], 60:[], 61:[], 62:[], 63:[], 64:[], 65:[], 66:[], 67:[], 68:[], 69:[], 70:[], 71:[], 72:[], 73:[], 74:[], 75:[], 76:[], 77:[], 78:[], 79:[], 80:[], 81:[], 82:[], 83:[], 84:[], 85:[], 86:[], 87:[], 88:[], 89:[], 90:[], 91:[], 92:[], 93:[], 94:[], 95:[], 96:[], 97:[], 98:[], 99:[], 100:[], 101:[], 102:[], 103:[], 104:[], 105:[], 106:[], 107:[], 108:[], 109:[], 110:[], 111:[], 112:[], 113:[], 114:[], 115:[], 116:[], 117:[], 118:[], 119:[], 120:[], 121:[], 122:[], 123:[], 124:[], 125:[], 126:[], 127:[], 128:[], 129:[], 130:[], 131:[], 132:[], 133:[], 134:[], 135:[], 136:[], 137:[], 138:[], 139:[], 140:[], 141:[], 142:[], 143:[], 144:[], 145:[], 146:[], 147:[], 148:[], 149:[], 150:[]",41576293360,39134583716
3637,2,16313.0206,16815061,250843887,2002331117,359.6996,false,152,true,true,true,true,true,false,false,"0:[0, 1, 2, 3, 4, 5, 6, 7, 8, 9, 10, 11, 12, 13, 14, 15, 16, 17, 18, 19, 20, 21, 22, 23, 24, 25, 26, 27, 28, 29, 30, 31, 32, 33, 34, 35, 36, 37, 38, 39, 40, 41, 42, 43, 44, 45, 46, 47, 48, 49, 50, 51, 52, 53, 54, 55, 56, 57, 58, 59, 60, 61, 62, 63, 64, 65, 66, 67, 68, 69, 70, 71, 72, 73, 74, 75, 76, 77, 78, 79, 80, 81, 82, 83, 84, 85, 86, 87, 88, 89, 90, 91, 92, 93, 94, 95, 96, 97, 98, 99, 100, 101, 102, 103, 104, 105, 106, 107, 108, 109, 110, 111, 112, 113, 114, 115, 116, 117, 118, 119, 120, 121, 122, 123, 124, 125, 126, 127, 128, 129, 130, 131, 132, 133, 134, 135, 136, 137, 138, 139, 140, 141, 142, 143, 144, 145, 146, 147, 148, 149, 150, 151], 1:[], 2:[], 3:[], 4:[], 5:[], 6:[], 7:[], 8:[], 9:[], 10:[], 11:[], 12:[], 13:[], 14:[], 15:[], 16:[], 17:[], 18:[], 19:[], 20:[], 21:[], 22:[], 23:[], 24:[], 25:[], 26:[], 27:[], 28:[], 29:[], 30:[], 31:[], 32:[], 33:[], 34:[], 35:[], 36:[], 37:[], 38:[], 39:[], 40:[], 41:[], 42:[], 43:[], 44:[], 45:[], 46:[], 47:[], 48:[], 49:[], 50:[], 51:[], 52:[], 53:[], 54:[], 55:[], 56:[], 57:[], 58:[], 59:[], 60:[], 61:[], 62:[], 63:[], 64:[], 65:[], 66:[], 67:[], 68:[], 69:[], 70:[], 71:[], 72:[], 73:[], 74:[], 75:[], 76:[], 77:[], 78:[], 79:[], 80:[], 81:[], 82:[], 83:[], 84:[], 85:[], 86:[], 87:[], 88:[], 89:[], 90:[], 91:[], 92:[], 93:[], 94:[], 95:[], 96:[], 97:[], 98:[], 99:[], 100:[], 101:[], 102:[], 103:[], 104:[], 105:[], 106:[], 107:[], 108:[], 109:[], 110:[], 111:[], 112:[], 113:[], 114:[], 115:[], 116:[], 117:[], 118:[], 119:[], 120:[], 121:[], 122:[], 123:[], 124:[], 125:[], 126:[], 127:[], 128:[], 129:[], 130:[], 131:[], 132:[], 133:[], 134:[], 135:[], 136:[], 137:[], 138:[], 139:[], 140:[], 141:[], 142:[], 143:[], 144:[], 145:[], 146:[], 147:[], 148:[], 149:[], 150:[], 151:[]",41677473624,39281668771
3643,2,18304.5545,16898235,252086042,2012250249,380.1049,false,151,true,true,true,true,true,false,false,"0:[0, 1, 2, 3, 4, 5, 6, 7, 8, 9, 10, 11, 12, 13, 14, 15, 16, 17, 18, 19, 20, 21, 22, 23, 24, 25, 26, 27, 28, 29, 30, 31, 32, 33, 34, 35, 36, 37, 38, 39, 40, 41, 42, 43, 44, 45, 46, 47, 48, 49, 50, 51, 52, 53, 54, 55, 56, 57, 58, 59, 60, 61, 62, 63, 64, 65, 66, 67, 68, 69, 70, 71, 72, 73, 74, 75, 76, 77, 78, 79, 80, 81, 82, 83, 84, 85, 86, 87, 88, 89, 90, 91, 92, 93, 94, 95, 96, 97, 98, 99, 100, 101, 102, 103, 104, 105, 106, 107, 108, 109, 110, 111, 112, 113, 114, 115, 116, 117, 118, 119, 120, 121, 122, 123, 124, 125, 126, 127, 128, 129, 130, 131, 132, 133, 134, 135, 136, 137, 138, 139, 140, 141, 142, 143, 144, 145, 146, 147, 148, 149, 150], 1:[], 2:[], 3:[], 4:[], 5:[], 6:[], 7:[], 8:[], 9:[], 10:[], 11:[], 12:[], 13:[], 14:[], 15:[], 16:[], 17:[], 18:[], 19:[], 20:[], 21:[], 22:[], 23:[], 24:[], 25:[], 26:[], 27:[], 28:[], 29:[], 30:[], 31:[], 32:[], 33:[], 34:[], 35:[], 36:[], 37:[], 38:[], 39:[], 40:[], 41:[], 42:[], 43:[], 44:[], 45:[], 46:[], 47:[], 48:[], 49:[], 50:[], 51:[], 52:[], 53:[], 54:[], 55:[], 56:[], 57:[], 58:[], 59:[], 60:[], 61:[], 62:[], 63:[], 64:[], 65:[], 66:[], 67:[], 68:[], 69:[], 70:[], 71:[], 72:[], 73:[], 74:[], 75:[], 76:[], 77:[], 78:[], 79:[], 80:[], 81:[], 82:[], 83:[], 84:[], 85:[], 86:[], 87:[], 88:[], 89:[], 90:[], 91:[], 92:[], 93:[], 94:[], 95:[], 96:[], 97:[], 98:[], 99:[], 100:[], 101:[], 102:[], 103:[], 104:[], 105:[], 106:[], 107:[], 108:[], 109:[], 110:[], 111:[], 112:[], 113:[], 114:[], 115:[], 116:[], 117:[], 118:[], 119:[], 120:[], 121:[], 122:[], 123:[], 124:[], 125:[], 126:[], 127:[], 128:[], 129:[], 130:[], 131:[], 132:[], 133:[], 134:[], 135:[], 136:[], 137:[], 138:[], 139:[], 140:[], 141:[], 142:[], 143:[], 144:[], 145:[], 146:[], 147:[], 148:[], 149:[], 150:[]",41778842200,39428967546
3659,2,18556.6832,17121374,255420832,2038888913,369.6336,false,153,true,true,true,true,true,false,false,"0:[0, 1, 2, 3, 4, 5, 6, 7, 8, 9, 10, 11, 12, 13, 14, 15, 16, 17, 18, 19, 20, 21, 22, 23, 24, 25, 26, 27, 28, 29, 30, 31, 32, 33, 34, 35, 36, 37, 38, 39, 40, 41, 42, 43, 44, 45, 46, 47, 48, 49, 50, 51, 52, 53, 54, 55, 56, 57, 58, 59, 60, 61, 62, 63, 64, 65, 66, 67, 68, 69, 70, 71, 72, 73, 74, 75, 76, 77, 78, 79, 80, 81, 82, 83, 84, 85, 86, 87, 88, 89, 90, 91, 92, 93, 94, 95, 96, 97, 98, 99, 100, 101, 102, 103, 104, 105, 106, 107, 108, 109, 110, 111, 112, 113, 114, 115, 116, 117, 118, 119, 120, 121, 122, 123, 124, 125, 126, 127, 128, 129, 130, 131, 132, 133, 134, 135, 136, 137, 138, 139, 140, 141, 142, 143, 144, 145, 146, 147, 148, 149, 150, 151, 152], 1:[], 2:[], 3:[], 4:[], 5:[], 6:[], 7:[], 8:[], 9:[], 10:[], 11:[], 12:[], 13:[], 14:[], 15:[], 16:[], 17:[], 18:[], 19:[], 20:[], 21:[], 22:[], 23:[], 24:[], 25:[], 26:[], 27:[], 28:[], 29:[], 30:[], 31:[], 32:[], 33:[], 34:[], 35:[], 36:[], 37:[], 38:[], 39:[], 40:[], 41:[], 42:[], 43:[], 44:[], 45:[], 46:[], 47:[], 48:[], 49:[], 50:[], 51:[], 52:[], 53:[], 54:[], 55:[], 56:[], 57:[], 58:[], 59:[], 60:[], 61:[], 62:[], 63:[], 64:[], 65:[], 66:[], 67:[], 68:[], 69:[], 70:[], 71:[], 72:[], 73:[], 74:[], 75:[], 76:[], 77:[], 78:[], 79:[], 80:[], 81:[], 82:[], 83:[], 84:[], 85:[], 86:[], 87:[], 88:[], 89:[], 90:[], 91:[], 92:[], 93:[], 94:[], 95:[], 96:[], 97:[], 98:[], 99:[], 100:[], 101:[], 102:[], 103:[], 104:[], 105:[], 106:[], 107:[], 108:[], 109:[], 110:[], 111:[], 112:[], 113:[], 114:[], 115:[], 116:[], 117:[], 118:[], 119:[], 120:[], 121:[], 122:[], 123:[], 124:[], 125:[], 126:[], 127:[], 128:[], 129:[], 130:[], 131:[], 132:[], 133:[], 134:[], 135:[], 136:[], 137:[], 138:[], 139:[], 140:[], 141:[], 142:[], 143:[], 144:[], 145:[], 146:[], 147:[], 148:[], 149:[], 150:[], 151:[], 152:[]",42050980736,39824491456
3671,13,17850.7215,17290010,257941221,2059022852,371.4328,false,152,true,true,true,true,true,false,false,"0:[0, 1, 2, 3, 4, 5, 6, 7, 8, 9, 10, 11, 12, 13, 14, 15, 16, 17, 18, 19, 20, 21, 22, 23, 24, 25, 26, 27, 28, 29, 30, 31, 32, 33, 34, 35, 36, 37, 38, 39, 40, 41, 42, 43, 44, 45, 46, 47, 48, 49, 50, 51, 52, 53, 54, 55, 56, 57, 58, 59, 60, 61, 62, 63, 64, 65, 66, 67, 68, 69, 70, 71, 72, 73, 74, 75, 76, 77, 78, 79, 80, 81, 82, 83, 84, 85, 86, 87, 88, 89, 90, 91, 92, 93, 94, 95, 96, 97, 98, 99, 100, 101, 102, 103, 104, 105, 106, 107, 108, 109, 110, 111, 112, 113, 114, 115, 116, 117, 118, 119, 120, 121, 122, 123, 124, 125, 126, 127, 128, 129, 130, 131, 132, 133, 134, 135, 136, 137, 138, 139, 140, 141, 142, 143, 144, 145, 146, 147, 148, 149, 150, 151], 1:[], 2:[], 3:[], 4:[], 5:[], 6:[], 7:[], 8:[], 9:[], 10:[], 11:[], 12:[], 13:[], 14:[], 15:[], 16:[], 17:[], 18:[], 19:[], 20:[], 21:[], 22:[], 23:[], 24:[], 25:[], 26:[], 27:[], 28:[], 29:[], 30:[], 31:[], 32:[], 33:[], 34:[], 35:[], 36:[], 37:[], 38:[], 39:[], 40:[], 41:[], 42:[], 43:[], 44:[], 45:[], 46:[], 47:[], 48:[], 49:[], 50:[], 51:[], 52:[], 53:[], 54:[], 55:[], 56:[], 57:[], 58:[], 59:[], 60:[], 61:[], 62:[], 63:[], 64:[], 65:[], 66:[], 67:[], 68:[], 69:[], 70:[], 71:[], 72:[], 73:[], 74:[], 75:[], 76:[], 77:[], 78:[], 79:[], 80:[], 81:[], 82:[], 83:[], 84:[], 85:[], 86:[], 87:[], 88:[], 89:[], 90:[], 91:[], 92:[], 93:[], 94:[], 95:[], 96:[], 97:[], 98:[], 99:[], 100:[], 101:[], 102:[], 103:[], 104:[], 105:[], 106:[], 107:[], 108:[], 109:[], 110:[], 111:[], 112:[], 113:[], 114:[], 115:[], 116:[], 117:[], 118:[], 119:[], 120:[], 121:[], 122:[], 123:[], 124:[], 125:[], 126:[], 127:[], 128:[], 129:[], 130:[], 131:[], 132:[], 133:[], 134:[], 135:[], 136:[], 137:[], 138:[], 139:[], 140:[], 141:[], 142:[], 143:[], 144:[], 145:[], 146:[], 147:[], 148:[], 149:[], 150:[], 151:[]",42256659120,40123424361
3673,5,22954.4951,17318223,258363837,2062402751,381.9876,false,153,true,true,true,true,true,false,false,"0:[0, 1, 2, 3, 4, 5, 6, 7, 8, 9, 10, 11, 12, 13, 14, 15, 16, 17, 18, 19, 20, 21, 22, 23, 24, 25, 26, 27, 28, 29, 30, 31, 32, 33, 34, 35, 36, 37, 38, 39, 40, 41, 42, 43, 44, 45, 46, 47, 48, 49, 50, 51, 52, 53, 54, 55, 56, 57, 58, 59, 60, 61, 62, 63, 64, 65, 66, 67, 68, 69, 70, 71, 72, 73, 74, 75, 76, 77, 78, 79, 80, 81, 82, 83, 84, 85, 86, 87, 88, 89, 90, 91, 92, 93, 94, 95, 96, 97, 98, 99, 100, 101, 102, 103, 104, 105, 106, 107, 108, 109, 110, 111, 112, 113, 114, 115, 116, 117, 118, 119, 120, 121, 122, 123, 124, 125, 126, 127, 128, 129, 130, 131, 132, 133, 134, 135, 136, 137, 138, 139, 140, 141, 142, 143, 144, 145, 146, 147, 148, 149, 150, 151, 152], 1:[], 2:[], 3:[], 4:[], 5:[], 6:[], 7:[], 8:[], 9:[], 10:[], 11:[], 12:[], 13:[], 14:[], 15:[], 16:[], 17:[], 18:[], 19:[], 20:[], 21:[], 22:[], 23:[], 24:[], 25:[], 26:[], 27:[], 28:[], 29:[], 30:[], 31:[], 32:[], 33:[], 34:[], 35:[], 36:[], 37:[], 38:[], 39:[], 40:[], 41:[], 42:[], 43:[], 44:[], 45:[], 46:[], 47:[], 48:[], 49:[], 50:[], 51:[], 52:[], 53:[], 54:[], 55:[], 56:[], 57:[], 58:[], 59:[], 60:[], 61:[], 62:[], 63:[], 64:[], 65:[], 66:[], 67:[], 68:[], 69:[], 70:[], 71:[], 72:[], 73:[], 74:[], 75:[], 76:[], 77:[], 78:[], 79:[], 80:[], 81:[], 82:[], 83:[], 84:[], 85:[], 86:[], 87:[], 88:[], 89:[], 90:[], 91:[], 92:[], 93:[], 94:[], 95:[], 96:[], 97:[], 98:[], 99:[], 100:[], 101:[], 102:[], 103:[], 104:[], 105:[], 106:[], 107:[], 108:[], 109:[], 110:[], 111:[], 112:[], 113:[], 114:[], 115:[], 116:[], 117:[], 118:[], 119:[], 120:[], 121:[], 122:[], 123:[], 124:[], 125:[], 126:[], 127:[], 128:[], 129:[], 130:[], 131:[], 132:[], 133:[], 134:[], 135:[], 136:[], 137:[], 138:[], 139:[], 140:[], 141:[], 142:[], 143:[], 144:[], 145:[], 146:[], 147:[], 148:[], 149:[], 150:[], 151:[], 152:[]",42291145512,40173577561
3677,2,16976.7939,17374742,259208611,2069151498,390.9283,false,154,true,true,true,true,true,false,false,"0:[0, 1, 2, 3, 4, 5, 6, 7, 8, 9, 10, 11, 12, 13, 14, 15, 16, 17, 18, 19, 20, 21, 22, 23, 24, 25, 26, 27, 28, 29, 30, 31, 32, 33, 34, 35, 36, 37, 38, 39, 40, 41, 42, 43, 44, 45, 46, 47, 48, 49, 50, 51, 52, 53, 54, 55, 56, 57, 58, 59, 60, 61, 62, 63, 64, 65, 66, 67, 68, 69, 70, 71, 72, 73, 74, 75, 76, 77, 78, 79, 80, 81, 82, 83, 84, 85, 86, 87, 88, 89, 90, 91, 92, 93, 94, 95, 96, 97, 98, 99, 100, 101, 102, 103, 104, 105, 106, 107, 108, 109, 110, 111, 112, 113, 114, 115, 116, 117, 118, 119, 120, 121, 122, 123, 124, 125, 126, 127, 128, 129, 130, 131, 132, 133, 134, 135, 136, 137, 138, 139, 140, 141, 142, 143, 144, 145, 146, 147, 148, 149, 150, 151, 152, 153], 1:[], 2:[], 3:[], 4:[], 5:[], 6:[], 7:[], 8:[], 9:[], 10:[], 11:[], 12:[], 13:[], 14:[], 15:[], 16:[], 17:[], 18:[], 19:[], 20:[], 21:[], 22:[], 23:[], 24:[], 25:[], 26:[], 27:[], 28:[], 29:[], 30:[], 31:[], 32:[], 33:[], 34:[], 35:[], 36:[], 37:[], 38:[], 39:[], 40:[], 41:[], 42:[], 43:[], 44:[], 45:[], 46:[], 47:[], 48:[], 49:[], 50:[], 51:[], 52:[], 53:[], 54:[], 55:[], 56:[], 57:[], 58:[], 59:[], 60:[], 61:[], 62:[], 63:[], 64:[], 65:[], 66:[], 67:[], 68:[], 69:[], 70:[], 71:[], 72:[], 73:[], 74:[], 75:[], 76:[], 77:[], 78:[], 79:[], 80:[], 81:[], 82:[], 83:[], 84:[], 85:[], 86:[], 87:[], 88:[], 89:[], 90:[], 91:[], 92:[], 93:[], 94:[], 95:[], 96:[], 97:[], 98:[], 99:[], 100:[], 101:[], 102:[], 103:[], 104:[], 105:[], 106:[], 107:[], 108:[], 109:[], 110:[], 111:[], 112:[], 113:[], 114:[], 115:[], 116:[], 117:[], 118:[], 119:[], 120:[], 121:[], 122:[], 123:[], 124:[], 125:[], 126:[], 127:[], 128:[], 129:[], 130:[], 131:[], 132:[], 133:[], 134:[], 135:[], 136:[], 137:[], 138:[], 139:[], 140:[], 141:[], 142:[], 143:[], 144:[], 145:[], 146:[], 147:[], 148:[], 149:[], 150:[], 151:[], 152:[], 153:[]",42360083888,40273773247
3691,2,16718.6992,17573525,262178659,2092873630,378.9736,false,154,true,true,true,true,true,false,false,"0:[0, 1, 2, 3, 4, 5, 6, 7, 8, 9, 10, 11, 12, 13, 14, 15, 16, 17, 18, 19, 20, 21, 22, 23, 24, 25, 26, 27, 28, 29, 30, 31, 32, 33, 34, 35, 36, 37, 38, 39, 40, 41, 42, 43, 44, 45, 46, 47, 48, 49, 50, 51, 52, 53, 54, 55, 56, 57, 58, 59, 60, 61, 62, 63, 64, 65, 66, 67, 68, 69, 70, 71, 72, 73, 74, 75, 76, 77, 78, 79, 80, 81, 82, 83, 84, 85, 86, 87, 88, 89, 90, 91, 92, 93, 94, 95, 96, 97, 98, 99, 100, 101, 102, 103, 104, 105, 106, 107, 108, 109, 110, 111, 112, 113, 114, 115, 116, 117, 118, 119, 120, 121, 122, 123, 124, 125, 126, 127, 128, 129, 130, 131, 132, 133, 134, 135, 136, 137, 138, 139, 140, 141, 142, 143, 144, 145, 146, 147, 148, 149, 150, 151, 152, 153], 1:[], 2:[], 3:[], 4:[], 5:[], 6:[], 7:[], 8:[], 9:[], 10:[], 11:[], 12:[], 13:[], 14:[], 15:[], 16:[], 17:[], 18:[], 19:[], 20:[], 21:[], 22:[], 23:[], 24:[], 25:[], 26:[], 27:[], 28:[], 29:[], 30:[], 31:[], 32:[], 33:[], 34:[], 35:[], 36:[], 37:[], 38:[], 39:[], 40:[], 41:[], 42:[], 43:[], 44:[], 45:[], 46:[], 47:[], 48:[], 49:[], 50:[], 51:[], 52:[], 53:[], 54:[], 55:[], 56:[], 57:[], 58:[], 59:[], 60:[], 61:[], 62:[], 63:[], 64:[], 65:[], 66:[], 67:[], 68:[], 69:[], 70:[], 71:[], 72:[], 73:[], 74:[], 75:[], 76:[], 77:[], 78:[], 79:[], 80:[], 81:[], 82:[], 83:[], 84:[], 85:[], 86:[], 87:[], 88:[], 89:[], 90:[], 91:[], 92:[], 93:[], 94:[], 95:[], 96:[], 97:[], 98:[], 99:[], 100:[], 101:[], 102:[], 103:[], 104:[], 105:[], 106:[], 107:[], 108:[], 109:[], 110:[], 111:[], 112:[], 113:[], 114:[], 115:[], 116:[], 117:[], 118:[], 119:[], 120:[], 121:[], 122:[], 123:[], 124:[], 125:[], 126:[], 127:[], 128:[], 129:[], 130:[], 131:[], 132:[], 133:[], 134:[], 135:[], 136:[], 137:[], 138:[], 139:[], 140:[], 141:[], 142:[], 143:[], 144:[], 145:[], 146:[], 147:[], 148:[], 149:[], 150:[], 151:[], 152:[], 153:[]",42602458520,40626009319
3697,5,23311.5241,17659180,263459710,2103110457,383.9038,false,154,true,true,true,true,true,false,false,"0:[0, 1, 2, 3, 4, 5, 6, 7, 8, 9, 10, 11, 12, 13, 14, 15, 16, 17, 18, 19, 20, 21, 22, 23, 24, 25, 26, 27, 28, 29, 30, 31, 32, 33, 34, 35, 36, 37, 38, 39, 40, 41, 42, 43, 44, 45, 46, 47, 48, 49, 50, 51, 52, 53, 54, 55, 56, 57, 58, 59, 60, 61, 62, 63, 64, 65, 66, 67, 68, 69, 70, 71, 72, 73, 74, 75, 76, 77, 78, 79, 80, 81, 82, 83, 84, 85, 86, 87, 88, 89, 90, 91, 92, 93, 94, 95, 96, 97, 98, 99, 100, 101, 102, 103, 104, 105, 106, 107, 108, 109, 110, 111, 112, 113, 114, 115, 116, 117, 118, 119, 120, 121, 122, 123, 124, 125, 126, 127, 128, 129, 130, 131, 132, 133, 134, 135, 136, 137, 138, 139, 140, 141, 142, 143, 144, 145, 146, 147, 148, 149, 150, 151, 152, 153], 1:[], 2:[], 3:[], 4:[], 5:[], 6:[], 7:[], 8:[], 9:[], 10:[], 11:[], 12:[], 13:[], 14:[], 15:[], 16:[], 17:[], 18:[], 19:[], 20:[], 21:[], 22:[], 23:[], 24:[], 25:[], 26:[], 27:[], 28:[], 29:[], 30:[], 31:[], 32:[], 33:[], 34:[], 35:[], 36:[], 37:[], 38:[], 39:[], 40:[], 41:[], 42:[], 43:[], 44:[], 45:[], 46:[], 47:[], 48:[], 49:[], 50:[], 51:[], 52:[], 53:[], 54:[], 55:[], 56:[], 57:[], 58:[], 59:[], 60:[], 61:[], 62:[], 63:[], 64:[], 65:[], 66:[], 67:[], 68:[], 69:[], 70:[], 71:[], 72:[], 73:[], 74:[], 75:[], 76:[], 77:[], 78:[], 79:[], 80:[], 81:[], 82:[], 83:[], 84:[], 85:[], 86:[], 87:[], 88:[], 89:[], 90:[], 91:[], 92:[], 93:[], 94:[], 95:[], 96:[], 97:[], 98:[], 99:[], 100:[], 101:[], 102:[], 103:[], 104:[], 105:[], 106:[], 107:[], 108:[], 109:[], 110:[], 111:[], 112:[], 113:[], 114:[], 115:[], 116:[], 117:[], 118:[], 119:[], 120:[], 121:[], 122:[], 123:[], 124:[], 125:[], 126:[], 127:[], 128:[], 129:[], 130:[], 131:[], 132:[], 133:[], 134:[], 135:[], 136:[], 137:[], 138:[], 139:[], 140:[], 141:[], 142:[], 143:[], 144:[], 145:[], 146:[], 147:[], 148:[], 149:[], 150:[], 151:[], 152:[], 153:[]",42706998320,40777976838
3701,2,19852.9840,17716438,264315528,2109947415,393.6656,false,154,true,true,true,true,true,false,false,"0:[0, 1, 2, 3, 4, 5, 6, 7, 8, 9, 10, 11, 12, 13, 14, 15, 16, 17, 18, 19, 20, 21, 22, 23, 24, 25, 26, 27, 28, 29, 30, 31, 32, 33, 34, 35, 36, 37, 38, 39, 40, 41, 42, 43, 44, 45, 46, 47, 48, 49, 50, 51, 52, 53, 54, 55, 56, 57, 58, 59, 60, 61, 62, 63, 64, 65, 66, 67, 68, 69, 70, 71, 72, 73, 74, 75, 76, 77, 78, 79, 80, 81, 82, 83, 84, 85, 86, 87, 88, 89, 90, 91, 92, 93, 94, 95, 96, 97, 98, 99, 100, 101, 102, 103, 104, 105, 106, 107, 108, 109, 110, 111, 112, 113, 114, 115, 116, 117, 118, 119, 120, 121, 122, 123, 124, 125, 126, 127, 128, 129, 130, 131, 132, 133, 134, 135, 136, 137, 138, 139, 140, 141, 142, 143, 144, 145, 146, 147, 148, 149, 150, 151, 152, 153], 1:[], 2:[], 3:[], 4:[], 5:[], 6:[], 7:[], 8:[], 9:[], 10:[], 11:[], 12:[], 13:[], 14:[], 15:[], 16:[], 17:[], 18:[], 19:[], 20:[], 21:[], 22:[], 23:[], 24:[], 25:[], 26:[], 27:[], 28:[], 29:[], 30:[], 31:[], 32:[], 33:[], 34:[], 35:[], 36:[], 37:[], 38:[], 39:[], 40:[], 41:[], 42:[], 43:[], 44:[], 45:[], 46:[], 47:[], 48:[], 49:[], 50:[], 51:[], 52:[], 53:[], 54:[], 55:[], 56:[], 57:[], 58:[], 59:[], 60:[], 61:[], 62:[], 63:[], 64:[], 65:[], 66:[], 67:[], 68:[], 69:[], 70:[], 71:[], 72:[], 73:[], 74:[], 75:[], 76:[], 77:[], 78:[], 79:[], 80:[], 81:[], 82:[], 83:[], 84:[], 85:[], 86:[], 87:[], 88:[], 89:[], 90:[], 91:[], 92:[], 93:[], 94:[], 95:[], 96:[], 97:[], 98:[], 99:[], 100:[], 101:[], 102:[], 103:[], 104:[], 105:[], 106:[], 107:[], 108:[], 109:[], 110:[], 111:[], 112:[], 113:[], 114:[], 115:[], 116:[], 117:[], 118:[], 119:[], 120:[], 121:[], 122:[], 123:[], 124:[], 125:[], 126:[], 127:[], 128:[], 129:[], 130:[], 131:[], 132:[], 133:[], 134:[], 135:[], 136:[], 137:[], 138:[], 139:[], 140:[], 141:[], 142:[], 143:[], 144:[], 145:[], 146:[], 147:[], 148:[], 149:[], 150:[], 151:[], 152:[], 153:[]",42776837952,40879481864
3709,2,17398.2019,17831325,266032660,2123664799,400.4145,false,154,true,true,true,true,true,false,false,"0:[0, 1, 2, 3, 4, 5, 6, 7, 8, 9, 10, 11, 12, 13, 14, 15, 16, 17, 18, 19, 20, 21, 22, 23, 24, 25, 26, 27, 28, 29, 30, 31, 32, 33, 34, 35, 36, 37, 38, 39, 40, 41, 42, 43, 44, 45, 46, 47, 48, 49, 50, 51, 52, 53, 54, 55, 56, 57, 58, 59, 60, 61, 62, 63, 64, 65, 66, 67, 68, 69, 70, 71, 72, 73, 74, 75, 76, 77, 78, 79, 80, 81, 82, 83, 84, 85, 86, 87, 88, 89, 90, 91, 92, 93, 94, 95, 96, 97, 98, 99, 100, 101, 102, 103, 104, 105, 106, 107, 108, 109, 110, 111, 112, 113, 114, 115, 116, 117, 118, 119, 120, 121, 122, 123, 124, 125, 126, 127, 128, 129, 130, 131, 132, 133, 134, 135, 136, 137, 138, 139, 140, 141, 142, 143, 144, 145, 146, 147, 148, 149, 150, 151, 152, 153], 1:[], 2:[], 3:[], 4:[], 5:[], 6:[], 7:[], 8:[], 9:[], 10:[], 11:[], 12:[], 13:[], 14:[], 15:[], 16:[], 17:[], 18:[], 19:[], 20:[], 21:[], 22:[], 23:[], 24:[], 25:[], 26:[], 27:[], 28:[], 29:[], 30:[], 31:[], 32:[], 33:[], 34:[], 35:[], 36:[], 37:[], 38:[], 39:[], 40:[], 41:[], 42:[], 43:[], 44:[], 45:[], 46:[], 47:[], 48:[], 49:[], 50:[], 51:[], 52:[], 53:[], 54:[], 55:[], 56:[], 57:[], 58:[], 59:[], 60:[], 61:[], 62:[], 63:[], 64:[], 65:[], 66:[], 67:[], 68:[], 69:[], 70:[], 71:[], 72:[], 73:[], 74:[], 75:[], 76:[], 77:[], 78:[], 79:[], 80:[], 81:[], 82:[], 83:[], 84:[], 85:[], 86:[], 87:[], 88:[], 89:[], 90:[], 91:[], 92:[], 93:[], 94:[], 95:[], 96:[], 97:[], 98:[], 99:[], 100:[], 101:[], 102:[], 103:[], 104:[], 105:[], 106:[], 107:[], 108:[], 109:[], 110:[], 111:[], 112:[], 113:[], 114:[], 115:[], 116:[], 117:[], 118:[], 119:[], 120:[], 121:[], 122:[], 123:[], 124:[], 125:[], 126:[], 127:[], 128:[], 129:[], 130:[], 131:[], 132:[], 133:[], 134:[], 135:[], 136:[], 137:[], 138:[], 139:[], 140:[], 141:[], 142:[], 143:[], 144:[], 145:[], 146:[], 147:[], 148:[], 149:[], 150:[], 151:[], 152:[], 153:[]",42916965800,41083143436
3719,7,20958.0730,17975630,268188528,2140883079,428.1676,false,154,true,true,true,true,true,false,false,"0:[0, 1, 2, 3, 4, 5, 6, 7, 8, 9, 10, 11, 12, 13, 14, 15, 16, 17, 18, 19, 20, 21, 22, 23, 24, 25, 26, 27, 28, 29, 30, 31, 32, 33, 34, 35, 36, 37, 38, 39, 40, 41, 42, 43, 44, 45, 46, 47, 48, 49, 50, 51, 52, 53, 54, 55, 56, 57, 58, 59, 60, 61, 62, 63, 64, 65, 66, 67, 68, 69, 70, 71, 72, 73, 74, 75, 76, 77, 78, 79, 80, 81, 82, 83, 84, 85, 86, 87, 88, 89, 90, 91, 92, 93, 94, 95, 96, 97, 98, 99, 100, 101, 102, 103, 104, 105, 106, 107, 108, 109, 110, 111, 112, 113, 114, 115, 116, 117, 118, 119, 120, 121, 122, 123, 124, 125, 126, 127, 128, 129, 130, 131, 132, 133, 134, 135, 136, 137, 138, 139, 140, 141, 142, 143, 144, 145, 146, 147, 148, 149, 150, 151, 152, 153], 1:[], 2:[], 3:[], 4:[], 5:[], 6:[], 7:[], 8:[], 9:[], 10:[], 11:[], 12:[], 13:[], 14:[], 15:[], 16:[], 17:[], 18:[], 19:[], 20:[], 21:[], 22:[], 23:[], 24:[], 25:[], 26:[], 27:[], 28:[], 29:[], 30:[], 31:[], 32:[], 33:[], 34:[], 35:[], 36:[], 37:[], 38:[], 39:[], 40:[], 41:[], 42:[], 43:[], 44:[], 45:[], 46:[], 47:[], 48:[], 49:[], 50:[], 51:[], 52:[], 53:[], 54:[], 55:[], 56:[], 57:[], 58:[], 59:[], 60:[], 61:[], 62:[], 63:[], 64:[], 65:[], 66:[], 67:[], 68:[], 69:[], 70:[], 71:[], 72:[], 73:[], 74:[], 75:[], 76:[], 77:[], 78:[], 79:[], 80:[], 81:[], 82:[], 83:[], 84:[], 85:[], 86:[], 87:[], 88:[], 89:[], 90:[], 91:[], 92:[], 93:[], 94:[], 95:[], 96:[], 97:[], 98:[], 99:[], 100:[], 101:[], 102:[], 103:[], 104:[], 105:[], 106:[], 107:[], 108:[], 109:[], 110:[], 111:[], 112:[], 113:[], 114:[], 115:[], 116:[], 117:[], 118:[], 119:[], 120:[], 121:[], 122:[], 123:[], 124:[], 125:[], 126:[], 127:[], 128:[], 129:[], 130:[], 131:[], 132:[], 133:[], 134:[], 135:[], 136:[], 137:[], 138:[], 139:[], 140:[], 141:[], 142:[], 143:[], 144:[], 145:[], 146:[], 147:[], 148:[], 149:[], 150:[], 151:[], 152:[], 153:[]",43092898560,41338812944
3727,3,18746.1664,18091632,269922347,2154733698,405.4912,false,156,true,true,true,true,true,false,false,"0:[0, 1, 2, 3, 4, 5, 6, 7, 8, 9, 10, 11, 12, 13, 14, 15, 16, 17, 18, 19, 20, 21, 22, 23, 24, 25, 26, 27, 28, 29, 30, 31, 32, 33, 34, 35, 36, 37, 38, 39, 40, 41, 42, 43, 44, 45, 46, 47, 48, 49, 50, 51, 52, 53, 54, 55, 56, 57, 58, 59, 60, 61, 62, 63, 64, 65, 66, 67, 68, 69, 70, 71, 72, 73, 74, 75, 76, 77, 78, 79, 80, 81, 82, 83, 84, 85, 86, 87, 88, 89, 90, 91, 92, 93, 94, 95, 96, 97, 98, 99, 100, 101, 102, 103, 104, 105, 106, 107, 108, 109, 110, 111, 112, 113, 114, 115, 116, 117, 118, 119, 120, 121, 122, 123, 124, 125, 126, 127, 128, 129, 130, 131, 132, 133, 134, 135, 136, 137, 138, 139, 140, 141, 142, 143, 144, 145, 146, 147, 148, 149, 150, 151, 152, 153, 154, 155], 1:[], 2:[], 3:[], 4:[], 5:[], 6:[], 7:[], 8:[], 9:[], 10:[], 11:[], 12:[], 13:[], 14:[], 15:[], 16:[], 17:[], 18:[], 19:[], 20:[], 21:[], 22:[], 23:[], 24:[], 25:[], 26:[], 27:[], 28:[], 29:[], 30:[], 31:[], 32:[], 33:[], 34:[], 35:[], 36:[], 37:[], 38:[], 39:[], 40:[], 41:[], 42:[], 43:[], 44:[], 45:[], 46:[], 47:[], 48:[], 49:[], 50:[], 51:[], 52:[], 53:[], 54:[], 55:[], 56:[], 57:[], 58:[], 59:[], 60:[], 61:[], 62:[], 63:[], 64:[], 65:[], 66:[], 67:[], 68:[], 69:[], 70:[], 71:[], 72:[], 73:[], 74:[], 75:[], 76:[], 77:[], 78:[], 79:[], 80:[], 81:[], 82:[], 83:[], 84:[], 85:[], 86:[], 87:[], 88:[], 89:[], 90:[], 91:[], 92:[], 93:[], 94:[], 95:[], 96:[], 97:[], 98:[], 99:[], 100:[], 101:[], 102:[], 103:[], 104:[], 105:[], 106:[], 107:[], 108:[], 109:[], 110:[], 111:[], 112:[], 113:[], 114:[], 115:[], 116:[], 117:[], 118:[], 119:[], 120:[], 121:[], 122:[], 123:[], 124:[], 125:[], 126:[], 127:[], 128:[], 129:[], 130:[], 131:[], 132:[], 133:[], 134:[], 135:[], 136:[], 137:[], 138:[], 139:[], 140:[], 141:[], 142:[], 143:[], 144:[], 145:[], 146:[], 147:[], 148:[], 149:[], 150:[], 151:[], 152:[], 153:[], 154:[], 155:[]",43234388128,45839420919
3733,2,19979.2908,18178961,271228604,2165172951,398.7390,false,156,true,true,true,true,true,false,false,"0:[0, 1, 2, 3, 4, 5, 6, 7, 8, 9, 10, 11, 12, 13, 14, 15, 16, 17, 18, 19, 20, 21, 22, 23, 24, 25, 26, 27, 28, 29, 30, 31, 32, 33, 34, 35, 36, 37, 38, 39, 40, 41, 42, 43, 44, 45, 46, 47, 48, 49, 50, 51, 52, 53, 54, 55, 56, 57, 58, 59, 60, 61, 62, 63, 64, 65, 66, 67, 68, 69, 70, 71, 72, 73, 74, 75, 76, 77, 78, 79, 80, 81, 82, 83, 84, 85, 86, 87, 88, 89, 90, 91, 92, 93, 94, 95, 96, 97, 98, 99, 100, 101, 102, 103, 104, 105, 106, 107, 108, 109, 110, 111, 112, 113, 114, 115, 116, 117, 118, 119, 120, 121, 122, 123, 124, 125, 126, 127, 128, 129, 130, 131, 132, 133, 134, 135, 136, 137, 138, 139, 140, 141, 142, 143, 144, 145, 146, 147, 148, 149, 150, 151, 152, 153, 154, 155], 1:[], 2:[], 3:[], 4:[], 5:[], 6:[], 7:[], 8:[], 9:[], 10:[], 11:[], 12:[], 13:[], 14:[], 15:[], 16:[], 17:[], 18:[], 19:[], 20:[], 21:[], 22:[], 23:[], 24:[], 25:[], 26:[], 27:[], 28:[], 29:[], 30:[], 31:[], 32:[], 33:[], 34:[], 35:[], 36:[], 37:[], 38:[], 39:[], 40:[], 41:[], 42:[], 43:[], 44:[], 45:[], 46:[], 47:[], 48:[], 49:[], 50:[], 51:[], 52:[], 53:[], 54:[], 55:[], 56:[], 57:[], 58:[], 59:[], 60:[], 61:[], 62:[], 63:[], 64:[], 65:[], 66:[], 67:[], 68:[], 69:[], 70:[], 71:[], 72:[], 73:[], 74:[], 75:[], 76:[], 77:[], 78:[], 79:[], 80:[], 81:[], 82:[], 83:[], 84:[], 85:[], 86:[], 87:[], 88:[], 89:[], 90:[], 91:[], 92:[], 93:[], 94:[], 95:[], 96:[], 97:[], 98:[], 99:[], 100:[], 101:[], 102:[], 103:[], 104:[], 105:[], 106:[], 107:[], 108:[], 109:[], 110:[], 111:[], 112:[], 113:[], 114:[], 115:[], 116:[], 117:[], 118:[], 119:[], 120:[], 121:[], 122:[], 123:[], 124:[], 125:[], 126:[], 127:[], 128:[], 129:[], 130:[], 131:[], 132:[], 133:[], 134:[], 135:[], 136:[], 137:[], 138:[], 139:[], 140:[], 141:[], 142:[], 143:[], 144:[], 145:[], 146:[], 147:[], 148:[], 149:[], 150:[], 151:[], 152:[], 153:[], 154:[], 155:[]",43340984584,45994379412
3739,2,19622.0763,18266571,272537108,2175622060,408.2787,false,156,true,true,true,true,true,false,false,"0:[0, 1, 2, 3, 4, 5, 6, 7, 8, 9, 10, 11, 12, 13, 14, 15, 16, 17, 18, 19, 20, 21, 22, 23, 24, 25, 26, 27, 28, 29, 30, 31, 32, 33, 34, 35, 36, 37, 38, 39, 40, 41, 42, 43, 44, 45, 46, 47, 48, 49, 50, 51, 52, 53, 54, 55, 56, 57, 58, 59, 60, 61, 62, 63, 64, 65, 66, 67, 68, 69, 70, 71, 72, 73, 74, 75, 76, 77, 78, 79, 80, 81, 82, 83, 84, 85, 86, 87, 88, 89, 90, 91, 92, 93, 94, 95, 96, 97, 98, 99, 100, 101, 102, 103, 104, 105, 106, 107, 108, 109, 110, 111, 112, 113, 114, 115, 116, 117, 118, 119, 120, 121, 122, 123, 124, 125, 126, 127, 128, 129, 130, 131, 132, 133, 134, 135, 136, 137, 138, 139, 140, 141, 142, 143, 144, 145, 146, 147, 148, 149, 150, 151, 152, 153, 154, 155], 1:[], 2:[], 3:[], 4:[], 5:[], 6:[], 7:[], 8:[], 9:[], 10:[], 11:[], 12:[], 13:[], 14:[], 15:[], 16:[], 17:[], 18:[], 19:[], 20:[], 21:[], 22:[], 23:[], 24:[], 25:[], 26:[], 27:[], 28:[], 29:[], 30:[], 31:[], 32:[], 33:[], 34:[], 35:[], 36:[], 37:[], 38:[], 39:[], 40:[], 41:[], 42:[], 43:[], 44:[], 45:[], 46:[], 47:[], 48:[], 49:[], 50:[], 51:[], 52:[], 53:[], 54:[], 55:[], 56:[], 57:[], 58:[], 59:[], 60:[], 61:[], 62:[], 63:[], 64:[], 65:[], 66:[], 67:[], 68:[], 69:[], 70:[], 71:[], 72:[], 73:[], 74:[], 75:[], 76:[], 77:[], 78:[], 79:[], 80:[], 81:[], 82:[], 83:[], 84:[], 85:[], 86:[], 87:[], 88:[], 89:[], 90:[], 91:[], 92:[], 93:[], 94:[], 95:[], 96:[], 97:[], 98:[], 99:[], 100:[], 101:[], 102:[], 103:[], 104:[], 105:[], 106:[], 107:[], 108:[], 109:[], 110:[], 111:[], 112:[], 113:[], 114:[], 115:[], 116:[], 117:[], 118:[], 119:[], 120:[], 121:[], 122:[], 123:[], 124:[], 125:[], 126:[], 127:[], 128:[], 129:[], 130:[], 131:[], 132:[], 133:[], 134:[], 135:[], 136:[], 137:[], 138:[], 139:[], 140:[], 141:[], 142:[], 143:[], 144:[], 145:[], 146:[], 147:[], 148:[], 149:[], 150:[], 151:[], 152:[], 153:[], 154:[], 155:[]",44924162552,46149546492
3761,3,23854.6726,18590213,277375406,2214276691,410.9838,false,157,true,true,true,true,true,false,false,"0:[0, 1, 2, 3, 4, 5, 6, 7, 8, 9, 10, 11, 12, 13, 14, 15, 16, 17, 18, 19, 20, 21, 22, 23, 24, 25, 26, 27, 28, 29, 30, 31, 32, 33, 34, 35, 36, 37, 38, 39, 40, 41, 42, 43, 44, 45, 46, 47, 48, 49, 50, 51, 52, 53, 54, 55, 56, 57, 58, 59, 60, 61, 62, 63, 64, 65, 66, 67, 68, 69, 70, 71, 72, 73, 74, 75, 76, 77, 78, 79, 80, 81, 82, 83, 84, 85, 86, 87, 88, 89, 90, 91, 92, 93, 94, 95, 96, 97, 98, 99, 100, 101, 102, 103, 104, 105, 106, 107, 108, 109, 110, 111, 112, 113, 114, 115, 116, 117, 118, 119, 120, 121, 122, 123, 124, 125, 126, 127, 128, 129, 130, 131, 132, 133, 134, 135, 136, 137, 138, 139, 140, 141, 142, 143, 144, 145, 146, 147, 148, 149, 150, 151, 152, 153, 154, 155, 156], 1:[], 2:[], 3:[], 4:[], 5:[], 6:[], 7:[], 8:[], 9:[], 10:[], 11:[], 12:[], 13:[], 14:[], 15:[], 16:[], 17:[], 18:[], 19:[], 20:[], 21:[], 22:[], 23:[], 24:[], 25:[], 26:[], 27:[], 28:[], 29:[], 30:[], 31:[], 32:[], 33:[], 34:[], 35:[], 36:[], 37:[], 38:[], 39:[], 40:[], 41:[], 42:[], 43:[], 44:[], 45:[], 46:[], 47:[], 48:[], 49:[], 50:[], 51:[], 52:[], 53:[], 54:[], 55:[], 56:[], 57:[], 58:[], 59:[], 60:[], 61:[], 62:[], 63:[], 64:[], 65:[], 66:[], 67:[], 68:[], 69:[], 70:[], 71:[], 72:[], 73:[], 74:[], 75:[], 76:[], 77:[], 78:[], 79:[], 80:[], 81:[], 82:[], 83:[], 84:[], 85:[], 86:[], 87:[], 88:[], 89:[], 90:[], 91:[], 92:[], 93:[], 94:[], 95:[], 96:[], 97:[], 98:[], 99:[], 100:[], 101:[], 102:[], 103:[], 104:[], 105:[], 106:[], 107:[], 108:[], 109:[], 110:[], 111:[], 112:[], 113:[], 114:[], 115:[], 116:[], 117:[], 118:[], 119:[], 120:[], 121:[], 122:[], 123:[], 124:[], 125:[], 126:[], 127:[], 128:[], 129:[], 130:[], 131:[], 132:[], 133:[], 134:[], 135:[], 136:[], 137:[], 138:[], 139:[], 140:[], 141:[], 142:[], 143:[], 144:[], 145:[], 146:[], 147:[], 148:[], 149:[], 150:[], 151:[], 152:[], 153:[], 154:[], 155:[], 156:[]",45318993800,46723423662
3767,5,22387.2869,18679138,278703679,2224884449,430.5940,false,157,true,true,true,true,true,false,false,"0:[0, 1, 2, 3, 4, 5, 6, 7, 8, 9, 10, 11, 12, 13, 14, 15, 16, 17, 18, 19, 20, 21, 22, 23, 24, 25, 26, 27, 28, 29, 30, 31, 32, 33, 34, 35, 36, 37, 38, 39, 40, 41, 42, 43, 44, 45, 46, 47, 48, 49, 50, 51, 52, 53, 54, 55, 56, 57, 58, 59, 60, 61, 62, 63, 64, 65, 66, 67, 68, 69, 70, 71, 72, 73, 74, 75, 76, 77, 78, 79, 80, 81, 82, 83, 84, 85, 86, 87, 88, 89, 90, 91, 92, 93, 94, 95, 96, 97, 98, 99, 100, 101, 102, 103, 104, 105, 106, 107, 108, 109, 110, 111, 112, 113, 114, 115, 116, 117, 118, 119, 120, 121, 122, 123, 124, 125, 126, 127, 128, 129, 130, 131, 132, 133, 134, 135, 136, 137, 138, 139, 140, 141, 142, 143, 144, 145, 146, 147, 148, 149, 150, 151, 152, 153, 154, 155, 156], 1:[], 2:[], 3:[], 4:[], 5:[], 6:[], 7:[], 8:[], 9:[], 10:[], 11:[], 12:[], 13:[], 14:[], 15:[], 16:[], 17:[], 18:[], 19:[], 20:[], 21:[], 22:[], 23:[], 24:[], 25:[], 26:[], 27:[], 28:[], 29:[], 30:[], 31:[], 32:[], 33:[], 34:[], 35:[], 36:[], 37:[], 38:[], 39:[], 40:[], 41:[], 42:[], 43:[], 44:[], 45:[], 46:[], 47:[], 48:[], 49:[], 50:[], 51:[], 52:[], 53:[], 54:[], 55:[], 56:[], 57:[], 58:[], 59:[], 60:[], 61:[], 62:[], 63:[], 64:[], 65:[], 66:[], 67:[], 68:[], 69:[], 70:[], 71:[], 72:[], 73:[], 74:[], 75:[], 76:[], 77:[], 78:[], 79:[], 80:[], 81:[], 82:[], 83:[], 84:[], 85:[], 86:[], 87:[], 88:[], 89:[], 90:[], 91:[], 92:[], 93:[], 94:[], 95:[], 96:[], 97:[], 98:[], 99:[], 100:[], 101:[], 102:[], 103:[], 104:[], 105:[], 106:[], 107:[], 108:[], 109:[], 110:[], 111:[], 112:[], 113:[], 114:[], 115:[], 116:[], 117:[], 118:[], 119:[], 120:[], 121:[], 122:[], 123:[], 124:[], 125:[], 126:[], 127:[], 128:[], 129:[], 130:[], 131:[], 132:[], 133:[], 134:[], 135:[], 136:[], 137:[], 138:[], 139:[], 140:[], 141:[], 142:[], 143:[], 144:[], 145:[], 146:[], 147:[], 148:[], 149:[], 150:[], 151:[], 152:[], 153:[], 154:[], 155:[], 156:[]",45427389840,46880935915
3769,7,23052.2790,18708843,279148608,2228442503,414.1733,false,158,true,true,true,true,true,false,false,"0:[0, 1, 2, 3, 4, 5, 6, 7, 8, 9, 10, 11, 12, 13, 14, 15, 16, 17, 18, 19, 20, 21, 22, 23, 24, 25, 26, 27, 28, 29, 30, 31, 32, 33, 34, 35, 36, 37, 38, 39, 40, 41, 42, 43, 44, 45, 46, 47, 48, 49, 50, 51, 52, 53, 54, 55, 56, 57, 58, 59, 60, 61, 62, 63, 64, 65, 66, 67, 68, 69, 70, 71, 72, 73, 74, 75, 76, 77, 78, 79, 80, 81, 82, 83, 84, 85, 86, 87, 88, 89, 90, 91, 92, 93, 94, 95, 96, 97, 98, 99, 100, 101, 102, 103, 104, 105, 106, 107, 108, 109, 110, 111, 112, 113, 114, 115, 116, 117, 118, 119, 120, 121, 122, 123, 124, 125, 126, 127, 128, 129, 130, 131, 132, 133, 134, 135, 136, 137, 138, 139, 140, 141, 142, 143, 144, 145, 146, 147, 148, 149, 150, 151, 152, 153, 154, 155, 156, 157], 1:[], 2:[], 3:[], 4:[], 5:[], 6:[], 7:[], 8:[], 9:[], 10:[], 11:[], 12:[], 13:[], 14:[], 15:[], 16:[], 17:[], 18:[], 19:[], 20:[], 21:[], 22:[], 23:[], 24:[], 25:[], 26:[], 27:[], 28:[], 29:[], 30:[], 31:[], 32:[], 33:[], 34:[], 35:[], 36:[], 37:[], 38:[], 39:[], 40:[], 41:[], 42:[], 43:[], 44:[], 45:[], 46:[], 47:[], 48:[], 49:[], 50:[], 51:[], 52:[], 53:[], 54:[], 55:[], 56:[], 57:[], 58:[], 59:[], 60:[], 61:[], 62:[], 63:[], 64:[], 65:[], 66:[], 67:[], 68:[], 69:[], 70:[], 71:[], 72:[], 73:[], 74:[], 75:[], 76:[], 77:[], 78:[], 79:[], 80:[], 81:[], 82:[], 83:[], 84:[], 85:[], 86:[], 87:[], 88:[], 89:[], 90:[], 91:[], 92:[], 93:[], 94:[], 95:[], 96:[], 97:[], 98:[], 99:[], 100:[], 101:[], 102:[], 103:[], 104:[], 105:[], 106:[], 107:[], 108:[], 109:[], 110:[], 111:[], 112:[], 113:[], 114:[], 115:[], 116:[], 117:[], 118:[], 119:[], 120:[], 121:[], 122:[], 123:[], 124:[], 125:[], 126:[], 127:[], 128:[], 129:[], 130:[], 131:[], 132:[], 133:[], 134:[], 135:[], 136:[], 137:[], 138:[], 139:[], 140:[], 141:[], 142:[], 143:[], 144:[], 145:[], 146:[], 147:[], 148:[], 149:[], 150:[], 151:[], 152:[], 153:[], 154:[], 155:[], 156:[], 157:[]",45463697080,46933735480
3779,2,17785.0663,18857838,281374645,2246221407,418.4456,false,158,true,true,true,true,true,false,false,"0:[0, 1, 2, 3, 4, 5, 6, 7, 8, 9, 10, 11, 12, 13, 14, 15, 16, 17, 18, 19, 20, 21, 22, 23, 24, 25, 26, 27, 28, 29, 30, 31, 32, 33, 34, 35, 36, 37, 38, 39, 40, 41, 42, 43, 44, 45, 46, 47, 48, 49, 50, 51, 52, 53, 54, 55, 56, 57, 58, 59, 60, 61, 62, 63, 64, 65, 66, 67, 68, 69, 70, 71, 72, 73, 74, 75, 76, 77, 78, 79, 80, 81, 82, 83, 84, 85, 86, 87, 88, 89, 90, 91, 92, 93, 94, 95, 96, 97, 98, 99, 100, 101, 102, 103, 104, 105, 106, 107, 108, 109, 110, 111, 112, 113, 114, 115, 116, 117, 118, 119, 120, 121, 122, 123, 124, 125, 126, 127, 128, 129, 130, 131, 132, 133, 134, 135, 136, 137, 138, 139, 140, 141, 142, 143, 144, 145, 146, 147, 148, 149, 150, 151, 152, 153, 154, 155, 156, 157], 1:[], 2:[], 3:[], 4:[], 5:[], 6:[], 7:[], 8:[], 9:[], 10:[], 11:[], 12:[], 13:[], 14:[], 15:[], 16:[], 17:[], 18:[], 19:[], 20:[], 21:[], 22:[], 23:[], 24:[], 25:[], 26:[], 27:[], 28:[], 29:[], 30:[], 31:[], 32:[], 33:[], 34:[], 35:[], 36:[], 37:[], 38:[], 39:[], 40:[], 41:[], 42:[], 43:[], 44:[], 45:[], 46:[], 47:[], 48:[], 49:[], 50:[], 51:[], 52:[], 53:[], 54:[], 55:[], 56:[], 57:[], 58:[], 59:[], 60:[], 61:[], 62:[], 63:[], 64:[], 65:[], 66:[], 67:[], 68:[], 69:[], 70:[], 71:[], 72:[], 73:[], 74:[], 75:[], 76:[], 77:[], 78:[], 79:[], 80:[], 81:[], 82:[], 83:[], 84:[], 85:[], 86:[], 87:[], 88:[], 89:[], 90:[], 91:[], 92:[], 93:[], 94:[], 95:[], 96:[], 97:[], 98:[], 99:[], 100:[], 101:[], 102:[], 103:[], 104:[], 105:[], 106:[], 107:[], 108:[], 109:[], 110:[], 111:[], 112:[], 113:[], 114:[], 115:[], 116:[], 117:[], 118:[], 119:[], 120:[], 121:[], 122:[], 123:[], 124:[], 125:[], 126:[], 127:[], 128:[], 129:[], 130:[], 131:[], 132:[], 133:[], 134:[], 135:[], 136:[], 137:[], 138:[], 139:[], 140:[], 141:[], 142:[], 143:[], 144:[], 145:[], 146:[], 147:[], 148:[], 149:[], 150:[], 151:[], 152:[], 153:[], 154:[], 155:[], 156:[], 157:[]",45645355920,47197726009
3793,5,25331.6311,19067756,284513340,2271299543,411.8861,false,158,true,true,true,true,true,false,false,"0:[0, 1, 2, 3, 4, 5, 6, 7, 8, 9, 10, 11, 12, 13, 14, 15, 16, 17, 18, 19, 20, 21, 22, 23, 24, 25, 26, 27, 28, 29, 30, 31, 32, 33, 34, 35, 36, 37, 38, 39, 40, 41, 42, 43, 44, 45, 46, 47, 48, 49, 50, 51, 52, 53, 54, 55, 56, 57, 58, 59, 60, 61, 62, 63, 64, 65, 66, 67, 68, 69, 70, 71, 72, 73, 74, 75, 76, 77, 78, 79, 80, 81, 82, 83, 84, 85, 86, 87, 88, 89, 90, 91, 92, 93, 94, 95, 96, 97, 98, 99, 100, 101, 102, 103, 104, 105, 106, 107, 108, 109, 110, 111, 112, 113, 114, 115, 116, 117, 118, 119, 120, 121, 122, 123, 124, 125, 126, 127, 128, 129, 130, 131, 132, 133, 134, 135, 136, 137, 138, 139, 140, 141, 142, 143, 144, 145, 146, 147, 148, 149, 150, 151, 152, 153, 154, 155, 156, 157], 1:[], 2:[], 3:[], 4:[], 5:[], 6:[], 7:[], 8:[], 9:[], 10:[], 11:[], 12:[], 13:[], 14:[], 15:[], 16:[], 17:[], 18:[], 19:[], 20:[], 21:[], 22:[], 23:[], 24:[], 25:[], 26:[], 27:[], 28:[], 29:[], 30:[], 31:[], 32:[], 33:[], 34:[], 35:[], 36:[], 37:[], 38:[], 39:[], 40:[], 41:[], 42:[], 43:[], 44:[], 45:[], 46:[], 47:[], 48:[], 49:[], 50:[], 51:[], 52:[], 53:[], 54:[], 55:[], 56:[], 57:[], 58:[], 59:[], 60:[], 61:[], 62:[], 63:[], 64:[], 65:[], 66:[], 67:[], 68:[], 69:[], 70:[], 71:[], 72:[], 73:[], 74:[], 75:[], 76:[], 77:[], 78:[], 79:[], 80:[], 81:[], 82:[], 83:[], 84:[], 85:[], 86:[], 87:[], 88:[], 89:[], 90:[], 91:[], 92:[], 93:[], 94:[], 95:[], 96:[], 97:[], 98:[], 99:[], 100:[], 101:[], 102:[], 103:[], 104:[], 105:[], 106:[], 107:[], 108:[], 109:[], 110:[], 111:[], 112:[], 113:[], 114:[], 115:[], 116:[], 117:[], 118:[], 119:[], 120:[], 121:[], 122:[], 123:[], 124:[], 125:[], 126:[], 127:[], 128:[], 129:[], 130:[], 131:[], 132:[], 133:[], 134:[], 135:[], 136:[], 137:[], 138:[], 139:[], 140:[], 141:[], 142:[], 143:[], 144:[], 145:[], 146:[], 147:[], 148:[], 149:[], 150:[], 151:[], 152:[], 153:[], 154:[], 155:[], 156:[], 157:[]",45901489552,47570022044
3797,2,18612.4235,19128018,285414166,2278496454,426.1974,false,159,true,true,true,true,true,false,false,"0:[0, 1, 2, 3, 4, 5, 6, 7, 8, 9, 10, 11, 12, 13, 14, 15, 16, 17, 18, 19, 20, 21, 22, 23, 24, 25, 26, 27, 28, 29, 30, 31, 32, 33, 34, 35, 36, 37, 38, 39, 40, 41, 42, 43, 44, 45, 46, 47, 48, 49, 50, 51, 52, 53, 54, 55, 56, 57, 58, 59, 60, 61, 62, 63, 64, 65, 66, 67, 68, 69, 70, 71, 72, 73, 74, 75, 76, 77, 78, 79, 80, 81, 82, 83, 84, 85, 86, 87, 88, 89, 90, 91, 92, 93, 94, 95, 96, 97, 98, 99, 100, 101, 102, 103, 104, 105, 106, 107, 108, 109, 110, 111, 112, 113, 114, 115, 116, 117, 118, 119, 120, 121, 122, 123, 124, 125, 126, 127, 128, 129, 130, 131, 132, 133, 134, 135, 136, 137, 138, 139, 140, 141, 142, 143, 144, 145, 146, 147, 148, 149, 150, 151, 152, 153, 154, 155, 156, 157, 158], 1:[], 2:[], 3:[], 4:[], 5:[], 6:[], 7:[], 8:[], 9:[], 10:[], 11:[], 12:[], 13:[], 14:[], 15:[], 16:[], 17:[], 18:[], 19:[], 20:[], 21:[], 22:[], 23:[], 24:[], 25:[], 26:[], 27:[], 28:[], 29:[], 30:[], 31:[], 32:[], 33:[], 34:[], 35:[], 36:[], 37:[], 38:[], 39:[], 40:[], 41:[], 42:[], 43:[], 44:[], 45:[], 46:[], 47:[], 48:[], 49:[], 50:[], 51:[], 52:[], 53:[], 54:[], 55:[], 56:[], 57:[], 58:[], 59:[], 60:[], 61:[], 62:[], 63:[], 64:[], 65:[], 66:[], 67:[], 68:[], 69:[], 70:[], 71:[], 72:[], 73:[], 74:[], 75:[], 76:[], 77:[], 78:[], 79:[], 80:[], 81:[], 82:[], 83:[], 84:[], 85:[], 86:[], 87:[], 88:[], 89:[], 90:[], 91:[], 92:[], 93:[], 94:[], 95:[], 96:[], 97:[], 98:[], 99:[], 100:[], 101:[], 102:[], 103:[], 104:[], 105:[], 106:[], 107:[], 108:[], 109:[], 110:[], 111:[], 112:[], 113:[], 114:[], 115:[], 116:[], 117:[], 118:[], 119:[], 120:[], 121:[], 122:[], 123:[], 124:[], 125:[], 126:[], 127:[], 128:[], 129:[], 130:[], 131:[], 132:[], 133:[], 134:[], 135:[], 136:[], 137:[], 138:[], 139:[], 140:[], 141:[], 142:[], 143:[], 144:[], 145:[], 146:[], 147:[], 148:[], 149:[], 150:[], 151:[], 152:[], 153:[], 154:[], 155:[], 156:[], 157:[], 158:[]",45975001920,47676865614
3803,2,21085.5873,19218648,286767929,2289307676,420.5103,false,158,true,true,true,true,true,false,false,"0:[0, 1, 2, 3, 4, 5, 6, 7, 8, 9, 10, 11, 12, 13, 14, 15, 16, 17, 18, 19, 20, 21, 22, 23, 24, 25, 26, 27, 28, 29, 30, 31, 32, 33, 34, 35, 36, 37, 38, 39, 40, 41, 42, 43, 44, 45, 46, 47, 48, 49, 50, 51, 52, 53, 54, 55, 56, 57, 58, 59, 60, 61, 62, 63, 64, 65, 66, 67, 68, 69, 70, 71, 72, 73, 74, 75, 76, 77, 78, 79, 80, 81, 82, 83, 84, 85, 86, 87, 88, 89, 90, 91, 92, 93, 94, 95, 96, 97, 98, 99, 100, 101, 102, 103, 104, 105, 106, 107, 108, 109, 110, 111, 112, 113, 114, 115, 116, 117, 118, 119, 120, 121, 122, 123, 124, 125, 126, 127, 128, 129, 130, 131, 132, 133, 134, 135, 136, 137, 138, 139, 140, 141, 142, 143, 144, 145, 146, 147, 148, 149, 150, 151, 152, 153, 154, 155, 156, 157], 1:[], 2:[], 3:[], 4:[], 5:[], 6:[], 7:[], 8:[], 9:[], 10:[], 11:[], 12:[], 13:[], 14:[], 15:[], 16:[], 17:[], 18:[], 19:[], 20:[], 21:[], 22:[], 23:[], 24:[], 25:[], 26:[], 27:[], 28:[], 29:[], 30:[], 31:[], 32:[], 33:[], 34:[], 35:[], 36:[], 37:[], 38:[], 39:[], 40:[], 41:[], 42:[], 43:[], 44:[], 45:[], 46:[], 47:[], 48:[], 49:[], 50:[], 51:[], 52:[], 53:[], 54:[], 55:[], 56:[], 57:[], 58:[], 59:[], 60:[], 61:[], 62:[], 63:[], 64:[], 65:[], 66:[], 67:[], 68:[], 69:[], 70:[], 71:[], 72:[], 73:[], 74:[], 75:[], 76:[], 77:[], 78:[], 79:[], 80:[], 81:[], 82:[], 83:[], 84:[], 85:[], 86:[], 87:[], 88:[], 89:[], 90:[], 91:[], 92:[], 93:[], 94:[], 95:[], 96:[], 97:[], 98:[], 99:[], 100:[], 101:[], 102:[], 103:[], 104:[], 105:[], 106:[], 107:[], 108:[], 109:[], 110:[], 111:[], 112:[], 113:[], 114:[], 115:[], 116:[], 117:[], 118:[], 119:[], 120:[], 121:[], 122:[], 123:[], 124:[], 125:[], 126:[], 127:[], 128:[], 129:[], 130:[], 131:[], 132:[], 133:[], 134:[], 135:[], 136:[], 137:[], 138:[], 139:[], 140:[], 141:[], 142:[], 143:[], 144:[], 145:[], 146:[], 147:[], 148:[], 149:[], 150:[], 151:[], 152:[], 153:[], 154:[], 155:[], 156:[], 157:[]",46085478080,47837400765
3821,2,21739.7404,19492256,290858650,2321991254,429.6083,false,159,true,true,true,true,true,false,false,"0:[0, 1, 2, 3, 4, 5, 6, 7, 8, 9, 10, 11, 12, 13, 14, 15, 16, 17, 18, 19, 20, 21, 22, 23, 24, 25, 26, 27, 28, 29, 30, 31, 32, 33, 34, 35, 36, 37, 38, 39, 40, 41, 42, 43, 44, 45, 46, 47, 48, 49, 50, 51, 52, 53, 54, 55, 56, 57, 58, 59, 60, 61, 62, 63, 64, 65, 66, 67, 68, 69, 70, 71, 72, 73, 74, 75, 76, 77, 78, 79, 80, 81, 82, 83, 84, 85, 86, 87, 88, 89, 90, 91, 92, 93, 94, 95, 96, 97, 98, 99, 100, 101, 102, 103, 104, 105, 106, 107, 108, 109, 110, 111, 112, 113, 114, 115, 116, 117, 118, 119, 120, 121, 122, 123, 124, 125, 126, 127, 128, 129, 130, 131, 132, 133, 134, 135, 136, 137, 138, 139, 140, 141, 142, 143, 144, 145, 146, 147, 148, 149, 150, 151, 152, 153, 154, 155, 156, 157, 158], 1:[], 2:[], 3:[], 4:[], 5:[], 6:[], 7:[], 8:[], 9:[], 10:[], 11:[], 12:[], 13:[], 14:[], 15:[], 16:[], 17:[], 18:[], 19:[], 20:[], 21:[], 22:[], 23:[], 24:[], 25:[], 26:[], 27:[], 28:[], 29:[], 30:[], 31:[], 32:[], 33:[], 34:[], 35:[], 36:[], 37:[], 38:[], 39:[], 40:[], 41:[], 42:[], 43:[], 44:[], 45:[], 46:[], 47:[], 48:[], 49:[], 50:[], 51:[], 52:[], 53:[], 54:[], 55:[], 56:[], 57:[], 58:[], 59:[], 60:[], 61:[], 62:[], 63:[], 64:[], 65:[], 66:[], 67:[], 68:[], 69:[], 70:[], 71:[], 72:[], 73:[], 74:[], 75:[], 76:[], 77:[], 78:[], 79:[], 80:[], 81:[], 82:[], 83:[], 84:[], 85:[], 86:[], 87:[], 88:[], 89:[], 90:[], 91:[], 92:[], 93:[], 94:[], 95:[], 96:[], 97:[], 98:[], 99:[], 100:[], 101:[], 102:[], 103:[], 104:[], 105:[], 106:[], 107:[], 108:[], 109:[], 110:[], 111:[], 112:[], 113:[], 114:[], 115:[], 116:[], 117:[], 118:[], 119:[], 120:[], 121:[], 122:[], 123:[], 124:[], 125:[], 126:[], 127:[], 128:[], 129:[], 130:[], 131:[], 132:[], 133:[], 134:[], 135:[], 136:[], 137:[], 138:[], 139:[], 140:[], 141:[], 142:[], 143:[], 144:[], 145:[], 146:[], 147:[], 148:[], 149:[], 150:[], 151:[], 152:[], 153:[], 154:[], 155:[], 156:[], 157:[], 158:[]",46419302352,48322611154
3823,3,20221.5497,19522816,291314495,2325629003,427.5344,false,160,true,true,true,true,true,false,false,"0:[0, 1, 2, 3, 4, 5, 6, 7, 8, 9, 10, 11, 12, 13, 14, 15, 16, 17, 18, 19, 20, 21, 22, 23, 24, 25, 26, 27, 28, 29, 30, 31, 32, 33, 34, 35, 36, 37, 38, 39, 40, 41, 42, 43, 44, 45, 46, 47, 48, 49, 50, 51, 52, 53, 54, 55, 56, 57, 58, 59, 60, 61, 62, 63, 64, 65, 66, 67, 68, 69, 70, 71, 72, 73, 74, 75, 76, 77, 78, 79, 80, 81, 82, 83, 84, 85, 86, 87, 88, 89, 90, 91, 92, 93, 94, 95, 96, 97, 98, 99, 100, 101, 102, 103, 104, 105, 106, 107, 108, 109, 110, 111, 112, 113, 114, 115, 116, 117, 118, 119, 120, 121, 122, 123, 124, 125, 126, 127, 128, 129, 130, 131, 132, 133, 134, 135, 136, 137, 138, 139, 140, 141, 142, 143, 144, 145, 146, 147, 148, 149, 150, 151, 152, 153, 154, 155, 156, 157, 158, 159], 1:[], 2:[], 3:[], 4:[], 5:[], 6:[], 7:[], 8:[], 9:[], 10:[], 11:[], 12:[], 13:[], 14:[], 15:[], 16:[], 17:[], 18:[], 19:[], 20:[], 21:[], 22:[], 23:[], 24:[], 25:[], 26:[], 27:[], 28:[], 29:[], 30:[], 31:[], 32:[], 33:[], 34:[], 35:[], 36:[], 37:[], 38:[], 39:[], 40:[], 41:[], 42:[], 43:[], 44:[], 45:[], 46:[], 47:[], 48:[], 49:[], 50:[], 51:[], 52:[], 53:[], 54:[], 55:[], 56:[], 57:[], 58:[], 59:[], 60:[], 61:[], 62:[], 63:[], 64:[], 65:[], 66:[], 67:[], 68:[], 69:[], 70:[], 71:[], 72:[], 73:[], 74:[], 75:[], 76:[], 77:[], 78:[], 79:[], 80:[], 81:[], 82:[], 83:[], 84:[], 85:[], 86:[], 87:[], 88:[], 89:[], 90:[], 91:[], 92:[], 93:[], 94:[], 95:[], 96:[], 97:[], 98:[], 99:[], 100:[], 101:[], 102:[], 103:[], 104:[], 105:[], 106:[], 107:[], 108:[], 109:[], 110:[], 111:[], 112:[], 113:[], 114:[], 115:[], 116:[], 117:[], 118:[], 119:[], 120:[], 121:[], 122:[], 123:[], 124:[], 125:[], 126:[], 127:[], 128:[], 129:[], 130:[], 131:[], 132:[], 133:[], 134:[], 135:[], 136:[], 137:[], 138:[], 139:[], 140:[], 141:[], 142:[], 143:[], 144:[], 145:[], 146:[], 147:[], 148:[], 149:[], 150:[], 151:[], 152:[], 153:[], 154:[], 155:[], 156:[], 157:[], 158:[], 159:[]",46456503392,48376647867
3833,3,22365.2540,19676096,293606706,2343945262,440.5227,false,159,true,true,true,true,true,false,false,"0:[0, 1, 2, 3, 4, 5, 6, 7, 8, 9, 10, 11, 12, 13, 14, 15, 16, 17, 18, 19, 20, 21, 22, 23, 24, 25, 26, 27, 28, 29, 30, 31, 32, 33, 34, 35, 36, 37, 38, 39, 40, 41, 42, 43, 44, 45, 46, 47, 48, 49, 50, 51, 52, 53, 54, 55, 56, 57, 58, 59, 60, 61, 62, 63, 64, 65, 66, 67, 68, 69, 70, 71, 72, 73, 74, 75, 76, 77, 78, 79, 80, 81, 82, 83, 84, 85, 86, 87, 88, 89, 90, 91, 92, 93, 94, 95, 96, 97, 98, 99, 100, 101, 102, 103, 104, 105, 106, 107, 108, 109, 110, 111, 112, 113, 114, 115, 116, 117, 118, 119, 120, 121, 122, 123, 124, 125, 126, 127, 128, 129, 130, 131, 132, 133, 134, 135, 136, 137, 138, 139, 140, 141, 142, 143, 144, 145, 146, 147, 148, 149, 150, 151, 152, 153, 154, 155, 156, 157, 158], 1:[], 2:[], 3:[], 4:[], 5:[], 6:[], 7:[], 8:[], 9:[], 10:[], 11:[], 12:[], 13:[], 14:[], 15:[], 16:[], 17:[], 18:[], 19:[], 20:[], 21:[], 22:[], 23:[], 24:[], 25:[], 26:[], 27:[], 28:[], 29:[], 30:[], 31:[], 32:[], 33:[], 34:[], 35:[], 36:[], 37:[], 38:[], 39:[], 40:[], 41:[], 42:[], 43:[], 44:[], 45:[], 46:[], 47:[], 48:[], 49:[], 50:[], 51:[], 52:[], 53:[], 54:[], 55:[], 56:[], 57:[], 58:[], 59:[], 60:[], 61:[], 62:[], 63:[], 64:[], 65:[], 66:[], 67:[], 68:[], 69:[], 70:[], 71:[], 72:[], 73:[], 74:[], 75:[], 76:[], 77:[], 78:[], 79:[], 80:[], 81:[], 82:[], 83:[], 84:[], 85:[], 86:[], 87:[], 88:[], 89:[], 90:[], 91:[], 92:[], 93:[], 94:[], 95:[], 96:[], 97:[], 98:[], 99:[], 100:[], 101:[], 102:[], 103:[], 104:[], 105:[], 106:[], 107:[], 108:[], 109:[], 110:[], 111:[], 112:[], 113:[], 114:[], 115:[], 116:[], 117:[], 118:[], 119:[], 120:[], 121:[], 122:[], 123:[], 124:[], 125:[], 126:[], 127:[], 128:[], 129:[], 130:[], 131:[], 132:[], 133:[], 134:[], 135:[], 136:[], 137:[], 138:[], 139:[], 140:[], 141:[], 142:[], 143:[], 144:[], 145:[], 146:[], 147:[], 148:[], 149:[], 150:[], 151:[], 152:[], 153:[], 154:[], 155:[], 156:[], 157:[], 158:[]",46643558992,48648546026
3847,3,20565.6374,19892033,296833578,2369720468,494.0065,false,161,true,true,true,true,true,false,false,"0:[0, 1, 2, 3, 4, 5, 6, 7, 8, 9, 10, 11, 12, 13, 14, 15, 16, 17, 18, 19, 20, 21, 22, 23, 24, 25, 26, 27, 28, 29, 30, 31, 32, 33, 34, 35, 36, 37, 38, 39, 40, 41, 42, 43, 44, 45, 46, 47, 48, 49, 50, 51, 52, 53, 54, 55, 56, 57, 58, 59, 60, 61, 62, 63, 64, 65, 66, 67, 68, 69, 70, 71, 72, 73, 74, 75, 76, 77, 78, 79, 80, 81, 82, 83, 84, 85, 86, 87, 88, 89, 90, 91, 92, 93, 94, 95, 96, 97, 98, 99, 100, 101, 102, 103, 104, 105, 106, 107, 108, 109, 110, 111, 112, 113, 114, 115, 116, 117, 118, 119, 120, 121, 122, 123, 124, 125, 126, 127, 128, 129, 130, 131, 132, 133, 134, 135, 136, 137, 138, 139, 140, 141, 142, 143, 144, 145, 146, 147, 148, 149, 150, 151, 152, 153, 154, 155, 156, 157, 158, 159, 160], 1:[], 2:[], 3:[], 4:[], 5:[], 6:[], 7:[], 8:[], 9:[], 10:[], 11:[], 12:[], 13:[], 14:[], 15:[], 16:[], 17:[], 18:[], 19:[], 20:[], 21:[], 22:[], 23:[], 24:[], 25:[], 26:[], 27:[], 28:[], 29:[], 30:[], 31:[], 32:[], 33:[], 34:[], 35:[], 36:[], 37:[], 38:[], 39:[], 40:[], 41:[], 42:[], 43:[], 44:[], 45:[], 46:[], 47:[], 48:[], 49:[], 50:[], 51:[], 52:[], 53:[], 54:[], 55:[], 56:[], 57:[], 58:[], 59:[], 60:[], 61:[], 62:[], 63:[], 64:[], 65:[], 66:[], 67:[], 68:[], 69:[], 70:[], 71:[], 72:[], 73:[], 74:[], 75:[], 76:[], 77:[], 78:[], 79:[], 80:[], 81:[], 82:[], 83:[], 84:[], 85:[], 86:[], 87:[], 88:[], 89:[], 90:[], 91:[], 92:[], 93:[], 94:[], 95:[], 96:[], 97:[], 98:[], 99:[], 100:[], 101:[], 102:[], 103:[], 104:[], 105:[], 106:[], 107:[], 108:[], 109:[], 110:[], 111:[], 112:[], 113:[], 114:[], 115:[], 116:[], 117:[], 118:[], 119:[], 120:[], 121:[], 122:[], 123:[], 124:[], 125:[], 126:[], 127:[], 128:[], 129:[], 130:[], 131:[], 132:[], 133:[], 134:[], 135:[], 136:[], 137:[], 138:[], 139:[], 140:[], 141:[], 142:[], 143:[], 144:[], 145:[], 146:[], 147:[], 148:[], 149:[], 150:[], 151:[], 152:[], 153:[], 154:[], 155:[], 156:[], 157:[], 158:[], 159:[], 160:[]",46906891240,49031241338
3851,2,18844.2815,19954018,297760117,2377122367,464.1881,false,161,true,true,true,true,true,false,false,"0:[0, 1, 2, 3, 4, 5, 6, 7, 8, 9, 10, 11, 12, 13, 14, 15, 16, 17, 18, 19, 20, 21, 22, 23, 24, 25, 26, 27, 28, 29, 30, 31, 32, 33, 34, 35, 36, 37, 38, 39, 40, 41, 42, 43, 44, 45, 46, 47, 48, 49, 50, 51, 52, 53, 54, 55, 56, 57, 58, 59, 60, 61, 62, 63, 64, 65, 66, 67, 68, 69, 70, 71, 72, 73, 74, 75, 76, 77, 78, 79, 80, 81, 82, 83, 84, 85, 86, 87, 88, 89, 90, 91, 92, 93, 94, 95, 96, 97, 98, 99, 100, 101, 102, 103, 104, 105, 106, 107, 108, 109, 110, 111, 112, 113, 114, 115, 116, 117, 118, 119, 120, 121, 122, 123, 124, 125, 126, 127, 128, 129, 130, 131, 132, 133, 134, 135, 136, 137, 138, 139, 140, 141, 142, 143, 144, 145, 146, 147, 148, 149, 150, 151, 152, 153, 154, 155, 156, 157, 158, 159, 160], 1:[], 2:[], 3:[], 4:[], 5:[], 6:[], 7:[], 8:[], 9:[], 10:[], 11:[], 12:[], 13:[], 14:[], 15:[], 16:[], 17:[], 18:[], 19:[], 20:[], 21:[], 22:[], 23:[], 24:[], 25:[], 26:[], 27:[], 28:[], 29:[], 30:[], 31:[], 32:[], 33:[], 34:[], 35:[], 36:[], 37:[], 38:[], 39:[], 40:[], 41:[], 42:[], 43:[], 44:[], 45:[], 46:[], 47:[], 48:[], 49:[], 50:[], 51:[], 52:[], 53:[], 54:[], 55:[], 56:[], 57:[], 58:[], 59:[], 60:[], 61:[], 62:[], 63:[], 64:[], 65:[], 66:[], 67:[], 68:[], 69:[], 70:[], 71:[], 72:[], 73:[], 74:[], 75:[], 76:[], 77:[], 78:[], 79:[], 80:[], 81:[], 82:[], 83:[], 84:[], 85:[], 86:[], 87:[], 88:[], 89:[], 90:[], 91:[], 92:[], 93:[], 94:[], 95:[], 96:[], 97:[], 98:[], 99:[], 100:[], 101:[], 102:[], 103:[], 104:[], 105:[], 106:[], 107:[], 108:[], 109:[], 110:[], 111:[], 112:[], 113:[], 114:[], 115:[], 116:[], 117:[], 118:[], 119:[], 120:[], 121:[], 122:[], 123:[], 124:[], 125:[], 126:[], 127:[], 128:[], 129:[], 130:[], 131:[], 132:[], 133:[], 134:[], 135:[], 136:[], 137:[], 138:[], 139:[], 140:[], 141:[], 142:[], 143:[], 144:[], 145:[], 146:[], 147:[], 148:[], 149:[], 150:[], 151:[], 152:[], 153:[], 154:[], 155:[], 156:[], 157:[], 158:[], 159:[], 160:[]",46982502000,49141133465
3853,2,22208.7078,19985059,298225070,2380840608,420.9379,false,161,true,true,true,true,true,false,false,"0:[0, 1, 2, 3, 4, 5, 6, 7, 8, 9, 10, 11, 12, 13, 14, 15, 16, 17, 18, 19, 20, 21, 22, 23, 24, 25, 26, 27, 28, 29, 30, 31, 32, 33, 34, 35, 36, 37, 38, 39, 40, 41, 42, 43, 44, 45, 46, 47, 48, 49, 50, 51, 52, 53, 54, 55, 56, 57, 58, 59, 60, 61, 62, 63, 64, 65, 66, 67, 68, 69, 70, 71, 72, 73, 74, 75, 76, 77, 78, 79, 80, 81, 82, 83, 84, 85, 86, 87, 88, 89, 90, 91, 92, 93, 94, 95, 96, 97, 98, 99, 100, 101, 102, 103, 104, 105, 106, 107, 108, 109, 110, 111, 112, 113, 114, 115, 116, 117, 118, 119, 120, 121, 122, 123, 124, 125, 126, 127, 128, 129, 130, 131, 132, 133, 134, 135, 136, 137, 138, 139, 140, 141, 142, 143, 144, 145, 146, 147, 148, 149, 150, 151, 152, 153, 154, 155, 156, 157, 158, 159, 160], 1:[], 2:[], 3:[], 4:[], 5:[], 6:[], 7:[], 8:[], 9:[], 10:[], 11:[], 12:[], 13:[], 14:[], 15:[], 16:[], 17:[], 18:[], 19:[], 20:[], 21:[], 22:[], 23:[], 24:[], 25:[], 26:[], 27:[], 28:[], 29:[], 30:[], 31:[], 32:[], 33:[], 34:[], 35:[], 36:[], 37:[], 38:[], 39:[], 40:[], 41:[], 42:[], 43:[], 44:[], 45:[], 46:[], 47:[], 48:[], 49:[], 50:[], 51:[], 52:[], 53:[], 54:[], 55:[], 56:[], 57:[], 58:[], 59:[], 60:[], 61:[], 62:[], 63:[], 64:[], 65:[], 66:[], 67:[], 68:[], 69:[], 70:[], 71:[], 72:[], 73:[], 74:[], 75:[], 76:[], 77:[], 78:[], 79:[], 80:[], 81:[], 82:[], 83:[], 84:[], 85:[], 86:[], 87:[], 88:[], 89:[], 90:[], 91:[], 92:[], 93:[], 94:[], 95:[], 96:[], 97:[], 98:[], 99:[], 100:[], 101:[], 102:[], 103:[], 104:[], 105:[], 106:[], 107:[], 108:[], 109:[], 110:[], 111:[], 112:[], 113:[], 114:[], 115:[], 116:[], 117:[], 118:[], 119:[], 120:[], 121:[], 122:[], 123:[], 124:[], 125:[], 126:[], 127:[], 128:[], 129:[], 130:[], 131:[], 132:[], 133:[], 134:[], 135:[], 136:[], 137:[], 138:[], 139:[], 140:[], 141:[], 142:[], 143:[], 144:[], 145:[], 146:[], 147:[], 148:[], 149:[], 150:[], 151:[], 152:[], 153:[], 154:[], 155:[], 156:[], 157:[], 158:[], 159:[], 160:[]",47020443224,49196308478
3863,5,21110.3490,20140746,300551383,2399421648,440.9324,false,161,true,true,true,true,true,false,false,"0:[0, 1, 2, 3, 4, 5, 6, 7, 8, 9, 10, 11, 12, 13, 14, 15, 16, 17, 18, 19, 20, 21, 22, 23, 24, 25, 26, 27, 28, 29, 30, 31, 32, 33, 34, 35, 36, 37, 38, 39, 40, 41, 42, 43, 44, 45, 46, 47, 48, 49, 50, 51, 52, 53, 54, 55, 56, 57, 58, 59, 60, 61, 62, 63, 64, 65, 66, 67, 68, 69, 70, 71, 72, 73, 74, 75, 76, 77, 78, 79, 80, 81, 82, 83, 84, 85, 86, 87, 88, 89, 90, 91, 92, 93, 94, 95, 96, 97, 98, 99, 100, 101, 102, 103, 104, 105, 106, 107, 108, 109, 110, 111, 112, 113, 114, 115, 116, 117, 118, 119, 120, 121, 122, 123, 124, 125, 126, 127, 128, 129, 130, 131, 132, 133, 134, 135, 136, 137, 138, 139, 140, 141, 142, 143, 144, 145, 146, 147, 148, 149, 150, 151, 152, 153, 154, 155, 156, 157, 158, 159, 160], 1:[], 2:[], 3:[], 4:[], 5:[], 6:[], 7:[], 8:[], 9:[], 10:[], 11:[], 12:[], 13:[], 14:[], 15:[], 16:[], 17:[], 18:[], 19:[], 20:[], 21:[], 22:[], 23:[], 24:[], 25:[], 26:[], 27:[], 28:[], 29:[], 30:[], 31:[], 32:[], 33:[], 34:[], 35:[], 36:[], 37:[], 38:[], 39:[], 40:[], 41:[], 42:[], 43:[], 44:[], 45:[], 46:[], 47:[], 48:[], 49:[], 50:[], 51:[], 52:[], 53:[], 54:[], 55:[], 56:[], 57:[], 58:[], 59:[], 60:[], 61:[], 62:[], 63:[], 64:[], 65:[], 66:[], 67:[], 68:[], 69:[], 70:[], 71:[], 72:[], 73:[], 74:[], 75:[], 76:[], 77:[], 78:[], 79:[], 80:[], 81:[], 82:[], 83:[], 84:[], 85:[], 86:[], 87:[], 88:[], 89:[], 90:[], 91:[], 92:[], 93:[], 94:[], 95:[], 96:[], 97:[], 98:[], 99:[], 100:[], 101:[], 102:[], 103:[], 104:[], 105:[], 106:[], 107:[], 108:[], 109:[], 110:[], 111:[], 112:[], 113:[], 114:[], 115:[], 116:[], 117:[], 118:[], 119:[], 120:[], 121:[], 122:[], 123:[], 124:[], 125:[], 126:[], 127:[], 128:[], 129:[], 130:[], 131:[], 132:[], 133:[], 134:[], 135:[], 136:[], 137:[], 138:[], 139:[], 140:[], 141:[], 142:[], 143:[], 144:[], 145:[], 146:[], 147:[], 148:[], 149:[], 150:[], 151:[], 152:[], 153:[], 154:[], 155:[], 156:[], 157:[], 158:[], 159:[], 160:[]",47210284752,49472192739
3877,2,22399.7555,20360063,303830770,2425624219,428.5906,false,162,true,true,true,true,true,false,false,"0:[0, 1, 2, 3, 4, 5, 6, 7, 8, 9, 10, 11, 12, 13, 14, 15, 16, 17, 18, 19, 20, 21, 22, 23, 24, 25, 26, 27, 28, 29, 30, 31, 32, 33, 34, 35, 36, 37, 38, 39, 40, 41, 42, 43, 44, 45, 46, 47, 48, 49, 50, 51, 52, 53, 54, 55, 56, 57, 58, 59, 60, 61, 62, 63, 64, 65, 66, 67, 68, 69, 70, 71, 72, 73, 74, 75, 76, 77, 78, 79, 80, 81, 82, 83, 84, 85, 86, 87, 88, 89, 90, 91, 92, 93, 94, 95, 96, 97, 98, 99, 100, 101, 102, 103, 104, 105, 106, 107, 108, 109, 110, 111, 112, 113, 114, 115, 116, 117, 118, 119, 120, 121, 122, 123, 124, 125, 126, 127, 128, 129, 130, 131, 132, 133, 134, 135, 136, 137, 138, 139, 140, 141, 142, 143, 144, 145, 146, 147, 148, 149, 150, 151, 152, 153, 154, 155, 156, 157, 158, 159, 160, 161], 1:[], 2:[], 3:[], 4:[], 5:[], 6:[], 7:[], 8:[], 9:[], 10:[], 11:[], 12:[], 13:[], 14:[], 15:[], 16:[], 17:[], 18:[], 19:[], 20:[], 21:[], 22:[], 23:[], 24:[], 25:[], 26:[], 27:[], 28:[], 29:[], 30:[], 31:[], 32:[], 33:[], 34:[], 35:[], 36:[], 37:[], 38:[], 39:[], 40:[], 41:[], 42:[], 43:[], 44:[], 45:[], 46:[], 47:[], 48:[], 49:[], 50:[], 51:[], 52:[], 53:[], 54:[], 55:[], 56:[], 57:[], 58:[], 59:[], 60:[], 61:[], 62:[], 63:[], 64:[], 65:[], 66:[], 67:[], 68:[], 69:[], 70:[], 71:[], 72:[], 73:[], 74:[], 75:[], 76:[], 77:[], 78:[], 79:[], 80:[], 81:[], 82:[], 83:[], 84:[], 85:[], 86:[], 87:[], 88:[], 89:[], 90:[], 91:[], 92:[], 93:[], 94:[], 95:[], 96:[], 97:[], 98:[], 99:[], 100:[], 101:[], 102:[], 103:[], 104:[], 105:[], 106:[], 107:[], 108:[], 109:[], 110:[], 111:[], 112:[], 113:[], 114:[], 115:[], 116:[], 117:[], 118:[], 119:[], 120:[], 121:[], 122:[], 123:[], 124:[], 125:[], 126:[], 127:[], 128:[], 129:[], 130:[], 131:[], 132:[], 133:[], 134:[], 135:[], 136:[], 137:[], 138:[], 139:[], 140:[], 141:[], 142:[], 143:[], 144:[], 145:[], 146:[], 147:[], 148:[], 149:[], 150:[], 151:[], 152:[], 153:[], 154:[], 155:[], 156:[], 157:[], 158:[], 159:[], 160:[], 161:[]",47477899320,49861174866
3881,3,23207.4923,20423016,304771822,2433142231,473.8725,false,162,true,true,true,true,true,false,false,"0:[0, 1, 2, 3, 4, 5, 6, 7, 8, 9, 10, 11, 12, 13, 14, 15, 16, 17, 18, 19, 20, 21, 22, 23, 24, 25, 26, 27, 28, 29, 30, 31, 32, 33, 34, 35, 36, 37, 38, 39, 40, 41, 42, 43, 44, 45, 46, 47, 48, 49, 50, 51, 52, 53, 54, 55, 56, 57, 58, 59, 60, 61, 62, 63, 64, 65, 66, 67, 68, 69, 70, 71, 72, 73, 74, 75, 76, 77, 78, 79, 80, 81, 82, 83, 84, 85, 86, 87, 88, 89, 90, 91, 92, 93, 94, 95, 96, 97, 98, 99, 100, 101, 102, 103, 104, 105, 106, 107, 108, 109, 110, 111, 112, 113, 114, 115, 116, 117, 118, 119, 120, 121, 122, 123, 124, 125, 126, 127, 128, 129, 130, 131, 132, 133, 134, 135, 136, 137, 138, 139, 140, 141, 142, 143, 144, 145, 146, 147, 148, 149, 150, 151, 152, 153, 154, 155, 156, 157, 158, 159, 160, 161], 1:[], 2:[], 3:[], 4:[], 5:[], 6:[], 7:[], 8:[], 9:[], 10:[], 11:[], 12:[], 13:[], 14:[], 15:[], 16:[], 17:[], 18:[], 19:[], 20:[], 21:[], 22:[], 23:[], 24:[], 25:[], 26:[], 27:[], 28:[], 29:[], 30:[], 31:[], 32:[], 33:[], 34:[], 35:[], 36:[], 37:[], 38:[], 39:[], 40:[], 41:[], 42:[], 43:[], 44:[], 45:[], 46:[], 47:[], 48:[], 49:[], 50:[], 51:[], 52:[], 53:[], 54:[], 55:[], 56:[], 57:[], 58:[], 59:[], 60:[], 61:[], 62:[], 63:[], 64:[], 65:[], 66:[], 67:[], 68:[], 69:[], 70:[], 71:[], 72:[], 73:[], 74:[], 75:[], 76:[], 77:[], 78:[], 79:[], 80:[], 81:[], 82:[], 83:[], 84:[], 85:[], 86:[], 87:[], 88:[], 89:[], 90:[], 91:[], 92:[], 93:[], 94:[], 95:[], 96:[], 97:[], 98:[], 99:[], 100:[], 101:[], 102:[], 103:[], 104:[], 105:[], 106:[], 107:[], 108:[], 109:[], 110:[], 111:[], 112:[], 113:[], 114:[], 115:[], 116:[], 117:[], 118:[], 119:[], 120:[], 121:[], 122:[], 123:[], 124:[], 125:[], 126:[], 127:[], 128:[], 129:[], 130:[], 131:[], 132:[], 133:[], 134:[], 135:[], 136:[], 137:[], 138:[], 139:[], 140:[], 141:[], 142:[], 143:[], 144:[], 145:[], 146:[], 147:[], 148:[], 149:[], 150:[], 151:[], 152:[], 153:[], 154:[], 155:[], 156:[], 157:[], 158:[], 159:[], 160:[], 161:[]",47554694352,49972788662
3889,11,27772.2024,20549312,306659761,2448224912,437.4084,false,163,true,true,true,true,true,false,false,"0:[0, 1, 2, 3, 4, 5, 6, 7, 8, 9, 10, 11, 12, 13, 14, 15, 16, 17, 18, 19, 20, 21, 22, 23, 24, 25, 26, 27, 28, 29, 30, 31, 32, 33, 34, 35, 36, 37, 38, 39, 40, 41, 42, 43, 44, 45, 46, 47, 48, 49, 50, 51, 52, 53, 54, 55, 56, 57, 58, 59, 60, 61, 62, 63, 64, 65, 66, 67, 68, 69, 70, 71, 72, 73, 74, 75, 76, 77, 78, 79, 80, 81, 82, 83, 84, 85, 86, 87, 88, 89, 90, 91, 92, 93, 94, 95, 96, 97, 98, 99, 100, 101, 102, 103, 104, 105, 106, 107, 108, 109, 110, 111, 112, 113, 114, 115, 116, 117, 118, 119, 120, 121, 122, 123, 124, 125, 126, 127, 128, 129, 130, 131, 132, 133, 134, 135, 136, 137, 138, 139, 140, 141, 142, 143, 144, 145, 146, 147, 148, 149, 150, 151, 152, 153, 154, 155, 156, 157, 158, 159, 160, 161, 162], 1:[], 2:[], 3:[], 4:[], 5:[], 6:[], 7:[], 8:[], 9:[], 10:[], 11:[], 12:[], 13:[], 14:[], 15:[], 16:[], 17:[], 18:[], 19:[], 20:[], 21:[], 22:[], 23:[], 24:[], 25:[], 26:[], 27:[], 28:[], 29:[], 30:[], 31:[], 32:[], 33:[], 34:[], 35:[], 36:[], 37:[], 38:[], 39:[], 40:[], 41:[], 42:[], 43:[], 44:[], 45:[], 46:[], 47:[], 48:[], 49:[], 50:[], 51:[], 52:[], 53:[], 54:[], 55:[], 56:[], 57:[], 58:[], 59:[], 60:[], 61:[], 62:[], 63:[], 64:[], 65:[], 66:[], 67:[], 68:[], 69:[], 70:[], 71:[], 72:[], 73:[], 74:[], 75:[], 76:[], 77:[], 78:[], 79:[], 80:[], 81:[], 82:[], 83:[], 84:[], 85:[], 86:[], 87:[], 88:[], 89:[], 90:[], 91:[], 92:[], 93:[], 94:[], 95:[], 96:[], 97:[], 98:[], 99:[], 100:[], 101:[], 102:[], 103:[], 104:[], 105:[], 106:[], 107:[], 108:[], 109:[], 110:[], 111:[], 112:[], 113:[], 114:[], 115:[], 116:[], 117:[], 118:[], 119:[], 120:[], 121:[], 122:[], 123:[], 124:[], 125:[], 126:[], 127:[], 128:[], 129:[], 130:[], 131:[], 132:[], 133:[], 134:[], 135:[], 136:[], 137:[], 138:[], 139:[], 140:[], 141:[], 142:[], 143:[], 144:[], 145:[], 146:[], 147:[], 148:[], 149:[], 150:[], 151:[], 152:[], 153:[], 154:[], 155:[], 156:[], 157:[], 158:[], 159:[], 160:[], 161:[], 162:[]",47708760576,50196708501
3907,2,19900.7156,20835377,310935210,2482378337,457.5850,false,162,true,true,true,true,true,false,false,"0:[0, 1, 2, 3, 4, 5, 6, 7, 8, 9, 10, 11, 12, 13, 14, 15, 16, 17, 18, 19, 20, 21, 22, 23, 24, 25, 26, 27, 28, 29, 30, 31, 32, 33, 34, 35, 36, 37, 38, 39, 40, 41, 42, 43, 44, 45, 46, 47, 48, 49, 50, 51, 52, 53, 54, 55, 56, 57, 58, 59, 60, 61, 62, 63, 64, 65, 66, 67, 68, 69, 70, 71, 72, 73, 74, 75, 76, 77, 78, 79, 80, 81, 82, 83, 84, 85, 86, 87, 88, 89, 90, 91, 92, 93, 94, 95, 96, 97, 98, 99, 100, 101, 102, 103, 104, 105, 106, 107, 108, 109, 110, 111, 112, 113, 114, 115, 116, 117, 118, 119, 120, 121, 122, 123, 124, 125, 126, 127, 128, 129, 130, 131, 132, 133, 134, 135, 136, 137, 138, 139, 140, 141, 142, 143, 144, 145, 146, 147, 148, 149, 150, 151, 152, 153, 154, 155, 156, 157, 158, 159, 160, 161], 1:[], 2:[], 3:[], 4:[], 5:[], 6:[], 7:[], 8:[], 9:[], 10:[], 11:[], 12:[], 13:[], 14:[], 15:[], 16:[], 17:[], 18:[], 19:[], 20:[], 21:[], 22:[], 23:[], 24:[], 25:[], 26:[], 27:[], 28:[], 29:[], 30:[], 31:[], 32:[], 33:[], 34:[], 35:[], 36:[], 37:[], 38:[], 39:[], 40:[], 41:[], 42:[], 43:[], 44:[], 45:[], 46:[], 47:[], 48:[], 49:[], 50:[], 51:[], 52:[], 53:[], 54:[], 55:[], 56:[], 57:[], 58:[], 59:[], 60:[], 61:[], 62:[], 63:[], 64:[], 65:[], 66:[], 67:[], 68:[], 69:[], 70:[], 71:[], 72:[], 73:[], 74:[], 75:[], 76:[], 77:[], 78:[], 79:[], 80:[], 81:[], 82:[], 83:[], 84:[], 85:[], 86:[], 87:[], 88:[], 89:[], 90:[], 91:[], 92:[], 93:[], 94:[], 95:[], 96:[], 97:[], 98:[], 99:[], 100:[], 101:[], 102:[], 103:[], 104:[], 105:[], 106:[], 107:[], 108:[], 109:[], 110:[], 111:[], 112:[], 113:[], 114:[], 115:[], 116:[], 117:[], 118:[], 119:[], 120:[], 121:[], 122:[], 123:[], 124:[], 125:[], 126:[], 127:[], 128:[], 129:[], 130:[], 131:[], 132:[], 133:[], 134:[], 135:[], 136:[], 137:[], 138:[], 139:[], 140:[], 141:[], 142:[], 143:[], 144:[], 145:[], 146:[], 147:[], 148:[], 149:[], 150:[], 151:[], 152:[], 153:[], 154:[], 155:[], 156:[], 157:[], 158:[], 159:[], 160:[], 161:[]",48057662056,54998737946
3911,13,22964.7225,20899306,311890813,2490012313,441.4140,false,162,true,true,true,true,true,false,false,"0:[0, 1, 2, 3, 4, 5, 6, 7, 8, 9, 10, 11, 12, 13, 14, 15, 16, 17, 18, 19, 20, 21, 22, 23, 24, 25, 26, 27, 28, 29, 30, 31, 32, 33, 34, 35, 36, 37, 38, 39, 40, 41, 42, 43, 44, 45, 46, 47, 48, 49, 50, 51, 52, 53, 54, 55, 56, 57, 58, 59, 60, 61, 62, 63, 64, 65, 66, 67, 68, 69, 70, 71, 72, 73, 74, 75, 76, 77, 78, 79, 80, 81, 82, 83, 84, 85, 86, 87, 88, 89, 90, 91, 92, 93, 94, 95, 96, 97, 98, 99, 100, 101, 102, 103, 104, 105, 106, 107, 108, 109, 110, 111, 112, 113, 114, 115, 116, 117, 118, 119, 120, 121, 122, 123, 124, 125, 126, 127, 128, 129, 130, 131, 132, 133, 134, 135, 136, 137, 138, 139, 140, 141, 142, 143, 144, 145, 146, 147, 148, 149, 150, 151, 152, 153, 154, 155, 156, 157, 158, 159, 160, 161], 1:[], 2:[], 3:[], 4:[], 5:[], 6:[], 7:[], 8:[], 9:[], 10:[], 11:[], 12:[], 13:[], 14:[], 15:[], 16:[], 17:[], 18:[], 19:[], 20:[], 21:[], 22:[], 23:[], 24:[], 25:[], 26:[], 27:[], 28:[], 29:[], 30:[], 31:[], 32:[], 33:[], 34:[], 35:[], 36:[], 37:[], 38:[], 39:[], 40:[], 41:[], 42:[], 43:[], 44:[], 45:[], 46:[], 47:[], 48:[], 49:[], 50:[], 51:[], 52:[], 53:[], 54:[], 55:[], 56:[], 57:[], 58:[], 59:[], 60:[], 61:[], 62:[], 63:[], 64:[], 65:[], 66:[], 67:[], 68:[], 69:[], 70:[], 71:[], 72:[], 73:[], 74:[], 75:[], 76:[], 77:[], 78:[], 79:[], 80:[], 81:[], 82:[], 83:[], 84:[], 85:[], 86:[], 87:[], 88:[], 89:[], 90:[], 91:[], 92:[], 93:[], 94:[], 95:[], 96:[], 97:[], 98:[], 99:[], 100:[], 101:[], 102:[], 103:[], 104:[], 105:[], 106:[], 107:[], 108:[], 109:[], 110:[], 111:[], 112:[], 113:[], 114:[], 115:[], 116:[], 117:[], 118:[], 119:[], 120:[], 121:[], 122:[], 123:[], 124:[], 125:[], 126:[], 127:[], 128:[], 129:[], 130:[], 131:[], 132:[], 133:[], 134:[], 135:[], 136:[], 137:[], 138:[], 139:[], 140:[], 141:[], 142:[], 143:[], 144:[], 145:[], 146:[], 147:[], 148:[], 149:[], 150:[], 151:[], 152:[], 153:[], 154:[], 155:[], 156:[], 157:[], 158:[], 159:[], 160:[], 161:[]",48135644592,55112076609
3917,2,22906.8041,20995444,313329017,2501506515,555.0894,false,164,true,true,true,true,true,false,false,"0:[0, 1, 2, 3, 4, 5, 6, 7, 8, 9, 10, 11, 12, 13, 14, 15, 16, 17, 18, 19, 20, 21, 22, 23, 24, 25, 26, 27, 28, 29, 30, 31, 32, 33, 34, 35, 36, 37, 38, 39, 40, 41, 42, 43, 44, 45, 46, 47, 48, 49, 50, 51, 52, 53, 54, 55, 56, 57, 58, 59, 60, 61, 62, 63, 64, 65, 66, 67, 68, 69, 70, 71, 72, 73, 74, 75, 76, 77, 78, 79, 80, 81, 82, 83, 84, 85, 86, 87, 88, 89, 90, 91, 92, 93, 94, 95, 96, 97, 98, 99, 100, 101, 102, 103, 104, 105, 106, 107, 108, 109, 110, 111, 112, 113, 114, 115, 116, 117, 118, 119, 120, 121, 122, 123, 124, 125, 126, 127, 128, 129, 130, 131, 132, 133, 134, 135, 136, 137, 138, 139, 140, 141, 142, 143, 144, 145, 146, 147, 148, 149, 150, 151, 152, 153, 154, 155, 156, 157, 158, 159, 160, 161, 162, 163], 1:[], 2:[], 3:[], 4:[], 5:[], 6:[], 7:[], 8:[], 9:[], 10:[], 11:[], 12:[], 13:[], 14:[], 15:[], 16:[], 17:[], 18:[], 19:[], 20:[], 21:[], 22:[], 23:[], 24:[], 25:[], 26:[], 27:[], 28:[], 29:[], 30:[], 31:[], 32:[], 33:[], 34:[], 35:[], 36:[], 37:[], 38:[], 39:[], 40:[], 41:[], 42:[], 43:[], 44:[], 45:[], 46:[], 47:[], 48:[], 49:[], 50:[], 51:[], 52:[], 53:[], 54:[], 55:[], 56:[], 57:[], 58:[], 59:[], 60:[], 61:[], 62:[], 63:[], 64:[], 65:[], 66:[], 67:[], 68:[], 69:[], 70:[], 71:[], 72:[], 73:[], 74:[], 75:[], 76:[], 77:[], 78:[], 79:[], 80:[], 81:[], 82:[], 83:[], 84:[], 85:[], 86:[], 87:[], 88:[], 89:[], 90:[], 91:[], 92:[], 93:[], 94:[], 95:[], 96:[], 97:[], 98:[], 99:[], 100:[], 101:[], 102:[], 103:[], 104:[], 105:[], 106:[], 107:[], 108:[], 109:[], 110:[], 111:[], 112:[], 113:[], 114:[], 115:[], 116:[], 117:[], 118:[], 119:[], 120:[], 121:[], 122:[], 123:[], 124:[], 125:[], 126:[], 127:[], 128:[], 129:[], 130:[], 131:[], 132:[], 133:[], 134:[], 135:[], 136:[], 137:[], 138:[], 139:[], 140:[], 141:[], 142:[], 143:[], 144:[], 145:[], 146:[], 147:[], 148:[], 149:[], 150:[], 151:[], 152:[], 153:[], 154:[], 155:[], 156:[], 157:[], 158:[], 159:[], 160:[], 161:[], 162:[], 163:[]",48253008224,55282686077
3919,3,24325.5611,21027556,313808036,2505329256,448.3814,false,163,true,true,true,true,true,false,false,"0:[0, 1, 2, 3, 4, 5, 6, 7, 8, 9, 10, 11, 12, 13, 14, 15, 16, 17, 18, 19, 20, 21, 22, 23, 24, 25, 26, 27, 28, 29, 30, 31, 32, 33, 34, 35, 36, 37, 38, 39, 40, 41, 42, 43, 44, 45, 46, 47, 48, 49, 50, 51, 52, 53, 54, 55, 56, 57, 58, 59, 60, 61, 62, 63, 64, 65, 66, 67, 68, 69, 70, 71, 72, 73, 74, 75, 76, 77, 78, 79, 80, 81, 82, 83, 84, 85, 86, 87, 88, 89, 90, 91, 92, 93, 94, 95, 96, 97, 98, 99, 100, 101, 102, 103, 104, 105, 106, 107, 108, 109, 110, 111, 112, 113, 114, 115, 116, 117, 118, 119, 120, 121, 122, 123, 124, 125, 126, 127, 128, 129, 130, 131, 132, 133, 134, 135, 136, 137, 138, 139, 140, 141, 142, 143, 144, 145, 146, 147, 148, 149, 150, 151, 152, 153, 154, 155, 156, 157, 158, 159, 160, 161, 162], 1:[], 2:[], 3:[], 4:[], 5:[], 6:[], 7:[], 8:[], 9:[], 10:[], 11:[], 12:[], 13:[], 14:[], 15:[], 16:[], 17:[], 18:[], 19:[], 20:[], 21:[], 22:[], 23:[], 24:[], 25:[], 26:[], 27:[], 28:[], 29:[], 30:[], 31:[], 32:[], 33:[], 34:[], 35:[], 36:[], 37:[], 38:[], 39:[], 40:[], 41:[], 42:[], 43:[], 44:[], 45:[], 46:[], 47:[], 48:[], 49:[], 50:[], 51:[], 52:[], 53:[], 54:[], 55:[], 56:[], 57:[], 58:[], 59:[], 60:[], 61:[], 62:[], 63:[], 64:[], 65:[], 66:[], 67:[], 68:[], 69:[], 70:[], 71:[], 72:[], 73:[], 74:[], 75:[], 76:[], 77:[], 78:[], 79:[], 80:[], 81:[], 82:[], 83:[], 84:[], 85:[], 86:[], 87:[], 88:[], 89:[], 90:[], 91:[], 92:[], 93:[], 94:[], 95:[], 96:[], 97:[], 98:[], 99:[], 100:[], 101:[], 102:[], 103:[], 104:[], 105:[], 106:[], 107:[], 108:[], 109:[], 110:[], 111:[], 112:[], 113:[], 114:[], 115:[], 116:[], 117:[], 118:[], 119:[], 120:[], 121:[], 122:[], 123:[], 124:[], 125:[], 126:[], 127:[], 128:[], 129:[], 130:[], 131:[], 132:[], 133:[], 134:[], 135:[], 136:[], 137:[], 138:[], 139:[], 140:[], 141:[], 142:[], 143:[], 144:[], 145:[], 146:[], 147:[], 148:[], 149:[], 150:[], 151:[], 152:[], 153:[], 154:[], 155:[], 156:[], 157:[], 158:[], 159:[], 160:[], 161:[], 162:[]",48292100432,55339469924
3923,2,22769.8946,21091876,314769534,2513010502,509.8571,false,163,true,true,true,true,true,false,false,"0:[0, 1, 2, 3, 4, 5, 6, 7, 8, 9, 10, 11, 12, 13, 14, 15, 16, 17, 18, 19, 20, 21, 22, 23, 24, 25, 26, 27, 28, 29, 30, 31, 32, 33, 34, 35, 36, 37, 38, 39, 40, 41, 42, 43, 44, 45, 46, 47, 48, 49, 50, 51, 52, 53, 54, 55, 56, 57, 58, 59, 60, 61, 62, 63, 64, 65, 66, 67, 68, 69, 70, 71, 72, 73, 74, 75, 76, 77, 78, 79, 80, 81, 82, 83, 84, 85, 86, 87, 88, 89, 90, 91, 92, 93, 94, 95, 96, 97, 98, 99, 100, 101, 102, 103, 104, 105, 106, 107, 108, 109, 110, 111, 112, 113, 114, 115, 116, 117, 118, 119, 120, 121, 122, 123, 124, 125, 126, 127, 128, 129, 130, 131, 132, 133, 134, 135, 136, 137, 138, 139, 140, 141, 142, 143, 144, 145, 146, 147, 148, 149, 150, 151, 152, 153, 154, 155, 156, 157, 158, 159, 160, 161, 162], 1:[], 2:[], 3:[], 4:[], 5:[], 6:[], 7:[], 8:[], 9:[], 10:[], 11:[], 12:[], 13:[], 14:[], 15:[], 16:[], 17:[], 18:[], 19:[], 20:[], 21:[], 22:[], 23:[], 24:[], 25:[], 26:[], 27:[], 28:[], 29:[], 30:[], 31:[], 32:[], 33:[], 34:[], 35:[], 36:[], 37:[], 38:[], 39:[], 40:[], 41:[], 42:[], 43:[], 44:[], 45:[], 46:[], 47:[], 48:[], 49:[], 50:[], 51:[], 52:[], 53:[], 54:[], 55:[], 56:[], 57:[], 58:[], 59:[], 60:[], 61:[], 62:[], 63:[], 64:[], 65:[], 66:[], 67:[], 68:[], 69:[], 70:[], 71:[], 72:[], 73:[], 74:[], 75:[], 76:[], 77:[], 78:[], 79:[], 80:[], 81:[], 82:[], 83:[], 84:[], 85:[], 86:[], 87:[], 88:[], 89:[], 90:[], 91:[], 92:[], 93:[], 94:[], 95:[], 96:[], 97:[], 98:[], 99:[], 100:[], 101:[], 102:[], 103:[], 104:[], 105:[], 106:[], 107:[], 108:[], 109:[], 110:[], 111:[], 112:[], 113:[], 114:[], 115:[], 116:[], 117:[], 118:[], 119:[], 120:[], 121:[], 122:[], 123:[], 124:[], 125:[], 126:[], 127:[], 128:[], 129:[], 130:[], 131:[], 132:[], 133:[], 134:[], 135:[], 136:[], 137:[], 138:[], 139:[], 140:[], 141:[], 142:[], 143:[], 144:[], 145:[], 146:[], 147:[], 148:[], 149:[], 150:[], 151:[], 152:[], 153:[], 154:[], 155:[], 156:[], 157:[], 158:[], 159:[], 160:[], 161:[], 162:[]",48370563952,55453508038
3929,3,23715.2700,21188604,316216499,2524574325,441.6918,false,164,true,true,true,true,true,false,false,"0:[0, 1, 2, 3, 4, 5, 6, 7, 8, 9, 10, 11, 12, 13, 14, 15, 16, 17, 18, 19, 20, 21, 22, 23, 24, 25, 26, 27, 28, 29, 30, 31, 32, 33, 34, 35, 36, 37, 38, 39, 40, 41, 42, 43, 44, 45, 46, 47, 48, 49, 50, 51, 52, 53, 54, 55, 56, 57, 58, 59, 60, 61, 62, 63, 64, 65, 66, 67, 68, 69, 70, 71, 72, 73, 74, 75, 76, 77, 78, 79, 80, 81, 82, 83, 84, 85, 86, 87, 88, 89, 90, 91, 92, 93, 94, 95, 96, 97, 98, 99, 100, 101, 102, 103, 104, 105, 106, 107, 108, 109, 110, 111, 112, 113, 114, 115, 116, 117, 118, 119, 120, 121, 122, 123, 124, 125, 126, 127, 128, 129, 130, 131, 132, 133, 134, 135, 136, 137, 138, 139, 140, 141, 142, 143, 144, 145, 146, 147, 148, 149, 150, 151, 152, 153, 154, 155, 156, 157, 158, 159, 160, 161, 162, 163], 1:[], 2:[], 3:[], 4:[], 5:[], 6:[], 7:[], 8:[], 9:[], 10:[], 11:[], 12:[], 13:[], 14:[], 15:[], 16:[], 17:[], 18:[], 19:[], 20:[], 21:[], 22:[], 23:[], 24:[], 25:[], 26:[], 27:[], 28:[], 29:[], 30:[], 31:[], 32:[], 33:[], 34:[], 35:[], 36:[], 37:[], 38:[], 39:[], 40:[], 41:[], 42:[], 43:[], 44:[], 45:[], 46:[], 47:[], 48:[], 49:[], 50:[], 51:[], 52:[], 53:[], 54:[], 55:[], 56:[], 57:[], 58:[], 59:[], 60:[], 61:[], 62:[], 63:[], 64:[], 65:[], 66:[], 67:[], 68:[], 69:[], 70:[], 71:[], 72:[], 73:[], 74:[], 75:[], 76:[], 77:[], 78:[], 79:[], 80:[], 81:[], 82:[], 83:[], 84:[], 85:[], 86:[], 87:[], 88:[], 89:[], 90:[], 91:[], 92:[], 93:[], 94:[], 95:[], 96:[], 97:[], 98:[], 99:[], 100:[], 101:[], 102:[], 103:[], 104:[], 105:[], 106:[], 107:[], 108:[], 109:[], 110:[], 111:[], 112:[], 113:[], 114:[], 115:[], 116:[], 117:[], 118:[], 119:[], 120:[], 121:[], 122:[], 123:[], 124:[], 125:[], 126:[], 127:[], 128:[], 129:[], 130:[], 131:[], 132:[], 133:[], 134:[], 135:[], 136:[], 137:[], 138:[], 139:[], 140:[], 141:[], 142:[], 143:[], 144:[], 145:[], 146:[], 147:[], 148:[], 149:[], 150:[], 151:[], 152:[], 153:[], 154:[], 155:[], 156:[], 157:[], 158:[], 159:[], 160:[], 161:[], 162:[], 163:[]",48488642624,55625155743
3931,2,20414.8523,21220911,316698556,2528422032,513.5664,false,164,true,true,true,true,true,false,false,"0:[0, 1, 2, 3, 4, 5, 6, 7, 8, 9, 10, 11, 12, 13, 14, 15, 16, 17, 18, 19, 20, 21, 22, 23, 24, 25, 26, 27, 28, 29, 30, 31, 32, 33, 34, 35, 36, 37, 38, 39, 40, 41, 42, 43, 44, 45, 46, 47, 48, 49, 50, 51, 52, 53, 54, 55, 56, 57, 58, 59, 60, 61, 62, 63, 64, 65, 66, 67, 68, 69, 70, 71, 72, 73, 74, 75, 76, 77, 78, 79, 80, 81, 82, 83, 84, 85, 86, 87, 88, 89, 90, 91, 92, 93, 94, 95, 96, 97, 98, 99, 100, 101, 102, 103, 104, 105, 106, 107, 108, 109, 110, 111, 112, 113, 114, 115, 116, 117, 118, 119, 120, 121, 122, 123, 124, 125, 126, 127, 128, 129, 130, 131, 132, 133, 134, 135, 136, 137, 138, 139, 140, 141, 142, 143, 144, 145, 146, 147, 148, 149, 150, 151, 152, 153, 154, 155, 156, 157, 158, 159, 160, 161, 162, 163], 1:[], 2:[], 3:[], 4:[], 5:[], 6:[], 7:[], 8:[], 9:[], 10:[], 11:[], 12:[], 13:[], 14:[], 15:[], 16:[], 17:[], 18:[], 19:[], 20:[], 21:[], 22:[], 23:[], 24:[], 25:[], 26:[], 27:[], 28:[], 29:[], 30:[], 31:[], 32:[], 33:[], 34:[], 35:[], 36:[], 37:[], 38:[], 39:[], 40:[], 41:[], 42:[], 43:[], 44:[], 45:[], 46:[], 47:[], 48:[], 49:[], 50:[], 51:[], 52:[], 53:[], 54:[], 55:[], 56:[], 57:[], 58:[], 59:[], 60:[], 61:[], 62:[], 63:[], 64:[], 65:[], 66:[], 67:[], 68:[], 69:[], 70:[], 71:[], 72:[], 73:[], 74:[], 75:[], 76:[], 77:[], 78:[], 79:[], 80:[], 81:[], 82:[], 83:[], 84:[], 85:[], 86:[], 87:[], 88:[], 89:[], 90:[], 91:[], 92:[], 93:[], 94:[], 95:[], 96:[], 97:[], 98:[], 99:[], 100:[], 101:[], 102:[], 103:[], 104:[], 105:[], 106:[], 107:[], 108:[], 109:[], 110:[], 111:[], 112:[], 113:[], 114:[], 115:[], 116:[], 117:[], 118:[], 119:[], 120:[], 121:[], 122:[], 123:[], 124:[], 125:[], 126:[], 127:[], 128:[], 129:[], 130:[], 131:[], 132:[], 133:[], 134:[], 135:[], 136:[], 137:[], 138:[], 139:[], 140:[], 141:[], 142:[], 143:[], 144:[], 145:[], 146:[], 147:[], 148:[], 149:[], 150:[], 151:[], 152:[], 153:[], 154:[], 155:[], 156:[], 157:[], 158:[], 159:[], 160:[], 161:[], 162:[], 163:[]",48527982552,55682301348
3943,3,24003.7945,21415449,319606737,2551655744,460.1019,false,165,true,true,true,true,true,false,false,"0:[0, 1, 2, 3, 4, 5, 6, 7, 8, 9, 10, 11, 12, 13, 14, 15, 16, 17, 18, 19, 20, 21, 22, 23, 24, 25, 26, 27, 28, 29, 30, 31, 32, 33, 34, 35, 36, 37, 38, 39, 40, 41, 42, 43, 44, 45, 46, 47, 48, 49, 50, 51, 52, 53, 54, 55, 56, 57, 58, 59, 60, 61, 62, 63, 64, 65, 66, 67, 68, 69, 70, 71, 72, 73, 74, 75, 76, 77, 78, 79, 80, 81, 82, 83, 84, 85, 86, 87, 88, 89, 90, 91, 92, 93, 94, 95, 96, 97, 98, 99, 100, 101, 102, 103, 104, 105, 106, 107, 108, 109, 110, 111, 112, 113, 114, 115, 116, 117, 118, 119, 120, 121, 122, 123, 124, 125, 126, 127, 128, 129, 130, 131, 132, 133, 134, 135, 136, 137, 138, 139, 140, 141, 142, 143, 144, 145, 146, 147, 148, 149, 150, 151, 152, 153, 154, 155, 156, 157, 158, 159, 160, 161, 162, 163, 164], 1:[], 2:[], 3:[], 4:[], 5:[], 6:[], 7:[], 8:[], 9:[], 10:[], 11:[], 12:[], 13:[], 14:[], 15:[], 16:[], 17:[], 18:[], 19:[], 20:[], 21:[], 22:[], 23:[], 24:[], 25:[], 26:[], 27:[], 28:[], 29:[], 30:[], 31:[], 32:[], 33:[], 34:[], 35:[], 36:[], 37:[], 38:[], 39:[], 40:[], 41:[], 42:[], 43:[], 44:[], 45:[], 46:[], 47:[], 48:[], 49:[], 50:[], 51:[], 52:[], 53:[], 54:[], 55:[], 56:[], 57:[], 58:[], 59:[], 60:[], 61:[], 62:[], 63:[], 64:[], 65:[], 66:[], 67:[], 68:[], 69:[], 70:[], 71:[], 72:[], 73:[], 74:[], 75:[], 76:[], 77:[], 78:[], 79:[], 80:[], 81:[], 82:[], 83:[], 84:[], 85:[], 86:[], 87:[], 88:[], 89:[], 90:[], 91:[], 92:[], 93:[], 94:[], 95:[], 96:[], 97:[], 98:[], 99:[], 100:[], 101:[], 102:[], 103:[], 104:[], 105:[], 106:[], 107:[], 108:[], 109:[], 110:[], 111:[], 112:[], 113:[], 114:[], 115:[], 116:[], 117:[], 118:[], 119:[], 120:[], 121:[], 122:[], 123:[], 124:[], 125:[], 126:[], 127:[], 128:[], 129:[], 130:[], 131:[], 132:[], 133:[], 134:[], 135:[], 136:[], 137:[], 138:[], 139:[], 140:[], 141:[], 142:[], 143:[], 144:[], 145:[], 146:[], 147:[], 148:[], 149:[], 150:[], 151:[], 152:[], 153:[], 154:[], 155:[], 156:[], 157:[], 158:[], 159:[], 160:[], 161:[], 162:[], 163:[], 164:[]",48765305944,56027226445
3947,2,22633.2432,21480558,320580102,2559432318,653.7201,false,164,true,true,true,true,true,false,false,"0:[0, 1, 2, 3, 4, 5, 6, 7, 8, 9, 10, 11, 12, 13, 14, 15, 16, 17, 18, 19, 20, 21, 22, 23, 24, 25, 26, 27, 28, 29, 30, 31, 32, 33, 34, 35, 36, 37, 38, 39, 40, 41, 42, 43, 44, 45, 46, 47, 48, 49, 50, 51, 52, 53, 54, 55, 56, 57, 58, 59, 60, 61, 62, 63, 64, 65, 66, 67, 68, 69, 70, 71, 72, 73, 74, 75, 76, 77, 78, 79, 80, 81, 82, 83, 84, 85, 86, 87, 88, 89, 90, 91, 92, 93, 94, 95, 96, 97, 98, 99, 100, 101, 102, 103, 104, 105, 106, 107, 108, 109, 110, 111, 112, 113, 114, 115, 116, 117, 118, 119, 120, 121, 122, 123, 124, 125, 126, 127, 128, 129, 130, 131, 132, 133, 134, 135, 136, 137, 138, 139, 140, 141, 142, 143, 144, 145, 146, 147, 148, 149, 150, 151, 152, 153, 154, 155, 156, 157, 158, 159, 160, 161, 162, 163], 1:[], 2:[], 3:[], 4:[], 5:[], 6:[], 7:[], 8:[], 9:[], 10:[], 11:[], 12:[], 13:[], 14:[], 15:[], 16:[], 17:[], 18:[], 19:[], 20:[], 21:[], 22:[], 23:[], 24:[], 25:[], 26:[], 27:[], 28:[], 29:[], 30:[], 31:[], 32:[], 33:[], 34:[], 35:[], 36:[], 37:[], 38:[], 39:[], 40:[], 41:[], 42:[], 43:[], 44:[], 45:[], 46:[], 47:[], 48:[], 49:[], 50:[], 51:[], 52:[], 53:[], 54:[], 55:[], 56:[], 57:[], 58:[], 59:[], 60:[], 61:[], 62:[], 63:[], 64:[], 65:[], 66:[], 67:[], 68:[], 69:[], 70:[], 71:[], 72:[], 73:[], 74:[], 75:[], 76:[], 77:[], 78:[], 79:[], 80:[], 81:[], 82:[], 83:[], 84:[], 85:[], 86:[], 87:[], 88:[], 89:[], 90:[], 91:[], 92:[], 93:[], 94:[], 95:[], 96:[], 97:[], 98:[], 99:[], 100:[], 101:[], 102:[], 103:[], 104:[], 105:[], 106:[], 107:[], 108:[], 109:[], 110:[], 111:[], 112:[], 113:[], 114:[], 115:[], 116:[], 117:[], 118:[], 119:[], 120:[], 121:[], 122:[], 123:[], 124:[], 125:[], 126:[], 127:[], 128:[], 129:[], 130:[], 131:[], 132:[], 133:[], 134:[], 135:[], 136:[], 137:[], 138:[], 139:[], 140:[], 141:[], 142:[], 143:[], 144:[], 145:[], 146:[], 147:[], 148:[], 149:[], 150:[], 151:[], 152:[], 153:[], 154:[], 155:[], 156:[], 157:[], 158:[], 159:[], 160:[], 161:[], 162:[], 163:[]",48844737760,56142672734
3967,3,24042.5606,21808084,325476470,2598550401,579.5324,false,166,true,true,true,true,true,false,false,"0:[0, 1, 2, 3, 4, 5, 6, 7, 8, 9, 10, 11, 12, 13, 14, 15, 16, 17, 18, 19, 20, 21, 22, 23, 24, 25, 26, 27, 28, 29, 30, 31, 32, 33, 34, 35, 36, 37, 38, 39, 40, 41, 42, 43, 44, 45, 46, 47, 48, 49, 50, 51, 52, 53, 54, 55, 56, 57, 58, 59, 60, 61, 62, 63, 64, 65, 66, 67, 68, 69, 70, 71, 72, 73, 74, 75, 76, 77, 78, 79, 80, 81, 82, 83, 84, 85, 86, 87, 88, 89, 90, 91, 92, 93, 94, 95, 96, 97, 98, 99, 100, 101, 102, 103, 104, 105, 106, 107, 108, 109, 110, 111, 112, 113, 114, 115, 116, 117, 118, 119, 120, 121, 122, 123, 124, 125, 126, 127, 128, 129, 130, 131, 132, 133, 134, 135, 136, 137, 138, 139, 140, 141, 142, 143, 144, 145, 146, 147, 148, 149, 150, 151, 152, 153, 154, 155, 156, 157, 158, 159, 160, 161, 162, 163, 164, 165], 1:[], 2:[], 3:[], 4:[], 5:[], 6:[], 7:[], 8:[], 9:[], 10:[], 11:[], 12:[], 13:[], 14:[], 15:[], 16:[], 17:[], 18:[], 19:[], 20:[], 21:[], 22:[], 23:[], 24:[], 25:[], 26:[], 27:[], 28:[], 29:[], 30:[], 31:[], 32:[], 33:[], 34:[], 35:[], 36:[], 37:[], 38:[], 39:[], 40:[], 41:[], 42:[], 43:[], 44:[], 45:[], 46:[], 47:[], 48:[], 49:[], 50:[], 51:[], 52:[], 53:[], 54:[], 55:[], 56:[], 57:[], 58:[], 59:[], 60:[], 61:[], 62:[], 63:[], 64:[], 65:[], 66:[], 67:[], 68:[], 69:[], 70:[], 71:[], 72:[], 73:[], 74:[], 75:[], 76:[], 77:[], 78:[], 79:[], 80:[], 81:[], 82:[], 83:[], 84:[], 85:[], 86:[], 87:[], 88:[], 89:[], 90:[], 91:[], 92:[], 93:[], 94:[], 95:[], 96:[], 97:[], 98:[], 99:[], 100:[], 101:[], 102:[], 103:[], 104:[], 105:[], 106:[], 107:[], 108:[], 109:[], 110:[], 111:[], 112:[], 113:[], 114:[], 115:[], 116:[], 117:[], 118:[], 119:[], 120:[], 121:[], 122:[], 123:[], 124:[], 125:[], 126:[], 127:[], 128:[], 129:[], 130:[], 131:[], 132:[], 133:[], 134:[], 135:[], 136:[], 137:[], 138:[], 139:[], 140:[], 141:[], 142:[], 143:[], 144:[], 145:[], 146:[], 147:[], 148:[], 149:[], 150:[], 151:[], 152:[], 153:[], 154:[], 155:[], 156:[], 157:[], 158:[], 159:[], 160:[], 161:[], 162:[], 163:[], 164:[], 165:[]",49244307824,56723407998
3989,2,20424.2959,22172190,330920758,2642050068,518.7519,false,166,true,true,true,true,true,false,false,"0:[0, 1, 2, 3, 4, 5, 6, 7, 8, 9, 10, 11, 12, 13, 14, 15, 16, 17, 18, 19, 20, 21, 22, 23, 24, 25, 26, 27, 28, 29, 30, 31, 32, 33, 34, 35, 36, 37, 38, 39, 40, 41, 42, 43, 44, 45, 46, 47, 48, 49, 50, 51, 52, 53, 54, 55, 56, 57, 58, 59, 60, 61, 62, 63, 64, 65, 66, 67, 68, 69, 70, 71, 72, 73, 74, 75, 76, 77, 78, 79, 80, 81, 82, 83, 84, 85, 86, 87, 88, 89, 90, 91, 92, 93, 94, 95, 96, 97, 98, 99, 100, 101, 102, 103, 104, 105, 106, 107, 108, 109, 110, 111, 112, 113, 114, 115, 116, 117, 118, 119, 120, 121, 122, 123, 124, 125, 126, 127, 128, 129, 130, 131, 132, 133, 134, 135, 136, 137, 138, 139, 140, 141, 142, 143, 144, 145, 146, 147, 148, 149, 150, 151, 152, 153, 154, 155, 156, 157, 158, 159, 160, 161, 162, 163, 164, 165], 1:[], 2:[], 3:[], 4:[], 5:[], 6:[], 7:[], 8:[], 9:[], 10:[], 11:[], 12:[], 13:[], 14:[], 15:[], 16:[], 17:[], 18:[], 19:[], 20:[], 21:[], 22:[], 23:[], 24:[], 25:[], 26:[], 27:[], 28:[], 29:[], 30:[], 31:[], 32:[], 33:[], 34:[], 35:[], 36:[], 37:[], 38:[], 39:[], 40:[], 41:[], 42:[], 43:[], 44:[], 45:[], 46:[], 47:[], 48:[], 49:[], 50:[], 51:[], 52:[], 53:[], 54:[], 55:[], 56:[], 57:[], 58:[], 59:[], 60:[], 61:[], 62:[], 63:[], 64:[], 65:[], 66:[], 67:[], 68:[], 69:[], 70:[], 71:[], 72:[], 73:[], 74:[], 75:[], 76:[], 77:[], 78:[], 79:[], 80:[], 81:[], 82:[], 83:[], 84:[], 85:[], 86:[], 87:[], 88:[], 89:[], 90:[], 91:[], 92:[], 93:[], 94:[], 95:[], 96:[], 97:[], 98:[], 99:[], 100:[], 101:[], 102:[], 103:[], 104:[], 105:[], 106:[], 107:[], 108:[], 109:[], 110:[], 111:[], 112:[], 113:[], 114:[], 115:[], 116:[], 117:[], 118:[], 119:[], 120:[], 121:[], 122:[], 123:[], 124:[], 125:[], 126:[], 127:[], 128:[], 129:[], 130:[], 131:[], 132:[], 133:[], 134:[], 135:[], 136:[], 137:[], 138:[], 139:[], 140:[], 141:[], 142:[], 143:[], 144:[], 145:[], 146:[], 147:[], 148:[], 149:[], 150:[], 151:[], 152:[], 153:[], 154:[], 155:[], 156:[], 157:[], 158:[], 159:[], 160:[], 161:[], 162:[], 163:[], 164:[], 165:[]",49688589408,57369158702
4001,3,29141.9030,22372489,333915279,2665974398,650.1497,false,167,true,true,true,true,true,false,false,"0:[0, 1, 2, 3, 4, 5, 6, 7, 8, 9, 10, 11, 12, 13, 14, 15, 16, 17, 18, 19, 20, 21, 22, 23, 24, 25, 26, 27, 28, 29, 30, 31, 32, 33, 34, 35, 36, 37, 38, 39, 40, 41, 42, 43, 44, 45, 46, 47, 48, 49, 50, 51, 52, 53, 54, 55, 56, 57, 58, 59, 60, 61, 62, 63, 64, 65, 66, 67, 68, 69, 70, 71, 72, 73, 74, 75, 76, 77, 78, 79, 80, 81, 82, 83, 84, 85, 86, 87, 88, 89, 90, 91, 92, 93, 94, 95, 96, 97, 98, 99, 100, 101, 102, 103, 104, 105, 106, 107, 108, 109, 110, 111, 112, 113, 114, 115, 116, 117, 118, 119, 120, 121, 122, 123, 124, 125, 126, 127, 128, 129, 130, 131, 132, 133, 134, 135, 136, 137, 138, 139, 140, 141, 142, 143, 144, 145, 146, 147, 148, 149, 150, 151, 152, 153, 154, 155, 156, 157, 158, 159, 160, 161, 162, 163, 164, 165, 166], 1:[], 2:[], 3:[], 4:[], 5:[], 6:[], 7:[], 8:[], 9:[], 10:[], 11:[], 12:[], 13:[], 14:[], 15:[], 16:[], 17:[], 18:[], 19:[], 20:[], 21:[], 22:[], 23:[], 24:[], 25:[], 26:[], 27:[], 28:[], 29:[], 30:[], 31:[], 32:[], 33:[], 34:[], 35:[], 36:[], 37:[], 38:[], 39:[], 40:[], 41:[], 42:[], 43:[], 44:[], 45:[], 46:[], 47:[], 48:[], 49:[], 50:[], 51:[], 52:[], 53:[], 54:[], 55:[], 56:[], 57:[], 58:[], 59:[], 60:[], 61:[], 62:[], 63:[], 64:[], 65:[], 66:[], 67:[], 68:[], 69:[], 70:[], 71:[], 72:[], 73:[], 74:[], 75:[], 76:[], 77:[], 78:[], 79:[], 80:[], 81:[], 82:[], 83:[], 84:[], 85:[], 86:[], 87:[], 88:[], 89:[], 90:[], 91:[], 92:[], 93:[], 94:[], 95:[], 96:[], 97:[], 98:[], 99:[], 100:[], 101:[], 102:[], 103:[], 104:[], 105:[], 106:[], 107:[], 108:[], 109:[], 110:[], 111:[], 112:[], 113:[], 114:[], 115:[], 116:[], 117:[], 118:[], 119:[], 120:[], 121:[], 122:[], 123:[], 124:[], 125:[], 126:[], 127:[], 128:[], 129:[], 130:[], 131:[], 132:[], 133:[], 134:[], 135:[], 136:[], 137:[], 138:[], 139:[], 140:[], 141:[], 142:[], 143:[], 144:[], 145:[], 146:[], 147:[], 148:[], 149:[], 150:[], 151:[], 152:[], 153:[], 154:[], 155:[], 156:[], 157:[], 158:[], 159:[], 160:[], 161:[], 162:[], 163:[], 164:[], 165:[], 166:[]",49932958264,57724324995
4003,2,21901.9724,22405989,334415134,2669964085,527.9452,false,166,true,true,true,true,true,false,false,"0:[0, 1, 2, 3, 4, 5, 6, 7, 8, 9, 10, 11, 12, 13, 14, 15, 16, 17, 18, 19, 20, 21, 22, 23, 24, 25, 26, 27, 28, 29, 30, 31, 32, 33, 34, 35, 36, 37, 38, 39, 40, 41, 42, 43, 44, 45, 46, 47, 48, 49, 50, 51, 52, 53, 54, 55, 56, 57, 58, 59, 60, 61, 62, 63, 64, 65, 66, 67, 68, 69, 70, 71, 72, 73, 74, 75, 76, 77, 78, 79, 80, 81, 82, 83, 84, 85, 86, 87, 88, 89, 90, 91, 92, 93, 94, 95, 96, 97, 98, 99, 100, 101, 102, 103, 104, 105, 106, 107, 108, 109, 110, 111, 112, 113, 114, 115, 116, 117, 118, 119, 120, 121, 122, 123, 124, 125, 126, 127, 128, 129, 130, 131, 132, 133, 134, 135, 136, 137, 138, 139, 140, 141, 142, 143, 144, 145, 146, 147, 148, 149, 150, 151, 152, 153, 154, 155, 156, 157, 158, 159, 160, 161, 162, 163, 164, 165], 1:[], 2:[], 3:[], 4:[], 5:[], 6:[], 7:[], 8:[], 9:[], 10:[], 11:[], 12:[], 13:[], 14:[], 15:[], 16:[], 17:[], 18:[], 19:[], 20:[], 21:[], 22:[], 23:[], 24:[], 25:[], 26:[], 27:[], 28:[], 29:[], 30:[], 31:[], 32:[], 33:[], 34:[], 35:[], 36:[], 37:[], 38:[], 39:[], 40:[], 41:[], 42:[], 43:[], 44:[], 45:[], 46:[], 47:[], 48:[], 49:[], 50:[], 51:[], 52:[], 53:[], 54:[], 55:[], 56:[], 57:[], 58:[], 59:[], 60:[], 61:[], 62:[], 63:[], 64:[], 65:[], 66:[], 67:[], 68:[], 69:[], 70:[], 71:[], 72:[], 73:[], 74:[], 75:[], 76:[], 77:[], 78:[], 79:[], 80:[], 81:[], 82:[], 83:[], 84:[], 85:[], 86:[], 87:[], 88:[], 89:[], 90:[], 91:[], 92:[], 93:[], 94:[], 95:[], 96:[], 97:[], 98:[], 99:[], 100:[], 101:[], 102:[], 103:[], 104:[], 105:[], 106:[], 107:[], 108:[], 109:[], 110:[], 111:[], 112:[], 113:[], 114:[], 115:[], 116:[], 117:[], 118:[], 119:[], 120:[], 121:[], 122:[], 123:[], 124:[], 125:[], 126:[], 127:[], 128:[], 129:[], 130:[], 131:[], 132:[], 133:[], 134:[], 135:[], 136:[], 137:[], 138:[], 139:[], 140:[], 141:[], 142:[], 143:[], 144:[], 145:[], 146:[], 147:[], 148:[], 149:[], 150:[], 151:[], 152:[], 153:[], 154:[], 155:[], 156:[], 157:[], 158:[], 159:[], 160:[], 161:[], 162:[], 163:[], 164:[], 165:[]",49973750664,57783580030
4007,5,26431.2690,22473090,335418260,2677978132,481.2802,false,167,true,true,true,true,true,false,false,"0:[0, 1, 2, 3, 4, 5, 6, 7, 8, 9, 10, 11, 12, 13, 14, 15, 16, 17, 18, 19, 20, 21, 22, 23, 24, 25, 26, 27, 28, 29, 30, 31, 32, 33, 34, 35, 36, 37, 38, 39, 40, 41, 42, 43, 44, 45, 46, 47, 48, 49, 50, 51, 52, 53, 54, 55, 56, 57, 58, 59, 60, 61, 62, 63, 64, 65, 66, 67, 68, 69, 70, 71, 72, 73, 74, 75, 76, 77, 78, 79, 80, 81, 82, 83, 84, 85, 86, 87, 88, 89, 90, 91, 92, 93, 94, 95, 96, 97, 98, 99, 100, 101, 102, 103, 104, 105, 106, 107, 108, 109, 110, 111, 112, 113, 114, 115, 116, 117, 118, 119, 120, 121, 122, 123, 124, 125, 126, 127, 128, 129, 130, 131, 132, 133, 134, 135, 136, 137, 138, 139, 140, 141, 142, 143, 144, 145, 146, 147, 148, 149, 150, 151, 152, 153, 154, 155, 156, 157, 158, 159, 160, 161, 162, 163, 164, 165, 166], 1:[], 2:[], 3:[], 4:[], 5:[], 6:[], 7:[], 8:[], 9:[], 10:[], 11:[], 12:[], 13:[], 14:[], 15:[], 16:[], 17:[], 18:[], 19:[], 20:[], 21:[], 22:[], 23:[], 24:[], 25:[], 26:[], 27:[], 28:[], 29:[], 30:[], 31:[], 32:[], 33:[], 34:[], 35:[], 36:[], 37:[], 38:[], 39:[], 40:[], 41:[], 42:[], 43:[], 44:[], 45:[], 46:[], 47:[], 48:[], 49:[], 50:[], 51:[], 52:[], 53:[], 54:[], 55:[], 56:[], 57:[], 58:[], 59:[], 60:[], 61:[], 62:[], 63:[], 64:[], 65:[], 66:[], 67:[], 68:[], 69:[], 70:[], 71:[], 72:[], 73:[], 74:[], 75:[], 76:[], 77:[], 78:[], 79:[], 80:[], 81:[], 82:[], 83:[], 84:[], 85:[], 86:[], 87:[], 88:[], 89:[], 90:[], 91:[], 92:[], 93:[], 94:[], 95:[], 96:[], 97:[], 98:[], 99:[], 100:[], 101:[], 102:[], 103:[], 104:[], 105:[], 106:[], 107:[], 108:[], 109:[], 110:[], 111:[], 112:[], 113:[], 114:[], 115:[], 116:[], 117:[], 118:[], 119:[], 120:[], 121:[], 122:[], 123:[], 124:[], 125:[], 126:[], 127:[], 128:[], 129:[], 130:[], 131:[], 132:[], 133:[], 134:[], 135:[], 136:[], 137:[], 138:[], 139:[], 140:[], 141:[], 142:[], 143:[], 144:[], 145:[], 146:[], 147:[], 148:[], 149:[], 150:[], 151:[], 152:[], 153:[], 154:[], 155:[], 156:[], 157:[], 158:[], 159:[], 160:[], 161:[], 162:[], 163:[], 164:[], 165:[], 166:[]",50055611168,57902555588
4013,2,22394.9549,22573992,336927808,2690042655,625.3394,false,168,true,true,true,true,true,false,false,"0:[0, 1, 2, 3, 4, 5, 6, 7, 8, 9, 10, 11, 12, 13, 14, 15, 16, 17, 18, 19, 20, 21, 22, 23, 24, 25, 26, 27, 28, 29, 30, 31, 32, 33, 34, 35, 36, 37, 38, 39, 40, 41, 42, 43, 44, 45, 46, 47, 48, 49, 50, 51, 52, 53, 54, 55, 56, 57, 58, 59, 60, 61, 62, 63, 64, 65, 66, 67, 68, 69, 70, 71, 72, 73, 74, 75, 76, 77, 78, 79, 80, 81, 82, 83, 84, 85, 86, 87, 88, 89, 90, 91, 92, 93, 94, 95, 96, 97, 98, 99, 100, 101, 102, 103, 104, 105, 106, 107, 108, 109, 110, 111, 112, 113, 114, 115, 116, 117, 118, 119, 120, 121, 122, 123, 124, 125, 126, 127, 128, 129, 130, 131, 132, 133, 134, 135, 136, 137, 138, 139, 140, 141, 142, 143, 144, 145, 146, 147, 148, 149, 150, 151, 152, 153, 154, 155, 156, 157, 158, 159, 160, 161, 162, 163, 164, 165, 166, 167], 1:[], 2:[], 3:[], 4:[], 5:[], 6:[], 7:[], 8:[], 9:[], 10:[], 11:[], 12:[], 13:[], 14:[], 15:[], 16:[], 17:[], 18:[], 19:[], 20:[], 21:[], 22:[], 23:[], 24:[], 25:[], 26:[], 27:[], 28:[], 29:[], 30:[], 31:[], 32:[], 33:[], 34:[], 35:[], 36:[], 37:[], 38:[], 39:[], 40:[], 41:[], 42:[], 43:[], 44:[], 45:[], 46:[], 47:[], 48:[], 49:[], 50:[], 51:[], 52:[], 53:[], 54:[], 55:[], 56:[], 57:[], 58:[], 59:[], 60:[], 61:[], 62:[], 63:[], 64:[], 65:[], 66:[], 67:[], 68:[], 69:[], 70:[], 71:[], 72:[], 73:[], 74:[], 75:[], 76:[], 77:[], 78:[], 79:[], 80:[], 81:[], 82:[], 83:[], 84:[], 85:[], 86:[], 87:[], 88:[], 89:[], 90:[], 91:[], 92:[], 93:[], 94:[], 95:[], 96:[], 97:[], 98:[], 99:[], 100:[], 101:[], 102:[], 103:[], 104:[], 105:[], 106:[], 107:[], 108:[], 109:[], 110:[], 111:[], 112:[], 113:[], 114:[], 115:[], 116:[], 117:[], 118:[], 119:[], 120:[], 121:[], 122:[], 123:[], 124:[], 125:[], 126:[], 127:[], 128:[], 129:[], 130:[], 131:[], 132:[], 133:[], 134:[], 135:[], 136:[], 137:[], 138:[], 139:[], 140:[], 141:[], 142:[], 143:[], 144:[], 145:[], 146:[], 147:[], 148:[], 149:[], 150:[], 151:[], 152:[], 153:[], 154:[], 155:[], 156:[], 157:[], 158:[], 159:[], 160:[], 161:[], 162:[], 163:[], 164:[], 165:[], 166:[], 167:[]",50178796656,58081627184
4019,2,24487.5066,22675196,338439817,2702118544,501.6945,false,168,true,true,true,true,true,false,false,"0:[0, 1, 2, 3, 4, 5, 6, 7, 8, 9, 10, 11, 12, 13, 14, 15, 16, 17, 18, 19, 20, 21, 22, 23, 24, 25, 26, 27, 28, 29, 30, 31, 32, 33, 34, 35, 36, 37, 38, 39, 40, 41, 42, 43, 44, 45, 46, 47, 48, 49, 50, 51, 52, 53, 54, 55, 56, 57, 58, 59, 60, 61, 62, 63, 64, 65, 66, 67, 68, 69, 70, 71, 72, 73, 74, 75, 76, 77, 78, 79, 80, 81, 82, 83, 84, 85, 86, 87, 88, 89, 90, 91, 92, 93, 94, 95, 96, 97, 98, 99, 100, 101, 102, 103, 104, 105, 106, 107, 108, 109, 110, 111, 112, 113, 114, 115, 116, 117, 118, 119, 120, 121, 122, 123, 124, 125, 126, 127, 128, 129, 130, 131, 132, 133, 134, 135, 136, 137, 138, 139, 140, 141, 142, 143, 144, 145, 146, 147, 148, 149, 150, 151, 152, 153, 154, 155, 156, 157, 158, 159, 160, 161, 162, 163, 164, 165, 166, 167], 1:[], 2:[], 3:[], 4:[], 5:[], 6:[], 7:[], 8:[], 9:[], 10:[], 11:[], 12:[], 13:[], 14:[], 15:[], 16:[], 17:[], 18:[], 19:[], 20:[], 21:[], 22:[], 23:[], 24:[], 25:[], 26:[], 27:[], 28:[], 29:[], 30:[], 31:[], 32:[], 33:[], 34:[], 35:[], 36:[], 37:[], 38:[], 39:[], 40:[], 41:[], 42:[], 43:[], 44:[], 45:[], 46:[], 47:[], 48:[], 49:[], 50:[], 51:[], 52:[], 53:[], 54:[], 55:[], 56:[], 57:[], 58:[], 59:[], 60:[], 61:[], 62:[], 63:[], 64:[], 65:[], 66:[], 67:[], 68:[], 69:[], 70:[], 71:[], 72:[], 73:[], 74:[], 75:[], 76:[], 77:[], 78:[], 79:[], 80:[], 81:[], 82:[], 83:[], 84:[], 85:[], 86:[], 87:[], 88:[], 89:[], 90:[], 91:[], 92:[], 93:[], 94:[], 95:[], 96:[], 97:[], 98:[], 99:[], 100:[], 101:[], 102:[], 103:[], 104:[], 105:[], 106:[], 107:[], 108:[], 109:[], 110:[], 111:[], 112:[], 113:[], 114:[], 115:[], 116:[], 117:[], 118:[], 119:[], 120:[], 121:[], 122:[], 123:[], 124:[], 125:[], 126:[], 127:[], 128:[], 129:[], 130:[], 131:[], 132:[], 133:[], 134:[], 135:[], 136:[], 137:[], 138:[], 139:[], 140:[], 141:[], 142:[], 143:[], 144:[], 145:[], 146:[], 147:[], 148:[], 149:[], 150:[], 151:[], 152:[], 153:[], 154:[], 155:[], 156:[], 157:[], 158:[], 159:[], 160:[], 161:[], 162:[], 163:[], 164:[], 165:[], 166:[], 167:[]",50302186272,58260928141
4021,2,22399.0394,22708997,338946184,2706168246,533.2441,false,167,true,true,true,true,true,false,false,"0:[0, 1, 2, 3, 4, 5, 6, 7, 8, 9, 10, 11, 12, 13, 14, 15, 16, 17, 18, 19, 20, 21, 22, 23, 24, 25, 26, 27, 28, 29, 30, 31, 32, 33, 34, 35, 36, 37, 38, 39, 40, 41, 42, 43, 44, 45, 46, 47, 48, 49, 50, 51, 52, 53, 54, 55, 56, 57, 58, 59, 60, 61, 62, 63, 64, 65, 66, 67, 68, 69, 70, 71, 72, 73, 74, 75, 76, 77, 78, 79, 80, 81, 82, 83, 84, 85, 86, 87, 88, 89, 90, 91, 92, 93, 94, 95, 96, 97, 98, 99, 100, 101, 102, 103, 104, 105, 106, 107, 108, 109, 110, 111, 112, 113, 114, 115, 116, 117, 118, 119, 120, 121, 122, 123, 124, 125, 126, 127, 128, 129, 130, 131, 132, 133, 134, 135, 136, 137, 138, 139, 140, 141, 142, 143, 144, 145, 146, 147, 148, 149, 150, 151, 152, 153, 154, 155, 156, 157, 158, 159, 160, 161, 162, 163, 164, 165, 166], 1:[], 2:[], 3:[], 4:[], 5:[], 6:[], 7:[], 8:[], 9:[], 10:[], 11:[], 12:[], 13:[], 14:[], 15:[], 16:[], 17:[], 18:[], 19:[], 20:[], 21:[], 22:[], 23:[], 24:[], 25:[], 26:[], 27:[], 28:[], 29:[], 30:[], 31:[], 32:[], 33:[], 34:[], 35:[], 36:[], 37:[], 38:[], 39:[], 40:[], 41:[], 42:[], 43:[], 44:[], 45:[], 46:[], 47:[], 48:[], 49:[], 50:[], 51:[], 52:[], 53:[], 54:[], 55:[], 56:[], 57:[], 58:[], 59:[], 60:[], 61:[], 62:[], 63:[], 64:[], 65:[], 66:[], 67:[], 68:[], 69:[], 70:[], 71:[], 72:[], 73:[], 74:[], 75:[], 76:[], 77:[], 78:[], 79:[], 80:[], 81:[], 82:[], 83:[], 84:[], 85:[], 86:[], 87:[], 88:[], 89:[], 90:[], 91:[], 92:[], 93:[], 94:[], 95:[], 96:[], 97:[], 98:[], 99:[], 100:[], 101:[], 102:[], 103:[], 104:[], 105:[], 106:[], 107:[], 108:[], 109:[], 110:[], 111:[], 112:[], 113:[], 114:[], 115:[], 116:[], 117:[], 118:[], 119:[], 120:[], 121:[], 122:[], 123:[], 124:[], 125:[], 126:[], 127:[], 128:[], 129:[], 130:[], 131:[], 132:[], 133:[], 134:[], 135:[], 136:[], 137:[], 138:[], 139:[], 140:[], 141:[], 142:[], 143:[], 144:[], 145:[], 146:[], 147:[], 148:[], 149:[], 150:[], 151:[], 152:[], 153:[], 154:[], 155:[], 156:[], 157:[], 158:[], 159:[], 160:[], 161:[], 162:[], 163:[], 164:[], 165:[], 166:[]",50343506856,58321016816
4027,2,25185.3257,22810603,340464247,2718292712,551.6092,false,167,true,true,true,true,true,false,false,"0:[0, 1, 2, 3, 4, 5, 6, 7, 8, 9, 10, 11, 12, 13, 14, 15, 16, 17, 18, 19, 20, 21, 22, 23, 24, 25, 26, 27, 28, 29, 30, 31, 32, 33, 34, 35, 36, 37, 38, 39, 40, 41, 42, 43, 44, 45, 46, 47, 48, 49, 50, 51, 52, 53, 54, 55, 56, 57, 58, 59, 60, 61, 62, 63, 64, 65, 66, 67, 68, 69, 70, 71, 72, 73, 74, 75, 76, 77, 78, 79, 80, 81, 82, 83, 84, 85, 86, 87, 88, 89, 90, 91, 92, 93, 94, 95, 96, 97, 98, 99, 100, 101, 102, 103, 104, 105, 106, 107, 108, 109, 110, 111, 112, 113, 114, 115, 116, 117, 118, 119, 120, 121, 122, 123, 124, 125, 126, 127, 128, 129, 130, 131, 132, 133, 134, 135, 136, 137, 138, 139, 140, 141, 142, 143, 144, 145, 146, 147, 148, 149, 150, 151, 152, 153, 154, 155, 156, 157, 158, 159, 160, 161, 162, 163, 164, 165, 166], 1:[], 2:[], 3:[], 4:[], 5:[], 6:[], 7:[], 8:[], 9:[], 10:[], 11:[], 12:[], 13:[], 14:[], 15:[], 16:[], 17:[], 18:[], 19:[], 20:[], 21:[], 22:[], 23:[], 24:[], 25:[], 26:[], 27:[], 28:[], 29:[], 30:[], 31:[], 32:[], 33:[], 34:[], 35:[], 36:[], 37:[], 38:[], 39:[], 40:[], 41:[], 42:[], 43:[], 44:[], 45:[], 46:[], 47:[], 48:[], 49:[], 50:[], 51:[], 52:[], 53:[], 54:[], 55:[], 56:[], 57:[], 58:[], 59:[], 60:[], 61:[], 62:[], 63:[], 64:[], 65:[], 66:[], 67:[], 68:[], 69:[], 70:[], 71:[], 72:[], 73:[], 74:[], 75:[], 76:[], 77:[], 78:[], 79:[], 80:[], 81:[], 82:[], 83:[], 84:[], 85:[], 86:[], 87:[], 88:[], 89:[], 90:[], 91:[], 92:[], 93:[], 94:[], 95:[], 96:[], 97:[], 98:[], 99:[], 100:[], 101:[], 102:[], 103:[], 104:[], 105:[], 106:[], 107:[], 108:[], 109:[], 110:[], 111:[], 112:[], 113:[], 114:[], 115:[], 116:[], 117:[], 118:[], 119:[], 120:[], 121:[], 122:[], 123:[], 124:[], 125:[], 126:[], 127:[], 128:[], 129:[], 130:[], 131:[], 132:[], 133:[], 134:[], 135:[], 136:[], 137:[], 138:[], 139:[], 140:[], 141:[], 142:[], 143:[], 144:[], 145:[], 146:[], 147:[], 148:[], 149:[], 150:[], 151:[], 152:[], 153:[], 154:[], 155:[], 156:[], 157:[], 158:[], 159:[], 160:[], 161:[], 162:[], 163:[], 164:[], 165:[], 166:[]",50467390440,58501036411
4049,3,26265.7016,23185753,346073897,2763114222,499.0868,false,169,true,true,true,true,true,false,false,"0:[0, 1, 2, 3, 4, 5, 6, 7, 8, 9, 10, 11, 12, 13, 14, 15, 16, 17, 18, 19, 20, 21, 22, 23, 24, 25, 26, 27, 28, 29, 30, 31, 32, 33, 34, 35, 36, 37, 38, 39, 40, 41, 42, 43, 44, 45, 46, 47, 48, 49, 50, 51, 52, 53, 54, 55, 56, 57, 58, 59, 60, 61, 62, 63, 64, 65, 66, 67, 68, 69, 70, 71, 72, 73, 74, 75, 76, 77, 78, 79, 80, 81, 82, 83, 84, 85, 86, 87, 88, 89, 90, 91, 92, 93, 94, 95, 96, 97, 98, 99, 100, 101, 102, 103, 104, 105, 106, 107, 108, 109, 110, 111, 112, 113, 114, 115, 116, 117, 118, 119, 120, 121, 122, 123, 124, 125, 126, 127, 128, 129, 130, 131, 132, 133, 134, 135, 136, 137, 138, 139, 140, 141, 142, 143, 144, 145, 146, 147, 148, 149, 150, 151, 152, 153, 154, 155, 156, 157, 158, 159, 160, 161, 162, 163, 164, 165, 166, 167, 168], 1:[], 2:[], 3:[], 4:[], 5:[], 6:[], 7:[], 8:[], 9:[], 10:[], 11:[], 12:[], 13:[], 14:[], 15:[], 16:[], 17:[], 18:[], 19:[], 20:[], 21:[], 22:[], 23:[], 24:[], 25:[], 26:[], 27:[], 28:[], 29:[], 30:[], 31:[], 32:[], 33:[], 34:[], 35:[], 36:[], 37:[], 38:[], 39:[], 40:[], 41:[], 42:[], 43:[], 44:[], 45:[], 46:[], 47:[], 48:[], 49:[], 50:[], 51:[], 52:[], 53:[], 54:[], 55:[], 56:[], 57:[], 58:[], 59:[], 60:[], 61:[], 62:[], 63:[], 64:[], 65:[], 66:[], 67:[], 68:[], 69:[], 70:[], 71:[], 72:[], 73:[], 74:[], 75:[], 76:[], 77:[], 78:[], 79:[], 80:[], 81:[], 82:[], 83:[], 84:[], 85:[], 86:[], 87:[], 88:[], 89:[], 90:[], 91:[], 92:[], 93:[], 94:[], 95:[], 96:[], 97:[], 98:[], 99:[], 100:[], 101:[], 102:[], 103:[], 104:[], 105:[], 106:[], 107:[], 108:[], 109:[], 110:[], 111:[], 112:[], 113:[], 114:[], 115:[], 116:[], 117:[], 118:[], 119:[], 120:[], 121:[], 122:[], 123:[], 124:[], 125:[], 126:[], 127:[], 128:[], 129:[], 130:[], 131:[], 132:[], 133:[], 134:[], 135:[], 136:[], 137:[], 138:[], 139:[], 140:[], 141:[], 142:[], 143:[], 144:[], 145:[], 146:[], 147:[], 148:[], 149:[], 150:[], 151:[], 152:[], 153:[], 154:[], 155:[], 156:[], 157:[], 158:[], 159:[], 160:[], 161:[], 162:[], 163:[], 164:[], 165:[], 166:[], 167:[], 168:[]",50925166040,59166399845
4051,2,22592.4273,23220059,346585845,2767200676,530.1106,false,169,true,true,true,true,true,false,false,"0:[0, 1, 2, 3, 4, 5, 6, 7, 8, 9, 10, 11, 12, 13, 14, 15, 16, 17, 18, 19, 20, 21, 22, 23, 24, 25, 26, 27, 28, 29, 30, 31, 32, 33, 34, 35, 36, 37, 38, 39, 40, 41, 42, 43, 44, 45, 46, 47, 48, 49, 50, 51, 52, 53, 54, 55, 56, 57, 58, 59, 60, 61, 62, 63, 64, 65, 66, 67, 68, 69, 70, 71, 72, 73, 74, 75, 76, 77, 78, 79, 80, 81, 82, 83, 84, 85, 86, 87, 88, 89, 90, 91, 92, 93, 94, 95, 96, 97, 98, 99, 100, 101, 102, 103, 104, 105, 106, 107, 108, 109, 110, 111, 112, 113, 114, 115, 116, 117, 118, 119, 120, 121, 122, 123, 124, 125, 126, 127, 128, 129, 130, 131, 132, 133, 134, 135, 136, 137, 138, 139, 140, 141, 142, 143, 144, 145, 146, 147, 148, 149, 150, 151, 152, 153, 154, 155, 156, 157, 158, 159, 160, 161, 162, 163, 164, 165, 166, 167, 168], 1:[], 2:[], 3:[], 4:[], 5:[], 6:[], 7:[], 8:[], 9:[], 10:[], 11:[], 12:[], 13:[], 14:[], 15:[], 16:[], 17:[], 18:[], 19:[], 20:[], 21:[], 22:[], 23:[], 24:[], 25:[], 26:[], 27:[], 28:[], 29:[], 30:[], 31:[], 32:[], 33:[], 34:[], 35:[], 36:[], 37:[], 38:[], 39:[], 40:[], 41:[], 42:[], 43:[], 44:[], 45:[], 46:[], 47:[], 48:[], 49:[], 50:[], 51:[], 52:[], 53:[], 54:[], 55:[], 56:[], 57:[], 58:[], 59:[], 60:[], 61:[], 62:[], 63:[], 64:[], 65:[], 66:[], 67:[], 68:[], 69:[], 70:[], 71:[], 72:[], 73:[], 74:[], 75:[], 76:[], 77:[], 78:[], 79:[], 80:[], 81:[], 82:[], 83:[], 84:[], 85:[], 86:[], 87:[], 88:[], 89:[], 90:[], 91:[], 92:[], 93:[], 94:[], 95:[], 96:[], 97:[], 98:[], 99:[], 100:[], 101:[], 102:[], 103:[], 104:[], 105:[], 106:[], 107:[], 108:[], 109:[], 110:[], 111:[], 112:[], 113:[], 114:[], 115:[], 116:[], 117:[], 118:[], 119:[], 120:[], 121:[], 122:[], 123:[], 124:[], 125:[], 126:[], 127:[], 128:[], 129:[], 130:[], 131:[], 132:[], 133:[], 134:[], 135:[], 136:[], 137:[], 138:[], 139:[], 140:[], 141:[], 142:[], 143:[], 144:[], 145:[], 146:[], 147:[], 148:[], 149:[], 150:[], 151:[], 152:[], 153:[], 154:[], 155:[], 156:[], 157:[], 158:[], 159:[], 160:[], 161:[], 162:[], 163:[], 164:[], 165:[], 166:[], 167:[], 168:[]",50966945224,59227089521
4057,5,30535.1155,23323183,348128606,2779530301,504.2285,false,169,true,true,true,true,true,false,false,"0:[0, 1, 2, 3, 4, 5, 6, 7, 8, 9, 10, 11, 12, 13, 14, 15, 16, 17, 18, 19, 20, 21, 22, 23, 24, 25, 26, 27, 28, 29, 30, 31, 32, 33, 34, 35, 36, 37, 38, 39, 40, 41, 42, 43, 44, 45, 46, 47, 48, 49, 50, 51, 52, 53, 54, 55, 56, 57, 58, 59, 60, 61, 62, 63, 64, 65, 66, 67, 68, 69, 70, 71, 72, 73, 74, 75, 76, 77, 78, 79, 80, 81, 82, 83, 84, 85, 86, 87, 88, 89, 90, 91, 92, 93, 94, 95, 96, 97, 98, 99, 100, 101, 102, 103, 104, 105, 106, 107, 108, 109, 110, 111, 112, 113, 114, 115, 116, 117, 118, 119, 120, 121, 122, 123, 124, 125, 126, 127, 128, 129, 130, 131, 132, 133, 134, 135, 136, 137, 138, 139, 140, 141, 142, 143, 144, 145, 146, 147, 148, 149, 150, 151, 152, 153, 154, 155, 156, 157, 158, 159, 160, 161, 162, 163, 164, 165, 166, 167, 168], 1:[], 2:[], 3:[], 4:[], 5:[], 6:[], 7:[], 8:[], 9:[], 10:[], 11:[], 12:[], 13:[], 14:[], 15:[], 16:[], 17:[], 18:[], 19:[], 20:[], 21:[], 22:[], 23:[], 24:[], 25:[], 26:[], 27:[], 28:[], 29:[], 30:[], 31:[], 32:[], 33:[], 34:[], 35:[], 36:[], 37:[], 38:[], 39:[], 40:[], 41:[], 42:[], 43:[], 44:[], 45:[], 46:[], 47:[], 48:[], 49:[], 50:[], 51:[], 52:[], 53:[], 54:[], 55:[], 56:[], 57:[], 58:[], 59:[], 60:[], 61:[], 62:[], 63:[], 64:[], 65:[], 66:[], 67:[], 68:[], 69:[], 70:[], 71:[], 72:[], 73:[], 74:[], 75:[], 76:[], 77:[], 78:[], 79:[], 80:[], 81:[], 82:[], 83:[], 84:[], 85:[], 86:[], 87:[], 88:[], 89:[], 90:[], 91:[], 92:[], 93:[], 94:[], 95:[], 96:[], 97:[], 98:[], 99:[], 100:[], 101:[], 102:[], 103:[], 104:[], 105:[], 106:[], 107:[], 108:[], 109:[], 110:[], 111:[], 112:[], 113:[], 114:[], 115:[], 116:[], 117:[], 118:[], 119:[], 120:[], 121:[], 122:[], 123:[], 124:[], 125:[], 126:[], 127:[], 128:[], 129:[], 130:[], 131:[], 132:[], 133:[], 134:[], 135:[], 136:[], 137:[], 138:[], 139:[], 140:[], 141:[], 142:[], 143:[], 144:[], 145:[], 146:[], 147:[], 148:[], 149:[], 150:[], 151:[], 152:[], 153:[], 154:[], 155:[], 156:[], 157:[], 158:[], 159:[], 160:[], 161:[], 162:[], 163:[], 164:[], 165:[], 166:[], 167:[], 168:[]",51092841080,59410099438
4073,3,30145.6667,23599672,352262401,2812557505,567.8806,false,169,true,true,true,true,true,false,false,"0:[0, 1, 2, 3, 4, 5, 6, 7, 8, 9, 10, 11, 12, 13, 14, 15, 16, 17, 18, 19, 20, 21, 22, 23, 24, 25, 26, 27, 28, 29, 30, 31, 32, 33, 34, 35, 36, 37, 38, 39, 40, 41, 42, 43, 44, 45, 46, 47, 48, 49, 50, 51, 52, 53, 54, 55, 56, 57, 58, 59, 60, 61, 62, 63, 64, 65, 66, 67, 68, 69, 70, 71, 72, 73, 74, 75, 76, 77, 78, 79, 80, 81, 82, 83, 84, 85, 86, 87, 88, 89, 90, 91, 92, 93, 94, 95, 96, 97, 98, 99, 100, 101, 102, 103, 104, 105, 106, 107, 108, 109, 110, 111, 112, 113, 114, 115, 116, 117, 118, 119, 120, 121, 122, 123, 124, 125, 126, 127, 128, 129, 130, 131, 132, 133, 134, 135, 136, 137, 138, 139, 140, 141, 142, 143, 144, 145, 146, 147, 148, 149, 150, 151, 152, 153, 154, 155, 156, 157, 158, 159, 160, 161, 162, 163, 164, 165, 166, 167, 168], 1:[], 2:[], 3:[], 4:[], 5:[], 6:[], 7:[], 8:[], 9:[], 10:[], 11:[], 12:[], 13:[], 14:[], 15:[], 16:[], 17:[], 18:[], 19:[], 20:[], 21:[], 22:[], 23:[], 24:[], 25:[], 26:[], 27:[], 28:[], 29:[], 30:[], 31:[], 32:[], 33:[], 34:[], 35:[], 36:[], 37:[], 38:[], 39:[], 40:[], 41:[], 42:[], 43:[], 44:[], 45:[], 46:[], 47:[], 48:[], 49:[], 50:[], 51:[], 52:[], 53:[], 54:[], 55:[], 56:[], 57:[], 58:[], 59:[], 60:[], 61:[], 62:[], 63:[], 64:[], 65:[], 66:[], 67:[], 68:[], 69:[], 70:[], 71:[], 72:[], 73:[], 74:[], 75:[], 76:[], 77:[], 78:[], 79:[], 80:[], 81:[], 82:[], 83:[], 84:[], 85:[], 86:[], 87:[], 88:[], 89:[], 90:[], 91:[], 92:[], 93:[], 94:[], 95:[], 96:[], 97:[], 98:[], 99:[], 100:[], 101:[], 102:[], 103:[], 104:[], 105:[], 106:[], 107:[], 108:[], 109:[], 110:[], 111:[], 112:[], 113:[], 114:[], 115:[], 116:[], 117:[], 118:[], 119:[], 120:[], 121:[], 122:[], 123:[], 124:[], 125:[], 126:[], 127:[], 128:[], 129:[], 130:[], 131:[], 132:[], 133:[], 134:[], 135:[], 136:[], 137:[], 138:[], 139:[], 140:[], 141:[], 142:[], 143:[], 144:[], 145:[], 146:[], 147:[], 148:[], 149:[], 150:[], 151:[], 152:[], 153:[], 154:[], 155:[], 156:[], 157:[], 158:[], 159:[], 160:[], 161:[], 162:[], 163:[], 164:[], 165:[], 166:[], 167:[], 168:[]",51430180416,59900388901
4079,11,28341.8258,23703917,353819891,2824996711,506.0436,false,169,true,true,true,true,true,false,false,"0:[0, 1, 2, 3, 4, 5, 6, 7, 8, 9, 10, 11, 12, 13, 14, 15, 16, 17, 18, 19, 20, 21, 22, 23, 24, 25, 26, 27, 28, 29, 30, 31, 32, 33, 34, 35, 36, 37, 38, 39, 40, 41, 42, 43, 44, 45, 46, 47, 48, 49, 50, 51, 52, 53, 54, 55, 56, 57, 58, 59, 60, 61, 62, 63, 64, 65, 66, 67, 68, 69, 70, 71, 72, 73, 74, 75, 76, 77, 78, 79, 80, 81, 82, 83, 84, 85, 86, 87, 88, 89, 90, 91, 92, 93, 94, 95, 96, 97, 98, 99, 100, 101, 102, 103, 104, 105, 106, 107, 108, 109, 110, 111, 112, 113, 114, 115, 116, 117, 118, 119, 120, 121, 122, 123, 124, 125, 126, 127, 128, 129, 130, 131, 132, 133, 134, 135, 136, 137, 138, 139, 140, 141, 142, 143, 144, 145, 146, 147, 148, 149, 150, 151, 152, 153, 154, 155, 156, 157, 158, 159, 160, 161, 162, 163, 164, 165, 166, 167, 168], 1:[], 2:[], 3:[], 4:[], 5:[], 6:[], 7:[], 8:[], 9:[], 10:[], 11:[], 12:[], 13:[], 14:[], 15:[], 16:[], 17:[], 18:[], 19:[], 20:[], 21:[], 22:[], 23:[], 24:[], 25:[], 26:[], 27:[], 28:[], 29:[], 30:[], 31:[], 32:[], 33:[], 34:[], 35:[], 36:[], 37:[], 38:[], 39:[], 40:[], 41:[], 42:[], 43:[], 44:[], 45:[], 46:[], 47:[], 48:[], 49:[], 50:[], 51:[], 52:[], 53:[], 54:[], 55:[], 56:[], 57:[], 58:[], 59:[], 60:[], 61:[], 62:[], 63:[], 64:[], 65:[], 66:[], 67:[], 68:[], 69:[], 70:[], 71:[], 72:[], 73:[], 74:[], 75:[], 76:[], 77:[], 78:[], 79:[], 80:[], 81:[], 82:[], 83:[], 84:[], 85:[], 86:[], 87:[], 88:[], 89:[], 90:[], 91:[], 92:[], 93:[], 94:[], 95:[], 96:[], 97:[], 98:[], 99:[], 100:[], 101:[], 102:[], 103:[], 104:[], 105:[], 106:[], 107:[], 108:[], 109:[], 110:[], 111:[], 112:[], 113:[], 114:[], 115:[], 116:[], 117:[], 118:[], 119:[], 120:[], 121:[], 122:[], 123:[], 124:[], 125:[], 126:[], 127:[], 128:[], 129:[], 130:[], 131:[], 132:[], 133:[], 134:[], 135:[], 136:[], 137:[], 138:[], 139:[], 140:[], 141:[], 142:[], 143:[], 144:[], 145:[], 146:[], 147:[], 148:[], 149:[], 150:[], 151:[], 152:[], 153:[], 154:[], 155:[], 156:[], 157:[], 158:[], 159:[], 160:[], 161:[], 162:[], 163:[], 164:[], 165:[], 166:[], 167:[], 168:[]",51557281496,60085083415
4091,2,23330.3363,23913324,356950793,2850011274,571.9420,false,171,true,true,true,true,true,false,false,"0:[0, 1, 2, 3, 4, 5, 6, 7, 8, 9, 10, 11, 12, 13, 14, 15, 16, 17, 18, 19, 20, 21, 22, 23, 24, 25, 26, 27, 28, 29, 30, 31, 32, 33, 34, 35, 36, 37, 38, 39, 40, 41, 42, 43, 44, 45, 46, 47, 48, 49, 50, 51, 52, 53, 54, 55, 56, 57, 58, 59, 60, 61, 62, 63, 64, 65, 66, 67, 68, 69, 70, 71, 72, 73, 74, 75, 76, 77, 78, 79, 80, 81, 82, 83, 84, 85, 86, 87, 88, 89, 90, 91, 92, 93, 94, 95, 96, 97, 98, 99, 100, 101, 102, 103, 104, 105, 106, 107, 108, 109, 110, 111, 112, 113, 114, 115, 116, 117, 118, 119, 120, 121, 122, 123, 124, 125, 126, 127, 128, 129, 130, 131, 132, 133, 134, 135, 136, 137, 138, 139, 140, 141, 142, 143, 144, 145, 146, 147, 148, 149, 150, 151, 152, 153, 154, 155, 156, 157, 158, 159, 160, 161, 162, 163, 164, 165, 166, 167, 168, 169, 170], 1:[], 2:[], 3:[], 4:[], 5:[], 6:[], 7:[], 8:[], 9:[], 10:[], 11:[], 12:[], 13:[], 14:[], 15:[], 16:[], 17:[], 18:[], 19:[], 20:[], 21:[], 22:[], 23:[], 24:[], 25:[], 26:[], 27:[], 28:[], 29:[], 30:[], 31:[], 32:[], 33:[], 34:[], 35:[], 36:[], 37:[], 38:[], 39:[], 40:[], 41:[], 42:[], 43:[], 44:[], 45:[], 46:[], 47:[], 48:[], 49:[], 50:[], 51:[], 52:[], 53:[], 54:[], 55:[], 56:[], 57:[], 58:[], 59:[], 60:[], 61:[], 62:[], 63:[], 64:[], 65:[], 66:[], 67:[], 68:[], 69:[], 70:[], 71:[], 72:[], 73:[], 74:[], 75:[], 76:[], 77:[], 78:[], 79:[], 80:[], 81:[], 82:[], 83:[], 84:[], 85:[], 86:[], 87:[], 88:[], 89:[], 90:[], 91:[], 92:[], 93:[], 94:[], 95:[], 96:[], 97:[], 98:[], 99:[], 100:[], 101:[], 102:[], 103:[], 104:[], 105:[], 106:[], 107:[], 108:[], 109:[], 110:[], 111:[], 112:[], 113:[], 114:[], 115:[], 116:[], 117:[], 118:[], 119:[], 120:[], 121:[], 122:[], 123:[], 124:[], 125:[], 126:[], 127:[], 128:[], 129:[], 130:[], 131:[], 132:[], 133:[], 134:[], 135:[], 136:[], 137:[], 138:[], 139:[], 140:[], 141:[], 142:[], 143:[], 144:[], 145:[], 146:[], 147:[], 148:[], 149:[], 150:[], 151:[], 152:[], 153:[], 154:[], 155:[], 156:[], 157:[], 158:[], 159:[], 160:[], 161:[], 162:[], 163:[], 164:[], 165:[], 166:[], 167:[], 168:[], 169:[], 170:[]",51812779424,60456424717
4093,2,26712.1788,23948345,357475460,2854207500,572.0272,false,171,true,true,true,true,true,false,false,"0:[0, 1, 2, 3, 4, 5, 6, 7, 8, 9, 10, 11, 12, 13, 14, 15, 16, 17, 18, 19, 20, 21, 22, 23, 24, 25, 26, 27, 28, 29, 30, 31, 32, 33, 34, 35, 36, 37, 38, 39, 40, 41, 42, 43, 44, 45, 46, 47, 48, 49, 50, 51, 52, 53, 54, 55, 56, 57, 58, 59, 60, 61, 62, 63, 64, 65, 66, 67, 68, 69, 70, 71, 72, 73, 74, 75, 76, 77, 78, 79, 80, 81, 82, 83, 84, 85, 86, 87, 88, 89, 90, 91, 92, 93, 94, 95, 96, 97, 98, 99, 100, 101, 102, 103, 104, 105, 106, 107, 108, 109, 110, 111, 112, 113, 114, 115, 116, 117, 118, 119, 120, 121, 122, 123, 124, 125, 126, 127, 128, 129, 130, 131, 132, 133, 134, 135, 136, 137, 138, 139, 140, 141, 142, 143, 144, 145, 146, 147, 148, 149, 150, 151, 152, 153, 154, 155, 156, 157, 158, 159, 160, 161, 162, 163, 164, 165, 166, 167, 168, 169, 170], 1:[], 2:[], 3:[], 4:[], 5:[], 6:[], 7:[], 8:[], 9:[], 10:[], 11:[], 12:[], 13:[], 14:[], 15:[], 16:[], 17:[], 18:[], 19:[], 20:[], 21:[], 22:[], 23:[], 24:[], 25:[], 26:[], 27:[], 28:[], 29:[], 30:[], 31:[], 32:[], 33:[], 34:[], 35:[], 36:[], 37:[], 38:[], 39:[], 40:[], 41:[], 42:[], 43:[], 44:[], 45:[], 46:[], 47:[], 48:[], 49:[], 50:[], 51:[], 52:[], 53:[], 54:[], 55:[], 56:[], 57:[], 58:[], 59:[], 60:[], 61:[], 62:[], 63:[], 64:[], 65:[], 66:[], 67:[], 68:[], 69:[], 70:[], 71:[], 72:[], 73:[], 74:[], 75:[], 76:[], 77:[], 78:[], 79:[], 80:[], 81:[], 82:[], 83:[], 84:[], 85:[], 86:[], 87:[], 88:[], 89:[], 90:[], 91:[], 92:[], 93:[], 94:[], 95:[], 96:[], 97:[], 98:[], 99:[], 100:[], 101:[], 102:[], 103:[], 104:[], 105:[], 106:[], 107:[], 108:[], 109:[], 110:[], 111:[], 112:[], 113:[], 114:[], 115:[], 116:[], 117:[], 118:[], 119:[], 120:[], 121:[], 122:[], 123:[], 124:[], 125:[], 126:[], 127:[], 128:[], 129:[], 130:[], 131:[], 132:[], 133:[], 134:[], 135:[], 136:[], 137:[], 138:[], 139:[], 140:[], 141:[], 142:[], 143:[], 144:[], 145:[], 146:[], 147:[], 148:[], 149:[], 150:[], 151:[], 152:[], 153:[], 154:[], 155:[], 156:[], 157:[], 158:[], 159:[], 160:[], 161:[], 162:[], 163:[], 164:[], 165:[], 166:[], 167:[], 168:[], 169:[], 170:[]",51855593288,60518684636
4099,2,21564.0866,24053613,359048319,2866769790,532.6306,false,171,true,true,true,true,true,false,false,"0:[0, 1, 2, 3, 4, 5, 6, 7, 8, 9, 10, 11, 12, 13, 14, 15, 16, 17, 18, 19, 20, 21, 22, 23, 24, 25, 26, 27, 28, 29, 30, 31, 32, 33, 34, 35, 36, 37, 38, 39, 40, 41, 42, 43, 44, 45, 46, 47, 48, 49, 50, 51, 52, 53, 54, 55, 56, 57, 58, 59, 60, 61, 62, 63, 64, 65, 66, 67, 68, 69, 70, 71, 72, 73, 74, 75, 76, 77, 78, 79, 80, 81, 82, 83, 84, 85, 86, 87, 88, 89, 90, 91, 92, 93, 94, 95, 96, 97, 98, 99, 100, 101, 102, 103, 104, 105, 106, 107, 108, 109, 110, 111, 112, 113, 114, 115, 116, 117, 118, 119, 120, 121, 122, 123, 124, 125, 126, 127, 128, 129, 130, 131, 132, 133, 134, 135, 136, 137, 138, 139, 140, 141, 142, 143, 144, 145, 146, 147, 148, 149, 150, 151, 152, 153, 154, 155, 156, 157, 158, 159, 160, 161, 162, 163, 164, 165, 166, 167, 168, 169, 170], 1:[], 2:[], 3:[], 4:[], 5:[], 6:[], 7:[], 8:[], 9:[], 10:[], 11:[], 12:[], 13:[], 14:[], 15:[], 16:[], 17:[], 18:[], 19:[], 20:[], 21:[], 22:[], 23:[], 24:[], 25:[], 26:[], 27:[], 28:[], 29:[], 30:[], 31:[], 32:[], 33:[], 34:[], 35:[], 36:[], 37:[], 38:[], 39:[], 40:[], 41:[], 42:[], 43:[], 44:[], 45:[], 46:[], 47:[], 48:[], 49:[], 50:[], 51:[], 52:[], 53:[], 54:[], 55:[], 56:[], 57:[], 58:[], 59:[], 60:[], 61:[], 62:[], 63:[], 64:[], 65:[], 66:[], 67:[], 68:[], 69:[], 70:[], 71:[], 72:[], 73:[], 74:[], 75:[], 76:[], 77:[], 78:[], 79:[], 80:[], 81:[], 82:[], 83:[], 84:[], 85:[], 86:[], 87:[], 88:[], 89:[], 90:[], 91:[], 92:[], 93:[], 94:[], 95:[], 96:[], 97:[], 98:[], 99:[], 100:[], 101:[], 102:[], 103:[], 104:[], 105:[], 106:[], 107:[], 108:[], 109:[], 110:[], 111:[], 112:[], 113:[], 114:[], 115:[], 116:[], 117:[], 118:[], 119:[], 120:[], 121:[], 122:[], 123:[], 124:[], 125:[], 126:[], 127:[], 128:[], 129:[], 130:[], 131:[], 132:[], 133:[], 134:[], 135:[], 136:[], 137:[], 138:[], 139:[], 140:[], 141:[], 142:[], 143:[], 144:[], 145:[], 146:[], 147:[], 148:[], 149:[], 150:[], 151:[], 152:[], 153:[], 154:[], 155:[], 156:[], 157:[], 158:[], 159:[], 160:[], 161:[], 162:[], 163:[], 164:[], 165:[], 166:[], 167:[], 168:[], 169:[], 170:[]",51983948440,60705202419
4111,3,24826.8903,24265072,362209936,2892029874,557.6294,false,171,true,true,true,true,true,false,false,"0:[0, 1, 2, 3, 4, 5, 6, 7, 8, 9, 10, 11, 12, 13, 14, 15, 16, 17, 18, 19, 20, 21, 22, 23, 24, 25, 26, 27, 28, 29, 30, 31, 32, 33, 34, 35, 36, 37, 38, 39, 40, 41, 42, 43, 44, 45, 46, 47, 48, 49, 50, 51, 52, 53, 54, 55, 56, 57, 58, 59, 60, 61, 62, 63, 64, 65, 66, 67, 68, 69, 70, 71, 72, 73, 74, 75, 76, 77, 78, 79, 80, 81, 82, 83, 84, 85, 86, 87, 88, 89, 90, 91, 92, 93, 94, 95, 96, 97, 98, 99, 100, 101, 102, 103, 104, 105, 106, 107, 108, 109, 110, 111, 112, 113, 114, 115, 116, 117, 118, 119, 120, 121, 122, 123, 124, 125, 126, 127, 128, 129, 130, 131, 132, 133, 134, 135, 136, 137, 138, 139, 140, 141, 142, 143, 144, 145, 146, 147, 148, 149, 150, 151, 152, 153, 154, 155, 156, 157, 158, 159, 160, 161, 162, 163, 164, 165, 166, 167, 168, 169, 170], 1:[], 2:[], 3:[], 4:[], 5:[], 6:[], 7:[], 8:[], 9:[], 10:[], 11:[], 12:[], 13:[], 14:[], 15:[], 16:[], 17:[], 18:[], 19:[], 20:[], 21:[], 22:[], 23:[], 24:[], 25:[], 26:[], 27:[], 28:[], 29:[], 30:[], 31:[], 32:[], 33:[], 34:[], 35:[], 36:[], 37:[], 38:[], 39:[], 40:[], 41:[], 42:[], 43:[], 44:[], 45:[], 46:[], 47:[], 48:[], 49:[], 50:[], 51:[], 52:[], 53:[], 54:[], 55:[], 56:[], 57:[], 58:[], 59:[], 60:[], 61:[], 62:[], 63:[], 64:[], 65:[], 66:[], 67:[], 68:[], 69:[], 70:[], 71:[], 72:[], 73:[], 74:[], 75:[], 76:[], 77:[], 78:[], 79:[], 80:[], 81:[], 82:[], 83:[], 84:[], 85:[], 86:[], 87:[], 88:[], 89:[], 90:[], 91:[], 92:[], 93:[], 94:[], 95:[], 96:[], 97:[], 98:[], 99:[], 100:[], 101:[], 102:[], 103:[], 104:[], 105:[], 106:[], 107:[], 108:[], 109:[], 110:[], 111:[], 112:[], 113:[], 114:[], 115:[], 116:[], 117:[], 118:[], 119:[], 120:[], 121:[], 122:[], 123:[], 124:[], 125:[], 126:[], 127:[], 128:[], 129:[], 130:[], 131:[], 132:[], 133:[], 134:[], 135:[], 136:[], 137:[], 138:[], 139:[], 140:[], 141:[], 142:[], 143:[], 144:[], 145:[], 146:[], 147:[], 148:[], 149:[], 150:[], 151:[], 152:[], 153:[], 154:[], 155:[], 156:[], 157:[], 158:[], 159:[], 160:[], 161:[], 162:[], 163:[], 164:[], 165:[], 166:[], 167:[], 168:[], 169:[], 170:[]",52241952816,61080186496
4127,5,24300.2527,24548941,366454173,2925939480,546.8979,false,172,true,true,true,true,true,false,false,"0:[0, 1, 2, 3, 4, 5, 6, 7, 8, 9, 10, 11, 12, 13, 14, 15, 16, 17, 18, 19, 20, 21, 22, 23, 24, 25, 26, 27, 28, 29, 30, 31, 32, 33, 34, 35, 36, 37, 38, 39, 40, 41, 42, 43, 44, 45, 46, 47, 48, 49, 50, 51, 52, 53, 54, 55, 56, 57, 58, 59, 60, 61, 62, 63, 64, 65, 66, 67, 68, 69, 70, 71, 72, 73, 74, 75, 76, 77, 78, 79, 80, 81, 82, 83, 84, 85, 86, 87, 88, 89, 90, 91, 92, 93, 94, 95, 96, 97, 98, 99, 100, 101, 102, 103, 104, 105, 106, 107, 108, 109, 110, 111, 112, 113, 114, 115, 116, 117, 118, 119, 120, 121, 122, 123, 124, 125, 126, 127, 128, 129, 130, 131, 132, 133, 134, 135, 136, 137, 138, 139, 140, 141, 142, 143, 144, 145, 146, 147, 148, 149, 150, 151, 152, 153, 154, 155, 156, 157, 158, 159, 160, 161, 162, 163, 164, 165, 166, 167, 168, 169, 170, 171], 1:[], 2:[], 3:[], 4:[], 5:[], 6:[], 7:[], 8:[], 9:[], 10:[], 11:[], 12:[], 13:[], 14:[], 15:[], 16:[], 17:[], 18:[], 19:[], 20:[], 21:[], 22:[], 23:[], 24:[], 25:[], 26:[], 27:[], 28:[], 29:[], 30:[], 31:[], 32:[], 33:[], 34:[], 35:[], 36:[], 37:[], 38:[], 39:[], 40:[], 41:[], 42:[], 43:[], 44:[], 45:[], 46:[], 47:[], 48:[], 49:[], 50:[], 51:[], 52:[], 53:[], 54:[], 55:[], 56:[], 57:[], 58:[], 59:[], 60:[], 61:[], 62:[], 63:[], 64:[], 65:[], 66:[], 67:[], 68:[], 69:[], 70:[], 71:[], 72:[], 73:[], 74:[], 75:[], 76:[], 77:[], 78:[], 79:[], 80:[], 81:[], 82:[], 83:[], 84:[], 85:[], 86:[], 87:[], 88:[], 89:[], 90:[], 91:[], 92:[], 93:[], 94:[], 95:[], 96:[], 97:[], 98:[], 99:[], 100:[], 101:[], 102:[], 103:[], 104:[], 105:[], 106:[], 107:[], 108:[], 109:[], 110:[], 111:[], 112:[], 113:[], 114:[], 115:[], 116:[], 117:[], 118:[], 119:[], 120:[], 121:[], 122:[], 123:[], 124:[], 125:[], 126:[], 127:[], 128:[], 129:[], 130:[], 131:[], 132:[], 133:[], 134:[], 135:[], 136:[], 137:[], 138:[], 139:[], 140:[], 141:[], 142:[], 143:[], 144:[], 145:[], 146:[], 147:[], 148:[], 149:[], 150:[], 151:[], 152:[], 153:[], 154:[], 155:[], 156:[], 157:[], 158:[], 159:[], 160:[], 161:[], 162:[], 163:[], 164:[], 165:[], 166:[], 167:[], 168:[], 169:[], 170:[], 171:[]",52588304632,61583573897
4129,7,29380.7229,24584580,366988073,2930209361,596.7723,false,173,true,true,true,true,true,false,false,"0:[0, 1, 2, 3, 4, 5, 6, 7, 8, 9, 10, 11, 12, 13, 14, 15, 16, 17, 18, 19, 20, 21, 22, 23, 24, 25, 26, 27, 28, 29, 30, 31, 32, 33, 34, 35, 36, 37, 38, 39, 40, 41, 42, 43, 44, 45, 46, 47, 48, 49, 50, 51, 52, 53, 54, 55, 56, 57, 58, 59, 60, 61, 62, 63, 64, 65, 66, 67, 68, 69, 70, 71, 72, 73, 74, 75, 76, 77, 78, 79, 80, 81, 82, 83, 84, 85, 86, 87, 88, 89, 90, 91, 92, 93, 94, 95, 96, 97, 98, 99, 100, 101, 102, 103, 104, 105, 106, 107, 108, 109, 110, 111, 112, 113, 114, 115, 116, 117, 118, 119, 120, 121, 122, 123, 124, 125, 126, 127, 128, 129, 130, 131, 132, 133, 134, 135, 136, 137, 138, 139, 140, 141, 142, 143, 144, 145, 146, 147, 148, 149, 150, 151, 152, 153, 154, 155, 156, 157, 158, 159, 160, 161, 162, 163, 164, 165, 166, 167, 168, 169, 170, 171, 172], 1:[], 2:[], 3:[], 4:[], 5:[], 6:[], 7:[], 8:[], 9:[], 10:[], 11:[], 12:[], 13:[], 14:[], 15:[], 16:[], 17:[], 18:[], 19:[], 20:[], 21:[], 22:[], 23:[], 24:[], 25:[], 26:[], 27:[], 28:[], 29:[], 30:[], 31:[], 32:[], 33:[], 34:[], 35:[], 36:[], 37:[], 38:[], 39:[], 40:[], 41:[], 42:[], 43:[], 44:[], 45:[], 46:[], 47:[], 48:[], 49:[], 50:[], 51:[], 52:[], 53:[], 54:[], 55:[], 56:[], 57:[], 58:[], 59:[], 60:[], 61:[], 62:[], 63:[], 64:[], 65:[], 66:[], 67:[], 68:[], 69:[], 70:[], 71:[], 72:[], 73:[], 74:[], 75:[], 76:[], 77:[], 78:[], 79:[], 80:[], 81:[], 82:[], 83:[], 84:[], 85:[], 86:[], 87:[], 88:[], 89:[], 90:[], 91:[], 92:[], 93:[], 94:[], 95:[], 96:[], 97:[], 98:[], 99:[], 100:[], 101:[], 102:[], 103:[], 104:[], 105:[], 106:[], 107:[], 108:[], 109:[], 110:[], 111:[], 112:[], 113:[], 114:[], 115:[], 116:[], 117:[], 118:[], 119:[], 120:[], 121:[], 122:[], 123:[], 124:[], 125:[], 126:[], 127:[], 128:[], 129:[], 130:[], 131:[], 132:[], 133:[], 134:[], 135:[], 136:[], 137:[], 138:[], 139:[], 140:[], 141:[], 142:[], 143:[], 144:[], 145:[], 146:[], 147:[], 148:[], 149:[], 150:[], 151:[], 152:[], 153:[], 154:[], 155:[], 156:[], 157:[], 158:[], 159:[], 160:[], 161:[], 162:[], 163:[], 164:[], 165:[], 166:[], 167:[], 168:[], 169:[], 170:[], 171:[], 172:[]",52631871968,61646928557
4133,2,23948.9297,24655960,368055338,2938736489,558.8540,false,173,true,true,true,true,true,false,false,"0:[0, 1, 2, 3, 4, 5, 6, 7, 8, 9, 10, 11, 12, 13, 14, 15, 16, 17, 18, 19, 20, 21, 22, 23, 24, 25, 26, 27, 28, 29, 30, 31, 32, 33, 34, 35, 36, 37, 38, 39, 40, 41, 42, 43, 44, 45, 46, 47, 48, 49, 50, 51, 52, 53, 54, 55, 56, 57, 58, 59, 60, 61, 62, 63, 64, 65, 66, 67, 68, 69, 70, 71, 72, 73, 74, 75, 76, 77, 78, 79, 80, 81, 82, 83, 84, 85, 86, 87, 88, 89, 90, 91, 92, 93, 94, 95, 96, 97, 98, 99, 100, 101, 102, 103, 104, 105, 106, 107, 108, 109, 110, 111, 112, 113, 114, 115, 116, 117, 118, 119, 120, 121, 122, 123, 124, 125, 126, 127, 128, 129, 130, 131, 132, 133, 134, 135, 136, 137, 138, 139, 140, 141, 142, 143, 144, 145, 146, 147, 148, 149, 150, 151, 152, 153, 154, 155, 156, 157, 158, 159, 160, 161, 162, 163, 164, 165, 166, 167, 168, 169, 170, 171, 172], 1:[], 2:[], 3:[], 4:[], 5:[], 6:[], 7:[], 8:[], 9:[], 10:[], 11:[], 12:[], 13:[], 14:[], 15:[], 16:[], 17:[], 18:[], 19:[], 20:[], 21:[], 22:[], 23:[], 24:[], 25:[], 26:[], 27:[], 28:[], 29:[], 30:[], 31:[], 32:[], 33:[], 34:[], 35:[], 36:[], 37:[], 38:[], 39:[], 40:[], 41:[], 42:[], 43:[], 44:[], 45:[], 46:[], 47:[], 48:[], 49:[], 50:[], 51:[], 52:[], 53:[], 54:[], 55:[], 56:[], 57:[], 58:[], 59:[], 60:[], 61:[], 62:[], 63:[], 64:[], 65:[], 66:[], 67:[], 68:[], 69:[], 70:[], 71:[], 72:[], 73:[], 74:[], 75:[], 76:[], 77:[], 78:[], 79:[], 80:[], 81:[], 82:[], 83:[], 84:[], 85:[], 86:[], 87:[], 88:[], 89:[], 90:[], 91:[], 92:[], 93:[], 94:[], 95:[], 96:[], 97:[], 98:[], 99:[], 100:[], 101:[], 102:[], 103:[], 104:[], 105:[], 106:[], 107:[], 108:[], 109:[], 110:[], 111:[], 112:[], 113:[], 114:[], 115:[], 116:[], 117:[], 118:[], 119:[], 120:[], 121:[], 122:[], 123:[], 124:[], 125:[], 126:[], 127:[], 128:[], 129:[], 130:[], 131:[], 132:[], 133:[], 134:[], 135:[], 136:[], 137:[], 138:[], 139:[], 140:[], 141:[], 142:[], 143:[], 144:[], 145:[], 146:[], 147:[], 148:[], 149:[], 150:[], 151:[], 152:[], 153:[], 154:[], 155:[], 156:[], 157:[], 158:[], 159:[], 160:[], 161:[], 162:[], 163:[], 164:[], 165:[], 166:[], 167:[], 168:[], 169:[], 170:[], 171:[], 172:[]",52718966288,61773511970
4139,2,23676.1408,24763290,369659082,2951545842,568.7505,false,173,true,true,true,true,true,false,false,"0:[0, 1, 2, 3, 4, 5, 6, 7, 8, 9, 10, 11, 12, 13, 14, 15, 16, 17, 18, 19, 20, 21, 22, 23, 24, 25, 26, 27, 28, 29, 30, 31, 32, 33, 34, 35, 36, 37, 38, 39, 40, 41, 42, 43, 44, 45, 46, 47, 48, 49, 50, 51, 52, 53, 54, 55, 56, 57, 58, 59, 60, 61, 62, 63, 64, 65, 66, 67, 68, 69, 70, 71, 72, 73, 74, 75, 76, 77, 78, 79, 80, 81, 82, 83, 84, 85, 86, 87, 88, 89, 90, 91, 92, 93, 94, 95, 96, 97, 98, 99, 100, 101, 102, 103, 104, 105, 106, 107, 108, 109, 110, 111, 112, 113, 114, 115, 116, 117, 118, 119, 120, 121, 122, 123, 124, 125, 126, 127, 128, 129, 130, 131, 132, 133, 134, 135, 136, 137, 138, 139, 140, 141, 142, 143, 144, 145, 146, 147, 148, 149, 150, 151, 152, 153, 154, 155, 156, 157, 158, 159, 160, 161, 162, 163, 164, 165, 166, 167, 168, 169, 170, 171, 172], 1:[], 2:[], 3:[], 4:[], 5:[], 6:[], 7:[], 8:[], 9:[], 10:[], 11:[], 12:[], 13:[], 14:[], 15:[], 16:[], 17:[], 18:[], 19:[], 20:[], 21:[], 22:[], 23:[], 24:[], 25:[], 26:[], 27:[], 28:[], 29:[], 30:[], 31:[], 32:[], 33:[], 34:[], 35:[], 36:[], 37:[], 38:[], 39:[], 40:[], 41:[], 42:[], 43:[], 44:[], 45:[], 46:[], 47:[], 48:[], 49:[], 50:[], 51:[], 52:[], 53:[], 54:[], 55:[], 56:[], 57:[], 58:[], 59:[], 60:[], 61:[], 62:[], 63:[], 64:[], 65:[], 66:[], 67:[], 68:[], 69:[], 70:[], 71:[], 72:[], 73:[], 74:[], 75:[], 76:[], 77:[], 78:[], 79:[], 80:[], 81:[], 82:[], 83:[], 84:[], 85:[], 86:[], 87:[], 88:[], 89:[], 90:[], 91:[], 92:[], 93:[], 94:[], 95:[], 96:[], 97:[], 98:[], 99:[], 100:[], 101:[], 102:[], 103:[], 104:[], 105:[], 106:[], 107:[], 108:[], 109:[], 110:[], 111:[], 112:[], 113:[], 114:[], 115:[], 116:[], 117:[], 118:[], 119:[], 120:[], 121:[], 122:[], 123:[], 124:[], 125:[], 126:[], 127:[], 128:[], 129:[], 130:[], 131:[], 132:[], 133:[], 134:[], 135:[], 136:[], 137:[], 138:[], 139:[], 140:[], 141:[], 142:[], 143:[], 144:[], 145:[], 146:[], 147:[], 148:[], 149:[], 150:[], 151:[], 152:[], 153:[], 154:[], 155:[], 156:[], 157:[], 158:[], 159:[], 160:[], 161:[], 162:[], 163:[], 164:[], 165:[], 166:[], 167:[], 168:[], 169:[], 170:[], 171:[], 172:[]",52849841728,61963692338
4153,5,28726.2973,25014935,373422709,2981620372,532.2498,false,173,true,true,true,true,true,false,false,"0:[0, 1, 2, 3, 4, 5, 6, 7, 8, 9, 10, 11, 12, 13, 14, 15, 16, 17, 18, 19, 20, 21, 22, 23, 24, 25, 26, 27, 28, 29, 30, 31, 32, 33, 34, 35, 36, 37, 38, 39, 40, 41, 42, 43, 44, 45, 46, 47, 48, 49, 50, 51, 52, 53, 54, 55, 56, 57, 58, 59, 60, 61, 62, 63, 64, 65, 66, 67, 68, 69, 70, 71, 72, 73, 74, 75, 76, 77, 78, 79, 80, 81, 82, 83, 84, 85, 86, 87, 88, 89, 90, 91, 92, 93, 94, 95, 96, 97, 98, 99, 100, 101, 102, 103, 104, 105, 106, 107, 108, 109, 110, 111, 112, 113, 114, 115, 116, 117, 118, 119, 120, 121, 122, 123, 124, 125, 126, 127, 128, 129, 130, 131, 132, 133, 134, 135, 136, 137, 138, 139, 140, 141, 142, 143, 144, 145, 146, 147, 148, 149, 150, 151, 152, 153, 154, 155, 156, 157, 158, 159, 160, 161, 162, 163, 164, 165, 166, 167, 168, 169, 170, 171, 172], 1:[], 2:[], 3:[], 4:[], 5:[], 6:[], 7:[], 8:[], 9:[], 10:[], 11:[], 12:[], 13:[], 14:[], 15:[], 16:[], 17:[], 18:[], 19:[], 20:[], 21:[], 22:[], 23:[], 24:[], 25:[], 26:[], 27:[], 28:[], 29:[], 30:[], 31:[], 32:[], 33:[], 34:[], 35:[], 36:[], 37:[], 38:[], 39:[], 40:[], 41:[], 42:[], 43:[], 44:[], 45:[], 46:[], 47:[], 48:[], 49:[], 50:[], 51:[], 52:[], 53:[], 54:[], 55:[], 56:[], 57:[], 58:[], 59:[], 60:[], 61:[], 62:[], 63:[], 64:[], 65:[], 66:[], 67:[], 68:[], 69:[], 70:[], 71:[], 72:[], 73:[], 74:[], 75:[], 76:[], 77:[], 78:[], 79:[], 80:[], 81:[], 82:[], 83:[], 84:[], 85:[], 86:[], 87:[], 88:[], 89:[], 90:[], 91:[], 92:[], 93:[], 94:[], 95:[], 96:[], 97:[], 98:[], 99:[], 100:[], 101:[], 102:[], 103:[], 104:[], 105:[], 106:[], 107:[], 108:[], 109:[], 110:[], 111:[], 112:[], 113:[], 114:[], 115:[], 116:[], 117:[], 118:[], 119:[], 120:[], 121:[], 122:[], 123:[], 124:[], 125:[], 126:[], 127:[], 128:[], 129:[], 130:[], 131:[], 132:[], 133:[], 134:[], 135:[], 136:[], 137:[], 138:[], 139:[], 140:[], 141:[], 142:[], 143:[], 144:[], 145:[], 146:[], 147:[], 148:[], 149:[], 150:[], 151:[], 152:[], 153:[], 154:[], 155:[], 156:[], 157:[], 158:[], 159:[], 160:[], 161:[], 162:[], 163:[], 164:[], 165:[], 166:[], 167:[], 168:[], 169:[], 170:[], 171:[], 172:[]",53156971368,62410109617
4157,2,24548.4962,25087146,374502400,2990246770,554.3885,false,174,true,true,true,true,true,false,false,"0:[0, 1, 2, 3, 4, 5, 6, 7, 8, 9, 10, 11, 12, 13, 14, 15, 16, 17, 18, 19, 20, 21, 22, 23, 24, 25, 26, 27, 28, 29, 30, 31, 32, 33, 34, 35, 36, 37, 38, 39, 40, 41, 42, 43, 44, 45, 46, 47, 48, 49, 50, 51, 52, 53, 54, 55, 56, 57, 58, 59, 60, 61, 62, 63, 64, 65, 66, 67, 68, 69, 70, 71, 72, 73, 74, 75, 76, 77, 78, 79, 80, 81, 82, 83, 84, 85, 86, 87, 88, 89, 90, 91, 92, 93, 94, 95, 96, 97, 98, 99, 100, 101, 102, 103, 104, 105, 106, 107, 108, 109, 110, 111, 112, 113, 114, 115, 116, 117, 118, 119, 120, 121, 122, 123, 124, 125, 126, 127, 128, 129, 130, 131, 132, 133, 134, 135, 136, 137, 138, 139, 140, 141, 142, 143, 144, 145, 146, 147, 148, 149, 150, 151, 152, 153, 154, 155, 156, 157, 158, 159, 160, 161, 162, 163, 164, 165, 166, 167, 168, 169, 170, 171, 172, 173], 1:[], 2:[], 3:[], 4:[], 5:[], 6:[], 7:[], 8:[], 9:[], 10:[], 11:[], 12:[], 13:[], 14:[], 15:[], 16:[], 17:[], 18:[], 19:[], 20:[], 21:[], 22:[], 23:[], 24:[], 25:[], 26:[], 27:[], 28:[], 29:[], 30:[], 31:[], 32:[], 33:[], 34:[], 35:[], 36:[], 37:[], 38:[], 39:[], 40:[], 41:[], 42:[], 43:[], 44:[], 45:[], 46:[], 47:[], 48:[], 49:[], 50:[], 51:[], 52:[], 53:[], 54:[], 55:[], 56:[], 57:[], 58:[], 59:[], 60:[], 61:[], 62:[], 63:[], 64:[], 65:[], 66:[], 67:[], 68:[], 69:[], 70:[], 71:[], 72:[], 73:[], 74:[], 75:[], 76:[], 77:[], 78:[], 79:[], 80:[], 81:[], 82:[], 83:[], 84:[], 85:[], 86:[], 87:[], 88:[], 89:[], 90:[], 91:[], 92:[], 93:[], 94:[], 95:[], 96:[], 97:[], 98:[], 99:[], 100:[], 101:[], 102:[], 103:[], 104:[], 105:[], 106:[], 107:[], 108:[], 109:[], 110:[], 111:[], 112:[], 113:[], 114:[], 115:[], 116:[], 117:[], 118:[], 119:[], 120:[], 121:[], 122:[], 123:[], 124:[], 125:[], 126:[], 127:[], 128:[], 129:[], 130:[], 131:[], 132:[], 133:[], 134:[], 135:[], 136:[], 137:[], 138:[], 139:[], 140:[], 141:[], 142:[], 143:[], 144:[], 145:[], 146:[], 147:[], 148:[], 149:[], 150:[], 151:[], 152:[], 153:[], 154:[], 155:[], 156:[], 157:[], 158:[], 159:[], 160:[], 161:[], 162:[], 163:[], 164:[], 165:[], 166:[], 167:[], 168:[], 169:[], 170:[], 171:[], 172:[], 173:[]",53245079712,62538166272
4159,3,26473.0253,25123304,375041974,2994553541,530.8801,false,173,true,true,true,true,true,false,false,"0:[0, 1, 2, 3, 4, 5, 6, 7, 8, 9, 10, 11, 12, 13, 14, 15, 16, 17, 18, 19, 20, 21, 22, 23, 24, 25, 26, 27, 28, 29, 30, 31, 32, 33, 34, 35, 36, 37, 38, 39, 40, 41, 42, 43, 44, 45, 46, 47, 48, 49, 50, 51, 52, 53, 54, 55, 56, 57, 58, 59, 60, 61, 62, 63, 64, 65, 66, 67, 68, 69, 70, 71, 72, 73, 74, 75, 76, 77, 78, 79, 80, 81, 82, 83, 84, 85, 86, 87, 88, 89, 90, 91, 92, 93, 94, 95, 96, 97, 98, 99, 100, 101, 102, 103, 104, 105, 106, 107, 108, 109, 110, 111, 112, 113, 114, 115, 116, 117, 118, 119, 120, 121, 122, 123, 124, 125, 126, 127, 128, 129, 130, 131, 132, 133, 134, 135, 136, 137, 138, 139, 140, 141, 142, 143, 144, 145, 146, 147, 148, 149, 150, 151, 152, 153, 154, 155, 156, 157, 158, 159, 160, 161, 162, 163, 164, 165, 166, 167, 168, 169, 170, 171, 172], 1:[], 2:[], 3:[], 4:[], 5:[], 6:[], 7:[], 8:[], 9:[], 10:[], 11:[], 12:[], 13:[], 14:[], 15:[], 16:[], 17:[], 18:[], 19:[], 20:[], 21:[], 22:[], 23:[], 24:[], 25:[], 26:[], 27:[], 28:[], 29:[], 30:[], 31:[], 32:[], 33:[], 34:[], 35:[], 36:[], 37:[], 38:[], 39:[], 40:[], 41:[], 42:[], 43:[], 44:[], 45:[], 46:[], 47:[], 48:[], 49:[], 50:[], 51:[], 52:[], 53:[], 54:[], 55:[], 56:[], 57:[], 58:[], 59:[], 60:[], 61:[], 62:[], 63:[], 64:[], 65:[], 66:[], 67:[], 68:[], 69:[], 70:[], 71:[], 72:[], 73:[], 74:[], 75:[], 76:[], 77:[], 78:[], 79:[], 80:[], 81:[], 82:[], 83:[], 84:[], 85:[], 86:[], 87:[], 88:[], 89:[], 90:[], 91:[], 92:[], 93:[], 94:[], 95:[], 96:[], 97:[], 98:[], 99:[], 100:[], 101:[], 102:[], 103:[], 104:[], 105:[], 106:[], 107:[], 108:[], 109:[], 110:[], 111:[], 112:[], 113:[], 114:[], 115:[], 116:[], 117:[], 118:[], 119:[], 120:[], 121:[], 122:[], 123:[], 124:[], 125:[], 126:[], 127:[], 128:[], 129:[], 130:[], 131:[], 132:[], 133:[], 134:[], 135:[], 136:[], 137:[], 138:[], 139:[], 140:[], 141:[], 142:[], 143:[], 144:[], 145:[], 146:[], 147:[], 148:[], 149:[], 150:[], 151:[], 152:[], 153:[], 154:[], 155:[], 156:[], 157:[], 158:[], 159:[], 160:[], 161:[], 162:[], 163:[], 164:[], 165:[], 166:[], 167:[], 168:[], 169:[], 170:[], 171:[], 172:[]",53289113424,62602130494
4177,5,29335.3068,25450284,379932081,3033628575,620.9103,false,174,true,true,true,true,true,false,false,"0:[0, 1, 2, 3, 4, 5, 6, 7, 8, 9, 10, 11, 12, 13, 14, 15, 16, 17, 18, 19, 20, 21, 22, 23, 24, 25, 26, 27, 28, 29, 30, 31, 32, 33, 34, 35, 36, 37, 38, 39, 40, 41, 42, 43, 44, 45, 46, 47, 48, 49, 50, 51, 52, 53, 54, 55, 56, 57, 58, 59, 60, 61, 62, 63, 64, 65, 66, 67, 68, 69, 70, 71, 72, 73, 74, 75, 76, 77, 78, 79, 80, 81, 82, 83, 84, 85, 86, 87, 88, 89, 90, 91, 92, 93, 94, 95, 96, 97, 98, 99, 100, 101, 102, 103, 104, 105, 106, 107, 108, 109, 110, 111, 112, 113, 114, 115, 116, 117, 118, 119, 120, 121, 122, 123, 124, 125, 126, 127, 128, 129, 130, 131, 132, 133, 134, 135, 136, 137, 138, 139, 140, 141, 142, 143, 144, 145, 146, 147, 148, 149, 150, 151, 152, 153, 154, 155, 156, 157, 158, 159, 160, 161, 162, 163, 164, 165, 166, 167, 168, 169, 170, 171, 172, 173], 1:[], 2:[], 3:[], 4:[], 5:[], 6:[], 7:[], 8:[], 9:[], 10:[], 11:[], 12:[], 13:[], 14:[], 15:[], 16:[], 17:[], 18:[], 19:[], 20:[], 21:[], 22:[], 23:[], 24:[], 25:[], 26:[], 27:[], 28:[], 29:[], 30:[], 31:[], 32:[], 33:[], 34:[], 35:[], 36:[], 37:[], 38:[], 39:[], 40:[], 41:[], 42:[], 43:[], 44:[], 45:[], 46:[], 47:[], 48:[], 49:[], 50:[], 51:[], 52:[], 53:[], 54:[], 55:[], 56:[], 57:[], 58:[], 59:[], 60:[], 61:[], 62:[], 63:[], 64:[], 65:[], 66:[], 67:[], 68:[], 69:[], 70:[], 71:[], 72:[], 73:[], 74:[], 75:[], 76:[], 77:[], 78:[], 79:[], 80:[], 81:[], 82:[], 83:[], 84:[], 85:[], 86:[], 87:[], 88:[], 89:[], 90:[], 91:[], 92:[], 93:[], 94:[], 95:[], 96:[], 97:[], 98:[], 99:[], 100:[], 101:[], 102:[], 103:[], 104:[], 105:[], 106:[], 107:[], 108:[], 109:[], 110:[], 111:[], 112:[], 113:[], 114:[], 115:[], 116:[], 117:[], 118:[], 119:[], 120:[], 121:[], 122:[], 123:[], 124:[], 125:[], 126:[], 127:[], 128:[], 129:[], 130:[], 131:[], 132:[], 133:[], 134:[], 135:[], 136:[], 137:[], 138:[], 139:[], 140:[], 141:[], 142:[], 143:[], 144:[], 145:[], 146:[], 147:[], 148:[], 149:[], 150:[], 151:[], 152:[], 153:[], 154:[], 155:[], 156:[], 157:[], 158:[], 159:[], 160:[], 161:[], 162:[], 163:[], 164:[], 165:[], 166:[], 167:[], 168:[], 169:[], 170:[], 171:[], 172:[], 173:[]",53688169504,63182153621
4201,11,32456.4385,25890655,386516650,3086237838,722.3876,false,176,true,true,true,true,true,false,false,"0:[0, 1, 2, 3, 4, 5, 6, 7, 8, 9, 10, 11, 12, 13, 14, 15, 16, 17, 18, 19, 20, 21, 22, 23, 24, 25, 26, 27, 28, 29, 30, 31, 32, 33, 34, 35, 36, 37, 38, 39, 40, 41, 42, 43, 44, 45, 46, 47, 48, 49, 50, 51, 52, 53, 54, 55, 56, 57, 58, 59, 60, 61, 62, 63, 64, 65, 66, 67, 68, 69, 70, 71, 72, 73, 74, 75, 76, 77, 78, 79, 80, 81, 82, 83, 84, 85, 86, 87, 88, 89, 90, 91, 92, 93, 94, 95, 96, 97, 98, 99, 100, 101, 102, 103, 104, 105, 106, 107, 108, 109, 110, 111, 112, 113, 114, 115, 116, 117, 118, 119, 120, 121, 122, 123, 124, 125, 126, 127, 128, 129, 130, 131, 132, 133, 134, 135, 136, 137, 138, 139, 140, 141, 142, 143, 144, 145, 146, 147, 148, 149, 150, 151, 152, 153, 154, 155, 156, 157, 158, 159, 160, 161, 162, 163, 164, 165, 166, 167, 168, 169, 170, 171, 172, 173, 174, 175], 1:[], 2:[], 3:[], 4:[], 5:[], 6:[], 7:[], 8:[], 9:[], 10:[], 11:[], 12:[], 13:[], 14:[], 15:[], 16:[], 17:[], 18:[], 19:[], 20:[], 21:[], 22:[], 23:[], 24:[], 25:[], 26:[], 27:[], 28:[], 29:[], 30:[], 31:[], 32:[], 33:[], 34:[], 35:[], 36:[], 37:[], 38:[], 39:[], 40:[], 41:[], 42:[], 43:[], 44:[], 45:[], 46:[], 47:[], 48:[], 49:[], 50:[], 51:[], 52:[], 53:[], 54:[], 55:[], 56:[], 57:[], 58:[], 59:[], 60:[], 61:[], 62:[], 63:[], 64:[], 65:[], 66:[], 67:[], 68:[], 69:[], 70:[], 71:[], 72:[], 73:[], 74:[], 75:[], 76:[], 77:[], 78:[], 79:[], 80:[], 81:[], 82:[], 83:[], 84:[], 85:[], 86:[], 87:[], 88:[], 89:[], 90:[], 91:[], 92:[], 93:[], 94:[], 95:[], 96:[], 97:[], 98:[], 99:[], 100:[], 101:[], 102:[], 103:[], 104:[], 105:[], 106:[], 107:[], 108:[], 109:[], 110:[], 111:[], 112:[], 113:[], 114:[], 115:[], 116:[], 117:[], 118:[], 119:[], 120:[], 121:[], 122:[], 123:[], 124:[], 125:[], 126:[], 127:[], 128:[], 129:[], 130:[], 131:[], 132:[], 133:[], 134:[], 135:[], 136:[], 137:[], 138:[], 139:[], 140:[], 141:[], 142:[], 143:[], 144:[], 145:[], 146:[], 147:[], 148:[], 149:[], 150:[], 151:[], 152:[], 153:[], 154:[], 155:[], 156:[], 157:[], 158:[], 159:[], 160:[], 161:[], 162:[], 163:[], 164:[], 165:[], 166:[], 167:[], 168:[], 169:[], 170:[], 171:[], 172:[], 173:[], 174:[], 175:[]",54225503928,63963116362
4211,2,24656.1140,26075632,389281503,3108324591,592.2840,false,176,true,true,true,true,true,false,false,"0:[0, 1, 2, 3, 4, 5, 6, 7, 8, 9, 10, 11, 12, 13, 14, 15, 16, 17, 18, 19, 20, 21, 22, 23, 24, 25, 26, 27, 28, 29, 30, 31, 32, 33, 34, 35, 36, 37, 38, 39, 40, 41, 42, 43, 44, 45, 46, 47, 48, 49, 50, 51, 52, 53, 54, 55, 56, 57, 58, 59, 60, 61, 62, 63, 64, 65, 66, 67, 68, 69, 70, 71, 72, 73, 74, 75, 76, 77, 78, 79, 80, 81, 82, 83, 84, 85, 86, 87, 88, 89, 90, 91, 92, 93, 94, 95, 96, 97, 98, 99, 100, 101, 102, 103, 104, 105, 106, 107, 108, 109, 110, 111, 112, 113, 114, 115, 116, 117, 118, 119, 120, 121, 122, 123, 124, 125, 126, 127, 128, 129, 130, 131, 132, 133, 134, 135, 136, 137, 138, 139, 140, 141, 142, 143, 144, 145, 146, 147, 148, 149, 150, 151, 152, 153, 154, 155, 156, 157, 158, 159, 160, 161, 162, 163, 164, 165, 166, 167, 168, 169, 170, 171, 172, 173, 174, 175], 1:[], 2:[], 3:[], 4:[], 5:[], 6:[], 7:[], 8:[], 9:[], 10:[], 11:[], 12:[], 13:[], 14:[], 15:[], 16:[], 17:[], 18:[], 19:[], 20:[], 21:[], 22:[], 23:[], 24:[], 25:[], 26:[], 27:[], 28:[], 29:[], 30:[], 31:[], 32:[], 33:[], 34:[], 35:[], 36:[], 37:[], 38:[], 39:[], 40:[], 41:[], 42:[], 43:[], 44:[], 45:[], 46:[], 47:[], 48:[], 49:[], 50:[], 51:[], 52:[], 53:[], 54:[], 55:[], 56:[], 57:[], 58:[], 59:[], 60:[], 61:[], 62:[], 63:[], 64:[], 65:[], 66:[], 67:[], 68:[], 69:[], 70:[], 71:[], 72:[], 73:[], 74:[], 75:[], 76:[], 77:[], 78:[], 79:[], 80:[], 81:[], 82:[], 83:[], 84:[], 85:[], 86:[], 87:[], 88:[], 89:[], 90:[], 91:[], 92:[], 93:[], 94:[], 95:[], 96:[], 97:[], 98:[], 99:[], 100:[], 101:[], 102:[], 103:[], 104:[], 105:[], 106:[], 107:[], 108:[], 109:[], 110:[], 111:[], 112:[], 113:[], 114:[], 115:[], 116:[], 117:[], 118:[], 119:[], 120:[], 121:[], 122:[], 123:[], 124:[], 125:[], 126:[], 127:[], 128:[], 129:[], 130:[], 131:[], 132:[], 133:[], 134:[], 135:[], 136:[], 137:[], 138:[], 139:[], 140:[], 141:[], 142:[], 143:[], 144:[], 145:[], 146:[], 147:[], 148:[], 149:[], 150:[], 151:[], 152:[], 153:[], 154:[], 155:[], 156:[], 157:[], 158:[], 159:[], 160:[], 161:[], 162:[], 163:[], 164:[], 165:[], 166:[], 167:[], 168:[], 169:[], 170:[], 171:[], 172:[], 173:[], 174:[], 175:[]",54451131616,64291009627
4217,3,29011.8159,26187040,390948423,3121647433,556.2213,false,175,true,true,true,true,true,false,false,"0:[0, 1, 2, 3, 4, 5, 6, 7, 8, 9, 10, 11, 12, 13, 14, 15, 16, 17, 18, 19, 20, 21, 22, 23, 24, 25, 26, 27, 28, 29, 30, 31, 32, 33, 34, 35, 36, 37, 38, 39, 40, 41, 42, 43, 44, 45, 46, 47, 48, 49, 50, 51, 52, 53, 54, 55, 56, 57, 58, 59, 60, 61, 62, 63, 64, 65, 66, 67, 68, 69, 70, 71, 72, 73, 74, 75, 76, 77, 78, 79, 80, 81, 82, 83, 84, 85, 86, 87, 88, 89, 90, 91, 92, 93, 94, 95, 96, 97, 98, 99, 100, 101, 102, 103, 104, 105, 106, 107, 108, 109, 110, 111, 112, 113, 114, 115, 116, 117, 118, 119, 120, 121, 122, 123, 124, 125, 126, 127, 128, 129, 130, 131, 132, 133, 134, 135, 136, 137, 138, 139, 140, 141, 142, 143, 144, 145, 146, 147, 148, 149, 150, 151, 152, 153, 154, 155, 156, 157, 158, 159, 160, 161, 162, 163, 164, 165, 166, 167, 168, 169, 170, 171, 172, 173, 174], 1:[], 2:[], 3:[], 4:[], 5:[], 6:[], 7:[], 8:[], 9:[], 10:[], 11:[], 12:[], 13:[], 14:[], 15:[], 16:[], 17:[], 18:[], 19:[], 20:[], 21:[], 22:[], 23:[], 24:[], 25:[], 26:[], 27:[], 28:[], 29:[], 30:[], 31:[], 32:[], 33:[], 34:[], 35:[], 36:[], 37:[], 38:[], 39:[], 40:[], 41:[], 42:[], 43:[], 44:[], 45:[], 46:[], 47:[], 48:[], 49:[], 50:[], 51:[], 52:[], 53:[], 54:[], 55:[], 56:[], 57:[], 58:[], 59:[], 60:[], 61:[], 62:[], 63:[], 64:[], 65:[], 66:[], 67:[], 68:[], 69:[], 70:[], 71:[], 72:[], 73:[], 74:[], 75:[], 76:[], 77:[], 78:[], 79:[], 80:[], 81:[], 82:[], 83:[], 84:[], 85:[], 86:[], 87:[], 88:[], 89:[], 90:[], 91:[], 92:[], 93:[], 94:[], 95:[], 96:[], 97:[], 98:[], 99:[], 100:[], 101:[], 102:[], 103:[], 104:[], 105:[], 106:[], 107:[], 108:[], 109:[], 110:[], 111:[], 112:[], 113:[], 114:[], 115:[], 116:[], 117:[], 118:[], 119:[], 120:[], 121:[], 122:[], 123:[], 124:[], 125:[], 126:[], 127:[], 128:[], 129:[], 130:[], 131:[], 132:[], 133:[], 134:[], 135:[], 136:[], 137:[], 138:[], 139:[], 140:[], 141:[], 142:[], 143:[], 144:[], 145:[], 146:[], 147:[], 148:[], 149:[], 150:[], 151:[], 152:[], 153:[], 154:[], 155:[], 156:[], 157:[], 158:[], 159:[], 160:[], 161:[], 162:[], 163:[], 164:[], 165:[], 166:[], 167:[], 168:[], 169:[], 170:[], 171:[], 172:[], 173:[], 174:[]",54587159008,64488746819
4219,2,25302.8039,26224247,391503701,3126079775,605.3991,false,176,true,true,true,true,true,false,false,"0:[0, 1, 2, 3, 4, 5, 6, 7, 8, 9, 10, 11, 12, 13, 14, 15, 16, 17, 18, 19, 20, 21, 22, 23, 24, 25, 26, 27, 28, 29, 30, 31, 32, 33, 34, 35, 36, 37, 38, 39, 40, 41, 42, 43, 44, 45, 46, 47, 48, 49, 50, 51, 52, 53, 54, 55, 56, 57, 58, 59, 60, 61, 62, 63, 64, 65, 66, 67, 68, 69, 70, 71, 72, 73, 74, 75, 76, 77, 78, 79, 80, 81, 82, 83, 84, 85, 86, 87, 88, 89, 90, 91, 92, 93, 94, 95, 96, 97, 98, 99, 100, 101, 102, 103, 104, 105, 106, 107, 108, 109, 110, 111, 112, 113, 114, 115, 116, 117, 118, 119, 120, 121, 122, 123, 124, 125, 126, 127, 128, 129, 130, 131, 132, 133, 134, 135, 136, 137, 138, 139, 140, 141, 142, 143, 144, 145, 146, 147, 148, 149, 150, 151, 152, 153, 154, 155, 156, 157, 158, 159, 160, 161, 162, 163, 164, 165, 166, 167, 168, 169, 170, 171, 172, 173, 174, 175], 1:[], 2:[], 3:[], 4:[], 5:[], 6:[], 7:[], 8:[], 9:[], 10:[], 11:[], 12:[], 13:[], 14:[], 15:[], 16:[], 17:[], 18:[], 19:[], 20:[], 21:[], 22:[], 23:[], 24:[], 25:[], 26:[], 27:[], 28:[], 29:[], 30:[], 31:[], 32:[], 33:[], 34:[], 35:[], 36:[], 37:[], 38:[], 39:[], 40:[], 41:[], 42:[], 43:[], 44:[], 45:[], 46:[], 47:[], 48:[], 49:[], 50:[], 51:[], 52:[], 53:[], 54:[], 55:[], 56:[], 57:[], 58:[], 59:[], 60:[], 61:[], 62:[], 63:[], 64:[], 65:[], 66:[], 67:[], 68:[], 69:[], 70:[], 71:[], 72:[], 73:[], 74:[], 75:[], 76:[], 77:[], 78:[], 79:[], 80:[], 81:[], 82:[], 83:[], 84:[], 85:[], 86:[], 87:[], 88:[], 89:[], 90:[], 91:[], 92:[], 93:[], 94:[], 95:[], 96:[], 97:[], 98:[], 99:[], 100:[], 101:[], 102:[], 103:[], 104:[], 105:[], 106:[], 107:[], 108:[], 109:[], 110:[], 111:[], 112:[], 113:[], 114:[], 115:[], 116:[], 117:[], 118:[], 119:[], 120:[], 121:[], 122:[], 123:[], 124:[], 125:[], 126:[], 127:[], 128:[], 129:[], 130:[], 131:[], 132:[], 133:[], 134:[], 135:[], 136:[], 137:[], 138:[], 139:[], 140:[], 141:[], 142:[], 143:[], 144:[], 145:[], 146:[], 147:[], 148:[], 149:[], 150:[], 151:[], 152:[], 153:[], 154:[], 155:[], 156:[], 157:[], 158:[], 159:[], 160:[], 161:[], 162:[], 163:[], 164:[], 165:[], 166:[], 167:[], 168:[], 169:[], 170:[], 171:[], 172:[], 173:[], 174:[], 175:[]",54632474216,64554573393
4229,2,25514.0953,26410808,394294330,3148380649,578.2192,false,176,true,true,true,true,true,false,false,"0:[0, 1, 2, 3, 4, 5, 6, 7, 8, 9, 10, 11, 12, 13, 14, 15, 16, 17, 18, 19, 20, 21, 22, 23, 24, 25, 26, 27, 28, 29, 30, 31, 32, 33, 34, 35, 36, 37, 38, 39, 40, 41, 42, 43, 44, 45, 46, 47, 48, 49, 50, 51, 52, 53, 54, 55, 56, 57, 58, 59, 60, 61, 62, 63, 64, 65, 66, 67, 68, 69, 70, 71, 72, 73, 74, 75, 76, 77, 78, 79, 80, 81, 82, 83, 84, 85, 86, 87, 88, 89, 90, 91, 92, 93, 94, 95, 96, 97, 98, 99, 100, 101, 102, 103, 104, 105, 106, 107, 108, 109, 110, 111, 112, 113, 114, 115, 116, 117, 118, 119, 120, 121, 122, 123, 124, 125, 126, 127, 128, 129, 130, 131, 132, 133, 134, 135, 136, 137, 138, 139, 140, 141, 142, 143, 144, 145, 146, 147, 148, 149, 150, 151, 152, 153, 154, 155, 156, 157, 158, 159, 160, 161, 162, 163, 164, 165, 166, 167, 168, 169, 170, 171, 172, 173, 174, 175], 1:[], 2:[], 3:[], 4:[], 5:[], 6:[], 7:[], 8:[], 9:[], 10:[], 11:[], 12:[], 13:[], 14:[], 15:[], 16:[], 17:[], 18:[], 19:[], 20:[], 21:[], 22:[], 23:[], 24:[], 25:[], 26:[], 27:[], 28:[], 29:[], 30:[], 31:[], 32:[], 33:[], 34:[], 35:[], 36:[], 37:[], 38:[], 39:[], 40:[], 41:[], 42:[], 43:[], 44:[], 45:[], 46:[], 47:[], 48:[], 49:[], 50:[], 51:[], 52:[], 53:[], 54:[], 55:[], 56:[], 57:[], 58:[], 59:[], 60:[], 61:[], 62:[], 63:[], 64:[], 65:[], 66:[], 67:[], 68:[], 69:[], 70:[], 71:[], 72:[], 73:[], 74:[], 75:[], 76:[], 77:[], 78:[], 79:[], 80:[], 81:[], 82:[], 83:[], 84:[], 85:[], 86:[], 87:[], 88:[], 89:[], 90:[], 91:[], 92:[], 93:[], 94:[], 95:[], 96:[], 97:[], 98:[], 99:[], 100:[], 101:[], 102:[], 103:[], 104:[], 105:[], 106:[], 107:[], 108:[], 109:[], 110:[], 111:[], 112:[], 113:[], 114:[], 115:[], 116:[], 117:[], 118:[], 119:[], 120:[], 121:[], 122:[], 123:[], 124:[], 125:[], 126:[], 127:[], 128:[], 129:[], 130:[], 131:[], 132:[], 133:[], 134:[], 135:[], 136:[], 137:[], 138:[], 139:[], 140:[], 141:[], 142:[], 143:[], 144:[], 145:[], 146:[], 147:[], 148:[], 149:[], 150:[], 151:[], 152:[], 153:[], 154:[], 155:[], 156:[], 157:[], 158:[], 159:[], 160:[], 161:[], 162:[], 163:[], 164:[], 165:[], 166:[], 167:[], 168:[], 169:[], 170:[], 171:[], 172:[], 173:[], 174:[], 175:[]",54860202000,64885587858
4231,3,27119.0840,26448225,394852811,3152838904,643.4081,false,176,true,true,true,true,true,false,false,"0:[0, 1, 2, 3, 4, 5, 6, 7, 8, 9, 10, 11, 12, 13, 14, 15, 16, 17, 18, 19, 20, 21, 22, 23, 24, 25, 26, 27, 28, 29, 30, 31, 32, 33, 34, 35, 36, 37, 38, 39, 40, 41, 42, 43, 44, 45, 46, 47, 48, 49, 50, 51, 52, 53, 54, 55, 56, 57, 58, 59, 60, 61, 62, 63, 64, 65, 66, 67, 68, 69, 70, 71, 72, 73, 74, 75, 76, 77, 78, 79, 80, 81, 82, 83, 84, 85, 86, 87, 88, 89, 90, 91, 92, 93, 94, 95, 96, 97, 98, 99, 100, 101, 102, 103, 104, 105, 106, 107, 108, 109, 110, 111, 112, 113, 114, 115, 116, 117, 118, 119, 120, 121, 122, 123, 124, 125, 126, 127, 128, 129, 130, 131, 132, 133, 134, 135, 136, 137, 138, 139, 140, 141, 142, 143, 144, 145, 146, 147, 148, 149, 150, 151, 152, 153, 154, 155, 156, 157, 158, 159, 160, 161, 162, 163, 164, 165, 166, 167, 168, 169, 170, 171, 172, 173, 174, 175], 1:[], 2:[], 3:[], 4:[], 5:[], 6:[], 7:[], 8:[], 9:[], 10:[], 11:[], 12:[], 13:[], 14:[], 15:[], 16:[], 17:[], 18:[], 19:[], 20:[], 21:[], 22:[], 23:[], 24:[], 25:[], 26:[], 27:[], 28:[], 29:[], 30:[], 31:[], 32:[], 33:[], 34:[], 35:[], 36:[], 37:[], 38:[], 39:[], 40:[], 41:[], 42:[], 43:[], 44:[], 45:[], 46:[], 47:[], 48:[], 49:[], 50:[], 51:[], 52:[], 53:[], 54:[], 55:[], 56:[], 57:[], 58:[], 59:[], 60:[], 61:[], 62:[], 63:[], 64:[], 65:[], 66:[], 67:[], 68:[], 69:[], 70:[], 71:[], 72:[], 73:[], 74:[], 75:[], 76:[], 77:[], 78:[], 79:[], 80:[], 81:[], 82:[], 83:[], 84:[], 85:[], 86:[], 87:[], 88:[], 89:[], 90:[], 91:[], 92:[], 93:[], 94:[], 95:[], 96:[], 97:[], 98:[], 99:[], 100:[], 101:[], 102:[], 103:[], 104:[], 105:[], 106:[], 107:[], 108:[], 109:[], 110:[], 111:[], 112:[], 113:[], 114:[], 115:[], 116:[], 117:[], 118:[], 119:[], 120:[], 121:[], 122:[], 123:[], 124:[], 125:[], 126:[], 127:[], 128:[], 129:[], 130:[], 131:[], 132:[], 133:[], 134:[], 135:[], 136:[], 137:[], 138:[], 139:[], 140:[], 141:[], 142:[], 143:[], 144:[], 145:[], 146:[], 147:[], 148:[], 149:[], 150:[], 151:[], 152:[], 153:[], 154:[], 155:[], 156:[], 157:[], 158:[], 159:[], 160:[], 161:[], 162:[], 163:[], 164:[], 165:[], 166:[], 167:[], 168:[], 169:[], 170:[], 171:[], 172:[], 173:[], 174:[], 175:[]",54905778488,64951794671
4241,3,29847.9082,26635845,397659268,3175266064,928.5082,false,177,true,true,true,true,true,false,false,"0:[0, 1, 2, 3, 4, 5, 6, 7, 8, 9, 10, 11, 12, 13, 14, 15, 16, 17, 18, 19, 20, 21, 22, 23, 24, 25, 26, 27, 28, 29, 30, 31, 32, 33, 34, 35, 36, 37, 38, 39, 40, 41, 42, 43, 44, 45, 46, 47, 48, 49, 50, 51, 52, 53, 54, 55, 56, 57, 58, 59, 60, 61, 62, 63, 64, 65, 66, 67, 68, 69, 70, 71, 72, 73, 74, 75, 76, 77, 78, 79, 80, 81, 82, 83, 84, 85, 86, 87, 88, 89, 90, 91, 92, 93, 94, 95, 96, 97, 98, 99, 100, 101, 102, 103, 104, 105, 106, 107, 108, 109, 110, 111, 112, 113, 114, 115, 116, 117, 118, 119, 120, 121, 122, 123, 124, 125, 126, 127, 128, 129, 130, 131, 132, 133, 134, 135, 136, 137, 138, 139, 140, 141, 142, 143, 144, 145, 146, 147, 148, 149, 150, 151, 152, 153, 154, 155, 156, 157, 158, 159, 160, 161, 162, 163, 164, 165, 166, 167, 168, 169, 170, 171, 172, 173, 174, 175, 176], 1:[], 2:[], 3:[], 4:[], 5:[], 6:[], 7:[], 8:[], 9:[], 10:[], 11:[], 12:[], 13:[], 14:[], 15:[], 16:[], 17:[], 18:[], 19:[], 20:[], 21:[], 22:[], 23:[], 24:[], 25:[], 26:[], 27:[], 28:[], 29:[], 30:[], 31:[], 32:[], 33:[], 34:[], 35:[], 36:[], 37:[], 38:[], 39:[], 40:[], 41:[], 42:[], 43:[], 44:[], 45:[], 46:[], 47:[], 48:[], 49:[], 50:[], 51:[], 52:[], 53:[], 54:[], 55:[], 56:[], 57:[], 58:[], 59:[], 60:[], 61:[], 62:[], 63:[], 64:[], 65:[], 66:[], 67:[], 68:[], 69:[], 70:[], 71:[], 72:[], 73:[], 74:[], 75:[], 76:[], 77:[], 78:[], 79:[], 80:[], 81:[], 82:[], 83:[], 84:[], 85:[], 86:[], 87:[], 88:[], 89:[], 90:[], 91:[], 92:[], 93:[], 94:[], 95:[], 96:[], 97:[], 98:[], 99:[], 100:[], 101:[], 102:[], 103:[], 104:[], 105:[], 106:[], 107:[], 108:[], 109:[], 110:[], 111:[], 112:[], 113:[], 114:[], 115:[], 116:[], 117:[], 118:[], 119:[], 120:[], 121:[], 122:[], 123:[], 124:[], 125:[], 126:[], 127:[], 128:[], 129:[], 130:[], 131:[], 132:[], 133:[], 134:[], 135:[], 136:[], 137:[], 138:[], 139:[], 140:[], 141:[], 142:[], 143:[], 144:[], 145:[], 146:[], 147:[], 148:[], 149:[], 150:[], 151:[], 152:[], 153:[], 154:[], 155:[], 156:[], 157:[], 158:[], 159:[], 160:[], 161:[], 162:[], 163:[], 164:[], 165:[], 166:[], 167:[], 168:[], 169:[], 170:[], 171:[], 172:[], 173:[], 174:[], 175:[], 176:[]",55134797928,65284685660
4243,2,25107.9457,26673475,398220965,3179750254,601.1442,false,176,true,true,true,true,true,false,false,"0:[0, 1, 2, 3, 4, 5, 6, 7, 8, 9, 10, 11, 12, 13, 14, 15, 16, 17, 18, 19, 20, 21, 22, 23, 24, 25, 26, 27, 28, 29, 30, 31, 32, 33, 34, 35, 36, 37, 38, 39, 40, 41, 42, 43, 44, 45, 46, 47, 48, 49, 50, 51, 52, 53, 54, 55, 56, 57, 58, 59, 60, 61, 62, 63, 64, 65, 66, 67, 68, 69, 70, 71, 72, 73, 74, 75, 76, 77, 78, 79, 80, 81, 82, 83, 84, 85, 86, 87, 88, 89, 90, 91, 92, 93, 94, 95, 96, 97, 98, 99, 100, 101, 102, 103, 104, 105, 106, 107, 108, 109, 110, 111, 112, 113, 114, 115, 116, 117, 118, 119, 120, 121, 122, 123, 124, 125, 126, 127, 128, 129, 130, 131, 132, 133, 134, 135, 136, 137, 138, 139, 140, 141, 142, 143, 144, 145, 146, 147, 148, 149, 150, 151, 152, 153, 154, 155, 156, 157, 158, 159, 160, 161, 162, 163, 164, 165, 166, 167, 168, 169, 170, 171, 172, 173, 174, 175], 1:[], 2:[], 3:[], 4:[], 5:[], 6:[], 7:[], 8:[], 9:[], 10:[], 11:[], 12:[], 13:[], 14:[], 15:[], 16:[], 17:[], 18:[], 19:[], 20:[], 21:[], 22:[], 23:[], 24:[], 25:[], 26:[], 27:[], 28:[], 29:[], 30:[], 31:[], 32:[], 33:[], 34:[], 35:[], 36:[], 37:[], 38:[], 39:[], 40:[], 41:[], 42:[], 43:[], 44:[], 45:[], 46:[], 47:[], 48:[], 49:[], 50:[], 51:[], 52:[], 53:[], 54:[], 55:[], 56:[], 57:[], 58:[], 59:[], 60:[], 61:[], 62:[], 63:[], 64:[], 65:[], 66:[], 67:[], 68:[], 69:[], 70:[], 71:[], 72:[], 73:[], 74:[], 75:[], 76:[], 77:[], 78:[], 79:[], 80:[], 81:[], 82:[], 83:[], 84:[], 85:[], 86:[], 87:[], 88:[], 89:[], 90:[], 91:[], 92:[], 93:[], 94:[], 95:[], 96:[], 97:[], 98:[], 99:[], 100:[], 101:[], 102:[], 103:[], 104:[], 105:[], 106:[], 107:[], 108:[], 109:[], 110:[], 111:[], 112:[], 113:[], 114:[], 115:[], 116:[], 117:[], 118:[], 119:[], 120:[], 121:[], 122:[], 123:[], 124:[], 125:[], 126:[], 127:[], 128:[], 129:[], 130:[], 131:[], 132:[], 133:[], 134:[], 135:[], 136:[], 137:[], 138:[], 139:[], 140:[], 141:[], 142:[], 143:[], 144:[], 145:[], 146:[], 147:[], 148:[], 149:[], 150:[], 151:[], 152:[], 153:[], 154:[], 155:[], 156:[], 157:[], 158:[], 159:[], 160:[], 161:[], 162:[], 163:[], 164:[], 165:[], 166:[], 167:[], 168:[], 169:[], 170:[], 171:[], 172:[], 173:[], 174:[], 175:[]",55180636808,65351274433
4253,2,26368.5518,26862158,401043399,3202305543,616.7251,false,178,true,true,true,true,true,false,false,"0:[0, 1, 2, 3, 4, 5, 6, 7, 8, 9, 10, 11, 12, 13, 14, 15, 16, 17, 18, 19, 20, 21, 22, 23, 24, 25, 26, 27, 28, 29, 30, 31, 32, 33, 34, 35, 36, 37, 38, 39, 40, 41, 42, 43, 44, 45, 46, 47, 48, 49, 50, 51, 52, 53, 54, 55, 56, 57, 58, 59, 60, 61, 62, 63, 64, 65, 66, 67, 68, 69, 70, 71, 72, 73, 74, 75, 76, 77, 78, 79, 80, 81, 82, 83, 84, 85, 86, 87, 88, 89, 90, 91, 92, 93, 94, 95, 96, 97, 98, 99, 100, 101, 102, 103, 104, 105, 106, 107, 108, 109, 110, 111, 112, 113, 114, 115, 116, 117, 118, 119, 120, 121, 122, 123, 124, 125, 126, 127, 128, 129, 130, 131, 132, 133, 134, 135, 136, 137, 138, 139, 140, 141, 142, 143, 144, 145, 146, 147, 148, 149, 150, 151, 152, 153, 154, 155, 156, 157, 158, 159, 160, 161, 162, 163, 164, 165, 166, 167, 168, 169, 170, 171, 172, 173, 174, 175, 176, 177], 1:[], 2:[], 3:[], 4:[], 5:[], 6:[], 7:[], 8:[], 9:[], 10:[], 11:[], 12:[], 13:[], 14:[], 15:[], 16:[], 17:[], 18:[], 19:[], 20:[], 21:[], 22:[], 23:[], 24:[], 25:[], 26:[], 27:[], 28:[], 29:[], 30:[], 31:[], 32:[], 33:[], 34:[], 35:[], 36:[], 37:[], 38:[], 39:[], 40:[], 41:[], 42:[], 43:[], 44:[], 45:[], 46:[], 47:[], 48:[], 49:[], 50:[], 51:[], 52:[], 53:[], 54:[], 55:[], 56:[], 57:[], 58:[], 59:[], 60:[], 61:[], 62:[], 63:[], 64:[], 65:[], 66:[], 67:[], 68:[], 69:[], 70:[], 71:[], 72:[], 73:[], 74:[], 75:[], 76:[], 77:[], 78:[], 79:[], 80:[], 81:[], 82:[], 83:[], 84:[], 85:[], 86:[], 87:[], 88:[], 89:[], 90:[], 91:[], 92:[], 93:[], 94:[], 95:[], 96:[], 97:[], 98:[], 99:[], 100:[], 101:[], 102:[], 103:[], 104:[], 105:[], 106:[], 107:[], 108:[], 109:[], 110:[], 111:[], 112:[], 113:[], 114:[], 115:[], 116:[], 117:[], 118:[], 119:[], 120:[], 121:[], 122:[], 123:[], 124:[], 125:[], 126:[], 127:[], 128:[], 129:[], 130:[], 131:[], 132:[], 133:[], 134:[], 135:[], 136:[], 137:[], 138:[], 139:[], 140:[], 141:[], 142:[], 143:[], 144:[], 145:[], 146:[], 147:[], 148:[], 149:[], 150:[], 151:[], 152:[], 153:[], 154:[], 155:[], 156:[], 157:[], 158:[], 159:[], 160:[], 161:[], 162:[], 163:[], 164:[], 165:[], 166:[], 167:[], 168:[], 169:[], 170:[], 171:[], 172:[], 173:[], 174:[], 175:[], 176:[], 177:[]",55410959920,65686061331
4259,2,25479.3371,26975794,402741462,3215868248,612.5224,false,178,true,true,true,true,true,false,false,"0:[0, 1, 2, 3, 4, 5, 6, 7, 8, 9, 10, 11, 12, 13, 14, 15, 16, 17, 18, 19, 20, 21, 22, 23, 24, 25, 26, 27, 28, 29, 30, 31, 32, 33, 34, 35, 36, 37, 38, 39, 40, 41, 42, 43, 44, 45, 46, 47, 48, 49, 50, 51, 52, 53, 54, 55, 56, 57, 58, 59, 60, 61, 62, 63, 64, 65, 66, 67, 68, 69, 70, 71, 72, 73, 74, 75, 76, 77, 78, 79, 80, 81, 82, 83, 84, 85, 86, 87, 88, 89, 90, 91, 92, 93, 94, 95, 96, 97, 98, 99, 100, 101, 102, 103, 104, 105, 106, 107, 108, 109, 110, 111, 112, 113, 114, 115, 116, 117, 118, 119, 120, 121, 122, 123, 124, 125, 126, 127, 128, 129, 130, 131, 132, 133, 134, 135, 136, 137, 138, 139, 140, 141, 142, 143, 144, 145, 146, 147, 148, 149, 150, 151, 152, 153, 154, 155, 156, 157, 158, 159, 160, 161, 162, 163, 164, 165, 166, 167, 168, 169, 170, 171, 172, 173, 174, 175, 176, 177], 1:[], 2:[], 3:[], 4:[], 5:[], 6:[], 7:[], 8:[], 9:[], 10:[], 11:[], 12:[], 13:[], 14:[], 15:[], 16:[], 17:[], 18:[], 19:[], 20:[], 21:[], 22:[], 23:[], 24:[], 25:[], 26:[], 27:[], 28:[], 29:[], 30:[], 31:[], 32:[], 33:[], 34:[], 35:[], 36:[], 37:[], 38:[], 39:[], 40:[], 41:[], 42:[], 43:[], 44:[], 45:[], 46:[], 47:[], 48:[], 49:[], 50:[], 51:[], 52:[], 53:[], 54:[], 55:[], 56:[], 57:[], 58:[], 59:[], 60:[], 61:[], 62:[], 63:[], 64:[], 65:[], 66:[], 67:[], 68:[], 69:[], 70:[], 71:[], 72:[], 73:[], 74:[], 75:[], 76:[], 77:[], 78:[], 79:[], 80:[], 81:[], 82:[], 83:[], 84:[], 85:[], 86:[], 87:[], 88:[], 89:[], 90:[], 91:[], 92:[], 93:[], 94:[], 95:[], 96:[], 97:[], 98:[], 99:[], 100:[], 101:[], 102:[], 103:[], 104:[], 105:[], 106:[], 107:[], 108:[], 109:[], 110:[], 111:[], 112:[], 113:[], 114:[], 115:[], 116:[], 117:[], 118:[], 119:[], 120:[], 121:[], 122:[], 123:[], 124:[], 125:[], 126:[], 127:[], 128:[], 129:[], 130:[], 131:[], 132:[], 133:[], 134:[], 135:[], 136:[], 137:[], 138:[], 139:[], 140:[], 141:[], 142:[], 143:[], 144:[], 145:[], 146:[], 147:[], 148:[], 149:[], 150:[], 151:[], 152:[], 153:[], 154:[], 155:[], 156:[], 157:[], 158:[], 159:[], 160:[], 161:[], 162:[], 163:[], 164:[], 165:[], 166:[], 167:[], 168:[], 169:[], 170:[], 171:[], 172:[], 173:[], 174:[], 175:[], 176:[], 177:[]",55549532224,65887426542
4261,2,26016.3004,27013743,403310064,3220416098,598.6129,false,177,true,true,true,true,true,false,false,"0:[0, 1, 2, 3, 4, 5, 6, 7, 8, 9, 10, 11, 12, 13, 14, 15, 16, 17, 18, 19, 20, 21, 22, 23, 24, 25, 26, 27, 28, 29, 30, 31, 32, 33, 34, 35, 36, 37, 38, 39, 40, 41, 42, 43, 44, 45, 46, 47, 48, 49, 50, 51, 52, 53, 54, 55, 56, 57, 58, 59, 60, 61, 62, 63, 64, 65, 66, 67, 68, 69, 70, 71, 72, 73, 74, 75, 76, 77, 78, 79, 80, 81, 82, 83, 84, 85, 86, 87, 88, 89, 90, 91, 92, 93, 94, 95, 96, 97, 98, 99, 100, 101, 102, 103, 104, 105, 106, 107, 108, 109, 110, 111, 112, 113, 114, 115, 116, 117, 118, 119, 120, 121, 122, 123, 124, 125, 126, 127, 128, 129, 130, 131, 132, 133, 134, 135, 136, 137, 138, 139, 140, 141, 142, 143, 144, 145, 146, 147, 148, 149, 150, 151, 152, 153, 154, 155, 156, 157, 158, 159, 160, 161, 162, 163, 164, 165, 166, 167, 168, 169, 170, 171, 172, 173, 174, 175, 176], 1:[], 2:[], 3:[], 4:[], 5:[], 6:[], 7:[], 8:[], 9:[], 10:[], 11:[], 12:[], 13:[], 14:[], 15:[], 16:[], 17:[], 18:[], 19:[], 20:[], 21:[], 22:[], 23:[], 24:[], 25:[], 26:[], 27:[], 28:[], 29:[], 30:[], 31:[], 32:[], 33:[], 34:[], 35:[], 36:[], 37:[], 38:[], 39:[], 40:[], 41:[], 42:[], 43:[], 44:[], 45:[], 46:[], 47:[], 48:[], 49:[], 50:[], 51:[], 52:[], 53:[], 54:[], 55:[], 56:[], 57:[], 58:[], 59:[], 60:[], 61:[], 62:[], 63:[], 64:[], 65:[], 66:[], 67:[], 68:[], 69:[], 70:[], 71:[], 72:[], 73:[], 74:[], 75:[], 76:[], 77:[], 78:[], 79:[], 80:[], 81:[], 82:[], 83:[], 84:[], 85:[], 86:[], 87:[], 88:[], 89:[], 90:[], 91:[], 92:[], 93:[], 94:[], 95:[], 96:[], 97:[], 98:[], 99:[], 100:[], 101:[], 102:[], 103:[], 104:[], 105:[], 106:[], 107:[], 108:[], 109:[], 110:[], 111:[], 112:[], 113:[], 114:[], 115:[], 116:[], 117:[], 118:[], 119:[], 120:[], 121:[], 122:[], 123:[], 124:[], 125:[], 126:[], 127:[], 128:[], 129:[], 130:[], 131:[], 132:[], 133:[], 134:[], 135:[], 136:[], 137:[], 138:[], 139:[], 140:[], 141:[], 142:[], 143:[], 144:[], 145:[], 146:[], 147:[], 148:[], 149:[], 150:[], 151:[], 152:[], 153:[], 154:[], 155:[], 156:[], 157:[], 158:[], 159:[], 160:[], 161:[], 162:[], 163:[], 164:[], 165:[], 166:[], 167:[], 168:[], 169:[], 170:[], 171:[], 172:[], 173:[], 174:[], 175:[], 176:[]",55595931160,65954898792
4271,7,28405.1532,27204025,406154274,3243136704,747.5075,false,177,true,true,true,true,true,false,false,"0:[0, 1, 2, 3, 4, 5, 6, 7, 8, 9, 10, 11, 12, 13, 14, 15, 16, 17, 18, 19, 20, 21, 22, 23, 24, 25, 26, 27, 28, 29, 30, 31, 32, 33, 34, 35, 36, 37, 38, 39, 40, 41, 42, 43, 44, 45, 46, 47, 48, 49, 50, 51, 52, 53, 54, 55, 56, 57, 58, 59, 60, 61, 62, 63, 64, 65, 66, 67, 68, 69, 70, 71, 72, 73, 74, 75, 76, 77, 78, 79, 80, 81, 82, 83, 84, 85, 86, 87, 88, 89, 90, 91, 92, 93, 94, 95, 96, 97, 98, 99, 100, 101, 102, 103, 104, 105, 106, 107, 108, 109, 110, 111, 112, 113, 114, 115, 116, 117, 118, 119, 120, 121, 122, 123, 124, 125, 126, 127, 128, 129, 130, 131, 132, 133, 134, 135, 136, 137, 138, 139, 140, 141, 142, 143, 144, 145, 146, 147, 148, 149, 150, 151, 152, 153, 154, 155, 156, 157, 158, 159, 160, 161, 162, 163, 164, 165, 166, 167, 168, 169, 170, 171, 172, 173, 174, 175, 176], 1:[], 2:[], 3:[], 4:[], 5:[], 6:[], 7:[], 8:[], 9:[], 10:[], 11:[], 12:[], 13:[], 14:[], 15:[], 16:[], 17:[], 18:[], 19:[], 20:[], 21:[], 22:[], 23:[], 24:[], 25:[], 26:[], 27:[], 28:[], 29:[], 30:[], 31:[], 32:[], 33:[], 34:[], 35:[], 36:[], 37:[], 38:[], 39:[], 40:[], 41:[], 42:[], 43:[], 44:[], 45:[], 46:[], 47:[], 48:[], 49:[], 50:[], 51:[], 52:[], 53:[], 54:[], 55:[], 56:[], 57:[], 58:[], 59:[], 60:[], 61:[], 62:[], 63:[], 64:[], 65:[], 66:[], 67:[], 68:[], 69:[], 70:[], 71:[], 72:[], 73:[], 74:[], 75:[], 76:[], 77:[], 78:[], 79:[], 80:[], 81:[], 82:[], 83:[], 84:[], 85:[], 86:[], 87:[], 88:[], 89:[], 90:[], 91:[], 92:[], 93:[], 94:[], 95:[], 96:[], 97:[], 98:[], 99:[], 100:[], 101:[], 102:[], 103:[], 104:[], 105:[], 106:[], 107:[], 108:[], 109:[], 110:[], 111:[], 112:[], 113:[], 114:[], 115:[], 116:[], 117:[], 118:[], 119:[], 120:[], 121:[], 122:[], 123:[], 124:[], 125:[], 126:[], 127:[], 128:[], 129:[], 130:[], 131:[], 132:[], 133:[], 134:[], 135:[], 136:[], 137:[], 138:[], 139:[], 140:[], 141:[], 142:[], 143:[], 144:[], 145:[], 146:[], 147:[], 148:[], 149:[], 150:[], 151:[], 152:[], 153:[], 154:[], 155:[], 156:[], 157:[], 158:[], 159:[], 160:[], 161:[], 162:[], 163:[], 164:[], 165:[], 166:[], 167:[], 168:[], 169:[], 170:[], 171:[], 172:[], 173:[], 174:[], 175:[], 176:[]",55828034728,66292202994
4273,5,31700.4374,27242188,406726031,3247709488,686.8529,false,178,true,true,true,true,true,false,false,"0:[0, 1, 2, 3, 4, 5, 6, 7, 8, 9, 10, 11, 12, 13, 14, 15, 16, 17, 18, 19, 20, 21, 22, 23, 24, 25, 26, 27, 28, 29, 30, 31, 32, 33, 34, 35, 36, 37, 38, 39, 40, 41, 42, 43, 44, 45, 46, 47, 48, 49, 50, 51, 52, 53, 54, 55, 56, 57, 58, 59, 60, 61, 62, 63, 64, 65, 66, 67, 68, 69, 70, 71, 72, 73, 74, 75, 76, 77, 78, 79, 80, 81, 82, 83, 84, 85, 86, 87, 88, 89, 90, 91, 92, 93, 94, 95, 96, 97, 98, 99, 100, 101, 102, 103, 104, 105, 106, 107, 108, 109, 110, 111, 112, 113, 114, 115, 116, 117, 118, 119, 120, 121, 122, 123, 124, 125, 126, 127, 128, 129, 130, 131, 132, 133, 134, 135, 136, 137, 138, 139, 140, 141, 142, 143, 144, 145, 146, 147, 148, 149, 150, 151, 152, 153, 154, 155, 156, 157, 158, 159, 160, 161, 162, 163, 164, 165, 166, 167, 168, 169, 170, 171, 172, 173, 174, 175, 176, 177], 1:[], 2:[], 3:[], 4:[], 5:[], 6:[], 7:[], 8:[], 9:[], 10:[], 11:[], 12:[], 13:[], 14:[], 15:[], 16:[], 17:[], 18:[], 19:[], 20:[], 21:[], 22:[], 23:[], 24:[], 25:[], 26:[], 27:[], 28:[], 29:[], 30:[], 31:[], 32:[], 33:[], 34:[], 35:[], 36:[], 37:[], 38:[], 39:[], 40:[], 41:[], 42:[], 43:[], 44:[], 45:[], 46:[], 47:[], 48:[], 49:[], 50:[], 51:[], 52:[], 53:[], 54:[], 55:[], 56:[], 57:[], 58:[], 59:[], 60:[], 61:[], 62:[], 63:[], 64:[], 65:[], 66:[], 67:[], 68:[], 69:[], 70:[], 71:[], 72:[], 73:[], 74:[], 75:[], 76:[], 77:[], 78:[], 79:[], 80:[], 81:[], 82:[], 83:[], 84:[], 85:[], 86:[], 87:[], 88:[], 89:[], 90:[], 91:[], 92:[], 93:[], 94:[], 95:[], 96:[], 97:[], 98:[], 99:[], 100:[], 101:[], 102:[], 103:[], 104:[], 105:[], 106:[], 107:[], 108:[], 109:[], 110:[], 111:[], 112:[], 113:[], 114:[], 115:[], 116:[], 117:[], 118:[], 119:[], 120:[], 121:[], 122:[], 123:[], 124:[], 125:[], 126:[], 127:[], 128:[], 129:[], 130:[], 131:[], 132:[], 133:[], 134:[], 135:[], 136:[], 137:[], 138:[], 139:[], 140:[], 141:[], 142:[], 143:[], 144:[], 145:[], 146:[], 147:[], 148:[], 149:[], 150:[], 151:[], 152:[], 153:[], 154:[], 155:[], 156:[], 157:[], 158:[], 159:[], 160:[], 161:[], 162:[], 163:[], 164:[], 165:[], 166:[], 167:[], 168:[], 169:[], 170:[], 171:[], 172:[], 173:[], 174:[], 175:[], 176:[], 177:[]",55874691200,66360049067
4283,2,25724.2787,27433540,409586315,3270558923,646.3867,false,178,true,true,true,true,true,false,false,"0:[0, 1, 2, 3, 4, 5, 6, 7, 8, 9, 10, 11, 12, 13, 14, 15, 16, 17, 18, 19, 20, 21, 22, 23, 24, 25, 26, 27, 28, 29, 30, 31, 32, 33, 34, 35, 36, 37, 38, 39, 40, 41, 42, 43, 44, 45, 46, 47, 48, 49, 50, 51, 52, 53, 54, 55, 56, 57, 58, 59, 60, 61, 62, 63, 64, 65, 66, 67, 68, 69, 70, 71, 72, 73, 74, 75, 76, 77, 78, 79, 80, 81, 82, 83, 84, 85, 86, 87, 88, 89, 90, 91, 92, 93, 94, 95, 96, 97, 98, 99, 100, 101, 102, 103, 104, 105, 106, 107, 108, 109, 110, 111, 112, 113, 114, 115, 116, 117, 118, 119, 120, 121, 122, 123, 124, 125, 126, 127, 128, 129, 130, 131, 132, 133, 134, 135, 136, 137, 138, 139, 140, 141, 142, 143, 144, 145, 146, 147, 148, 149, 150, 151, 152, 153, 154, 155, 156, 157, 158, 159, 160, 161, 162, 163, 164, 165, 166, 167, 168, 169, 170, 171, 172, 173, 174, 175, 176, 177], 1:[], 2:[], 3:[], 4:[], 5:[], 6:[], 7:[], 8:[], 9:[], 10:[], 11:[], 12:[], 13:[], 14:[], 15:[], 16:[], 17:[], 18:[], 19:[], 20:[], 21:[], 22:[], 23:[], 24:[], 25:[], 26:[], 27:[], 28:[], 29:[], 30:[], 31:[], 32:[], 33:[], 34:[], 35:[], 36:[], 37:[], 38:[], 39:[], 40:[], 41:[], 42:[], 43:[], 44:[], 45:[], 46:[], 47:[], 48:[], 49:[], 50:[], 51:[], 52:[], 53:[], 54:[], 55:[], 56:[], 57:[], 58:[], 59:[], 60:[], 61:[], 62:[], 63:[], 64:[], 65:[], 66:[], 67:[], 68:[], 69:[], 70:[], 71:[], 72:[], 73:[], 74:[], 75:[], 76:[], 77:[], 78:[], 79:[], 80:[], 81:[], 82:[], 83:[], 84:[], 85:[], 86:[], 87:[], 88:[], 89:[], 90:[], 91:[], 92:[], 93:[], 94:[], 95:[], 96:[], 97:[], 98:[], 99:[], 100:[], 101:[], 102:[], 103:[], 104:[], 105:[], 106:[], 107:[], 108:[], 109:[], 110:[], 111:[], 112:[], 113:[], 114:[], 115:[], 116:[], 117:[], 118:[], 119:[], 120:[], 121:[], 122:[], 123:[], 124:[], 125:[], 126:[], 127:[], 128:[], 129:[], 130:[], 131:[], 132:[], 133:[], 134:[], 135:[], 136:[], 137:[], 138:[], 139:[], 140:[], 141:[], 142:[], 143:[], 144:[], 145:[], 146:[], 147:[], 148:[], 149:[], 150:[], 151:[], 152:[], 153:[], 154:[], 155:[], 156:[], 157:[], 158:[], 159:[], 160:[], 161:[], 162:[], 163:[], 164:[], 165:[], 166:[], 167:[], 168:[], 169:[], 170:[], 171:[], 172:[], 173:[], 174:[], 175:[], 176:[], 177:[]",56108106368,66699259959
4289,3,31612.3730,27548781,411310597,3284340112,742.5932,false,179,true,true,true,true,true,false,false,"0:[0, 1, 2, 3, 4, 5, 6, 7, 8, 9, 10, 11, 12, 13, 14, 15, 16, 17, 18, 19, 20, 21, 22, 23, 24, 25, 26, 27, 28, 29, 30, 31, 32, 33, 34, 35, 36, 37, 38, 39, 40, 41, 42, 43, 44, 45, 46, 47, 48, 49, 50, 51, 52, 53, 54, 55, 56, 57, 58, 59, 60, 61, 62, 63, 64, 65, 66, 67, 68, 69, 70, 71, 72, 73, 74, 75, 76, 77, 78, 79, 80, 81, 82, 83, 84, 85, 86, 87, 88, 89, 90, 91, 92, 93, 94, 95, 96, 97, 98, 99, 100, 101, 102, 103, 104, 105, 106, 107, 108, 109, 110, 111, 112, 113, 114, 115, 116, 117, 118, 119, 120, 121, 122, 123, 124, 125, 126, 127, 128, 129, 130, 131, 132, 133, 134, 135, 136, 137, 138, 139, 140, 141, 142, 143, 144, 145, 146, 147, 148, 149, 150, 151, 152, 153, 154, 155, 156, 157, 158, 159, 160, 161, 162, 163, 164, 165, 166, 167, 168, 169, 170, 171, 172, 173, 174, 175, 176, 177, 178], 1:[], 2:[], 3:[], 4:[], 5:[], 6:[], 7:[], 8:[], 9:[], 10:[], 11:[], 12:[], 13:[], 14:[], 15:[], 16:[], 17:[], 18:[], 19:[], 20:[], 21:[], 22:[], 23:[], 24:[], 25:[], 26:[], 27:[], 28:[], 29:[], 30:[], 31:[], 32:[], 33:[], 34:[], 35:[], 36:[], 37:[], 38:[], 39:[], 40:[], 41:[], 42:[], 43:[], 44:[], 45:[], 46:[], 47:[], 48:[], 49:[], 50:[], 51:[], 52:[], 53:[], 54:[], 55:[], 56:[], 57:[], 58:[], 59:[], 60:[], 61:[], 62:[], 63:[], 64:[], 65:[], 66:[], 67:[], 68:[], 69:[], 70:[], 71:[], 72:[], 73:[], 74:[], 75:[], 76:[], 77:[], 78:[], 79:[], 80:[], 81:[], 82:[], 83:[], 84:[], 85:[], 86:[], 87:[], 88:[], 89:[], 90:[], 91:[], 92:[], 93:[], 94:[], 95:[], 96:[], 97:[], 98:[], 99:[], 100:[], 101:[], 102:[], 103:[], 104:[], 105:[], 106:[], 107:[], 108:[], 109:[], 110:[], 111:[], 112:[], 113:[], 114:[], 115:[], 116:[], 117:[], 118:[], 119:[], 120:[], 121:[], 122:[], 123:[], 124:[], 125:[], 126:[], 127:[], 128:[], 129:[], 130:[], 131:[], 132:[], 133:[], 134:[], 135:[], 136:[], 137:[], 138:[], 139:[], 140:[], 141:[], 142:[], 143:[], 144:[], 145:[], 146:[], 147:[], 148:[], 149:[], 150:[], 151:[], 152:[], 153:[], 154:[], 155:[], 156:[], 157:[], 158:[], 159:[], 160:[], 161:[], 162:[], 163:[], 164:[], 165:[], 166:[], 167:[], 168:[], 169:[], 170:[], 171:[], 172:[], 173:[], 174:[], 175:[], 176:[], 177:[], 178:[]",56248814712,66903800337
4297,5,32250.3148,27702935,413615766,3302758636,717.9434,false,179,true,true,true,true,true,false,false,"0:[0, 1, 2, 3, 4, 5, 6, 7, 8, 9, 10, 11, 12, 13, 14, 15, 16, 17, 18, 19, 20, 21, 22, 23, 24, 25, 26, 27, 28, 29, 30, 31, 32, 33, 34, 35, 36, 37, 38, 39, 40, 41, 42, 43, 44, 45, 46, 47, 48, 49, 50, 51, 52, 53, 54, 55, 56, 57, 58, 59, 60, 61, 62, 63, 64, 65, 66, 67, 68, 69, 70, 71, 72, 73, 74, 75, 76, 77, 78, 79, 80, 81, 82, 83, 84, 85, 86, 87, 88, 89, 90, 91, 92, 93, 94, 95, 96, 97, 98, 99, 100, 101, 102, 103, 104, 105, 106, 107, 108, 109, 110, 111, 112, 113, 114, 115, 116, 117, 118, 119, 120, 121, 122, 123, 124, 125, 126, 127, 128, 129, 130, 131, 132, 133, 134, 135, 136, 137, 138, 139, 140, 141, 142, 143, 144, 145, 146, 147, 148, 149, 150, 151, 152, 153, 154, 155, 156, 157, 158, 159, 160, 161, 162, 163, 164, 165, 166, 167, 168, 169, 170, 171, 172, 173, 174, 175, 176, 177, 178], 1:[], 2:[], 3:[], 4:[], 5:[], 6:[], 7:[], 8:[], 9:[], 10:[], 11:[], 12:[], 13:[], 14:[], 15:[], 16:[], 17:[], 18:[], 19:[], 20:[], 21:[], 22:[], 23:[], 24:[], 25:[], 26:[], 27:[], 28:[], 29:[], 30:[], 31:[], 32:[], 33:[], 34:[], 35:[], 36:[], 37:[], 38:[], 39:[], 40:[], 41:[], 42:[], 43:[], 44:[], 45:[], 46:[], 47:[], 48:[], 49:[], 50:[], 51:[], 52:[], 53:[], 54:[], 55:[], 56:[], 57:[], 58:[], 59:[], 60:[], 61:[], 62:[], 63:[], 64:[], 65:[], 66:[], 67:[], 68:[], 69:[], 70:[], 71:[], 72:[], 73:[], 74:[], 75:[], 76:[], 77:[], 78:[], 79:[], 80:[], 81:[], 82:[], 83:[], 84:[], 85:[], 86:[], 87:[], 88:[], 89:[], 90:[], 91:[], 92:[], 93:[], 94:[], 95:[], 96:[], 97:[], 98:[], 99:[], 100:[], 101:[], 102:[], 103:[], 104:[], 105:[], 106:[], 107:[], 108:[], 109:[], 110:[], 111:[], 112:[], 113:[], 114:[], 115:[], 116:[], 117:[], 118:[], 119:[], 120:[], 121:[], 122:[], 123:[], 124:[], 125:[], 126:[], 127:[], 128:[], 129:[], 130:[], 131:[], 132:[], 133:[], 134:[], 135:[], 136:[], 137:[], 138:[], 139:[], 140:[], 141:[], 142:[], 143:[], 144:[], 145:[], 146:[], 147:[], 148:[], 149:[], 150:[], 151:[], 152:[], 153:[], 154:[], 155:[], 156:[], 157:[], 158:[], 159:[], 160:[], 161:[], 162:[], 163:[], 164:[], 165:[], 166:[], 167:[], 168:[], 169:[], 170:[], 171:[], 172:[], 173:[], 174:[], 175:[], 176:[], 177:[], 178:[]",56436927928,67177205126
4327,3,29893.2956,28286137,422335780,3372428407,803.4145,false,181,true,true,true,true,true,false,false,"0:[0, 1, 2, 3, 4, 5, 6, 7, 8, 9, 10, 11, 12, 13, 14, 15, 16, 17, 18, 19, 20, 21, 22, 23, 24, 25, 26, 27, 28, 29, 30, 31, 32, 33, 34, 35, 36, 37, 38, 39, 40, 41, 42, 43, 44, 45, 46, 47, 48, 49, 50, 51, 52, 53, 54, 55, 56, 57, 58, 59, 60, 61, 62, 63, 64, 65, 66, 67, 68, 69, 70, 71, 72, 73, 74, 75, 76, 77, 78, 79, 80, 81, 82, 83, 84, 85, 86, 87, 88, 89, 90, 91, 92, 93, 94, 95, 96, 97, 98, 99, 100, 101, 102, 103, 104, 105, 106, 107, 108, 109, 110, 111, 112, 113, 114, 115, 116, 117, 118, 119, 120, 121, 122, 123, 124, 125, 126, 127, 128, 129, 130, 131, 132, 133, 134, 135, 136, 137, 138, 139, 140, 141, 142, 143, 144, 145, 146, 147, 148, 149, 150, 151, 152, 153, 154, 155, 156, 157, 158, 159, 160, 161, 162, 163, 164, 165, 166, 167, 168, 169, 170, 171, 172, 173, 174, 175, 176, 177, 178, 179, 180], 1:[], 2:[], 3:[], 4:[], 5:[], 6:[], 7:[], 8:[], 9:[], 10:[], 11:[], 12:[], 13:[], 14:[], 15:[], 16:[], 17:[], 18:[], 19:[], 20:[], 21:[], 22:[], 23:[], 24:[], 25:[], 26:[], 27:[], 28:[], 29:[], 30:[], 31:[], 32:[], 33:[], 34:[], 35:[], 36:[], 37:[], 38:[], 39:[], 40:[], 41:[], 42:[], 43:[], 44:[], 45:[], 46:[], 47:[], 48:[], 49:[], 50:[], 51:[], 52:[], 53:[], 54:[], 55:[], 56:[], 57:[], 58:[], 59:[], 60:[], 61:[], 62:[], 63:[], 64:[], 65:[], 66:[], 67:[], 68:[], 69:[], 70:[], 71:[], 72:[], 73:[], 74:[], 75:[], 76:[], 77:[], 78:[], 79:[], 80:[], 81:[], 82:[], 83:[], 84:[], 85:[], 86:[], 87:[], 88:[], 89:[], 90:[], 91:[], 92:[], 93:[], 94:[], 95:[], 96:[], 97:[], 98:[], 99:[], 100:[], 101:[], 102:[], 103:[], 104:[], 105:[], 106:[], 107:[], 108:[], 109:[], 110:[], 111:[], 112:[], 113:[], 114:[], 115:[], 116:[], 117:[], 118:[], 119:[], 120:[], 121:[], 122:[], 123:[], 124:[], 125:[], 126:[], 127:[], 128:[], 129:[], 130:[], 131:[], 132:[], 133:[], 134:[], 135:[], 136:[], 137:[], 138:[], 139:[], 140:[], 141:[], 142:[], 143:[], 144:[], 145:[], 146:[], 147:[], 148:[], 149:[], 150:[], 151:[], 152:[], 153:[], 154:[], 155:[], 156:[], 157:[], 158:[], 159:[], 160:[], 161:[], 162:[], 163:[], 164:[], 165:[], 166:[], 167:[], 168:[], 169:[], 170:[], 171:[], 172:[], 173:[], 174:[], 175:[], 176:[], 177:[], 178:[], 179:[], 180:[]",57148525896,68211408828
4337,3,32568.6562,28482341,425270857,3395884243,828.7474,false,180,true,true,true,true,true,false,false,"0:[0, 1, 2, 3, 4, 5, 6, 7, 8, 9, 10, 11, 12, 13, 14, 15, 16, 17, 18, 19, 20, 21, 22, 23, 24, 25, 26, 27, 28, 29, 30, 31, 32, 33, 34, 35, 36, 37, 38, 39, 40, 41, 42, 43, 44, 45, 46, 47, 48, 49, 50, 51, 52, 53, 54, 55, 56, 57, 58, 59, 60, 61, 62, 63, 64, 65, 66, 67, 68, 69, 70, 71, 72, 73, 74, 75, 76, 77, 78, 79, 80, 81, 82, 83, 84, 85, 86, 87, 88, 89, 90, 91, 92, 93, 94, 95, 96, 97, 98, 99, 100, 101, 102, 103, 104, 105, 106, 107, 108, 109, 110, 111, 112, 113, 114, 115, 116, 117, 118, 119, 120, 121, 122, 123, 124, 125, 126, 127, 128, 129, 130, 131, 132, 133, 134, 135, 136, 137, 138, 139, 140, 141, 142, 143, 144, 145, 146, 147, 148, 149, 150, 151, 152, 153, 154, 155, 156, 157, 158, 159, 160, 161, 162, 163, 164, 165, 166, 167, 168, 169, 170, 171, 172, 173, 174, 175, 176, 177, 178, 179], 1:[], 2:[], 3:[], 4:[], 5:[], 6:[], 7:[], 8:[], 9:[], 10:[], 11:[], 12:[], 13:[], 14:[], 15:[], 16:[], 17:[], 18:[], 19:[], 20:[], 21:[], 22:[], 23:[], 24:[], 25:[], 26:[], 27:[], 28:[], 29:[], 30:[], 31:[], 32:[], 33:[], 34:[], 35:[], 36:[], 37:[], 38:[], 39:[], 40:[], 41:[], 42:[], 43:[], 44:[], 45:[], 46:[], 47:[], 48:[], 49:[], 50:[], 51:[], 52:[], 53:[], 54:[], 55:[], 56:[], 57:[], 58:[], 59:[], 60:[], 61:[], 62:[], 63:[], 64:[], 65:[], 66:[], 67:[], 68:[], 69:[], 70:[], 71:[], 72:[], 73:[], 74:[], 75:[], 76:[], 77:[], 78:[], 79:[], 80:[], 81:[], 82:[], 83:[], 84:[], 85:[], 86:[], 87:[], 88:[], 89:[], 90:[], 91:[], 92:[], 93:[], 94:[], 95:[], 96:[], 97:[], 98:[], 99:[], 100:[], 101:[], 102:[], 103:[], 104:[], 105:[], 106:[], 107:[], 108:[], 109:[], 110:[], 111:[], 112:[], 113:[], 114:[], 115:[], 116:[], 117:[], 118:[], 119:[], 120:[], 121:[], 122:[], 123:[], 124:[], 125:[], 126:[], 127:[], 128:[], 129:[], 130:[], 131:[], 132:[], 133:[], 134:[], 135:[], 136:[], 137:[], 138:[], 139:[], 140:[], 141:[], 142:[], 143:[], 144:[], 145:[], 146:[], 147:[], 148:[], 149:[], 150:[], 151:[], 152:[], 153:[], 154:[], 155:[], 156:[], 157:[], 158:[], 159:[], 160:[], 161:[], 162:[], 163:[], 164:[], 165:[], 166:[], 167:[], 168:[], 169:[], 170:[], 171:[], 172:[], 173:[], 174:[], 175:[], 176:[], 177:[], 178:[], 179:[]",57388040952,68559555717
4339,2,27139.6305,28521691,425858201,3400572826,671.1232,false,181,true,true,true,true,true,false,false,"0:[0, 1, 2, 3, 4, 5, 6, 7, 8, 9, 10, 11, 12, 13, 14, 15, 16, 17, 18, 19, 20, 21, 22, 23, 24, 25, 26, 27, 28, 29, 30, 31, 32, 33, 34, 35, 36, 37, 38, 39, 40, 41, 42, 43, 44, 45, 46, 47, 48, 49, 50, 51, 52, 53, 54, 55, 56, 57, 58, 59, 60, 61, 62, 63, 64, 65, 66, 67, 68, 69, 70, 71, 72, 73, 74, 75, 76, 77, 78, 79, 80, 81, 82, 83, 84, 85, 86, 87, 88, 89, 90, 91, 92, 93, 94, 95, 96, 97, 98, 99, 100, 101, 102, 103, 104, 105, 106, 107, 108, 109, 110, 111, 112, 113, 114, 115, 116, 117, 118, 119, 120, 121, 122, 123, 124, 125, 126, 127, 128, 129, 130, 131, 132, 133, 134, 135, 136, 137, 138, 139, 140, 141, 142, 143, 144, 145, 146, 147, 148, 149, 150, 151, 152, 153, 154, 155, 156, 157, 158, 159, 160, 161, 162, 163, 164, 165, 166, 167, 168, 169, 170, 171, 172, 173, 174, 175, 176, 177, 178, 179, 180], 1:[], 2:[], 3:[], 4:[], 5:[], 6:[], 7:[], 8:[], 9:[], 10:[], 11:[], 12:[], 13:[], 14:[], 15:[], 16:[], 17:[], 18:[], 19:[], 20:[], 21:[], 22:[], 23:[], 24:[], 25:[], 26:[], 27:[], 28:[], 29:[], 30:[], 31:[], 32:[], 33:[], 34:[], 35:[], 36:[], 37:[], 38:[], 39:[], 40:[], 41:[], 42:[], 43:[], 44:[], 45:[], 46:[], 47:[], 48:[], 49:[], 50:[], 51:[], 52:[], 53:[], 54:[], 55:[], 56:[], 57:[], 58:[], 59:[], 60:[], 61:[], 62:[], 63:[], 64:[], 65:[], 66:[], 67:[], 68:[], 69:[], 70:[], 71:[], 72:[], 73:[], 74:[], 75:[], 76:[], 77:[], 78:[], 79:[], 80:[], 81:[], 82:[], 83:[], 84:[], 85:[], 86:[], 87:[], 88:[], 89:[], 90:[], 91:[], 92:[], 93:[], 94:[], 95:[], 96:[], 97:[], 98:[], 99:[], 100:[], 101:[], 102:[], 103:[], 104:[], 105:[], 106:[], 107:[], 108:[], 109:[], 110:[], 111:[], 112:[], 113:[], 114:[], 115:[], 116:[], 117:[], 118:[], 119:[], 120:[], 121:[], 122:[], 123:[], 124:[], 125:[], 126:[], 127:[], 128:[], 129:[], 130:[], 131:[], 132:[], 133:[], 134:[], 135:[], 136:[], 137:[], 138:[], 139:[], 140:[], 141:[], 142:[], 143:[], 144:[], 145:[], 146:[], 147:[], 148:[], 149:[], 150:[], 151:[], 152:[], 153:[], 154:[], 155:[], 156:[], 157:[], 158:[], 159:[], 160:[], 161:[], 162:[], 163:[], 164:[], 165:[], 166:[], 167:[], 168:[], 169:[], 170:[], 171:[], 172:[], 173:[], 174:[], 175:[], 176:[], 177:[], 178:[], 179:[], 180:[]",57435972872,68629184293
4349,2,28411.6804,28718982,428809600,3424159482,912.9772,false,181,true,true,true,true,true,false,false,"0:[0, 1, 2, 3, 4, 5, 6, 7, 8, 9, 10, 11, 12, 13, 14, 15, 16, 17, 18, 19, 20, 21, 22, 23, 24, 25, 26, 27, 28, 29, 30, 31, 32, 33, 34, 35, 36, 37, 38, 39, 40, 41, 42, 43, 44, 45, 46, 47, 48, 49, 50, 51, 52, 53, 54, 55, 56, 57, 58, 59, 60, 61, 62, 63, 64, 65, 66, 67, 68, 69, 70, 71, 72, 73, 74, 75, 76, 77, 78, 79, 80, 81, 82, 83, 84, 85, 86, 87, 88, 89, 90, 91, 92, 93, 94, 95, 96, 97, 98, 99, 100, 101, 102, 103, 104, 105, 106, 107, 108, 109, 110, 111, 112, 113, 114, 115, 116, 117, 118, 119, 120, 121, 122, 123, 124, 125, 126, 127, 128, 129, 130, 131, 132, 133, 134, 135, 136, 137, 138, 139, 140, 141, 142, 143, 144, 145, 146, 147, 148, 149, 150, 151, 152, 153, 154, 155, 156, 157, 158, 159, 160, 161, 162, 163, 164, 165, 166, 167, 168, 169, 170, 171, 172, 173, 174, 175, 176, 177, 178, 179, 180], 1:[], 2:[], 3:[], 4:[], 5:[], 6:[], 7:[], 8:[], 9:[], 10:[], 11:[], 12:[], 13:[], 14:[], 15:[], 16:[], 17:[], 18:[], 19:[], 20:[], 21:[], 22:[], 23:[], 24:[], 25:[], 26:[], 27:[], 28:[], 29:[], 30:[], 31:[], 32:[], 33:[], 34:[], 35:[], 36:[], 37:[], 38:[], 39:[], 40:[], 41:[], 42:[], 43:[], 44:[], 45:[], 46:[], 47:[], 48:[], 49:[], 50:[], 51:[], 52:[], 53:[], 54:[], 55:[], 56:[], 57:[], 58:[], 59:[], 60:[], 61:[], 62:[], 63:[], 64:[], 65:[], 66:[], 67:[], 68:[], 69:[], 70:[], 71:[], 72:[], 73:[], 74:[], 75:[], 76:[], 77:[], 78:[], 79:[], 80:[], 81:[], 82:[], 83:[], 84:[], 85:[], 86:[], 87:[], 88:[], 89:[], 90:[], 91:[], 92:[], 93:[], 94:[], 95:[], 96:[], 97:[], 98:[], 99:[], 100:[], 101:[], 102:[], 103:[], 104:[], 105:[], 106:[], 107:[], 108:[], 109:[], 110:[], 111:[], 112:[], 113:[], 114:[], 115:[], 116:[], 117:[], 118:[], 119:[], 120:[], 121:[], 122:[], 123:[], 124:[], 125:[], 126:[], 127:[], 128:[], 129:[], 130:[], 131:[], 132:[], 133:[], 134:[], 135:[], 136:[], 137:[], 138:[], 139:[], 140:[], 141:[], 142:[], 143:[], 144:[], 145:[], 146:[], 147:[], 148:[], 149:[], 150:[], 151:[], 152:[], 153:[], 154:[], 155:[], 156:[], 157:[], 158:[], 159:[], 160:[], 161:[], 162:[], 163:[], 164:[], 165:[], 166:[], 167:[], 168:[], 169:[], 170:[], 171:[], 172:[], 173:[], 174:[], 175:[], 176:[], 177:[], 178:[], 179:[], 180:[]",57676819776,68979267776
4357,2,28036.8329,28877467,431179619,3443096422,651.7117,false,182,true,true,true,true,true,false,false,"0:[0, 1, 2, 3, 4, 5, 6, 7, 8, 9, 10, 11, 12, 13, 14, 15, 16, 17, 18, 19, 20, 21, 22, 23, 24, 25, 26, 27, 28, 29, 30, 31, 32, 33, 34, 35, 36, 37, 38, 39, 40, 41, 42, 43, 44, 45, 46, 47, 48, 49, 50, 51, 52, 53, 54, 55, 56, 57, 58, 59, 60, 61, 62, 63, 64, 65, 66, 67, 68, 69, 70, 71, 72, 73, 74, 75, 76, 77, 78, 79, 80, 81, 82, 83, 84, 85, 86, 87, 88, 89, 90, 91, 92, 93, 94, 95, 96, 97, 98, 99, 100, 101, 102, 103, 104, 105, 106, 107, 108, 109, 110, 111, 112, 113, 114, 115, 116, 117, 118, 119, 120, 121, 122, 123, 124, 125, 126, 127, 128, 129, 130, 131, 132, 133, 134, 135, 136, 137, 138, 139, 140, 141, 142, 143, 144, 145, 146, 147, 148, 149, 150, 151, 152, 153, 154, 155, 156, 157, 158, 159, 160, 161, 162, 163, 164, 165, 166, 167, 168, 169, 170, 171, 172, 173, 174, 175, 176, 177, 178, 179, 180, 181], 1:[], 2:[], 3:[], 4:[], 5:[], 6:[], 7:[], 8:[], 9:[], 10:[], 11:[], 12:[], 13:[], 14:[], 15:[], 16:[], 17:[], 18:[], 19:[], 20:[], 21:[], 22:[], 23:[], 24:[], 25:[], 26:[], 27:[], 28:[], 29:[], 30:[], 31:[], 32:[], 33:[], 34:[], 35:[], 36:[], 37:[], 38:[], 39:[], 40:[], 41:[], 42:[], 43:[], 44:[], 45:[], 46:[], 47:[], 48:[], 49:[], 50:[], 51:[], 52:[], 53:[], 54:[], 55:[], 56:[], 57:[], 58:[], 59:[], 60:[], 61:[], 62:[], 63:[], 64:[], 65:[], 66:[], 67:[], 68:[], 69:[], 70:[], 71:[], 72:[], 73:[], 74:[], 75:[], 76:[], 77:[], 78:[], 79:[], 80:[], 81:[], 82:[], 83:[], 84:[], 85:[], 86:[], 87:[], 88:[], 89:[], 90:[], 91:[], 92:[], 93:[], 94:[], 95:[], 96:[], 97:[], 98:[], 99:[], 100:[], 101:[], 102:[], 103:[], 104:[], 105:[], 106:[], 107:[], 108:[], 109:[], 110:[], 111:[], 112:[], 113:[], 114:[], 115:[], 116:[], 117:[], 118:[], 119:[], 120:[], 121:[], 122:[], 123:[], 124:[], 125:[], 126:[], 127:[], 128:[], 129:[], 130:[], 131:[], 132:[], 133:[], 134:[], 135:[], 136:[], 137:[], 138:[], 139:[], 140:[], 141:[], 142:[], 143:[], 144:[], 145:[], 146:[], 147:[], 148:[], 149:[], 150:[], 151:[], 152:[], 153:[], 154:[], 155:[], 156:[], 157:[], 158:[], 159:[], 160:[], 161:[], 162:[], 163:[], 164:[], 165:[], 166:[], 167:[], 168:[], 169:[], 170:[], 171:[], 172:[], 173:[], 174:[], 175:[], 176:[], 177:[], 178:[], 179:[], 180:[], 181:[]",57870224936,69260363543
4363,2,27451.6857,28996713,432961794,3457332174,662.9081,false,181,true,true,true,true,true,false,false,"0:[0, 1, 2, 3, 4, 5, 6, 7, 8, 9, 10, 11, 12, 13, 14, 15, 16, 17, 18, 19, 20, 21, 22, 23, 24, 25, 26, 27, 28, 29, 30, 31, 32, 33, 34, 35, 36, 37, 38, 39, 40, 41, 42, 43, 44, 45, 46, 47, 48, 49, 50, 51, 52, 53, 54, 55, 56, 57, 58, 59, 60, 61, 62, 63, 64, 65, 66, 67, 68, 69, 70, 71, 72, 73, 74, 75, 76, 77, 78, 79, 80, 81, 82, 83, 84, 85, 86, 87, 88, 89, 90, 91, 92, 93, 94, 95, 96, 97, 98, 99, 100, 101, 102, 103, 104, 105, 106, 107, 108, 109, 110, 111, 112, 113, 114, 115, 116, 117, 118, 119, 120, 121, 122, 123, 124, 125, 126, 127, 128, 129, 130, 131, 132, 133, 134, 135, 136, 137, 138, 139, 140, 141, 142, 143, 144, 145, 146, 147, 148, 149, 150, 151, 152, 153, 154, 155, 156, 157, 158, 159, 160, 161, 162, 163, 164, 165, 166, 167, 168, 169, 170, 171, 172, 173, 174, 175, 176, 177, 178, 179, 180], 1:[], 2:[], 3:[], 4:[], 5:[], 6:[], 7:[], 8:[], 9:[], 10:[], 11:[], 12:[], 13:[], 14:[], 15:[], 16:[], 17:[], 18:[], 19:[], 20:[], 21:[], 22:[], 23:[], 24:[], 25:[], 26:[], 27:[], 28:[], 29:[], 30:[], 31:[], 32:[], 33:[], 34:[], 35:[], 36:[], 37:[], 38:[], 39:[], 40:[], 41:[], 42:[], 43:[], 44:[], 45:[], 46:[], 47:[], 48:[], 49:[], 50:[], 51:[], 52:[], 53:[], 54:[], 55:[], 56:[], 57:[], 58:[], 59:[], 60:[], 61:[], 62:[], 63:[], 64:[], 65:[], 66:[], 67:[], 68:[], 69:[], 70:[], 71:[], 72:[], 73:[], 74:[], 75:[], 76:[], 77:[], 78:[], 79:[], 80:[], 81:[], 82:[], 83:[], 84:[], 85:[], 86:[], 87:[], 88:[], 89:[], 90:[], 91:[], 92:[], 93:[], 94:[], 95:[], 96:[], 97:[], 98:[], 99:[], 100:[], 101:[], 102:[], 103:[], 104:[], 105:[], 106:[], 107:[], 108:[], 109:[], 110:[], 111:[], 112:[], 113:[], 114:[], 115:[], 116:[], 117:[], 118:[], 119:[], 120:[], 121:[], 122:[], 123:[], 124:[], 125:[], 126:[], 127:[], 128:[], 129:[], 130:[], 131:[], 132:[], 133:[], 134:[], 135:[], 136:[], 137:[], 138:[], 139:[], 140:[], 141:[], 142:[], 143:[], 144:[], 145:[], 146:[], 147:[], 148:[], 149:[], 150:[], 151:[], 152:[], 153:[], 154:[], 155:[], 156:[], 157:[], 158:[], 159:[], 160:[], 161:[], 162:[], 163:[], 164:[], 165:[], 166:[], 167:[], 168:[], 169:[], 170:[], 171:[], 172:[], 173:[], 174:[], 175:[], 176:[], 177:[], 178:[], 179:[], 180:[]",58015660840,69471705138
4373,2,31864.3755,29196186,435945842,3481179585,779.4591,false,183,true,true,true,true,true,false,false,"0:[0, 1, 2, 3, 4, 5, 6, 7, 8, 9, 10, 11, 12, 13, 14, 15, 16, 17, 18, 19, 20, 21, 22, 23, 24, 25, 26, 27, 28, 29, 30, 31, 32, 33, 34, 35, 36, 37, 38, 39, 40, 41, 42, 43, 44, 45, 46, 47, 48, 49, 50, 51, 52, 53, 54, 55, 56, 57, 58, 59, 60, 61, 62, 63, 64, 65, 66, 67, 68, 69, 70, 71, 72, 73, 74, 75, 76, 77, 78, 79, 80, 81, 82, 83, 84, 85, 86, 87, 88, 89, 90, 91, 92, 93, 94, 95, 96, 97, 98, 99, 100, 101, 102, 103, 104, 105, 106, 107, 108, 109, 110, 111, 112, 113, 114, 115, 116, 117, 118, 119, 120, 121, 122, 123, 124, 125, 126, 127, 128, 129, 130, 131, 132, 133, 134, 135, 136, 137, 138, 139, 140, 141, 142, 143, 144, 145, 146, 147, 148, 149, 150, 151, 152, 153, 154, 155, 156, 157, 158, 159, 160, 161, 162, 163, 164, 165, 166, 167, 168, 169, 170, 171, 172, 173, 174, 175, 176, 177, 178, 179, 180, 181, 182], 1:[], 2:[], 3:[], 4:[], 5:[], 6:[], 7:[], 8:[], 9:[], 10:[], 11:[], 12:[], 13:[], 14:[], 15:[], 16:[], 17:[], 18:[], 19:[], 20:[], 21:[], 22:[], 23:[], 24:[], 25:[], 26:[], 27:[], 28:[], 29:[], 30:[], 31:[], 32:[], 33:[], 34:[], 35:[], 36:[], 37:[], 38:[], 39:[], 40:[], 41:[], 42:[], 43:[], 44:[], 45:[], 46:[], 47:[], 48:[], 49:[], 50:[], 51:[], 52:[], 53:[], 54:[], 55:[], 56:[], 57:[], 58:[], 59:[], 60:[], 61:[], 62:[], 63:[], 64:[], 65:[], 66:[], 67:[], 68:[], 69:[], 70:[], 71:[], 72:[], 73:[], 74:[], 75:[], 76:[], 77:[], 78:[], 79:[], 80:[], 81:[], 82:[], 83:[], 84:[], 85:[], 86:[], 87:[], 88:[], 89:[], 90:[], 91:[], 92:[], 93:[], 94:[], 95:[], 96:[], 97:[], 98:[], 99:[], 100:[], 101:[], 102:[], 103:[], 104:[], 105:[], 106:[], 107:[], 108:[], 109:[], 110:[], 111:[], 112:[], 113:[], 114:[], 115:[], 116:[], 117:[], 118:[], 119:[], 120:[], 121:[], 122:[], 123:[], 124:[], 125:[], 126:[], 127:[], 128:[], 129:[], 130:[], 131:[], 132:[], 133:[], 134:[], 135:[], 136:[], 137:[], 138:[], 139:[], 140:[], 141:[], 142:[], 143:[], 144:[], 145:[], 146:[], 147:[], 148:[], 149:[], 150:[], 151:[], 152:[], 153:[], 154:[], 155:[], 156:[], 157:[], 158:[], 159:[], 160:[], 161:[], 162:[], 163:[], 164:[], 165:[], 166:[], 167:[], 168:[], 169:[], 170:[], 171:[], 172:[], 173:[], 174:[], 175:[], 176:[], 177:[], 178:[], 179:[], 180:[], 181:[], 182:[]",58259172032,69825660410
4391,7,30431.2497,29557538,441348541,3524344003,812.2672,false,182,true,true,true,true,true,false,false,"0:[0, 1, 2, 3, 4, 5, 6, 7, 8, 9, 10, 11, 12, 13, 14, 15, 16, 17, 18, 19, 20, 21, 22, 23, 24, 25, 26, 27, 28, 29, 30, 31, 32, 33, 34, 35, 36, 37, 38, 39, 40, 41, 42, 43, 44, 45, 46, 47, 48, 49, 50, 51, 52, 53, 54, 55, 56, 57, 58, 59, 60, 61, 62, 63, 64, 65, 66, 67, 68, 69, 70, 71, 72, 73, 74, 75, 76, 77, 78, 79, 80, 81, 82, 83, 84, 85, 86, 87, 88, 89, 90, 91, 92, 93, 94, 95, 96, 97, 98, 99, 100, 101, 102, 103, 104, 105, 106, 107, 108, 109, 110, 111, 112, 113, 114, 115, 116, 117, 118, 119, 120, 121, 122, 123, 124, 125, 126, 127, 128, 129, 130, 131, 132, 133, 134, 135, 136, 137, 138, 139, 140, 141, 142, 143, 144, 145, 146, 147, 148, 149, 150, 151, 152, 153, 154, 155, 156, 157, 158, 159, 160, 161, 162, 163, 164, 165, 166, 167, 168, 169, 170, 171, 172, 173, 174, 175, 176, 177, 178, 179, 180, 181], 1:[], 2:[], 3:[], 4:[], 5:[], 6:[], 7:[], 8:[], 9:[], 10:[], 11:[], 12:[], 13:[], 14:[], 15:[], 16:[], 17:[], 18:[], 19:[], 20:[], 21:[], 22:[], 23:[], 24:[], 25:[], 26:[], 27:[], 28:[], 29:[], 30:[], 31:[], 32:[], 33:[], 34:[], 35:[], 36:[], 37:[], 38:[], 39:[], 40:[], 41:[], 42:[], 43:[], 44:[], 45:[], 46:[], 47:[], 48:[], 49:[], 50:[], 51:[], 52:[], 53:[], 54:[], 55:[], 56:[], 57:[], 58:[], 59:[], 60:[], 61:[], 62:[], 63:[], 64:[], 65:[], 66:[], 67:[], 68:[], 69:[], 70:[], 71:[], 72:[], 73:[], 74:[], 75:[], 76:[], 77:[], 78:[], 79:[], 80:[], 81:[], 82:[], 83:[], 84:[], 85:[], 86:[], 87:[], 88:[], 89:[], 90:[], 91:[], 92:[], 93:[], 94:[], 95:[], 96:[], 97:[], 98:[], 99:[], 100:[], 101:[], 102:[], 103:[], 104:[], 105:[], 106:[], 107:[], 108:[], 109:[], 110:[], 111:[], 112:[], 113:[], 114:[], 115:[], 116:[], 117:[], 118:[], 119:[], 120:[], 121:[], 122:[], 123:[], 124:[], 125:[], 126:[], 127:[], 128:[], 129:[], 130:[], 131:[], 132:[], 133:[], 134:[], 135:[], 136:[], 137:[], 138:[], 139:[], 140:[], 141:[], 142:[], 143:[], 144:[], 145:[], 146:[], 147:[], 148:[], 149:[], 150:[], 151:[], 152:[], 153:[], 154:[], 155:[], 156:[], 157:[], 158:[], 159:[], 160:[], 161:[], 162:[], 163:[], 164:[], 165:[], 166:[], 167:[], 168:[], 169:[], 170:[], 171:[], 172:[], 173:[], 174:[], 175:[], 176:[], 177:[], 178:[], 179:[], 180:[], 181:[]",59639584496,71405936737
4397,2,28750.5277,29678648,443160822,3538829215,672.4824,false,184,true,true,true,true,true,false,false,"0:[0, 1, 2, 3, 4, 5, 6, 7, 8, 9, 10, 11, 12, 13, 14, 15, 16, 17, 18, 19, 20, 21, 22, 23, 24, 25, 26, 27, 28, 29, 30, 31, 32, 33, 34, 35, 36, 37, 38, 39, 40, 41, 42, 43, 44, 45, 46, 47, 48, 49, 50, 51, 52, 53, 54, 55, 56, 57, 58, 59, 60, 61, 62, 63, 64, 65, 66, 67, 68, 69, 70, 71, 72, 73, 74, 75, 76, 77, 78, 79, 80, 81, 82, 83, 84, 85, 86, 87, 88, 89, 90, 91, 92, 93, 94, 95, 96, 97, 98, 99, 100, 101, 102, 103, 104, 105, 106, 107, 108, 109, 110, 111, 112, 113, 114, 115, 116, 117, 118, 119, 120, 121, 122, 123, 124, 125, 126, 127, 128, 129, 130, 131, 132, 133, 134, 135, 136, 137, 138, 139, 140, 141, 142, 143, 144, 145, 146, 147, 148, 149, 150, 151, 152, 153, 154, 155, 156, 157, 158, 159, 160, 161, 162, 163, 164, 165, 166, 167, 168, 169, 170, 171, 172, 173, 174, 175, 176, 177, 178, 179, 180, 181, 182, 183], 1:[], 2:[], 3:[], 4:[], 5:[], 6:[], 7:[], 8:[], 9:[], 10:[], 11:[], 12:[], 13:[], 14:[], 15:[], 16:[], 17:[], 18:[], 19:[], 20:[], 21:[], 22:[], 23:[], 24:[], 25:[], 26:[], 27:[], 28:[], 29:[], 30:[], 31:[], 32:[], 33:[], 34:[], 35:[], 36:[], 37:[], 38:[], 39:[], 40:[], 41:[], 42:[], 43:[], 44:[], 45:[], 46:[], 47:[], 48:[], 49:[], 50:[], 51:[], 52:[], 53:[], 54:[], 55:[], 56:[], 57:[], 58:[], 59:[], 60:[], 61:[], 62:[], 63:[], 64:[], 65:[], 66:[], 67:[], 68:[], 69:[], 70:[], 71:[], 72:[], 73:[], 74:[], 75:[], 76:[], 77:[], 78:[], 79:[], 80:[], 81:[], 82:[], 83:[], 84:[], 85:[], 86:[], 87:[], 88:[], 89:[], 90:[], 91:[], 92:[], 93:[], 94:[], 95:[], 96:[], 97:[], 98:[], 99:[], 100:[], 101:[], 102:[], 103:[], 104:[], 105:[], 106:[], 107:[], 108:[], 109:[], 110:[], 111:[], 112:[], 113:[], 114:[], 115:[], 116:[], 117:[], 118:[], 119:[], 120:[], 121:[], 122:[], 123:[], 124:[], 125:[], 126:[], 127:[], 128:[], 129:[], 130:[], 131:[], 132:[], 133:[], 134:[], 135:[], 136:[], 137:[], 138:[], 139:[], 140:[], 141:[], 142:[], 143:[], 144:[], 145:[], 146:[], 147:[], 148:[], 149:[], 150:[], 151:[], 152:[], 153:[], 154:[], 155:[], 156:[], 157:[], 158:[], 159:[], 160:[], 161:[], 162:[], 163:[], 164:[], 165:[], 166:[], 167:[], 168:[], 169:[], 170:[], 171:[], 172:[], 173:[], 174:[], 175:[], 176:[], 177:[], 178:[], 179:[], 180:[], 181:[], 182:[], 183:[]",59787473616,71620915998
4409,3,33976.1919,29921860,446797930,3567890550,930.4126,false,184,true,true,true,true,true,false,false,"0:[0, 1, 2, 3, 4, 5, 6, 7, 8, 9, 10, 11, 12, 13, 14, 15, 16, 17, 18, 19, 20, 21, 22, 23, 24, 25, 26, 27, 28, 29, 30, 31, 32, 33, 34, 35, 36, 37, 38, 39, 40, 41, 42, 43, 44, 45, 46, 47, 48, 49, 50, 51, 52, 53, 54, 55, 56, 57, 58, 59, 60, 61, 62, 63, 64, 65, 66, 67, 68, 69, 70, 71, 72, 73, 74, 75, 76, 77, 78, 79, 80, 81, 82, 83, 84, 85, 86, 87, 88, 89, 90, 91, 92, 93, 94, 95, 96, 97, 98, 99, 100, 101, 102, 103, 104, 105, 106, 107, 108, 109, 110, 111, 112, 113, 114, 115, 116, 117, 118, 119, 120, 121, 122, 123, 124, 125, 126, 127, 128, 129, 130, 131, 132, 133, 134, 135, 136, 137, 138, 139, 140, 141, 142, 143, 144, 145, 146, 147, 148, 149, 150, 151, 152, 153, 154, 155, 156, 157, 158, 159, 160, 161, 162, 163, 164, 165, 166, 167, 168, 169, 170, 171, 172, 173, 174, 175, 176, 177, 178, 179, 180, 181, 182, 183], 1:[], 2:[], 3:[], 4:[], 5:[], 6:[], 7:[], 8:[], 9:[], 10:[], 11:[], 12:[], 13:[], 14:[], 15:[], 16:[], 17:[], 18:[], 19:[], 20:[], 21:[], 22:[], 23:[], 24:[], 25:[], 26:[], 27:[], 28:[], 29:[], 30:[], 31:[], 32:[], 33:[], 34:[], 35:[], 36:[], 37:[], 38:[], 39:[], 40:[], 41:[], 42:[], 43:[], 44:[], 45:[], 46:[], 47:[], 48:[], 49:[], 50:[], 51:[], 52:[], 53:[], 54:[], 55:[], 56:[], 57:[], 58:[], 59:[], 60:[], 61:[], 62:[], 63:[], 64:[], 65:[], 66:[], 67:[], 68:[], 69:[], 70:[], 71:[], 72:[], 73:[], 74:[], 75:[], 76:[], 77:[], 78:[], 79:[], 80:[], 81:[], 82:[], 83:[], 84:[], 85:[], 86:[], 87:[], 88:[], 89:[], 90:[], 91:[], 92:[], 93:[], 94:[], 95:[], 96:[], 97:[], 98:[], 99:[], 100:[], 101:[], 102:[], 103:[], 104:[], 105:[], 106:[], 107:[], 108:[], 109:[], 110:[], 111:[], 112:[], 113:[], 114:[], 115:[], 116:[], 117:[], 118:[], 119:[], 120:[], 121:[], 122:[], 123:[], 124:[], 125:[], 126:[], 127:[], 128:[], 129:[], 130:[], 131:[], 132:[], 133:[], 134:[], 135:[], 136:[], 137:[], 138:[], 139:[], 140:[], 141:[], 142:[], 143:[], 144:[], 145:[], 146:[], 147:[], 148:[], 149:[], 150:[], 151:[], 152:[], 153:[], 154:[], 155:[], 156:[], 157:[], 158:[], 159:[], 160:[], 161:[], 162:[], 163:[], 164:[], 165:[], 166:[], 167:[], 168:[], 169:[], 170:[], 171:[], 172:[], 173:[], 174:[], 175:[], 176:[], 177:[], 178:[], 179:[], 180:[], 181:[], 182:[], 183:[]",60084279344,72052293346
4421,2,29340.0401,30166396,450454934,3597111261,720.7638,false,184,true,true,true,true,true,false,false,"0:[0, 1, 2, 3, 4, 5, 6, 7, 8, 9, 10, 11, 12, 13, 14, 15, 16, 17, 18, 19, 20, 21, 22, 23, 24, 25, 26, 27, 28, 29, 30, 31, 32, 33, 34, 35, 36, 37, 38, 39, 40, 41, 42, 43, 44, 45, 46, 47, 48, 49, 50, 51, 52, 53, 54, 55, 56, 57, 58, 59, 60, 61, 62, 63, 64, 65, 66, 67, 68, 69, 70, 71, 72, 73, 74, 75, 76, 77, 78, 79, 80, 81, 82, 83, 84, 85, 86, 87, 88, 89, 90, 91, 92, 93, 94, 95, 96, 97, 98, 99, 100, 101, 102, 103, 104, 105, 106, 107, 108, 109, 110, 111, 112, 113, 114, 115, 116, 117, 118, 119, 120, 121, 122, 123, 124, 125, 126, 127, 128, 129, 130, 131, 132, 133, 134, 135, 136, 137, 138, 139, 140, 141, 142, 143, 144, 145, 146, 147, 148, 149, 150, 151, 152, 153, 154, 155, 156, 157, 158, 159, 160, 161, 162, 163, 164, 165, 166, 167, 168, 169, 170, 171, 172, 173, 174, 175, 176, 177, 178, 179, 180, 181, 182, 183], 1:[], 2:[], 3:[], 4:[], 5:[], 6:[], 7:[], 8:[], 9:[], 10:[], 11:[], 12:[], 13:[], 14:[], 15:[], 16:[], 17:[], 18:[], 19:[], 20:[], 21:[], 22:[], 23:[], 24:[], 25:[], 26:[], 27:[], 28:[], 29:[], 30:[], 31:[], 32:[], 33:[], 34:[], 35:[], 36:[], 37:[], 38:[], 39:[], 40:[], 41:[], 42:[], 43:[], 44:[], 45:[], 46:[], 47:[], 48:[], 49:[], 50:[], 51:[], 52:[], 53:[], 54:[], 55:[], 56:[], 57:[], 58:[], 59:[], 60:[], 61:[], 62:[], 63:[], 64:[], 65:[], 66:[], 67:[], 68:[], 69:[], 70:[], 71:[], 72:[], 73:[], 74:[], 75:[], 76:[], 77:[], 78:[], 79:[], 80:[], 81:[], 82:[], 83:[], 84:[], 85:[], 86:[], 87:[], 88:[], 89:[], 90:[], 91:[], 92:[], 93:[], 94:[], 95:[], 96:[], 97:[], 98:[], 99:[], 100:[], 101:[], 102:[], 103:[], 104:[], 105:[], 106:[], 107:[], 108:[], 109:[], 110:[], 111:[], 112:[], 113:[], 114:[], 115:[], 116:[], 117:[], 118:[], 119:[], 120:[], 121:[], 122:[], 123:[], 124:[], 125:[], 126:[], 127:[], 128:[], 129:[], 130:[], 131:[], 132:[], 133:[], 134:[], 135:[], 136:[], 137:[], 138:[], 139:[], 140:[], 141:[], 142:[], 143:[], 144:[], 145:[], 146:[], 147:[], 148:[], 149:[], 150:[], 151:[], 152:[], 153:[], 154:[], 155:[], 156:[], 157:[], 158:[], 159:[], 160:[], 161:[], 162:[], 163:[], 164:[], 165:[], 166:[], 167:[], 168:[], 169:[], 170:[], 171:[], 172:[], 173:[], 174:[], 175:[], 176:[], 177:[], 178:[], 179:[], 180:[], 181:[], 182:[], 183:[]",60382708528,72486031870
4423,3,30669.5545,30207281,451065259,3601983556,861.2139,false,185,true,true,true,true,true,false,false,"0:[0, 1, 2, 3, 4, 5, 6, 7, 8, 9, 10, 11, 12, 13, 14, 15, 16, 17, 18, 19, 20, 21, 22, 23, 24, 25, 26, 27, 28, 29, 30, 31, 32, 33, 34, 35, 36, 37, 38, 39, 40, 41, 42, 43, 44, 45, 46, 47, 48, 49, 50, 51, 52, 53, 54, 55, 56, 57, 58, 59, 60, 61, 62, 63, 64, 65, 66, 67, 68, 69, 70, 71, 72, 73, 74, 75, 76, 77, 78, 79, 80, 81, 82, 83, 84, 85, 86, 87, 88, 89, 90, 91, 92, 93, 94, 95, 96, 97, 98, 99, 100, 101, 102, 103, 104, 105, 106, 107, 108, 109, 110, 111, 112, 113, 114, 115, 116, 117, 118, 119, 120, 121, 122, 123, 124, 125, 126, 127, 128, 129, 130, 131, 132, 133, 134, 135, 136, 137, 138, 139, 140, 141, 142, 143, 144, 145, 146, 147, 148, 149, 150, 151, 152, 153, 154, 155, 156, 157, 158, 159, 160, 161, 162, 163, 164, 165, 166, 167, 168, 169, 170, 171, 172, 173, 174, 175, 176, 177, 178, 179, 180, 181, 182, 183, 184], 1:[], 2:[], 3:[], 4:[], 5:[], 6:[], 7:[], 8:[], 9:[], 10:[], 11:[], 12:[], 13:[], 14:[], 15:[], 16:[], 17:[], 18:[], 19:[], 20:[], 21:[], 22:[], 23:[], 24:[], 25:[], 26:[], 27:[], 28:[], 29:[], 30:[], 31:[], 32:[], 33:[], 34:[], 35:[], 36:[], 37:[], 38:[], 39:[], 40:[], 41:[], 42:[], 43:[], 44:[], 45:[], 46:[], 47:[], 48:[], 49:[], 50:[], 51:[], 52:[], 53:[], 54:[], 55:[], 56:[], 57:[], 58:[], 59:[], 60:[], 61:[], 62:[], 63:[], 64:[], 65:[], 66:[], 67:[], 68:[], 69:[], 70:[], 71:[], 72:[], 73:[], 74:[], 75:[], 76:[], 77:[], 78:[], 79:[], 80:[], 81:[], 82:[], 83:[], 84:[], 85:[], 86:[], 87:[], 88:[], 89:[], 90:[], 91:[], 92:[], 93:[], 94:[], 95:[], 96:[], 97:[], 98:[], 99:[], 100:[], 101:[], 102:[], 103:[], 104:[], 105:[], 106:[], 107:[], 108:[], 109:[], 110:[], 111:[], 112:[], 113:[], 114:[], 115:[], 116:[], 117:[], 118:[], 119:[], 120:[], 121:[], 122:[], 123:[], 124:[], 125:[], 126:[], 127:[], 128:[], 129:[], 130:[], 131:[], 132:[], 133:[], 134:[], 135:[], 136:[], 137:[], 138:[], 139:[], 140:[], 141:[], 142:[], 143:[], 144:[], 145:[], 146:[], 147:[], 148:[], 149:[], 150:[], 151:[], 152:[], 153:[], 154:[], 155:[], 156:[], 157:[], 158:[], 159:[], 160:[], 161:[], 162:[], 163:[], 164:[], 165:[], 166:[], 167:[], 168:[], 169:[], 170:[], 171:[], 172:[], 173:[], 174:[], 175:[], 176:[], 177:[], 178:[], 179:[], 180:[], 181:[], 182:[], 183:[], 184:[]",60432515768,72558385551
4441,7,36659.3156,30576911,456594212,3646166594,690.7454,false,186,true,true,true,true,true,false,false,"0:[0, 1, 2, 3, 4, 5, 6, 7, 8, 9, 10, 11, 12, 13, 14, 15, 16, 17, 18, 19, 20, 21, 22, 23, 24, 25, 26, 27, 28, 29, 30, 31, 32, 33, 34, 35, 36, 37, 38, 39, 40, 41, 42, 43, 44, 45, 46, 47, 48, 49, 50, 51, 52, 53, 54, 55, 56, 57, 58, 59, 60, 61, 62, 63, 64, 65, 66, 67, 68, 69, 70, 71, 72, 73, 74, 75, 76, 77, 78, 79, 80, 81, 82, 83, 84, 85, 86, 87, 88, 89, 90, 91, 92, 93, 94, 95, 96, 97, 98, 99, 100, 101, 102, 103, 104, 105, 106, 107, 108, 109, 110, 111, 112, 113, 114, 115, 116, 117, 118, 119, 120, 121, 122, 123, 124, 125, 126, 127, 128, 129, 130, 131, 132, 133, 134, 135, 136, 137, 138, 139, 140, 141, 142, 143, 144, 145, 146, 147, 148, 149, 150, 151, 152, 153, 154, 155, 156, 157, 158, 159, 160, 161, 162, 163, 164, 165, 166, 167, 168, 169, 170, 171, 172, 173, 174, 175, 176, 177, 178, 179, 180, 181, 182, 183, 184, 185], 1:[], 2:[], 3:[], 4:[], 5:[], 6:[], 7:[], 8:[], 9:[], 10:[], 11:[], 12:[], 13:[], 14:[], 15:[], 16:[], 17:[], 18:[], 19:[], 20:[], 21:[], 22:[], 23:[], 24:[], 25:[], 26:[], 27:[], 28:[], 29:[], 30:[], 31:[], 32:[], 33:[], 34:[], 35:[], 36:[], 37:[], 38:[], 39:[], 40:[], 41:[], 42:[], 43:[], 44:[], 45:[], 46:[], 47:[], 48:[], 49:[], 50:[], 51:[], 52:[], 53:[], 54:[], 55:[], 56:[], 57:[], 58:[], 59:[], 60:[], 61:[], 62:[], 63:[], 64:[], 65:[], 66:[], 67:[], 68:[], 69:[], 70:[], 71:[], 72:[], 73:[], 74:[], 75:[], 76:[], 77:[], 78:[], 79:[], 80:[], 81:[], 82:[], 83:[], 84:[], 85:[], 86:[], 87:[], 88:[], 89:[], 90:[], 91:[], 92:[], 93:[], 94:[], 95:[], 96:[], 97:[], 98:[], 99:[], 100:[], 101:[], 102:[], 103:[], 104:[], 105:[], 106:[], 107:[], 108:[], 109:[], 110:[], 111:[], 112:[], 113:[], 114:[], 115:[], 116:[], 117:[], 118:[], 119:[], 120:[], 121:[], 122:[], 123:[], 124:[], 125:[], 126:[], 127:[], 128:[], 129:[], 130:[], 131:[], 132:[], 133:[], 134:[], 135:[], 136:[], 137:[], 138:[], 139:[], 140:[], 141:[], 142:[], 143:[], 144:[], 145:[], 146:[], 147:[], 148:[], 149:[], 150:[], 151:[], 152:[], 153:[], 154:[], 155:[], 156:[], 157:[], 158:[], 159:[], 160:[], 161:[], 162:[], 163:[], 164:[], 165:[], 166:[], 167:[], 168:[], 169:[], 170:[], 171:[], 172:[], 173:[], 174:[], 175:[], 176:[], 177:[], 178:[], 179:[], 180:[], 181:[], 182:[], 183:[], 184:[], 185:[]",60883703128,73214179532
4447,3,32145.9423,30700788,458445683,3660956044,835.4004,false,186,true,true,true,true,true,false,false,"0:[0, 1, 2, 3, 4, 5, 6, 7, 8, 9, 10, 11, 12, 13, 14, 15, 16, 17, 18, 19, 20, 21, 22, 23, 24, 25, 26, 27, 28, 29, 30, 31, 32, 33, 34, 35, 36, 37, 38, 39, 40, 41, 42, 43, 44, 45, 46, 47, 48, 49, 50, 51, 52, 53, 54, 55, 56, 57, 58, 59, 60, 61, 62, 63, 64, 65, 66, 67, 68, 69, 70, 71, 72, 73, 74, 75, 76, 77, 78, 79, 80, 81, 82, 83, 84, 85, 86, 87, 88, 89, 90, 91, 92, 93, 94, 95, 96, 97, 98, 99, 100, 101, 102, 103, 104, 105, 106, 107, 108, 109, 110, 111, 112, 113, 114, 115, 116, 117, 118, 119, 120, 121, 122, 123, 124, 125, 126, 127, 128, 129, 130, 131, 132, 133, 134, 135, 136, 137, 138, 139, 140, 141, 142, 143, 144, 145, 146, 147, 148, 149, 150, 151, 152, 153, 154, 155, 156, 157, 158, 159, 160, 161, 162, 163, 164, 165, 166, 167, 168, 169, 170, 171, 172, 173, 174, 175, 176, 177, 178, 179, 180, 181, 182, 183, 184, 185], 1:[], 2:[], 3:[], 4:[], 5:[], 6:[], 7:[], 8:[], 9:[], 10:[], 11:[], 12:[], 13:[], 14:[], 15:[], 16:[], 17:[], 18:[], 19:[], 20:[], 21:[], 22:[], 23:[], 24:[], 25:[], 26:[], 27:[], 28:[], 29:[], 30:[], 31:[], 32:[], 33:[], 34:[], 35:[], 36:[], 37:[], 38:[], 39:[], 40:[], 41:[], 42:[], 43:[], 44:[], 45:[], 46:[], 47:[], 48:[], 49:[], 50:[], 51:[], 52:[], 53:[], 54:[], 55:[], 56:[], 57:[], 58:[], 59:[], 60:[], 61:[], 62:[], 63:[], 64:[], 65:[], 66:[], 67:[], 68:[], 69:[], 70:[], 71:[], 72:[], 73:[], 74:[], 75:[], 76:[], 77:[], 78:[], 79:[], 80:[], 81:[], 82:[], 83:[], 84:[], 85:[], 86:[], 87:[], 88:[], 89:[], 90:[], 91:[], 92:[], 93:[], 94:[], 95:[], 96:[], 97:[], 98:[], 99:[], 100:[], 101:[], 102:[], 103:[], 104:[], 105:[], 106:[], 107:[], 108:[], 109:[], 110:[], 111:[], 112:[], 113:[], 114:[], 115:[], 116:[], 117:[], 118:[], 119:[], 120:[], 121:[], 122:[], 123:[], 124:[], 125:[], 126:[], 127:[], 128:[], 129:[], 130:[], 131:[], 132:[], 133:[], 134:[], 135:[], 136:[], 137:[], 138:[], 139:[], 140:[], 141:[], 142:[], 143:[], 144:[], 145:[], 146:[], 147:[], 148:[], 149:[], 150:[], 151:[], 152:[], 153:[], 154:[], 155:[], 156:[], 157:[], 158:[], 159:[], 160:[], 161:[], 162:[], 163:[], 164:[], 165:[], 166:[], 167:[], 168:[], 169:[], 170:[], 171:[], 172:[], 173:[], 174:[], 175:[], 176:[], 177:[], 178:[], 179:[], 180:[], 181:[], 182:[], 183:[], 184:[], 185:[]",61034793856,73433738911
4451,2,29234.4051,30783558,459683463,3670846036,711.8740,false,186,true,true,true,true,true,false,false,"0:[0, 1, 2, 3, 4, 5, 6, 7, 8, 9, 10, 11, 12, 13, 14, 15, 16, 17, 18, 19, 20, 21, 22, 23, 24, 25, 26, 27, 28, 29, 30, 31, 32, 33, 34, 35, 36, 37, 38, 39, 40, 41, 42, 43, 44, 45, 46, 47, 48, 49, 50, 51, 52, 53, 54, 55, 56, 57, 58, 59, 60, 61, 62, 63, 64, 65, 66, 67, 68, 69, 70, 71, 72, 73, 74, 75, 76, 77, 78, 79, 80, 81, 82, 83, 84, 85, 86, 87, 88, 89, 90, 91, 92, 93, 94, 95, 96, 97, 98, 99, 100, 101, 102, 103, 104, 105, 106, 107, 108, 109, 110, 111, 112, 113, 114, 115, 116, 117, 118, 119, 120, 121, 122, 123, 124, 125, 126, 127, 128, 129, 130, 131, 132, 133, 134, 135, 136, 137, 138, 139, 140, 141, 142, 143, 144, 145, 146, 147, 148, 149, 150, 151, 152, 153, 154, 155, 156, 157, 158, 159, 160, 161, 162, 163, 164, 165, 166, 167, 168, 169, 170, 171, 172, 173, 174, 175, 176, 177, 178, 179, 180, 181, 182, 183, 184, 185], 1:[], 2:[], 3:[], 4:[], 5:[], 6:[], 7:[], 8:[], 9:[], 10:[], 11:[], 12:[], 13:[], 14:[], 15:[], 16:[], 17:[], 18:[], 19:[], 20:[], 21:[], 22:[], 23:[], 24:[], 25:[], 26:[], 27:[], 28:[], 29:[], 30:[], 31:[], 32:[], 33:[], 34:[], 35:[], 36:[], 37:[], 38:[], 39:[], 40:[], 41:[], 42:[], 43:[], 44:[], 45:[], 46:[], 47:[], 48:[], 49:[], 50:[], 51:[], 52:[], 53:[], 54:[], 55:[], 56:[], 57:[], 58:[], 59:[], 60:[], 61:[], 62:[], 63:[], 64:[], 65:[], 66:[], 67:[], 68:[], 69:[], 70:[], 71:[], 72:[], 73:[], 74:[], 75:[], 76:[], 77:[], 78:[], 79:[], 80:[], 81:[], 82:[], 83:[], 84:[], 85:[], 86:[], 87:[], 88:[], 89:[], 90:[], 91:[], 92:[], 93:[], 94:[], 95:[], 96:[], 97:[], 98:[], 99:[], 100:[], 101:[], 102:[], 103:[], 104:[], 105:[], 106:[], 107:[], 108:[], 109:[], 110:[], 111:[], 112:[], 113:[], 114:[], 115:[], 116:[], 117:[], 118:[], 119:[], 120:[], 121:[], 122:[], 123:[], 124:[], 125:[], 126:[], 127:[], 128:[], 129:[], 130:[], 131:[], 132:[], 133:[], 134:[], 135:[], 136:[], 137:[], 138:[], 139:[], 140:[], 141:[], 142:[], 143:[], 144:[], 145:[], 146:[], 147:[], 148:[], 149:[], 150:[], 151:[], 152:[], 153:[], 154:[], 155:[], 156:[], 157:[], 158:[], 159:[], 160:[], 161:[], 162:[], 163:[], 164:[], 165:[], 166:[], 167:[], 168:[], 169:[], 170:[], 171:[], 172:[], 173:[], 174:[], 175:[], 176:[], 177:[], 178:[], 179:[], 180:[], 181:[], 182:[], 183:[], 184:[], 185:[]",61135802736,73580544467
4457,3,32758.6691,30907992,461545577,3685730009,730.4708,false,185,true,true,true,true,true,false,false,"0:[0, 1, 2, 3, 4, 5, 6, 7, 8, 9, 10, 11, 12, 13, 14, 15, 16, 17, 18, 19, 20, 21, 22, 23, 24, 25, 26, 27, 28, 29, 30, 31, 32, 33, 34, 35, 36, 37, 38, 39, 40, 41, 42, 43, 44, 45, 46, 47, 48, 49, 50, 51, 52, 53, 54, 55, 56, 57, 58, 59, 60, 61, 62, 63, 64, 65, 66, 67, 68, 69, 70, 71, 72, 73, 74, 75, 76, 77, 78, 79, 80, 81, 82, 83, 84, 85, 86, 87, 88, 89, 90, 91, 92, 93, 94, 95, 96, 97, 98, 99, 100, 101, 102, 103, 104, 105, 106, 107, 108, 109, 110, 111, 112, 113, 114, 115, 116, 117, 118, 119, 120, 121, 122, 123, 124, 125, 126, 127, 128, 129, 130, 131, 132, 133, 134, 135, 136, 137, 138, 139, 140, 141, 142, 143, 144, 145, 146, 147, 148, 149, 150, 151, 152, 153, 154, 155, 156, 157, 158, 159, 160, 161, 162, 163, 164, 165, 166, 167, 168, 169, 170, 171, 172, 173, 174, 175, 176, 177, 178, 179, 180, 181, 182, 183, 184], 1:[], 2:[], 3:[], 4:[], 5:[], 6:[], 7:[], 8:[], 9:[], 10:[], 11:[], 12:[], 13:[], 14:[], 15:[], 16:[], 17:[], 18:[], 19:[], 20:[], 21:[], 22:[], 23:[], 24:[], 25:[], 26:[], 27:[], 28:[], 29:[], 30:[], 31:[], 32:[], 33:[], 34:[], 35:[], 36:[], 37:[], 38:[], 39:[], 40:[], 41:[], 42:[], 43:[], 44:[], 45:[], 46:[], 47:[], 48:[], 49:[], 50:[], 51:[], 52:[], 53:[], 54:[], 55:[], 56:[], 57:[], 58:[], 59:[], 60:[], 61:[], 62:[], 63:[], 64:[], 65:[], 66:[], 67:[], 68:[], 69:[], 70:[], 71:[], 72:[], 73:[], 74:[], 75:[], 76:[], 77:[], 78:[], 79:[], 80:[], 81:[], 82:[], 83:[], 84:[], 85:[], 86:[], 87:[], 88:[], 89:[], 90:[], 91:[], 92:[], 93:[], 94:[], 95:[], 96:[], 97:[], 98:[], 99:[], 100:[], 101:[], 102:[], 103:[], 104:[], 105:[], 106:[], 107:[], 108:[], 109:[], 110:[], 111:[], 112:[], 113:[], 114:[], 115:[], 116:[], 117:[], 118:[], 119:[], 120:[], 121:[], 122:[], 123:[], 124:[], 125:[], 126:[], 127:[], 128:[], 129:[], 130:[], 131:[], 132:[], 133:[], 134:[], 135:[], 136:[], 137:[], 138:[], 139:[], 140:[], 141:[], 142:[], 143:[], 144:[], 145:[], 146:[], 147:[], 148:[], 149:[], 150:[], 151:[], 152:[], 153:[], 154:[], 155:[], 156:[], 157:[], 158:[], 159:[], 160:[], 161:[], 162:[], 163:[], 164:[], 165:[], 166:[], 167:[], 168:[], 169:[], 170:[], 171:[], 172:[], 173:[], 174:[], 175:[], 176:[], 177:[], 178:[], 179:[], 180:[], 181:[], 182:[], 183:[], 184:[]",61287758272,73801434541
4463,5,30351.3037,31032761,463410372,3700625787,1089.7368,false,186,true,true,true,true,true,false,false,"0:[0, 1, 2, 3, 4, 5, 6, 7, 8, 9, 10, 11, 12, 13, 14, 15, 16, 17, 18, 19, 20, 21, 22, 23, 24, 25, 26, 27, 28, 29, 30, 31, 32, 33, 34, 35, 36, 37, 38, 39, 40, 41, 42, 43, 44, 45, 46, 47, 48, 49, 50, 51, 52, 53, 54, 55, 56, 57, 58, 59, 60, 61, 62, 63, 64, 65, 66, 67, 68, 69, 70, 71, 72, 73, 74, 75, 76, 77, 78, 79, 80, 81, 82, 83, 84, 85, 86, 87, 88, 89, 90, 91, 92, 93, 94, 95, 96, 97, 98, 99, 100, 101, 102, 103, 104, 105, 106, 107, 108, 109, 110, 111, 112, 113, 114, 115, 116, 117, 118, 119, 120, 121, 122, 123, 124, 125, 126, 127, 128, 129, 130, 131, 132, 133, 134, 135, 136, 137, 138, 139, 140, 141, 142, 143, 144, 145, 146, 147, 148, 149, 150, 151, 152, 153, 154, 155, 156, 157, 158, 159, 160, 161, 162, 163, 164, 165, 166, 167, 168, 169, 170, 171, 172, 173, 174, 175, 176, 177, 178, 179, 180, 181, 182, 183, 184, 185], 1:[], 2:[], 3:[], 4:[], 5:[], 6:[], 7:[], 8:[], 9:[], 10:[], 11:[], 12:[], 13:[], 14:[], 15:[], 16:[], 17:[], 18:[], 19:[], 20:[], 21:[], 22:[], 23:[], 24:[], 25:[], 26:[], 27:[], 28:[], 29:[], 30:[], 31:[], 32:[], 33:[], 34:[], 35:[], 36:[], 37:[], 38:[], 39:[], 40:[], 41:[], 42:[], 43:[], 44:[], 45:[], 46:[], 47:[], 48:[], 49:[], 50:[], 51:[], 52:[], 53:[], 54:[], 55:[], 56:[], 57:[], 58:[], 59:[], 60:[], 61:[], 62:[], 63:[], 64:[], 65:[], 66:[], 67:[], 68:[], 69:[], 70:[], 71:[], 72:[], 73:[], 74:[], 75:[], 76:[], 77:[], 78:[], 79:[], 80:[], 81:[], 82:[], 83:[], 84:[], 85:[], 86:[], 87:[], 88:[], 89:[], 90:[], 91:[], 92:[], 93:[], 94:[], 95:[], 96:[], 97:[], 98:[], 99:[], 100:[], 101:[], 102:[], 103:[], 104:[], 105:[], 106:[], 107:[], 108:[], 109:[], 110:[], 111:[], 112:[], 113:[], 114:[], 115:[], 116:[], 117:[], 118:[], 119:[], 120:[], 121:[], 122:[], 123:[], 124:[], 125:[], 126:[], 127:[], 128:[], 129:[], 130:[], 131:[], 132:[], 133:[], 134:[], 135:[], 136:[], 137:[], 138:[], 139:[], 140:[], 141:[], 142:[], 143:[], 144:[], 145:[], 146:[], 147:[], 148:[], 149:[], 150:[], 151:[], 152:[], 153:[], 154:[], 155:[], 156:[], 157:[], 158:[], 159:[], 160:[], 161:[], 162:[], 163:[], 164:[], 165:[], 166:[], 167:[], 168:[], 169:[], 170:[], 171:[], 172:[], 173:[], 174:[], 175:[], 176:[], 177:[], 178:[], 179:[], 180:[], 181:[], 182:[], 183:[], 184:[], 185:[]",61439936328,74022574012
4481,3,34252.9301,31409081,469039529,3745609961,747.1983,false,187,true,true,true,true,true,false,false,"0:[0, 1, 2, 3, 4, 5, 6, 7, 8, 9, 10, 11, 12, 13, 14, 15, 16, 17, 18, 19, 20, 21, 22, 23, 24, 25, 26, 27, 28, 29, 30, 31, 32, 33, 34, 35, 36, 37, 38, 39, 40, 41, 42, 43, 44, 45, 46, 47, 48, 49, 50, 51, 52, 53, 54, 55, 56, 57, 58, 59, 60, 61, 62, 63, 64, 65, 66, 67, 68, 69, 70, 71, 72, 73, 74, 75, 76, 77, 78, 79, 80, 81, 82, 83, 84, 85, 86, 87, 88, 89, 90, 91, 92, 93, 94, 95, 96, 97, 98, 99, 100, 101, 102, 103, 104, 105, 106, 107, 108, 109, 110, 111, 112, 113, 114, 115, 116, 117, 118, 119, 120, 121, 122, 123, 124, 125, 126, 127, 128, 129, 130, 131, 132, 133, 134, 135, 136, 137, 138, 139, 140, 141, 142, 143, 144, 145, 146, 147, 148, 149, 150, 151, 152, 153, 154, 155, 156, 157, 158, 159, 160, 161, 162, 163, 164, 165, 166, 167, 168, 169, 170, 171, 172, 173, 174, 175, 176, 177, 178, 179, 180, 181, 182, 183, 184, 185, 186], 1:[], 2:[], 3:[], 4:[], 5:[], 6:[], 7:[], 8:[], 9:[], 10:[], 11:[], 12:[], 13:[], 14:[], 15:[], 16:[], 17:[], 18:[], 19:[], 20:[], 21:[], 22:[], 23:[], 24:[], 25:[], 26:[], 27:[], 28:[], 29:[], 30:[], 31:[], 32:[], 33:[], 34:[], 35:[], 36:[], 37:[], 38:[], 39:[], 40:[], 41:[], 42:[], 43:[], 44:[], 45:[], 46:[], 47:[], 48:[], 49:[], 50:[], 51:[], 52:[], 53:[], 54:[], 55:[], 56:[], 57:[], 58:[], 59:[], 60:[], 61:[], 62:[], 63:[], 64:[], 65:[], 66:[], 67:[], 68:[], 69:[], 70:[], 71:[], 72:[], 73:[], 74:[], 75:[], 76:[], 77:[], 78:[], 79:[], 80:[], 81:[], 82:[], 83:[], 84:[], 85:[], 86:[], 87:[], 88:[], 89:[], 90:[], 91:[], 92:[], 93:[], 94:[], 95:[], 96:[], 97:[], 98:[], 99:[], 100:[], 101:[], 102:[], 103:[], 104:[], 105:[], 106:[], 107:[], 108:[], 109:[], 110:[], 111:[], 112:[], 113:[], 114:[], 115:[], 116:[], 117:[], 118:[], 119:[], 120:[], 121:[], 122:[], 123:[], 124:[], 125:[], 126:[], 127:[], 128:[], 129:[], 130:[], 131:[], 132:[], 133:[], 134:[], 135:[], 136:[], 137:[], 138:[], 139:[], 140:[], 141:[], 142:[], 143:[], 144:[], 145:[], 146:[], 147:[], 148:[], 149:[], 150:[], 151:[], 152:[], 153:[], 154:[], 155:[], 156:[], 157:[], 158:[], 159:[], 160:[], 161:[], 162:[], 163:[], 164:[], 165:[], 166:[], 167:[], 168:[], 169:[], 170:[], 171:[], 172:[], 173:[], 174:[], 175:[], 176:[], 177:[], 178:[], 179:[], 180:[], 181:[], 182:[], 183:[], 184:[], 185:[], 186:[]",80689782488,74690252549
4483,2,28132.4708,31451081,469666548,3750615747,755.5435,false,186,true,true,true,true,true,false,false,"0:[0, 1, 2, 3, 4, 5, 6, 7, 8, 9, 10, 11, 12, 13, 14, 15, 16, 17, 18, 19, 20, 21, 22, 23, 24, 25, 26, 27, 28, 29, 30, 31, 32, 33, 34, 35, 36, 37, 38, 39, 40, 41, 42, 43, 44, 45, 46, 47, 48, 49, 50, 51, 52, 53, 54, 55, 56, 57, 58, 59, 60, 61, 62, 63, 64, 65, 66, 67, 68, 69, 70, 71, 72, 73, 74, 75, 76, 77, 78, 79, 80, 81, 82, 83, 84, 85, 86, 87, 88, 89, 90, 91, 92, 93, 94, 95, 96, 97, 98, 99, 100, 101, 102, 103, 104, 105, 106, 107, 108, 109, 110, 111, 112, 113, 114, 115, 116, 117, 118, 119, 120, 121, 122, 123, 124, 125, 126, 127, 128, 129, 130, 131, 132, 133, 134, 135, 136, 137, 138, 139, 140, 141, 142, 143, 144, 145, 146, 147, 148, 149, 150, 151, 152, 153, 154, 155, 156, 157, 158, 159, 160, 161, 162, 163, 164, 165, 166, 167, 168, 169, 170, 171, 172, 173, 174, 175, 176, 177, 178, 179, 180, 181, 182, 183, 184, 185], 1:[], 2:[], 3:[], 4:[], 5:[], 6:[], 7:[], 8:[], 9:[], 10:[], 11:[], 12:[], 13:[], 14:[], 15:[], 16:[], 17:[], 18:[], 19:[], 20:[], 21:[], 22:[], 23:[], 24:[], 25:[], 26:[], 27:[], 28:[], 29:[], 30:[], 31:[], 32:[], 33:[], 34:[], 35:[], 36:[], 37:[], 38:[], 39:[], 40:[], 41:[], 42:[], 43:[], 44:[], 45:[], 46:[], 47:[], 48:[], 49:[], 50:[], 51:[], 52:[], 53:[], 54:[], 55:[], 56:[], 57:[], 58:[], 59:[], 60:[], 61:[], 62:[], 63:[], 64:[], 65:[], 66:[], 67:[], 68:[], 69:[], 70:[], 71:[], 72:[], 73:[], 74:[], 75:[], 76:[], 77:[], 78:[], 79:[], 80:[], 81:[], 82:[], 83:[], 84:[], 85:[], 86:[], 87:[], 88:[], 89:[], 90:[], 91:[], 92:[], 93:[], 94:[], 95:[], 96:[], 97:[], 98:[], 99:[], 100:[], 101:[], 102:[], 103:[], 104:[], 105:[], 106:[], 107:[], 108:[], 109:[], 110:[], 111:[], 112:[], 113:[], 114:[], 115:[], 116:[], 117:[], 118:[], 119:[], 120:[], 121:[], 122:[], 123:[], 124:[], 125:[], 126:[], 127:[], 128:[], 129:[], 130:[], 131:[], 132:[], 133:[], 134:[], 135:[], 136:[], 137:[], 138:[], 139:[], 140:[], 141:[], 142:[], 143:[], 144:[], 145:[], 146:[], 147:[], 148:[], 149:[], 150:[], 151:[], 152:[], 153:[], 154:[], 155:[], 156:[], 157:[], 158:[], 159:[], 160:[], 161:[], 162:[], 163:[], 164:[], 165:[], 166:[], 167:[], 168:[], 169:[], 170:[], 171:[], 172:[], 173:[], 174:[], 175:[], 176:[], 177:[], 178:[], 179:[], 180:[], 181:[], 182:[], 183:[], 184:[], 185:[]",80740952008,74764585900
4493,2,29373.5636,31661644,472816763,3775792062,889.0168,false,188,true,true,true,true,true,false,false,"0:[0, 1, 2, 3, 4, 5, 6, 7, 8, 9, 10, 11, 12, 13, 14, 15, 16, 17, 18, 19, 20, 21, 22, 23, 24, 25, 26, 27, 28, 29, 30, 31, 32, 33, 34, 35, 36, 37, 38, 39, 40, 41, 42, 43, 44, 45, 46, 47, 48, 49, 50, 51, 52, 53, 54, 55, 56, 57, 58, 59, 60, 61, 62, 63, 64, 65, 66, 67, 68, 69, 70, 71, 72, 73, 74, 75, 76, 77, 78, 79, 80, 81, 82, 83, 84, 85, 86, 87, 88, 89, 90, 91, 92, 93, 94, 95, 96, 97, 98, 99, 100, 101, 102, 103, 104, 105, 106, 107, 108, 109, 110, 111, 112, 113, 114, 115, 116, 117, 118, 119, 120, 121, 122, 123, 124, 125, 126, 127, 128, 129, 130, 131, 132, 133, 134, 135, 136, 137, 138, 139, 140, 141, 142, 143, 144, 145, 146, 147, 148, 149, 150, 151, 152, 153, 154, 155, 156, 157, 158, 159, 160, 161, 162, 163, 164, 165, 166, 167, 168, 169, 170, 171, 172, 173, 174, 175, 176, 177, 178, 179, 180, 181, 182, 183, 184, 185, 186, 187], 1:[], 2:[], 3:[], 4:[], 5:[], 6:[], 7:[], 8:[], 9:[], 10:[], 11:[], 12:[], 13:[], 14:[], 15:[], 16:[], 17:[], 18:[], 19:[], 20:[], 21:[], 22:[], 23:[], 24:[], 25:[], 26:[], 27:[], 28:[], 29:[], 30:[], 31:[], 32:[], 33:[], 34:[], 35:[], 36:[], 37:[], 38:[], 39:[], 40:[], 41:[], 42:[], 43:[], 44:[], 45:[], 46:[], 47:[], 48:[], 49:[], 50:[], 51:[], 52:[], 53:[], 54:[], 55:[], 56:[], 57:[], 58:[], 59:[], 60:[], 61:[], 62:[], 63:[], 64:[], 65:[], 66:[], 67:[], 68:[], 69:[], 70:[], 71:[], 72:[], 73:[], 74:[], 75:[], 76:[], 77:[], 78:[], 79:[], 80:[], 81:[], 82:[], 83:[], 84:[], 85:[], 86:[], 87:[], 88:[], 89:[], 90:[], 91:[], 92:[], 93:[], 94:[], 95:[], 96:[], 97:[], 98:[], 99:[], 100:[], 101:[], 102:[], 103:[], 104:[], 105:[], 106:[], 107:[], 108:[], 109:[], 110:[], 111:[], 112:[], 113:[], 114:[], 115:[], 116:[], 117:[], 118:[], 119:[], 120:[], 121:[], 122:[], 123:[], 124:[], 125:[], 126:[], 127:[], 128:[], 129:[], 130:[], 131:[], 132:[], 133:[], 134:[], 135:[], 136:[], 137:[], 138:[], 139:[], 140:[], 141:[], 142:[], 143:[], 144:[], 145:[], 146:[], 147:[], 148:[], 149:[], 150:[], 151:[], 152:[], 153:[], 154:[], 155:[], 156:[], 157:[], 158:[], 159:[], 160:[], 161:[], 162:[], 163:[], 164:[], 165:[], 166:[], 167:[], 168:[], 169:[], 170:[], 171:[], 172:[], 173:[], 174:[], 175:[], 176:[], 177:[], 178:[], 179:[], 180:[], 181:[], 182:[], 183:[], 184:[], 185:[], 186:[], 187:[]",80998022720,75138250375
4507,2,31501.2076,31958007,477247906,3811194412,730.3395,false,187,true,true,true,true,true,false,false,"0:[0, 1, 2, 3, 4, 5, 6, 7, 8, 9, 10, 11, 12, 13, 14, 15, 16, 17, 18, 19, 20, 21, 22, 23, 24, 25, 26, 27, 28, 29, 30, 31, 32, 33, 34, 35, 36, 37, 38, 39, 40, 41, 42, 43, 44, 45, 46, 47, 48, 49, 50, 51, 52, 53, 54, 55, 56, 57, 58, 59, 60, 61, 62, 63, 64, 65, 66, 67, 68, 69, 70, 71, 72, 73, 74, 75, 76, 77, 78, 79, 80, 81, 82, 83, 84, 85, 86, 87, 88, 89, 90, 91, 92, 93, 94, 95, 96, 97, 98, 99, 100, 101, 102, 103, 104, 105, 106, 107, 108, 109, 110, 111, 112, 113, 114, 115, 116, 117, 118, 119, 120, 121, 122, 123, 124, 125, 126, 127, 128, 129, 130, 131, 132, 133, 134, 135, 136, 137, 138, 139, 140, 141, 142, 143, 144, 145, 146, 147, 148, 149, 150, 151, 152, 153, 154, 155, 156, 157, 158, 159, 160, 161, 162, 163, 164, 165, 166, 167, 168, 169, 170, 171, 172, 173, 174, 175, 176, 177, 178, 179, 180, 181, 182, 183, 184, 185, 186], 1:[], 2:[], 3:[], 4:[], 5:[], 6:[], 7:[], 8:[], 9:[], 10:[], 11:[], 12:[], 13:[], 14:[], 15:[], 16:[], 17:[], 18:[], 19:[], 20:[], 21:[], 22:[], 23:[], 24:[], 25:[], 26:[], 27:[], 28:[], 29:[], 30:[], 31:[], 32:[], 33:[], 34:[], 35:[], 36:[], 37:[], 38:[], 39:[], 40:[], 41:[], 42:[], 43:[], 44:[], 45:[], 46:[], 47:[], 48:[], 49:[], 50:[], 51:[], 52:[], 53:[], 54:[], 55:[], 56:[], 57:[], 58:[], 59:[], 60:[], 61:[], 62:[], 63:[], 64:[], 65:[], 66:[], 67:[], 68:[], 69:[], 70:[], 71:[], 72:[], 73:[], 74:[], 75:[], 76:[], 77:[], 78:[], 79:[], 80:[], 81:[], 82:[], 83:[], 84:[], 85:[], 86:[], 87:[], 88:[], 89:[], 90:[], 91:[], 92:[], 93:[], 94:[], 95:[], 96:[], 97:[], 98:[], 99:[], 100:[], 101:[], 102:[], 103:[], 104:[], 105:[], 106:[], 107:[], 108:[], 109:[], 110:[], 111:[], 112:[], 113:[], 114:[], 115:[], 116:[], 117:[], 118:[], 119:[], 120:[], 121:[], 122:[], 123:[], 124:[], 125:[], 126:[], 127:[], 128:[], 129:[], 130:[], 131:[], 132:[], 133:[], 134:[], 135:[], 136:[], 137:[], 138:[], 139:[], 140:[], 141:[], 142:[], 143:[], 144:[], 145:[], 146:[], 147:[], 148:[], 149:[], 150:[], 151:[], 152:[], 153:[], 154:[], 155:[], 156:[], 157:[], 158:[], 159:[], 160:[], 161:[], 162:[], 163:[], 164:[], 165:[], 166:[], 167:[], 168:[], 169:[], 170:[], 171:[], 172:[], 173:[], 174:[], 175:[], 176:[], 177:[], 178:[], 179:[], 180:[], 181:[], 182:[], 183:[], 184:[], 185:[], 186:[]",81359626872,75663769890
4513,5,35667.0023,32085584,479157070,3826454383,718.1037,false,188,true,true,true,true,true,false,false,"0:[0, 1, 2, 3, 4, 5, 6, 7, 8, 9, 10, 11, 12, 13, 14, 15, 16, 17, 18, 19, 20, 21, 22, 23, 24, 25, 26, 27, 28, 29, 30, 31, 32, 33, 34, 35, 36, 37, 38, 39, 40, 41, 42, 43, 44, 45, 46, 47, 48, 49, 50, 51, 52, 53, 54, 55, 56, 57, 58, 59, 60, 61, 62, 63, 64, 65, 66, 67, 68, 69, 70, 71, 72, 73, 74, 75, 76, 77, 78, 79, 80, 81, 82, 83, 84, 85, 86, 87, 88, 89, 90, 91, 92, 93, 94, 95, 96, 97, 98, 99, 100, 101, 102, 103, 104, 105, 106, 107, 108, 109, 110, 111, 112, 113, 114, 115, 116, 117, 118, 119, 120, 121, 122, 123, 124, 125, 126, 127, 128, 129, 130, 131, 132, 133, 134, 135, 136, 137, 138, 139, 140, 141, 142, 143, 144, 145, 146, 147, 148, 149, 150, 151, 152, 153, 154, 155, 156, 157, 158, 159, 160, 161, 162, 163, 164, 165, 166, 167, 168, 169, 170, 171, 172, 173, 174, 175, 176, 177, 178, 179, 180, 181, 182, 183, 184, 185, 186, 187], 1:[], 2:[], 3:[], 4:[], 5:[], 6:[], 7:[], 8:[], 9:[], 10:[], 11:[], 12:[], 13:[], 14:[], 15:[], 16:[], 17:[], 18:[], 19:[], 20:[], 21:[], 22:[], 23:[], 24:[], 25:[], 26:[], 27:[], 28:[], 29:[], 30:[], 31:[], 32:[], 33:[], 34:[], 35:[], 36:[], 37:[], 38:[], 39:[], 40:[], 41:[], 42:[], 43:[], 44:[], 45:[], 46:[], 47:[], 48:[], 49:[], 50:[], 51:[], 52:[], 53:[], 54:[], 55:[], 56:[], 57:[], 58:[], 59:[], 60:[], 61:[], 62:[], 63:[], 64:[], 65:[], 66:[], 67:[], 68:[], 69:[], 70:[], 71:[], 72:[], 73:[], 74:[], 75:[], 76:[], 77:[], 78:[], 79:[], 80:[], 81:[], 82:[], 83:[], 84:[], 85:[], 86:[], 87:[], 88:[], 89:[], 90:[], 91:[], 92:[], 93:[], 94:[], 95:[], 96:[], 97:[], 98:[], 99:[], 100:[], 101:[], 102:[], 103:[], 104:[], 105:[], 106:[], 107:[], 108:[], 109:[], 110:[], 111:[], 112:[], 113:[], 114:[], 115:[], 116:[], 117:[], 118:[], 119:[], 120:[], 121:[], 122:[], 123:[], 124:[], 125:[], 126:[], 127:[], 128:[], 129:[], 130:[], 131:[], 132:[], 133:[], 134:[], 135:[], 136:[], 137:[], 138:[], 139:[], 140:[], 141:[], 142:[], 143:[], 144:[], 145:[], 146:[], 147:[], 148:[], 149:[], 150:[], 151:[], 152:[], 153:[], 154:[], 155:[], 156:[], 157:[], 158:[], 159:[], 160:[], 161:[], 162:[], 163:[], 164:[], 165:[], 166:[], 167:[], 168:[], 169:[], 170:[], 171:[], 172:[], 173:[], 174:[], 175:[], 176:[], 177:[], 178:[], 179:[], 180:[], 181:[], 182:[], 183:[], 184:[], 185:[], 186:[], 187:[]",81515421840,75890240310
4517,2,32331.0722,32170824,480431917,3836641168,764.8487,false,189,true,true,true,true,true,false,false,"0:[0, 1, 2, 3, 4, 5, 6, 7, 8, 9, 10, 11, 12, 13, 14, 15, 16, 17, 18, 19, 20, 21, 22, 23, 24, 25, 26, 27, 28, 29, 30, 31, 32, 33, 34, 35, 36, 37, 38, 39, 40, 41, 42, 43, 44, 45, 46, 47, 48, 49, 50, 51, 52, 53, 54, 55, 56, 57, 58, 59, 60, 61, 62, 63, 64, 65, 66, 67, 68, 69, 70, 71, 72, 73, 74, 75, 76, 77, 78, 79, 80, 81, 82, 83, 84, 85, 86, 87, 88, 89, 90, 91, 92, 93, 94, 95, 96, 97, 98, 99, 100, 101, 102, 103, 104, 105, 106, 107, 108, 109, 110, 111, 112, 113, 114, 115, 116, 117, 118, 119, 120, 121, 122, 123, 124, 125, 126, 127, 128, 129, 130, 131, 132, 133, 134, 135, 136, 137, 138, 139, 140, 141, 142, 143, 144, 145, 146, 147, 148, 149, 150, 151, 152, 153, 154, 155, 156, 157, 158, 159, 160, 161, 162, 163, 164, 165, 166, 167, 168, 169, 170, 171, 172, 173, 174, 175, 176, 177, 178, 179, 180, 181, 182, 183, 184, 185, 186, 187, 188], 1:[], 2:[], 3:[], 4:[], 5:[], 6:[], 7:[], 8:[], 9:[], 10:[], 11:[], 12:[], 13:[], 14:[], 15:[], 16:[], 17:[], 18:[], 19:[], 20:[], 21:[], 22:[], 23:[], 24:[], 25:[], 26:[], 27:[], 28:[], 29:[], 30:[], 31:[], 32:[], 33:[], 34:[], 35:[], 36:[], 37:[], 38:[], 39:[], 40:[], 41:[], 42:[], 43:[], 44:[], 45:[], 46:[], 47:[], 48:[], 49:[], 50:[], 51:[], 52:[], 53:[], 54:[], 55:[], 56:[], 57:[], 58:[], 59:[], 60:[], 61:[], 62:[], 63:[], 64:[], 65:[], 66:[], 67:[], 68:[], 69:[], 70:[], 71:[], 72:[], 73:[], 74:[], 75:[], 76:[], 77:[], 78:[], 79:[], 80:[], 81:[], 82:[], 83:[], 84:[], 85:[], 86:[], 87:[], 88:[], 89:[], 90:[], 91:[], 92:[], 93:[], 94:[], 95:[], 96:[], 97:[], 98:[], 99:[], 100:[], 101:[], 102:[], 103:[], 104:[], 105:[], 106:[], 107:[], 108:[], 109:[], 110:[], 111:[], 112:[], 113:[], 114:[], 115:[], 116:[], 117:[], 118:[], 119:[], 120:[], 121:[], 122:[], 123:[], 124:[], 125:[], 126:[], 127:[], 128:[], 129:[], 130:[], 131:[], 132:[], 133:[], 134:[], 135:[], 136:[], 137:[], 138:[], 139:[], 140:[], 141:[], 142:[], 143:[], 144:[], 145:[], 146:[], 147:[], 148:[], 149:[], 150:[], 151:[], 152:[], 153:[], 154:[], 155:[], 156:[], 157:[], 158:[], 159:[], 160:[], 161:[], 162:[], 163:[], 164:[], 165:[], 166:[], 167:[], 168:[], 169:[], 170:[], 171:[], 172:[], 173:[], 174:[], 175:[], 176:[], 177:[], 178:[], 179:[], 180:[], 181:[], 182:[], 183:[], 184:[], 185:[], 186:[], 187:[], 188:[]",81619455360,76041443329
4519,3,31796.1262,32213501,481069009,3841727079,737.8576,false,188,true,true,true,true,true,false,false,"0:[0, 1, 2, 3, 4, 5, 6, 7, 8, 9, 10, 11, 12, 13, 14, 15, 16, 17, 18, 19, 20, 21, 22, 23, 24, 25, 26, 27, 28, 29, 30, 31, 32, 33, 34, 35, 36, 37, 38, 39, 40, 41, 42, 43, 44, 45, 46, 47, 48, 49, 50, 51, 52, 53, 54, 55, 56, 57, 58, 59, 60, 61, 62, 63, 64, 65, 66, 67, 68, 69, 70, 71, 72, 73, 74, 75, 76, 77, 78, 79, 80, 81, 82, 83, 84, 85, 86, 87, 88, 89, 90, 91, 92, 93, 94, 95, 96, 97, 98, 99, 100, 101, 102, 103, 104, 105, 106, 107, 108, 109, 110, 111, 112, 113, 114, 115, 116, 117, 118, 119, 120, 121, 122, 123, 124, 125, 126, 127, 128, 129, 130, 131, 132, 133, 134, 135, 136, 137, 138, 139, 140, 141, 142, 143, 144, 145, 146, 147, 148, 149, 150, 151, 152, 153, 154, 155, 156, 157, 158, 159, 160, 161, 162, 163, 164, 165, 166, 167, 168, 169, 170, 171, 172, 173, 174, 175, 176, 177, 178, 179, 180, 181, 182, 183, 184, 185, 186, 187], 1:[], 2:[], 3:[], 4:[], 5:[], 6:[], 7:[], 8:[], 9:[], 10:[], 11:[], 12:[], 13:[], 14:[], 15:[], 16:[], 17:[], 18:[], 19:[], 20:[], 21:[], 22:[], 23:[], 24:[], 25:[], 26:[], 27:[], 28:[], 29:[], 30:[], 31:[], 32:[], 33:[], 34:[], 35:[], 36:[], 37:[], 38:[], 39:[], 40:[], 41:[], 42:[], 43:[], 44:[], 45:[], 46:[], 47:[], 48:[], 49:[], 50:[], 51:[], 52:[], 53:[], 54:[], 55:[], 56:[], 57:[], 58:[], 59:[], 60:[], 61:[], 62:[], 63:[], 64:[], 65:[], 66:[], 67:[], 68:[], 69:[], 70:[], 71:[], 72:[], 73:[], 74:[], 75:[], 76:[], 77:[], 78:[], 79:[], 80:[], 81:[], 82:[], 83:[], 84:[], 85:[], 86:[], 87:[], 88:[], 89:[], 90:[], 91:[], 92:[], 93:[], 94:[], 95:[], 96:[], 97:[], 98:[], 99:[], 100:[], 101:[], 102:[], 103:[], 104:[], 105:[], 106:[], 107:[], 108:[], 109:[], 110:[], 111:[], 112:[], 113:[], 114:[], 115:[], 116:[], 117:[], 118:[], 119:[], 120:[], 121:[], 122:[], 123:[], 124:[], 125:[], 126:[], 127:[], 128:[], 129:[], 130:[], 131:[], 132:[], 133:[], 134:[], 135:[], 136:[], 137:[], 138:[], 139:[], 140:[], 141:[], 142:[], 143:[], 144:[], 145:[], 146:[], 147:[], 148:[], 149:[], 150:[], 151:[], 152:[], 153:[], 154:[], 155:[], 156:[], 157:[], 158:[], 159:[], 160:[], 161:[], 162:[], 163:[], 164:[], 165:[], 166:[], 167:[], 168:[], 169:[], 170:[], 171:[], 172:[], 173:[], 174:[], 175:[], 176:[], 177:[], 178:[], 179:[], 180:[], 181:[], 182:[], 183:[], 184:[], 185:[], 186:[], 187:[]",81671446968,76116970573
4523,2,31754.8990,32298966,482347244,3851941075,743.4606,false,188,true,true,true,true,true,false,false,"0:[0, 1, 2, 3, 4, 5, 6, 7, 8, 9, 10, 11, 12, 13, 14, 15, 16, 17, 18, 19, 20, 21, 22, 23, 24, 25, 26, 27, 28, 29, 30, 31, 32, 33, 34, 35, 36, 37, 38, 39, 40, 41, 42, 43, 44, 45, 46, 47, 48, 49, 50, 51, 52, 53, 54, 55, 56, 57, 58, 59, 60, 61, 62, 63, 64, 65, 66, 67, 68, 69, 70, 71, 72, 73, 74, 75, 76, 77, 78, 79, 80, 81, 82, 83, 84, 85, 86, 87, 88, 89, 90, 91, 92, 93, 94, 95, 96, 97, 98, 99, 100, 101, 102, 103, 104, 105, 106, 107, 108, 109, 110, 111, 112, 113, 114, 115, 116, 117, 118, 119, 120, 121, 122, 123, 124, 125, 126, 127, 128, 129, 130, 131, 132, 133, 134, 135, 136, 137, 138, 139, 140, 141, 142, 143, 144, 145, 146, 147, 148, 149, 150, 151, 152, 153, 154, 155, 156, 157, 158, 159, 160, 161, 162, 163, 164, 165, 166, 167, 168, 169, 170, 171, 172, 173, 174, 175, 176, 177, 178, 179, 180, 181, 182, 183, 184, 185, 186, 187], 1:[], 2:[], 3:[], 4:[], 5:[], 6:[], 7:[], 8:[], 9:[], 10:[], 11:[], 12:[], 13:[], 14:[], 15:[], 16:[], 17:[], 18:[], 19:[], 20:[], 21:[], 22:[], 23:[], 24:[], 25:[], 26:[], 27:[], 28:[], 29:[], 30:[], 31:[], 32:[], 33:[], 34:[], 35:[], 36:[], 37:[], 38:[], 39:[], 40:[], 41:[], 42:[], 43:[], 44:[], 45:[], 46:[], 47:[], 48:[], 49:[], 50:[], 51:[], 52:[], 53:[], 54:[], 55:[], 56:[], 57:[], 58:[], 59:[], 60:[], 61:[], 62:[], 63:[], 64:[], 65:[], 66:[], 67:[], 68:[], 69:[], 70:[], 71:[], 72:[], 73:[], 74:[], 75:[], 76:[], 77:[], 78:[], 79:[], 80:[], 81:[], 82:[], 83:[], 84:[], 85:[], 86:[], 87:[], 88:[], 89:[], 90:[], 91:[], 92:[], 93:[], 94:[], 95:[], 96:[], 97:[], 98:[], 99:[], 100:[], 101:[], 102:[], 103:[], 104:[], 105:[], 106:[], 107:[], 108:[], 109:[], 110:[], 111:[], 112:[], 113:[], 114:[], 115:[], 116:[], 117:[], 118:[], 119:[], 120:[], 121:[], 122:[], 123:[], 124:[], 125:[], 126:[], 127:[], 128:[], 129:[], 130:[], 131:[], 132:[], 133:[], 134:[], 135:[], 136:[], 137:[], 138:[], 139:[], 140:[], 141:[], 142:[], 143:[], 144:[], 145:[], 146:[], 147:[], 148:[], 149:[], 150:[], 151:[], 152:[], 153:[], 154:[], 155:[], 156:[], 157:[], 158:[], 159:[], 160:[], 161:[], 162:[], 163:[], 164:[], 165:[], 166:[], 167:[], 168:[], 169:[], 170:[], 171:[], 172:[], 173:[], 174:[], 175:[], 176:[], 177:[], 178:[], 179:[], 180:[], 181:[], 182:[], 183:[], 184:[], 185:[], 186:[], 187:[]",81775756928,76268575324
4547,2,29416.8950,32814938,490064119,3913603462,749.7279,false,189,true,true,true,true,true,false,false,"0:[0, 1, 2, 3, 4, 5, 6, 7, 8, 9, 10, 11, 12, 13, 14, 15, 16, 17, 18, 19, 20, 21, 22, 23, 24, 25, 26, 27, 28, 29, 30, 31, 32, 33, 34, 35, 36, 37, 38, 39, 40, 41, 42, 43, 44, 45, 46, 47, 48, 49, 50, 51, 52, 53, 54, 55, 56, 57, 58, 59, 60, 61, 62, 63, 64, 65, 66, 67, 68, 69, 70, 71, 72, 73, 74, 75, 76, 77, 78, 79, 80, 81, 82, 83, 84, 85, 86, 87, 88, 89, 90, 91, 92, 93, 94, 95, 96, 97, 98, 99, 100, 101, 102, 103, 104, 105, 106, 107, 108, 109, 110, 111, 112, 113, 114, 115, 116, 117, 118, 119, 120, 121, 122, 123, 124, 125, 126, 127, 128, 129, 130, 131, 132, 133, 134, 135, 136, 137, 138, 139, 140, 141, 142, 143, 144, 145, 146, 147, 148, 149, 150, 151, 152, 153, 154, 155, 156, 157, 158, 159, 160, 161, 162, 163, 164, 165, 166, 167, 168, 169, 170, 171, 172, 173, 174, 175, 176, 177, 178, 179, 180, 181, 182, 183, 184, 185, 186, 187, 188], 1:[], 2:[], 3:[], 4:[], 5:[], 6:[], 7:[], 8:[], 9:[], 10:[], 11:[], 12:[], 13:[], 14:[], 15:[], 16:[], 17:[], 18:[], 19:[], 20:[], 21:[], 22:[], 23:[], 24:[], 25:[], 26:[], 27:[], 28:[], 29:[], 30:[], 31:[], 32:[], 33:[], 34:[], 35:[], 36:[], 37:[], 38:[], 39:[], 40:[], 41:[], 42:[], 43:[], 44:[], 45:[], 46:[], 47:[], 48:[], 49:[], 50:[], 51:[], 52:[], 53:[], 54:[], 55:[], 56:[], 57:[], 58:[], 59:[], 60:[], 61:[], 62:[], 63:[], 64:[], 65:[], 66:[], 67:[], 68:[], 69:[], 70:[], 71:[], 72:[], 73:[], 74:[], 75:[], 76:[], 77:[], 78:[], 79:[], 80:[], 81:[], 82:[], 83:[], 84:[], 85:[], 86:[], 87:[], 88:[], 89:[], 90:[], 91:[], 92:[], 93:[], 94:[], 95:[], 96:[], 97:[], 98:[], 99:[], 100:[], 101:[], 102:[], 103:[], 104:[], 105:[], 106:[], 107:[], 108:[], 109:[], 110:[], 111:[], 112:[], 113:[], 114:[], 115:[], 116:[], 117:[], 118:[], 119:[], 120:[], 121:[], 122:[], 123:[], 124:[], 125:[], 126:[], 127:[], 128:[], 129:[], 130:[], 131:[], 132:[], 133:[], 134:[], 135:[], 136:[], 137:[], 138:[], 139:[], 140:[], 141:[], 142:[], 143:[], 144:[], 145:[], 146:[], 147:[], 148:[], 149:[], 150:[], 151:[], 152:[], 153:[], 154:[], 155:[], 156:[], 157:[], 158:[], 159:[], 160:[], 161:[], 162:[], 163:[], 164:[], 165:[], 166:[], 167:[], 168:[], 169:[], 170:[], 171:[], 172:[], 173:[], 174:[], 175:[], 176:[], 177:[], 178:[], 179:[], 180:[], 181:[], 182:[], 183:[], 184:[], 185:[], 186:[], 187:[], 188:[]",82405490256,77183832259
4549,2,30885.3742,32858183,490711996,3918784731,806.6497,false,189,true,true,true,true,true,false,false,"0:[0, 1, 2, 3, 4, 5, 6, 7, 8, 9, 10, 11, 12, 13, 14, 15, 16, 17, 18, 19, 20, 21, 22, 23, 24, 25, 26, 27, 28, 29, 30, 31, 32, 33, 34, 35, 36, 37, 38, 39, 40, 41, 42, 43, 44, 45, 46, 47, 48, 49, 50, 51, 52, 53, 54, 55, 56, 57, 58, 59, 60, 61, 62, 63, 64, 65, 66, 67, 68, 69, 70, 71, 72, 73, 74, 75, 76, 77, 78, 79, 80, 81, 82, 83, 84, 85, 86, 87, 88, 89, 90, 91, 92, 93, 94, 95, 96, 97, 98, 99, 100, 101, 102, 103, 104, 105, 106, 107, 108, 109, 110, 111, 112, 113, 114, 115, 116, 117, 118, 119, 120, 121, 122, 123, 124, 125, 126, 127, 128, 129, 130, 131, 132, 133, 134, 135, 136, 137, 138, 139, 140, 141, 142, 143, 144, 145, 146, 147, 148, 149, 150, 151, 152, 153, 154, 155, 156, 157, 158, 159, 160, 161, 162, 163, 164, 165, 166, 167, 168, 169, 170, 171, 172, 173, 174, 175, 176, 177, 178, 179, 180, 181, 182, 183, 184, 185, 186, 187, 188], 1:[], 2:[], 3:[], 4:[], 5:[], 6:[], 7:[], 8:[], 9:[], 10:[], 11:[], 12:[], 13:[], 14:[], 15:[], 16:[], 17:[], 18:[], 19:[], 20:[], 21:[], 22:[], 23:[], 24:[], 25:[], 26:[], 27:[], 28:[], 29:[], 30:[], 31:[], 32:[], 33:[], 34:[], 35:[], 36:[], 37:[], 38:[], 39:[], 40:[], 41:[], 42:[], 43:[], 44:[], 45:[], 46:[], 47:[], 48:[], 49:[], 50:[], 51:[], 52:[], 53:[], 54:[], 55:[], 56:[], 57:[], 58:[], 59:[], 60:[], 61:[], 62:[], 63:[], 64:[], 65:[], 66:[], 67:[], 68:[], 69:[], 70:[], 71:[], 72:[], 73:[], 74:[], 75:[], 76:[], 77:[], 78:[], 79:[], 80:[], 81:[], 82:[], 83:[], 84:[], 85:[], 86:[], 87:[], 88:[], 89:[], 90:[], 91:[], 92:[], 93:[], 94:[], 95:[], 96:[], 97:[], 98:[], 99:[], 100:[], 101:[], 102:[], 103:[], 104:[], 105:[], 106:[], 107:[], 108:[], 109:[], 110:[], 111:[], 112:[], 113:[], 114:[], 115:[], 116:[], 117:[], 118:[], 119:[], 120:[], 121:[], 122:[], 123:[], 124:[], 125:[], 126:[], 127:[], 128:[], 129:[], 130:[], 131:[], 132:[], 133:[], 134:[], 135:[], 136:[], 137:[], 138:[], 139:[], 140:[], 141:[], 142:[], 143:[], 144:[], 145:[], 146:[], 147:[], 148:[], 149:[], 150:[], 151:[], 152:[], 153:[], 154:[], 155:[], 156:[], 157:[], 158:[], 159:[], 160:[], 161:[], 162:[], 163:[], 164:[], 165:[], 166:[], 167:[], 168:[], 169:[], 170:[], 171:[], 172:[], 173:[], 174:[], 175:[], 176:[], 177:[], 178:[], 179:[], 180:[], 181:[], 182:[], 183:[], 184:[], 185:[], 186:[], 187:[], 188:[]",82458358296,77260707652
4561,11,41919.0489,33118444,494604537,3949888679,820.3465,false,191,true,true,true,true,true,false,false,"0:[0, 1, 2, 3, 4, 5, 6, 7, 8, 9, 10, 11, 12, 13, 14, 15, 16, 17, 18, 19, 20, 21, 22, 23, 24, 25, 26, 27, 28, 29, 30, 31, 32, 33, 34, 35, 36, 37, 38, 39, 40, 41, 42, 43, 44, 45, 46, 47, 48, 49, 50, 51, 52, 53, 54, 55, 56, 57, 58, 59, 60, 61, 62, 63, 64, 65, 66, 67, 68, 69, 70, 71, 72, 73, 74, 75, 76, 77, 78, 79, 80, 81, 82, 83, 84, 85, 86, 87, 88, 89, 90, 91, 92, 93, 94, 95, 96, 97, 98, 99, 100, 101, 102, 103, 104, 105, 106, 107, 108, 109, 110, 111, 112, 113, 114, 115, 116, 117, 118, 119, 120, 121, 122, 123, 124, 125, 126, 127, 128, 129, 130, 131, 132, 133, 134, 135, 136, 137, 138, 139, 140, 141, 142, 143, 144, 145, 146, 147, 148, 149, 150, 151, 152, 153, 154, 155, 156, 157, 158, 159, 160, 161, 162, 163, 164, 165, 166, 167, 168, 169, 170, 171, 172, 173, 174, 175, 176, 177, 178, 179, 180, 181, 182, 183, 184, 185, 186, 187, 188, 189, 190], 1:[], 2:[], 3:[], 4:[], 5:[], 6:[], 7:[], 8:[], 9:[], 10:[], 11:[], 12:[], 13:[], 14:[], 15:[], 16:[], 17:[], 18:[], 19:[], 20:[], 21:[], 22:[], 23:[], 24:[], 25:[], 26:[], 27:[], 28:[], 29:[], 30:[], 31:[], 32:[], 33:[], 34:[], 35:[], 36:[], 37:[], 38:[], 39:[], 40:[], 41:[], 42:[], 43:[], 44:[], 45:[], 46:[], 47:[], 48:[], 49:[], 50:[], 51:[], 52:[], 53:[], 54:[], 55:[], 56:[], 57:[], 58:[], 59:[], 60:[], 61:[], 62:[], 63:[], 64:[], 65:[], 66:[], 67:[], 68:[], 69:[], 70:[], 71:[], 72:[], 73:[], 74:[], 75:[], 76:[], 77:[], 78:[], 79:[], 80:[], 81:[], 82:[], 83:[], 84:[], 85:[], 86:[], 87:[], 88:[], 89:[], 90:[], 91:[], 92:[], 93:[], 94:[], 95:[], 96:[], 97:[], 98:[], 99:[], 100:[], 101:[], 102:[], 103:[], 104:[], 105:[], 106:[], 107:[], 108:[], 109:[], 110:[], 111:[], 112:[], 113:[], 114:[], 115:[], 116:[], 117:[], 118:[], 119:[], 120:[], 121:[], 122:[], 123:[], 124:[], 125:[], 126:[], 127:[], 128:[], 129:[], 130:[], 131:[], 132:[], 133:[], 134:[], 135:[], 136:[], 137:[], 138:[], 139:[], 140:[], 141:[], 142:[], 143:[], 144:[], 145:[], 146:[], 147:[], 148:[], 149:[], 150:[], 151:[], 152:[], 153:[], 154:[], 155:[], 156:[], 157:[], 158:[], 159:[], 160:[], 161:[], 162:[], 163:[], 164:[], 165:[], 166:[], 167:[], 168:[], 169:[], 170:[], 171:[], 172:[], 173:[], 174:[], 175:[], 176:[], 177:[], 178:[], 179:[], 180:[], 181:[], 182:[], 183:[], 184:[], 185:[], 186:[], 187:[], 188:[], 189:[], 190:[]",82776007840,77722381213
4567,3,35263.3032,33249089,496557351,3965488353,793.2316,false,191,true,true,true,true,true,false,false,"0:[0, 1, 2, 3, 4, 5, 6, 7, 8, 9, 10, 11, 12, 13, 14, 15, 16, 17, 18, 19, 20, 21, 22, 23, 24, 25, 26, 27, 28, 29, 30, 31, 32, 33, 34, 35, 36, 37, 38, 39, 40, 41, 42, 43, 44, 45, 46, 47, 48, 49, 50, 51, 52, 53, 54, 55, 56, 57, 58, 59, 60, 61, 62, 63, 64, 65, 66, 67, 68, 69, 70, 71, 72, 73, 74, 75, 76, 77, 78, 79, 80, 81, 82, 83, 84, 85, 86, 87, 88, 89, 90, 91, 92, 93, 94, 95, 96, 97, 98, 99, 100, 101, 102, 103, 104, 105, 106, 107, 108, 109, 110, 111, 112, 113, 114, 115, 116, 117, 118, 119, 120, 121, 122, 123, 124, 125, 126, 127, 128, 129, 130, 131, 132, 133, 134, 135, 136, 137, 138, 139, 140, 141, 142, 143, 144, 145, 146, 147, 148, 149, 150, 151, 152, 153, 154, 155, 156, 157, 158, 159, 160, 161, 162, 163, 164, 165, 166, 167, 168, 169, 170, 171, 172, 173, 174, 175, 176, 177, 178, 179, 180, 181, 182, 183, 184, 185, 186, 187, 188, 189, 190], 1:[], 2:[], 3:[], 4:[], 5:[], 6:[], 7:[], 8:[], 9:[], 10:[], 11:[], 12:[], 13:[], 14:[], 15:[], 16:[], 17:[], 18:[], 19:[], 20:[], 21:[], 22:[], 23:[], 24:[], 25:[], 26:[], 27:[], 28:[], 29:[], 30:[], 31:[], 32:[], 33:[], 34:[], 35:[], 36:[], 37:[], 38:[], 39:[], 40:[], 41:[], 42:[], 43:[], 44:[], 45:[], 46:[], 47:[], 48:[], 49:[], 50:[], 51:[], 52:[], 53:[], 54:[], 55:[], 56:[], 57:[], 58:[], 59:[], 60:[], 61:[], 62:[], 63:[], 64:[], 65:[], 66:[], 67:[], 68:[], 69:[], 70:[], 71:[], 72:[], 73:[], 74:[], 75:[], 76:[], 77:[], 78:[], 79:[], 80:[], 81:[], 82:[], 83:[], 84:[], 85:[], 86:[], 87:[], 88:[], 89:[], 90:[], 91:[], 92:[], 93:[], 94:[], 95:[], 96:[], 97:[], 98:[], 99:[], 100:[], 101:[], 102:[], 103:[], 104:[], 105:[], 106:[], 107:[], 108:[], 109:[], 110:[], 111:[], 112:[], 113:[], 114:[], 115:[], 116:[], 117:[], 118:[], 119:[], 120:[], 121:[], 122:[], 123:[], 124:[], 125:[], 126:[], 127:[], 128:[], 129:[], 130:[], 131:[], 132:[], 133:[], 134:[], 135:[], 136:[], 137:[], 138:[], 139:[], 140:[], 141:[], 142:[], 143:[], 144:[], 145:[], 146:[], 147:[], 148:[], 149:[], 150:[], 151:[], 152:[], 153:[], 154:[], 155:[], 156:[], 157:[], 158:[], 159:[], 160:[], 161:[], 162:[], 163:[], 164:[], 165:[], 166:[], 167:[], 168:[], 169:[], 170:[], 171:[], 172:[], 173:[], 174:[], 175:[], 176:[], 177:[], 178:[], 179:[], 180:[], 181:[], 182:[], 183:[], 184:[], 185:[], 186:[], 187:[], 188:[], 189:[], 190:[]",82935368440,77953959131
4583,5,36333.5323,33599154,501793021,4007324629,844.7444,false,191,true,true,true,true,true,false,false,"0:[0, 1, 2, 3, 4, 5, 6, 7, 8, 9, 10, 11, 12, 13, 14, 15, 16, 17, 18, 19, 20, 21, 22, 23, 24, 25, 26, 27, 28, 29, 30, 31, 32, 33, 34, 35, 36, 37, 38, 39, 40, 41, 42, 43, 44, 45, 46, 47, 48, 49, 50, 51, 52, 53, 54, 55, 56, 57, 58, 59, 60, 61, 62, 63, 64, 65, 66, 67, 68, 69, 70, 71, 72, 73, 74, 75, 76, 77, 78, 79, 80, 81, 82, 83, 84, 85, 86, 87, 88, 89, 90, 91, 92, 93, 94, 95, 96, 97, 98, 99, 100, 101, 102, 103, 104, 105, 106, 107, 108, 109, 110, 111, 112, 113, 114, 115, 116, 117, 118, 119, 120, 121, 122, 123, 124, 125, 126, 127, 128, 129, 130, 131, 132, 133, 134, 135, 136, 137, 138, 139, 140, 141, 142, 143, 144, 145, 146, 147, 148, 149, 150, 151, 152, 153, 154, 155, 156, 157, 158, 159, 160, 161, 162, 163, 164, 165, 166, 167, 168, 169, 170, 171, 172, 173, 174, 175, 176, 177, 178, 179, 180, 181, 182, 183, 184, 185, 186, 187, 188, 189, 190], 1:[], 2:[], 3:[], 4:[], 5:[], 6:[], 7:[], 8:[], 9:[], 10:[], 11:[], 12:[], 13:[], 14:[], 15:[], 16:[], 17:[], 18:[], 19:[], 20:[], 21:[], 22:[], 23:[], 24:[], 25:[], 26:[], 27:[], 28:[], 29:[], 30:[], 31:[], 32:[], 33:[], 34:[], 35:[], 36:[], 37:[], 38:[], 39:[], 40:[], 41:[], 42:[], 43:[], 44:[], 45:[], 46:[], 47:[], 48:[], 49:[], 50:[], 51:[], 52:[], 53:[], 54:[], 55:[], 56:[], 57:[], 58:[], 59:[], 60:[], 61:[], 62:[], 63:[], 64:[], 65:[], 66:[], 67:[], 68:[], 69:[], 70:[], 71:[], 72:[], 73:[], 74:[], 75:[], 76:[], 77:[], 78:[], 79:[], 80:[], 81:[], 82:[], 83:[], 84:[], 85:[], 86:[], 87:[], 88:[], 89:[], 90:[], 91:[], 92:[], 93:[], 94:[], 95:[], 96:[], 97:[], 98:[], 99:[], 100:[], 101:[], 102:[], 103:[], 104:[], 105:[], 106:[], 107:[], 108:[], 109:[], 110:[], 111:[], 112:[], 113:[], 114:[], 115:[], 116:[], 117:[], 118:[], 119:[], 120:[], 121:[], 122:[], 123:[], 124:[], 125:[], 126:[], 127:[], 128:[], 129:[], 130:[], 131:[], 132:[], 133:[], 134:[], 135:[], 136:[], 137:[], 138:[], 139:[], 140:[], 141:[], 142:[], 143:[], 144:[], 145:[], 146:[], 147:[], 148:[], 149:[], 150:[], 151:[], 152:[], 153:[], 154:[], 155:[], 156:[], 157:[], 158:[], 159:[], 160:[], 161:[], 162:[], 163:[], 164:[], 165:[], 166:[], 167:[], 168:[], 169:[], 170:[], 171:[], 172:[], 173:[], 174:[], 175:[], 176:[], 177:[], 178:[], 179:[], 180:[], 181:[], 182:[], 183:[], 184:[], 185:[], 186:[], 187:[], 188:[], 189:[], 190:[]",83362623600,78574932929
4591,3,37595.1798,33775104,504424654,4028353444,817.9390,false,191,true,true,true,true,true,false,false,"0:[0, 1, 2, 3, 4, 5, 6, 7, 8, 9, 10, 11, 12, 13, 14, 15, 16, 17, 18, 19, 20, 21, 22, 23, 24, 25, 26, 27, 28, 29, 30, 31, 32, 33, 34, 35, 36, 37, 38, 39, 40, 41, 42, 43, 44, 45, 46, 47, 48, 49, 50, 51, 52, 53, 54, 55, 56, 57, 58, 59, 60, 61, 62, 63, 64, 65, 66, 67, 68, 69, 70, 71, 72, 73, 74, 75, 76, 77, 78, 79, 80, 81, 82, 83, 84, 85, 86, 87, 88, 89, 90, 91, 92, 93, 94, 95, 96, 97, 98, 99, 100, 101, 102, 103, 104, 105, 106, 107, 108, 109, 110, 111, 112, 113, 114, 115, 116, 117, 118, 119, 120, 121, 122, 123, 124, 125, 126, 127, 128, 129, 130, 131, 132, 133, 134, 135, 136, 137, 138, 139, 140, 141, 142, 143, 144, 145, 146, 147, 148, 149, 150, 151, 152, 153, 154, 155, 156, 157, 158, 159, 160, 161, 162, 163, 164, 165, 166, 167, 168, 169, 170, 171, 172, 173, 174, 175, 176, 177, 178, 179, 180, 181, 182, 183, 184, 185, 186, 187, 188, 189, 190], 1:[], 2:[], 3:[], 4:[], 5:[], 6:[], 7:[], 8:[], 9:[], 10:[], 11:[], 12:[], 13:[], 14:[], 15:[], 16:[], 17:[], 18:[], 19:[], 20:[], 21:[], 22:[], 23:[], 24:[], 25:[], 26:[], 27:[], 28:[], 29:[], 30:[], 31:[], 32:[], 33:[], 34:[], 35:[], 36:[], 37:[], 38:[], 39:[], 40:[], 41:[], 42:[], 43:[], 44:[], 45:[], 46:[], 47:[], 48:[], 49:[], 50:[], 51:[], 52:[], 53:[], 54:[], 55:[], 56:[], 57:[], 58:[], 59:[], 60:[], 61:[], 62:[], 63:[], 64:[], 65:[], 66:[], 67:[], 68:[], 69:[], 70:[], 71:[], 72:[], 73:[], 74:[], 75:[], 76:[], 77:[], 78:[], 79:[], 80:[], 81:[], 82:[], 83:[], 84:[], 85:[], 86:[], 87:[], 88:[], 89:[], 90:[], 91:[], 92:[], 93:[], 94:[], 95:[], 96:[], 97:[], 98:[], 99:[], 100:[], 101:[], 102:[], 103:[], 104:[], 105:[], 106:[], 107:[], 108:[], 109:[], 110:[], 111:[], 112:[], 113:[], 114:[], 115:[], 116:[], 117:[], 118:[], 119:[], 120:[], 121:[], 122:[], 123:[], 124:[], 125:[], 126:[], 127:[], 128:[], 129:[], 130:[], 131:[], 132:[], 133:[], 134:[], 135:[], 136:[], 137:[], 138:[], 139:[], 140:[], 141:[], 142:[], 143:[], 144:[], 145:[], 146:[], 147:[], 148:[], 149:[], 150:[], 151:[], 152:[], 153:[], 154:[], 155:[], 156:[], 157:[], 158:[], 159:[], 160:[], 161:[], 162:[], 163:[], 164:[], 165:[], 166:[], 167:[], 168:[], 169:[], 170:[], 171:[], 172:[], 173:[], 174:[], 175:[], 176:[], 177:[], 178:[], 179:[], 180:[], 181:[], 182:[], 183:[], 184:[], 185:[], 186:[], 187:[], 188:[], 189:[], 190:[]",83577377040,78887057398
4597,2,38755.5113,33907469,506405528,4044186668,817.4810,false,192,true,true,true,true,true,false,false,"0:[0, 1, 2, 3, 4, 5, 6, 7, 8, 9, 10, 11, 12, 13, 14, 15, 16, 17, 18, 19, 20, 21, 22, 23, 24, 25, 26, 27, 28, 29, 30, 31, 32, 33, 34, 35, 36, 37, 38, 39, 40, 41, 42, 43, 44, 45, 46, 47, 48, 49, 50, 51, 52, 53, 54, 55, 56, 57, 58, 59, 60, 61, 62, 63, 64, 65, 66, 67, 68, 69, 70, 71, 72, 73, 74, 75, 76, 77, 78, 79, 80, 81, 82, 83, 84, 85, 86, 87, 88, 89, 90, 91, 92, 93, 94, 95, 96, 97, 98, 99, 100, 101, 102, 103, 104, 105, 106, 107, 108, 109, 110, 111, 112, 113, 114, 115, 116, 117, 118, 119, 120, 121, 122, 123, 124, 125, 126, 127, 128, 129, 130, 131, 132, 133, 134, 135, 136, 137, 138, 139, 140, 141, 142, 143, 144, 145, 146, 147, 148, 149, 150, 151, 152, 153, 154, 155, 156, 157, 158, 159, 160, 161, 162, 163, 164, 165, 166, 167, 168, 169, 170, 171, 172, 173, 174, 175, 176, 177, 178, 179, 180, 181, 182, 183, 184, 185, 186, 187, 188, 189, 190, 191], 1:[], 2:[], 3:[], 4:[], 5:[], 6:[], 7:[], 8:[], 9:[], 10:[], 11:[], 12:[], 13:[], 14:[], 15:[], 16:[], 17:[], 18:[], 19:[], 20:[], 21:[], 22:[], 23:[], 24:[], 25:[], 26:[], 27:[], 28:[], 29:[], 30:[], 31:[], 32:[], 33:[], 34:[], 35:[], 36:[], 37:[], 38:[], 39:[], 40:[], 41:[], 42:[], 43:[], 44:[], 45:[], 46:[], 47:[], 48:[], 49:[], 50:[], 51:[], 52:[], 53:[], 54:[], 55:[], 56:[], 57:[], 58:[], 59:[], 60:[], 61:[], 62:[], 63:[], 64:[], 65:[], 66:[], 67:[], 68:[], 69:[], 70:[], 71:[], 72:[], 73:[], 74:[], 75:[], 76:[], 77:[], 78:[], 79:[], 80:[], 81:[], 82:[], 83:[], 84:[], 85:[], 86:[], 87:[], 88:[], 89:[], 90:[], 91:[], 92:[], 93:[], 94:[], 95:[], 96:[], 97:[], 98:[], 99:[], 100:[], 101:[], 102:[], 103:[], 104:[], 105:[], 106:[], 107:[], 108:[], 109:[], 110:[], 111:[], 112:[], 113:[], 114:[], 115:[], 116:[], 117:[], 118:[], 119:[], 120:[], 121:[], 122:[], 123:[], 124:[], 125:[], 126:[], 127:[], 128:[], 129:[], 130:[], 131:[], 132:[], 133:[], 134:[], 135:[], 136:[], 137:[], 138:[], 139:[], 140:[], 141:[], 142:[], 143:[], 144:[], 145:[], 146:[], 147:[], 148:[], 149:[], 150:[], 151:[], 152:[], 153:[], 154:[], 155:[], 156:[], 157:[], 158:[], 159:[], 160:[], 161:[], 162:[], 163:[], 164:[], 165:[], 166:[], 167:[], 168:[], 169:[], 170:[], 171:[], 172:[], 173:[], 174:[], 175:[], 176:[], 177:[], 178:[], 179:[], 180:[], 181:[], 182:[], 183:[], 184:[], 185:[], 186:[], 187:[], 188:[], 189:[], 190:[], 191:[]",83739023720,79122032864
4603,2,33296.4019,34040179,508389284,4060033739,791.0342,false,191,true,true,true,true,true,false,false,"0:[0, 1, 2, 3, 4, 5, 6, 7, 8, 9, 10, 11, 12, 13, 14, 15, 16, 17, 18, 19, 20, 21, 22, 23, 24, 25, 26, 27, 28, 29, 30, 31, 32, 33, 34, 35, 36, 37, 38, 39, 40, 41, 42, 43, 44, 45, 46, 47, 48, 49, 50, 51, 52, 53, 54, 55, 56, 57, 58, 59, 60, 61, 62, 63, 64, 65, 66, 67, 68, 69, 70, 71, 72, 73, 74, 75, 76, 77, 78, 79, 80, 81, 82, 83, 84, 85, 86, 87, 88, 89, 90, 91, 92, 93, 94, 95, 96, 97, 98, 99, 100, 101, 102, 103, 104, 105, 106, 107, 108, 109, 110, 111, 112, 113, 114, 115, 116, 117, 118, 119, 120, 121, 122, 123, 124, 125, 126, 127, 128, 129, 130, 131, 132, 133, 134, 135, 136, 137, 138, 139, 140, 141, 142, 143, 144, 145, 146, 147, 148, 149, 150, 151, 152, 153, 154, 155, 156, 157, 158, 159, 160, 161, 162, 163, 164, 165, 166, 167, 168, 169, 170, 171, 172, 173, 174, 175, 176, 177, 178, 179, 180, 181, 182, 183, 184, 185, 186, 187, 188, 189, 190], 1:[], 2:[], 3:[], 4:[], 5:[], 6:[], 7:[], 8:[], 9:[], 10:[], 11:[], 12:[], 13:[], 14:[], 15:[], 16:[], 17:[], 18:[], 19:[], 20:[], 21:[], 22:[], 23:[], 24:[], 25:[], 26:[], 27:[], 28:[], 29:[], 30:[], 31:[], 32:[], 33:[], 34:[], 35:[], 36:[], 37:[], 38:[], 39:[], 40:[], 41:[], 42:[], 43:[], 44:[], 45:[], 46:[], 47:[], 48:[], 49:[], 50:[], 51:[], 52:[], 53:[], 54:[], 55:[], 56:[], 57:[], 58:[], 59:[], 60:[], 61:[], 62:[], 63:[], 64:[], 65:[], 66:[], 67:[], 68:[], 69:[], 70:[], 71:[], 72:[], 73:[], 74:[], 75:[], 76:[], 77:[], 78:[], 79:[], 80:[], 81:[], 82:[], 83:[], 84:[], 85:[], 86:[], 87:[], 88:[], 89:[], 90:[], 91:[], 92:[], 93:[], 94:[], 95:[], 96:[], 97:[], 98:[], 99:[], 100:[], 101:[], 102:[], 103:[], 104:[], 105:[], 106:[], 107:[], 108:[], 109:[], 110:[], 111:[], 112:[], 113:[], 114:[], 115:[], 116:[], 117:[], 118:[], 119:[], 120:[], 121:[], 122:[], 123:[], 124:[], 125:[], 126:[], 127:[], 128:[], 129:[], 130:[], 131:[], 132:[], 133:[], 134:[], 135:[], 136:[], 137:[], 138:[], 139:[], 140:[], 141:[], 142:[], 143:[], 144:[], 145:[], 146:[], 147:[], 148:[], 149:[], 150:[], 151:[], 152:[], 153:[], 154:[], 155:[], 156:[], 157:[], 158:[], 159:[], 160:[], 161:[], 162:[], 163:[], 164:[], 165:[], 166:[], 167:[], 168:[], 169:[], 170:[], 171:[], 172:[], 173:[], 174:[], 175:[], 176:[], 177:[], 178:[], 179:[], 180:[], 181:[], 182:[], 183:[], 184:[], 185:[], 186:[], 187:[], 188:[], 189:[], 190:[]",83900909240,79357280460
4621,2,36892.4655,34440387,514376246,4107878708,802.3552,false,192,true,true,true,true,true,false,false,"0:[0, 1, 2, 3, 4, 5, 6, 7, 8, 9, 10, 11, 12, 13, 14, 15, 16, 17, 18, 19, 20, 21, 22, 23, 24, 25, 26, 27, 28, 29, 30, 31, 32, 33, 34, 35, 36, 37, 38, 39, 40, 41, 42, 43, 44, 45, 46, 47, 48, 49, 50, 51, 52, 53, 54, 55, 56, 57, 58, 59, 60, 61, 62, 63, 64, 65, 66, 67, 68, 69, 70, 71, 72, 73, 74, 75, 76, 77, 78, 79, 80, 81, 82, 83, 84, 85, 86, 87, 88, 89, 90, 91, 92, 93, 94, 95, 96, 97, 98, 99, 100, 101, 102, 103, 104, 105, 106, 107, 108, 109, 110, 111, 112, 113, 114, 115, 116, 117, 118, 119, 120, 121, 122, 123, 124, 125, 126, 127, 128, 129, 130, 131, 132, 133, 134, 135, 136, 137, 138, 139, 140, 141, 142, 143, 144, 145, 146, 147, 148, 149, 150, 151, 152, 153, 154, 155, 156, 157, 158, 159, 160, 161, 162, 163, 164, 165, 166, 167, 168, 169, 170, 171, 172, 173, 174, 175, 176, 177, 178, 179, 180, 181, 182, 183, 184, 185, 186, 187, 188, 189, 190, 191], 1:[], 2:[], 3:[], 4:[], 5:[], 6:[], 7:[], 8:[], 9:[], 10:[], 11:[], 12:[], 13:[], 14:[], 15:[], 16:[], 17:[], 18:[], 19:[], 20:[], 21:[], 22:[], 23:[], 24:[], 25:[], 26:[], 27:[], 28:[], 29:[], 30:[], 31:[], 32:[], 33:[], 34:[], 35:[], 36:[], 37:[], 38:[], 39:[], 40:[], 41:[], 42:[], 43:[], 44:[], 45:[], 46:[], 47:[], 48:[], 49:[], 50:[], 51:[], 52:[], 53:[], 54:[], 55:[], 56:[], 57:[], 58:[], 59:[], 60:[], 61:[], 62:[], 63:[], 64:[], 65:[], 66:[], 67:[], 68:[], 69:[], 70:[], 71:[], 72:[], 73:[], 74:[], 75:[], 76:[], 77:[], 78:[], 79:[], 80:[], 81:[], 82:[], 83:[], 84:[], 85:[], 86:[], 87:[], 88:[], 89:[], 90:[], 91:[], 92:[], 93:[], 94:[], 95:[], 96:[], 97:[], 98:[], 99:[], 100:[], 101:[], 102:[], 103:[], 104:[], 105:[], 106:[], 107:[], 108:[], 109:[], 110:[], 111:[], 112:[], 113:[], 114:[], 115:[], 116:[], 117:[], 118:[], 119:[], 120:[], 121:[], 122:[], 123:[], 124:[], 125:[], 126:[], 127:[], 128:[], 129:[], 130:[], 131:[], 132:[], 133:[], 134:[], 135:[], 136:[], 137:[], 138:[], 139:[], 140:[], 141:[], 142:[], 143:[], 144:[], 145:[], 146:[], 147:[], 148:[], 149:[], 150:[], 151:[], 152:[], 153:[], 154:[], 155:[], 156:[], 157:[], 158:[], 159:[], 160:[], 161:[], 162:[], 163:[], 164:[], 165:[], 166:[], 167:[], 168:[], 169:[], 170:[], 171:[], 172:[], 173:[], 174:[], 175:[], 176:[], 177:[], 178:[], 179:[], 180:[], 181:[], 182:[], 183:[], 184:[], 185:[], 186:[], 187:[], 188:[], 189:[], 190:[], 191:[]",84389471192,80067396678
4637,2,36239.1939,34798750,519736224,4150708970,797.6986,false,194,true,true,true,true,true,false,false,"0:[0, 1, 2, 3, 4, 5, 6, 7, 8, 9, 10, 11, 12, 13, 14, 15, 16, 17, 18, 19, 20, 21, 22, 23, 24, 25, 26, 27, 28, 29, 30, 31, 32, 33, 34, 35, 36, 37, 38, 39, 40, 41, 42, 43, 44, 45, 46, 47, 48, 49, 50, 51, 52, 53, 54, 55, 56, 57, 58, 59, 60, 61, 62, 63, 64, 65, 66, 67, 68, 69, 70, 71, 72, 73, 74, 75, 76, 77, 78, 79, 80, 81, 82, 83, 84, 85, 86, 87, 88, 89, 90, 91, 92, 93, 94, 95, 96, 97, 98, 99, 100, 101, 102, 103, 104, 105, 106, 107, 108, 109, 110, 111, 112, 113, 114, 115, 116, 117, 118, 119, 120, 121, 122, 123, 124, 125, 126, 127, 128, 129, 130, 131, 132, 133, 134, 135, 136, 137, 138, 139, 140, 141, 142, 143, 144, 145, 146, 147, 148, 149, 150, 151, 152, 153, 154, 155, 156, 157, 158, 159, 160, 161, 162, 163, 164, 165, 166, 167, 168, 169, 170, 171, 172, 173, 174, 175, 176, 177, 178, 179, 180, 181, 182, 183, 184, 185, 186, 187, 188, 189, 190, 191, 192, 193], 1:[], 2:[], 3:[], 4:[], 5:[], 6:[], 7:[], 8:[], 9:[], 10:[], 11:[], 12:[], 13:[], 14:[], 15:[], 16:[], 17:[], 18:[], 19:[], 20:[], 21:[], 22:[], 23:[], 24:[], 25:[], 26:[], 27:[], 28:[], 29:[], 30:[], 31:[], 32:[], 33:[], 34:[], 35:[], 36:[], 37:[], 38:[], 39:[], 40:[], 41:[], 42:[], 43:[], 44:[], 45:[], 46:[], 47:[], 48:[], 49:[], 50:[], 51:[], 52:[], 53:[], 54:[], 55:[], 56:[], 57:[], 58:[], 59:[], 60:[], 61:[], 62:[], 63:[], 64:[], 65:[], 66:[], 67:[], 68:[], 69:[], 70:[], 71:[], 72:[], 73:[], 74:[], 75:[], 76:[], 77:[], 78:[], 79:[], 80:[], 81:[], 82:[], 83:[], 84:[], 85:[], 86:[], 87:[], 88:[], 89:[], 90:[], 91:[], 92:[], 93:[], 94:[], 95:[], 96:[], 97:[], 98:[], 99:[], 100:[], 101:[], 102:[], 103:[], 104:[], 105:[], 106:[], 107:[], 108:[], 109:[], 110:[], 111:[], 112:[], 113:[], 114:[], 115:[], 116:[], 117:[], 118:[], 119:[], 120:[], 121:[], 122:[], 123:[], 124:[], 125:[], 126:[], 127:[], 128:[], 129:[], 130:[], 131:[], 132:[], 133:[], 134:[], 135:[], 136:[], 137:[], 138:[], 139:[], 140:[], 141:[], 142:[], 143:[], 144:[], 145:[], 146:[], 147:[], 148:[], 149:[], 150:[], 151:[], 152:[], 153:[], 154:[], 155:[], 156:[], 157:[], 158:[], 159:[], 160:[], 161:[], 162:[], 163:[], 164:[], 165:[], 166:[], 167:[], 168:[], 169:[], 170:[], 171:[], 172:[], 173:[], 174:[], 175:[], 176:[], 177:[], 178:[], 179:[], 180:[], 181:[], 182:[], 183:[], 184:[], 185:[], 186:[], 187:[], 188:[], 189:[], 190:[], 191:[], 192:[], 193:[]",84826870144,80703114112
4639,3,37273.5632,34843720,520407628,4156069107,850.2857,false,193,true,true,true,true,true,false,false,"0:[0, 1, 2, 3, 4, 5, 6, 7, 8, 9, 10, 11, 12, 13, 14, 15, 16, 17, 18, 19, 20, 21, 22, 23, 24, 25, 26, 27, 28, 29, 30, 31, 32, 33, 34, 35, 36, 37, 38, 39, 40, 41, 42, 43, 44, 45, 46, 47, 48, 49, 50, 51, 52, 53, 54, 55, 56, 57, 58, 59, 60, 61, 62, 63, 64, 65, 66, 67, 68, 69, 70, 71, 72, 73, 74, 75, 76, 77, 78, 79, 80, 81, 82, 83, 84, 85, 86, 87, 88, 89, 90, 91, 92, 93, 94, 95, 96, 97, 98, 99, 100, 101, 102, 103, 104, 105, 106, 107, 108, 109, 110, 111, 112, 113, 114, 115, 116, 117, 118, 119, 120, 121, 122, 123, 124, 125, 126, 127, 128, 129, 130, 131, 132, 133, 134, 135, 136, 137, 138, 139, 140, 141, 142, 143, 144, 145, 146, 147, 148, 149, 150, 151, 152, 153, 154, 155, 156, 157, 158, 159, 160, 161, 162, 163, 164, 165, 166, 167, 168, 169, 170, 171, 172, 173, 174, 175, 176, 177, 178, 179, 180, 181, 182, 183, 184, 185, 186, 187, 188, 189, 190, 191, 192], 1:[], 2:[], 3:[], 4:[], 5:[], 6:[], 7:[], 8:[], 9:[], 10:[], 11:[], 12:[], 13:[], 14:[], 15:[], 16:[], 17:[], 18:[], 19:[], 20:[], 21:[], 22:[], 23:[], 24:[], 25:[], 26:[], 27:[], 28:[], 29:[], 30:[], 31:[], 32:[], 33:[], 34:[], 35:[], 36:[], 37:[], 38:[], 39:[], 40:[], 41:[], 42:[], 43:[], 44:[], 45:[], 46:[], 47:[], 48:[], 49:[], 50:[], 51:[], 52:[], 53:[], 54:[], 55:[], 56:[], 57:[], 58:[], 59:[], 60:[], 61:[], 62:[], 63:[], 64:[], 65:[], 66:[], 67:[], 68:[], 69:[], 70:[], 71:[], 72:[], 73:[], 74:[], 75:[], 76:[], 77:[], 78:[], 79:[], 80:[], 81:[], 82:[], 83:[], 84:[], 85:[], 86:[], 87:[], 88:[], 89:[], 90:[], 91:[], 92:[], 93:[], 94:[], 95:[], 96:[], 97:[], 98:[], 99:[], 100:[], 101:[], 102:[], 103:[], 104:[], 105:[], 106:[], 107:[], 108:[], 109:[], 110:[], 111:[], 112:[], 113:[], 114:[], 115:[], 116:[], 117:[], 118:[], 119:[], 120:[], 121:[], 122:[], 123:[], 124:[], 125:[], 126:[], 127:[], 128:[], 129:[], 130:[], 131:[], 132:[], 133:[], 134:[], 135:[], 136:[], 137:[], 138:[], 139:[], 140:[], 141:[], 142:[], 143:[], 144:[], 145:[], 146:[], 147:[], 148:[], 149:[], 150:[], 151:[], 152:[], 153:[], 154:[], 155:[], 156:[], 157:[], 158:[], 159:[], 160:[], 161:[], 162:[], 163:[], 164:[], 165:[], 166:[], 167:[], 168:[], 169:[], 170:[], 171:[], 172:[], 173:[], 174:[], 175:[], 176:[], 177:[], 178:[], 179:[], 180:[], 181:[], 182:[], 183:[], 184:[], 185:[], 186:[], 187:[], 188:[], 189:[], 190:[], 191:[], 192:[]",84881661744,80782709932
4643,2,33465.0127,34933774,521754628,4166833067,809.8926,false,193,true,true,true,true,true,false,false,"0:[0, 1, 2, 3, 4, 5, 6, 7, 8, 9, 10, 11, 12, 13, 14, 15, 16, 17, 18, 19, 20, 21, 22, 23, 24, 25, 26, 27, 28, 29, 30, 31, 32, 33, 34, 35, 36, 37, 38, 39, 40, 41, 42, 43, 44, 45, 46, 47, 48, 49, 50, 51, 52, 53, 54, 55, 56, 57, 58, 59, 60, 61, 62, 63, 64, 65, 66, 67, 68, 69, 70, 71, 72, 73, 74, 75, 76, 77, 78, 79, 80, 81, 82, 83, 84, 85, 86, 87, 88, 89, 90, 91, 92, 93, 94, 95, 96, 97, 98, 99, 100, 101, 102, 103, 104, 105, 106, 107, 108, 109, 110, 111, 112, 113, 114, 115, 116, 117, 118, 119, 120, 121, 122, 123, 124, 125, 126, 127, 128, 129, 130, 131, 132, 133, 134, 135, 136, 137, 138, 139, 140, 141, 142, 143, 144, 145, 146, 147, 148, 149, 150, 151, 152, 153, 154, 155, 156, 157, 158, 159, 160, 161, 162, 163, 164, 165, 166, 167, 168, 169, 170, 171, 172, 173, 174, 175, 176, 177, 178, 179, 180, 181, 182, 183, 184, 185, 186, 187, 188, 189, 190, 191, 192], 1:[], 2:[], 3:[], 4:[], 5:[], 6:[], 7:[], 8:[], 9:[], 10:[], 11:[], 12:[], 13:[], 14:[], 15:[], 16:[], 17:[], 18:[], 19:[], 20:[], 21:[], 22:[], 23:[], 24:[], 25:[], 26:[], 27:[], 28:[], 29:[], 30:[], 31:[], 32:[], 33:[], 34:[], 35:[], 36:[], 37:[], 38:[], 39:[], 40:[], 41:[], 42:[], 43:[], 44:[], 45:[], 46:[], 47:[], 48:[], 49:[], 50:[], 51:[], 52:[], 53:[], 54:[], 55:[], 56:[], 57:[], 58:[], 59:[], 60:[], 61:[], 62:[], 63:[], 64:[], 65:[], 66:[], 67:[], 68:[], 69:[], 70:[], 71:[], 72:[], 73:[], 74:[], 75:[], 76:[], 77:[], 78:[], 79:[], 80:[], 81:[], 82:[], 83:[], 84:[], 85:[], 86:[], 87:[], 88:[], 89:[], 90:[], 91:[], 92:[], 93:[], 94:[], 95:[], 96:[], 97:[], 98:[], 99:[], 100:[], 101:[], 102:[], 103:[], 104:[], 105:[], 106:[], 107:[], 108:[], 109:[], 110:[], 111:[], 112:[], 113:[], 114:[], 115:[], 116:[], 117:[], 118:[], 119:[], 120:[], 121:[], 122:[], 123:[], 124:[], 125:[], 126:[], 127:[], 128:[], 129:[], 130:[], 131:[], 132:[], 133:[], 134:[], 135:[], 136:[], 137:[], 138:[], 139:[], 140:[], 141:[], 142:[], 143:[], 144:[], 145:[], 146:[], 147:[], 148:[], 149:[], 150:[], 151:[], 152:[], 153:[], 154:[], 155:[], 156:[], 157:[], 158:[], 159:[], 160:[], 161:[], 162:[], 163:[], 164:[], 165:[], 166:[], 167:[], 168:[], 169:[], 170:[], 171:[], 172:[], 173:[], 174:[], 175:[], 176:[], 177:[], 178:[], 179:[], 180:[], 181:[], 182:[], 183:[], 184:[], 185:[], 186:[], 187:[], 188:[], 189:[], 190:[], 191:[], 192:[]",84991583040,80942470740
4649,3,36979.9130,35069148,523780562,4183026473,819.9675,false,194,true,true,true,true,true,false,false,"0:[0, 1, 2, 3, 4, 5, 6, 7, 8, 9, 10, 11, 12, 13, 14, 15, 16, 17, 18, 19, 20, 21, 22, 23, 24, 25, 26, 27, 28, 29, 30, 31, 32, 33, 34, 35, 36, 37, 38, 39, 40, 41, 42, 43, 44, 45, 46, 47, 48, 49, 50, 51, 52, 53, 54, 55, 56, 57, 58, 59, 60, 61, 62, 63, 64, 65, 66, 67, 68, 69, 70, 71, 72, 73, 74, 75, 76, 77, 78, 79, 80, 81, 82, 83, 84, 85, 86, 87, 88, 89, 90, 91, 92, 93, 94, 95, 96, 97, 98, 99, 100, 101, 102, 103, 104, 105, 106, 107, 108, 109, 110, 111, 112, 113, 114, 115, 116, 117, 118, 119, 120, 121, 122, 123, 124, 125, 126, 127, 128, 129, 130, 131, 132, 133, 134, 135, 136, 137, 138, 139, 140, 141, 142, 143, 144, 145, 146, 147, 148, 149, 150, 151, 152, 153, 154, 155, 156, 157, 158, 159, 160, 161, 162, 163, 164, 165, 166, 167, 168, 169, 170, 171, 172, 173, 174, 175, 176, 177, 178, 179, 180, 181, 182, 183, 184, 185, 186, 187, 188, 189, 190, 191, 192, 193], 1:[], 2:[], 3:[], 4:[], 5:[], 6:[], 7:[], 8:[], 9:[], 10:[], 11:[], 12:[], 13:[], 14:[], 15:[], 16:[], 17:[], 18:[], 19:[], 20:[], 21:[], 22:[], 23:[], 24:[], 25:[], 26:[], 27:[], 28:[], 29:[], 30:[], 31:[], 32:[], 33:[], 34:[], 35:[], 36:[], 37:[], 38:[], 39:[], 40:[], 41:[], 42:[], 43:[], 44:[], 45:[], 46:[], 47:[], 48:[], 49:[], 50:[], 51:[], 52:[], 53:[], 54:[], 55:[], 56:[], 57:[], 58:[], 59:[], 60:[], 61:[], 62:[], 63:[], 64:[], 65:[], 66:[], 67:[], 68:[], 69:[], 70:[], 71:[], 72:[], 73:[], 74:[], 75:[], 76:[], 77:[], 78:[], 79:[], 80:[], 81:[], 82:[], 83:[], 84:[], 85:[], 86:[], 87:[], 88:[], 89:[], 90:[], 91:[], 92:[], 93:[], 94:[], 95:[], 96:[], 97:[], 98:[], 99:[], 100:[], 101:[], 102:[], 103:[], 104:[], 105:[], 106:[], 107:[], 108:[], 109:[], 110:[], 111:[], 112:[], 113:[], 114:[], 115:[], 116:[], 117:[], 118:[], 119:[], 120:[], 121:[], 122:[], 123:[], 124:[], 125:[], 126:[], 127:[], 128:[], 129:[], 130:[], 131:[], 132:[], 133:[], 134:[], 135:[], 136:[], 137:[], 138:[], 139:[], 140:[], 141:[], 142:[], 143:[], 144:[], 145:[], 146:[], 147:[], 148:[], 149:[], 150:[], 151:[], 152:[], 153:[], 154:[], 155:[], 156:[], 157:[], 158:[], 159:[], 160:[], 161:[], 162:[], 163:[], 164:[], 165:[], 166:[], 167:[], 168:[], 169:[], 170:[], 171:[], 172:[], 173:[], 174:[], 175:[], 176:[], 177:[], 178:[], 179:[], 180:[], 181:[], 182:[], 183:[], 184:[], 185:[], 186:[], 187:[], 188:[], 189:[], 190:[], 191:[], 192:[], 193:[]",85156906736,81182790634
4651,2,32945.0036,35114349,524455497,4188415168,1032.0575,false,194,true,true,true,true,true,false,false,"0:[0, 1, 2, 3, 4, 5, 6, 7, 8, 9, 10, 11, 12, 13, 14, 15, 16, 17, 18, 19, 20, 21, 22, 23, 24, 25, 26, 27, 28, 29, 30, 31, 32, 33, 34, 35, 36, 37, 38, 39, 40, 41, 42, 43, 44, 45, 46, 47, 48, 49, 50, 51, 52, 53, 54, 55, 56, 57, 58, 59, 60, 61, 62, 63, 64, 65, 66, 67, 68, 69, 70, 71, 72, 73, 74, 75, 76, 77, 78, 79, 80, 81, 82, 83, 84, 85, 86, 87, 88, 89, 90, 91, 92, 93, 94, 95, 96, 97, 98, 99, 100, 101, 102, 103, 104, 105, 106, 107, 108, 109, 110, 111, 112, 113, 114, 115, 116, 117, 118, 119, 120, 121, 122, 123, 124, 125, 126, 127, 128, 129, 130, 131, 132, 133, 134, 135, 136, 137, 138, 139, 140, 141, 142, 143, 144, 145, 146, 147, 148, 149, 150, 151, 152, 153, 154, 155, 156, 157, 158, 159, 160, 161, 162, 163, 164, 165, 166, 167, 168, 169, 170, 171, 172, 173, 174, 175, 176, 177, 178, 179, 180, 181, 182, 183, 184, 185, 186, 187, 188, 189, 190, 191, 192, 193], 1:[], 2:[], 3:[], 4:[], 5:[], 6:[], 7:[], 8:[], 9:[], 10:[], 11:[], 12:[], 13:[], 14:[], 15:[], 16:[], 17:[], 18:[], 19:[], 20:[], 21:[], 22:[], 23:[], 24:[], 25:[], 26:[], 27:[], 28:[], 29:[], 30:[], 31:[], 32:[], 33:[], 34:[], 35:[], 36:[], 37:[], 38:[], 39:[], 40:[], 41:[], 42:[], 43:[], 44:[], 45:[], 46:[], 47:[], 48:[], 49:[], 50:[], 51:[], 52:[], 53:[], 54:[], 55:[], 56:[], 57:[], 58:[], 59:[], 60:[], 61:[], 62:[], 63:[], 64:[], 65:[], 66:[], 67:[], 68:[], 69:[], 70:[], 71:[], 72:[], 73:[], 74:[], 75:[], 76:[], 77:[], 78:[], 79:[], 80:[], 81:[], 82:[], 83:[], 84:[], 85:[], 86:[], 87:[], 88:[], 89:[], 90:[], 91:[], 92:[], 93:[], 94:[], 95:[], 96:[], 97:[], 98:[], 99:[], 100:[], 101:[], 102:[], 103:[], 104:[], 105:[], 106:[], 107:[], 108:[], 109:[], 110:[], 111:[], 112:[], 113:[], 114:[], 115:[], 116:[], 117:[], 118:[], 119:[], 120:[], 121:[], 122:[], 123:[], 124:[], 125:[], 126:[], 127:[], 128:[], 129:[], 130:[], 131:[], 132:[], 133:[], 134:[], 135:[], 136:[], 137:[], 138:[], 139:[], 140:[], 141:[], 142:[], 143:[], 144:[], 145:[], 146:[], 147:[], 148:[], 149:[], 150:[], 151:[], 152:[], 153:[], 154:[], 155:[], 156:[], 157:[], 158:[], 159:[], 160:[], 161:[], 162:[], 163:[], 164:[], 165:[], 166:[], 167:[], 168:[], 169:[], 170:[], 171:[], 172:[], 173:[], 174:[], 175:[], 176:[], 177:[], 178:[], 179:[], 180:[], 181:[], 182:[], 183:[], 184:[], 185:[], 186:[], 187:[], 188:[], 189:[], 190:[], 191:[], 192:[], 193:[]",85211986360,81262805701
4657,5,41831.3504,35250188,526488407,4204664374,918.6984,false,194,true,true,true,true,true,false,false,"0:[0, 1, 2, 3, 4, 5, 6, 7, 8, 9, 10, 11, 12, 13, 14, 15, 16, 17, 18, 19, 20, 21, 22, 23, 24, 25, 26, 27, 28, 29, 30, 31, 32, 33, 34, 35, 36, 37, 38, 39, 40, 41, 42, 43, 44, 45, 46, 47, 48, 49, 50, 51, 52, 53, 54, 55, 56, 57, 58, 59, 60, 61, 62, 63, 64, 65, 66, 67, 68, 69, 70, 71, 72, 73, 74, 75, 76, 77, 78, 79, 80, 81, 82, 83, 84, 85, 86, 87, 88, 89, 90, 91, 92, 93, 94, 95, 96, 97, 98, 99, 100, 101, 102, 103, 104, 105, 106, 107, 108, 109, 110, 111, 112, 113, 114, 115, 116, 117, 118, 119, 120, 121, 122, 123, 124, 125, 126, 127, 128, 129, 130, 131, 132, 133, 134, 135, 136, 137, 138, 139, 140, 141, 142, 143, 144, 145, 146, 147, 148, 149, 150, 151, 152, 153, 154, 155, 156, 157, 158, 159, 160, 161, 162, 163, 164, 165, 166, 167, 168, 169, 170, 171, 172, 173, 174, 175, 176, 177, 178, 179, 180, 181, 182, 183, 184, 185, 186, 187, 188, 189, 190, 191, 192, 193], 1:[], 2:[], 3:[], 4:[], 5:[], 6:[], 7:[], 8:[], 9:[], 10:[], 11:[], 12:[], 13:[], 14:[], 15:[], 16:[], 17:[], 18:[], 19:[], 20:[], 21:[], 22:[], 23:[], 24:[], 25:[], 26:[], 27:[], 28:[], 29:[], 30:[], 31:[], 32:[], 33:[], 34:[], 35:[], 36:[], 37:[], 38:[], 39:[], 40:[], 41:[], 42:[], 43:[], 44:[], 45:[], 46:[], 47:[], 48:[], 49:[], 50:[], 51:[], 52:[], 53:[], 54:[], 55:[], 56:[], 57:[], 58:[], 59:[], 60:[], 61:[], 62:[], 63:[], 64:[], 65:[], 66:[], 67:[], 68:[], 69:[], 70:[], 71:[], 72:[], 73:[], 74:[], 75:[], 76:[], 77:[], 78:[], 79:[], 80:[], 81:[], 82:[], 83:[], 84:[], 85:[], 86:[], 87:[], 88:[], 89:[], 90:[], 91:[], 92:[], 93:[], 94:[], 95:[], 96:[], 97:[], 98:[], 99:[], 100:[], 101:[], 102:[], 103:[], 104:[], 105:[], 106:[], 107:[], 108:[], 109:[], 110:[], 111:[], 112:[], 113:[], 114:[], 115:[], 116:[], 117:[], 118:[], 119:[], 120:[], 121:[], 122:[], 123:[], 124:[], 125:[], 126:[], 127:[], 128:[], 129:[], 130:[], 131:[], 132:[], 133:[], 134:[], 135:[], 136:[], 137:[], 138:[], 139:[], 140:[], 141:[], 142:[], 143:[], 144:[], 145:[], 146:[], 147:[], 148:[], 149:[], 150:[], 151:[], 152:[], 153:[], 154:[], 155:[], 156:[], 157:[], 158:[], 159:[], 160:[], 161:[], 162:[], 163:[], 164:[], 165:[], 166:[], 167:[], 168:[], 169:[], 170:[], 171:[], 172:[], 173:[], 174:[], 175:[], 176:[], 177:[], 178:[], 179:[], 180:[], 181:[], 182:[], 183:[], 184:[], 185:[], 186:[], 187:[], 188:[], 189:[], 190:[], 191:[], 192:[], 193:[]",85377879296,81503953523
4663,3,42995.3107,35386377,528524270,4220928150,990.8995,false,195,true,true,true,true,true,false,false,"0:[0, 1, 2, 3, 4, 5, 6, 7, 8, 9, 10, 11, 12, 13, 14, 15, 16, 17, 18, 19, 20, 21, 22, 23, 24, 25, 26, 27, 28, 29, 30, 31, 32, 33, 34, 35, 36, 37, 38, 39, 40, 41, 42, 43, 44, 45, 46, 47, 48, 49, 50, 51, 52, 53, 54, 55, 56, 57, 58, 59, 60, 61, 62, 63, 64, 65, 66, 67, 68, 69, 70, 71, 72, 73, 74, 75, 76, 77, 78, 79, 80, 81, 82, 83, 84, 85, 86, 87, 88, 89, 90, 91, 92, 93, 94, 95, 96, 97, 98, 99, 100, 101, 102, 103, 104, 105, 106, 107, 108, 109, 110, 111, 112, 113, 114, 115, 116, 117, 118, 119, 120, 121, 122, 123, 124, 125, 126, 127, 128, 129, 130, 131, 132, 133, 134, 135, 136, 137, 138, 139, 140, 141, 142, 143, 144, 145, 146, 147, 148, 149, 150, 151, 152, 153, 154, 155, 156, 157, 158, 159, 160, 161, 162, 163, 164, 165, 166, 167, 168, 169, 170, 171, 172, 173, 174, 175, 176, 177, 178, 179, 180, 181, 182, 183, 184, 185, 186, 187, 188, 189, 190, 191, 192, 193, 194], 1:[], 2:[], 3:[], 4:[], 5:[], 6:[], 7:[], 8:[], 9:[], 10:[], 11:[], 12:[], 13:[], 14:[], 15:[], 16:[], 17:[], 18:[], 19:[], 20:[], 21:[], 22:[], 23:[], 24:[], 25:[], 26:[], 27:[], 28:[], 29:[], 30:[], 31:[], 32:[], 33:[], 34:[], 35:[], 36:[], 37:[], 38:[], 39:[], 40:[], 41:[], 42:[], 43:[], 44:[], 45:[], 46:[], 47:[], 48:[], 49:[], 50:[], 51:[], 52:[], 53:[], 54:[], 55:[], 56:[], 57:[], 58:[], 59:[], 60:[], 61:[], 62:[], 63:[], 64:[], 65:[], 66:[], 67:[], 68:[], 69:[], 70:[], 71:[], 72:[], 73:[], 74:[], 75:[], 76:[], 77:[], 78:[], 79:[], 80:[], 81:[], 82:[], 83:[], 84:[], 85:[], 86:[], 87:[], 88:[], 89:[], 90:[], 91:[], 92:[], 93:[], 94:[], 95:[], 96:[], 97:[], 98:[], 99:[], 100:[], 101:[], 102:[], 103:[], 104:[], 105:[], 106:[], 107:[], 108:[], 109:[], 110:[], 111:[], 112:[], 113:[], 114:[], 115:[], 116:[], 117:[], 118:[], 119:[], 120:[], 121:[], 122:[], 123:[], 124:[], 125:[], 126:[], 127:[], 128:[], 129:[], 130:[], 131:[], 132:[], 133:[], 134:[], 135:[], 136:[], 137:[], 138:[], 139:[], 140:[], 141:[], 142:[], 143:[], 144:[], 145:[], 146:[], 147:[], 148:[], 149:[], 150:[], 151:[], 152:[], 153:[], 154:[], 155:[], 156:[], 157:[], 158:[], 159:[], 160:[], 161:[], 162:[], 163:[], 164:[], 165:[], 166:[], 167:[], 168:[], 169:[], 170:[], 171:[], 172:[], 173:[], 174:[], 175:[], 176:[], 177:[], 178:[], 179:[], 180:[], 181:[], 182:[], 183:[], 184:[], 185:[], 186:[], 187:[], 188:[], 189:[], 190:[], 191:[], 192:[], 193:[], 194:[]",85544016872,81745380750
4673,3,41216.1128,35614137,531932101,4248164327,988.8612,false,194,true,true,true,true,true,false,false,"0:[0, 1, 2, 3, 4, 5, 6, 7, 8, 9, 10, 11, 12, 13, 14, 15, 16, 17, 18, 19, 20, 21, 22, 23, 24, 25, 26, 27, 28, 29, 30, 31, 32, 33, 34, 35, 36, 37, 38, 39, 40, 41, 42, 43, 44, 45, 46, 47, 48, 49, 50, 51, 52, 53, 54, 55, 56, 57, 58, 59, 60, 61, 62, 63, 64, 65, 66, 67, 68, 69, 70, 71, 72, 73, 74, 75, 76, 77, 78, 79, 80, 81, 82, 83, 84, 85, 86, 87, 88, 89, 90, 91, 92, 93, 94, 95, 96, 97, 98, 99, 100, 101, 102, 103, 104, 105, 106, 107, 108, 109, 110, 111, 112, 113, 114, 115, 116, 117, 118, 119, 120, 121, 122, 123, 124, 125, 126, 127, 128, 129, 130, 131, 132, 133, 134, 135, 136, 137, 138, 139, 140, 141, 142, 143, 144, 145, 146, 147, 148, 149, 150, 151, 152, 153, 154, 155, 156, 157, 158, 159, 160, 161, 162, 163, 164, 165, 166, 167, 168, 169, 170, 171, 172, 173, 174, 175, 176, 177, 178, 179, 180, 181, 182, 183, 184, 185, 186, 187, 188, 189, 190, 191, 192, 193], 1:[], 2:[], 3:[], 4:[], 5:[], 6:[], 7:[], 8:[], 9:[], 10:[], 11:[], 12:[], 13:[], 14:[], 15:[], 16:[], 17:[], 18:[], 19:[], 20:[], 21:[], 22:[], 23:[], 24:[], 25:[], 26:[], 27:[], 28:[], 29:[], 30:[], 31:[], 32:[], 33:[], 34:[], 35:[], 36:[], 37:[], 38:[], 39:[], 40:[], 41:[], 42:[], 43:[], 44:[], 45:[], 46:[], 47:[], 48:[], 49:[], 50:[], 51:[], 52:[], 53:[], 54:[], 55:[], 56:[], 57:[], 58:[], 59:[], 60:[], 61:[], 62:[], 63:[], 64:[], 65:[], 66:[], 67:[], 68:[], 69:[], 70:[], 71:[], 72:[], 73:[], 74:[], 75:[], 76:[], 77:[], 78:[], 79:[], 80:[], 81:[], 82:[], 83:[], 84:[], 85:[], 86:[], 87:[], 88:[], 89:[], 90:[], 91:[], 92:[], 93:[], 94:[], 95:[], 96:[], 97:[], 98:[], 99:[], 100:[], 101:[], 102:[], 103:[], 104:[], 105:[], 106:[], 107:[], 108:[], 109:[], 110:[], 111:[], 112:[], 113:[], 114:[], 115:[], 116:[], 117:[], 118:[], 119:[], 120:[], 121:[], 122:[], 123:[], 124:[], 125:[], 126:[], 127:[], 128:[], 129:[], 130:[], 131:[], 132:[], 133:[], 134:[], 135:[], 136:[], 137:[], 138:[], 139:[], 140:[], 141:[], 142:[], 143:[], 144:[], 145:[], 146:[], 147:[], 148:[], 149:[], 150:[], 151:[], 152:[], 153:[], 154:[], 155:[], 156:[], 157:[], 158:[], 159:[], 160:[], 161:[], 162:[], 163:[], 164:[], 165:[], 166:[], 167:[], 168:[], 169:[], 170:[], 171:[], 172:[], 173:[], 174:[], 175:[], 176:[], 177:[], 178:[], 179:[], 180:[], 181:[], 182:[], 183:[], 184:[], 185:[], 186:[], 187:[], 188:[], 189:[], 190:[], 191:[], 192:[], 193:[]",85822109592,82149600337
4679,11,36454.6728,35751262,533981850,4264538358,838.8499,false,194,true,true,true,true,true,false,false,"0:[0, 1, 2, 3, 4, 5, 6, 7, 8, 9, 10, 11, 12, 13, 14, 15, 16, 17, 18, 19, 20, 21, 22, 23, 24, 25, 26, 27, 28, 29, 30, 31, 32, 33, 34, 35, 36, 37, 38, 39, 40, 41, 42, 43, 44, 45, 46, 47, 48, 49, 50, 51, 52, 53, 54, 55, 56, 57, 58, 59, 60, 61, 62, 63, 64, 65, 66, 67, 68, 69, 70, 71, 72, 73, 74, 75, 76, 77, 78, 79, 80, 81, 82, 83, 84, 85, 86, 87, 88, 89, 90, 91, 92, 93, 94, 95, 96, 97, 98, 99, 100, 101, 102, 103, 104, 105, 106, 107, 108, 109, 110, 111, 112, 113, 114, 115, 116, 117, 118, 119, 120, 121, 122, 123, 124, 125, 126, 127, 128, 129, 130, 131, 132, 133, 134, 135, 136, 137, 138, 139, 140, 141, 142, 143, 144, 145, 146, 147, 148, 149, 150, 151, 152, 153, 154, 155, 156, 157, 158, 159, 160, 161, 162, 163, 164, 165, 166, 167, 168, 169, 170, 171, 172, 173, 174, 175, 176, 177, 178, 179, 180, 181, 182, 183, 184, 185, 186, 187, 188, 189, 190, 191, 192, 193], 1:[], 2:[], 3:[], 4:[], 5:[], 6:[], 7:[], 8:[], 9:[], 10:[], 11:[], 12:[], 13:[], 14:[], 15:[], 16:[], 17:[], 18:[], 19:[], 20:[], 21:[], 22:[], 23:[], 24:[], 25:[], 26:[], 27:[], 28:[], 29:[], 30:[], 31:[], 32:[], 33:[], 34:[], 35:[], 36:[], 37:[], 38:[], 39:[], 40:[], 41:[], 42:[], 43:[], 44:[], 45:[], 46:[], 47:[], 48:[], 49:[], 50:[], 51:[], 52:[], 53:[], 54:[], 55:[], 56:[], 57:[], 58:[], 59:[], 60:[], 61:[], 62:[], 63:[], 64:[], 65:[], 66:[], 67:[], 68:[], 69:[], 70:[], 71:[], 72:[], 73:[], 74:[], 75:[], 76:[], 77:[], 78:[], 79:[], 80:[], 81:[], 82:[], 83:[], 84:[], 85:[], 86:[], 87:[], 88:[], 89:[], 90:[], 91:[], 92:[], 93:[], 94:[], 95:[], 96:[], 97:[], 98:[], 99:[], 100:[], 101:[], 102:[], 103:[], 104:[], 105:[], 106:[], 107:[], 108:[], 109:[], 110:[], 111:[], 112:[], 113:[], 114:[], 115:[], 116:[], 117:[], 118:[], 119:[], 120:[], 121:[], 122:[], 123:[], 124:[], 125:[], 126:[], 127:[], 128:[], 129:[], 130:[], 131:[], 132:[], 133:[], 134:[], 135:[], 136:[], 137:[], 138:[], 139:[], 140:[], 141:[], 142:[], 143:[], 144:[], 145:[], 146:[], 147:[], 148:[], 149:[], 150:[], 151:[], 152:[], 153:[], 154:[], 155:[], 156:[], 157:[], 158:[], 159:[], 160:[], 161:[], 162:[], 163:[], 164:[], 165:[], 166:[], 167:[], 168:[], 169:[], 170:[], 171:[], 172:[], 173:[], 174:[], 175:[], 176:[], 177:[], 178:[], 179:[], 180:[], 181:[], 182:[], 183:[], 184:[], 185:[], 186:[], 187:[], 188:[], 189:[], 190:[], 191:[], 192:[], 193:[]",85989380512,82392672802
4691,2,34430.4615,36026564,538099732,4297444285,869.0150,false,196,true,true,true,true,true,false,false,"0:[0, 1, 2, 3, 4, 5, 6, 7, 8, 9, 10, 11, 12, 13, 14, 15, 16, 17, 18, 19, 20, 21, 22, 23, 24, 25, 26, 27, 28, 29, 30, 31, 32, 33, 34, 35, 36, 37, 38, 39, 40, 41, 42, 43, 44, 45, 46, 47, 48, 49, 50, 51, 52, 53, 54, 55, 56, 57, 58, 59, 60, 61, 62, 63, 64, 65, 66, 67, 68, 69, 70, 71, 72, 73, 74, 75, 76, 77, 78, 79, 80, 81, 82, 83, 84, 85, 86, 87, 88, 89, 90, 91, 92, 93, 94, 95, 96, 97, 98, 99, 100, 101, 102, 103, 104, 105, 106, 107, 108, 109, 110, 111, 112, 113, 114, 115, 116, 117, 118, 119, 120, 121, 122, 123, 124, 125, 126, 127, 128, 129, 130, 131, 132, 133, 134, 135, 136, 137, 138, 139, 140, 141, 142, 143, 144, 145, 146, 147, 148, 149, 150, 151, 152, 153, 154, 155, 156, 157, 158, 159, 160, 161, 162, 163, 164, 165, 166, 167, 168, 169, 170, 171, 172, 173, 174, 175, 176, 177, 178, 179, 180, 181, 182, 183, 184, 185, 186, 187, 188, 189, 190, 191, 192, 193, 194, 195], 1:[], 2:[], 3:[], 4:[], 5:[], 6:[], 7:[], 8:[], 9:[], 10:[], 11:[], 12:[], 13:[], 14:[], 15:[], 16:[], 17:[], 18:[], 19:[], 20:[], 21:[], 22:[], 23:[], 24:[], 25:[], 26:[], 27:[], 28:[], 29:[], 30:[], 31:[], 32:[], 33:[], 34:[], 35:[], 36:[], 37:[], 38:[], 39:[], 40:[], 41:[], 42:[], 43:[], 44:[], 45:[], 46:[], 47:[], 48:[], 49:[], 50:[], 51:[], 52:[], 53:[], 54:[], 55:[], 56:[], 57:[], 58:[], 59:[], 60:[], 61:[], 62:[], 63:[], 64:[], 65:[], 66:[], 67:[], 68:[], 69:[], 70:[], 71:[], 72:[], 73:[], 74:[], 75:[], 76:[], 77:[], 78:[], 79:[], 80:[], 81:[], 82:[], 83:[], 84:[], 85:[], 86:[], 87:[], 88:[], 89:[], 90:[], 91:[], 92:[], 93:[], 94:[], 95:[], 96:[], 97:[], 98:[], 99:[], 100:[], 101:[], 102:[], 103:[], 104:[], 105:[], 106:[], 107:[], 108:[], 109:[], 110:[], 111:[], 112:[], 113:[], 114:[], 115:[], 116:[], 117:[], 118:[], 119:[], 120:[], 121:[], 122:[], 123:[], 124:[], 125:[], 126:[], 127:[], 128:[], 129:[], 130:[], 131:[], 132:[], 133:[], 134:[], 135:[], 136:[], 137:[], 138:[], 139:[], 140:[], 141:[], 142:[], 143:[], 144:[], 145:[], 146:[], 147:[], 148:[], 149:[], 150:[], 151:[], 152:[], 153:[], 154:[], 155:[], 156:[], 157:[], 158:[], 159:[], 160:[], 161:[], 162:[], 163:[], 164:[], 165:[], 166:[], 167:[], 168:[], 169:[], 170:[], 171:[], 172:[], 173:[], 174:[], 175:[], 176:[], 177:[], 178:[], 179:[], 180:[], 181:[], 182:[], 183:[], 184:[], 185:[], 186:[], 187:[], 188:[], 189:[], 190:[], 191:[], 192:[], 193:[], 194:[], 195:[]",86325418320,91471007572
4703,5,38382.9462,36303277,542238645,4330517872,863.3876,false,196,true,true,true,true,true,false,false,"0:[0, 1, 2, 3, 4, 5, 6, 7, 8, 9, 10, 11, 12, 13, 14, 15, 16, 17, 18, 19, 20, 21, 22, 23, 24, 25, 26, 27, 28, 29, 30, 31, 32, 33, 34, 35, 36, 37, 38, 39, 40, 41, 42, 43, 44, 45, 46, 47, 48, 49, 50, 51, 52, 53, 54, 55, 56, 57, 58, 59, 60, 61, 62, 63, 64, 65, 66, 67, 68, 69, 70, 71, 72, 73, 74, 75, 76, 77, 78, 79, 80, 81, 82, 83, 84, 85, 86, 87, 88, 89, 90, 91, 92, 93, 94, 95, 96, 97, 98, 99, 100, 101, 102, 103, 104, 105, 106, 107, 108, 109, 110, 111, 112, 113, 114, 115, 116, 117, 118, 119, 120, 121, 122, 123, 124, 125, 126, 127, 128, 129, 130, 131, 132, 133, 134, 135, 136, 137, 138, 139, 140, 141, 142, 143, 144, 145, 146, 147, 148, 149, 150, 151, 152, 153, 154, 155, 156, 157, 158, 159, 160, 161, 162, 163, 164, 165, 166, 167, 168, 169, 170, 171, 172, 173, 174, 175, 176, 177, 178, 179, 180, 181, 182, 183, 184, 185, 186, 187, 188, 189, 190, 191, 192, 193, 194, 195], 1:[], 2:[], 3:[], 4:[], 5:[], 6:[], 7:[], 8:[], 9:[], 10:[], 11:[], 12:[], 13:[], 14:[], 15:[], 16:[], 17:[], 18:[], 19:[], 20:[], 21:[], 22:[], 23:[], 24:[], 25:[], 26:[], 27:[], 28:[], 29:[], 30:[], 31:[], 32:[], 33:[], 34:[], 35:[], 36:[], 37:[], 38:[], 39:[], 40:[], 41:[], 42:[], 43:[], 44:[], 45:[], 46:[], 47:[], 48:[], 49:[], 50:[], 51:[], 52:[], 53:[], 54:[], 55:[], 56:[], 57:[], 58:[], 59:[], 60:[], 61:[], 62:[], 63:[], 64:[], 65:[], 66:[], 67:[], 68:[], 69:[], 70:[], 71:[], 72:[], 73:[], 74:[], 75:[], 76:[], 77:[], 78:[], 79:[], 80:[], 81:[], 82:[], 83:[], 84:[], 85:[], 86:[], 87:[], 88:[], 89:[], 90:[], 91:[], 92:[], 93:[], 94:[], 95:[], 96:[], 97:[], 98:[], 99:[], 100:[], 101:[], 102:[], 103:[], 104:[], 105:[], 106:[], 107:[], 108:[], 109:[], 110:[], 111:[], 112:[], 113:[], 114:[], 115:[], 116:[], 117:[], 118:[], 119:[], 120:[], 121:[], 122:[], 123:[], 124:[], 125:[], 126:[], 127:[], 128:[], 129:[], 130:[], 131:[], 132:[], 133:[], 134:[], 135:[], 136:[], 137:[], 138:[], 139:[], 140:[], 141:[], 142:[], 143:[], 144:[], 145:[], 146:[], 147:[], 148:[], 149:[], 150:[], 151:[], 152:[], 153:[], 154:[], 155:[], 156:[], 157:[], 158:[], 159:[], 160:[], 161:[], 162:[], 163:[], 164:[], 165:[], 166:[], 167:[], 168:[], 169:[], 170:[], 171:[], 172:[], 173:[], 174:[], 175:[], 176:[], 177:[], 178:[], 179:[], 180:[], 181:[], 182:[], 183:[], 184:[], 185:[], 186:[], 187:[], 188:[], 189:[], 190:[], 191:[], 192:[], 193:[], 194:[], 195:[]",86663172472,91961900833
4721,3,41749.0582,36720997,548487917,4380460023,855.6722,false,197,true,true,true,true,true,false,false,"0:[0, 1, 2, 3, 4, 5, 6, 7, 8, 9, 10, 11, 12, 13, 14, 15, 16, 17, 18, 19, 20, 21, 22, 23, 24, 25, 26, 27, 28, 29, 30, 31, 32, 33, 34, 35, 36, 37, 38, 39, 40, 41, 42, 43, 44, 45, 46, 47, 48, 49, 50, 51, 52, 53, 54, 55, 56, 57, 58, 59, 60, 61, 62, 63, 64, 65, 66, 67, 68, 69, 70, 71, 72, 73, 74, 75, 76, 77, 78, 79, 80, 81, 82, 83, 84, 85, 86, 87, 88, 89, 90, 91, 92, 93, 94, 95, 96, 97, 98, 99, 100, 101, 102, 103, 104, 105, 106, 107, 108, 109, 110, 111, 112, 113, 114, 115, 116, 117, 118, 119, 120, 121, 122, 123, 124, 125, 126, 127, 128, 129, 130, 131, 132, 133, 134, 135, 136, 137, 138, 139, 140, 141, 142, 143, 144, 145, 146, 147, 148, 149, 150, 151, 152, 153, 154, 155, 156, 157, 158, 159, 160, 161, 162, 163, 164, 165, 166, 167, 168, 169, 170, 171, 172, 173, 174, 175, 176, 177, 178, 179, 180, 181, 182, 183, 184, 185, 186, 187, 188, 189, 190, 191, 192, 193, 194, 195, 196], 1:[], 2:[], 3:[], 4:[], 5:[], 6:[], 7:[], 8:[], 9:[], 10:[], 11:[], 12:[], 13:[], 14:[], 15:[], 16:[], 17:[], 18:[], 19:[], 20:[], 21:[], 22:[], 23:[], 24:[], 25:[], 26:[], 27:[], 28:[], 29:[], 30:[], 31:[], 32:[], 33:[], 34:[], 35:[], 36:[], 37:[], 38:[], 39:[], 40:[], 41:[], 42:[], 43:[], 44:[], 45:[], 46:[], 47:[], 48:[], 49:[], 50:[], 51:[], 52:[], 53:[], 54:[], 55:[], 56:[], 57:[], 58:[], 59:[], 60:[], 61:[], 62:[], 63:[], 64:[], 65:[], 66:[], 67:[], 68:[], 69:[], 70:[], 71:[], 72:[], 73:[], 74:[], 75:[], 76:[], 77:[], 78:[], 79:[], 80:[], 81:[], 82:[], 83:[], 84:[], 85:[], 86:[], 87:[], 88:[], 89:[], 90:[], 91:[], 92:[], 93:[], 94:[], 95:[], 96:[], 97:[], 98:[], 99:[], 100:[], 101:[], 102:[], 103:[], 104:[], 105:[], 106:[], 107:[], 108:[], 109:[], 110:[], 111:[], 112:[], 113:[], 114:[], 115:[], 116:[], 117:[], 118:[], 119:[], 120:[], 121:[], 122:[], 123:[], 124:[], 125:[], 126:[], 127:[], 128:[], 129:[], 130:[], 131:[], 132:[], 133:[], 134:[], 135:[], 136:[], 137:[], 138:[], 139:[], 140:[], 141:[], 142:[], 143:[], 144:[], 145:[], 146:[], 147:[], 148:[], 149:[], 150:[], 151:[], 152:[], 153:[], 154:[], 155:[], 156:[], 157:[], 158:[], 159:[], 160:[], 161:[], 162:[], 163:[], 164:[], 165:[], 166:[], 167:[], 168:[], 169:[], 170:[], 171:[], 172:[], 173:[], 174:[], 175:[], 176:[], 177:[], 178:[], 179:[], 180:[], 181:[], 182:[], 183:[], 184:[], 185:[], 186:[], 187:[], 188:[], 189:[], 190:[], 191:[], 192:[], 193:[], 194:[], 195:[], 196:[]",90125929528,92703127865
4723,2,36099.1490,36767607,549183943,4386017386,1062.2649,false,196,true,true,true,true,true,false,false,"0:[0, 1, 2, 3, 4, 5, 6, 7, 8, 9, 10, 11, 12, 13, 14, 15, 16, 17, 18, 19, 20, 21, 22, 23, 24, 25, 26, 27, 28, 29, 30, 31, 32, 33, 34, 35, 36, 37, 38, 39, 40, 41, 42, 43, 44, 45, 46, 47, 48, 49, 50, 51, 52, 53, 54, 55, 56, 57, 58, 59, 60, 61, 62, 63, 64, 65, 66, 67, 68, 69, 70, 71, 72, 73, 74, 75, 76, 77, 78, 79, 80, 81, 82, 83, 84, 85, 86, 87, 88, 89, 90, 91, 92, 93, 94, 95, 96, 97, 98, 99, 100, 101, 102, 103, 104, 105, 106, 107, 108, 109, 110, 111, 112, 113, 114, 115, 116, 117, 118, 119, 120, 121, 122, 123, 124, 125, 126, 127, 128, 129, 130, 131, 132, 133, 134, 135, 136, 137, 138, 139, 140, 141, 142, 143, 144, 145, 146, 147, 148, 149, 150, 151, 152, 153, 154, 155, 156, 157, 158, 159, 160, 161, 162, 163, 164, 165, 166, 167, 168, 169, 170, 171, 172, 173, 174, 175, 176, 177, 178, 179, 180, 181, 182, 183, 184, 185, 186, 187, 188, 189, 190, 191, 192, 193, 194, 195], 1:[], 2:[], 3:[], 4:[], 5:[], 6:[], 7:[], 8:[], 9:[], 10:[], 11:[], 12:[], 13:[], 14:[], 15:[], 16:[], 17:[], 18:[], 19:[], 20:[], 21:[], 22:[], 23:[], 24:[], 25:[], 26:[], 27:[], 28:[], 29:[], 30:[], 31:[], 32:[], 33:[], 34:[], 35:[], 36:[], 37:[], 38:[], 39:[], 40:[], 41:[], 42:[], 43:[], 44:[], 45:[], 46:[], 47:[], 48:[], 49:[], 50:[], 51:[], 52:[], 53:[], 54:[], 55:[], 56:[], 57:[], 58:[], 59:[], 60:[], 61:[], 62:[], 63:[], 64:[], 65:[], 66:[], 67:[], 68:[], 69:[], 70:[], 71:[], 72:[], 73:[], 74:[], 75:[], 76:[], 77:[], 78:[], 79:[], 80:[], 81:[], 82:[], 83:[], 84:[], 85:[], 86:[], 87:[], 88:[], 89:[], 90:[], 91:[], 92:[], 93:[], 94:[], 95:[], 96:[], 97:[], 98:[], 99:[], 100:[], 101:[], 102:[], 103:[], 104:[], 105:[], 106:[], 107:[], 108:[], 109:[], 110:[], 111:[], 112:[], 113:[], 114:[], 115:[], 116:[], 117:[], 118:[], 119:[], 120:[], 121:[], 122:[], 123:[], 124:[], 125:[], 126:[], 127:[], 128:[], 129:[], 130:[], 131:[], 132:[], 133:[], 134:[], 135:[], 136:[], 137:[], 138:[], 139:[], 140:[], 141:[], 142:[], 143:[], 144:[], 145:[], 146:[], 147:[], 148:[], 149:[], 150:[], 151:[], 152:[], 153:[], 154:[], 155:[], 156:[], 157:[], 158:[], 159:[], 160:[], 161:[], 162:[], 163:[], 164:[], 165:[], 166:[], 167:[], 168:[], 169:[], 170:[], 171:[], 172:[], 173:[], 174:[], 175:[], 176:[], 177:[], 178:[], 179:[], 180:[], 181:[], 182:[], 183:[], 184:[], 185:[], 186:[], 187:[], 188:[], 189:[], 190:[], 191:[], 192:[], 193:[], 194:[], 195:[]",90182730248,92785644011
4729,11,49403.5762,36907675,551280214,4402773251,871.8203,false,198,true,true,true,true,true,false,false,"0:[0, 1, 2, 3, 4, 5, 6, 7, 8, 9, 10, 11, 12, 13, 14, 15, 16, 17, 18, 19, 20, 21, 22, 23, 24, 25, 26, 27, 28, 29, 30, 31, 32, 33, 34, 35, 36, 37, 38, 39, 40, 41, 42, 43, 44, 45, 46, 47, 48, 49, 50, 51, 52, 53, 54, 55, 56, 57, 58, 59, 60, 61, 62, 63, 64, 65, 66, 67, 68, 69, 70, 71, 72, 73, 74, 75, 76, 77, 78, 79, 80, 81, 82, 83, 84, 85, 86, 87, 88, 89, 90, 91, 92, 93, 94, 95, 96, 97, 98, 99, 100, 101, 102, 103, 104, 105, 106, 107, 108, 109, 110, 111, 112, 113, 114, 115, 116, 117, 118, 119, 120, 121, 122, 123, 124, 125, 126, 127, 128, 129, 130, 131, 132, 133, 134, 135, 136, 137, 138, 139, 140, 141, 142, 143, 144, 145, 146, 147, 148, 149, 150, 151, 152, 153, 154, 155, 156, 157, 158, 159, 160, 161, 162, 163, 164, 165, 166, 167, 168, 169, 170, 171, 172, 173, 174, 175, 176, 177, 178, 179, 180, 181, 182, 183, 184, 185, 186, 187, 188, 189, 190, 191, 192, 193, 194, 195, 196, 197], 1:[], 2:[], 3:[], 4:[], 5:[], 6:[], 7:[], 8:[], 9:[], 10:[], 11:[], 12:[], 13:[], 14:[], 15:[], 16:[], 17:[], 18:[], 19:[], 20:[], 21:[], 22:[], 23:[], 24:[], 25:[], 26:[], 27:[], 28:[], 29:[], 30:[], 31:[], 32:[], 33:[], 34:[], 35:[], 36:[], 37:[], 38:[], 39:[], 40:[], 41:[], 42:[], 43:[], 44:[], 45:[], 46:[], 47:[], 48:[], 49:[], 50:[], 51:[], 52:[], 53:[], 54:[], 55:[], 56:[], 57:[], 58:[], 59:[], 60:[], 61:[], 62:[], 63:[], 64:[], 65:[], 66:[], 67:[], 68:[], 69:[], 70:[], 71:[], 72:[], 73:[], 74:[], 75:[], 76:[], 77:[], 78:[], 79:[], 80:[], 81:[], 82:[], 83:[], 84:[], 85:[], 86:[], 87:[], 88:[], 89:[], 90:[], 91:[], 92:[], 93:[], 94:[], 95:[], 96:[], 97:[], 98:[], 99:[], 100:[], 101:[], 102:[], 103:[], 104:[], 105:[], 106:[], 107:[], 108:[], 109:[], 110:[], 111:[], 112:[], 113:[], 114:[], 115:[], 116:[], 117:[], 118:[], 119:[], 120:[], 121:[], 122:[], 123:[], 124:[], 125:[], 126:[], 127:[], 128:[], 129:[], 130:[], 131:[], 132:[], 133:[], 134:[], 135:[], 136:[], 137:[], 138:[], 139:[], 140:[], 141:[], 142:[], 143:[], 144:[], 145:[], 146:[], 147:[], 148:[], 149:[], 150:[], 151:[], 152:[], 153:[], 154:[], 155:[], 156:[], 157:[], 158:[], 159:[], 160:[], 161:[], 162:[], 163:[], 164:[], 165:[], 166:[], 167:[], 168:[], 169:[], 170:[], 171:[], 172:[], 173:[], 174:[], 175:[], 176:[], 177:[], 178:[], 179:[], 180:[], 181:[], 182:[], 183:[], 184:[], 185:[], 186:[], 187:[], 188:[], 189:[], 190:[], 191:[], 192:[], 193:[], 194:[], 195:[], 196:[], 197:[]",90353793560,93034307142
4733,2,36688.3393,37001250,552679936,4413958700,869.9452,false,198,true,true,true,true,true,false,false,"0:[0, 1, 2, 3, 4, 5, 6, 7, 8, 9, 10, 11, 12, 13, 14, 15, 16, 17, 18, 19, 20, 21, 22, 23, 24, 25, 26, 27, 28, 29, 30, 31, 32, 33, 34, 35, 36, 37, 38, 39, 40, 41, 42, 43, 44, 45, 46, 47, 48, 49, 50, 51, 52, 53, 54, 55, 56, 57, 58, 59, 60, 61, 62, 63, 64, 65, 66, 67, 68, 69, 70, 71, 72, 73, 74, 75, 76, 77, 78, 79, 80, 81, 82, 83, 84, 85, 86, 87, 88, 89, 90, 91, 92, 93, 94, 95, 96, 97, 98, 99, 100, 101, 102, 103, 104, 105, 106, 107, 108, 109, 110, 111, 112, 113, 114, 115, 116, 117, 118, 119, 120, 121, 122, 123, 124, 125, 126, 127, 128, 129, 130, 131, 132, 133, 134, 135, 136, 137, 138, 139, 140, 141, 142, 143, 144, 145, 146, 147, 148, 149, 150, 151, 152, 153, 154, 155, 156, 157, 158, 159, 160, 161, 162, 163, 164, 165, 166, 167, 168, 169, 170, 171, 172, 173, 174, 175, 176, 177, 178, 179, 180, 181, 182, 183, 184, 185, 186, 187, 188, 189, 190, 191, 192, 193, 194, 195, 196, 197], 1:[], 2:[], 3:[], 4:[], 5:[], 6:[], 7:[], 8:[], 9:[], 10:[], 11:[], 12:[], 13:[], 14:[], 15:[], 16:[], 17:[], 18:[], 19:[], 20:[], 21:[], 22:[], 23:[], 24:[], 25:[], 26:[], 27:[], 28:[], 29:[], 30:[], 31:[], 32:[], 33:[], 34:[], 35:[], 36:[], 37:[], 38:[], 39:[], 40:[], 41:[], 42:[], 43:[], 44:[], 45:[], 46:[], 47:[], 48:[], 49:[], 50:[], 51:[], 52:[], 53:[], 54:[], 55:[], 56:[], 57:[], 58:[], 59:[], 60:[], 61:[], 62:[], 63:[], 64:[], 65:[], 66:[], 67:[], 68:[], 69:[], 70:[], 71:[], 72:[], 73:[], 74:[], 75:[], 76:[], 77:[], 78:[], 79:[], 80:[], 81:[], 82:[], 83:[], 84:[], 85:[], 86:[], 87:[], 88:[], 89:[], 90:[], 91:[], 92:[], 93:[], 94:[], 95:[], 96:[], 97:[], 98:[], 99:[], 100:[], 101:[], 102:[], 103:[], 104:[], 105:[], 106:[], 107:[], 108:[], 109:[], 110:[], 111:[], 112:[], 113:[], 114:[], 115:[], 116:[], 117:[], 118:[], 119:[], 120:[], 121:[], 122:[], 123:[], 124:[], 125:[], 126:[], 127:[], 128:[], 129:[], 130:[], 131:[], 132:[], 133:[], 134:[], 135:[], 136:[], 137:[], 138:[], 139:[], 140:[], 141:[], 142:[], 143:[], 144:[], 145:[], 146:[], 147:[], 148:[], 149:[], 150:[], 151:[], 152:[], 153:[], 154:[], 155:[], 156:[], 157:[], 158:[], 159:[], 160:[], 161:[], 162:[], 163:[], 164:[], 165:[], 166:[], 167:[], 168:[], 169:[], 170:[], 171:[], 172:[], 173:[], 174:[], 175:[], 176:[], 177:[], 178:[], 179:[], 180:[], 181:[], 182:[], 183:[], 184:[], 185:[], 186:[], 187:[], 188:[], 189:[], 190:[], 191:[], 192:[], 193:[], 194:[], 195:[], 196:[], 197:[]",90468017120,93200320960
4751,13,39572.5324,37424297,559006536,4464509056,887.1408,false,197,true,true,true,true,true,false,false,"0:[0, 1, 2, 3, 4, 5, 6, 7, 8, 9, 10, 11, 12, 13, 14, 15, 16, 17, 18, 19, 20, 21, 22, 23, 24, 25, 26, 27, 28, 29, 30, 31, 32, 33, 34, 35, 36, 37, 38, 39, 40, 41, 42, 43, 44, 45, 46, 47, 48, 49, 50, 51, 52, 53, 54, 55, 56, 57, 58, 59, 60, 61, 62, 63, 64, 65, 66, 67, 68, 69, 70, 71, 72, 73, 74, 75, 76, 77, 78, 79, 80, 81, 82, 83, 84, 85, 86, 87, 88, 89, 90, 91, 92, 93, 94, 95, 96, 97, 98, 99, 100, 101, 102, 103, 104, 105, 106, 107, 108, 109, 110, 111, 112, 113, 114, 115, 116, 117, 118, 119, 120, 121, 122, 123, 124, 125, 126, 127, 128, 129, 130, 131, 132, 133, 134, 135, 136, 137, 138, 139, 140, 141, 142, 143, 144, 145, 146, 147, 148, 149, 150, 151, 152, 153, 154, 155, 156, 157, 158, 159, 160, 161, 162, 163, 164, 165, 166, 167, 168, 169, 170, 171, 172, 173, 174, 175, 176, 177, 178, 179, 180, 181, 182, 183, 184, 185, 186, 187, 188, 189, 190, 191, 192, 193, 194, 195, 196], 1:[], 2:[], 3:[], 4:[], 5:[], 6:[], 7:[], 8:[], 9:[], 10:[], 11:[], 12:[], 13:[], 14:[], 15:[], 16:[], 17:[], 18:[], 19:[], 20:[], 21:[], 22:[], 23:[], 24:[], 25:[], 26:[], 27:[], 28:[], 29:[], 30:[], 31:[], 32:[], 33:[], 34:[], 35:[], 36:[], 37:[], 38:[], 39:[], 40:[], 41:[], 42:[], 43:[], 44:[], 45:[], 46:[], 47:[], 48:[], 49:[], 50:[], 51:[], 52:[], 53:[], 54:[], 55:[], 56:[], 57:[], 58:[], 59:[], 60:[], 61:[], 62:[], 63:[], 64:[], 65:[], 66:[], 67:[], 68:[], 69:[], 70:[], 71:[], 72:[], 73:[], 74:[], 75:[], 76:[], 77:[], 78:[], 79:[], 80:[], 81:[], 82:[], 83:[], 84:[], 85:[], 86:[], 87:[], 88:[], 89:[], 90:[], 91:[], 92:[], 93:[], 94:[], 95:[], 96:[], 97:[], 98:[], 99:[], 100:[], 101:[], 102:[], 103:[], 104:[], 105:[], 106:[], 107:[], 108:[], 109:[], 110:[], 111:[], 112:[], 113:[], 114:[], 115:[], 116:[], 117:[], 118:[], 119:[], 120:[], 121:[], 122:[], 123:[], 124:[], 125:[], 126:[], 127:[], 128:[], 129:[], 130:[], 131:[], 132:[], 133:[], 134:[], 135:[], 136:[], 137:[], 138:[], 139:[], 140:[], 141:[], 142:[], 143:[], 144:[], 145:[], 146:[], 147:[], 148:[], 149:[], 150:[], 151:[], 152:[], 153:[], 154:[], 155:[], 156:[], 157:[], 158:[], 159:[], 160:[], 161:[], 162:[], 163:[], 164:[], 165:[], 166:[], 167:[], 168:[], 169:[], 170:[], 171:[], 172:[], 173:[], 174:[], 175:[], 176:[], 177:[], 178:[], 179:[], 180:[], 181:[], 182:[], 183:[], 184:[], 185:[], 186:[], 187:[], 188:[], 189:[], 190:[], 191:[], 192:[], 193:[], 194:[], 195:[], 196:[]",90984298248,93950645968
4759,3,39776.2804,37613349,561834432,4487107207,913.2623,false,198,true,true,true,true,true,false,false,"0:[0, 1, 2, 3, 4, 5, 6, 7, 8, 9, 10, 11, 12, 13, 14, 15, 16, 17, 18, 19, 20, 21, 22, 23, 24, 25, 26, 27, 28, 29, 30, 31, 32, 33, 34, 35, 36, 37, 38, 39, 40, 41, 42, 43, 44, 45, 46, 47, 48, 49, 50, 51, 52, 53, 54, 55, 56, 57, 58, 59, 60, 61, 62, 63, 64, 65, 66, 67, 68, 69, 70, 71, 72, 73, 74, 75, 76, 77, 78, 79, 80, 81, 82, 83, 84, 85, 86, 87, 88, 89, 90, 91, 92, 93, 94, 95, 96, 97, 98, 99, 100, 101, 102, 103, 104, 105, 106, 107, 108, 109, 110, 111, 112, 113, 114, 115, 116, 117, 118, 119, 120, 121, 122, 123, 124, 125, 126, 127, 128, 129, 130, 131, 132, 133, 134, 135, 136, 137, 138, 139, 140, 141, 142, 143, 144, 145, 146, 147, 148, 149, 150, 151, 152, 153, 154, 155, 156, 157, 158, 159, 160, 161, 162, 163, 164, 165, 166, 167, 168, 169, 170, 171, 172, 173, 174, 175, 176, 177, 178, 179, 180, 181, 182, 183, 184, 185, 186, 187, 188, 189, 190, 191, 192, 193, 194, 195, 196, 197], 1:[], 2:[], 3:[], 4:[], 5:[], 6:[], 7:[], 8:[], 9:[], 10:[], 11:[], 12:[], 13:[], 14:[], 15:[], 16:[], 17:[], 18:[], 19:[], 20:[], 21:[], 22:[], 23:[], 24:[], 25:[], 26:[], 27:[], 28:[], 29:[], 30:[], 31:[], 32:[], 33:[], 34:[], 35:[], 36:[], 37:[], 38:[], 39:[], 40:[], 41:[], 42:[], 43:[], 44:[], 45:[], 46:[], 47:[], 48:[], 49:[], 50:[], 51:[], 52:[], 53:[], 54:[], 55:[], 56:[], 57:[], 58:[], 59:[], 60:[], 61:[], 62:[], 63:[], 64:[], 65:[], 66:[], 67:[], 68:[], 69:[], 70:[], 71:[], 72:[], 73:[], 74:[], 75:[], 76:[], 77:[], 78:[], 79:[], 80:[], 81:[], 82:[], 83:[], 84:[], 85:[], 86:[], 87:[], 88:[], 89:[], 90:[], 91:[], 92:[], 93:[], 94:[], 95:[], 96:[], 97:[], 98:[], 99:[], 100:[], 101:[], 102:[], 103:[], 104:[], 105:[], 106:[], 107:[], 108:[], 109:[], 110:[], 111:[], 112:[], 113:[], 114:[], 115:[], 116:[], 117:[], 118:[], 119:[], 120:[], 121:[], 122:[], 123:[], 124:[], 125:[], 126:[], 127:[], 128:[], 129:[], 130:[], 131:[], 132:[], 133:[], 134:[], 135:[], 136:[], 137:[], 138:[], 139:[], 140:[], 141:[], 142:[], 143:[], 144:[], 145:[], 146:[], 147:[], 148:[], 149:[], 150:[], 151:[], 152:[], 153:[], 154:[], 155:[], 156:[], 157:[], 158:[], 159:[], 160:[], 161:[], 162:[], 163:[], 164:[], 165:[], 166:[], 167:[], 168:[], 169:[], 170:[], 171:[], 172:[], 173:[], 174:[], 175:[], 176:[], 177:[], 178:[], 179:[], 180:[], 181:[], 182:[], 183:[], 184:[], 185:[], 186:[], 187:[], 188:[], 189:[], 190:[], 191:[], 192:[], 193:[], 194:[], 195:[], 196:[], 197:[]",91215067176,94286047624
4783,3,40777.5316,38184320,570375161,4555356876,1041.8061,false,200,true,true,true,true,true,false,false,"0:[0, 1, 2, 3, 4, 5, 6, 7, 8, 9, 10, 11, 12, 13, 14, 15, 16, 17, 18, 19, 20, 21, 22, 23, 24, 25, 26, 27, 28, 29, 30, 31, 32, 33, 34, 35, 36, 37, 38, 39, 40, 41, 42, 43, 44, 45, 46, 47, 48, 49, 50, 51, 52, 53, 54, 55, 56, 57, 58, 59, 60, 61, 62, 63, 64, 65, 66, 67, 68, 69, 70, 71, 72, 73, 74, 75, 76, 77, 78, 79, 80, 81, 82, 83, 84, 85, 86, 87, 88, 89, 90, 91, 92, 93, 94, 95, 96, 97, 98, 99, 100, 101, 102, 103, 104, 105, 106, 107, 108, 109, 110, 111, 112, 113, 114, 115, 116, 117, 118, 119, 120, 121, 122, 123, 124, 125, 126, 127, 128, 129, 130, 131, 132, 133, 134, 135, 136, 137, 138, 139, 140, 141, 142, 143, 144, 145, 146, 147, 148, 149, 150, 151, 152, 153, 154, 155, 156, 157, 158, 159, 160, 161, 162, 163, 164, 165, 166, 167, 168, 169, 170, 171, 172, 173, 174, 175, 176, 177, 178, 179, 180, 181, 182, 183, 184, 185, 186, 187, 188, 189, 190, 191, 192, 193, 194, 195, 196, 197, 198, 199], 1:[], 2:[], 3:[], 4:[], 5:[], 6:[], 7:[], 8:[], 9:[], 10:[], 11:[], 12:[], 13:[], 14:[], 15:[], 16:[], 17:[], 18:[], 19:[], 20:[], 21:[], 22:[], 23:[], 24:[], 25:[], 26:[], 27:[], 28:[], 29:[], 30:[], 31:[], 32:[], 33:[], 34:[], 35:[], 36:[], 37:[], 38:[], 39:[], 40:[], 41:[], 42:[], 43:[], 44:[], 45:[], 46:[], 47:[], 48:[], 49:[], 50:[], 51:[], 52:[], 53:[], 54:[], 55:[], 56:[], 57:[], 58:[], 59:[], 60:[], 61:[], 62:[], 63:[], 64:[], 65:[], 66:[], 67:[], 68:[], 69:[], 70:[], 71:[], 72:[], 73:[], 74:[], 75:[], 76:[], 77:[], 78:[], 79:[], 80:[], 81:[], 82:[], 83:[], 84:[], 85:[], 86:[], 87:[], 88:[], 89:[], 90:[], 91:[], 92:[], 93:[], 94:[], 95:[], 96:[], 97:[], 98:[], 99:[], 100:[], 101:[], 102:[], 103:[], 104:[], 105:[], 106:[], 107:[], 108:[], 109:[], 110:[], 111:[], 112:[], 113:[], 114:[], 115:[], 116:[], 117:[], 118:[], 119:[], 120:[], 121:[], 122:[], 123:[], 124:[], 125:[], 126:[], 127:[], 128:[], 129:[], 130:[], 131:[], 132:[], 133:[], 134:[], 135:[], 136:[], 137:[], 138:[], 139:[], 140:[], 141:[], 142:[], 143:[], 144:[], 145:[], 146:[], 147:[], 148:[], 149:[], 150:[], 151:[], 152:[], 153:[], 154:[], 155:[], 156:[], 157:[], 158:[], 159:[], 160:[], 161:[], 162:[], 163:[], 164:[], 165:[], 166:[], 167:[], 168:[], 169:[], 170:[], 171:[], 172:[], 173:[], 174:[], 175:[], 176:[], 177:[], 178:[], 179:[], 180:[], 181:[], 182:[], 183:[], 184:[], 185:[], 186:[], 187:[], 188:[], 189:[], 190:[], 191:[], 192:[], 193:[], 194:[], 195:[], 196:[], 197:[], 198:[], 199:[]",91912028800,95299015997
4787,2,36724.4107,38280040,571806919,4566797850,900.8692,false,199,true,true,true,true,true,false,false,"0:[0, 1, 2, 3, 4, 5, 6, 7, 8, 9, 10, 11, 12, 13, 14, 15, 16, 17, 18, 19, 20, 21, 22, 23, 24, 25, 26, 27, 28, 29, 30, 31, 32, 33, 34, 35, 36, 37, 38, 39, 40, 41, 42, 43, 44, 45, 46, 47, 48, 49, 50, 51, 52, 53, 54, 55, 56, 57, 58, 59, 60, 61, 62, 63, 64, 65, 66, 67, 68, 69, 70, 71, 72, 73, 74, 75, 76, 77, 78, 79, 80, 81, 82, 83, 84, 85, 86, 87, 88, 89, 90, 91, 92, 93, 94, 95, 96, 97, 98, 99, 100, 101, 102, 103, 104, 105, 106, 107, 108, 109, 110, 111, 112, 113, 114, 115, 116, 117, 118, 119, 120, 121, 122, 123, 124, 125, 126, 127, 128, 129, 130, 131, 132, 133, 134, 135, 136, 137, 138, 139, 140, 141, 142, 143, 144, 145, 146, 147, 148, 149, 150, 151, 152, 153, 154, 155, 156, 157, 158, 159, 160, 161, 162, 163, 164, 165, 166, 167, 168, 169, 170, 171, 172, 173, 174, 175, 176, 177, 178, 179, 180, 181, 182, 183, 184, 185, 186, 187, 188, 189, 190, 191, 192, 193, 194, 195, 196, 197, 198], 1:[], 2:[], 3:[], 4:[], 5:[], 6:[], 7:[], 8:[], 9:[], 10:[], 11:[], 12:[], 13:[], 14:[], 15:[], 16:[], 17:[], 18:[], 19:[], 20:[], 21:[], 22:[], 23:[], 24:[], 25:[], 26:[], 27:[], 28:[], 29:[], 30:[], 31:[], 32:[], 33:[], 34:[], 35:[], 36:[], 37:[], 38:[], 39:[], 40:[], 41:[], 42:[], 43:[], 44:[], 45:[], 46:[], 47:[], 48:[], 49:[], 50:[], 51:[], 52:[], 53:[], 54:[], 55:[], 56:[], 57:[], 58:[], 59:[], 60:[], 61:[], 62:[], 63:[], 64:[], 65:[], 66:[], 67:[], 68:[], 69:[], 70:[], 71:[], 72:[], 73:[], 74:[], 75:[], 76:[], 77:[], 78:[], 79:[], 80:[], 81:[], 82:[], 83:[], 84:[], 85:[], 86:[], 87:[], 88:[], 89:[], 90:[], 91:[], 92:[], 93:[], 94:[], 95:[], 96:[], 97:[], 98:[], 99:[], 100:[], 101:[], 102:[], 103:[], 104:[], 105:[], 106:[], 107:[], 108:[], 109:[], 110:[], 111:[], 112:[], 113:[], 114:[], 115:[], 116:[], 117:[], 118:[], 119:[], 120:[], 121:[], 122:[], 123:[], 124:[], 125:[], 126:[], 127:[], 128:[], 129:[], 130:[], 131:[], 132:[], 133:[], 134:[], 135:[], 136:[], 137:[], 138:[], 139:[], 140:[], 141:[], 142:[], 143:[], 144:[], 145:[], 146:[], 147:[], 148:[], 149:[], 150:[], 151:[], 152:[], 153:[], 154:[], 155:[], 156:[], 157:[], 158:[], 159:[], 160:[], 161:[], 162:[], 163:[], 164:[], 165:[], 166:[], 167:[], 168:[], 169:[], 170:[], 171:[], 172:[], 173:[], 174:[], 175:[], 176:[], 177:[], 178:[], 179:[], 180:[], 181:[], 182:[], 183:[], 184:[], 185:[], 186:[], 187:[], 188:[], 189:[], 190:[], 191:[], 192:[], 193:[], 194:[], 195:[], 196:[], 197:[], 198:[]",92028866720,95468828067
4789,2,38028.2389,38327961,572524942,4572540551,908.4697,false,199,true,true,true,true,true,false,false,"0:[0, 1, 2, 3, 4, 5, 6, 7, 8, 9, 10, 11, 12, 13, 14, 15, 16, 17, 18, 19, 20, 21, 22, 23, 24, 25, 26, 27, 28, 29, 30, 31, 32, 33, 34, 35, 36, 37, 38, 39, 40, 41, 42, 43, 44, 45, 46, 47, 48, 49, 50, 51, 52, 53, 54, 55, 56, 57, 58, 59, 60, 61, 62, 63, 64, 65, 66, 67, 68, 69, 70, 71, 72, 73, 74, 75, 76, 77, 78, 79, 80, 81, 82, 83, 84, 85, 86, 87, 88, 89, 90, 91, 92, 93, 94, 95, 96, 97, 98, 99, 100, 101, 102, 103, 104, 105, 106, 107, 108, 109, 110, 111, 112, 113, 114, 115, 116, 117, 118, 119, 120, 121, 122, 123, 124, 125, 126, 127, 128, 129, 130, 131, 132, 133, 134, 135, 136, 137, 138, 139, 140, 141, 142, 143, 144, 145, 146, 147, 148, 149, 150, 151, 152, 153, 154, 155, 156, 157, 158, 159, 160, 161, 162, 163, 164, 165, 166, 167, 168, 169, 170, 171, 172, 173, 174, 175, 176, 177, 178, 179, 180, 181, 182, 183, 184, 185, 186, 187, 188, 189, 190, 191, 192, 193, 194, 195, 196, 197, 198], 1:[], 2:[], 3:[], 4:[], 5:[], 6:[], 7:[], 8:[], 9:[], 10:[], 11:[], 12:[], 13:[], 14:[], 15:[], 16:[], 17:[], 18:[], 19:[], 20:[], 21:[], 22:[], 23:[], 24:[], 25:[], 26:[], 27:[], 28:[], 29:[], 30:[], 31:[], 32:[], 33:[], 34:[], 35:[], 36:[], 37:[], 38:[], 39:[], 40:[], 41:[], 42:[], 43:[], 44:[], 45:[], 46:[], 47:[], 48:[], 49:[], 50:[], 51:[], 52:[], 53:[], 54:[], 55:[], 56:[], 57:[], 58:[], 59:[], 60:[], 61:[], 62:[], 63:[], 64:[], 65:[], 66:[], 67:[], 68:[], 69:[], 70:[], 71:[], 72:[], 73:[], 74:[], 75:[], 76:[], 77:[], 78:[], 79:[], 80:[], 81:[], 82:[], 83:[], 84:[], 85:[], 86:[], 87:[], 88:[], 89:[], 90:[], 91:[], 92:[], 93:[], 94:[], 95:[], 96:[], 97:[], 98:[], 99:[], 100:[], 101:[], 102:[], 103:[], 104:[], 105:[], 106:[], 107:[], 108:[], 109:[], 110:[], 111:[], 112:[], 113:[], 114:[], 115:[], 116:[], 117:[], 118:[], 119:[], 120:[], 121:[], 122:[], 123:[], 124:[], 125:[], 126:[], 127:[], 128:[], 129:[], 130:[], 131:[], 132:[], 133:[], 134:[], 135:[], 136:[], 137:[], 138:[], 139:[], 140:[], 141:[], 142:[], 143:[], 144:[], 145:[], 146:[], 147:[], 148:[], 149:[], 150:[], 151:[], 152:[], 153:[], 154:[], 155:[], 156:[], 157:[], 158:[], 159:[], 160:[], 161:[], 162:[], 163:[], 164:[], 165:[], 166:[], 167:[], 168:[], 169:[], 170:[], 171:[], 172:[], 173:[], 174:[], 175:[], 176:[], 177:[], 178:[], 179:[], 180:[], 181:[], 182:[], 183:[], 184:[], 185:[], 186:[], 187:[], 188:[], 189:[], 190:[], 191:[], 192:[], 193:[], 194:[], 195:[], 196:[], 197:[], 198:[]",92087458664,95554025582
4793,3,44887.5415,38423920,573960319,4584010634,942.4568,false,199,true,true,true,true,true,false,false,"0:[0, 1, 2, 3, 4, 5, 6, 7, 8, 9, 10, 11, 12, 13, 14, 15, 16, 17, 18, 19, 20, 21, 22, 23, 24, 25, 26, 27, 28, 29, 30, 31, 32, 33, 34, 35, 36, 37, 38, 39, 40, 41, 42, 43, 44, 45, 46, 47, 48, 49, 50, 51, 52, 53, 54, 55, 56, 57, 58, 59, 60, 61, 62, 63, 64, 65, 66, 67, 68, 69, 70, 71, 72, 73, 74, 75, 76, 77, 78, 79, 80, 81, 82, 83, 84, 85, 86, 87, 88, 89, 90, 91, 92, 93, 94, 95, 96, 97, 98, 99, 100, 101, 102, 103, 104, 105, 106, 107, 108, 109, 110, 111, 112, 113, 114, 115, 116, 117, 118, 119, 120, 121, 122, 123, 124, 125, 126, 127, 128, 129, 130, 131, 132, 133, 134, 135, 136, 137, 138, 139, 140, 141, 142, 143, 144, 145, 146, 147, 148, 149, 150, 151, 152, 153, 154, 155, 156, 157, 158, 159, 160, 161, 162, 163, 164, 165, 166, 167, 168, 169, 170, 171, 172, 173, 174, 175, 176, 177, 178, 179, 180, 181, 182, 183, 184, 185, 186, 187, 188, 189, 190, 191, 192, 193, 194, 195, 196, 197, 198], 1:[], 2:[], 3:[], 4:[], 5:[], 6:[], 7:[], 8:[], 9:[], 10:[], 11:[], 12:[], 13:[], 14:[], 15:[], 16:[], 17:[], 18:[], 19:[], 20:[], 21:[], 22:[], 23:[], 24:[], 25:[], 26:[], 27:[], 28:[], 29:[], 30:[], 31:[], 32:[], 33:[], 34:[], 35:[], 36:[], 37:[], 38:[], 39:[], 40:[], 41:[], 42:[], 43:[], 44:[], 45:[], 46:[], 47:[], 48:[], 49:[], 50:[], 51:[], 52:[], 53:[], 54:[], 55:[], 56:[], 57:[], 58:[], 59:[], 60:[], 61:[], 62:[], 63:[], 64:[], 65:[], 66:[], 67:[], 68:[], 69:[], 70:[], 71:[], 72:[], 73:[], 74:[], 75:[], 76:[], 77:[], 78:[], 79:[], 80:[], 81:[], 82:[], 83:[], 84:[], 85:[], 86:[], 87:[], 88:[], 89:[], 90:[], 91:[], 92:[], 93:[], 94:[], 95:[], 96:[], 97:[], 98:[], 99:[], 100:[], 101:[], 102:[], 103:[], 104:[], 105:[], 106:[], 107:[], 108:[], 109:[], 110:[], 111:[], 112:[], 113:[], 114:[], 115:[], 116:[], 117:[], 118:[], 119:[], 120:[], 121:[], 122:[], 123:[], 124:[], 125:[], 126:[], 127:[], 128:[], 129:[], 130:[], 131:[], 132:[], 133:[], 134:[], 135:[], 136:[], 137:[], 138:[], 139:[], 140:[], 141:[], 142:[], 143:[], 144:[], 145:[], 146:[], 147:[], 148:[], 149:[], 150:[], 151:[], 152:[], 153:[], 154:[], 155:[], 156:[], 157:[], 158:[], 159:[], 160:[], 161:[], 162:[], 163:[], 164:[], 165:[], 166:[], 167:[], 168:[], 169:[], 170:[], 171:[], 172:[], 173:[], 174:[], 175:[], 176:[], 177:[], 178:[], 179:[], 180:[], 181:[], 182:[], 183:[], 184:[], 185:[], 186:[], 187:[], 188:[], 189:[], 190:[], 191:[], 192:[], 193:[], 194:[], 195:[], 196:[], 197:[], 198:[]",92204591840,95724267323
4799,7,41352.0928,38568161,576116756,4601238391,1020.0586,false,199,true,true,true,true,true,false,false,"0:[0, 1, 2, 3, 4, 5, 6, 7, 8, 9, 10, 11, 12, 13, 14, 15, 16, 17, 18, 19, 20, 21, 22, 23, 24, 25, 26, 27, 28, 29, 30, 31, 32, 33, 34, 35, 36, 37, 38, 39, 40, 41, 42, 43, 44, 45, 46, 47, 48, 49, 50, 51, 52, 53, 54, 55, 56, 57, 58, 59, 60, 61, 62, 63, 64, 65, 66, 67, 68, 69, 70, 71, 72, 73, 74, 75, 76, 77, 78, 79, 80, 81, 82, 83, 84, 85, 86, 87, 88, 89, 90, 91, 92, 93, 94, 95, 96, 97, 98, 99, 100, 101, 102, 103, 104, 105, 106, 107, 108, 109, 110, 111, 112, 113, 114, 115, 116, 117, 118, 119, 120, 121, 122, 123, 124, 125, 126, 127, 128, 129, 130, 131, 132, 133, 134, 135, 136, 137, 138, 139, 140, 141, 142, 143, 144, 145, 146, 147, 148, 149, 150, 151, 152, 153, 154, 155, 156, 157, 158, 159, 160, 161, 162, 163, 164, 165, 166, 167, 168, 169, 170, 171, 172, 173, 174, 175, 176, 177, 178, 179, 180, 181, 182, 183, 184, 185, 186, 187, 188, 189, 190, 191, 192, 193, 194, 195, 196, 197, 198], 1:[], 2:[], 3:[], 4:[], 5:[], 6:[], 7:[], 8:[], 9:[], 10:[], 11:[], 12:[], 13:[], 14:[], 15:[], 16:[], 17:[], 18:[], 19:[], 20:[], 21:[], 22:[], 23:[], 24:[], 25:[], 26:[], 27:[], 28:[], 29:[], 30:[], 31:[], 32:[], 33:[], 34:[], 35:[], 36:[], 37:[], 38:[], 39:[], 40:[], 41:[], 42:[], 43:[], 44:[], 45:[], 46:[], 47:[], 48:[], 49:[], 50:[], 51:[], 52:[], 53:[], 54:[], 55:[], 56:[], 57:[], 58:[], 59:[], 60:[], 61:[], 62:[], 63:[], 64:[], 65:[], 66:[], 67:[], 68:[], 69:[], 70:[], 71:[], 72:[], 73:[], 74:[], 75:[], 76:[], 77:[], 78:[], 79:[], 80:[], 81:[], 82:[], 83:[], 84:[], 85:[], 86:[], 87:[], 88:[], 89:[], 90:[], 91:[], 92:[], 93:[], 94:[], 95:[], 96:[], 97:[], 98:[], 99:[], 100:[], 101:[], 102:[], 103:[], 104:[], 105:[], 106:[], 107:[], 108:[], 109:[], 110:[], 111:[], 112:[], 113:[], 114:[], 115:[], 116:[], 117:[], 118:[], 119:[], 120:[], 121:[], 122:[], 123:[], 124:[], 125:[], 126:[], 127:[], 128:[], 129:[], 130:[], 131:[], 132:[], 133:[], 134:[], 135:[], 136:[], 137:[], 138:[], 139:[], 140:[], 141:[], 142:[], 143:[], 144:[], 145:[], 146:[], 147:[], 148:[], 149:[], 150:[], 151:[], 152:[], 153:[], 154:[], 155:[], 156:[], 157:[], 158:[], 159:[], 160:[], 161:[], 162:[], 163:[], 164:[], 165:[], 166:[], 167:[], 168:[], 169:[], 170:[], 171:[], 172:[], 173:[], 174:[], 175:[], 176:[], 177:[], 178:[], 179:[], 180:[], 181:[], 182:[], 183:[], 184:[], 185:[], 186:[], 187:[], 188:[], 189:[], 190:[], 191:[], 192:[], 193:[], 194:[], 195:[], 196:[], 197:[], 198:[]",92380568584,95979993868
4801,7,48682.0139,38616320,576838351,4607009483,1030.8402,false,201,true,true,true,true,true,false,false,"0:[0, 1, 2, 3, 4, 5, 6, 7, 8, 9, 10, 11, 12, 13, 14, 15, 16, 17, 18, 19, 20, 21, 22, 23, 24, 25, 26, 27, 28, 29, 30, 31, 32, 33, 34, 35, 36, 37, 38, 39, 40, 41, 42, 43, 44, 45, 46, 47, 48, 49, 50, 51, 52, 53, 54, 55, 56, 57, 58, 59, 60, 61, 62, 63, 64, 65, 66, 67, 68, 69, 70, 71, 72, 73, 74, 75, 76, 77, 78, 79, 80, 81, 82, 83, 84, 85, 86, 87, 88, 89, 90, 91, 92, 93, 94, 95, 96, 97, 98, 99, 100, 101, 102, 103, 104, 105, 106, 107, 108, 109, 110, 111, 112, 113, 114, 115, 116, 117, 118, 119, 120, 121, 122, 123, 124, 125, 126, 127, 128, 129, 130, 131, 132, 133, 134, 135, 136, 137, 138, 139, 140, 141, 142, 143, 144, 145, 146, 147, 148, 149, 150, 151, 152, 153, 154, 155, 156, 157, 158, 159, 160, 161, 162, 163, 164, 165, 166, 167, 168, 169, 170, 171, 172, 173, 174, 175, 176, 177, 178, 179, 180, 181, 182, 183, 184, 185, 186, 187, 188, 189, 190, 191, 192, 193, 194, 195, 196, 197, 198, 199, 200], 1:[], 2:[], 3:[], 4:[], 5:[], 6:[], 7:[], 8:[], 9:[], 10:[], 11:[], 12:[], 13:[], 14:[], 15:[], 16:[], 17:[], 18:[], 19:[], 20:[], 21:[], 22:[], 23:[], 24:[], 25:[], 26:[], 27:[], 28:[], 29:[], 30:[], 31:[], 32:[], 33:[], 34:[], 35:[], 36:[], 37:[], 38:[], 39:[], 40:[], 41:[], 42:[], 43:[], 44:[], 45:[], 46:[], 47:[], 48:[], 49:[], 50:[], 51:[], 52:[], 53:[], 54:[], 55:[], 56:[], 57:[], 58:[], 59:[], 60:[], 61:[], 62:[], 63:[], 64:[], 65:[], 66:[], 67:[], 68:[], 69:[], 70:[], 71:[], 72:[], 73:[], 74:[], 75:[], 76:[], 77:[], 78:[], 79:[], 80:[], 81:[], 82:[], 83:[], 84:[], 85:[], 86:[], 87:[], 88:[], 89:[], 90:[], 91:[], 92:[], 93:[], 94:[], 95:[], 96:[], 97:[], 98:[], 99:[], 100:[], 101:[], 102:[], 103:[], 104:[], 105:[], 106:[], 107:[], 108:[], 109:[], 110:[], 111:[], 112:[], 113:[], 114:[], 115:[], 116:[], 117:[], 118:[], 119:[], 120:[], 121:[], 122:[], 123:[], 124:[], 125:[], 126:[], 127:[], 128:[], 129:[], 130:[], 131:[], 132:[], 133:[], 134:[], 135:[], 136:[], 137:[], 138:[], 139:[], 140:[], 141:[], 142:[], 143:[], 144:[], 145:[], 146:[], 147:[], 148:[], 149:[], 150:[], 151:[], 152:[], 153:[], 154:[], 155:[], 156:[], 157:[], 158:[], 159:[], 160:[], 161:[], 162:[], 163:[], 164:[], 165:[], 166:[], 167:[], 168:[], 169:[], 170:[], 171:[], 172:[], 173:[], 174:[], 175:[], 176:[], 177:[], 178:[], 179:[], 180:[], 181:[], 182:[], 183:[], 184:[], 185:[], 186:[], 187:[], 188:[], 189:[], 190:[], 191:[], 192:[], 193:[], 194:[], 195:[], 196:[], 197:[], 198:[], 199:[], 200:[]",92439452000,96065614987
4813,2,39179.2390,38906123,581173386,4641651453,958.5836,false,201,true,true,true,true,true,false,false,"0:[0, 1, 2, 3, 4, 5, 6, 7, 8, 9, 10, 11, 12, 13, 14, 15, 16, 17, 18, 19, 20, 21, 22, 23, 24, 25, 26, 27, 28, 29, 30, 31, 32, 33, 34, 35, 36, 37, 38, 39, 40, 41, 42, 43, 44, 45, 46, 47, 48, 49, 50, 51, 52, 53, 54, 55, 56, 57, 58, 59, 60, 61, 62, 63, 64, 65, 66, 67, 68, 69, 70, 71, 72, 73, 74, 75, 76, 77, 78, 79, 80, 81, 82, 83, 84, 85, 86, 87, 88, 89, 90, 91, 92, 93, 94, 95, 96, 97, 98, 99, 100, 101, 102, 103, 104, 105, 106, 107, 108, 109, 110, 111, 112, 113, 114, 115, 116, 117, 118, 119, 120, 121, 122, 123, 124, 125, 126, 127, 128, 129, 130, 131, 132, 133, 134, 135, 136, 137, 138, 139, 140, 141, 142, 143, 144, 145, 146, 147, 148, 149, 150, 151, 152, 153, 154, 155, 156, 157, 158, 159, 160, 161, 162, 163, 164, 165, 166, 167, 168, 169, 170, 171, 172, 173, 174, 175, 176, 177, 178, 179, 180, 181, 182, 183, 184, 185, 186, 187, 188, 189, 190, 191, 192, 193, 194, 195, 196, 197, 198, 199, 200], 1:[], 2:[], 3:[], 4:[], 5:[], 6:[], 7:[], 8:[], 9:[], 10:[], 11:[], 12:[], 13:[], 14:[], 15:[], 16:[], 17:[], 18:[], 19:[], 20:[], 21:[], 22:[], 23:[], 24:[], 25:[], 26:[], 27:[], 28:[], 29:[], 30:[], 31:[], 32:[], 33:[], 34:[], 35:[], 36:[], 37:[], 38:[], 39:[], 40:[], 41:[], 42:[], 43:[], 44:[], 45:[], 46:[], 47:[], 48:[], 49:[], 50:[], 51:[], 52:[], 53:[], 54:[], 55:[], 56:[], 57:[], 58:[], 59:[], 60:[], 61:[], 62:[], 63:[], 64:[], 65:[], 66:[], 67:[], 68:[], 69:[], 70:[], 71:[], 72:[], 73:[], 74:[], 75:[], 76:[], 77:[], 78:[], 79:[], 80:[], 81:[], 82:[], 83:[], 84:[], 85:[], 86:[], 87:[], 88:[], 89:[], 90:[], 91:[], 92:[], 93:[], 94:[], 95:[], 96:[], 97:[], 98:[], 99:[], 100:[], 101:[], 102:[], 103:[], 104:[], 105:[], 106:[], 107:[], 108:[], 109:[], 110:[], 111:[], 112:[], 113:[], 114:[], 115:[], 116:[], 117:[], 118:[], 119:[], 120:[], 121:[], 122:[], 123:[], 124:[], 125:[], 126:[], 127:[], 128:[], 129:[], 130:[], 131:[], 132:[], 133:[], 134:[], 135:[], 136:[], 137:[], 138:[], 139:[], 140:[], 141:[], 142:[], 143:[], 144:[], 145:[], 146:[], 147:[], 148:[], 149:[], 150:[], 151:[], 152:[], 153:[], 154:[], 155:[], 156:[], 157:[], 158:[], 159:[], 160:[], 161:[], 162:[], 163:[], 164:[], 165:[], 166:[], 167:[], 168:[], 169:[], 170:[], 171:[], 172:[], 173:[], 174:[], 175:[], 176:[], 177:[], 178:[], 179:[], 180:[], 181:[], 182:[], 183:[], 184:[], 185:[], 186:[], 187:[], 188:[], 189:[], 190:[], 191:[], 192:[], 193:[], 194:[], 195:[], 196:[], 197:[], 198:[], 199:[], 200:[]",92793210072,96579769322
4817,3,50016.2997,39003045,582623195,4653237043,935.8353,false,200,true,true,true,true,true,false,false,"0:[0, 1, 2, 3, 4, 5, 6, 7, 8, 9, 10, 11, 12, 13, 14, 15, 16, 17, 18, 19, 20, 21, 22, 23, 24, 25, 26, 27, 28, 29, 30, 31, 32, 33, 34, 35, 36, 37, 38, 39, 40, 41, 42, 43, 44, 45, 46, 47, 48, 49, 50, 51, 52, 53, 54, 55, 56, 57, 58, 59, 60, 61, 62, 63, 64, 65, 66, 67, 68, 69, 70, 71, 72, 73, 74, 75, 76, 77, 78, 79, 80, 81, 82, 83, 84, 85, 86, 87, 88, 89, 90, 91, 92, 93, 94, 95, 96, 97, 98, 99, 100, 101, 102, 103, 104, 105, 106, 107, 108, 109, 110, 111, 112, 113, 114, 115, 116, 117, 118, 119, 120, 121, 122, 123, 124, 125, 126, 127, 128, 129, 130, 131, 132, 133, 134, 135, 136, 137, 138, 139, 140, 141, 142, 143, 144, 145, 146, 147, 148, 149, 150, 151, 152, 153, 154, 155, 156, 157, 158, 159, 160, 161, 162, 163, 164, 165, 166, 167, 168, 169, 170, 171, 172, 173, 174, 175, 176, 177, 178, 179, 180, 181, 182, 183, 184, 185, 186, 187, 188, 189, 190, 191, 192, 193, 194, 195, 196, 197, 198, 199], 1:[], 2:[], 3:[], 4:[], 5:[], 6:[], 7:[], 8:[], 9:[], 10:[], 11:[], 12:[], 13:[], 14:[], 15:[], 16:[], 17:[], 18:[], 19:[], 20:[], 21:[], 22:[], 23:[], 24:[], 25:[], 26:[], 27:[], 28:[], 29:[], 30:[], 31:[], 32:[], 33:[], 34:[], 35:[], 36:[], 37:[], 38:[], 39:[], 40:[], 41:[], 42:[], 43:[], 44:[], 45:[], 46:[], 47:[], 48:[], 49:[], 50:[], 51:[], 52:[], 53:[], 54:[], 55:[], 56:[], 57:[], 58:[], 59:[], 60:[], 61:[], 62:[], 63:[], 64:[], 65:[], 66:[], 67:[], 68:[], 69:[], 70:[], 71:[], 72:[], 73:[], 74:[], 75:[], 76:[], 77:[], 78:[], 79:[], 80:[], 81:[], 82:[], 83:[], 84:[], 85:[], 86:[], 87:[], 88:[], 89:[], 90:[], 91:[], 92:[], 93:[], 94:[], 95:[], 96:[], 97:[], 98:[], 99:[], 100:[], 101:[], 102:[], 103:[], 104:[], 105:[], 106:[], 107:[], 108:[], 109:[], 110:[], 111:[], 112:[], 113:[], 114:[], 115:[], 116:[], 117:[], 118:[], 119:[], 120:[], 121:[], 122:[], 123:[], 124:[], 125:[], 126:[], 127:[], 128:[], 129:[], 130:[], 131:[], 132:[], 133:[], 134:[], 135:[], 136:[], 137:[], 138:[], 139:[], 140:[], 141:[], 142:[], 143:[], 144:[], 145:[], 146:[], 147:[], 148:[], 149:[], 150:[], 151:[], 152:[], 153:[], 154:[], 155:[], 156:[], 157:[], 158:[], 159:[], 160:[], 161:[], 162:[], 163:[], 164:[], 165:[], 166:[], 167:[], 168:[], 169:[], 170:[], 171:[], 172:[], 173:[], 174:[], 175:[], 176:[], 177:[], 178:[], 179:[], 180:[], 181:[], 182:[], 183:[], 184:[], 185:[], 186:[], 187:[], 188:[], 189:[], 190:[], 191:[], 192:[], 193:[], 194:[], 195:[], 196:[], 197:[], 198:[], 199:[]",92911520920,96751722911
4831,3,42434.5222,39343540,587715314,4693924027,955.1830,false,201,true,true,true,true,true,false,false,"0:[0, 1, 2, 3, 4, 5, 6, 7, 8, 9, 10, 11, 12, 13, 14, 15, 16, 17, 18, 19, 20, 21, 22, 23, 24, 25, 26, 27, 28, 29, 30, 31, 32, 33, 34, 35, 36, 37, 38, 39, 40, 41, 42, 43, 44, 45, 46, 47, 48, 49, 50, 51, 52, 53, 54, 55, 56, 57, 58, 59, 60, 61, 62, 63, 64, 65, 66, 67, 68, 69, 70, 71, 72, 73, 74, 75, 76, 77, 78, 79, 80, 81, 82, 83, 84, 85, 86, 87, 88, 89, 90, 91, 92, 93, 94, 95, 96, 97, 98, 99, 100, 101, 102, 103, 104, 105, 106, 107, 108, 109, 110, 111, 112, 113, 114, 115, 116, 117, 118, 119, 120, 121, 122, 123, 124, 125, 126, 127, 128, 129, 130, 131, 132, 133, 134, 135, 136, 137, 138, 139, 140, 141, 142, 143, 144, 145, 146, 147, 148, 149, 150, 151, 152, 153, 154, 155, 156, 157, 158, 159, 160, 161, 162, 163, 164, 165, 166, 167, 168, 169, 170, 171, 172, 173, 174, 175, 176, 177, 178, 179, 180, 181, 182, 183, 184, 185, 186, 187, 188, 189, 190, 191, 192, 193, 194, 195, 196, 197, 198, 199, 200], 1:[], 2:[], 3:[], 4:[], 5:[], 6:[], 7:[], 8:[], 9:[], 10:[], 11:[], 12:[], 13:[], 14:[], 15:[], 16:[], 17:[], 18:[], 19:[], 20:[], 21:[], 22:[], 23:[], 24:[], 25:[], 26:[], 27:[], 28:[], 29:[], 30:[], 31:[], 32:[], 33:[], 34:[], 35:[], 36:[], 37:[], 38:[], 39:[], 40:[], 41:[], 42:[], 43:[], 44:[], 45:[], 46:[], 47:[], 48:[], 49:[], 50:[], 51:[], 52:[], 53:[], 54:[], 55:[], 56:[], 57:[], 58:[], 59:[], 60:[], 61:[], 62:[], 63:[], 64:[], 65:[], 66:[], 67:[], 68:[], 69:[], 70:[], 71:[], 72:[], 73:[], 74:[], 75:[], 76:[], 77:[], 78:[], 79:[], 80:[], 81:[], 82:[], 83:[], 84:[], 85:[], 86:[], 87:[], 88:[], 89:[], 90:[], 91:[], 92:[], 93:[], 94:[], 95:[], 96:[], 97:[], 98:[], 99:[], 100:[], 101:[], 102:[], 103:[], 104:[], 105:[], 106:[], 107:[], 108:[], 109:[], 110:[], 111:[], 112:[], 113:[], 114:[], 115:[], 116:[], 117:[], 118:[], 119:[], 120:[], 121:[], 122:[], 123:[], 124:[], 125:[], 126:[], 127:[], 128:[], 129:[], 130:[], 131:[], 132:[], 133:[], 134:[], 135:[], 136:[], 137:[], 138:[], 139:[], 140:[], 141:[], 142:[], 143:[], 144:[], 145:[], 146:[], 147:[], 148:[], 149:[], 150:[], 151:[], 152:[], 153:[], 154:[], 155:[], 156:[], 157:[], 158:[], 159:[], 160:[], 161:[], 162:[], 163:[], 164:[], 165:[], 166:[], 167:[], 168:[], 169:[], 170:[], 171:[], 172:[], 173:[], 174:[], 175:[], 176:[], 177:[], 178:[], 179:[], 180:[], 181:[], 182:[], 183:[], 184:[], 185:[], 186:[], 187:[], 188:[], 189:[], 190:[], 191:[], 192:[], 193:[], 194:[], 195:[], 196:[], 197:[], 198:[], 199:[], 200:[]",93327062320,97355633802
4861,2,40962.7041,40079833,598730596,4781954108,1059.5948,false,202,true,true,true,true,true,false,false,"0:[0, 1, 2, 3, 4, 5, 6, 7, 8, 9, 10, 11, 12, 13, 14, 15, 16, 17, 18, 19, 20, 21, 22, 23, 24, 25, 26, 27, 28, 29, 30, 31, 32, 33, 34, 35, 36, 37, 38, 39, 40, 41, 42, 43, 44, 45, 46, 47, 48, 49, 50, 51, 52, 53, 54, 55, 56, 57, 58, 59, 60, 61, 62, 63, 64, 65, 66, 67, 68, 69, 70, 71, 72, 73, 74, 75, 76, 77, 78, 79, 80, 81, 82, 83, 84, 85, 86, 87, 88, 89, 90, 91, 92, 93, 94, 95, 96, 97, 98, 99, 100, 101, 102, 103, 104, 105, 106, 107, 108, 109, 110, 111, 112, 113, 114, 115, 116, 117, 118, 119, 120, 121, 122, 123, 124, 125, 126, 127, 128, 129, 130, 131, 132, 133, 134, 135, 136, 137, 138, 139, 140, 141, 142, 143, 144, 145, 146, 147, 148, 149, 150, 151, 152, 153, 154, 155, 156, 157, 158, 159, 160, 161, 162, 163, 164, 165, 166, 167, 168, 169, 170, 171, 172, 173, 174, 175, 176, 177, 178, 179, 180, 181, 182, 183, 184, 185, 186, 187, 188, 189, 190, 191, 192, 193, 194, 195, 196, 197, 198, 199, 200, 201], 1:[], 2:[], 3:[], 4:[], 5:[], 6:[], 7:[], 8:[], 9:[], 10:[], 11:[], 12:[], 13:[], 14:[], 15:[], 16:[], 17:[], 18:[], 19:[], 20:[], 21:[], 22:[], 23:[], 24:[], 25:[], 26:[], 27:[], 28:[], 29:[], 30:[], 31:[], 32:[], 33:[], 34:[], 35:[], 36:[], 37:[], 38:[], 39:[], 40:[], 41:[], 42:[], 43:[], 44:[], 45:[], 46:[], 47:[], 48:[], 49:[], 50:[], 51:[], 52:[], 53:[], 54:[], 55:[], 56:[], 57:[], 58:[], 59:[], 60:[], 61:[], 62:[], 63:[], 64:[], 65:[], 66:[], 67:[], 68:[], 69:[], 70:[], 71:[], 72:[], 73:[], 74:[], 75:[], 76:[], 77:[], 78:[], 79:[], 80:[], 81:[], 82:[], 83:[], 84:[], 85:[], 86:[], 87:[], 88:[], 89:[], 90:[], 91:[], 92:[], 93:[], 94:[], 95:[], 96:[], 97:[], 98:[], 99:[], 100:[], 101:[], 102:[], 103:[], 104:[], 105:[], 106:[], 107:[], 108:[], 109:[], 110:[], 111:[], 112:[], 113:[], 114:[], 115:[], 116:[], 117:[], 118:[], 119:[], 120:[], 121:[], 122:[], 123:[], 124:[], 125:[], 126:[], 127:[], 128:[], 129:[], 130:[], 131:[], 132:[], 133:[], 134:[], 135:[], 136:[], 137:[], 138:[], 139:[], 140:[], 141:[], 142:[], 143:[], 144:[], 145:[], 146:[], 147:[], 148:[], 149:[], 150:[], 151:[], 152:[], 153:[], 154:[], 155:[], 156:[], 157:[], 158:[], 159:[], 160:[], 161:[], 162:[], 163:[], 164:[], 165:[], 166:[], 167:[], 168:[], 169:[], 170:[], 171:[], 172:[], 173:[], 174:[], 175:[], 176:[], 177:[], 178:[], 179:[], 180:[], 181:[], 182:[], 183:[], 184:[], 185:[], 186:[], 187:[], 188:[], 189:[], 190:[], 191:[], 192:[], 193:[], 194:[], 195:[], 196:[], 197:[], 198:[], 199:[], 200:[], 201:[]",94225955912,98662130396
4871,11,42186.6307,40327290,602430998,4811519467,1006.9382,false,202,true,true,true,true,true,false,false,"0:[0, 1, 2, 3, 4, 5, 6, 7, 8, 9, 10, 11, 12, 13, 14, 15, 16, 17, 18, 19, 20, 21, 22, 23, 24, 25, 26, 27, 28, 29, 30, 31, 32, 33, 34, 35, 36, 37, 38, 39, 40, 41, 42, 43, 44, 45, 46, 47, 48, 49, 50, 51, 52, 53, 54, 55, 56, 57, 58, 59, 60, 61, 62, 63, 64, 65, 66, 67, 68, 69, 70, 71, 72, 73, 74, 75, 76, 77, 78, 79, 80, 81, 82, 83, 84, 85, 86, 87, 88, 89, 90, 91, 92, 93, 94, 95, 96, 97, 98, 99, 100, 101, 102, 103, 104, 105, 106, 107, 108, 109, 110, 111, 112, 113, 114, 115, 116, 117, 118, 119, 120, 121, 122, 123, 124, 125, 126, 127, 128, 129, 130, 131, 132, 133, 134, 135, 136, 137, 138, 139, 140, 141, 142, 143, 144, 145, 146, 147, 148, 149, 150, 151, 152, 153, 154, 155, 156, 157, 158, 159, 160, 161, 162, 163, 164, 165, 166, 167, 168, 169, 170, 171, 172, 173, 174, 175, 176, 177, 178, 179, 180, 181, 182, 183, 184, 185, 186, 187, 188, 189, 190, 191, 192, 193, 194, 195, 196, 197, 198, 199, 200, 201], 1:[], 2:[], 3:[], 4:[], 5:[], 6:[], 7:[], 8:[], 9:[], 10:[], 11:[], 12:[], 13:[], 14:[], 15:[], 16:[], 17:[], 18:[], 19:[], 20:[], 21:[], 22:[], 23:[], 24:[], 25:[], 26:[], 27:[], 28:[], 29:[], 30:[], 31:[], 32:[], 33:[], 34:[], 35:[], 36:[], 37:[], 38:[], 39:[], 40:[], 41:[], 42:[], 43:[], 44:[], 45:[], 46:[], 47:[], 48:[], 49:[], 50:[], 51:[], 52:[], 53:[], 54:[], 55:[], 56:[], 57:[], 58:[], 59:[], 60:[], 61:[], 62:[], 63:[], 64:[], 65:[], 66:[], 67:[], 68:[], 69:[], 70:[], 71:[], 72:[], 73:[], 74:[], 75:[], 76:[], 77:[], 78:[], 79:[], 80:[], 81:[], 82:[], 83:[], 84:[], 85:[], 86:[], 87:[], 88:[], 89:[], 90:[], 91:[], 92:[], 93:[], 94:[], 95:[], 96:[], 97:[], 98:[], 99:[], 100:[], 101:[], 102:[], 103:[], 104:[], 105:[], 106:[], 107:[], 108:[], 109:[], 110:[], 111:[], 112:[], 113:[], 114:[], 115:[], 116:[], 117:[], 118:[], 119:[], 120:[], 121:[], 122:[], 123:[], 124:[], 125:[], 126:[], 127:[], 128:[], 129:[], 130:[], 131:[], 132:[], 133:[], 134:[], 135:[], 136:[], 137:[], 138:[], 139:[], 140:[], 141:[], 142:[], 143:[], 144:[], 145:[], 146:[], 147:[], 148:[], 149:[], 150:[], 151:[], 152:[], 153:[], 154:[], 155:[], 156:[], 157:[], 158:[], 159:[], 160:[], 161:[], 162:[], 163:[], 164:[], 165:[], 166:[], 167:[], 168:[], 169:[], 170:[], 171:[], 172:[], 173:[], 174:[], 175:[], 176:[], 177:[], 178:[], 179:[], 180:[], 181:[], 182:[], 183:[], 184:[], 185:[], 186:[], 187:[], 188:[], 189:[], 190:[], 191:[], 192:[], 193:[], 194:[], 195:[], 196:[], 197:[], 198:[], 199:[], 200:[], 201:[]",94527927040,99100976014
4877,2,39825.9938,40476252,604660639,4829342520,951.4109,false,204,true,true,true,true,true,false,false,"0:[0, 1, 2, 3, 4, 5, 6, 7, 8, 9, 10, 11, 12, 13, 14, 15, 16, 17, 18, 19, 20, 21, 22, 23, 24, 25, 26, 27, 28, 29, 30, 31, 32, 33, 34, 35, 36, 37, 38, 39, 40, 41, 42, 43, 44, 45, 46, 47, 48, 49, 50, 51, 52, 53, 54, 55, 56, 57, 58, 59, 60, 61, 62, 63, 64, 65, 66, 67, 68, 69, 70, 71, 72, 73, 74, 75, 76, 77, 78, 79, 80, 81, 82, 83, 84, 85, 86, 87, 88, 89, 90, 91, 92, 93, 94, 95, 96, 97, 98, 99, 100, 101, 102, 103, 104, 105, 106, 107, 108, 109, 110, 111, 112, 113, 114, 115, 116, 117, 118, 119, 120, 121, 122, 123, 124, 125, 126, 127, 128, 129, 130, 131, 132, 133, 134, 135, 136, 137, 138, 139, 140, 141, 142, 143, 144, 145, 146, 147, 148, 149, 150, 151, 152, 153, 154, 155, 156, 157, 158, 159, 160, 161, 162, 163, 164, 165, 166, 167, 168, 169, 170, 171, 172, 173, 174, 175, 176, 177, 178, 179, 180, 181, 182, 183, 184, 185, 186, 187, 188, 189, 190, 191, 192, 193, 194, 195, 196, 197, 198, 199, 200, 201, 202, 203], 1:[], 2:[], 3:[], 4:[], 5:[], 6:[], 7:[], 8:[], 9:[], 10:[], 11:[], 12:[], 13:[], 14:[], 15:[], 16:[], 17:[], 18:[], 19:[], 20:[], 21:[], 22:[], 23:[], 24:[], 25:[], 26:[], 27:[], 28:[], 29:[], 30:[], 31:[], 32:[], 33:[], 34:[], 35:[], 36:[], 37:[], 38:[], 39:[], 40:[], 41:[], 42:[], 43:[], 44:[], 45:[], 46:[], 47:[], 48:[], 49:[], 50:[], 51:[], 52:[], 53:[], 54:[], 55:[], 56:[], 57:[], 58:[], 59:[], 60:[], 61:[], 62:[], 63:[], 64:[], 65:[], 66:[], 67:[], 68:[], 69:[], 70:[], 71:[], 72:[], 73:[], 74:[], 75:[], 76:[], 77:[], 78:[], 79:[], 80:[], 81:[], 82:[], 83:[], 84:[], 85:[], 86:[], 87:[], 88:[], 89:[], 90:[], 91:[], 92:[], 93:[], 94:[], 95:[], 96:[], 97:[], 98:[], 99:[], 100:[], 101:[], 102:[], 103:[], 104:[], 105:[], 106:[], 107:[], 108:[], 109:[], 110:[], 111:[], 112:[], 113:[], 114:[], 115:[], 116:[], 117:[], 118:[], 119:[], 120:[], 121:[], 122:[], 123:[], 124:[], 125:[], 126:[], 127:[], 128:[], 129:[], 130:[], 131:[], 132:[], 133:[], 134:[], 135:[], 136:[], 137:[], 138:[], 139:[], 140:[], 141:[], 142:[], 143:[], 144:[], 145:[], 146:[], 147:[], 148:[], 149:[], 150:[], 151:[], 152:[], 153:[], 154:[], 155:[], 156:[], 157:[], 158:[], 159:[], 160:[], 161:[], 162:[], 163:[], 164:[], 165:[], 166:[], 167:[], 168:[], 169:[], 170:[], 171:[], 172:[], 173:[], 174:[], 175:[], 176:[], 177:[], 178:[], 179:[], 180:[], 181:[], 182:[], 183:[], 184:[], 185:[], 186:[], 187:[], 188:[], 189:[], 190:[], 191:[], 192:[], 193:[], 194:[], 195:[], 196:[], 197:[], 198:[], 199:[], 200:[], 201:[], 202:[], 203:[]",94709873408,99365459259
4889,3,46980.9751,40775276,609133714,4865087654,993.8458,false,204,true,true,true,true,true,false,false,"0:[0, 1, 2, 3, 4, 5, 6, 7, 8, 9, 10, 11, 12, 13, 14, 15, 16, 17, 18, 19, 20, 21, 22, 23, 24, 25, 26, 27, 28, 29, 30, 31, 32, 33, 34, 35, 36, 37, 38, 39, 40, 41, 42, 43, 44, 45, 46, 47, 48, 49, 50, 51, 52, 53, 54, 55, 56, 57, 58, 59, 60, 61, 62, 63, 64, 65, 66, 67, 68, 69, 70, 71, 72, 73, 74, 75, 76, 77, 78, 79, 80, 81, 82, 83, 84, 85, 86, 87, 88, 89, 90, 91, 92, 93, 94, 95, 96, 97, 98, 99, 100, 101, 102, 103, 104, 105, 106, 107, 108, 109, 110, 111, 112, 113, 114, 115, 116, 117, 118, 119, 120, 121, 122, 123, 124, 125, 126, 127, 128, 129, 130, 131, 132, 133, 134, 135, 136, 137, 138, 139, 140, 141, 142, 143, 144, 145, 146, 147, 148, 149, 150, 151, 152, 153, 154, 155, 156, 157, 158, 159, 160, 161, 162, 163, 164, 165, 166, 167, 168, 169, 170, 171, 172, 173, 174, 175, 176, 177, 178, 179, 180, 181, 182, 183, 184, 185, 186, 187, 188, 189, 190, 191, 192, 193, 194, 195, 196, 197, 198, 199, 200, 201, 202, 203], 1:[], 2:[], 3:[], 4:[], 5:[], 6:[], 7:[], 8:[], 9:[], 10:[], 11:[], 12:[], 13:[], 14:[], 15:[], 16:[], 17:[], 18:[], 19:[], 20:[], 21:[], 22:[], 23:[], 24:[], 25:[], 26:[], 27:[], 28:[], 29:[], 30:[], 31:[], 32:[], 33:[], 34:[], 35:[], 36:[], 37:[], 38:[], 39:[], 40:[], 41:[], 42:[], 43:[], 44:[], 45:[], 46:[], 47:[], 48:[], 49:[], 50:[], 51:[], 52:[], 53:[], 54:[], 55:[], 56:[], 57:[], 58:[], 59:[], 60:[], 61:[], 62:[], 63:[], 64:[], 65:[], 66:[], 67:[], 68:[], 69:[], 70:[], 71:[], 72:[], 73:[], 74:[], 75:[], 76:[], 77:[], 78:[], 79:[], 80:[], 81:[], 82:[], 83:[], 84:[], 85:[], 86:[], 87:[], 88:[], 89:[], 90:[], 91:[], 92:[], 93:[], 94:[], 95:[], 96:[], 97:[], 98:[], 99:[], 100:[], 101:[], 102:[], 103:[], 104:[], 105:[], 106:[], 107:[], 108:[], 109:[], 110:[], 111:[], 112:[], 113:[], 114:[], 115:[], 116:[], 117:[], 118:[], 119:[], 120:[], 121:[], 122:[], 123:[], 124:[], 125:[], 126:[], 127:[], 128:[], 129:[], 130:[], 131:[], 132:[], 133:[], 134:[], 135:[], 136:[], 137:[], 138:[], 139:[], 140:[], 141:[], 142:[], 143:[], 144:[], 145:[], 146:[], 147:[], 148:[], 149:[], 150:[], 151:[], 152:[], 153:[], 154:[], 155:[], 156:[], 157:[], 158:[], 159:[], 160:[], 161:[], 162:[], 163:[], 164:[], 165:[], 166:[], 167:[], 168:[], 169:[], 170:[], 171:[], 172:[], 173:[], 174:[], 175:[], 176:[], 177:[], 178:[], 179:[], 180:[], 181:[], 182:[], 183:[], 184:[], 185:[], 186:[], 187:[], 188:[], 189:[], 190:[], 191:[], 192:[], 193:[], 194:[], 195:[], 196:[], 197:[], 198:[], 199:[], 200:[], 201:[], 202:[], 203:[]",95074895984,99895984362
4903,3,43508.4925,41125993,614379000,4906999623,1050.5823,false,205,true,true,true,true,true,false,false,"0:[0, 1, 2, 3, 4, 5, 6, 7, 8, 9, 10, 11, 12, 13, 14, 15, 16, 17, 18, 19, 20, 21, 22, 23, 24, 25, 26, 27, 28, 29, 30, 31, 32, 33, 34, 35, 36, 37, 38, 39, 40, 41, 42, 43, 44, 45, 46, 47, 48, 49, 50, 51, 52, 53, 54, 55, 56, 57, 58, 59, 60, 61, 62, 63, 64, 65, 66, 67, 68, 69, 70, 71, 72, 73, 74, 75, 76, 77, 78, 79, 80, 81, 82, 83, 84, 85, 86, 87, 88, 89, 90, 91, 92, 93, 94, 95, 96, 97, 98, 99, 100, 101, 102, 103, 104, 105, 106, 107, 108, 109, 110, 111, 112, 113, 114, 115, 116, 117, 118, 119, 120, 121, 122, 123, 124, 125, 126, 127, 128, 129, 130, 131, 132, 133, 134, 135, 136, 137, 138, 139, 140, 141, 142, 143, 144, 145, 146, 147, 148, 149, 150, 151, 152, 153, 154, 155, 156, 157, 158, 159, 160, 161, 162, 163, 164, 165, 166, 167, 168, 169, 170, 171, 172, 173, 174, 175, 176, 177, 178, 179, 180, 181, 182, 183, 184, 185, 186, 187, 188, 189, 190, 191, 192, 193, 194, 195, 196, 197, 198, 199, 200, 201, 202, 203, 204], 1:[], 2:[], 3:[], 4:[], 5:[], 6:[], 7:[], 8:[], 9:[], 10:[], 11:[], 12:[], 13:[], 14:[], 15:[], 16:[], 17:[], 18:[], 19:[], 20:[], 21:[], 22:[], 23:[], 24:[], 25:[], 26:[], 27:[], 28:[], 29:[], 30:[], 31:[], 32:[], 33:[], 34:[], 35:[], 36:[], 37:[], 38:[], 39:[], 40:[], 41:[], 42:[], 43:[], 44:[], 45:[], 46:[], 47:[], 48:[], 49:[], 50:[], 51:[], 52:[], 53:[], 54:[], 55:[], 56:[], 57:[], 58:[], 59:[], 60:[], 61:[], 62:[], 63:[], 64:[], 65:[], 66:[], 67:[], 68:[], 69:[], 70:[], 71:[], 72:[], 73:[], 74:[], 75:[], 76:[], 77:[], 78:[], 79:[], 80:[], 81:[], 82:[], 83:[], 84:[], 85:[], 86:[], 87:[], 88:[], 89:[], 90:[], 91:[], 92:[], 93:[], 94:[], 95:[], 96:[], 97:[], 98:[], 99:[], 100:[], 101:[], 102:[], 103:[], 104:[], 105:[], 106:[], 107:[], 108:[], 109:[], 110:[], 111:[], 112:[], 113:[], 114:[], 115:[], 116:[], 117:[], 118:[], 119:[], 120:[], 121:[], 122:[], 123:[], 124:[], 125:[], 126:[], 127:[], 128:[], 129:[], 130:[], 131:[], 132:[], 133:[], 134:[], 135:[], 136:[], 137:[], 138:[], 139:[], 140:[], 141:[], 142:[], 143:[], 144:[], 145:[], 146:[], 147:[], 148:[], 149:[], 150:[], 151:[], 152:[], 153:[], 154:[], 155:[], 156:[], 157:[], 158:[], 159:[], 160:[], 161:[], 162:[], 163:[], 164:[], 165:[], 166:[], 167:[], 168:[], 169:[], 170:[], 171:[], 172:[], 173:[], 174:[], 175:[], 176:[], 177:[], 178:[], 179:[], 180:[], 181:[], 182:[], 183:[], 184:[], 185:[], 186:[], 187:[], 188:[], 189:[], 190:[], 191:[], 192:[], 193:[], 194:[], 195:[], 196:[], 197:[], 198:[], 199:[], 200:[], 201:[], 202:[], 203:[], 204:[]",95502936072,100518061312
4909,2,42058.9242,41276915,616637877,4925055656,1057.3334,false,204,true,true,true,true,true,false,false,"0:[0, 1, 2, 3, 4, 5, 6, 7, 8, 9, 10, 11, 12, 13, 14, 15, 16, 17, 18, 19, 20, 21, 22, 23, 24, 25, 26, 27, 28, 29, 30, 31, 32, 33, 34, 35, 36, 37, 38, 39, 40, 41, 42, 43, 44, 45, 46, 47, 48, 49, 50, 51, 52, 53, 54, 55, 56, 57, 58, 59, 60, 61, 62, 63, 64, 65, 66, 67, 68, 69, 70, 71, 72, 73, 74, 75, 76, 77, 78, 79, 80, 81, 82, 83, 84, 85, 86, 87, 88, 89, 90, 91, 92, 93, 94, 95, 96, 97, 98, 99, 100, 101, 102, 103, 104, 105, 106, 107, 108, 109, 110, 111, 112, 113, 114, 115, 116, 117, 118, 119, 120, 121, 122, 123, 124, 125, 126, 127, 128, 129, 130, 131, 132, 133, 134, 135, 136, 137, 138, 139, 140, 141, 142, 143, 144, 145, 146, 147, 148, 149, 150, 151, 152, 153, 154, 155, 156, 157, 158, 159, 160, 161, 162, 163, 164, 165, 166, 167, 168, 169, 170, 171, 172, 173, 174, 175, 176, 177, 178, 179, 180, 181, 182, 183, 184, 185, 186, 187, 188, 189, 190, 191, 192, 193, 194, 195, 196, 197, 198, 199, 200, 201, 202, 203], 1:[], 2:[], 3:[], 4:[], 5:[], 6:[], 7:[], 8:[], 9:[], 10:[], 11:[], 12:[], 13:[], 14:[], 15:[], 16:[], 17:[], 18:[], 19:[], 20:[], 21:[], 22:[], 23:[], 24:[], 25:[], 26:[], 27:[], 28:[], 29:[], 30:[], 31:[], 32:[], 33:[], 34:[], 35:[], 36:[], 37:[], 38:[], 39:[], 40:[], 41:[], 42:[], 43:[], 44:[], 45:[], 46:[], 47:[], 48:[], 49:[], 50:[], 51:[], 52:[], 53:[], 54:[], 55:[], 56:[], 57:[], 58:[], 59:[], 60:[], 61:[], 62:[], 63:[], 64:[], 65:[], 66:[], 67:[], 68:[], 69:[], 70:[], 71:[], 72:[], 73:[], 74:[], 75:[], 76:[], 77:[], 78:[], 79:[], 80:[], 81:[], 82:[], 83:[], 84:[], 85:[], 86:[], 87:[], 88:[], 89:[], 90:[], 91:[], 92:[], 93:[], 94:[], 95:[], 96:[], 97:[], 98:[], 99:[], 100:[], 101:[], 102:[], 103:[], 104:[], 105:[], 106:[], 107:[], 108:[], 109:[], 110:[], 111:[], 112:[], 113:[], 114:[], 115:[], 116:[], 117:[], 118:[], 119:[], 120:[], 121:[], 122:[], 123:[], 124:[], 125:[], 126:[], 127:[], 128:[], 129:[], 130:[], 131:[], 132:[], 133:[], 134:[], 135:[], 136:[], 137:[], 138:[], 139:[], 140:[], 141:[], 142:[], 143:[], 144:[], 145:[], 146:[], 147:[], 148:[], 149:[], 150:[], 151:[], 152:[], 153:[], 154:[], 155:[], 156:[], 157:[], 158:[], 159:[], 160:[], 161:[], 162:[], 163:[], 164:[], 165:[], 166:[], 167:[], 168:[], 169:[], 170:[], 171:[], 172:[], 173:[], 174:[], 175:[], 176:[], 177:[], 178:[], 179:[], 180:[], 181:[], 182:[], 183:[], 184:[], 185:[], 186:[], 187:[], 188:[], 189:[], 190:[], 191:[], 192:[], 193:[], 194:[], 195:[], 196:[], 197:[], 198:[], 199:[], 200:[], 201:[], 202:[], 203:[]",95687268360,109375945265
4919,13,48238.5446,41529270,620411719,4955208729,1011.9090,false,204,true,true,true,true,true,false,false,"0:[0, 1, 2, 3, 4, 5, 6, 7, 8, 9, 10, 11, 12, 13, 14, 15, 16, 17, 18, 19, 20, 21, 22, 23, 24, 25, 26, 27, 28, 29, 30, 31, 32, 33, 34, 35, 36, 37, 38, 39, 40, 41, 42, 43, 44, 45, 46, 47, 48, 49, 50, 51, 52, 53, 54, 55, 56, 57, 58, 59, 60, 61, 62, 63, 64, 65, 66, 67, 68, 69, 70, 71, 72, 73, 74, 75, 76, 77, 78, 79, 80, 81, 82, 83, 84, 85, 86, 87, 88, 89, 90, 91, 92, 93, 94, 95, 96, 97, 98, 99, 100, 101, 102, 103, 104, 105, 106, 107, 108, 109, 110, 111, 112, 113, 114, 115, 116, 117, 118, 119, 120, 121, 122, 123, 124, 125, 126, 127, 128, 129, 130, 131, 132, 133, 134, 135, 136, 137, 138, 139, 140, 141, 142, 143, 144, 145, 146, 147, 148, 149, 150, 151, 152, 153, 154, 155, 156, 157, 158, 159, 160, 161, 162, 163, 164, 165, 166, 167, 168, 169, 170, 171, 172, 173, 174, 175, 176, 177, 178, 179, 180, 181, 182, 183, 184, 185, 186, 187, 188, 189, 190, 191, 192, 193, 194, 195, 196, 197, 198, 199, 200, 201, 202, 203], 1:[], 2:[], 3:[], 4:[], 5:[], 6:[], 7:[], 8:[], 9:[], 10:[], 11:[], 12:[], 13:[], 14:[], 15:[], 16:[], 17:[], 18:[], 19:[], 20:[], 21:[], 22:[], 23:[], 24:[], 25:[], 26:[], 27:[], 28:[], 29:[], 30:[], 31:[], 32:[], 33:[], 34:[], 35:[], 36:[], 37:[], 38:[], 39:[], 40:[], 41:[], 42:[], 43:[], 44:[], 45:[], 46:[], 47:[], 48:[], 49:[], 50:[], 51:[], 52:[], 53:[], 54:[], 55:[], 56:[], 57:[], 58:[], 59:[], 60:[], 61:[], 62:[], 63:[], 64:[], 65:[], 66:[], 67:[], 68:[], 69:[], 70:[], 71:[], 72:[], 73:[], 74:[], 75:[], 76:[], 77:[], 78:[], 79:[], 80:[], 81:[], 82:[], 83:[], 84:[], 85:[], 86:[], 87:[], 88:[], 89:[], 90:[], 91:[], 92:[], 93:[], 94:[], 95:[], 96:[], 97:[], 98:[], 99:[], 100:[], 101:[], 102:[], 103:[], 104:[], 105:[], 106:[], 107:[], 108:[], 109:[], 110:[], 111:[], 112:[], 113:[], 114:[], 115:[], 116:[], 117:[], 118:[], 119:[], 120:[], 121:[], 122:[], 123:[], 124:[], 125:[], 126:[], 127:[], 128:[], 129:[], 130:[], 131:[], 132:[], 133:[], 134:[], 135:[], 136:[], 137:[], 138:[], 139:[], 140:[], 141:[], 142:[], 143:[], 144:[], 145:[], 146:[], 147:[], 148:[], 149:[], 150:[], 151:[], 152:[], 153:[], 154:[], 155:[], 156:[], 157:[], 158:[], 159:[], 160:[], 161:[], 162:[], 163:[], 164:[], 165:[], 166:[], 167:[], 168:[], 169:[], 170:[], 171:[], 172:[], 173:[], 174:[], 175:[], 176:[], 177:[], 178:[], 179:[], 180:[], 181:[], 182:[], 183:[], 184:[], 185:[], 186:[], 187:[], 188:[], 189:[], 190:[], 191:[], 192:[], 193:[], 194:[], 195:[], 196:[], 197:[], 198:[], 199:[], 200:[], 201:[], 202:[], 203:[]",95995232240,109823501267
4931,2,40054.4001,41833450,624962081,4991571998,988.5093,false,206,true,true,true,true,true,false,false,"0:[0, 1, 2, 3, 4, 5, 6, 7, 8, 9, 10, 11, 12, 13, 14, 15, 16, 17, 18, 19, 20, 21, 22, 23, 24, 25, 26, 27, 28, 29, 30, 31, 32, 33, 34, 35, 36, 37, 38, 39, 40, 41, 42, 43, 44, 45, 46, 47, 48, 49, 50, 51, 52, 53, 54, 55, 56, 57, 58, 59, 60, 61, 62, 63, 64, 65, 66, 67, 68, 69, 70, 71, 72, 73, 74, 75, 76, 77, 78, 79, 80, 81, 82, 83, 84, 85, 86, 87, 88, 89, 90, 91, 92, 93, 94, 95, 96, 97, 98, 99, 100, 101, 102, 103, 104, 105, 106, 107, 108, 109, 110, 111, 112, 113, 114, 115, 116, 117, 118, 119, 120, 121, 122, 123, 124, 125, 126, 127, 128, 129, 130, 131, 132, 133, 134, 135, 136, 137, 138, 139, 140, 141, 142, 143, 144, 145, 146, 147, 148, 149, 150, 151, 152, 153, 154, 155, 156, 157, 158, 159, 160, 161, 162, 163, 164, 165, 166, 167, 168, 169, 170, 171, 172, 173, 174, 175, 176, 177, 178, 179, 180, 181, 182, 183, 184, 185, 186, 187, 188, 189, 190, 191, 192, 193, 194, 195, 196, 197, 198, 199, 200, 201, 202, 203, 204, 205], 1:[], 2:[], 3:[], 4:[], 5:[], 6:[], 7:[], 8:[], 9:[], 10:[], 11:[], 12:[], 13:[], 14:[], 15:[], 16:[], 17:[], 18:[], 19:[], 20:[], 21:[], 22:[], 23:[], 24:[], 25:[], 26:[], 27:[], 28:[], 29:[], 30:[], 31:[], 32:[], 33:[], 34:[], 35:[], 36:[], 37:[], 38:[], 39:[], 40:[], 41:[], 42:[], 43:[], 44:[], 45:[], 46:[], 47:[], 48:[], 49:[], 50:[], 51:[], 52:[], 53:[], 54:[], 55:[], 56:[], 57:[], 58:[], 59:[], 60:[], 61:[], 62:[], 63:[], 64:[], 65:[], 66:[], 67:[], 68:[], 69:[], 70:[], 71:[], 72:[], 73:[], 74:[], 75:[], 76:[], 77:[], 78:[], 79:[], 80:[], 81:[], 82:[], 83:[], 84:[], 85:[], 86:[], 87:[], 88:[], 89:[], 90:[], 91:[], 92:[], 93:[], 94:[], 95:[], 96:[], 97:[], 98:[], 99:[], 100:[], 101:[], 102:[], 103:[], 104:[], 105:[], 106:[], 107:[], 108:[], 109:[], 110:[], 111:[], 112:[], 113:[], 114:[], 115:[], 116:[], 117:[], 118:[], 119:[], 120:[], 121:[], 122:[], 123:[], 124:[], 125:[], 126:[], 127:[], 128:[], 129:[], 130:[], 131:[], 132:[], 133:[], 134:[], 135:[], 136:[], 137:[], 138:[], 139:[], 140:[], 141:[], 142:[], 143:[], 144:[], 145:[], 146:[], 147:[], 148:[], 149:[], 150:[], 151:[], 152:[], 153:[], 154:[], 155:[], 156:[], 157:[], 158:[], 159:[], 160:[], 161:[], 162:[], 163:[], 164:[], 165:[], 166:[], 167:[], 168:[], 169:[], 170:[], 171:[], 172:[], 173:[], 174:[], 175:[], 176:[], 177:[], 178:[], 179:[], 180:[], 181:[], 182:[], 183:[], 184:[], 185:[], 186:[], 187:[], 188:[], 189:[], 190:[], 191:[], 192:[], 193:[], 194:[], 195:[], 196:[], 197:[], 198:[], 199:[], 200:[], 201:[], 202:[], 203:[], 204:[], 205:[]",96366561520,110363193429
4933,2,41692.0181,41884291,625723937,4997665672,998.5295,false,206,true,true,true,true,true,false,false,"0:[0, 1, 2, 3, 4, 5, 6, 7, 8, 9, 10, 11, 12, 13, 14, 15, 16, 17, 18, 19, 20, 21, 22, 23, 24, 25, 26, 27, 28, 29, 30, 31, 32, 33, 34, 35, 36, 37, 38, 39, 40, 41, 42, 43, 44, 45, 46, 47, 48, 49, 50, 51, 52, 53, 54, 55, 56, 57, 58, 59, 60, 61, 62, 63, 64, 65, 66, 67, 68, 69, 70, 71, 72, 73, 74, 75, 76, 77, 78, 79, 80, 81, 82, 83, 84, 85, 86, 87, 88, 89, 90, 91, 92, 93, 94, 95, 96, 97, 98, 99, 100, 101, 102, 103, 104, 105, 106, 107, 108, 109, 110, 111, 112, 113, 114, 115, 116, 117, 118, 119, 120, 121, 122, 123, 124, 125, 126, 127, 128, 129, 130, 131, 132, 133, 134, 135, 136, 137, 138, 139, 140, 141, 142, 143, 144, 145, 146, 147, 148, 149, 150, 151, 152, 153, 154, 155, 156, 157, 158, 159, 160, 161, 162, 163, 164, 165, 166, 167, 168, 169, 170, 171, 172, 173, 174, 175, 176, 177, 178, 179, 180, 181, 182, 183, 184, 185, 186, 187, 188, 189, 190, 191, 192, 193, 194, 195, 196, 197, 198, 199, 200, 201, 202, 203, 204, 205], 1:[], 2:[], 3:[], 4:[], 5:[], 6:[], 7:[], 8:[], 9:[], 10:[], 11:[], 12:[], 13:[], 14:[], 15:[], 16:[], 17:[], 18:[], 19:[], 20:[], 21:[], 22:[], 23:[], 24:[], 25:[], 26:[], 27:[], 28:[], 29:[], 30:[], 31:[], 32:[], 33:[], 34:[], 35:[], 36:[], 37:[], 38:[], 39:[], 40:[], 41:[], 42:[], 43:[], 44:[], 45:[], 46:[], 47:[], 48:[], 49:[], 50:[], 51:[], 52:[], 53:[], 54:[], 55:[], 56:[], 57:[], 58:[], 59:[], 60:[], 61:[], 62:[], 63:[], 64:[], 65:[], 66:[], 67:[], 68:[], 69:[], 70:[], 71:[], 72:[], 73:[], 74:[], 75:[], 76:[], 77:[], 78:[], 79:[], 80:[], 81:[], 82:[], 83:[], 84:[], 85:[], 86:[], 87:[], 88:[], 89:[], 90:[], 91:[], 92:[], 93:[], 94:[], 95:[], 96:[], 97:[], 98:[], 99:[], 100:[], 101:[], 102:[], 103:[], 104:[], 105:[], 106:[], 107:[], 108:[], 109:[], 110:[], 111:[], 112:[], 113:[], 114:[], 115:[], 116:[], 117:[], 118:[], 119:[], 120:[], 121:[], 122:[], 123:[], 124:[], 125:[], 126:[], 127:[], 128:[], 129:[], 130:[], 131:[], 132:[], 133:[], 134:[], 135:[], 136:[], 137:[], 138:[], 139:[], 140:[], 141:[], 142:[], 143:[], 144:[], 145:[], 146:[], 147:[], 148:[], 149:[], 150:[], 151:[], 152:[], 153:[], 154:[], 155:[], 156:[], 157:[], 158:[], 159:[], 160:[], 161:[], 162:[], 163:[], 164:[], 165:[], 166:[], 167:[], 168:[], 169:[], 170:[], 171:[], 172:[], 173:[], 174:[], 175:[], 176:[], 177:[], 178:[], 179:[], 180:[], 181:[], 182:[], 183:[], 184:[], 185:[], 186:[], 187:[], 188:[], 189:[], 190:[], 191:[], 192:[], 193:[], 194:[], 195:[], 196:[], 197:[], 198:[], 199:[], 200:[], 201:[], 202:[], 203:[], 204:[], 205:[]",96428730184,110453591213
4937,3,48052.2657,41986096,627246901,5009836209,1027.0384,false,205,true,true,true,true,true,false,false,"0:[0, 1, 2, 3, 4, 5, 6, 7, 8, 9, 10, 11, 12, 13, 14, 15, 16, 17, 18, 19, 20, 21, 22, 23, 24, 25, 26, 27, 28, 29, 30, 31, 32, 33, 34, 35, 36, 37, 38, 39, 40, 41, 42, 43, 44, 45, 46, 47, 48, 49, 50, 51, 52, 53, 54, 55, 56, 57, 58, 59, 60, 61, 62, 63, 64, 65, 66, 67, 68, 69, 70, 71, 72, 73, 74, 75, 76, 77, 78, 79, 80, 81, 82, 83, 84, 85, 86, 87, 88, 89, 90, 91, 92, 93, 94, 95, 96, 97, 98, 99, 100, 101, 102, 103, 104, 105, 106, 107, 108, 109, 110, 111, 112, 113, 114, 115, 116, 117, 118, 119, 120, 121, 122, 123, 124, 125, 126, 127, 128, 129, 130, 131, 132, 133, 134, 135, 136, 137, 138, 139, 140, 141, 142, 143, 144, 145, 146, 147, 148, 149, 150, 151, 152, 153, 154, 155, 156, 157, 158, 159, 160, 161, 162, 163, 164, 165, 166, 167, 168, 169, 170, 171, 172, 173, 174, 175, 176, 177, 178, 179, 180, 181, 182, 183, 184, 185, 186, 187, 188, 189, 190, 191, 192, 193, 194, 195, 196, 197, 198, 199, 200, 201, 202, 203, 204], 1:[], 2:[], 3:[], 4:[], 5:[], 6:[], 7:[], 8:[], 9:[], 10:[], 11:[], 12:[], 13:[], 14:[], 15:[], 16:[], 17:[], 18:[], 19:[], 20:[], 21:[], 22:[], 23:[], 24:[], 25:[], 26:[], 27:[], 28:[], 29:[], 30:[], 31:[], 32:[], 33:[], 34:[], 35:[], 36:[], 37:[], 38:[], 39:[], 40:[], 41:[], 42:[], 43:[], 44:[], 45:[], 46:[], 47:[], 48:[], 49:[], 50:[], 51:[], 52:[], 53:[], 54:[], 55:[], 56:[], 57:[], 58:[], 59:[], 60:[], 61:[], 62:[], 63:[], 64:[], 65:[], 66:[], 67:[], 68:[], 69:[], 70:[], 71:[], 72:[], 73:[], 74:[], 75:[], 76:[], 77:[], 78:[], 79:[], 80:[], 81:[], 82:[], 83:[], 84:[], 85:[], 86:[], 87:[], 88:[], 89:[], 90:[], 91:[], 92:[], 93:[], 94:[], 95:[], 96:[], 97:[], 98:[], 99:[], 100:[], 101:[], 102:[], 103:[], 104:[], 105:[], 106:[], 107:[], 108:[], 109:[], 110:[], 111:[], 112:[], 113:[], 114:[], 115:[], 116:[], 117:[], 118:[], 119:[], 120:[], 121:[], 122:[], 123:[], 124:[], 125:[], 126:[], 127:[], 128:[], 129:[], 130:[], 131:[], 132:[], 133:[], 134:[], 135:[], 136:[], 137:[], 138:[], 139:[], 140:[], 141:[], 142:[], 143:[], 144:[], 145:[], 146:[], 147:[], 148:[], 149:[], 150:[], 151:[], 152:[], 153:[], 154:[], 155:[], 156:[], 157:[], 158:[], 159:[], 160:[], 161:[], 162:[], 163:[], 164:[], 165:[], 166:[], 167:[], 168:[], 169:[], 170:[], 171:[], 172:[], 173:[], 174:[], 175:[], 176:[], 177:[], 178:[], 179:[], 180:[], 181:[], 182:[], 183:[], 184:[], 185:[], 186:[], 187:[], 188:[], 189:[], 190:[], 191:[], 192:[], 193:[], 194:[], 195:[], 196:[], 197:[], 198:[], 199:[], 200:[], 201:[], 202:[], 203:[], 204:[]",96553010624,110634221289
4943,5,44976.1657,42139113,629534697,5028113615,1008.5957,false,206,true,true,true,true,true,false,false,"0:[0, 1, 2, 3, 4, 5, 6, 7, 8, 9, 10, 11, 12, 13, 14, 15, 16, 17, 18, 19, 20, 21, 22, 23, 24, 25, 26, 27, 28, 29, 30, 31, 32, 33, 34, 35, 36, 37, 38, 39, 40, 41, 42, 43, 44, 45, 46, 47, 48, 49, 50, 51, 52, 53, 54, 55, 56, 57, 58, 59, 60, 61, 62, 63, 64, 65, 66, 67, 68, 69, 70, 71, 72, 73, 74, 75, 76, 77, 78, 79, 80, 81, 82, 83, 84, 85, 86, 87, 88, 89, 90, 91, 92, 93, 94, 95, 96, 97, 98, 99, 100, 101, 102, 103, 104, 105, 106, 107, 108, 109, 110, 111, 112, 113, 114, 115, 116, 117, 118, 119, 120, 121, 122, 123, 124, 125, 126, 127, 128, 129, 130, 131, 132, 133, 134, 135, 136, 137, 138, 139, 140, 141, 142, 143, 144, 145, 146, 147, 148, 149, 150, 151, 152, 153, 154, 155, 156, 157, 158, 159, 160, 161, 162, 163, 164, 165, 166, 167, 168, 169, 170, 171, 172, 173, 174, 175, 176, 177, 178, 179, 180, 181, 182, 183, 184, 185, 186, 187, 188, 189, 190, 191, 192, 193, 194, 195, 196, 197, 198, 199, 200, 201, 202, 203, 204, 205], 1:[], 2:[], 3:[], 4:[], 5:[], 6:[], 7:[], 8:[], 9:[], 10:[], 11:[], 12:[], 13:[], 14:[], 15:[], 16:[], 17:[], 18:[], 19:[], 20:[], 21:[], 22:[], 23:[], 24:[], 25:[], 26:[], 27:[], 28:[], 29:[], 30:[], 31:[], 32:[], 33:[], 34:[], 35:[], 36:[], 37:[], 38:[], 39:[], 40:[], 41:[], 42:[], 43:[], 44:[], 45:[], 46:[], 47:[], 48:[], 49:[], 50:[], 51:[], 52:[], 53:[], 54:[], 55:[], 56:[], 57:[], 58:[], 59:[], 60:[], 61:[], 62:[], 63:[], 64:[], 65:[], 66:[], 67:[], 68:[], 69:[], 70:[], 71:[], 72:[], 73:[], 74:[], 75:[], 76:[], 77:[], 78:[], 79:[], 80:[], 81:[], 82:[], 83:[], 84:[], 85:[], 86:[], 87:[], 88:[], 89:[], 90:[], 91:[], 92:[], 93:[], 94:[], 95:[], 96:[], 97:[], 98:[], 99:[], 100:[], 101:[], 102:[], 103:[], 104:[], 105:[], 106:[], 107:[], 108:[], 109:[], 110:[], 111:[], 112:[], 113:[], 114:[], 115:[], 116:[], 117:[], 118:[], 119:[], 120:[], 121:[], 122:[], 123:[], 124:[], 125:[], 126:[], 127:[], 128:[], 129:[], 130:[], 131:[], 132:[], 133:[], 134:[], 135:[], 136:[], 137:[], 138:[], 139:[], 140:[], 141:[], 142:[], 143:[], 144:[], 145:[], 146:[], 147:[], 148:[], 149:[], 150:[], 151:[], 152:[], 153:[], 154:[], 155:[], 156:[], 157:[], 158:[], 159:[], 160:[], 161:[], 162:[], 163:[], 164:[], 165:[], 166:[], 167:[], 168:[], 169:[], 170:[], 171:[], 172:[], 173:[], 174:[], 175:[], 176:[], 177:[], 178:[], 179:[], 180:[], 181:[], 182:[], 183:[], 184:[], 185:[], 186:[], 187:[], 188:[], 189:[], 190:[], 191:[], 192:[], 193:[], 194:[], 195:[], 196:[], 197:[], 198:[], 199:[], 200:[], 201:[], 202:[], 203:[], 204:[], 205:[]",96739706712,110905525637
4951,3,50615.8703,42343713,632595437,5052573031,1344.7640,false,206,true,true,true,true,true,false,false,"0:[0, 1, 2, 3, 4, 5, 6, 7, 8, 9, 10, 11, 12, 13, 14, 15, 16, 17, 18, 19, 20, 21, 22, 23, 24, 25, 26, 27, 28, 29, 30, 31, 32, 33, 34, 35, 36, 37, 38, 39, 40, 41, 42, 43, 44, 45, 46, 47, 48, 49, 50, 51, 52, 53, 54, 55, 56, 57, 58, 59, 60, 61, 62, 63, 64, 65, 66, 67, 68, 69, 70, 71, 72, 73, 74, 75, 76, 77, 78, 79, 80, 81, 82, 83, 84, 85, 86, 87, 88, 89, 90, 91, 92, 93, 94, 95, 96, 97, 98, 99, 100, 101, 102, 103, 104, 105, 106, 107, 108, 109, 110, 111, 112, 113, 114, 115, 116, 117, 118, 119, 120, 121, 122, 123, 124, 125, 126, 127, 128, 129, 130, 131, 132, 133, 134, 135, 136, 137, 138, 139, 140, 141, 142, 143, 144, 145, 146, 147, 148, 149, 150, 151, 152, 153, 154, 155, 156, 157, 158, 159, 160, 161, 162, 163, 164, 165, 166, 167, 168, 169, 170, 171, 172, 173, 174, 175, 176, 177, 178, 179, 180, 181, 182, 183, 184, 185, 186, 187, 188, 189, 190, 191, 192, 193, 194, 195, 196, 197, 198, 199, 200, 201, 202, 203, 204, 205], 1:[], 2:[], 3:[], 4:[], 5:[], 6:[], 7:[], 8:[], 9:[], 10:[], 11:[], 12:[], 13:[], 14:[], 15:[], 16:[], 17:[], 18:[], 19:[], 20:[], 21:[], 22:[], 23:[], 24:[], 25:[], 26:[], 27:[], 28:[], 29:[], 30:[], 31:[], 32:[], 33:[], 34:[], 35:[], 36:[], 37:[], 38:[], 39:[], 40:[], 41:[], 42:[], 43:[], 44:[], 45:[], 46:[], 47:[], 48:[], 49:[], 50:[], 51:[], 52:[], 53:[], 54:[], 55:[], 56:[], 57:[], 58:[], 59:[], 60:[], 61:[], 62:[], 63:[], 64:[], 65:[], 66:[], 67:[], 68:[], 69:[], 70:[], 71:[], 72:[], 73:[], 74:[], 75:[], 76:[], 77:[], 78:[], 79:[], 80:[], 81:[], 82:[], 83:[], 84:[], 85:[], 86:[], 87:[], 88:[], 89:[], 90:[], 91:[], 92:[], 93:[], 94:[], 95:[], 96:[], 97:[], 98:[], 99:[], 100:[], 101:[], 102:[], 103:[], 104:[], 105:[], 106:[], 107:[], 108:[], 109:[], 110:[], 111:[], 112:[], 113:[], 114:[], 115:[], 116:[], 117:[], 118:[], 119:[], 120:[], 121:[], 122:[], 123:[], 124:[], 125:[], 126:[], 127:[], 128:[], 129:[], 130:[], 131:[], 132:[], 133:[], 134:[], 135:[], 136:[], 137:[], 138:[], 139:[], 140:[], 141:[], 142:[], 143:[], 144:[], 145:[], 146:[], 147:[], 148:[], 149:[], 150:[], 151:[], 152:[], 153:[], 154:[], 155:[], 156:[], 157:[], 158:[], 159:[], 160:[], 161:[], 162:[], 163:[], 164:[], 165:[], 166:[], 167:[], 168:[], 169:[], 170:[], 171:[], 172:[], 173:[], 174:[], 175:[], 176:[], 177:[], 178:[], 179:[], 180:[], 181:[], 182:[], 183:[], 184:[], 185:[], 186:[], 187:[], 188:[], 189:[], 190:[], 191:[], 192:[], 193:[], 194:[], 195:[], 196:[], 197:[], 198:[], 199:[], 200:[], 201:[], 202:[], 203:[], 204:[], 205:[]",96989476312,111268542681
4957,2,43175.4926,42497597,634898782,5070985232,1044.1130,false,207,true,true,true,true,true,false,false,"0:[0, 1, 2, 3, 4, 5, 6, 7, 8, 9, 10, 11, 12, 13, 14, 15, 16, 17, 18, 19, 20, 21, 22, 23, 24, 25, 26, 27, 28, 29, 30, 31, 32, 33, 34, 35, 36, 37, 38, 39, 40, 41, 42, 43, 44, 45, 46, 47, 48, 49, 50, 51, 52, 53, 54, 55, 56, 57, 58, 59, 60, 61, 62, 63, 64, 65, 66, 67, 68, 69, 70, 71, 72, 73, 74, 75, 76, 77, 78, 79, 80, 81, 82, 83, 84, 85, 86, 87, 88, 89, 90, 91, 92, 93, 94, 95, 96, 97, 98, 99, 100, 101, 102, 103, 104, 105, 106, 107, 108, 109, 110, 111, 112, 113, 114, 115, 116, 117, 118, 119, 120, 121, 122, 123, 124, 125, 126, 127, 128, 129, 130, 131, 132, 133, 134, 135, 136, 137, 138, 139, 140, 141, 142, 143, 144, 145, 146, 147, 148, 149, 150, 151, 152, 153, 154, 155, 156, 157, 158, 159, 160, 161, 162, 163, 164, 165, 166, 167, 168, 169, 170, 171, 172, 173, 174, 175, 176, 177, 178, 179, 180, 181, 182, 183, 184, 185, 186, 187, 188, 189, 190, 191, 192, 193, 194, 195, 196, 197, 198, 199, 200, 201, 202, 203, 204, 205, 206], 1:[], 2:[], 3:[], 4:[], 5:[], 6:[], 7:[], 8:[], 9:[], 10:[], 11:[], 12:[], 13:[], 14:[], 15:[], 16:[], 17:[], 18:[], 19:[], 20:[], 21:[], 22:[], 23:[], 24:[], 25:[], 26:[], 27:[], 28:[], 29:[], 30:[], 31:[], 32:[], 33:[], 34:[], 35:[], 36:[], 37:[], 38:[], 39:[], 40:[], 41:[], 42:[], 43:[], 44:[], 45:[], 46:[], 47:[], 48:[], 49:[], 50:[], 51:[], 52:[], 53:[], 54:[], 55:[], 56:[], 57:[], 58:[], 59:[], 60:[], 61:[], 62:[], 63:[], 64:[], 65:[], 66:[], 67:[], 68:[], 69:[], 70:[], 71:[], 72:[], 73:[], 74:[], 75:[], 76:[], 77:[], 78:[], 79:[], 80:[], 81:[], 82:[], 83:[], 84:[], 85:[], 86:[], 87:[], 88:[], 89:[], 90:[], 91:[], 92:[], 93:[], 94:[], 95:[], 96:[], 97:[], 98:[], 99:[], 100:[], 101:[], 102:[], 103:[], 104:[], 105:[], 106:[], 107:[], 108:[], 109:[], 110:[], 111:[], 112:[], 113:[], 114:[], 115:[], 116:[], 117:[], 118:[], 119:[], 120:[], 121:[], 122:[], 123:[], 124:[], 125:[], 126:[], 127:[], 128:[], 129:[], 130:[], 131:[], 132:[], 133:[], 134:[], 135:[], 136:[], 137:[], 138:[], 139:[], 140:[], 141:[], 142:[], 143:[], 144:[], 145:[], 146:[], 147:[], 148:[], 149:[], 150:[], 151:[], 152:[], 153:[], 154:[], 155:[], 156:[], 157:[], 158:[], 159:[], 160:[], 161:[], 162:[], 163:[], 164:[], 165:[], 166:[], 167:[], 168:[], 169:[], 170:[], 171:[], 172:[], 173:[], 174:[], 175:[], 176:[], 177:[], 178:[], 179:[], 180:[], 181:[], 182:[], 183:[], 184:[], 185:[], 186:[], 187:[], 188:[], 189:[], 190:[], 191:[], 192:[], 193:[], 194:[], 195:[], 196:[], 197:[], 198:[], 199:[], 200:[], 201:[], 202:[], 203:[], 204:[], 205:[], 206:[]",97177437128,111541766942
4967,5,44756.2857,42754898,638746668,5101730023,1273.3575,false,207,true,true,true,true,true,false,false,"0:[0, 1, 2, 3, 4, 5, 6, 7, 8, 9, 10, 11, 12, 13, 14, 15, 16, 17, 18, 19, 20, 21, 22, 23, 24, 25, 26, 27, 28, 29, 30, 31, 32, 33, 34, 35, 36, 37, 38, 39, 40, 41, 42, 43, 44, 45, 46, 47, 48, 49, 50, 51, 52, 53, 54, 55, 56, 57, 58, 59, 60, 61, 62, 63, 64, 65, 66, 67, 68, 69, 70, 71, 72, 73, 74, 75, 76, 77, 78, 79, 80, 81, 82, 83, 84, 85, 86, 87, 88, 89, 90, 91, 92, 93, 94, 95, 96, 97, 98, 99, 100, 101, 102, 103, 104, 105, 106, 107, 108, 109, 110, 111, 112, 113, 114, 115, 116, 117, 118, 119, 120, 121, 122, 123, 124, 125, 126, 127, 128, 129, 130, 131, 132, 133, 134, 135, 136, 137, 138, 139, 140, 141, 142, 143, 144, 145, 146, 147, 148, 149, 150, 151, 152, 153, 154, 155, 156, 157, 158, 159, 160, 161, 162, 163, 164, 165, 166, 167, 168, 169, 170, 171, 172, 173, 174, 175, 176, 177, 178, 179, 180, 181, 182, 183, 184, 185, 186, 187, 188, 189, 190, 191, 192, 193, 194, 195, 196, 197, 198, 199, 200, 201, 202, 203, 204, 205, 206], 1:[], 2:[], 3:[], 4:[], 5:[], 6:[], 7:[], 8:[], 9:[], 10:[], 11:[], 12:[], 13:[], 14:[], 15:[], 16:[], 17:[], 18:[], 19:[], 20:[], 21:[], 22:[], 23:[], 24:[], 25:[], 26:[], 27:[], 28:[], 29:[], 30:[], 31:[], 32:[], 33:[], 34:[], 35:[], 36:[], 37:[], 38:[], 39:[], 40:[], 41:[], 42:[], 43:[], 44:[], 45:[], 46:[], 47:[], 48:[], 49:[], 50:[], 51:[], 52:[], 53:[], 54:[], 55:[], 56:[], 57:[], 58:[], 59:[], 60:[], 61:[], 62:[], 63:[], 64:[], 65:[], 66:[], 67:[], 68:[], 69:[], 70:[], 71:[], 72:[], 73:[], 74:[], 75:[], 76:[], 77:[], 78:[], 79:[], 80:[], 81:[], 82:[], 83:[], 84:[], 85:[], 86:[], 87:[], 88:[], 89:[], 90:[], 91:[], 92:[], 93:[], 94:[], 95:[], 96:[], 97:[], 98:[], 99:[], 100:[], 101:[], 102:[], 103:[], 104:[], 105:[], 106:[], 107:[], 108:[], 109:[], 110:[], 111:[], 112:[], 113:[], 114:[], 115:[], 116:[], 117:[], 118:[], 119:[], 120:[], 121:[], 122:[], 123:[], 124:[], 125:[], 126:[], 127:[], 128:[], 129:[], 130:[], 131:[], 132:[], 133:[], 134:[], 135:[], 136:[], 137:[], 138:[], 139:[], 140:[], 141:[], 142:[], 143:[], 144:[], 145:[], 146:[], 147:[], 148:[], 149:[], 150:[], 151:[], 152:[], 153:[], 154:[], 155:[], 156:[], 157:[], 158:[], 159:[], 160:[], 161:[], 162:[], 163:[], 164:[], 165:[], 166:[], 167:[], 168:[], 169:[], 170:[], 171:[], 172:[], 173:[], 174:[], 175:[], 176:[], 177:[], 178:[], 179:[], 180:[], 181:[], 182:[], 183:[], 184:[], 185:[], 186:[], 187:[], 188:[], 189:[], 190:[], 191:[], 192:[], 193:[], 194:[], 195:[], 196:[], 197:[], 198:[], 199:[], 200:[], 201:[], 202:[], 203:[], 204:[], 205:[], 206:[]",97491443232,111998104156
4969,7,55843.6796,42806483,639519620,5107912036,1067.0309,false,208,true,true,true,true,true,false,false,"0:[0, 1, 2, 3, 4, 5, 6, 7, 8, 9, 10, 11, 12, 13, 14, 15, 16, 17, 18, 19, 20, 21, 22, 23, 24, 25, 26, 27, 28, 29, 30, 31, 32, 33, 34, 35, 36, 37, 38, 39, 40, 41, 42, 43, 44, 45, 46, 47, 48, 49, 50, 51, 52, 53, 54, 55, 56, 57, 58, 59, 60, 61, 62, 63, 64, 65, 66, 67, 68, 69, 70, 71, 72, 73, 74, 75, 76, 77, 78, 79, 80, 81, 82, 83, 84, 85, 86, 87, 88, 89, 90, 91, 92, 93, 94, 95, 96, 97, 98, 99, 100, 101, 102, 103, 104, 105, 106, 107, 108, 109, 110, 111, 112, 113, 114, 115, 116, 117, 118, 119, 120, 121, 122, 123, 124, 125, 126, 127, 128, 129, 130, 131, 132, 133, 134, 135, 136, 137, 138, 139, 140, 141, 142, 143, 144, 145, 146, 147, 148, 149, 150, 151, 152, 153, 154, 155, 156, 157, 158, 159, 160, 161, 162, 163, 164, 165, 166, 167, 168, 169, 170, 171, 172, 173, 174, 175, 176, 177, 178, 179, 180, 181, 182, 183, 184, 185, 186, 187, 188, 189, 190, 191, 192, 193, 194, 195, 196, 197, 198, 199, 200, 201, 202, 203, 204, 205, 206, 207], 1:[], 2:[], 3:[], 4:[], 5:[], 6:[], 7:[], 8:[], 9:[], 10:[], 11:[], 12:[], 13:[], 14:[], 15:[], 16:[], 17:[], 18:[], 19:[], 20:[], 21:[], 22:[], 23:[], 24:[], 25:[], 26:[], 27:[], 28:[], 29:[], 30:[], 31:[], 32:[], 33:[], 34:[], 35:[], 36:[], 37:[], 38:[], 39:[], 40:[], 41:[], 42:[], 43:[], 44:[], 45:[], 46:[], 47:[], 48:[], 49:[], 50:[], 51:[], 52:[], 53:[], 54:[], 55:[], 56:[], 57:[], 58:[], 59:[], 60:[], 61:[], 62:[], 63:[], 64:[], 65:[], 66:[], 67:[], 68:[], 69:[], 70:[], 71:[], 72:[], 73:[], 74:[], 75:[], 76:[], 77:[], 78:[], 79:[], 80:[], 81:[], 82:[], 83:[], 84:[], 85:[], 86:[], 87:[], 88:[], 89:[], 90:[], 91:[], 92:[], 93:[], 94:[], 95:[], 96:[], 97:[], 98:[], 99:[], 100:[], 101:[], 102:[], 103:[], 104:[], 105:[], 106:[], 107:[], 108:[], 109:[], 110:[], 111:[], 112:[], 113:[], 114:[], 115:[], 116:[], 117:[], 118:[], 119:[], 120:[], 121:[], 122:[], 123:[], 124:[], 125:[], 126:[], 127:[], 128:[], 129:[], 130:[], 131:[], 132:[], 133:[], 134:[], 135:[], 136:[], 137:[], 138:[], 139:[], 140:[], 141:[], 142:[], 143:[], 144:[], 145:[], 146:[], 147:[], 148:[], 149:[], 150:[], 151:[], 152:[], 153:[], 154:[], 155:[], 156:[], 157:[], 158:[], 159:[], 160:[], 161:[], 162:[], 163:[], 164:[], 165:[], 166:[], 167:[], 168:[], 169:[], 170:[], 171:[], 172:[], 173:[], 174:[], 175:[], 176:[], 177:[], 178:[], 179:[], 180:[], 181:[], 182:[], 183:[], 184:[], 185:[], 186:[], 187:[], 188:[], 189:[], 190:[], 191:[], 192:[], 193:[], 194:[], 195:[], 196:[], 197:[], 198:[], 199:[], 200:[], 201:[], 202:[], 203:[], 204:[], 205:[], 206:[], 207:[]",97554517432,112089817516
4973,2,46291.3162,42909776,641064892,5120261075,1077.3244,false,208,true,true,true,true,true,false,false,"0:[0, 1, 2, 3, 4, 5, 6, 7, 8, 9, 10, 11, 12, 13, 14, 15, 16, 17, 18, 19, 20, 21, 22, 23, 24, 25, 26, 27, 28, 29, 30, 31, 32, 33, 34, 35, 36, 37, 38, 39, 40, 41, 42, 43, 44, 45, 46, 47, 48, 49, 50, 51, 52, 53, 54, 55, 56, 57, 58, 59, 60, 61, 62, 63, 64, 65, 66, 67, 68, 69, 70, 71, 72, 73, 74, 75, 76, 77, 78, 79, 80, 81, 82, 83, 84, 85, 86, 87, 88, 89, 90, 91, 92, 93, 94, 95, 96, 97, 98, 99, 100, 101, 102, 103, 104, 105, 106, 107, 108, 109, 110, 111, 112, 113, 114, 115, 116, 117, 118, 119, 120, 121, 122, 123, 124, 125, 126, 127, 128, 129, 130, 131, 132, 133, 134, 135, 136, 137, 138, 139, 140, 141, 142, 143, 144, 145, 146, 147, 148, 149, 150, 151, 152, 153, 154, 155, 156, 157, 158, 159, 160, 161, 162, 163, 164, 165, 166, 167, 168, 169, 170, 171, 172, 173, 174, 175, 176, 177, 178, 179, 180, 181, 182, 183, 184, 185, 186, 187, 188, 189, 190, 191, 192, 193, 194, 195, 196, 197, 198, 199, 200, 201, 202, 203, 204, 205, 206, 207], 1:[], 2:[], 3:[], 4:[], 5:[], 6:[], 7:[], 8:[], 9:[], 10:[], 11:[], 12:[], 13:[], 14:[], 15:[], 16:[], 17:[], 18:[], 19:[], 20:[], 21:[], 22:[], 23:[], 24:[], 25:[], 26:[], 27:[], 28:[], 29:[], 30:[], 31:[], 32:[], 33:[], 34:[], 35:[], 36:[], 37:[], 38:[], 39:[], 40:[], 41:[], 42:[], 43:[], 44:[], 45:[], 46:[], 47:[], 48:[], 49:[], 50:[], 51:[], 52:[], 53:[], 54:[], 55:[], 56:[], 57:[], 58:[], 59:[], 60:[], 61:[], 62:[], 63:[], 64:[], 65:[], 66:[], 67:[], 68:[], 69:[], 70:[], 71:[], 72:[], 73:[], 74:[], 75:[], 76:[], 77:[], 78:[], 79:[], 80:[], 81:[], 82:[], 83:[], 84:[], 85:[], 86:[], 87:[], 88:[], 89:[], 90:[], 91:[], 92:[], 93:[], 94:[], 95:[], 96:[], 97:[], 98:[], 99:[], 100:[], 101:[], 102:[], 103:[], 104:[], 105:[], 106:[], 107:[], 108:[], 109:[], 110:[], 111:[], 112:[], 113:[], 114:[], 115:[], 116:[], 117:[], 118:[], 119:[], 120:[], 121:[], 122:[], 123:[], 124:[], 125:[], 126:[], 127:[], 128:[], 129:[], 130:[], 131:[], 132:[], 133:[], 134:[], 135:[], 136:[], 137:[], 138:[], 139:[], 140:[], 141:[], 142:[], 143:[], 144:[], 145:[], 146:[], 147:[], 148:[], 149:[], 150:[], 151:[], 152:[], 153:[], 154:[], 155:[], 156:[], 157:[], 158:[], 159:[], 160:[], 161:[], 162:[], 163:[], 164:[], 165:[], 166:[], 167:[], 168:[], 169:[], 170:[], 171:[], 172:[], 173:[], 174:[], 175:[], 176:[], 177:[], 178:[], 179:[], 180:[], 181:[], 182:[], 183:[], 184:[], 185:[], 186:[], 187:[], 188:[], 189:[], 190:[], 191:[], 192:[], 193:[], 194:[], 195:[], 196:[], 197:[], 198:[], 199:[], 200:[], 201:[], 202:[], 203:[], 204:[], 205:[], 206:[], 207:[]",97680618224,112273093596
4987,2,40219.5205,43272611,646491622,5163623377,1032.7060,false,207,true,true,true,true,true,false,false,"0:[0, 1, 2, 3, 4, 5, 6, 7, 8, 9, 10, 11, 12, 13, 14, 15, 16, 17, 18, 19, 20, 21, 22, 23, 24, 25, 26, 27, 28, 29, 30, 31, 32, 33, 34, 35, 36, 37, 38, 39, 40, 41, 42, 43, 44, 45, 46, 47, 48, 49, 50, 51, 52, 53, 54, 55, 56, 57, 58, 59, 60, 61, 62, 63, 64, 65, 66, 67, 68, 69, 70, 71, 72, 73, 74, 75, 76, 77, 78, 79, 80, 81, 82, 83, 84, 85, 86, 87, 88, 89, 90, 91, 92, 93, 94, 95, 96, 97, 98, 99, 100, 101, 102, 103, 104, 105, 106, 107, 108, 109, 110, 111, 112, 113, 114, 115, 116, 117, 118, 119, 120, 121, 122, 123, 124, 125, 126, 127, 128, 129, 130, 131, 132, 133, 134, 135, 136, 137, 138, 139, 140, 141, 142, 143, 144, 145, 146, 147, 148, 149, 150, 151, 152, 153, 154, 155, 156, 157, 158, 159, 160, 161, 162, 163, 164, 165, 166, 167, 168, 169, 170, 171, 172, 173, 174, 175, 176, 177, 178, 179, 180, 181, 182, 183, 184, 185, 186, 187, 188, 189, 190, 191, 192, 193, 194, 195, 196, 197, 198, 199, 200, 201, 202, 203, 204, 205, 206], 1:[], 2:[], 3:[], 4:[], 5:[], 6:[], 7:[], 8:[], 9:[], 10:[], 11:[], 12:[], 13:[], 14:[], 15:[], 16:[], 17:[], 18:[], 19:[], 20:[], 21:[], 22:[], 23:[], 24:[], 25:[], 26:[], 27:[], 28:[], 29:[], 30:[], 31:[], 32:[], 33:[], 34:[], 35:[], 36:[], 37:[], 38:[], 39:[], 40:[], 41:[], 42:[], 43:[], 44:[], 45:[], 46:[], 47:[], 48:[], 49:[], 50:[], 51:[], 52:[], 53:[], 54:[], 55:[], 56:[], 57:[], 58:[], 59:[], 60:[], 61:[], 62:[], 63:[], 64:[], 65:[], 66:[], 67:[], 68:[], 69:[], 70:[], 71:[], 72:[], 73:[], 74:[], 75:[], 76:[], 77:[], 78:[], 79:[], 80:[], 81:[], 82:[], 83:[], 84:[], 85:[], 86:[], 87:[], 88:[], 89:[], 90:[], 91:[], 92:[], 93:[], 94:[], 95:[], 96:[], 97:[], 98:[], 99:[], 100:[], 101:[], 102:[], 103:[], 104:[], 105:[], 106:[], 107:[], 108:[], 109:[], 110:[], 111:[], 112:[], 113:[], 114:[], 115:[], 116:[], 117:[], 118:[], 119:[], 120:[], 121:[], 122:[], 123:[], 124:[], 125:[], 126:[], 127:[], 128:[], 129:[], 130:[], 131:[], 132:[], 133:[], 134:[], 135:[], 136:[], 137:[], 138:[], 139:[], 140:[], 141:[], 142:[], 143:[], 144:[], 145:[], 146:[], 147:[], 148:[], 149:[], 150:[], 151:[], 152:[], 153:[], 154:[], 155:[], 156:[], 157:[], 158:[], 159:[], 160:[], 161:[], 162:[], 163:[], 164:[], 165:[], 166:[], 167:[], 168:[], 169:[], 170:[], 171:[], 172:[], 173:[], 174:[], 175:[], 176:[], 177:[], 178:[], 179:[], 180:[], 181:[], 182:[], 183:[], 184:[], 185:[], 186:[], 187:[], 188:[], 189:[], 190:[], 191:[], 192:[], 193:[], 194:[], 195:[], 196:[], 197:[], 198:[], 199:[], 200:[], 201:[], 202:[], 203:[], 204:[], 205:[], 206:[]",98123464664,112916688502
4993,5,56232.5016,43428736,648828507,5182303457,1025.7779,false,208,true,true,true,true,true,false,false,"0:[0, 1, 2, 3, 4, 5, 6, 7, 8, 9, 10, 11, 12, 13, 14, 15, 16, 17, 18, 19, 20, 21, 22, 23, 24, 25, 26, 27, 28, 29, 30, 31, 32, 33, 34, 35, 36, 37, 38, 39, 40, 41, 42, 43, 44, 45, 46, 47, 48, 49, 50, 51, 52, 53, 54, 55, 56, 57, 58, 59, 60, 61, 62, 63, 64, 65, 66, 67, 68, 69, 70, 71, 72, 73, 74, 75, 76, 77, 78, 79, 80, 81, 82, 83, 84, 85, 86, 87, 88, 89, 90, 91, 92, 93, 94, 95, 96, 97, 98, 99, 100, 101, 102, 103, 104, 105, 106, 107, 108, 109, 110, 111, 112, 113, 114, 115, 116, 117, 118, 119, 120, 121, 122, 123, 124, 125, 126, 127, 128, 129, 130, 131, 132, 133, 134, 135, 136, 137, 138, 139, 140, 141, 142, 143, 144, 145, 146, 147, 148, 149, 150, 151, 152, 153, 154, 155, 156, 157, 158, 159, 160, 161, 162, 163, 164, 165, 166, 167, 168, 169, 170, 171, 172, 173, 174, 175, 176, 177, 178, 179, 180, 181, 182, 183, 184, 185, 186, 187, 188, 189, 190, 191, 192, 193, 194, 195, 196, 197, 198, 199, 200, 201, 202, 203, 204, 205, 206, 207], 1:[], 2:[], 3:[], 4:[], 5:[], 6:[], 7:[], 8:[], 9:[], 10:[], 11:[], 12:[], 13:[], 14:[], 15:[], 16:[], 17:[], 18:[], 19:[], 20:[], 21:[], 22:[], 23:[], 24:[], 25:[], 26:[], 27:[], 28:[], 29:[], 30:[], 31:[], 32:[], 33:[], 34:[], 35:[], 36:[], 37:[], 38:[], 39:[], 40:[], 41:[], 42:[], 43:[], 44:[], 45:[], 46:[], 47:[], 48:[], 49:[], 50:[], 51:[], 52:[], 53:[], 54:[], 55:[], 56:[], 57:[], 58:[], 59:[], 60:[], 61:[], 62:[], 63:[], 64:[], 65:[], 66:[], 67:[], 68:[], 69:[], 70:[], 71:[], 72:[], 73:[], 74:[], 75:[], 76:[], 77:[], 78:[], 79:[], 80:[], 81:[], 82:[], 83:[], 84:[], 85:[], 86:[], 87:[], 88:[], 89:[], 90:[], 91:[], 92:[], 93:[], 94:[], 95:[], 96:[], 97:[], 98:[], 99:[], 100:[], 101:[], 102:[], 103:[], 104:[], 105:[], 106:[], 107:[], 108:[], 109:[], 110:[], 111:[], 112:[], 113:[], 114:[], 115:[], 116:[], 117:[], 118:[], 119:[], 120:[], 121:[], 122:[], 123:[], 124:[], 125:[], 126:[], 127:[], 128:[], 129:[], 130:[], 131:[], 132:[], 133:[], 134:[], 135:[], 136:[], 137:[], 138:[], 139:[], 140:[], 141:[], 142:[], 143:[], 144:[], 145:[], 146:[], 147:[], 148:[], 149:[], 150:[], 151:[], 152:[], 153:[], 154:[], 155:[], 156:[], 157:[], 158:[], 159:[], 160:[], 161:[], 162:[], 163:[], 164:[], 165:[], 166:[], 167:[], 168:[], 169:[], 170:[], 171:[], 172:[], 173:[], 174:[], 175:[], 176:[], 177:[], 178:[], 179:[], 180:[], 181:[], 182:[], 183:[], 184:[], 185:[], 186:[], 187:[], 188:[], 189:[], 190:[], 191:[], 192:[], 193:[], 194:[], 195:[], 196:[], 197:[], 198:[], 199:[], 200:[], 201:[], 202:[], 203:[], 204:[], 205:[], 206:[], 207:[]",98314162464,113193891175
4999,3,44546.3477,43585237,651168505,5200998417,1056.9686,false,208,true,true,true,true,true,false,false,"0:[0, 1, 2, 3, 4, 5, 6, 7, 8, 9, 10, 11, 12, 13, 14, 15, 16, 17, 18, 19, 20, 21, 22, 23, 24, 25, 26, 27, 28, 29, 30, 31, 32, 33, 34, 35, 36, 37, 38, 39, 40, 41, 42, 43, 44, 45, 46, 47, 48, 49, 50, 51, 52, 53, 54, 55, 56, 57, 58, 59, 60, 61, 62, 63, 64, 65, 66, 67, 68, 69, 70, 71, 72, 73, 74, 75, 76, 77, 78, 79, 80, 81, 82, 83, 84, 85, 86, 87, 88, 89, 90, 91, 92, 93, 94, 95, 96, 97, 98, 99, 100, 101, 102, 103, 104, 105, 106, 107, 108, 109, 110, 111, 112, 113, 114, 115, 116, 117, 118, 119, 120, 121, 122, 123, 124, 125, 126, 127, 128, 129, 130, 131, 132, 133, 134, 135, 136, 137, 138, 139, 140, 141, 142, 143, 144, 145, 146, 147, 148, 149, 150, 151, 152, 153, 154, 155, 156, 157, 158, 159, 160, 161, 162, 163, 164, 165, 166, 167, 168, 169, 170, 171, 172, 173, 174, 175, 176, 177, 178, 179, 180, 181, 182, 183, 184, 185, 186, 187, 188, 189, 190, 191, 192, 193, 194, 195, 196, 197, 198, 199, 200, 201, 202, 203, 204, 205, 206, 207], 1:[], 2:[], 3:[], 4:[], 5:[], 6:[], 7:[], 8:[], 9:[], 10:[], 11:[], 12:[], 13:[], 14:[], 15:[], 16:[], 17:[], 18:[], 19:[], 20:[], 21:[], 22:[], 23:[], 24:[], 25:[], 26:[], 27:[], 28:[], 29:[], 30:[], 31:[], 32:[], 33:[], 34:[], 35:[], 36:[], 37:[], 38:[], 39:[], 40:[], 41:[], 42:[], 43:[], 44:[], 45:[], 46:[], 47:[], 48:[], 49:[], 50:[], 51:[], 52:[], 53:[], 54:[], 55:[], 56:[], 57:[], 58:[], 59:[], 60:[], 61:[], 62:[], 63:[], 64:[], 65:[], 66:[], 67:[], 68:[], 69:[], 70:[], 71:[], 72:[], 73:[], 74:[], 75:[], 76:[], 77:[], 78:[], 79:[], 80:[], 81:[], 82:[], 83:[], 84:[], 85:[], 86:[], 87:[], 88:[], 89:[], 90:[], 91:[], 92:[], 93:[], 94:[], 95:[], 96:[], 97:[], 98:[], 99:[], 100:[], 101:[], 102:[], 103:[], 104:[], 105:[], 106:[], 107:[], 108:[], 109:[], 110:[], 111:[], 112:[], 113:[], 114:[], 115:[], 116:[], 117:[], 118:[], 119:[], 120:[], 121:[], 122:[], 123:[], 124:[], 125:[], 126:[], 127:[], 128:[], 129:[], 130:[], 131:[], 132:[], 133:[], 134:[], 135:[], 136:[], 137:[], 138:[], 139:[], 140:[], 141:[], 142:[], 143:[], 144:[], 145:[], 146:[], 147:[], 148:[], 149:[], 150:[], 151:[], 152:[], 153:[], 154:[], 155:[], 156:[], 157:[], 158:[], 159:[], 160:[], 161:[], 162:[], 163:[], 164:[], 165:[], 166:[], 167:[], 168:[], 169:[], 170:[], 171:[], 172:[], 173:[], 174:[], 175:[], 176:[], 177:[], 178:[], 179:[], 180:[], 181:[], 182:[], 183:[], 184:[], 185:[], 186:[], 187:[], 188:[], 189:[], 190:[], 191:[], 192:[], 193:[], 194:[], 195:[], 196:[], 197:[], 198:[], 199:[], 200:[], 201:[], 202:[], 203:[], 204:[], 205:[], 206:[], 207:[]",98505118328,113471386677
5003,2,38026.8977,43689778,652732455,5213496685,1017.5776,false,208,true,true,true,true,true,false,false,"0:[0, 1, 2, 3, 4, 5, 6, 7, 8, 9, 10, 11, 12, 13, 14, 15, 16, 17, 18, 19, 20, 21, 22, 23, 24, 25, 26, 27, 28, 29, 30, 31, 32, 33, 34, 35, 36, 37, 38, 39, 40, 41, 42, 43, 44, 45, 46, 47, 48, 49, 50, 51, 52, 53, 54, 55, 56, 57, 58, 59, 60, 61, 62, 63, 64, 65, 66, 67, 68, 69, 70, 71, 72, 73, 74, 75, 76, 77, 78, 79, 80, 81, 82, 83, 84, 85, 86, 87, 88, 89, 90, 91, 92, 93, 94, 95, 96, 97, 98, 99, 100, 101, 102, 103, 104, 105, 106, 107, 108, 109, 110, 111, 112, 113, 114, 115, 116, 117, 118, 119, 120, 121, 122, 123, 124, 125, 126, 127, 128, 129, 130, 131, 132, 133, 134, 135, 136, 137, 138, 139, 140, 141, 142, 143, 144, 145, 146, 147, 148, 149, 150, 151, 152, 153, 154, 155, 156, 157, 158, 159, 160, 161, 162, 163, 164, 165, 166, 167, 168, 169, 170, 171, 172, 173, 174, 175, 176, 177, 178, 179, 180, 181, 182, 183, 184, 185, 186, 187, 188, 189, 190, 191, 192, 193, 194, 195, 196, 197, 198, 199, 200, 201, 202, 203, 204, 205, 206, 207], 1:[], 2:[], 3:[], 4:[], 5:[], 6:[], 7:[], 8:[], 9:[], 10:[], 11:[], 12:[], 13:[], 14:[], 15:[], 16:[], 17:[], 18:[], 19:[], 20:[], 21:[], 22:[], 23:[], 24:[], 25:[], 26:[], 27:[], 28:[], 29:[], 30:[], 31:[], 32:[], 33:[], 34:[], 35:[], 36:[], 37:[], 38:[], 39:[], 40:[], 41:[], 42:[], 43:[], 44:[], 45:[], 46:[], 47:[], 48:[], 49:[], 50:[], 51:[], 52:[], 53:[], 54:[], 55:[], 56:[], 57:[], 58:[], 59:[], 60:[], 61:[], 62:[], 63:[], 64:[], 65:[], 66:[], 67:[], 68:[], 69:[], 70:[], 71:[], 72:[], 73:[], 74:[], 75:[], 76:[], 77:[], 78:[], 79:[], 80:[], 81:[], 82:[], 83:[], 84:[], 85:[], 86:[], 87:[], 88:[], 89:[], 90:[], 91:[], 92:[], 93:[], 94:[], 95:[], 96:[], 97:[], 98:[], 99:[], 100:[], 101:[], 102:[], 103:[], 104:[], 105:[], 106:[], 107:[], 108:[], 109:[], 110:[], 111:[], 112:[], 113:[], 114:[], 115:[], 116:[], 117:[], 118:[], 119:[], 120:[], 121:[], 122:[], 123:[], 124:[], 125:[], 126:[], 127:[], 128:[], 129:[], 130:[], 131:[], 132:[], 133:[], 134:[], 135:[], 136:[], 137:[], 138:[], 139:[], 140:[], 141:[], 142:[], 143:[], 144:[], 145:[], 146:[], 147:[], 148:[], 149:[], 150:[], 151:[], 152:[], 153:[], 154:[], 155:[], 156:[], 157:[], 158:[], 159:[], 160:[], 161:[], 162:[], 163:[], 164:[], 165:[], 166:[], 167:[], 168:[], 169:[], 170:[], 171:[], 172:[], 173:[], 174:[], 175:[], 176:[], 177:[], 178:[], 179:[], 180:[], 181:[], 182:[], 183:[], 184:[], 185:[], 186:[], 187:[], 188:[], 189:[], 190:[], 191:[], 192:[], 193:[], 194:[], 195:[], 196:[], 197:[], 198:[], 199:[], 200:[], 201:[], 202:[], 203:[], 204:[], 205:[], 206:[], 207:[]",99277264472,114301398555
5021,2,39245.1257,44162286,659802526,5270002170,993.7532,false,209,true,true,true,true,true,false,false,"0:[0, 1, 2, 3, 4, 5, 6, 7, 8, 9, 10, 11, 12, 13, 14, 15, 16, 17, 18, 19, 20, 21, 22, 23, 24, 25, 26, 27, 28, 29, 30, 31, 32, 33, 34, 35, 36, 37, 38, 39, 40, 41, 42, 43, 44, 45, 46, 47, 48, 49, 50, 51, 52, 53, 54, 55, 56, 57, 58, 59, 60, 61, 62, 63, 64, 65, 66, 67, 68, 69, 70, 71, 72, 73, 74, 75, 76, 77, 78, 79, 80, 81, 82, 83, 84, 85, 86, 87, 88, 89, 90, 91, 92, 93, 94, 95, 96, 97, 98, 99, 100, 101, 102, 103, 104, 105, 106, 107, 108, 109, 110, 111, 112, 113, 114, 115, 116, 117, 118, 119, 120, 121, 122, 123, 124, 125, 126, 127, 128, 129, 130, 131, 132, 133, 134, 135, 136, 137, 138, 139, 140, 141, 142, 143, 144, 145, 146, 147, 148, 149, 150, 151, 152, 153, 154, 155, 156, 157, 158, 159, 160, 161, 162, 163, 164, 165, 166, 167, 168, 169, 170, 171, 172, 173, 174, 175, 176, 177, 178, 179, 180, 181, 182, 183, 184, 185, 186, 187, 188, 189, 190, 191, 192, 193, 194, 195, 196, 197, 198, 199, 200, 201, 202, 203, 204, 205, 206, 207, 208], 1:[], 2:[], 3:[], 4:[], 5:[], 6:[], 7:[], 8:[], 9:[], 10:[], 11:[], 12:[], 13:[], 14:[], 15:[], 16:[], 17:[], 18:[], 19:[], 20:[], 21:[], 22:[], 23:[], 24:[], 25:[], 26:[], 27:[], 28:[], 29:[], 30:[], 31:[], 32:[], 33:[], 34:[], 35:[], 36:[], 37:[], 38:[], 39:[], 40:[], 41:[], 42:[], 43:[], 44:[], 45:[], 46:[], 47:[], 48:[], 49:[], 50:[], 51:[], 52:[], 53:[], 54:[], 55:[], 56:[], 57:[], 58:[], 59:[], 60:[], 61:[], 62:[], 63:[], 64:[], 65:[], 66:[], 67:[], 68:[], 69:[], 70:[], 71:[], 72:[], 73:[], 74:[], 75:[], 76:[], 77:[], 78:[], 79:[], 80:[], 81:[], 82:[], 83:[], 84:[], 85:[], 86:[], 87:[], 88:[], 89:[], 90:[], 91:[], 92:[], 93:[], 94:[], 95:[], 96:[], 97:[], 98:[], 99:[], 100:[], 101:[], 102:[], 103:[], 104:[], 105:[], 106:[], 107:[], 108:[], 109:[], 110:[], 111:[], 112:[], 113:[], 114:[], 115:[], 116:[], 117:[], 118:[], 119:[], 120:[], 121:[], 122:[], 123:[], 124:[], 125:[], 126:[], 127:[], 128:[], 129:[], 130:[], 131:[], 132:[], 133:[], 134:[], 135:[], 136:[], 137:[], 138:[], 139:[], 140:[], 141:[], 142:[], 143:[], 144:[], 145:[], 146:[], 147:[], 148:[], 149:[], 150:[], 151:[], 152:[], 153:[], 154:[], 155:[], 156:[], 157:[], 158:[], 159:[], 160:[], 161:[], 162:[], 163:[], 164:[], 165:[], 166:[], 167:[], 168:[], 169:[], 170:[], 171:[], 172:[], 173:[], 174:[], 175:[], 176:[], 177:[], 178:[], 179:[], 180:[], 181:[], 182:[], 183:[], 184:[], 185:[], 186:[], 187:[], 188:[], 189:[], 190:[], 191:[], 192:[], 193:[], 194:[], 195:[], 196:[], 197:[], 198:[], 199:[], 200:[], 201:[], 202:[], 203:[], 204:[], 205:[], 206:[], 207:[], 208:[]",99856100376,115141867054
5059,2,39280.0694,45170965,674891477,5390580784,1035.1000,false,211,true,true,true,true,true,false,false,"0:[0, 1, 2, 3, 4, 5, 6, 7, 8, 9, 10, 11, 12, 13, 14, 15, 16, 17, 18, 19, 20, 21, 22, 23, 24, 25, 26, 27, 28, 29, 30, 31, 32, 33, 34, 35, 36, 37, 38, 39, 40, 41, 42, 43, 44, 45, 46, 47, 48, 49, 50, 51, 52, 53, 54, 55, 56, 57, 58, 59, 60, 61, 62, 63, 64, 65, 66, 67, 68, 69, 70, 71, 72, 73, 74, 75, 76, 77, 78, 79, 80, 81, 82, 83, 84, 85, 86, 87, 88, 89, 90, 91, 92, 93, 94, 95, 96, 97, 98, 99, 100, 101, 102, 103, 104, 105, 106, 107, 108, 109, 110, 111, 112, 113, 114, 115, 116, 117, 118, 119, 120, 121, 122, 123, 124, 125, 126, 127, 128, 129, 130, 131, 132, 133, 134, 135, 136, 137, 138, 139, 140, 141, 142, 143, 144, 145, 146, 147, 148, 149, 150, 151, 152, 153, 154, 155, 156, 157, 158, 159, 160, 161, 162, 163, 164, 165, 166, 167, 168, 169, 170, 171, 172, 173, 174, 175, 176, 177, 178, 179, 180, 181, 182, 183, 184, 185, 186, 187, 188, 189, 190, 191, 192, 193, 194, 195, 196, 197, 198, 199, 200, 201, 202, 203, 204, 205, 206, 207, 208, 209, 210], 1:[], 2:[], 3:[], 4:[], 5:[], 6:[], 7:[], 8:[], 9:[], 10:[], 11:[], 12:[], 13:[], 14:[], 15:[], 16:[], 17:[], 18:[], 19:[], 20:[], 21:[], 22:[], 23:[], 24:[], 25:[], 26:[], 27:[], 28:[], 29:[], 30:[], 31:[], 32:[], 33:[], 34:[], 35:[], 36:[], 37:[], 38:[], 39:[], 40:[], 41:[], 42:[], 43:[], 44:[], 45:[], 46:[], 47:[], 48:[], 49:[], 50:[], 51:[], 52:[], 53:[], 54:[], 55:[], 56:[], 57:[], 58:[], 59:[], 60:[], 61:[], 62:[], 63:[], 64:[], 65:[], 66:[], 67:[], 68:[], 69:[], 70:[], 71:[], 72:[], 73:[], 74:[], 75:[], 76:[], 77:[], 78:[], 79:[], 80:[], 81:[], 82:[], 83:[], 84:[], 85:[], 86:[], 87:[], 88:[], 89:[], 90:[], 91:[], 92:[], 93:[], 94:[], 95:[], 96:[], 97:[], 98:[], 99:[], 100:[], 101:[], 102:[], 103:[], 104:[], 105:[], 106:[], 107:[], 108:[], 109:[], 110:[], 111:[], 112:[], 113:[], 114:[], 115:[], 116:[], 117:[], 118:[], 119:[], 120:[], 121:[], 122:[], 123:[], 124:[], 125:[], 126:[], 127:[], 128:[], 129:[], 130:[], 131:[], 132:[], 133:[], 134:[], 135:[], 136:[], 137:[], 138:[], 139:[], 140:[], 141:[], 142:[], 143:[], 144:[], 145:[], 146:[], 147:[], 148:[], 149:[], 150:[], 151:[], 152:[], 153:[], 154:[], 155:[], 156:[], 157:[], 158:[], 159:[], 160:[], 161:[], 162:[], 163:[], 164:[], 165:[], 166:[], 167:[], 168:[], 169:[], 170:[], 171:[], 172:[], 173:[], 174:[], 175:[], 176:[], 177:[], 178:[], 179:[], 180:[], 181:[], 182:[], 183:[], 184:[], 185:[], 186:[], 187:[], 188:[], 189:[], 190:[], 191:[], 192:[], 193:[], 194:[], 195:[], 196:[], 197:[], 198:[], 199:[], 200:[], 201:[], 202:[], 203:[], 204:[], 205:[], 206:[], 207:[], 208:[], 209:[], 210:[]",101091459468,116935475413
5107,2,40381.2877,46466887,694279443,5545521839,1046.1759,false,212,true,true,true,true,true,false,false,"0:[0, 1, 2, 3, 4, 5, 6, 7, 8, 9, 10, 11, 12, 13, 14, 15, 16, 17, 18, 19, 20, 21, 22, 23, 24, 25, 26, 27, 28, 29, 30, 31, 32, 33, 34, 35, 36, 37, 38, 39, 40, 41, 42, 43, 44, 45, 46, 47, 48, 49, 50, 51, 52, 53, 54, 55, 56, 57, 58, 59, 60, 61, 62, 63, 64, 65, 66, 67, 68, 69, 70, 71, 72, 73, 74, 75, 76, 77, 78, 79, 80, 81, 82, 83, 84, 85, 86, 87, 88, 89, 90, 91, 92, 93, 94, 95, 96, 97, 98, 99, 100, 101, 102, 103, 104, 105, 106, 107, 108, 109, 110, 111, 112, 113, 114, 115, 116, 117, 118, 119, 120, 121, 122, 123, 124, 125, 126, 127, 128, 129, 130, 131, 132, 133, 134, 135, 136, 137, 138, 139, 140, 141, 142, 143, 144, 145, 146, 147, 148, 149, 150, 151, 152, 153, 154, 155, 156, 157, 158, 159, 160, 161, 162, 163, 164, 165, 166, 167, 168, 169, 170, 171, 172, 173, 174, 175, 176, 177, 178, 179, 180, 181, 182, 183, 184, 185, 186, 187, 188, 189, 190, 191, 192, 193, 194, 195, 196, 197, 198, 199, 200, 201, 202, 203, 204, 205, 206, 207, 208, 209, 210, 211], 1:[], 2:[], 3:[], 4:[], 5:[], 6:[], 7:[], 8:[], 9:[], 10:[], 11:[], 12:[], 13:[], 14:[], 15:[], 16:[], 17:[], 18:[], 19:[], 20:[], 21:[], 22:[], 23:[], 24:[], 25:[], 26:[], 27:[], 28:[], 29:[], 30:[], 31:[], 32:[], 33:[], 34:[], 35:[], 36:[], 37:[], 38:[], 39:[], 40:[], 41:[], 42:[], 43:[], 44:[], 45:[], 46:[], 47:[], 48:[], 49:[], 50:[], 51:[], 52:[], 53:[], 54:[], 55:[], 56:[], 57:[], 58:[], 59:[], 60:[], 61:[], 62:[], 63:[], 64:[], 65:[], 66:[], 67:[], 68:[], 69:[], 70:[], 71:[], 72:[], 73:[], 74:[], 75:[], 76:[], 77:[], 78:[], 79:[], 80:[], 81:[], 82:[], 83:[], 84:[], 85:[], 86:[], 87:[], 88:[], 89:[], 90:[], 91:[], 92:[], 93:[], 94:[], 95:[], 96:[], 97:[], 98:[], 99:[], 100:[], 101:[], 102:[], 103:[], 104:[], 105:[], 106:[], 107:[], 108:[], 109:[], 110:[], 111:[], 112:[], 113:[], 114:[], 115:[], 116:[], 117:[], 118:[], 119:[], 120:[], 121:[], 122:[], 123:[], 124:[], 125:[], 126:[], 127:[], 128:[], 129:[], 130:[], 131:[], 132:[], 133:[], 134:[], 135:[], 136:[], 137:[], 138:[], 139:[], 140:[], 141:[], 142:[], 143:[], 144:[], 145:[], 146:[], 147:[], 148:[], 149:[], 150:[], 151:[], 152:[], 153:[], 154:[], 155:[], 156:[], 157:[], 158:[], 159:[], 160:[], 161:[], 162:[], 163:[], 164:[], 165:[], 166:[], 167:[], 168:[], 169:[], 170:[], 171:[], 172:[], 173:[], 174:[], 175:[], 176:[], 177:[], 178:[], 179:[], 180:[], 181:[], 182:[], 183:[], 184:[], 185:[], 186:[], 187:[], 188:[], 189:[], 190:[], 191:[], 192:[], 193:[], 194:[], 195:[], 196:[], 197:[], 198:[], 199:[], 200:[], 201:[], 202:[], 203:[], 204:[], 205:[], 206:[], 207:[], 208:[], 209:[], 210:[], 211:[]",102678782564,119240152163
5099,2,40567.3525,46249202,691022607,5519493967,1065.3529,false,213,true,true,true,true,true,false,false,"0:[0, 1, 2, 3, 4, 5, 6, 7, 8, 9, 10, 11, 12, 13, 14, 15, 16, 17, 18, 19, 20, 21, 22, 23, 24, 25, 26, 27, 28, 29, 30, 31, 32, 33, 34, 35, 36, 37, 38, 39, 40, 41, 42, 43, 44, 45, 46, 47, 48, 49, 50, 51, 52, 53, 54, 55, 56, 57, 58, 59, 60, 61, 62, 63, 64, 65, 66, 67, 68, 69, 70, 71, 72, 73, 74, 75, 76, 77, 78, 79, 80, 81, 82, 83, 84, 85, 86, 87, 88, 89, 90, 91, 92, 93, 94, 95, 96, 97, 98, 99, 100, 101, 102, 103, 104, 105, 106, 107, 108, 109, 110, 111, 112, 113, 114, 115, 116, 117, 118, 119, 120, 121, 122, 123, 124, 125, 126, 127, 128, 129, 130, 131, 132, 133, 134, 135, 136, 137, 138, 139, 140, 141, 142, 143, 144, 145, 146, 147, 148, 149, 150, 151, 152, 153, 154, 155, 156, 157, 158, 159, 160, 161, 162, 163, 164, 165, 166, 167, 168, 169, 170, 171, 172, 173, 174, 175, 176, 177, 178, 179, 180, 181, 182, 183, 184, 185, 186, 187, 188, 189, 190, 191, 192, 193, 194, 195, 196, 197, 198, 199, 200, 201, 202, 203, 204, 205, 206, 207, 208, 209, 210, 211, 212], 1:[], 2:[], 3:[], 4:[], 5:[], 6:[], 7:[], 8:[], 9:[], 10:[], 11:[], 12:[], 13:[], 14:[], 15:[], 16:[], 17:[], 18:[], 19:[], 20:[], 21:[], 22:[], 23:[], 24:[], 25:[], 26:[], 27:[], 28:[], 29:[], 30:[], 31:[], 32:[], 33:[], 34:[], 35:[], 36:[], 37:[], 38:[], 39:[], 40:[], 41:[], 42:[], 43:[], 44:[], 45:[], 46:[], 47:[], 48:[], 49:[], 50:[], 51:[], 52:[], 53:[], 54:[], 55:[], 56:[], 57:[], 58:[], 59:[], 60:[], 61:[], 62:[], 63:[], 64:[], 65:[], 66:[], 67:[], 68:[], 69:[], 70:[], 71:[], 72:[], 73:[], 74:[], 75:[], 76:[], 77:[], 78:[], 79:[], 80:[], 81:[], 82:[], 83:[], 84:[], 85:[], 86:[], 87:[], 88:[], 89:[], 90:[], 91:[], 92:[], 93:[], 94:[], 95:[], 96:[], 97:[], 98:[], 99:[], 100:[], 101:[], 102:[], 103:[], 104:[], 105:[], 106:[], 107:[], 108:[], 109:[], 110:[], 111:[], 112:[], 113:[], 114:[], 115:[], 116:[], 117:[], 118:[], 119:[], 120:[], 121:[], 122:[], 123:[], 124:[], 125:[], 126:[], 127:[], 128:[], 129:[], 130:[], 131:[], 132:[], 133:[], 134:[], 135:[], 136:[], 137:[], 138:[], 139:[], 140:[], 141:[], 142:[], 143:[], 144:[], 145:[], 146:[], 147:[], 148:[], 149:[], 150:[], 151:[], 152:[], 153:[], 154:[], 155:[], 156:[], 157:[], 158:[], 159:[], 160:[], 161:[], 162:[], 163:[], 164:[], 165:[], 166:[], 167:[], 168:[], 169:[], 170:[], 171:[], 172:[], 173:[], 174:[], 175:[], 176:[], 177:[], 178:[], 179:[], 180:[], 181:[], 182:[], 183:[], 184:[], 185:[], 186:[], 187:[], 188:[], 189:[], 190:[], 191:[], 192:[], 193:[], 194:[], 195:[], 196:[], 197:[], 198:[], 199:[], 200:[], 201:[], 202:[], 203:[], 204:[], 205:[], 206:[], 207:[], 208:[], 209:[], 210:[], 211:[], 212:[]",102412140504,118853006275
5101,2,40809.2649,46303559,691837169,5526009088,1055.6210,false,212,true,true,true,true,true,false,false,"0:[0, 1, 2, 3, 4, 5, 6, 7, 8, 9, 10, 11, 12, 13, 14, 15, 16, 17, 18, 19, 20, 21, 22, 23, 24, 25, 26, 27, 28, 29, 30, 31, 32, 33, 34, 35, 36, 37, 38, 39, 40, 41, 42, 43, 44, 45, 46, 47, 48, 49, 50, 51, 52, 53, 54, 55, 56, 57, 58, 59, 60, 61, 62, 63, 64, 65, 66, 67, 68, 69, 70, 71, 72, 73, 74, 75, 76, 77, 78, 79, 80, 81, 82, 83, 84, 85, 86, 87, 88, 89, 90, 91, 92, 93, 94, 95, 96, 97, 98, 99, 100, 101, 102, 103, 104, 105, 106, 107, 108, 109, 110, 111, 112, 113, 114, 115, 116, 117, 118, 119, 120, 121, 122, 123, 124, 125, 126, 127, 128, 129, 130, 131, 132, 133, 134, 135, 136, 137, 138, 139, 140, 141, 142, 143, 144, 145, 146, 147, 148, 149, 150, 151, 152, 153, 154, 155, 156, 157, 158, 159, 160, 161, 162, 163, 164, 165, 166, 167, 168, 169, 170, 171, 172, 173, 174, 175, 176, 177, 178, 179, 180, 181, 182, 183, 184, 185, 186, 187, 188, 189, 190, 191, 192, 193, 194, 195, 196, 197, 198, 199, 200, 201, 202, 203, 204, 205, 206, 207, 208, 209, 210, 211], 1:[], 2:[], 3:[], 4:[], 5:[], 6:[], 7:[], 8:[], 9:[], 10:[], 11:[], 12:[], 13:[], 14:[], 15:[], 16:[], 17:[], 18:[], 19:[], 20:[], 21:[], 22:[], 23:[], 24:[], 25:[], 26:[], 27:[], 28:[], 29:[], 30:[], 31:[], 32:[], 33:[], 34:[], 35:[], 36:[], 37:[], 38:[], 39:[], 40:[], 41:[], 42:[], 43:[], 44:[], 45:[], 46:[], 47:[], 48:[], 49:[], 50:[], 51:[], 52:[], 53:[], 54:[], 55:[], 56:[], 57:[], 58:[], 59:[], 60:[], 61:[], 62:[], 63:[], 64:[], 65:[], 66:[], 67:[], 68:[], 69:[], 70:[], 71:[], 72:[], 73:[], 74:[], 75:[], 76:[], 77:[], 78:[], 79:[], 80:[], 81:[], 82:[], 83:[], 84:[], 85:[], 86:[], 87:[], 88:[], 89:[], 90:[], 91:[], 92:[], 93:[], 94:[], 95:[], 96:[], 97:[], 98:[], 99:[], 100:[], 101:[], 102:[], 103:[], 104:[], 105:[], 106:[], 107:[], 108:[], 109:[], 110:[], 111:[], 112:[], 113:[], 114:[], 115:[], 116:[], 117:[], 118:[], 119:[], 120:[], 121:[], 122:[], 123:[], 124:[], 125:[], 126:[], 127:[], 128:[], 129:[], 130:[], 131:[], 132:[], 133:[], 134:[], 135:[], 136:[], 137:[], 138:[], 139:[], 140:[], 141:[], 142:[], 143:[], 144:[], 145:[], 146:[], 147:[], 148:[], 149:[], 150:[], 151:[], 152:[], 153:[], 154:[], 155:[], 156:[], 157:[], 158:[], 159:[], 160:[], 161:[], 162:[], 163:[], 164:[], 165:[], 166:[], 167:[], 168:[], 169:[], 170:[], 171:[], 172:[], 173:[], 174:[], 175:[], 176:[], 177:[], 178:[], 179:[], 180:[], 181:[], 182:[], 183:[], 184:[], 185:[], 186:[], 187:[], 188:[], 189:[], 190:[], 191:[], 192:[], 193:[], 194:[], 195:[], 196:[], 197:[], 198:[], 199:[], 200:[], 201:[], 202:[], 203:[], 204:[], 205:[], 206:[], 207:[], 208:[], 209:[], 210:[], 211:[]",102478827460,118949873689
5077,2,40856.8575,45654073,682120367,5448356267,1060.0270,false,212,true,true,true,true,true,false,false,"0:[0, 1, 2, 3, 4, 5, 6, 7, 8, 9, 10, 11, 12, 13, 14, 15, 16, 17, 18, 19, 20, 21, 22, 23, 24, 25, 26, 27, 28, 29, 30, 31, 32, 33, 34, 35, 36, 37, 38, 39, 40, 41, 42, 43, 44, 45, 46, 47, 48, 49, 50, 51, 52, 53, 54, 55, 56, 57, 58, 59, 60, 61, 62, 63, 64, 65, 66, 67, 68, 69, 70, 71, 72, 73, 74, 75, 76, 77, 78, 79, 80, 81, 82, 83, 84, 85, 86, 87, 88, 89, 90, 91, 92, 93, 94, 95, 96, 97, 98, 99, 100, 101, 102, 103, 104, 105, 106, 107, 108, 109, 110, 111, 112, 113, 114, 115, 116, 117, 118, 119, 120, 121, 122, 123, 124, 125, 126, 127, 128, 129, 130, 131, 132, 133, 134, 135, 136, 137, 138, 139, 140, 141, 142, 143, 144, 145, 146, 147, 148, 149, 150, 151, 152, 153, 154, 155, 156, 157, 158, 159, 160, 161, 162, 163, 164, 165, 166, 167, 168, 169, 170, 171, 172, 173, 174, 175, 176, 177, 178, 179, 180, 181, 182, 183, 184, 185, 186, 187, 188, 189, 190, 191, 192, 193, 194, 195, 196, 197, 198, 199, 200, 201, 202, 203, 204, 205, 206, 207, 208, 209, 210, 211], 1:[], 2:[], 3:[], 4:[], 5:[], 6:[], 7:[], 8:[], 9:[], 10:[], 11:[], 12:[], 13:[], 14:[], 15:[], 16:[], 17:[], 18:[], 19:[], 20:[], 21:[], 22:[], 23:[], 24:[], 25:[], 26:[], 27:[], 28:[], 29:[], 30:[], 31:[], 32:[], 33:[], 34:[], 35:[], 36:[], 37:[], 38:[], 39:[], 40:[], 41:[], 42:[], 43:[], 44:[], 45:[], 46:[], 47:[], 48:[], 49:[], 50:[], 51:[], 52:[], 53:[], 54:[], 55:[], 56:[], 57:[], 58:[], 59:[], 60:[], 61:[], 62:[], 63:[], 64:[], 65:[], 66:[], 67:[], 68:[], 69:[], 70:[], 71:[], 72:[], 73:[], 74:[], 75:[], 76:[], 77:[], 78:[], 79:[], 80:[], 81:[], 82:[], 83:[], 84:[], 85:[], 86:[], 87:[], 88:[], 89:[], 90:[], 91:[], 92:[], 93:[], 94:[], 95:[], 96:[], 97:[], 98:[], 99:[], 100:[], 101:[], 102:[], 103:[], 104:[], 105:[], 106:[], 107:[], 108:[], 109:[], 110:[], 111:[], 112:[], 113:[], 114:[], 115:[], 116:[], 117:[], 118:[], 119:[], 120:[], 121:[], 122:[], 123:[], 124:[], 125:[], 126:[], 127:[], 128:[], 129:[], 130:[], 131:[], 132:[], 133:[], 134:[], 135:[], 136:[], 137:[], 138:[], 139:[], 140:[], 141:[], 142:[], 143:[], 144:[], 145:[], 146:[], 147:[], 148:[], 149:[], 150:[], 151:[], 152:[], 153:[], 154:[], 155:[], 156:[], 157:[], 158:[], 159:[], 160:[], 161:[], 162:[], 163:[], 164:[], 165:[], 166:[], 167:[], 168:[], 169:[], 170:[], 171:[], 172:[], 173:[], 174:[], 175:[], 176:[], 177:[], 178:[], 179:[], 180:[], 181:[], 182:[], 183:[], 184:[], 185:[], 186:[], 187:[], 188:[], 189:[], 190:[], 191:[], 192:[], 193:[], 194:[], 195:[], 196:[], 197:[], 198:[], 199:[], 200:[], 201:[], 202:[], 203:[], 204:[], 205:[], 206:[], 207:[], 208:[], 209:[], 210:[], 211:[]",101683297692,117794823143
5023,3,41729.9240,44214996,660589840,5276289038,998.1925,false,210,true,true,true,true,true,false,false,"0:[0, 1, 2, 3, 4, 5, 6, 7, 8, 9, 10, 11, 12, 13, 14, 15, 16, 17, 18, 19, 20, 21, 22, 23, 24, 25, 26, 27, 28, 29, 30, 31, 32, 33, 34, 35, 36, 37, 38, 39, 40, 41, 42, 43, 44, 45, 46, 47, 48, 49, 50, 51, 52, 53, 54, 55, 56, 57, 58, 59, 60, 61, 62, 63, 64, 65, 66, 67, 68, 69, 70, 71, 72, 73, 74, 75, 76, 77, 78, 79, 80, 81, 82, 83, 84, 85, 86, 87, 88, 89, 90, 91, 92, 93, 94, 95, 96, 97, 98, 99, 100, 101, 102, 103, 104, 105, 106, 107, 108, 109, 110, 111, 112, 113, 114, 115, 116, 117, 118, 119, 120, 121, 122, 123, 124, 125, 126, 127, 128, 129, 130, 131, 132, 133, 134, 135, 136, 137, 138, 139, 140, 141, 142, 143, 144, 145, 146, 147, 148, 149, 150, 151, 152, 153, 154, 155, 156, 157, 158, 159, 160, 161, 162, 163, 164, 165, 166, 167, 168, 169, 170, 171, 172, 173, 174, 175, 176, 177, 178, 179, 180, 181, 182, 183, 184, 185, 186, 187, 188, 189, 190, 191, 192, 193, 194, 195, 196, 197, 198, 199, 200, 201, 202, 203, 204, 205, 206, 207, 208, 209], 1:[], 2:[], 3:[], 4:[], 5:[], 6:[], 7:[], 8:[], 9:[], 10:[], 11:[], 12:[], 13:[], 14:[], 15:[], 16:[], 17:[], 18:[], 19:[], 20:[], 21:[], 22:[], 23:[], 24:[], 25:[], 26:[], 27:[], 28:[], 29:[], 30:[], 31:[], 32:[], 33:[], 34:[], 35:[], 36:[], 37:[], 38:[], 39:[], 40:[], 41:[], 42:[], 43:[], 44:[], 45:[], 46:[], 47:[], 48:[], 49:[], 50:[], 51:[], 52:[], 53:[], 54:[], 55:[], 56:[], 57:[], 58:[], 59:[], 60:[], 61:[], 62:[], 63:[], 64:[], 65:[], 66:[], 67:[], 68:[], 69:[], 70:[], 71:[], 72:[], 73:[], 74:[], 75:[], 76:[], 77:[], 78:[], 79:[], 80:[], 81:[], 82:[], 83:[], 84:[], 85:[], 86:[], 87:[], 88:[], 89:[], 90:[], 91:[], 92:[], 93:[], 94:[], 95:[], 96:[], 97:[], 98:[], 99:[], 100:[], 101:[], 102:[], 103:[], 104:[], 105:[], 106:[], 107:[], 108:[], 109:[], 110:[], 111:[], 112:[], 113:[], 114:[], 115:[], 116:[], 117:[], 118:[], 119:[], 120:[], 121:[], 122:[], 123:[], 124:[], 125:[], 126:[], 127:[], 128:[], 129:[], 130:[], 131:[], 132:[], 133:[], 134:[], 135:[], 136:[], 137:[], 138:[], 139:[], 140:[], 141:[], 142:[], 143:[], 144:[], 145:[], 146:[], 147:[], 148:[], 149:[], 150:[], 151:[], 152:[], 153:[], 154:[], 155:[], 156:[], 157:[], 158:[], 159:[], 160:[], 161:[], 162:[], 163:[], 164:[], 165:[], 166:[], 167:[], 168:[], 169:[], 170:[], 171:[], 172:[], 173:[], 174:[], 175:[], 176:[], 177:[], 178:[], 179:[], 180:[], 181:[], 182:[], 183:[], 184:[], 185:[], 186:[], 187:[], 188:[], 189:[], 190:[], 191:[], 192:[], 193:[], 194:[], 195:[], 196:[], 197:[], 198:[], 199:[], 200:[], 201:[], 202:[], 203:[], 204:[], 205:[], 206:[], 207:[], 208:[], 209:[]",99920561376,115235418800
5039,11,42244.5850,44638189,666920854,5326882945,1017.1915,false,209,true,true,true,true,true,false,false,"0:[0, 1, 2, 3, 4, 5, 6, 7, 8, 9, 10, 11, 12, 13, 14, 15, 16, 17, 18, 19, 20, 21, 22, 23, 24, 25, 26, 27, 28, 29, 30, 31, 32, 33, 34, 35, 36, 37, 38, 39, 40, 41, 42, 43, 44, 45, 46, 47, 48, 49, 50, 51, 52, 53, 54, 55, 56, 57, 58, 59, 60, 61, 62, 63, 64, 65, 66, 67, 68, 69, 70, 71, 72, 73, 74, 75, 76, 77, 78, 79, 80, 81, 82, 83, 84, 85, 86, 87, 88, 89, 90, 91, 92, 93, 94, 95, 96, 97, 98, 99, 100, 101, 102, 103, 104, 105, 106, 107, 108, 109, 110, 111, 112, 113, 114, 115, 116, 117, 118, 119, 120, 121, 122, 123, 124, 125, 126, 127, 128, 129, 130, 131, 132, 133, 134, 135, 136, 137, 138, 139, 140, 141, 142, 143, 144, 145, 146, 147, 148, 149, 150, 151, 152, 153, 154, 155, 156, 157, 158, 159, 160, 161, 162, 163, 164, 165, 166, 167, 168, 169, 170, 171, 172, 173, 174, 175, 176, 177, 178, 179, 180, 181, 182, 183, 184, 185, 186, 187, 188, 189, 190, 191, 192, 193, 194, 195, 196, 197, 198, 199, 200, 201, 202, 203, 204, 205, 206, 207, 208], 1:[], 2:[], 3:[], 4:[], 5:[], 6:[], 7:[], 8:[], 9:[], 10:[], 11:[], 12:[], 13:[], 14:[], 15:[], 16:[], 17:[], 18:[], 19:[], 20:[], 21:[], 22:[], 23:[], 24:[], 25:[], 26:[], 27:[], 28:[], 29:[], 30:[], 31:[], 32:[], 33:[], 34:[], 35:[], 36:[], 37:[], 38:[], 39:[], 40:[], 41:[], 42:[], 43:[], 44:[], 45:[], 46:[], 47:[], 48:[], 49:[], 50:[], 51:[], 52:[], 53:[], 54:[], 55:[], 56:[], 57:[], 58:[], 59:[], 60:[], 61:[], 62:[], 63:[], 64:[], 65:[], 66:[], 67:[], 68:[], 69:[], 70:[], 71:[], 72:[], 73:[], 74:[], 75:[], 76:[], 77:[], 78:[], 79:[], 80:[], 81:[], 82:[], 83:[], 84:[], 85:[], 86:[], 87:[], 88:[], 89:[], 90:[], 91:[], 92:[], 93:[], 94:[], 95:[], 96:[], 97:[], 98:[], 99:[], 100:[], 101:[], 102:[], 103:[], 104:[], 105:[], 106:[], 107:[], 108:[], 109:[], 110:[], 111:[], 112:[], 113:[], 114:[], 115:[], 116:[], 117:[], 118:[], 119:[], 120:[], 121:[], 122:[], 123:[], 124:[], 125:[], 126:[], 127:[], 128:[], 129:[], 130:[], 131:[], 132:[], 133:[], 134:[], 135:[], 136:[], 137:[], 138:[], 139:[], 140:[], 141:[], 142:[], 143:[], 144:[], 145:[], 146:[], 147:[], 148:[], 149:[], 150:[], 151:[], 152:[], 153:[], 154:[], 155:[], 156:[], 157:[], 158:[], 159:[], 160:[], 161:[], 162:[], 163:[], 164:[], 165:[], 166:[], 167:[], 168:[], 169:[], 170:[], 171:[], 172:[], 173:[], 174:[], 175:[], 176:[], 177:[], 178:[], 179:[], 180:[], 181:[], 182:[], 183:[], 184:[], 185:[], 186:[], 187:[], 188:[], 189:[], 190:[], 191:[], 192:[], 193:[], 194:[], 195:[], 196:[], 197:[], 198:[], 199:[], 200:[], 201:[], 202:[], 203:[], 204:[], 205:[], 206:[], 207:[], 208:[]",100438891900,115987994826
5011,2,43038.4925,43899363,655867870,5238553212,1044.4288,false,209,true,true,true,true,true,false,false,"0:[0, 1, 2, 3, 4, 5, 6, 7, 8, 9, 10, 11, 12, 13, 14, 15, 16, 17, 18, 19, 20, 21, 22, 23, 24, 25, 26, 27, 28, 29, 30, 31, 32, 33, 34, 35, 36, 37, 38, 39, 40, 41, 42, 43, 44, 45, 46, 47, 48, 49, 50, 51, 52, 53, 54, 55, 56, 57, 58, 59, 60, 61, 62, 63, 64, 65, 66, 67, 68, 69, 70, 71, 72, 73, 74, 75, 76, 77, 78, 79, 80, 81, 82, 83, 84, 85, 86, 87, 88, 89, 90, 91, 92, 93, 94, 95, 96, 97, 98, 99, 100, 101, 102, 103, 104, 105, 106, 107, 108, 109, 110, 111, 112, 113, 114, 115, 116, 117, 118, 119, 120, 121, 122, 123, 124, 125, 126, 127, 128, 129, 130, 131, 132, 133, 134, 135, 136, 137, 138, 139, 140, 141, 142, 143, 144, 145, 146, 147, 148, 149, 150, 151, 152, 153, 154, 155, 156, 157, 158, 159, 160, 161, 162, 163, 164, 165, 166, 167, 168, 169, 170, 171, 172, 173, 174, 175, 176, 177, 178, 179, 180, 181, 182, 183, 184, 185, 186, 187, 188, 189, 190, 191, 192, 193, 194, 195, 196, 197, 198, 199, 200, 201, 202, 203, 204, 205, 206, 207, 208], 1:[], 2:[], 3:[], 4:[], 5:[], 6:[], 7:[], 8:[], 9:[], 10:[], 11:[], 12:[], 13:[], 14:[], 15:[], 16:[], 17:[], 18:[], 19:[], 20:[], 21:[], 22:[], 23:[], 24:[], 25:[], 26:[], 27:[], 28:[], 29:[], 30:[], 31:[], 32:[], 33:[], 34:[], 35:[], 36:[], 37:[], 38:[], 39:[], 40:[], 41:[], 42:[], 43:[], 44:[], 45:[], 46:[], 47:[], 48:[], 49:[], 50:[], 51:[], 52:[], 53:[], 54:[], 55:[], 56:[], 57:[], 58:[], 59:[], 60:[], 61:[], 62:[], 63:[], 64:[], 65:[], 66:[], 67:[], 68:[], 69:[], 70:[], 71:[], 72:[], 73:[], 74:[], 75:[], 76:[], 77:[], 78:[], 79:[], 80:[], 81:[], 82:[], 83:[], 84:[], 85:[], 86:[], 87:[], 88:[], 89:[], 90:[], 91:[], 92:[], 93:[], 94:[], 95:[], 96:[], 97:[], 98:[], 99:[], 100:[], 101:[], 102:[], 103:[], 104:[], 105:[], 106:[], 107:[], 108:[], 109:[], 110:[], 111:[], 112:[], 113:[], 114:[], 115:[], 116:[], 117:[], 118:[], 119:[], 120:[], 121:[], 122:[], 123:[], 124:[], 125:[], 126:[], 127:[], 128:[], 129:[], 130:[], 131:[], 132:[], 133:[], 134:[], 135:[], 136:[], 137:[], 138:[], 139:[], 140:[], 141:[], 142:[], 143:[], 144:[], 145:[], 146:[], 147:[], 148:[], 149:[], 150:[], 151:[], 152:[], 153:[], 154:[], 155:[], 156:[], 157:[], 158:[], 159:[], 160:[], 161:[], 162:[], 163:[], 164:[], 165:[], 166:[], 167:[], 168:[], 169:[], 170:[], 171:[], 172:[], 173:[], 174:[], 175:[], 176:[], 177:[], 178:[], 179:[], 180:[], 181:[], 182:[], 183:[], 184:[], 185:[], 186:[], 187:[], 188:[], 189:[], 190:[], 191:[], 192:[], 193:[], 194:[], 195:[], 196:[], 197:[], 198:[], 199:[], 200:[], 201:[], 202:[], 203:[], 204:[], 205:[], 206:[], 207:[], 208:[]",99533966052,114674110298
5051,2,44519.6788,44957348,671695670,5365041340,1043.7445,false,211,true,true,true,true,true,false,false,"0:[0, 1, 2, 3, 4, 5, 6, 7, 8, 9, 10, 11, 12, 13, 14, 15, 16, 17, 18, 19, 20, 21, 22, 23, 24, 25, 26, 27, 28, 29, 30, 31, 32, 33, 34, 35, 36, 37, 38, 39, 40, 41, 42, 43, 44, 45, 46, 47, 48, 49, 50, 51, 52, 53, 54, 55, 56, 57, 58, 59, 60, 61, 62, 63, 64, 65, 66, 67, 68, 69, 70, 71, 72, 73, 74, 75, 76, 77, 78, 79, 80, 81, 82, 83, 84, 85, 86, 87, 88, 89, 90, 91, 92, 93, 94, 95, 96, 97, 98, 99, 100, 101, 102, 103, 104, 105, 106, 107, 108, 109, 110, 111, 112, 113, 114, 115, 116, 117, 118, 119, 120, 121, 122, 123, 124, 125, 126, 127, 128, 129, 130, 131, 132, 133, 134, 135, 136, 137, 138, 139, 140, 141, 142, 143, 144, 145, 146, 147, 148, 149, 150, 151, 152, 153, 154, 155, 156, 157, 158, 159, 160, 161, 162, 163, 164, 165, 166, 167, 168, 169, 170, 171, 172, 173, 174, 175, 176, 177, 178, 179, 180, 181, 182, 183, 184, 185, 186, 187, 188, 189, 190, 191, 192, 193, 194, 195, 196, 197, 198, 199, 200, 201, 202, 203, 204, 205, 206, 207, 208, 209, 210], 1:[], 2:[], 3:[], 4:[], 5:[], 6:[], 7:[], 8:[], 9:[], 10:[], 11:[], 12:[], 13:[], 14:[], 15:[], 16:[], 17:[], 18:[], 19:[], 20:[], 21:[], 22:[], 23:[], 24:[], 25:[], 26:[], 27:[], 28:[], 29:[], 30:[], 31:[], 32:[], 33:[], 34:[], 35:[], 36:[], 37:[], 38:[], 39:[], 40:[], 41:[], 42:[], 43:[], 44:[], 45:[], 46:[], 47:[], 48:[], 49:[], 50:[], 51:[], 52:[], 53:[], 54:[], 55:[], 56:[], 57:[], 58:[], 59:[], 60:[], 61:[], 62:[], 63:[], 64:[], 65:[], 66:[], 67:[], 68:[], 69:[], 70:[], 71:[], 72:[], 73:[], 74:[], 75:[], 76:[], 77:[], 78:[], 79:[], 80:[], 81:[], 82:[], 83:[], 84:[], 85:[], 86:[], 87:[], 88:[], 89:[], 90:[], 91:[], 92:[], 93:[], 94:[], 95:[], 96:[], 97:[], 98:[], 99:[], 100:[], 101:[], 102:[], 103:[], 104:[], 105:[], 106:[], 107:[], 108:[], 109:[], 110:[], 111:[], 112:[], 113:[], 114:[], 115:[], 116:[], 117:[], 118:[], 119:[], 120:[], 121:[], 122:[], 123:[], 124:[], 125:[], 126:[], 127:[], 128:[], 129:[], 130:[], 131:[], 132:[], 133:[], 134:[], 135:[], 136:[], 137:[], 138:[], 139:[], 140:[], 141:[], 142:[], 143:[], 144:[], 145:[], 146:[], 147:[], 148:[], 149:[], 150:[], 151:[], 152:[], 153:[], 154:[], 155:[], 156:[], 157:[], 158:[], 159:[], 160:[], 161:[], 162:[], 163:[], 164:[], 165:[], 166:[], 167:[], 168:[], 169:[], 170:[], 171:[], 172:[], 173:[], 174:[], 175:[], 176:[], 177:[], 178:[], 179:[], 180:[], 181:[], 182:[], 183:[], 184:[], 185:[], 186:[], 187:[], 188:[], 189:[], 190:[], 191:[], 192:[], 193:[], 194:[], 195:[], 196:[], 197:[], 198:[], 199:[], 200:[], 201:[], 202:[], 203:[], 204:[], 205:[], 206:[], 207:[], 208:[], 209:[], 210:[]",100829813632,116555585102
5009,3,45877.6222,43846905,655084325,5232296500,1181.5366,false,209,true,true,true,true,true,false,false,"0:[0, 1, 2, 3, 4, 5, 6, 7, 8, 9, 10, 11, 12, 13, 14, 15, 16, 17, 18, 19, 20, 21, 22, 23, 24, 25, 26, 27, 28, 29, 30, 31, 32, 33, 34, 35, 36, 37, 38, 39, 40, 41, 42, 43, 44, 45, 46, 47, 48, 49, 50, 51, 52, 53, 54, 55, 56, 57, 58, 59, 60, 61, 62, 63, 64, 65, 66, 67, 68, 69, 70, 71, 72, 73, 74, 75, 76, 77, 78, 79, 80, 81, 82, 83, 84, 85, 86, 87, 88, 89, 90, 91, 92, 93, 94, 95, 96, 97, 98, 99, 100, 101, 102, 103, 104, 105, 106, 107, 108, 109, 110, 111, 112, 113, 114, 115, 116, 117, 118, 119, 120, 121, 122, 123, 124, 125, 126, 127, 128, 129, 130, 131, 132, 133, 134, 135, 136, 137, 138, 139, 140, 141, 142, 143, 144, 145, 146, 147, 148, 149, 150, 151, 152, 153, 154, 155, 156, 157, 158, 159, 160, 161, 162, 163, 164, 165, 166, 167, 168, 169, 170, 171, 172, 173, 174, 175, 176, 177, 178, 179, 180, 181, 182, 183, 184, 185, 186, 187, 188, 189, 190, 191, 192, 193, 194, 195, 196, 197, 198, 199, 200, 201, 202, 203, 204, 205, 206, 207, 208], 1:[], 2:[], 3:[], 4:[], 5:[], 6:[], 7:[], 8:[], 9:[], 10:[], 11:[], 12:[], 13:[], 14:[], 15:[], 16:[], 17:[], 18:[], 19:[], 20:[], 21:[], 22:[], 23:[], 24:[], 25:[], 26:[], 27:[], 28:[], 29:[], 30:[], 31:[], 32:[], 33:[], 34:[], 35:[], 36:[], 37:[], 38:[], 39:[], 40:[], 41:[], 42:[], 43:[], 44:[], 45:[], 46:[], 47:[], 48:[], 49:[], 50:[], 51:[], 52:[], 53:[], 54:[], 55:[], 56:[], 57:[], 58:[], 59:[], 60:[], 61:[], 62:[], 63:[], 64:[], 65:[], 66:[], 67:[], 68:[], 69:[], 70:[], 71:[], 72:[], 73:[], 74:[], 75:[], 76:[], 77:[], 78:[], 79:[], 80:[], 81:[], 82:[], 83:[], 84:[], 85:[], 86:[], 87:[], 88:[], 89:[], 90:[], 91:[], 92:[], 93:[], 94:[], 95:[], 96:[], 97:[], 98:[], 99:[], 100:[], 101:[], 102:[], 103:[], 104:[], 105:[], 106:[], 107:[], 108:[], 109:[], 110:[], 111:[], 112:[], 113:[], 114:[], 115:[], 116:[], 117:[], 118:[], 119:[], 120:[], 121:[], 122:[], 123:[], 124:[], 125:[], 126:[], 127:[], 128:[], 129:[], 130:[], 131:[], 132:[], 133:[], 134:[], 135:[], 136:[], 137:[], 138:[], 139:[], 140:[], 141:[], 142:[], 143:[], 144:[], 145:[], 146:[], 147:[], 148:[], 149:[], 150:[], 151:[], 152:[], 153:[], 154:[], 155:[], 156:[], 157:[], 158:[], 159:[], 160:[], 161:[], 162:[], 163:[], 164:[], 165:[], 166:[], 167:[], 168:[], 169:[], 170:[], 171:[], 172:[], 173:[], 174:[], 175:[], 176:[], 177:[], 178:[], 179:[], 180:[], 181:[], 182:[], 183:[], 184:[], 185:[], 186:[], 187:[], 188:[], 189:[], 190:[], 191:[], 192:[], 193:[], 194:[], 195:[], 196:[], 197:[], 198:[], 199:[], 200:[], 201:[], 202:[], 203:[], 204:[], 205:[], 206:[], 207:[], 208:[]",99469813628,114581006709
5081,3,47411.9277,45761896,683733434,5461246963,1058.7289,false,212,true,true,true,true,true,false,false,"0:[0, 1, 2, 3, 4, 5, 6, 7, 8, 9, 10, 11, 12, 13, 14, 15, 16, 17, 18, 19, 20, 21, 22, 23, 24, 25, 26, 27, 28, 29, 30, 31, 32, 33, 34, 35, 36, 37, 38, 39, 40, 41, 42, 43, 44, 45, 46, 47, 48, 49, 50, 51, 52, 53, 54, 55, 56, 57, 58, 59, 60, 61, 62, 63, 64, 65, 66, 67, 68, 69, 70, 71, 72, 73, 74, 75, 76, 77, 78, 79, 80, 81, 82, 83, 84, 85, 86, 87, 88, 89, 90, 91, 92, 93, 94, 95, 96, 97, 98, 99, 100, 101, 102, 103, 104, 105, 106, 107, 108, 109, 110, 111, 112, 113, 114, 115, 116, 117, 118, 119, 120, 121, 122, 123, 124, 125, 126, 127, 128, 129, 130, 131, 132, 133, 134, 135, 136, 137, 138, 139, 140, 141, 142, 143, 144, 145, 146, 147, 148, 149, 150, 151, 152, 153, 154, 155, 156, 157, 158, 159, 160, 161, 162, 163, 164, 165, 166, 167, 168, 169, 170, 171, 172, 173, 174, 175, 176, 177, 178, 179, 180, 181, 182, 183, 184, 185, 186, 187, 188, 189, 190, 191, 192, 193, 194, 195, 196, 197, 198, 199, 200, 201, 202, 203, 204, 205, 206, 207, 208, 209, 210, 211], 1:[], 2:[], 3:[], 4:[], 5:[], 6:[], 7:[], 8:[], 9:[], 10:[], 11:[], 12:[], 13:[], 14:[], 15:[], 16:[], 17:[], 18:[], 19:[], 20:[], 21:[], 22:[], 23:[], 24:[], 25:[], 26:[], 27:[], 28:[], 29:[], 30:[], 31:[], 32:[], 33:[], 34:[], 35:[], 36:[], 37:[], 38:[], 39:[], 40:[], 41:[], 42:[], 43:[], 44:[], 45:[], 46:[], 47:[], 48:[], 49:[], 50:[], 51:[], 52:[], 53:[], 54:[], 55:[], 56:[], 57:[], 58:[], 59:[], 60:[], 61:[], 62:[], 63:[], 64:[], 65:[], 66:[], 67:[], 68:[], 69:[], 70:[], 71:[], 72:[], 73:[], 74:[], 75:[], 76:[], 77:[], 78:[], 79:[], 80:[], 81:[], 82:[], 83:[], 84:[], 85:[], 86:[], 87:[], 88:[], 89:[], 90:[], 91:[], 92:[], 93:[], 94:[], 95:[], 96:[], 97:[], 98:[], 99:[], 100:[], 101:[], 102:[], 103:[], 104:[], 105:[], 106:[], 107:[], 108:[], 109:[], 110:[], 111:[], 112:[], 113:[], 114:[], 115:[], 116:[], 117:[], 118:[], 119:[], 120:[], 121:[], 122:[], 123:[], 124:[], 125:[], 126:[], 127:[], 128:[], 129:[], 130:[], 131:[], 132:[], 133:[], 134:[], 135:[], 136:[], 137:[], 138:[], 139:[], 140:[], 141:[], 142:[], 143:[], 144:[], 145:[], 146:[], 147:[], 148:[], 149:[], 150:[], 151:[], 152:[], 153:[], 154:[], 155:[], 156:[], 157:[], 158:[], 159:[], 160:[], 161:[], 162:[], 163:[], 164:[], 165:[], 166:[], 167:[], 168:[], 169:[], 170:[], 171:[], 172:[], 173:[], 174:[], 175:[], 176:[], 177:[], 178:[], 179:[], 180:[], 181:[], 182:[], 183:[], 184:[], 185:[], 186:[], 187:[], 188:[], 189:[], 190:[], 191:[], 192:[], 193:[], 194:[], 195:[], 196:[], 197:[], 198:[], 199:[], 200:[], 201:[], 202:[], 203:[], 204:[], 205:[], 206:[], 207:[], 208:[], 209:[], 210:[], 211:[]",101815362096,117986570162
5087,5,49118.6580,45923949,686156566,5480606426,1095.1646,false,212,true,true,true,true,true,false,false,"0:[0, 1, 2, 3, 4, 5, 6, 7, 8, 9, 10, 11, 12, 13, 14, 15, 16, 17, 18, 19, 20, 21, 22, 23, 24, 25, 26, 27, 28, 29, 30, 31, 32, 33, 34, 35, 36, 37, 38, 39, 40, 41, 42, 43, 44, 45, 46, 47, 48, 49, 50, 51, 52, 53, 54, 55, 56, 57, 58, 59, 60, 61, 62, 63, 64, 65, 66, 67, 68, 69, 70, 71, 72, 73, 74, 75, 76, 77, 78, 79, 80, 81, 82, 83, 84, 85, 86, 87, 88, 89, 90, 91, 92, 93, 94, 95, 96, 97, 98, 99, 100, 101, 102, 103, 104, 105, 106, 107, 108, 109, 110, 111, 112, 113, 114, 115, 116, 117, 118, 119, 120, 121, 122, 123, 124, 125, 126, 127, 128, 129, 130, 131, 132, 133, 134, 135, 136, 137, 138, 139, 140, 141, 142, 143, 144, 145, 146, 147, 148, 149, 150, 151, 152, 153, 154, 155, 156, 157, 158, 159, 160, 161, 162, 163, 164, 165, 166, 167, 168, 169, 170, 171, 172, 173, 174, 175, 176, 177, 178, 179, 180, 181, 182, 183, 184, 185, 186, 187, 188, 189, 190, 191, 192, 193, 194, 195, 196, 197, 198, 199, 200, 201, 202, 203, 204, 205, 206, 207, 208, 209, 210, 211], 1:[], 2:[], 3:[], 4:[], 5:[], 6:[], 7:[], 8:[], 9:[], 10:[], 11:[], 12:[], 13:[], 14:[], 15:[], 16:[], 17:[], 18:[], 19:[], 20:[], 21:[], 22:[], 23:[], 24:[], 25:[], 26:[], 27:[], 28:[], 29:[], 30:[], 31:[], 32:[], 33:[], 34:[], 35:[], 36:[], 37:[], 38:[], 39:[], 40:[], 41:[], 42:[], 43:[], 44:[], 45:[], 46:[], 47:[], 48:[], 49:[], 50:[], 51:[], 52:[], 53:[], 54:[], 55:[], 56:[], 57:[], 58:[], 59:[], 60:[], 61:[], 62:[], 63:[], 64:[], 65:[], 66:[], 67:[], 68:[], 69:[], 70:[], 71:[], 72:[], 73:[], 74:[], 75:[], 76:[], 77:[], 78:[], 79:[], 80:[], 81:[], 82:[], 83:[], 84:[], 85:[], 86:[], 87:[], 88:[], 89:[], 90:[], 91:[], 92:[], 93:[], 94:[], 95:[], 96:[], 97:[], 98:[], 99:[], 100:[], 101:[], 102:[], 103:[], 104:[], 105:[], 106:[], 107:[], 108:[], 109:[], 110:[], 111:[], 112:[], 113:[], 114:[], 115:[], 116:[], 117:[], 118:[], 119:[], 120:[], 121:[], 122:[], 123:[], 124:[], 125:[], 126:[], 127:[], 128:[], 129:[], 130:[], 131:[], 132:[], 133:[], 134:[], 135:[], 136:[], 137:[], 138:[], 139:[], 140:[], 141:[], 142:[], 143:[], 144:[], 145:[], 146:[], 147:[], 148:[], 149:[], 150:[], 151:[], 152:[], 153:[], 154:[], 155:[], 156:[], 157:[], 158:[], 159:[], 160:[], 161:[], 162:[], 163:[], 164:[], 165:[], 166:[], 167:[], 168:[], 169:[], 170:[], 171:[], 172:[], 173:[], 174:[], 175:[], 176:[], 177:[], 178:[], 179:[], 180:[], 181:[], 182:[], 183:[], 184:[], 185:[], 186:[], 187:[], 188:[], 189:[], 190:[], 191:[], 192:[], 193:[], 194:[], 195:[], 196:[], 197:[], 198:[], 199:[], 200:[], 201:[], 202:[], 203:[], 204:[], 205:[], 206:[], 207:[], 208:[], 209:[], 210:[], 211:[]",102013750140,118274572970
5147,2,40998.3828,47565568,710716860,5676884183,1106.5461,false,214,true,true,true,true,true,false,false,"0:[0, 1, 2, 3, 4, 5, 6, 7, 8, 9, 10, 11, 12, 13, 14, 15, 16, 17, 18, 19, 20, 21, 22, 23, 24, 25, 26, 27, 28, 29, 30, 31, 32, 33, 34, 35, 36, 37, 38, 39, 40, 41, 42, 43, 44, 45, 46, 47, 48, 49, 50, 51, 52, 53, 54, 55, 56, 57, 58, 59, 60, 61, 62, 63, 64, 65, 66, 67, 68, 69, 70, 71, 72, 73, 74, 75, 76, 77, 78, 79, 80, 81, 82, 83, 84, 85, 86, 87, 88, 89, 90, 91, 92, 93, 94, 95, 96, 97, 98, 99, 100, 101, 102, 103, 104, 105, 106, 107, 108, 109, 110, 111, 112, 113, 114, 115, 116, 117, 118, 119, 120, 121, 122, 123, 124, 125, 126, 127, 128, 129, 130, 131, 132, 133, 134, 135, 136, 137, 138, 139, 140, 141, 142, 143, 144, 145, 146, 147, 148, 149, 150, 151, 152, 153, 154, 155, 156, 157, 158, 159, 160, 161, 162, 163, 164, 165, 166, 167, 168, 169, 170, 171, 172, 173, 174, 175, 176, 177, 178, 179, 180, 181, 182, 183, 184, 185, 186, 187, 188, 189, 190, 191, 192, 193, 194, 195, 196, 197, 198, 199, 200, 201, 202, 203, 204, 205, 206, 207, 208, 209, 210, 211, 212, 213], 1:[], 2:[], 3:[], 4:[], 5:[], 6:[], 7:[], 8:[], 9:[], 10:[], 11:[], 12:[], 13:[], 14:[], 15:[], 16:[], 17:[], 18:[], 19:[], 20:[], 21:[], 22:[], 23:[], 24:[], 25:[], 26:[], 27:[], 28:[], 29:[], 30:[], 31:[], 32:[], 33:[], 34:[], 35:[], 36:[], 37:[], 38:[], 39:[], 40:[], 41:[], 42:[], 43:[], 44:[], 45:[], 46:[], 47:[], 48:[], 49:[], 50:[], 51:[], 52:[], 53:[], 54:[], 55:[], 56:[], 57:[], 58:[], 59:[], 60:[], 61:[], 62:[], 63:[], 64:[], 65:[], 66:[], 67:[], 68:[], 69:[], 70:[], 71:[], 72:[], 73:[], 74:[], 75:[], 76:[], 77:[], 78:[], 79:[], 80:[], 81:[], 82:[], 83:[], 84:[], 85:[], 86:[], 87:[], 88:[], 89:[], 90:[], 91:[], 92:[], 93:[], 94:[], 95:[], 96:[], 97:[], 98:[], 99:[], 100:[], 101:[], 102:[], 103:[], 104:[], 105:[], 106:[], 107:[], 108:[], 109:[], 110:[], 111:[], 112:[], 113:[], 114:[], 115:[], 116:[], 117:[], 118:[], 119:[], 120:[], 121:[], 122:[], 123:[], 124:[], 125:[], 126:[], 127:[], 128:[], 129:[], 130:[], 131:[], 132:[], 133:[], 134:[], 135:[], 136:[], 137:[], 138:[], 139:[], 140:[], 141:[], 142:[], 143:[], 144:[], 145:[], 146:[], 147:[], 148:[], 149:[], 150:[], 151:[], 152:[], 153:[], 154:[], 155:[], 156:[], 157:[], 158:[], 159:[], 160:[], 161:[], 162:[], 163:[], 164:[], 165:[], 166:[], 167:[], 168:[], 169:[], 170:[], 171:[], 172:[], 173:[], 174:[], 175:[], 176:[], 177:[], 178:[], 179:[], 180:[], 181:[], 182:[], 183:[], 184:[], 185:[], 186:[], 187:[], 188:[], 189:[], 190:[], 191:[], 192:[], 193:[], 194:[], 195:[], 196:[], 197:[], 198:[], 199:[], 200:[], 201:[], 202:[], 203:[], 204:[], 205:[], 206:[], 207:[], 208:[], 209:[], 210:[], 211:[], 212:[], 213:[]",104024538992,121194091548
5171,2,41631.6333,48233016,720702705,5756688000,1117.9975,false,216,true,true,true,true,true,false,false,"0:[0, 1, 2, 3, 4, 5, 6, 7, 8, 9, 10, 11, 12, 13, 14, 15, 16, 17, 18, 19, 20, 21, 22, 23, 24, 25, 26, 27, 28, 29, 30, 31, 32, 33, 34, 35, 36, 37, 38, 39, 40, 41, 42, 43, 44, 45, 46, 47, 48, 49, 50, 51, 52, 53, 54, 55, 56, 57, 58, 59, 60, 61, 62, 63, 64, 65, 66, 67, 68, 69, 70, 71, 72, 73, 74, 75, 76, 77, 78, 79, 80, 81, 82, 83, 84, 85, 86, 87, 88, 89, 90, 91, 92, 93, 94, 95, 96, 97, 98, 99, 100, 101, 102, 103, 104, 105, 106, 107, 108, 109, 110, 111, 112, 113, 114, 115, 116, 117, 118, 119, 120, 121, 122, 123, 124, 125, 126, 127, 128, 129, 130, 131, 132, 133, 134, 135, 136, 137, 138, 139, 140, 141, 142, 143, 144, 145, 146, 147, 148, 149, 150, 151, 152, 153, 154, 155, 156, 157, 158, 159, 160, 161, 162, 163, 164, 165, 166, 167, 168, 169, 170, 171, 172, 173, 174, 175, 176, 177, 178, 179, 180, 181, 182, 183, 184, 185, 186, 187, 188, 189, 190, 191, 192, 193, 194, 195, 196, 197, 198, 199, 200, 201, 202, 203, 204, 205, 206, 207, 208, 209, 210, 211, 212, 213, 214, 215], 1:[], 2:[], 3:[], 4:[], 5:[], 6:[], 7:[], 8:[], 9:[], 10:[], 11:[], 12:[], 13:[], 14:[], 15:[], 16:[], 17:[], 18:[], 19:[], 20:[], 21:[], 22:[], 23:[], 24:[], 25:[], 26:[], 27:[], 28:[], 29:[], 30:[], 31:[], 32:[], 33:[], 34:[], 35:[], 36:[], 37:[], 38:[], 39:[], 40:[], 41:[], 42:[], 43:[], 44:[], 45:[], 46:[], 47:[], 48:[], 49:[], 50:[], 51:[], 52:[], 53:[], 54:[], 55:[], 56:[], 57:[], 58:[], 59:[], 60:[], 61:[], 62:[], 63:[], 64:[], 65:[], 66:[], 67:[], 68:[], 69:[], 70:[], 71:[], 72:[], 73:[], 74:[], 75:[], 76:[], 77:[], 78:[], 79:[], 80:[], 81:[], 82:[], 83:[], 84:[], 85:[], 86:[], 87:[], 88:[], 89:[], 90:[], 91:[], 92:[], 93:[], 94:[], 95:[], 96:[], 97:[], 98:[], 99:[], 100:[], 101:[], 102:[], 103:[], 104:[], 105:[], 106:[], 107:[], 108:[], 109:[], 110:[], 111:[], 112:[], 113:[], 114:[], 115:[], 116:[], 117:[], 118:[], 119:[], 120:[], 121:[], 122:[], 123:[], 124:[], 125:[], 126:[], 127:[], 128:[], 129:[], 130:[], 131:[], 132:[], 133:[], 134:[], 135:[], 136:[], 137:[], 138:[], 139:[], 140:[], 141:[], 142:[], 143:[], 144:[], 145:[], 146:[], 147:[], 148:[], 149:[], 150:[], 151:[], 152:[], 153:[], 154:[], 155:[], 156:[], 157:[], 158:[], 159:[], 160:[], 161:[], 162:[], 163:[], 164:[], 165:[], 166:[], 167:[], 168:[], 169:[], 170:[], 171:[], 172:[], 173:[], 174:[], 175:[], 176:[], 177:[], 178:[], 179:[], 180:[], 181:[], 182:[], 183:[], 184:[], 185:[], 186:[], 187:[], 188:[], 189:[], 190:[], 191:[], 192:[], 193:[], 194:[], 195:[], 196:[], 197:[], 198:[], 199:[], 200:[], 201:[], 202:[], 203:[], 204:[], 205:[], 206:[], 207:[], 208:[], 209:[], 210:[], 211:[], 212:[], 213:[], 214:[], 215:[]",104842095136,122381122197
5179,2,42568.9339,48456879,724052045,5783455323,1131.3199,false,216,true,true,true,true,true,false,false,"0:[0, 1, 2, 3, 4, 5, 6, 7, 8, 9, 10, 11, 12, 13, 14, 15, 16, 17, 18, 19, 20, 21, 22, 23, 24, 25, 26, 27, 28, 29, 30, 31, 32, 33, 34, 35, 36, 37, 38, 39, 40, 41, 42, 43, 44, 45, 46, 47, 48, 49, 50, 51, 52, 53, 54, 55, 56, 57, 58, 59, 60, 61, 62, 63, 64, 65, 66, 67, 68, 69, 70, 71, 72, 73, 74, 75, 76, 77, 78, 79, 80, 81, 82, 83, 84, 85, 86, 87, 88, 89, 90, 91, 92, 93, 94, 95, 96, 97, 98, 99, 100, 101, 102, 103, 104, 105, 106, 107, 108, 109, 110, 111, 112, 113, 114, 115, 116, 117, 118, 119, 120, 121, 122, 123, 124, 125, 126, 127, 128, 129, 130, 131, 132, 133, 134, 135, 136, 137, 138, 139, 140, 141, 142, 143, 144, 145, 146, 147, 148, 149, 150, 151, 152, 153, 154, 155, 156, 157, 158, 159, 160, 161, 162, 163, 164, 165, 166, 167, 168, 169, 170, 171, 172, 173, 174, 175, 176, 177, 178, 179, 180, 181, 182, 183, 184, 185, 186, 187, 188, 189, 190, 191, 192, 193, 194, 195, 196, 197, 198, 199, 200, 201, 202, 203, 204, 205, 206, 207, 208, 209, 210, 211, 212, 213, 214, 215], 1:[], 2:[], 3:[], 4:[], 5:[], 6:[], 7:[], 8:[], 9:[], 10:[], 11:[], 12:[], 13:[], 14:[], 15:[], 16:[], 17:[], 18:[], 19:[], 20:[], 21:[], 22:[], 23:[], 24:[], 25:[], 26:[], 27:[], 28:[], 29:[], 30:[], 31:[], 32:[], 33:[], 34:[], 35:[], 36:[], 37:[], 38:[], 39:[], 40:[], 41:[], 42:[], 43:[], 44:[], 45:[], 46:[], 47:[], 48:[], 49:[], 50:[], 51:[], 52:[], 53:[], 54:[], 55:[], 56:[], 57:[], 58:[], 59:[], 60:[], 61:[], 62:[], 63:[], 64:[], 65:[], 66:[], 67:[], 68:[], 69:[], 70:[], 71:[], 72:[], 73:[], 74:[], 75:[], 76:[], 77:[], 78:[], 79:[], 80:[], 81:[], 82:[], 83:[], 84:[], 85:[], 86:[], 87:[], 88:[], 89:[], 90:[], 91:[], 92:[], 93:[], 94:[], 95:[], 96:[], 97:[], 98:[], 99:[], 100:[], 101:[], 102:[], 103:[], 104:[], 105:[], 106:[], 107:[], 108:[], 109:[], 110:[], 111:[], 112:[], 113:[], 114:[], 115:[], 116:[], 117:[], 118:[], 119:[], 120:[], 121:[], 122:[], 123:[], 124:[], 125:[], 126:[], 127:[], 128:[], 129:[], 130:[], 131:[], 132:[], 133:[], 134:[], 135:[], 136:[], 137:[], 138:[], 139:[], 140:[], 141:[], 142:[], 143:[], 144:[], 145:[], 146:[], 147:[], 148:[], 149:[], 150:[], 151:[], 152:[], 153:[], 154:[], 155:[], 156:[], 157:[], 158:[], 159:[], 160:[], 161:[], 162:[], 163:[], 164:[], 165:[], 166:[], 167:[], 168:[], 169:[], 170:[], 171:[], 172:[], 173:[], 174:[], 175:[], 176:[], 177:[], 178:[], 179:[], 180:[], 181:[], 182:[], 183:[], 184:[], 185:[], 186:[], 187:[], 188:[], 189:[], 190:[], 191:[], 192:[], 193:[], 194:[], 195:[], 196:[], 197:[], 198:[], 199:[], 200:[], 201:[], 202:[], 203:[], 204:[], 205:[], 206:[], 207:[], 208:[], 209:[], 210:[], 211:[], 212:[], 213:[], 214:[], 215:[]",105116310500,122779263525
5119,3,44855.0542,46794696,699183739,5584715011,1102.0195,false,213,true,true,true,true,true,false,false,"0:[0, 1, 2, 3, 4, 5, 6, 7, 8, 9, 10, 11, 12, 13, 14, 15, 16, 17, 18, 19, 20, 21, 22, 23, 24, 25, 26, 27, 28, 29, 30, 31, 32, 33, 34, 35, 36, 37, 38, 39, 40, 41, 42, 43, 44, 45, 46, 47, 48, 49, 50, 51, 52, 53, 54, 55, 56, 57, 58, 59, 60, 61, 62, 63, 64, 65, 66, 67, 68, 69, 70, 71, 72, 73, 74, 75, 76, 77, 78, 79, 80, 81, 82, 83, 84, 85, 86, 87, 88, 89, 90, 91, 92, 93, 94, 95, 96, 97, 98, 99, 100, 101, 102, 103, 104, 105, 106, 107, 108, 109, 110, 111, 112, 113, 114, 115, 116, 117, 118, 119, 120, 121, 122, 123, 124, 125, 126, 127, 128, 129, 130, 131, 132, 133, 134, 135, 136, 137, 138, 139, 140, 141, 142, 143, 144, 145, 146, 147, 148, 149, 150, 151, 152, 153, 154, 155, 156, 157, 158, 159, 160, 161, 162, 163, 164, 165, 166, 167, 168, 169, 170, 171, 172, 173, 174, 175, 176, 177, 178, 179, 180, 181, 182, 183, 184, 185, 186, 187, 188, 189, 190, 191, 192, 193, 194, 195, 196, 197, 198, 199, 200, 201, 202, 203, 204, 205, 206, 207, 208, 209, 210, 211, 212], 1:[], 2:[], 3:[], 4:[], 5:[], 6:[], 7:[], 8:[], 9:[], 10:[], 11:[], 12:[], 13:[], 14:[], 15:[], 16:[], 17:[], 18:[], 19:[], 20:[], 21:[], 22:[], 23:[], 24:[], 25:[], 26:[], 27:[], 28:[], 29:[], 30:[], 31:[], 32:[], 33:[], 34:[], 35:[], 36:[], 37:[], 38:[], 39:[], 40:[], 41:[], 42:[], 43:[], 44:[], 45:[], 46:[], 47:[], 48:[], 49:[], 50:[], 51:[], 52:[], 53:[], 54:[], 55:[], 56:[], 57:[], 58:[], 59:[], 60:[], 61:[], 62:[], 63:[], 64:[], 65:[], 66:[], 67:[], 68:[], 69:[], 70:[], 71:[], 72:[], 73:[], 74:[], 75:[], 76:[], 77:[], 78:[], 79:[], 80:[], 81:[], 82:[], 83:[], 84:[], 85:[], 86:[], 87:[], 88:[], 89:[], 90:[], 91:[], 92:[], 93:[], 94:[], 95:[], 96:[], 97:[], 98:[], 99:[], 100:[], 101:[], 102:[], 103:[], 104:[], 105:[], 106:[], 107:[], 108:[], 109:[], 110:[], 111:[], 112:[], 113:[], 114:[], 115:[], 116:[], 117:[], 118:[], 119:[], 120:[], 121:[], 122:[], 123:[], 124:[], 125:[], 126:[], 127:[], 128:[], 129:[], 130:[], 131:[], 132:[], 133:[], 134:[], 135:[], 136:[], 137:[], 138:[], 139:[], 140:[], 141:[], 142:[], 143:[], 144:[], 145:[], 146:[], 147:[], 148:[], 149:[], 150:[], 151:[], 152:[], 153:[], 154:[], 155:[], 156:[], 157:[], 158:[], 159:[], 160:[], 161:[], 162:[], 163:[], 164:[], 165:[], 166:[], 167:[], 168:[], 169:[], 170:[], 171:[], 172:[], 173:[], 174:[], 175:[], 176:[], 177:[], 178:[], 179:[], 180:[], 181:[], 182:[], 183:[], 184:[], 185:[], 186:[], 187:[], 188:[], 189:[], 190:[], 191:[], 192:[], 193:[], 194:[], 195:[], 196:[], 197:[], 198:[], 199:[], 200:[], 201:[], 202:[], 203:[], 204:[], 205:[], 206:[], 207:[], 208:[], 209:[], 210:[], 211:[], 212:[]",103080304896,119823132647
5189,2,43868.1566,48737680,728254541,5817045894,1139.2687,false,216,true,true,true,true,true,false,false,"0:[0, 1, 2, 3, 4, 5, 6, 7, 8, 9, 10, 11, 12, 13, 14, 15, 16, 17, 18, 19, 20, 21, 22, 23, 24, 25, 26, 27, 28, 29, 30, 31, 32, 33, 34, 35, 36, 37, 38, 39, 40, 41, 42, 43, 44, 45, 46, 47, 48, 49, 50, 51, 52, 53, 54, 55, 56, 57, 58, 59, 60, 61, 62, 63, 64, 65, 66, 67, 68, 69, 70, 71, 72, 73, 74, 75, 76, 77, 78, 79, 80, 81, 82, 83, 84, 85, 86, 87, 88, 89, 90, 91, 92, 93, 94, 95, 96, 97, 98, 99, 100, 101, 102, 103, 104, 105, 106, 107, 108, 109, 110, 111, 112, 113, 114, 115, 116, 117, 118, 119, 120, 121, 122, 123, 124, 125, 126, 127, 128, 129, 130, 131, 132, 133, 134, 135, 136, 137, 138, 139, 140, 141, 142, 143, 144, 145, 146, 147, 148, 149, 150, 151, 152, 153, 154, 155, 156, 157, 158, 159, 160, 161, 162, 163, 164, 165, 166, 167, 168, 169, 170, 171, 172, 173, 174, 175, 176, 177, 178, 179, 180, 181, 182, 183, 184, 185, 186, 187, 188, 189, 190, 191, 192, 193, 194, 195, 196, 197, 198, 199, 200, 201, 202, 203, 204, 205, 206, 207, 208, 209, 210, 211, 212, 213, 214, 215], 1:[], 2:[], 3:[], 4:[], 5:[], 6:[], 7:[], 8:[], 9:[], 10:[], 11:[], 12:[], 13:[], 14:[], 15:[], 16:[], 17:[], 18:[], 19:[], 20:[], 21:[], 22:[], 23:[], 24:[], 25:[], 26:[], 27:[], 28:[], 29:[], 30:[], 31:[], 32:[], 33:[], 34:[], 35:[], 36:[], 37:[], 38:[], 39:[], 40:[], 41:[], 42:[], 43:[], 44:[], 45:[], 46:[], 47:[], 48:[], 49:[], 50:[], 51:[], 52:[], 53:[], 54:[], 55:[], 56:[], 57:[], 58:[], 59:[], 60:[], 61:[], 62:[], 63:[], 64:[], 65:[], 66:[], 67:[], 68:[], 69:[], 70:[], 71:[], 72:[], 73:[], 74:[], 75:[], 76:[], 77:[], 78:[], 79:[], 80:[], 81:[], 82:[], 83:[], 84:[], 85:[], 86:[], 87:[], 88:[], 89:[], 90:[], 91:[], 92:[], 93:[], 94:[], 95:[], 96:[], 97:[], 98:[], 99:[], 100:[], 101:[], 102:[], 103:[], 104:[], 105:[], 106:[], 107:[], 108:[], 109:[], 110:[], 111:[], 112:[], 113:[], 114:[], 115:[], 116:[], 117:[], 118:[], 119:[], 120:[], 121:[], 122:[], 123:[], 124:[], 125:[], 126:[], 127:[], 128:[], 129:[], 130:[], 131:[], 132:[], 133:[], 134:[], 135:[], 136:[], 137:[], 138:[], 139:[], 140:[], 141:[], 142:[], 143:[], 144:[], 145:[], 146:[], 147:[], 148:[], 149:[], 150:[], 151:[], 152:[], 153:[], 154:[], 155:[], 156:[], 157:[], 158:[], 159:[], 160:[], 161:[], 162:[], 163:[], 164:[], 165:[], 166:[], 167:[], 168:[], 169:[], 170:[], 171:[], 172:[], 173:[], 174:[], 175:[], 176:[], 177:[], 178:[], 179:[], 180:[], 181:[], 182:[], 183:[], 184:[], 185:[], 186:[], 187:[], 188:[], 189:[], 190:[], 191:[], 192:[], 193:[], 194:[], 195:[], 196:[], 197:[], 198:[], 199:[], 200:[], 201:[], 202:[], 203:[], 204:[], 205:[], 206:[], 207:[], 208:[], 209:[], 210:[], 211:[], 212:[], 213:[], 214:[], 215:[]",105460372608,123278859201
5197,2,44256.6598,48963099,731627152,5843998933,1119.0672,false,217,true,true,true,true,true,false,false,"0:[0, 1, 2, 3, 4, 5, 6, 7, 8, 9, 10, 11, 12, 13, 14, 15, 16, 17, 18, 19, 20, 21, 22, 23, 24, 25, 26, 27, 28, 29, 30, 31, 32, 33, 34, 35, 36, 37, 38, 39, 40, 41, 42, 43, 44, 45, 46, 47, 48, 49, 50, 51, 52, 53, 54, 55, 56, 57, 58, 59, 60, 61, 62, 63, 64, 65, 66, 67, 68, 69, 70, 71, 72, 73, 74, 75, 76, 77, 78, 79, 80, 81, 82, 83, 84, 85, 86, 87, 88, 89, 90, 91, 92, 93, 94, 95, 96, 97, 98, 99, 100, 101, 102, 103, 104, 105, 106, 107, 108, 109, 110, 111, 112, 113, 114, 115, 116, 117, 118, 119, 120, 121, 122, 123, 124, 125, 126, 127, 128, 129, 130, 131, 132, 133, 134, 135, 136, 137, 138, 139, 140, 141, 142, 143, 144, 145, 146, 147, 148, 149, 150, 151, 152, 153, 154, 155, 156, 157, 158, 159, 160, 161, 162, 163, 164, 165, 166, 167, 168, 169, 170, 171, 172, 173, 174, 175, 176, 177, 178, 179, 180, 181, 182, 183, 184, 185, 186, 187, 188, 189, 190, 191, 192, 193, 194, 195, 196, 197, 198, 199, 200, 201, 202, 203, 204, 205, 206, 207, 208, 209, 210, 211, 212, 213, 214, 215, 216], 1:[], 2:[], 3:[], 4:[], 5:[], 6:[], 7:[], 8:[], 9:[], 10:[], 11:[], 12:[], 13:[], 14:[], 15:[], 16:[], 17:[], 18:[], 19:[], 20:[], 21:[], 22:[], 23:[], 24:[], 25:[], 26:[], 27:[], 28:[], 29:[], 30:[], 31:[], 32:[], 33:[], 34:[], 35:[], 36:[], 37:[], 38:[], 39:[], 40:[], 41:[], 42:[], 43:[], 44:[], 45:[], 46:[], 47:[], 48:[], 49:[], 50:[], 51:[], 52:[], 53:[], 54:[], 55:[], 56:[], 57:[], 58:[], 59:[], 60:[], 61:[], 62:[], 63:[], 64:[], 65:[], 66:[], 67:[], 68:[], 69:[], 70:[], 71:[], 72:[], 73:[], 74:[], 75:[], 76:[], 77:[], 78:[], 79:[], 80:[], 81:[], 82:[], 83:[], 84:[], 85:[], 86:[], 87:[], 88:[], 89:[], 90:[], 91:[], 92:[], 93:[], 94:[], 95:[], 96:[], 97:[], 98:[], 99:[], 100:[], 101:[], 102:[], 103:[], 104:[], 105:[], 106:[], 107:[], 108:[], 109:[], 110:[], 111:[], 112:[], 113:[], 114:[], 115:[], 116:[], 117:[], 118:[], 119:[], 120:[], 121:[], 122:[], 123:[], 124:[], 125:[], 126:[], 127:[], 128:[], 129:[], 130:[], 131:[], 132:[], 133:[], 134:[], 135:[], 136:[], 137:[], 138:[], 139:[], 140:[], 141:[], 142:[], 143:[], 144:[], 145:[], 146:[], 147:[], 148:[], 149:[], 150:[], 151:[], 152:[], 153:[], 154:[], 155:[], 156:[], 157:[], 158:[], 159:[], 160:[], 161:[], 162:[], 163:[], 164:[], 165:[], 166:[], 167:[], 168:[], 169:[], 170:[], 171:[], 172:[], 173:[], 174:[], 175:[], 176:[], 177:[], 178:[], 179:[], 180:[], 181:[], 182:[], 183:[], 184:[], 185:[], 186:[], 187:[], 188:[], 189:[], 190:[], 191:[], 192:[], 193:[], 194:[], 195:[], 196:[], 197:[], 198:[], 199:[], 200:[], 201:[], 202:[], 203:[], 204:[], 205:[], 206:[], 207:[], 208:[], 209:[], 210:[], 211:[], 212:[], 213:[], 214:[], 215:[], 216:[]",105736493220,123679765972
5167,3,46480.1642,48121344,719032018,5743336826,1158.8373,false,216,true,true,true,true,true,false,false,"0:[0, 1, 2, 3, 4, 5, 6, 7, 8, 9, 10, 11, 12, 13, 14, 15, 16, 17, 18, 19, 20, 21, 22, 23, 24, 25, 26, 27, 28, 29, 30, 31, 32, 33, 34, 35, 36, 37, 38, 39, 40, 41, 42, 43, 44, 45, 46, 47, 48, 49, 50, 51, 52, 53, 54, 55, 56, 57, 58, 59, 60, 61, 62, 63, 64, 65, 66, 67, 68, 69, 70, 71, 72, 73, 74, 75, 76, 77, 78, 79, 80, 81, 82, 83, 84, 85, 86, 87, 88, 89, 90, 91, 92, 93, 94, 95, 96, 97, 98, 99, 100, 101, 102, 103, 104, 105, 106, 107, 108, 109, 110, 111, 112, 113, 114, 115, 116, 117, 118, 119, 120, 121, 122, 123, 124, 125, 126, 127, 128, 129, 130, 131, 132, 133, 134, 135, 136, 137, 138, 139, 140, 141, 142, 143, 144, 145, 146, 147, 148, 149, 150, 151, 152, 153, 154, 155, 156, 157, 158, 159, 160, 161, 162, 163, 164, 165, 166, 167, 168, 169, 170, 171, 172, 173, 174, 175, 176, 177, 178, 179, 180, 181, 182, 183, 184, 185, 186, 187, 188, 189, 190, 191, 192, 193, 194, 195, 196, 197, 198, 199, 200, 201, 202, 203, 204, 205, 206, 207, 208, 209, 210, 211, 212, 213, 214, 215], 1:[], 2:[], 3:[], 4:[], 5:[], 6:[], 7:[], 8:[], 9:[], 10:[], 11:[], 12:[], 13:[], 14:[], 15:[], 16:[], 17:[], 18:[], 19:[], 20:[], 21:[], 22:[], 23:[], 24:[], 25:[], 26:[], 27:[], 28:[], 29:[], 30:[], 31:[], 32:[], 33:[], 34:[], 35:[], 36:[], 37:[], 38:[], 39:[], 40:[], 41:[], 42:[], 43:[], 44:[], 45:[], 46:[], 47:[], 48:[], 49:[], 50:[], 51:[], 52:[], 53:[], 54:[], 55:[], 56:[], 57:[], 58:[], 59:[], 60:[], 61:[], 62:[], 63:[], 64:[], 65:[], 66:[], 67:[], 68:[], 69:[], 70:[], 71:[], 72:[], 73:[], 74:[], 75:[], 76:[], 77:[], 78:[], 79:[], 80:[], 81:[], 82:[], 83:[], 84:[], 85:[], 86:[], 87:[], 88:[], 89:[], 90:[], 91:[], 92:[], 93:[], 94:[], 95:[], 96:[], 97:[], 98:[], 99:[], 100:[], 101:[], 102:[], 103:[], 104:[], 105:[], 106:[], 107:[], 108:[], 109:[], 110:[], 111:[], 112:[], 113:[], 114:[], 115:[], 116:[], 117:[], 118:[], 119:[], 120:[], 121:[], 122:[], 123:[], 124:[], 125:[], 126:[], 127:[], 128:[], 129:[], 130:[], 131:[], 132:[], 133:[], 134:[], 135:[], 136:[], 137:[], 138:[], 139:[], 140:[], 141:[], 142:[], 143:[], 144:[], 145:[], 146:[], 147:[], 148:[], 149:[], 150:[], 151:[], 152:[], 153:[], 154:[], 155:[], 156:[], 157:[], 158:[], 159:[], 160:[], 161:[], 162:[], 163:[], 164:[], 165:[], 166:[], 167:[], 168:[], 169:[], 170:[], 171:[], 172:[], 173:[], 174:[], 175:[], 176:[], 177:[], 178:[], 179:[], 180:[], 181:[], 182:[], 183:[], 184:[], 185:[], 186:[], 187:[], 188:[], 189:[], 190:[], 191:[], 192:[], 193:[], 194:[], 195:[], 196:[], 197:[], 198:[], 199:[], 200:[], 201:[], 202:[], 203:[], 204:[], 205:[], 206:[], 207:[], 208:[], 209:[], 210:[], 211:[], 212:[], 213:[], 214:[], 215:[]",104705313360,122182526570
5227,2,42950.0786,49814613,744365985,5945800303,1172.9765,false,217,true,true,true,true,true,false,false,"0:[0, 1, 2, 3, 4, 5, 6, 7, 8, 9, 10, 11, 12, 13, 14, 15, 16, 17, 18, 19, 20, 21, 22, 23, 24, 25, 26, 27, 28, 29, 30, 31, 32, 33, 34, 35, 36, 37, 38, 39, 40, 41, 42, 43, 44, 45, 46, 47, 48, 49, 50, 51, 52, 53, 54, 55, 56, 57, 58, 59, 60, 61, 62, 63, 64, 65, 66, 67, 68, 69, 70, 71, 72, 73, 74, 75, 76, 77, 78, 79, 80, 81, 82, 83, 84, 85, 86, 87, 88, 89, 90, 91, 92, 93, 94, 95, 96, 97, 98, 99, 100, 101, 102, 103, 104, 105, 106, 107, 108, 109, 110, 111, 112, 113, 114, 115, 116, 117, 118, 119, 120, 121, 122, 123, 124, 125, 126, 127, 128, 129, 130, 131, 132, 133, 134, 135, 136, 137, 138, 139, 140, 141, 142, 143, 144, 145, 146, 147, 148, 149, 150, 151, 152, 153, 154, 155, 156, 157, 158, 159, 160, 161, 162, 163, 164, 165, 166, 167, 168, 169, 170, 171, 172, 173, 174, 175, 176, 177, 178, 179, 180, 181, 182, 183, 184, 185, 186, 187, 188, 189, 190, 191, 192, 193, 194, 195, 196, 197, 198, 199, 200, 201, 202, 203, 204, 205, 206, 207, 208, 209, 210, 211, 212, 213, 214, 215, 216], 1:[], 2:[], 3:[], 4:[], 5:[], 6:[], 7:[], 8:[], 9:[], 10:[], 11:[], 12:[], 13:[], 14:[], 15:[], 16:[], 17:[], 18:[], 19:[], 20:[], 21:[], 22:[], 23:[], 24:[], 25:[], 26:[], 27:[], 28:[], 29:[], 30:[], 31:[], 32:[], 33:[], 34:[], 35:[], 36:[], 37:[], 38:[], 39:[], 40:[], 41:[], 42:[], 43:[], 44:[], 45:[], 46:[], 47:[], 48:[], 49:[], 50:[], 51:[], 52:[], 53:[], 54:[], 55:[], 56:[], 57:[], 58:[], 59:[], 60:[], 61:[], 62:[], 63:[], 64:[], 65:[], 66:[], 67:[], 68:[], 69:[], 70:[], 71:[], 72:[], 73:[], 74:[], 75:[], 76:[], 77:[], 78:[], 79:[], 80:[], 81:[], 82:[], 83:[], 84:[], 85:[], 86:[], 87:[], 88:[], 89:[], 90:[], 91:[], 92:[], 93:[], 94:[], 95:[], 96:[], 97:[], 98:[], 99:[], 100:[], 101:[], 102:[], 103:[], 104:[], 105:[], 106:[], 107:[], 108:[], 109:[], 110:[], 111:[], 112:[], 113:[], 114:[], 115:[], 116:[], 117:[], 118:[], 119:[], 120:[], 121:[], 122:[], 123:[], 124:[], 125:[], 126:[], 127:[], 128:[], 129:[], 130:[], 131:[], 132:[], 133:[], 134:[], 135:[], 136:[], 137:[], 138:[], 139:[], 140:[], 141:[], 142:[], 143:[], 144:[], 145:[], 146:[], 147:[], 148:[], 149:[], 150:[], 151:[], 152:[], 153:[], 154:[], 155:[], 156:[], 157:[], 158:[], 159:[], 160:[], 161:[], 162:[], 163:[], 164:[], 165:[], 166:[], 167:[], 168:[], 169:[], 170:[], 171:[], 172:[], 173:[], 174:[], 175:[], 176:[], 177:[], 178:[], 179:[], 180:[], 181:[], 182:[], 183:[], 184:[], 185:[], 186:[], 187:[], 188:[], 189:[], 190:[], 191:[], 192:[], 193:[], 194:[], 195:[], 196:[], 197:[], 198:[], 199:[], 200:[], 201:[], 202:[], 203:[], 204:[], 205:[], 206:[], 207:[], 208:[], 209:[], 210:[], 211:[], 212:[], 213:[], 214:[], 215:[], 216:[]",106779442252,125194009553
5113,5,51026.2448,46630599,696730010,5565111061,1132.1858,false,213,true,true,true,true,true,false,false,"0:[0, 1, 2, 3, 4, 5, 6, 7, 8, 9, 10, 11, 12, 13, 14, 15, 16, 17, 18, 19, 20, 21, 22, 23, 24, 25, 26, 27, 28, 29, 30, 31, 32, 33, 34, 35, 36, 37, 38, 39, 40, 41, 42, 43, 44, 45, 46, 47, 48, 49, 50, 51, 52, 53, 54, 55, 56, 57, 58, 59, 60, 61, 62, 63, 64, 65, 66, 67, 68, 69, 70, 71, 72, 73, 74, 75, 76, 77, 78, 79, 80, 81, 82, 83, 84, 85, 86, 87, 88, 89, 90, 91, 92, 93, 94, 95, 96, 97, 98, 99, 100, 101, 102, 103, 104, 105, 106, 107, 108, 109, 110, 111, 112, 113, 114, 115, 116, 117, 118, 119, 120, 121, 122, 123, 124, 125, 126, 127, 128, 129, 130, 131, 132, 133, 134, 135, 136, 137, 138, 139, 140, 141, 142, 143, 144, 145, 146, 147, 148, 149, 150, 151, 152, 153, 154, 155, 156, 157, 158, 159, 160, 161, 162, 163, 164, 165, 166, 167, 168, 169, 170, 171, 172, 173, 174, 175, 176, 177, 178, 179, 180, 181, 182, 183, 184, 185, 186, 187, 188, 189, 190, 191, 192, 193, 194, 195, 196, 197, 198, 199, 200, 201, 202, 203, 204, 205, 206, 207, 208, 209, 210, 211, 212], 1:[], 2:[], 3:[], 4:[], 5:[], 6:[], 7:[], 8:[], 9:[], 10:[], 11:[], 12:[], 13:[], 14:[], 15:[], 16:[], 17:[], 18:[], 19:[], 20:[], 21:[], 22:[], 23:[], 24:[], 25:[], 26:[], 27:[], 28:[], 29:[], 30:[], 31:[], 32:[], 33:[], 34:[], 35:[], 36:[], 37:[], 38:[], 39:[], 40:[], 41:[], 42:[], 43:[], 44:[], 45:[], 46:[], 47:[], 48:[], 49:[], 50:[], 51:[], 52:[], 53:[], 54:[], 55:[], 56:[], 57:[], 58:[], 59:[], 60:[], 61:[], 62:[], 63:[], 64:[], 65:[], 66:[], 67:[], 68:[], 69:[], 70:[], 71:[], 72:[], 73:[], 74:[], 75:[], 76:[], 77:[], 78:[], 79:[], 80:[], 81:[], 82:[], 83:[], 84:[], 85:[], 86:[], 87:[], 88:[], 89:[], 90:[], 91:[], 92:[], 93:[], 94:[], 95:[], 96:[], 97:[], 98:[], 99:[], 100:[], 101:[], 102:[], 103:[], 104:[], 105:[], 106:[], 107:[], 108:[], 109:[], 110:[], 111:[], 112:[], 113:[], 114:[], 115:[], 116:[], 117:[], 118:[], 119:[], 120:[], 121:[], 122:[], 123:[], 124:[], 125:[], 126:[], 127:[], 128:[], 129:[], 130:[], 131:[], 132:[], 133:[], 134:[], 135:[], 136:[], 137:[], 138:[], 139:[], 140:[], 141:[], 142:[], 143:[], 144:[], 145:[], 146:[], 147:[], 148:[], 149:[], 150:[], 151:[], 152:[], 153:[], 154:[], 155:[], 156:[], 157:[], 158:[], 159:[], 160:[], 161:[], 162:[], 163:[], 164:[], 165:[], 166:[], 167:[], 168:[], 169:[], 170:[], 171:[], 172:[], 173:[], 174:[], 175:[], 176:[], 177:[], 178:[], 179:[], 180:[], 181:[], 182:[], 183:[], 184:[], 185:[], 186:[], 187:[], 188:[], 189:[], 190:[], 191:[], 192:[], 193:[], 194:[], 195:[], 196:[], 197:[], 198:[], 199:[], 200:[], 201:[], 202:[], 203:[], 204:[], 205:[], 206:[], 207:[], 208:[], 209:[], 210:[], 211:[], 212:[]",102879411860,119531493142
5153,3,49551.0459,47731849,713205940,5696781492,1165.8767,false,214,true,true,true,true,true,false,false,"0:[0, 1, 2, 3, 4, 5, 6, 7, 8, 9, 10, 11, 12, 13, 14, 15, 16, 17, 18, 19, 20, 21, 22, 23, 24, 25, 26, 27, 28, 29, 30, 31, 32, 33, 34, 35, 36, 37, 38, 39, 40, 41, 42, 43, 44, 45, 46, 47, 48, 49, 50, 51, 52, 53, 54, 55, 56, 57, 58, 59, 60, 61, 62, 63, 64, 65, 66, 67, 68, 69, 70, 71, 72, 73, 74, 75, 76, 77, 78, 79, 80, 81, 82, 83, 84, 85, 86, 87, 88, 89, 90, 91, 92, 93, 94, 95, 96, 97, 98, 99, 100, 101, 102, 103, 104, 105, 106, 107, 108, 109, 110, 111, 112, 113, 114, 115, 116, 117, 118, 119, 120, 121, 122, 123, 124, 125, 126, 127, 128, 129, 130, 131, 132, 133, 134, 135, 136, 137, 138, 139, 140, 141, 142, 143, 144, 145, 146, 147, 148, 149, 150, 151, 152, 153, 154, 155, 156, 157, 158, 159, 160, 161, 162, 163, 164, 165, 166, 167, 168, 169, 170, 171, 172, 173, 174, 175, 176, 177, 178, 179, 180, 181, 182, 183, 184, 185, 186, 187, 188, 189, 190, 191, 192, 193, 194, 195, 196, 197, 198, 199, 200, 201, 202, 203, 204, 205, 206, 207, 208, 209, 210, 211, 212, 213], 1:[], 2:[], 3:[], 4:[], 5:[], 6:[], 7:[], 8:[], 9:[], 10:[], 11:[], 12:[], 13:[], 14:[], 15:[], 16:[], 17:[], 18:[], 19:[], 20:[], 21:[], 22:[], 23:[], 24:[], 25:[], 26:[], 27:[], 28:[], 29:[], 30:[], 31:[], 32:[], 33:[], 34:[], 35:[], 36:[], 37:[], 38:[], 39:[], 40:[], 41:[], 42:[], 43:[], 44:[], 45:[], 46:[], 47:[], 48:[], 49:[], 50:[], 51:[], 52:[], 53:[], 54:[], 55:[], 56:[], 57:[], 58:[], 59:[], 60:[], 61:[], 62:[], 63:[], 64:[], 65:[], 66:[], 67:[], 68:[], 69:[], 70:[], 71:[], 72:[], 73:[], 74:[], 75:[], 76:[], 77:[], 78:[], 79:[], 80:[], 81:[], 82:[], 83:[], 84:[], 85:[], 86:[], 87:[], 88:[], 89:[], 90:[], 91:[], 92:[], 93:[], 94:[], 95:[], 96:[], 97:[], 98:[], 99:[], 100:[], 101:[], 102:[], 103:[], 104:[], 105:[], 106:[], 107:[], 108:[], 109:[], 110:[], 111:[], 112:[], 113:[], 114:[], 115:[], 116:[], 117:[], 118:[], 119:[], 120:[], 121:[], 122:[], 123:[], 124:[], 125:[], 126:[], 127:[], 128:[], 129:[], 130:[], 131:[], 132:[], 133:[], 134:[], 135:[], 136:[], 137:[], 138:[], 139:[], 140:[], 141:[], 142:[], 143:[], 144:[], 145:[], 146:[], 147:[], 148:[], 149:[], 150:[], 151:[], 152:[], 153:[], 154:[], 155:[], 156:[], 157:[], 158:[], 159:[], 160:[], 161:[], 162:[], 163:[], 164:[], 165:[], 166:[], 167:[], 168:[], 169:[], 170:[], 171:[], 172:[], 173:[], 174:[], 175:[], 176:[], 177:[], 178:[], 179:[], 180:[], 181:[], 182:[], 183:[], 184:[], 185:[], 186:[], 187:[], 188:[], 189:[], 190:[], 191:[], 192:[], 193:[], 194:[], 195:[], 196:[], 197:[], 198:[], 199:[], 200:[], 201:[], 202:[], 203:[], 204:[], 205:[], 206:[], 207:[], 208:[], 209:[], 210:[], 211:[], 212:[], 213:[]",104228321260,121490011056
5231,7,47147.2492,49928889,746075720,5959463958,1160.2098,false,217,true,true,true,true,true,false,false,"0:[0, 1, 2, 3, 4, 5, 6, 7, 8, 9, 10, 11, 12, 13, 14, 15, 16, 17, 18, 19, 20, 21, 22, 23, 24, 25, 26, 27, 28, 29, 30, 31, 32, 33, 34, 35, 36, 37, 38, 39, 40, 41, 42, 43, 44, 45, 46, 47, 48, 49, 50, 51, 52, 53, 54, 55, 56, 57, 58, 59, 60, 61, 62, 63, 64, 65, 66, 67, 68, 69, 70, 71, 72, 73, 74, 75, 76, 77, 78, 79, 80, 81, 82, 83, 84, 85, 86, 87, 88, 89, 90, 91, 92, 93, 94, 95, 96, 97, 98, 99, 100, 101, 102, 103, 104, 105, 106, 107, 108, 109, 110, 111, 112, 113, 114, 115, 116, 117, 118, 119, 120, 121, 122, 123, 124, 125, 126, 127, 128, 129, 130, 131, 132, 133, 134, 135, 136, 137, 138, 139, 140, 141, 142, 143, 144, 145, 146, 147, 148, 149, 150, 151, 152, 153, 154, 155, 156, 157, 158, 159, 160, 161, 162, 163, 164, 165, 166, 167, 168, 169, 170, 171, 172, 173, 174, 175, 176, 177, 178, 179, 180, 181, 182, 183, 184, 185, 186, 187, 188, 189, 190, 191, 192, 193, 194, 195, 196, 197, 198, 199, 200, 201, 202, 203, 204, 205, 206, 207, 208, 209, 210, 211, 212, 213, 214, 215, 216], 1:[], 2:[], 3:[], 4:[], 5:[], 6:[], 7:[], 8:[], 9:[], 10:[], 11:[], 12:[], 13:[], 14:[], 15:[], 16:[], 17:[], 18:[], 19:[], 20:[], 21:[], 22:[], 23:[], 24:[], 25:[], 26:[], 27:[], 28:[], 29:[], 30:[], 31:[], 32:[], 33:[], 34:[], 35:[], 36:[], 37:[], 38:[], 39:[], 40:[], 41:[], 42:[], 43:[], 44:[], 45:[], 46:[], 47:[], 48:[], 49:[], 50:[], 51:[], 52:[], 53:[], 54:[], 55:[], 56:[], 57:[], 58:[], 59:[], 60:[], 61:[], 62:[], 63:[], 64:[], 65:[], 66:[], 67:[], 68:[], 69:[], 70:[], 71:[], 72:[], 73:[], 74:[], 75:[], 76:[], 77:[], 78:[], 79:[], 80:[], 81:[], 82:[], 83:[], 84:[], 85:[], 86:[], 87:[], 88:[], 89:[], 90:[], 91:[], 92:[], 93:[], 94:[], 95:[], 96:[], 97:[], 98:[], 99:[], 100:[], 101:[], 102:[], 103:[], 104:[], 105:[], 106:[], 107:[], 108:[], 109:[], 110:[], 111:[], 112:[], 113:[], 114:[], 115:[], 116:[], 117:[], 118:[], 119:[], 120:[], 121:[], 122:[], 123:[], 124:[], 125:[], 126:[], 127:[], 128:[], 129:[], 130:[], 131:[], 132:[], 133:[], 134:[], 135:[], 136:[], 137:[], 138:[], 139:[], 140:[], 141:[], 142:[], 143:[], 144:[], 145:[], 146:[], 147:[], 148:[], 149:[], 150:[], 151:[], 152:[], 153:[], 154:[], 155:[], 156:[], 157:[], 158:[], 159:[], 160:[], 161:[], 162:[], 163:[], 164:[], 165:[], 166:[], 167:[], 168:[], 169:[], 170:[], 171:[], 172:[], 173:[], 174:[], 175:[], 176:[], 177:[], 178:[], 179:[], 180:[], 181:[], 182:[], 183:[], 184:[], 185:[], 186:[], 187:[], 188:[], 189:[], 190:[], 191:[], 192:[], 193:[], 194:[], 195:[], 196:[], 197:[], 198:[], 199:[], 200:[], 201:[], 202:[], 203:[], 204:[], 205:[], 206:[], 207:[], 208:[], 209:[], 210:[], 211:[], 212:[], 213:[], 214:[], 215:[], 216:[]",106919420780,125397247636
5237,2,45029.9395,50100630,748646642,5980015916,1172.7910,false,219,true,true,true,true,true,false,false,"0:[0, 1, 2, 3, 4, 5, 6, 7, 8, 9, 10, 11, 12, 13, 14, 15, 16, 17, 18, 19, 20, 21, 22, 23, 24, 25, 26, 27, 28, 29, 30, 31, 32, 33, 34, 35, 36, 37, 38, 39, 40, 41, 42, 43, 44, 45, 46, 47, 48, 49, 50, 51, 52, 53, 54, 55, 56, 57, 58, 59, 60, 61, 62, 63, 64, 65, 66, 67, 68, 69, 70, 71, 72, 73, 74, 75, 76, 77, 78, 79, 80, 81, 82, 83, 84, 85, 86, 87, 88, 89, 90, 91, 92, 93, 94, 95, 96, 97, 98, 99, 100, 101, 102, 103, 104, 105, 106, 107, 108, 109, 110, 111, 112, 113, 114, 115, 116, 117, 118, 119, 120, 121, 122, 123, 124, 125, 126, 127, 128, 129, 130, 131, 132, 133, 134, 135, 136, 137, 138, 139, 140, 141, 142, 143, 144, 145, 146, 147, 148, 149, 150, 151, 152, 153, 154, 155, 156, 157, 158, 159, 160, 161, 162, 163, 164, 165, 166, 167, 168, 169, 170, 171, 172, 173, 174, 175, 176, 177, 178, 179, 180, 181, 182, 183, 184, 185, 186, 187, 188, 189, 190, 191, 192, 193, 194, 195, 196, 197, 198, 199, 200, 201, 202, 203, 204, 205, 206, 207, 208, 209, 210, 211, 212, 213, 214, 215, 216, 217, 218], 1:[], 2:[], 3:[], 4:[], 5:[], 6:[], 7:[], 8:[], 9:[], 10:[], 11:[], 12:[], 13:[], 14:[], 15:[], 16:[], 17:[], 18:[], 19:[], 20:[], 21:[], 22:[], 23:[], 24:[], 25:[], 26:[], 27:[], 28:[], 29:[], 30:[], 31:[], 32:[], 33:[], 34:[], 35:[], 36:[], 37:[], 38:[], 39:[], 40:[], 41:[], 42:[], 43:[], 44:[], 45:[], 46:[], 47:[], 48:[], 49:[], 50:[], 51:[], 52:[], 53:[], 54:[], 55:[], 56:[], 57:[], 58:[], 59:[], 60:[], 61:[], 62:[], 63:[], 64:[], 65:[], 66:[], 67:[], 68:[], 69:[], 70:[], 71:[], 72:[], 73:[], 74:[], 75:[], 76:[], 77:[], 78:[], 79:[], 80:[], 81:[], 82:[], 83:[], 84:[], 85:[], 86:[], 87:[], 88:[], 89:[], 90:[], 91:[], 92:[], 93:[], 94:[], 95:[], 96:[], 97:[], 98:[], 99:[], 100:[], 101:[], 102:[], 103:[], 104:[], 105:[], 106:[], 107:[], 108:[], 109:[], 110:[], 111:[], 112:[], 113:[], 114:[], 115:[], 116:[], 117:[], 118:[], 119:[], 120:[], 121:[], 122:[], 123:[], 124:[], 125:[], 126:[], 127:[], 128:[], 129:[], 130:[], 131:[], 132:[], 133:[], 134:[], 135:[], 136:[], 137:[], 138:[], 139:[], 140:[], 141:[], 142:[], 143:[], 144:[], 145:[], 146:[], 147:[], 148:[], 149:[], 150:[], 151:[], 152:[], 153:[], 154:[], 155:[], 156:[], 157:[], 158:[], 159:[], 160:[], 161:[], 162:[], 163:[], 164:[], 165:[], 166:[], 167:[], 168:[], 169:[], 170:[], 171:[], 172:[], 173:[], 174:[], 175:[], 176:[], 177:[], 178:[], 179:[], 180:[], 181:[], 182:[], 183:[], 184:[], 185:[], 186:[], 187:[], 188:[], 189:[], 190:[], 191:[], 192:[], 193:[], 194:[], 195:[], 196:[], 197:[], 198:[], 199:[], 200:[], 201:[], 202:[], 203:[], 204:[], 205:[], 206:[], 207:[], 208:[], 209:[], 210:[], 211:[], 212:[], 213:[], 214:[], 215:[], 216:[], 217:[], 218:[]",107129903288,125702897042
5233,5,53980.8546,49986092,746932934,5966320177,1203.7556,false,218,true,true,true,true,true,false,false,"0:[0, 1, 2, 3, 4, 5, 6, 7, 8, 9, 10, 11, 12, 13, 14, 15, 16, 17, 18, 19, 20, 21, 22, 23, 24, 25, 26, 27, 28, 29, 30, 31, 32, 33, 34, 35, 36, 37, 38, 39, 40, 41, 42, 43, 44, 45, 46, 47, 48, 49, 50, 51, 52, 53, 54, 55, 56, 57, 58, 59, 60, 61, 62, 63, 64, 65, 66, 67, 68, 69, 70, 71, 72, 73, 74, 75, 76, 77, 78, 79, 80, 81, 82, 83, 84, 85, 86, 87, 88, 89, 90, 91, 92, 93, 94, 95, 96, 97, 98, 99, 100, 101, 102, 103, 104, 105, 106, 107, 108, 109, 110, 111, 112, 113, 114, 115, 116, 117, 118, 119, 120, 121, 122, 123, 124, 125, 126, 127, 128, 129, 130, 131, 132, 133, 134, 135, 136, 137, 138, 139, 140, 141, 142, 143, 144, 145, 146, 147, 148, 149, 150, 151, 152, 153, 154, 155, 156, 157, 158, 159, 160, 161, 162, 163, 164, 165, 166, 167, 168, 169, 170, 171, 172, 173, 174, 175, 176, 177, 178, 179, 180, 181, 182, 183, 184, 185, 186, 187, 188, 189, 190, 191, 192, 193, 194, 195, 196, 197, 198, 199, 200, 201, 202, 203, 204, 205, 206, 207, 208, 209, 210, 211, 212, 213, 214, 215, 216, 217], 1:[], 2:[], 3:[], 4:[], 5:[], 6:[], 7:[], 8:[], 9:[], 10:[], 11:[], 12:[], 13:[], 14:[], 15:[], 16:[], 17:[], 18:[], 19:[], 20:[], 21:[], 22:[], 23:[], 24:[], 25:[], 26:[], 27:[], 28:[], 29:[], 30:[], 31:[], 32:[], 33:[], 34:[], 35:[], 36:[], 37:[], 38:[], 39:[], 40:[], 41:[], 42:[], 43:[], 44:[], 45:[], 46:[], 47:[], 48:[], 49:[], 50:[], 51:[], 52:[], 53:[], 54:[], 55:[], 56:[], 57:[], 58:[], 59:[], 60:[], 61:[], 62:[], 63:[], 64:[], 65:[], 66:[], 67:[], 68:[], 69:[], 70:[], 71:[], 72:[], 73:[], 74:[], 75:[], 76:[], 77:[], 78:[], 79:[], 80:[], 81:[], 82:[], 83:[], 84:[], 85:[], 86:[], 87:[], 88:[], 89:[], 90:[], 91:[], 92:[], 93:[], 94:[], 95:[], 96:[], 97:[], 98:[], 99:[], 100:[], 101:[], 102:[], 103:[], 104:[], 105:[], 106:[], 107:[], 108:[], 109:[], 110:[], 111:[], 112:[], 113:[], 114:[], 115:[], 116:[], 117:[], 118:[], 119:[], 120:[], 121:[], 122:[], 123:[], 124:[], 125:[], 126:[], 127:[], 128:[], 129:[], 130:[], 131:[], 132:[], 133:[], 134:[], 135:[], 136:[], 137:[], 138:[], 139:[], 140:[], 141:[], 142:[], 143:[], 144:[], 145:[], 146:[], 147:[], 148:[], 149:[], 150:[], 151:[], 152:[], 153:[], 154:[], 155:[], 156:[], 157:[], 158:[], 159:[], 160:[], 161:[], 162:[], 163:[], 164:[], 165:[], 166:[], 167:[], 168:[], 169:[], 170:[], 171:[], 172:[], 173:[], 174:[], 175:[], 176:[], 177:[], 178:[], 179:[], 180:[], 181:[], 182:[], 183:[], 184:[], 185:[], 186:[], 187:[], 188:[], 189:[], 190:[], 191:[], 192:[], 193:[], 194:[], 195:[], 196:[], 197:[], 198:[], 199:[], 200:[], 201:[], 202:[], 203:[], 204:[], 205:[], 206:[], 207:[], 208:[], 209:[], 210:[], 211:[], 212:[], 213:[], 214:[], 215:[], 216:[], 217:[]",106989599584,125499186046
5209,11,69625.5142,49302531,736705610,5884584928,1159.6610,false,218,true,true,true,true,true,false,false,"0:[0, 1, 2, 3, 4, 5, 6, 7, 8, 9, 10, 11, 12, 13, 14, 15, 16, 17, 18, 19, 20, 21, 22, 23, 24, 25, 26, 27, 28, 29, 30, 31, 32, 33, 34, 35, 36, 37, 38, 39, 40, 41, 42, 43, 44, 45, 46, 47, 48, 49, 50, 51, 52, 53, 54, 55, 56, 57, 58, 59, 60, 61, 62, 63, 64, 65, 66, 67, 68, 69, 70, 71, 72, 73, 74, 75, 76, 77, 78, 79, 80, 81, 82, 83, 84, 85, 86, 87, 88, 89, 90, 91, 92, 93, 94, 95, 96, 97, 98, 99, 100, 101, 102, 103, 104, 105, 106, 107, 108, 109, 110, 111, 112, 113, 114, 115, 116, 117, 118, 119, 120, 121, 122, 123, 124, 125, 126, 127, 128, 129, 130, 131, 132, 133, 134, 135, 136, 137, 138, 139, 140, 141, 142, 143, 144, 145, 146, 147, 148, 149, 150, 151, 152, 153, 154, 155, 156, 157, 158, 159, 160, 161, 162, 163, 164, 165, 166, 167, 168, 169, 170, 171, 172, 173, 174, 175, 176, 177, 178, 179, 180, 181, 182, 183, 184, 185, 186, 187, 188, 189, 190, 191, 192, 193, 194, 195, 196, 197, 198, 199, 200, 201, 202, 203, 204, 205, 206, 207, 208, 209, 210, 211, 212, 213, 214, 215, 216, 217], 1:[], 2:[], 3:[], 4:[], 5:[], 6:[], 7:[], 8:[], 9:[], 10:[], 11:[], 12:[], 13:[], 14:[], 15:[], 16:[], 17:[], 18:[], 19:[], 20:[], 21:[], 22:[], 23:[], 24:[], 25:[], 26:[], 27:[], 28:[], 29:[], 30:[], 31:[], 32:[], 33:[], 34:[], 35:[], 36:[], 37:[], 38:[], 39:[], 40:[], 41:[], 42:[], 43:[], 44:[], 45:[], 46:[], 47:[], 48:[], 49:[], 50:[], 51:[], 52:[], 53:[], 54:[], 55:[], 56:[], 57:[], 58:[], 59:[], 60:[], 61:[], 62:[], 63:[], 64:[], 65:[], 66:[], 67:[], 68:[], 69:[], 70:[], 71:[], 72:[], 73:[], 74:[], 75:[], 76:[], 77:[], 78:[], 79:[], 80:[], 81:[], 82:[], 83:[], 84:[], 85:[], 86:[], 87:[], 88:[], 89:[], 90:[], 91:[], 92:[], 93:[], 94:[], 95:[], 96:[], 97:[], 98:[], 99:[], 100:[], 101:[], 102:[], 103:[], 104:[], 105:[], 106:[], 107:[], 108:[], 109:[], 110:[], 111:[], 112:[], 113:[], 114:[], 115:[], 116:[], 117:[], 118:[], 119:[], 120:[], 121:[], 122:[], 123:[], 124:[], 125:[], 126:[], 127:[], 128:[], 129:[], 130:[], 131:[], 132:[], 133:[], 134:[], 135:[], 136:[], 137:[], 138:[], 139:[], 140:[], 141:[], 142:[], 143:[], 144:[], 145:[], 146:[], 147:[], 148:[], 149:[], 150:[], 151:[], 152:[], 153:[], 154:[], 155:[], 156:[], 157:[], 158:[], 159:[], 160:[], 161:[], 162:[], 163:[], 164:[], 165:[], 166:[], 167:[], 168:[], 169:[], 170:[], 171:[], 172:[], 173:[], 174:[], 175:[], 176:[], 177:[], 178:[], 179:[], 180:[], 181:[], 182:[], 183:[], 184:[], 185:[], 186:[], 187:[], 188:[], 189:[], 190:[], 191:[], 192:[], 193:[], 194:[], 195:[], 196:[], 197:[], 198:[], 199:[], 200:[], 201:[], 202:[], 203:[], 204:[], 205:[], 206:[], 207:[], 208:[], 209:[], 210:[], 211:[], 212:[], 213:[], 214:[], 215:[], 216:[], 217:[]",106152273956,124283449526
5261,2,45383.6671,50791532,758983890,6062629791,1190.2641,false,219,true,true,true,true,true,false,false,"0:[0, 1, 2, 3, 4, 5, 6, 7, 8, 9, 10, 11, 12, 13, 14, 15, 16, 17, 18, 19, 20, 21, 22, 23, 24, 25, 26, 27, 28, 29, 30, 31, 32, 33, 34, 35, 36, 37, 38, 39, 40, 41, 42, 43, 44, 45, 46, 47, 48, 49, 50, 51, 52, 53, 54, 55, 56, 57, 58, 59, 60, 61, 62, 63, 64, 65, 66, 67, 68, 69, 70, 71, 72, 73, 74, 75, 76, 77, 78, 79, 80, 81, 82, 83, 84, 85, 86, 87, 88, 89, 90, 91, 92, 93, 94, 95, 96, 97, 98, 99, 100, 101, 102, 103, 104, 105, 106, 107, 108, 109, 110, 111, 112, 113, 114, 115, 116, 117, 118, 119, 120, 121, 122, 123, 124, 125, 126, 127, 128, 129, 130, 131, 132, 133, 134, 135, 136, 137, 138, 139, 140, 141, 142, 143, 144, 145, 146, 147, 148, 149, 150, 151, 152, 153, 154, 155, 156, 157, 158, 159, 160, 161, 162, 163, 164, 165, 166, 167, 168, 169, 170, 171, 172, 173, 174, 175, 176, 177, 178, 179, 180, 181, 182, 183, 184, 185, 186, 187, 188, 189, 190, 191, 192, 193, 194, 195, 196, 197, 198, 199, 200, 201, 202, 203, 204, 205, 206, 207, 208, 209, 210, 211, 212, 213, 214, 215, 216, 217, 218], 1:[], 2:[], 3:[], 4:[], 5:[], 6:[], 7:[], 8:[], 9:[], 10:[], 11:[], 12:[], 13:[], 14:[], 15:[], 16:[], 17:[], 18:[], 19:[], 20:[], 21:[], 22:[], 23:[], 24:[], 25:[], 26:[], 27:[], 28:[], 29:[], 30:[], 31:[], 32:[], 33:[], 34:[], 35:[], 36:[], 37:[], 38:[], 39:[], 40:[], 41:[], 42:[], 43:[], 44:[], 45:[], 46:[], 47:[], 48:[], 49:[], 50:[], 51:[], 52:[], 53:[], 54:[], 55:[], 56:[], 57:[], 58:[], 59:[], 60:[], 61:[], 62:[], 63:[], 64:[], 65:[], 66:[], 67:[], 68:[], 69:[], 70:[], 71:[], 72:[], 73:[], 74:[], 75:[], 76:[], 77:[], 78:[], 79:[], 80:[], 81:[], 82:[], 83:[], 84:[], 85:[], 86:[], 87:[], 88:[], 89:[], 90:[], 91:[], 92:[], 93:[], 94:[], 95:[], 96:[], 97:[], 98:[], 99:[], 100:[], 101:[], 102:[], 103:[], 104:[], 105:[], 106:[], 107:[], 108:[], 109:[], 110:[], 111:[], 112:[], 113:[], 114:[], 115:[], 116:[], 117:[], 118:[], 119:[], 120:[], 121:[], 122:[], 123:[], 124:[], 125:[], 126:[], 127:[], 128:[], 129:[], 130:[], 131:[], 132:[], 133:[], 134:[], 135:[], 136:[], 137:[], 138:[], 139:[], 140:[], 141:[], 142:[], 143:[], 144:[], 145:[], 146:[], 147:[], 148:[], 149:[], 150:[], 151:[], 152:[], 153:[], 154:[], 155:[], 156:[], 157:[], 158:[], 159:[], 160:[], 161:[], 162:[], 163:[], 164:[], 165:[], 166:[], 167:[], 168:[], 169:[], 170:[], 171:[], 172:[], 173:[], 174:[], 175:[], 176:[], 177:[], 178:[], 179:[], 180:[], 181:[], 182:[], 183:[], 184:[], 185:[], 186:[], 187:[], 188:[], 189:[], 190:[], 191:[], 192:[], 193:[], 194:[], 195:[], 196:[], 197:[], 198:[], 199:[], 200:[], 201:[], 202:[], 203:[], 204:[], 205:[], 206:[], 207:[], 208:[], 209:[], 210:[], 211:[], 212:[], 213:[], 214:[], 215:[], 216:[], 217:[], 218:[]",107976228384,126931699482
5279,7,49582.5082,51313857,766797631,6125071036,1697.7624,false,219,true,true,true,true,true,false,false,"0:[0, 1, 2, 3, 4, 5, 6, 7, 8, 9, 10, 11, 12, 13, 14, 15, 16, 17, 18, 19, 20, 21, 22, 23, 24, 25, 26, 27, 28, 29, 30, 31, 32, 33, 34, 35, 36, 37, 38, 39, 40, 41, 42, 43, 44, 45, 46, 47, 48, 49, 50, 51, 52, 53, 54, 55, 56, 57, 58, 59, 60, 61, 62, 63, 64, 65, 66, 67, 68, 69, 70, 71, 72, 73, 74, 75, 76, 77, 78, 79, 80, 81, 82, 83, 84, 85, 86, 87, 88, 89, 90, 91, 92, 93, 94, 95, 96, 97, 98, 99, 100, 101, 102, 103, 104, 105, 106, 107, 108, 109, 110, 111, 112, 113, 114, 115, 116, 117, 118, 119, 120, 121, 122, 123, 124, 125, 126, 127, 128, 129, 130, 131, 132, 133, 134, 135, 136, 137, 138, 139, 140, 141, 142, 143, 144, 145, 146, 147, 148, 149, 150, 151, 152, 153, 154, 155, 156, 157, 158, 159, 160, 161, 162, 163, 164, 165, 166, 167, 168, 169, 170, 171, 172, 173, 174, 175, 176, 177, 178, 179, 180, 181, 182, 183, 184, 185, 186, 187, 188, 189, 190, 191, 192, 193, 194, 195, 196, 197, 198, 199, 200, 201, 202, 203, 204, 205, 206, 207, 208, 209, 210, 211, 212, 213, 214, 215, 216, 217, 218], 1:[], 2:[], 3:[], 4:[], 5:[], 6:[], 7:[], 8:[], 9:[], 10:[], 11:[], 12:[], 13:[], 14:[], 15:[], 16:[], 17:[], 18:[], 19:[], 20:[], 21:[], 22:[], 23:[], 24:[], 25:[], 26:[], 27:[], 28:[], 29:[], 30:[], 31:[], 32:[], 33:[], 34:[], 35:[], 36:[], 37:[], 38:[], 39:[], 40:[], 41:[], 42:[], 43:[], 44:[], 45:[], 46:[], 47:[], 48:[], 49:[], 50:[], 51:[], 52:[], 53:[], 54:[], 55:[], 56:[], 57:[], 58:[], 59:[], 60:[], 61:[], 62:[], 63:[], 64:[], 65:[], 66:[], 67:[], 68:[], 69:[], 70:[], 71:[], 72:[], 73:[], 74:[], 75:[], 76:[], 77:[], 78:[], 79:[], 80:[], 81:[], 82:[], 83:[], 84:[], 85:[], 86:[], 87:[], 88:[], 89:[], 90:[], 91:[], 92:[], 93:[], 94:[], 95:[], 96:[], 97:[], 98:[], 99:[], 100:[], 101:[], 102:[], 103:[], 104:[], 105:[], 106:[], 107:[], 108:[], 109:[], 110:[], 111:[], 112:[], 113:[], 114:[], 115:[], 116:[], 117:[], 118:[], 119:[], 120:[], 121:[], 122:[], 123:[], 124:[], 125:[], 126:[], 127:[], 128:[], 129:[], 130:[], 131:[], 132:[], 133:[], 134:[], 135:[], 136:[], 137:[], 138:[], 139:[], 140:[], 141:[], 142:[], 143:[], 144:[], 145:[], 146:[], 147:[], 148:[], 149:[], 150:[], 151:[], 152:[], 153:[], 154:[], 155:[], 156:[], 157:[], 158:[], 159:[], 160:[], 161:[], 162:[], 163:[], 164:[], 165:[], 166:[], 167:[], 168:[], 169:[], 170:[], 171:[], 172:[], 173:[], 174:[], 175:[], 176:[], 177:[], 178:[], 179:[], 180:[], 181:[], 182:[], 183:[], 184:[], 185:[], 186:[], 187:[], 188:[], 189:[], 190:[], 191:[], 192:[], 193:[], 194:[], 195:[], 196:[], 197:[], 198:[], 199:[], 200:[], 201:[], 202:[], 203:[], 204:[], 205:[], 206:[], 207:[], 208:[], 209:[], 210:[], 211:[], 212:[], 213:[], 214:[], 215:[], 216:[], 217:[], 218:[]",108615952764,127860488983
5323,2,46089.0658,52605697,786126603,6279547215,1749.6276,false,221,true,true,true,true,true,false,false,"0:[0, 1, 2, 3, 4, 5, 6, 7, 8, 9, 10, 11, 12, 13, 14, 15, 16, 17, 18, 19, 20, 21, 22, 23, 24, 25, 26, 27, 28, 29, 30, 31, 32, 33, 34, 35, 36, 37, 38, 39, 40, 41, 42, 43, 44, 45, 46, 47, 48, 49, 50, 51, 52, 53, 54, 55, 56, 57, 58, 59, 60, 61, 62, 63, 64, 65, 66, 67, 68, 69, 70, 71, 72, 73, 74, 75, 76, 77, 78, 79, 80, 81, 82, 83, 84, 85, 86, 87, 88, 89, 90, 91, 92, 93, 94, 95, 96, 97, 98, 99, 100, 101, 102, 103, 104, 105, 106, 107, 108, 109, 110, 111, 112, 113, 114, 115, 116, 117, 118, 119, 120, 121, 122, 123, 124, 125, 126, 127, 128, 129, 130, 131, 132, 133, 134, 135, 136, 137, 138, 139, 140, 141, 142, 143, 144, 145, 146, 147, 148, 149, 150, 151, 152, 153, 154, 155, 156, 157, 158, 159, 160, 161, 162, 163, 164, 165, 166, 167, 168, 169, 170, 171, 172, 173, 174, 175, 176, 177, 178, 179, 180, 181, 182, 183, 184, 185, 186, 187, 188, 189, 190, 191, 192, 193, 194, 195, 196, 197, 198, 199, 200, 201, 202, 203, 204, 205, 206, 207, 208, 209, 210, 211, 212, 213, 214, 215, 216, 217, 218, 219, 220], 1:[], 2:[], 3:[], 4:[], 5:[], 6:[], 7:[], 8:[], 9:[], 10:[], 11:[], 12:[], 13:[], 14:[], 15:[], 16:[], 17:[], 18:[], 19:[], 20:[], 21:[], 22:[], 23:[], 24:[], 25:[], 26:[], 27:[], 28:[], 29:[], 30:[], 31:[], 32:[], 33:[], 34:[], 35:[], 36:[], 37:[], 38:[], 39:[], 40:[], 41:[], 42:[], 43:[], 44:[], 45:[], 46:[], 47:[], 48:[], 49:[], 50:[], 51:[], 52:[], 53:[], 54:[], 55:[], 56:[], 57:[], 58:[], 59:[], 60:[], 61:[], 62:[], 63:[], 64:[], 65:[], 66:[], 67:[], 68:[], 69:[], 70:[], 71:[], 72:[], 73:[], 74:[], 75:[], 76:[], 77:[], 78:[], 79:[], 80:[], 81:[], 82:[], 83:[], 84:[], 85:[], 86:[], 87:[], 88:[], 89:[], 90:[], 91:[], 92:[], 93:[], 94:[], 95:[], 96:[], 97:[], 98:[], 99:[], 100:[], 101:[], 102:[], 103:[], 104:[], 105:[], 106:[], 107:[], 108:[], 109:[], 110:[], 111:[], 112:[], 113:[], 114:[], 115:[], 116:[], 117:[], 118:[], 119:[], 120:[], 121:[], 122:[], 123:[], 124:[], 125:[], 126:[], 127:[], 128:[], 129:[], 130:[], 131:[], 132:[], 133:[], 134:[], 135:[], 136:[], 137:[], 138:[], 139:[], 140:[], 141:[], 142:[], 143:[], 144:[], 145:[], 146:[], 147:[], 148:[], 149:[], 150:[], 151:[], 152:[], 153:[], 154:[], 155:[], 156:[], 157:[], 158:[], 159:[], 160:[], 161:[], 162:[], 163:[], 164:[], 165:[], 166:[], 167:[], 168:[], 169:[], 170:[], 171:[], 172:[], 173:[], 174:[], 175:[], 176:[], 177:[], 178:[], 179:[], 180:[], 181:[], 182:[], 183:[], 184:[], 185:[], 186:[], 187:[], 188:[], 189:[], 190:[], 191:[], 192:[], 193:[], 194:[], 195:[], 196:[], 197:[], 198:[], 199:[], 200:[], 201:[], 202:[], 203:[], 204:[], 205:[], 206:[], 207:[], 208:[], 209:[], 210:[], 211:[], 212:[], 213:[], 214:[], 215:[], 216:[], 217:[], 218:[], 219:[], 220:[]",110198442044,130158149075
5273,3,53134.5382,51139352,764188020,6104220717,1298.9552,false,219,true,true,true,true,true,false,false,"0:[0, 1, 2, 3, 4, 5, 6, 7, 8, 9, 10, 11, 12, 13, 14, 15, 16, 17, 18, 19, 20, 21, 22, 23, 24, 25, 26, 27, 28, 29, 30, 31, 32, 33, 34, 35, 36, 37, 38, 39, 40, 41, 42, 43, 44, 45, 46, 47, 48, 49, 50, 51, 52, 53, 54, 55, 56, 57, 58, 59, 60, 61, 62, 63, 64, 65, 66, 67, 68, 69, 70, 71, 72, 73, 74, 75, 76, 77, 78, 79, 80, 81, 82, 83, 84, 85, 86, 87, 88, 89, 90, 91, 92, 93, 94, 95, 96, 97, 98, 99, 100, 101, 102, 103, 104, 105, 106, 107, 108, 109, 110, 111, 112, 113, 114, 115, 116, 117, 118, 119, 120, 121, 122, 123, 124, 125, 126, 127, 128, 129, 130, 131, 132, 133, 134, 135, 136, 137, 138, 139, 140, 141, 142, 143, 144, 145, 146, 147, 148, 149, 150, 151, 152, 153, 154, 155, 156, 157, 158, 159, 160, 161, 162, 163, 164, 165, 166, 167, 168, 169, 170, 171, 172, 173, 174, 175, 176, 177, 178, 179, 180, 181, 182, 183, 184, 185, 186, 187, 188, 189, 190, 191, 192, 193, 194, 195, 196, 197, 198, 199, 200, 201, 202, 203, 204, 205, 206, 207, 208, 209, 210, 211, 212, 213, 214, 215, 216, 217, 218], 1:[], 2:[], 3:[], 4:[], 5:[], 6:[], 7:[], 8:[], 9:[], 10:[], 11:[], 12:[], 13:[], 14:[], 15:[], 16:[], 17:[], 18:[], 19:[], 20:[], 21:[], 22:[], 23:[], 24:[], 25:[], 26:[], 27:[], 28:[], 29:[], 30:[], 31:[], 32:[], 33:[], 34:[], 35:[], 36:[], 37:[], 38:[], 39:[], 40:[], 41:[], 42:[], 43:[], 44:[], 45:[], 46:[], 47:[], 48:[], 49:[], 50:[], 51:[], 52:[], 53:[], 54:[], 55:[], 56:[], 57:[], 58:[], 59:[], 60:[], 61:[], 62:[], 63:[], 64:[], 65:[], 66:[], 67:[], 68:[], 69:[], 70:[], 71:[], 72:[], 73:[], 74:[], 75:[], 76:[], 77:[], 78:[], 79:[], 80:[], 81:[], 82:[], 83:[], 84:[], 85:[], 86:[], 87:[], 88:[], 89:[], 90:[], 91:[], 92:[], 93:[], 94:[], 95:[], 96:[], 97:[], 98:[], 99:[], 100:[], 101:[], 102:[], 103:[], 104:[], 105:[], 106:[], 107:[], 108:[], 109:[], 110:[], 111:[], 112:[], 113:[], 114:[], 115:[], 116:[], 117:[], 118:[], 119:[], 120:[], 121:[], 122:[], 123:[], 124:[], 125:[], 126:[], 127:[], 128:[], 129:[], 130:[], 131:[], 132:[], 133:[], 134:[], 135:[], 136:[], 137:[], 138:[], 139:[], 140:[], 141:[], 142:[], 143:[], 144:[], 145:[], 146:[], 147:[], 148:[], 149:[], 150:[], 151:[], 152:[], 153:[], 154:[], 155:[], 156:[], 157:[], 158:[], 159:[], 160:[], 161:[], 162:[], 163:[], 164:[], 165:[], 166:[], 167:[], 168:[], 169:[], 170:[], 171:[], 172:[], 173:[], 174:[], 175:[], 176:[], 177:[], 178:[], 179:[], 180:[], 181:[], 182:[], 183:[], 184:[], 185:[], 186:[], 187:[], 188:[], 189:[], 190:[], 191:[], 192:[], 193:[], 194:[], 195:[], 196:[], 197:[], 198:[], 199:[], 200:[], 201:[], 202:[], 203:[], 204:[], 205:[], 206:[], 207:[], 208:[], 209:[], 210:[], 211:[], 212:[], 213:[], 214:[], 215:[], 216:[], 217:[], 218:[]",108402297744,127550321332
5333,2,46626.6650,52902290,790565723,6315029984,1238.7989,false,223,true,true,true,true,true,false,false,"0:[0, 1, 2, 3, 4, 5, 6, 7, 8, 9, 10, 11, 12, 13, 14, 15, 16, 17, 18, 19, 20, 21, 22, 23, 24, 25, 26, 27, 28, 29, 30, 31, 32, 33, 34, 35, 36, 37, 38, 39, 40, 41, 42, 43, 44, 45, 46, 47, 48, 49, 50, 51, 52, 53, 54, 55, 56, 57, 58, 59, 60, 61, 62, 63, 64, 65, 66, 67, 68, 69, 70, 71, 72, 73, 74, 75, 76, 77, 78, 79, 80, 81, 82, 83, 84, 85, 86, 87, 88, 89, 90, 91, 92, 93, 94, 95, 96, 97, 98, 99, 100, 101, 102, 103, 104, 105, 106, 107, 108, 109, 110, 111, 112, 113, 114, 115, 116, 117, 118, 119, 120, 121, 122, 123, 124, 125, 126, 127, 128, 129, 130, 131, 132, 133, 134, 135, 136, 137, 138, 139, 140, 141, 142, 143, 144, 145, 146, 147, 148, 149, 150, 151, 152, 153, 154, 155, 156, 157, 158, 159, 160, 161, 162, 163, 164, 165, 166, 167, 168, 169, 170, 171, 172, 173, 174, 175, 176, 177, 178, 179, 180, 181, 182, 183, 184, 185, 186, 187, 188, 189, 190, 191, 192, 193, 194, 195, 196, 197, 198, 199, 200, 201, 202, 203, 204, 205, 206, 207, 208, 209, 210, 211, 212, 213, 214, 215, 216, 217, 218, 219, 220, 221, 222], 1:[], 2:[], 3:[], 4:[], 5:[], 6:[], 7:[], 8:[], 9:[], 10:[], 11:[], 12:[], 13:[], 14:[], 15:[], 16:[], 17:[], 18:[], 19:[], 20:[], 21:[], 22:[], 23:[], 24:[], 25:[], 26:[], 27:[], 28:[], 29:[], 30:[], 31:[], 32:[], 33:[], 34:[], 35:[], 36:[], 37:[], 38:[], 39:[], 40:[], 41:[], 42:[], 43:[], 44:[], 45:[], 46:[], 47:[], 48:[], 49:[], 50:[], 51:[], 52:[], 53:[], 54:[], 55:[], 56:[], 57:[], 58:[], 59:[], 60:[], 61:[], 62:[], 63:[], 64:[], 65:[], 66:[], 67:[], 68:[], 69:[], 70:[], 71:[], 72:[], 73:[], 74:[], 75:[], 76:[], 77:[], 78:[], 79:[], 80:[], 81:[], 82:[], 83:[], 84:[], 85:[], 86:[], 87:[], 88:[], 89:[], 90:[], 91:[], 92:[], 93:[], 94:[], 95:[], 96:[], 97:[], 98:[], 99:[], 100:[], 101:[], 102:[], 103:[], 104:[], 105:[], 106:[], 107:[], 108:[], 109:[], 110:[], 111:[], 112:[], 113:[], 114:[], 115:[], 116:[], 117:[], 118:[], 119:[], 120:[], 121:[], 122:[], 123:[], 124:[], 125:[], 126:[], 127:[], 128:[], 129:[], 130:[], 131:[], 132:[], 133:[], 134:[], 135:[], 136:[], 137:[], 138:[], 139:[], 140:[], 141:[], 142:[], 143:[], 144:[], 145:[], 146:[], 147:[], 148:[], 149:[], 150:[], 151:[], 152:[], 153:[], 154:[], 155:[], 156:[], 157:[], 158:[], 159:[], 160:[], 161:[], 162:[], 163:[], 164:[], 165:[], 166:[], 167:[], 168:[], 169:[], 170:[], 171:[], 172:[], 173:[], 174:[], 175:[], 176:[], 177:[], 178:[], 179:[], 180:[], 181:[], 182:[], 183:[], 184:[], 185:[], 186:[], 187:[], 188:[], 189:[], 190:[], 191:[], 192:[], 193:[], 194:[], 195:[], 196:[], 197:[], 198:[], 199:[], 200:[], 201:[], 202:[], 203:[], 204:[], 205:[], 206:[], 207:[], 208:[], 209:[], 210:[], 211:[], 212:[], 213:[], 214:[], 215:[], 216:[], 217:[], 218:[], 219:[], 220:[], 221:[], 222:[]",110561876248,130685873279
5303,5,49728.6983,52015842,777300951,6209012999,1282.4636,false,221,true,true,true,true,true,false,false,"0:[0, 1, 2, 3, 4, 5, 6, 7, 8, 9, 10, 11, 12, 13, 14, 15, 16, 17, 18, 19, 20, 21, 22, 23, 24, 25, 26, 27, 28, 29, 30, 31, 32, 33, 34, 35, 36, 37, 38, 39, 40, 41, 42, 43, 44, 45, 46, 47, 48, 49, 50, 51, 52, 53, 54, 55, 56, 57, 58, 59, 60, 61, 62, 63, 64, 65, 66, 67, 68, 69, 70, 71, 72, 73, 74, 75, 76, 77, 78, 79, 80, 81, 82, 83, 84, 85, 86, 87, 88, 89, 90, 91, 92, 93, 94, 95, 96, 97, 98, 99, 100, 101, 102, 103, 104, 105, 106, 107, 108, 109, 110, 111, 112, 113, 114, 115, 116, 117, 118, 119, 120, 121, 122, 123, 124, 125, 126, 127, 128, 129, 130, 131, 132, 133, 134, 135, 136, 137, 138, 139, 140, 141, 142, 143, 144, 145, 146, 147, 148, 149, 150, 151, 152, 153, 154, 155, 156, 157, 158, 159, 160, 161, 162, 163, 164, 165, 166, 167, 168, 169, 170, 171, 172, 173, 174, 175, 176, 177, 178, 179, 180, 181, 182, 183, 184, 185, 186, 187, 188, 189, 190, 191, 192, 193, 194, 195, 196, 197, 198, 199, 200, 201, 202, 203, 204, 205, 206, 207, 208, 209, 210, 211, 212, 213, 214, 215, 216, 217, 218, 219, 220], 1:[], 2:[], 3:[], 4:[], 5:[], 6:[], 7:[], 8:[], 9:[], 10:[], 11:[], 12:[], 13:[], 14:[], 15:[], 16:[], 17:[], 18:[], 19:[], 20:[], 21:[], 22:[], 23:[], 24:[], 25:[], 26:[], 27:[], 28:[], 29:[], 30:[], 31:[], 32:[], 33:[], 34:[], 35:[], 36:[], 37:[], 38:[], 39:[], 40:[], 41:[], 42:[], 43:[], 44:[], 45:[], 46:[], 47:[], 48:[], 49:[], 50:[], 51:[], 52:[], 53:[], 54:[], 55:[], 56:[], 57:[], 58:[], 59:[], 60:[], 61:[], 62:[], 63:[], 64:[], 65:[], 66:[], 67:[], 68:[], 69:[], 70:[], 71:[], 72:[], 73:[], 74:[], 75:[], 76:[], 77:[], 78:[], 79:[], 80:[], 81:[], 82:[], 83:[], 84:[], 85:[], 86:[], 87:[], 88:[], 89:[], 90:[], 91:[], 92:[], 93:[], 94:[], 95:[], 96:[], 97:[], 98:[], 99:[], 100:[], 101:[], 102:[], 103:[], 104:[], 105:[], 106:[], 107:[], 108:[], 109:[], 110:[], 111:[], 112:[], 113:[], 114:[], 115:[], 116:[], 117:[], 118:[], 119:[], 120:[], 121:[], 122:[], 123:[], 124:[], 125:[], 126:[], 127:[], 128:[], 129:[], 130:[], 131:[], 132:[], 133:[], 134:[], 135:[], 136:[], 137:[], 138:[], 139:[], 140:[], 141:[], 142:[], 143:[], 144:[], 145:[], 146:[], 147:[], 148:[], 149:[], 150:[], 151:[], 152:[], 153:[], 154:[], 155:[], 156:[], 157:[], 158:[], 159:[], 160:[], 161:[], 162:[], 163:[], 164:[], 165:[], 166:[], 167:[], 168:[], 169:[], 170:[], 171:[], 172:[], 173:[], 174:[], 175:[], 176:[], 177:[], 178:[], 179:[], 180:[], 181:[], 182:[], 183:[], 184:[], 185:[], 186:[], 187:[], 188:[], 189:[], 190:[], 191:[], 192:[], 193:[], 194:[], 195:[], 196:[], 197:[], 198:[], 199:[], 200:[], 201:[], 202:[], 203:[], 204:[], 205:[], 206:[], 207:[], 208:[], 209:[], 210:[], 211:[], 212:[], 213:[], 214:[], 215:[], 216:[], 217:[], 218:[], 219:[], 220:[]",109475873944,129109032651
5347,2,46521.2646,53319389,796805270,6364891060,1577.7034,false,222,true,true,true,true,true,false,false,"0:[0, 1, 2, 3, 4, 5, 6, 7, 8, 9, 10, 11, 12, 13, 14, 15, 16, 17, 18, 19, 20, 21, 22, 23, 24, 25, 26, 27, 28, 29, 30, 31, 32, 33, 34, 35, 36, 37, 38, 39, 40, 41, 42, 43, 44, 45, 46, 47, 48, 49, 50, 51, 52, 53, 54, 55, 56, 57, 58, 59, 60, 61, 62, 63, 64, 65, 66, 67, 68, 69, 70, 71, 72, 73, 74, 75, 76, 77, 78, 79, 80, 81, 82, 83, 84, 85, 86, 87, 88, 89, 90, 91, 92, 93, 94, 95, 96, 97, 98, 99, 100, 101, 102, 103, 104, 105, 106, 107, 108, 109, 110, 111, 112, 113, 114, 115, 116, 117, 118, 119, 120, 121, 122, 123, 124, 125, 126, 127, 128, 129, 130, 131, 132, 133, 134, 135, 136, 137, 138, 139, 140, 141, 142, 143, 144, 145, 146, 147, 148, 149, 150, 151, 152, 153, 154, 155, 156, 157, 158, 159, 160, 161, 162, 163, 164, 165, 166, 167, 168, 169, 170, 171, 172, 173, 174, 175, 176, 177, 178, 179, 180, 181, 182, 183, 184, 185, 186, 187, 188, 189, 190, 191, 192, 193, 194, 195, 196, 197, 198, 199, 200, 201, 202, 203, 204, 205, 206, 207, 208, 209, 210, 211, 212, 213, 214, 215, 216, 217, 218, 219, 220, 221], 1:[], 2:[], 3:[], 4:[], 5:[], 6:[], 7:[], 8:[], 9:[], 10:[], 11:[], 12:[], 13:[], 14:[], 15:[], 16:[], 17:[], 18:[], 19:[], 20:[], 21:[], 22:[], 23:[], 24:[], 25:[], 26:[], 27:[], 28:[], 29:[], 30:[], 31:[], 32:[], 33:[], 34:[], 35:[], 36:[], 37:[], 38:[], 39:[], 40:[], 41:[], 42:[], 43:[], 44:[], 45:[], 46:[], 47:[], 48:[], 49:[], 50:[], 51:[], 52:[], 53:[], 54:[], 55:[], 56:[], 57:[], 58:[], 59:[], 60:[], 61:[], 62:[], 63:[], 64:[], 65:[], 66:[], 67:[], 68:[], 69:[], 70:[], 71:[], 72:[], 73:[], 74:[], 75:[], 76:[], 77:[], 78:[], 79:[], 80:[], 81:[], 82:[], 83:[], 84:[], 85:[], 86:[], 87:[], 88:[], 89:[], 90:[], 91:[], 92:[], 93:[], 94:[], 95:[], 96:[], 97:[], 98:[], 99:[], 100:[], 101:[], 102:[], 103:[], 104:[], 105:[], 106:[], 107:[], 108:[], 109:[], 110:[], 111:[], 112:[], 113:[], 114:[], 115:[], 116:[], 117:[], 118:[], 119:[], 120:[], 121:[], 122:[], 123:[], 124:[], 125:[], 126:[], 127:[], 128:[], 129:[], 130:[], 131:[], 132:[], 133:[], 134:[], 135:[], 136:[], 137:[], 138:[], 139:[], 140:[], 141:[], 142:[], 143:[], 144:[], 145:[], 146:[], 147:[], 148:[], 149:[], 150:[], 151:[], 152:[], 153:[], 154:[], 155:[], 156:[], 157:[], 158:[], 159:[], 160:[], 161:[], 162:[], 163:[], 164:[], 165:[], 166:[], 167:[], 168:[], 169:[], 170:[], 171:[], 172:[], 173:[], 174:[], 175:[], 176:[], 177:[], 178:[], 179:[], 180:[], 181:[], 182:[], 183:[], 184:[], 185:[], 186:[], 187:[], 188:[], 189:[], 190:[], 191:[], 192:[], 193:[], 194:[], 195:[], 196:[], 197:[], 198:[], 199:[], 200:[], 201:[], 202:[], 203:[], 204:[], 205:[], 206:[], 207:[], 208:[], 209:[], 210:[], 211:[], 212:[], 213:[], 214:[], 215:[], 216:[], 217:[], 218:[], 219:[], 220:[], 221:[]",111072718780,131427535466
5297,3,52743.8474,51839749,774667493,6187971669,1238.0443,false,220,true,true,true,true,true,false,false,"0:[0, 1, 2, 3, 4, 5, 6, 7, 8, 9, 10, 11, 12, 13, 14, 15, 16, 17, 18, 19, 20, 21, 22, 23, 24, 25, 26, 27, 28, 29, 30, 31, 32, 33, 34, 35, 36, 37, 38, 39, 40, 41, 42, 43, 44, 45, 46, 47, 48, 49, 50, 51, 52, 53, 54, 55, 56, 57, 58, 59, 60, 61, 62, 63, 64, 65, 66, 67, 68, 69, 70, 71, 72, 73, 74, 75, 76, 77, 78, 79, 80, 81, 82, 83, 84, 85, 86, 87, 88, 89, 90, 91, 92, 93, 94, 95, 96, 97, 98, 99, 100, 101, 102, 103, 104, 105, 106, 107, 108, 109, 110, 111, 112, 113, 114, 115, 116, 117, 118, 119, 120, 121, 122, 123, 124, 125, 126, 127, 128, 129, 130, 131, 132, 133, 134, 135, 136, 137, 138, 139, 140, 141, 142, 143, 144, 145, 146, 147, 148, 149, 150, 151, 152, 153, 154, 155, 156, 157, 158, 159, 160, 161, 162, 163, 164, 165, 166, 167, 168, 169, 170, 171, 172, 173, 174, 175, 176, 177, 178, 179, 180, 181, 182, 183, 184, 185, 186, 187, 188, 189, 190, 191, 192, 193, 194, 195, 196, 197, 198, 199, 200, 201, 202, 203, 204, 205, 206, 207, 208, 209, 210, 211, 212, 213, 214, 215, 216, 217, 218, 219], 1:[], 2:[], 3:[], 4:[], 5:[], 6:[], 7:[], 8:[], 9:[], 10:[], 11:[], 12:[], 13:[], 14:[], 15:[], 16:[], 17:[], 18:[], 19:[], 20:[], 21:[], 22:[], 23:[], 24:[], 25:[], 26:[], 27:[], 28:[], 29:[], 30:[], 31:[], 32:[], 33:[], 34:[], 35:[], 36:[], 37:[], 38:[], 39:[], 40:[], 41:[], 42:[], 43:[], 44:[], 45:[], 46:[], 47:[], 48:[], 49:[], 50:[], 51:[], 52:[], 53:[], 54:[], 55:[], 56:[], 57:[], 58:[], 59:[], 60:[], 61:[], 62:[], 63:[], 64:[], 65:[], 66:[], 67:[], 68:[], 69:[], 70:[], 71:[], 72:[], 73:[], 74:[], 75:[], 76:[], 77:[], 78:[], 79:[], 80:[], 81:[], 82:[], 83:[], 84:[], 85:[], 86:[], 87:[], 88:[], 89:[], 90:[], 91:[], 92:[], 93:[], 94:[], 95:[], 96:[], 97:[], 98:[], 99:[], 100:[], 101:[], 102:[], 103:[], 104:[], 105:[], 106:[], 107:[], 108:[], 109:[], 110:[], 111:[], 112:[], 113:[], 114:[], 115:[], 116:[], 117:[], 118:[], 119:[], 120:[], 121:[], 122:[], 123:[], 124:[], 125:[], 126:[], 127:[], 128:[], 129:[], 130:[], 131:[], 132:[], 133:[], 134:[], 135:[], 136:[], 137:[], 138:[], 139:[], 140:[], 141:[], 142:[], 143:[], 144:[], 145:[], 146:[], 147:[], 148:[], 149:[], 150:[], 151:[], 152:[], 153:[], 154:[], 155:[], 156:[], 157:[], 158:[], 159:[], 160:[], 161:[], 162:[], 163:[], 164:[], 165:[], 166:[], 167:[], 168:[], 169:[], 170:[], 171:[], 172:[], 173:[], 174:[], 175:[], 176:[], 177:[], 178:[], 179:[], 180:[], 181:[], 182:[], 183:[], 184:[], 185:[], 186:[], 187:[], 188:[], 189:[], 190:[], 191:[], 192:[], 193:[], 194:[], 195:[], 196:[], 197:[], 198:[], 199:[], 200:[], 201:[], 202:[], 203:[], 204:[], 205:[], 206:[], 207:[], 208:[], 209:[], 210:[], 211:[], 212:[], 213:[], 214:[], 215:[], 216:[], 217:[], 218:[], 219:[]",109260266700,128796029829
5309,2,52454.1467,52192334,779942948,6230132600,1565.1623,false,221,true,true,true,true,true,false,false,"0:[0, 1, 2, 3, 4, 5, 6, 7, 8, 9, 10, 11, 12, 13, 14, 15, 16, 17, 18, 19, 20, 21, 22, 23, 24, 25, 26, 27, 28, 29, 30, 31, 32, 33, 34, 35, 36, 37, 38, 39, 40, 41, 42, 43, 44, 45, 46, 47, 48, 49, 50, 51, 52, 53, 54, 55, 56, 57, 58, 59, 60, 61, 62, 63, 64, 65, 66, 67, 68, 69, 70, 71, 72, 73, 74, 75, 76, 77, 78, 79, 80, 81, 82, 83, 84, 85, 86, 87, 88, 89, 90, 91, 92, 93, 94, 95, 96, 97, 98, 99, 100, 101, 102, 103, 104, 105, 106, 107, 108, 109, 110, 111, 112, 113, 114, 115, 116, 117, 118, 119, 120, 121, 122, 123, 124, 125, 126, 127, 128, 129, 130, 131, 132, 133, 134, 135, 136, 137, 138, 139, 140, 141, 142, 143, 144, 145, 146, 147, 148, 149, 150, 151, 152, 153, 154, 155, 156, 157, 158, 159, 160, 161, 162, 163, 164, 165, 166, 167, 168, 169, 170, 171, 172, 173, 174, 175, 176, 177, 178, 179, 180, 181, 182, 183, 184, 185, 186, 187, 188, 189, 190, 191, 192, 193, 194, 195, 196, 197, 198, 199, 200, 201, 202, 203, 204, 205, 206, 207, 208, 209, 210, 211, 212, 213, 214, 215, 216, 217, 218, 219, 220], 1:[], 2:[], 3:[], 4:[], 5:[], 6:[], 7:[], 8:[], 9:[], 10:[], 11:[], 12:[], 13:[], 14:[], 15:[], 16:[], 17:[], 18:[], 19:[], 20:[], 21:[], 22:[], 23:[], 24:[], 25:[], 26:[], 27:[], 28:[], 29:[], 30:[], 31:[], 32:[], 33:[], 34:[], 35:[], 36:[], 37:[], 38:[], 39:[], 40:[], 41:[], 42:[], 43:[], 44:[], 45:[], 46:[], 47:[], 48:[], 49:[], 50:[], 51:[], 52:[], 53:[], 54:[], 55:[], 56:[], 57:[], 58:[], 59:[], 60:[], 61:[], 62:[], 63:[], 64:[], 65:[], 66:[], 67:[], 68:[], 69:[], 70:[], 71:[], 72:[], 73:[], 74:[], 75:[], 76:[], 77:[], 78:[], 79:[], 80:[], 81:[], 82:[], 83:[], 84:[], 85:[], 86:[], 87:[], 88:[], 89:[], 90:[], 91:[], 92:[], 93:[], 94:[], 95:[], 96:[], 97:[], 98:[], 99:[], 100:[], 101:[], 102:[], 103:[], 104:[], 105:[], 106:[], 107:[], 108:[], 109:[], 110:[], 111:[], 112:[], 113:[], 114:[], 115:[], 116:[], 117:[], 118:[], 119:[], 120:[], 121:[], 122:[], 123:[], 124:[], 125:[], 126:[], 127:[], 128:[], 129:[], 130:[], 131:[], 132:[], 133:[], 134:[], 135:[], 136:[], 137:[], 138:[], 139:[], 140:[], 141:[], 142:[], 143:[], 144:[], 145:[], 146:[], 147:[], 148:[], 149:[], 150:[], 151:[], 152:[], 153:[], 154:[], 155:[], 156:[], 157:[], 158:[], 159:[], 160:[], 161:[], 162:[], 163:[], 164:[], 165:[], 166:[], 167:[], 168:[], 169:[], 170:[], 171:[], 172:[], 173:[], 174:[], 175:[], 176:[], 177:[], 178:[], 179:[], 180:[], 181:[], 182:[], 183:[], 184:[], 185:[], 186:[], 187:[], 188:[], 189:[], 190:[], 191:[], 192:[], 193:[], 194:[], 195:[], 196:[], 197:[], 198:[], 199:[], 200:[], 201:[], 202:[], 203:[], 204:[], 205:[], 206:[], 207:[], 208:[], 209:[], 210:[], 211:[], 212:[], 213:[], 214:[], 215:[], 216:[], 217:[], 218:[], 219:[], 220:[]",109692175480,129423129516
5381,2,47559.0154,54341460,812099602,6487129144,1300.8939,false,224,true,true,true,true,true,false,false,"0:[0, 1, 2, 3, 4, 5, 6, 7, 8, 9, 10, 11, 12, 13, 14, 15, 16, 17, 18, 19, 20, 21, 22, 23, 24, 25, 26, 27, 28, 29, 30, 31, 32, 33, 34, 35, 36, 37, 38, 39, 40, 41, 42, 43, 44, 45, 46, 47, 48, 49, 50, 51, 52, 53, 54, 55, 56, 57, 58, 59, 60, 61, 62, 63, 64, 65, 66, 67, 68, 69, 70, 71, 72, 73, 74, 75, 76, 77, 78, 79, 80, 81, 82, 83, 84, 85, 86, 87, 88, 89, 90, 91, 92, 93, 94, 95, 96, 97, 98, 99, 100, 101, 102, 103, 104, 105, 106, 107, 108, 109, 110, 111, 112, 113, 114, 115, 116, 117, 118, 119, 120, 121, 122, 123, 124, 125, 126, 127, 128, 129, 130, 131, 132, 133, 134, 135, 136, 137, 138, 139, 140, 141, 142, 143, 144, 145, 146, 147, 148, 149, 150, 151, 152, 153, 154, 155, 156, 157, 158, 159, 160, 161, 162, 163, 164, 165, 166, 167, 168, 169, 170, 171, 172, 173, 174, 175, 176, 177, 178, 179, 180, 181, 182, 183, 184, 185, 186, 187, 188, 189, 190, 191, 192, 193, 194, 195, 196, 197, 198, 199, 200, 201, 202, 203, 204, 205, 206, 207, 208, 209, 210, 211, 212, 213, 214, 215, 216, 217, 218, 219, 220, 221, 222, 223], 1:[], 2:[], 3:[], 4:[], 5:[], 6:[], 7:[], 8:[], 9:[], 10:[], 11:[], 12:[], 13:[], 14:[], 15:[], 16:[], 17:[], 18:[], 19:[], 20:[], 21:[], 22:[], 23:[], 24:[], 25:[], 26:[], 27:[], 28:[], 29:[], 30:[], 31:[], 32:[], 33:[], 34:[], 35:[], 36:[], 37:[], 38:[], 39:[], 40:[], 41:[], 42:[], 43:[], 44:[], 45:[], 46:[], 47:[], 48:[], 49:[], 50:[], 51:[], 52:[], 53:[], 54:[], 55:[], 56:[], 57:[], 58:[], 59:[], 60:[], 61:[], 62:[], 63:[], 64:[], 65:[], 66:[], 67:[], 68:[], 69:[], 70:[], 71:[], 72:[], 73:[], 74:[], 75:[], 76:[], 77:[], 78:[], 79:[], 80:[], 81:[], 82:[], 83:[], 84:[], 85:[], 86:[], 87:[], 88:[], 89:[], 90:[], 91:[], 92:[], 93:[], 94:[], 95:[], 96:[], 97:[], 98:[], 99:[], 100:[], 101:[], 102:[], 103:[], 104:[], 105:[], 106:[], 107:[], 108:[], 109:[], 110:[], 111:[], 112:[], 113:[], 114:[], 115:[], 116:[], 117:[], 118:[], 119:[], 120:[], 121:[], 122:[], 123:[], 124:[], 125:[], 126:[], 127:[], 128:[], 129:[], 130:[], 131:[], 132:[], 133:[], 134:[], 135:[], 136:[], 137:[], 138:[], 139:[], 140:[], 141:[], 142:[], 143:[], 144:[], 145:[], 146:[], 147:[], 148:[], 149:[], 150:[], 151:[], 152:[], 153:[], 154:[], 155:[], 156:[], 157:[], 158:[], 159:[], 160:[], 161:[], 162:[], 163:[], 164:[], 165:[], 166:[], 167:[], 168:[], 169:[], 170:[], 171:[], 172:[], 173:[], 174:[], 175:[], 176:[], 177:[], 178:[], 179:[], 180:[], 181:[], 182:[], 183:[], 184:[], 185:[], 186:[], 187:[], 188:[], 189:[], 190:[], 191:[], 192:[], 193:[], 194:[], 195:[], 196:[], 197:[], 198:[], 199:[], 200:[], 201:[], 202:[], 203:[], 204:[], 205:[], 206:[], 207:[], 208:[], 209:[], 210:[], 211:[], 212:[], 213:[], 214:[], 215:[], 216:[], 217:[], 218:[], 219:[], 220:[], 221:[], 222:[], 223:[]",112324883328,133245631962
5281,7,58458.1871,51372112,767670611,6132053209,1281.2732,false,221,true,true,true,true,true,false,false,"0:[0, 1, 2, 3, 4, 5, 6, 7, 8, 9, 10, 11, 12, 13, 14, 15, 16, 17, 18, 19, 20, 21, 22, 23, 24, 25, 26, 27, 28, 29, 30, 31, 32, 33, 34, 35, 36, 37, 38, 39, 40, 41, 42, 43, 44, 45, 46, 47, 48, 49, 50, 51, 52, 53, 54, 55, 56, 57, 58, 59, 60, 61, 62, 63, 64, 65, 66, 67, 68, 69, 70, 71, 72, 73, 74, 75, 76, 77, 78, 79, 80, 81, 82, 83, 84, 85, 86, 87, 88, 89, 90, 91, 92, 93, 94, 95, 96, 97, 98, 99, 100, 101, 102, 103, 104, 105, 106, 107, 108, 109, 110, 111, 112, 113, 114, 115, 116, 117, 118, 119, 120, 121, 122, 123, 124, 125, 126, 127, 128, 129, 130, 131, 132, 133, 134, 135, 136, 137, 138, 139, 140, 141, 142, 143, 144, 145, 146, 147, 148, 149, 150, 151, 152, 153, 154, 155, 156, 157, 158, 159, 160, 161, 162, 163, 164, 165, 166, 167, 168, 169, 170, 171, 172, 173, 174, 175, 176, 177, 178, 179, 180, 181, 182, 183, 184, 185, 186, 187, 188, 189, 190, 191, 192, 193, 194, 195, 196, 197, 198, 199, 200, 201, 202, 203, 204, 205, 206, 207, 208, 209, 210, 211, 212, 213, 214, 215, 216, 217, 218, 219, 220], 1:[], 2:[], 3:[], 4:[], 5:[], 6:[], 7:[], 8:[], 9:[], 10:[], 11:[], 12:[], 13:[], 14:[], 15:[], 16:[], 17:[], 18:[], 19:[], 20:[], 21:[], 22:[], 23:[], 24:[], 25:[], 26:[], 27:[], 28:[], 29:[], 30:[], 31:[], 32:[], 33:[], 34:[], 35:[], 36:[], 37:[], 38:[], 39:[], 40:[], 41:[], 42:[], 43:[], 44:[], 45:[], 46:[], 47:[], 48:[], 49:[], 50:[], 51:[], 52:[], 53:[], 54:[], 55:[], 56:[], 57:[], 58:[], 59:[], 60:[], 61:[], 62:[], 63:[], 64:[], 65:[], 66:[], 67:[], 68:[], 69:[], 70:[], 71:[], 72:[], 73:[], 74:[], 75:[], 76:[], 77:[], 78:[], 79:[], 80:[], 81:[], 82:[], 83:[], 84:[], 85:[], 86:[], 87:[], 88:[], 89:[], 90:[], 91:[], 92:[], 93:[], 94:[], 95:[], 96:[], 97:[], 98:[], 99:[], 100:[], 101:[], 102:[], 103:[], 104:[], 105:[], 106:[], 107:[], 108:[], 109:[], 110:[], 111:[], 112:[], 113:[], 114:[], 115:[], 116:[], 117:[], 118:[], 119:[], 120:[], 121:[], 122:[], 123:[], 124:[], 125:[], 126:[], 127:[], 128:[], 129:[], 130:[], 131:[], 132:[], 133:[], 134:[], 135:[], 136:[], 137:[], 138:[], 139:[], 140:[], 141:[], 142:[], 143:[], 144:[], 145:[], 146:[], 147:[], 148:[], 149:[], 150:[], 151:[], 152:[], 153:[], 154:[], 155:[], 156:[], 157:[], 158:[], 159:[], 160:[], 161:[], 162:[], 163:[], 164:[], 165:[], 166:[], 167:[], 168:[], 169:[], 170:[], 171:[], 172:[], 173:[], 174:[], 175:[], 176:[], 177:[], 178:[], 179:[], 180:[], 181:[], 182:[], 183:[], 184:[], 185:[], 186:[], 187:[], 188:[], 189:[], 190:[], 191:[], 192:[], 193:[], 194:[], 195:[], 196:[], 197:[], 198:[], 199:[], 200:[], 201:[], 202:[], 203:[], 204:[], 205:[], 206:[], 207:[], 208:[], 209:[], 210:[], 211:[], 212:[], 213:[], 214:[], 215:[], 216:[], 217:[], 218:[], 219:[], 220:[]",108687422304,127964301535
5351,11,50236.6992,53438962,798594363,6379189300,1259.3908,false,222,true,true,true,true,true,false,false,"0:[0, 1, 2, 3, 4, 5, 6, 7, 8, 9, 10, 11, 12, 13, 14, 15, 16, 17, 18, 19, 20, 21, 22, 23, 24, 25, 26, 27, 28, 29, 30, 31, 32, 33, 34, 35, 36, 37, 38, 39, 40, 41, 42, 43, 44, 45, 46, 47, 48, 49, 50, 51, 52, 53, 54, 55, 56, 57, 58, 59, 60, 61, 62, 63, 64, 65, 66, 67, 68, 69, 70, 71, 72, 73, 74, 75, 76, 77, 78, 79, 80, 81, 82, 83, 84, 85, 86, 87, 88, 89, 90, 91, 92, 93, 94, 95, 96, 97, 98, 99, 100, 101, 102, 103, 104, 105, 106, 107, 108, 109, 110, 111, 112, 113, 114, 115, 116, 117, 118, 119, 120, 121, 122, 123, 124, 125, 126, 127, 128, 129, 130, 131, 132, 133, 134, 135, 136, 137, 138, 139, 140, 141, 142, 143, 144, 145, 146, 147, 148, 149, 150, 151, 152, 153, 154, 155, 156, 157, 158, 159, 160, 161, 162, 163, 164, 165, 166, 167, 168, 169, 170, 171, 172, 173, 174, 175, 176, 177, 178, 179, 180, 181, 182, 183, 184, 185, 186, 187, 188, 189, 190, 191, 192, 193, 194, 195, 196, 197, 198, 199, 200, 201, 202, 203, 204, 205, 206, 207, 208, 209, 210, 211, 212, 213, 214, 215, 216, 217, 218, 219, 220, 221], 1:[], 2:[], 3:[], 4:[], 5:[], 6:[], 7:[], 8:[], 9:[], 10:[], 11:[], 12:[], 13:[], 14:[], 15:[], 16:[], 17:[], 18:[], 19:[], 20:[], 21:[], 22:[], 23:[], 24:[], 25:[], 26:[], 27:[], 28:[], 29:[], 30:[], 31:[], 32:[], 33:[], 34:[], 35:[], 36:[], 37:[], 38:[], 39:[], 40:[], 41:[], 42:[], 43:[], 44:[], 45:[], 46:[], 47:[], 48:[], 49:[], 50:[], 51:[], 52:[], 53:[], 54:[], 55:[], 56:[], 57:[], 58:[], 59:[], 60:[], 61:[], 62:[], 63:[], 64:[], 65:[], 66:[], 67:[], 68:[], 69:[], 70:[], 71:[], 72:[], 73:[], 74:[], 75:[], 76:[], 77:[], 78:[], 79:[], 80:[], 81:[], 82:[], 83:[], 84:[], 85:[], 86:[], 87:[], 88:[], 89:[], 90:[], 91:[], 92:[], 93:[], 94:[], 95:[], 96:[], 97:[], 98:[], 99:[], 100:[], 101:[], 102:[], 103:[], 104:[], 105:[], 106:[], 107:[], 108:[], 109:[], 110:[], 111:[], 112:[], 113:[], 114:[], 115:[], 116:[], 117:[], 118:[], 119:[], 120:[], 121:[], 122:[], 123:[], 124:[], 125:[], 126:[], 127:[], 128:[], 129:[], 130:[], 131:[], 132:[], 133:[], 134:[], 135:[], 136:[], 137:[], 138:[], 139:[], 140:[], 141:[], 142:[], 143:[], 144:[], 145:[], 146:[], 147:[], 148:[], 149:[], 150:[], 151:[], 152:[], 153:[], 154:[], 155:[], 156:[], 157:[], 158:[], 159:[], 160:[], 161:[], 162:[], 163:[], 164:[], 165:[], 166:[], 167:[], 168:[], 169:[], 170:[], 171:[], 172:[], 173:[], 174:[], 175:[], 176:[], 177:[], 178:[], 179:[], 180:[], 181:[], 182:[], 183:[], 184:[], 185:[], 186:[], 187:[], 188:[], 189:[], 190:[], 191:[], 192:[], 193:[], 194:[], 195:[], 196:[], 197:[], 198:[], 199:[], 200:[], 201:[], 202:[], 203:[], 204:[], 205:[], 206:[], 207:[], 208:[], 209:[], 210:[], 211:[], 212:[], 213:[], 214:[], 215:[], 216:[], 217:[], 218:[], 219:[], 220:[], 221:[]",111219194264,131640206975
5387,2,47112.7848,54523170,814817230,6508843617,1305.2081,false,224,true,true,true,true,true,false,false,"0:[0, 1, 2, 3, 4, 5, 6, 7, 8, 9, 10, 11, 12, 13, 14, 15, 16, 17, 18, 19, 20, 21, 22, 23, 24, 25, 26, 27, 28, 29, 30, 31, 32, 33, 34, 35, 36, 37, 38, 39, 40, 41, 42, 43, 44, 45, 46, 47, 48, 49, 50, 51, 52, 53, 54, 55, 56, 57, 58, 59, 60, 61, 62, 63, 64, 65, 66, 67, 68, 69, 70, 71, 72, 73, 74, 75, 76, 77, 78, 79, 80, 81, 82, 83, 84, 85, 86, 87, 88, 89, 90, 91, 92, 93, 94, 95, 96, 97, 98, 99, 100, 101, 102, 103, 104, 105, 106, 107, 108, 109, 110, 111, 112, 113, 114, 115, 116, 117, 118, 119, 120, 121, 122, 123, 124, 125, 126, 127, 128, 129, 130, 131, 132, 133, 134, 135, 136, 137, 138, 139, 140, 141, 142, 143, 144, 145, 146, 147, 148, 149, 150, 151, 152, 153, 154, 155, 156, 157, 158, 159, 160, 161, 162, 163, 164, 165, 166, 167, 168, 169, 170, 171, 172, 173, 174, 175, 176, 177, 178, 179, 180, 181, 182, 183, 184, 185, 186, 187, 188, 189, 190, 191, 192, 193, 194, 195, 196, 197, 198, 199, 200, 201, 202, 203, 204, 205, 206, 207, 208, 209, 210, 211, 212, 213, 214, 215, 216, 217, 218, 219, 220, 221, 222, 223], 1:[], 2:[], 3:[], 4:[], 5:[], 6:[], 7:[], 8:[], 9:[], 10:[], 11:[], 12:[], 13:[], 14:[], 15:[], 16:[], 17:[], 18:[], 19:[], 20:[], 21:[], 22:[], 23:[], 24:[], 25:[], 26:[], 27:[], 28:[], 29:[], 30:[], 31:[], 32:[], 33:[], 34:[], 35:[], 36:[], 37:[], 38:[], 39:[], 40:[], 41:[], 42:[], 43:[], 44:[], 45:[], 46:[], 47:[], 48:[], 49:[], 50:[], 51:[], 52:[], 53:[], 54:[], 55:[], 56:[], 57:[], 58:[], 59:[], 60:[], 61:[], 62:[], 63:[], 64:[], 65:[], 66:[], 67:[], 68:[], 69:[], 70:[], 71:[], 72:[], 73:[], 74:[], 75:[], 76:[], 77:[], 78:[], 79:[], 80:[], 81:[], 82:[], 83:[], 84:[], 85:[], 86:[], 87:[], 88:[], 89:[], 90:[], 91:[], 92:[], 93:[], 94:[], 95:[], 96:[], 97:[], 98:[], 99:[], 100:[], 101:[], 102:[], 103:[], 104:[], 105:[], 106:[], 107:[], 108:[], 109:[], 110:[], 111:[], 112:[], 113:[], 114:[], 115:[], 116:[], 117:[], 118:[], 119:[], 120:[], 121:[], 122:[], 123:[], 124:[], 125:[], 126:[], 127:[], 128:[], 129:[], 130:[], 131:[], 132:[], 133:[], 134:[], 135:[], 136:[], 137:[], 138:[], 139:[], 140:[], 141:[], 142:[], 143:[], 144:[], 145:[], 146:[], 147:[], 148:[], 149:[], 150:[], 151:[], 152:[], 153:[], 154:[], 155:[], 156:[], 157:[], 158:[], 159:[], 160:[], 161:[], 162:[], 163:[], 164:[], 165:[], 166:[], 167:[], 168:[], 169:[], 170:[], 171:[], 172:[], 173:[], 174:[], 175:[], 176:[], 177:[], 178:[], 179:[], 180:[], 181:[], 182:[], 183:[], 184:[], 185:[], 186:[], 187:[], 188:[], 189:[], 190:[], 191:[], 192:[], 193:[], 194:[], 195:[], 196:[], 197:[], 198:[], 199:[], 200:[], 201:[], 202:[], 203:[], 204:[], 205:[], 206:[], 207:[], 208:[], 209:[], 210:[], 211:[], 212:[], 213:[], 214:[], 215:[], 216:[], 217:[], 218:[], 219:[], 220:[], 221:[], 222:[], 223:[]",112547381448,133568639950
5393,3,55930.6536,54705285,817543556,6530638038,1340.1234,false,224,true,true,true,true,true,false,false,"0:[0, 1, 2, 3, 4, 5, 6, 7, 8, 9, 10, 11, 12, 13, 14, 15, 16, 17, 18, 19, 20, 21, 22, 23, 24, 25, 26, 27, 28, 29, 30, 31, 32, 33, 34, 35, 36, 37, 38, 39, 40, 41, 42, 43, 44, 45, 46, 47, 48, 49, 50, 51, 52, 53, 54, 55, 56, 57, 58, 59, 60, 61, 62, 63, 64, 65, 66, 67, 68, 69, 70, 71, 72, 73, 74, 75, 76, 77, 78, 79, 80, 81, 82, 83, 84, 85, 86, 87, 88, 89, 90, 91, 92, 93, 94, 95, 96, 97, 98, 99, 100, 101, 102, 103, 104, 105, 106, 107, 108, 109, 110, 111, 112, 113, 114, 115, 116, 117, 118, 119, 120, 121, 122, 123, 124, 125, 126, 127, 128, 129, 130, 131, 132, 133, 134, 135, 136, 137, 138, 139, 140, 141, 142, 143, 144, 145, 146, 147, 148, 149, 150, 151, 152, 153, 154, 155, 156, 157, 158, 159, 160, 161, 162, 163, 164, 165, 166, 167, 168, 169, 170, 171, 172, 173, 174, 175, 176, 177, 178, 179, 180, 181, 182, 183, 184, 185, 186, 187, 188, 189, 190, 191, 192, 193, 194, 195, 196, 197, 198, 199, 200, 201, 202, 203, 204, 205, 206, 207, 208, 209, 210, 211, 212, 213, 214, 215, 216, 217, 218, 219, 220, 221, 222, 223], 1:[], 2:[], 3:[], 4:[], 5:[], 6:[], 7:[], 8:[], 9:[], 10:[], 11:[], 12:[], 13:[], 14:[], 15:[], 16:[], 17:[], 18:[], 19:[], 20:[], 21:[], 22:[], 23:[], 24:[], 25:[], 26:[], 27:[], 28:[], 29:[], 30:[], 31:[], 32:[], 33:[], 34:[], 35:[], 36:[], 37:[], 38:[], 39:[], 40:[], 41:[], 42:[], 43:[], 44:[], 45:[], 46:[], 47:[], 48:[], 49:[], 50:[], 51:[], 52:[], 53:[], 54:[], 55:[], 56:[], 57:[], 58:[], 59:[], 60:[], 61:[], 62:[], 63:[], 64:[], 65:[], 66:[], 67:[], 68:[], 69:[], 70:[], 71:[], 72:[], 73:[], 74:[], 75:[], 76:[], 77:[], 78:[], 79:[], 80:[], 81:[], 82:[], 83:[], 84:[], 85:[], 86:[], 87:[], 88:[], 89:[], 90:[], 91:[], 92:[], 93:[], 94:[], 95:[], 96:[], 97:[], 98:[], 99:[], 100:[], 101:[], 102:[], 103:[], 104:[], 105:[], 106:[], 107:[], 108:[], 109:[], 110:[], 111:[], 112:[], 113:[], 114:[], 115:[], 116:[], 117:[], 118:[], 119:[], 120:[], 121:[], 122:[], 123:[], 124:[], 125:[], 126:[], 127:[], 128:[], 129:[], 130:[], 131:[], 132:[], 133:[], 134:[], 135:[], 136:[], 137:[], 138:[], 139:[], 140:[], 141:[], 142:[], 143:[], 144:[], 145:[], 146:[], 147:[], 148:[], 149:[], 150:[], 151:[], 152:[], 153:[], 154:[], 155:[], 156:[], 157:[], 158:[], 159:[], 160:[], 161:[], 162:[], 163:[], 164:[], 165:[], 166:[], 167:[], 168:[], 169:[], 170:[], 171:[], 172:[], 173:[], 174:[], 175:[], 176:[], 177:[], 178:[], 179:[], 180:[], 181:[], 182:[], 183:[], 184:[], 185:[], 186:[], 187:[], 188:[], 189:[], 190:[], 191:[], 192:[], 193:[], 194:[], 195:[], 196:[], 197:[], 198:[], 199:[], 200:[], 201:[], 202:[], 203:[], 204:[], 205:[], 206:[], 207:[], 208:[], 209:[], 210:[], 211:[], 212:[], 213:[], 214:[], 215:[], 216:[], 217:[], 218:[], 219:[], 220:[], 221:[], 222:[], 223:[]",112770586748,133892761936
5399,7,51985.0114,54887806,820273215,6552448042,1302.1508,false,224,true,true,true,true,true,false,false,"0:[0, 1, 2, 3, 4, 5, 6, 7, 8, 9, 10, 11, 12, 13, 14, 15, 16, 17, 18, 19, 20, 21, 22, 23, 24, 25, 26, 27, 28, 29, 30, 31, 32, 33, 34, 35, 36, 37, 38, 39, 40, 41, 42, 43, 44, 45, 46, 47, 48, 49, 50, 51, 52, 53, 54, 55, 56, 57, 58, 59, 60, 61, 62, 63, 64, 65, 66, 67, 68, 69, 70, 71, 72, 73, 74, 75, 76, 77, 78, 79, 80, 81, 82, 83, 84, 85, 86, 87, 88, 89, 90, 91, 92, 93, 94, 95, 96, 97, 98, 99, 100, 101, 102, 103, 104, 105, 106, 107, 108, 109, 110, 111, 112, 113, 114, 115, 116, 117, 118, 119, 120, 121, 122, 123, 124, 125, 126, 127, 128, 129, 130, 131, 132, 133, 134, 135, 136, 137, 138, 139, 140, 141, 142, 143, 144, 145, 146, 147, 148, 149, 150, 151, 152, 153, 154, 155, 156, 157, 158, 159, 160, 161, 162, 163, 164, 165, 166, 167, 168, 169, 170, 171, 172, 173, 174, 175, 176, 177, 178, 179, 180, 181, 182, 183, 184, 185, 186, 187, 188, 189, 190, 191, 192, 193, 194, 195, 196, 197, 198, 199, 200, 201, 202, 203, 204, 205, 206, 207, 208, 209, 210, 211, 212, 213, 214, 215, 216, 217, 218, 219, 220, 221, 222, 223], 1:[], 2:[], 3:[], 4:[], 5:[], 6:[], 7:[], 8:[], 9:[], 10:[], 11:[], 12:[], 13:[], 14:[], 15:[], 16:[], 17:[], 18:[], 19:[], 20:[], 21:[], 22:[], 23:[], 24:[], 25:[], 26:[], 27:[], 28:[], 29:[], 30:[], 31:[], 32:[], 33:[], 34:[], 35:[], 36:[], 37:[], 38:[], 39:[], 40:[], 41:[], 42:[], 43:[], 44:[], 45:[], 46:[], 47:[], 48:[], 49:[], 50:[], 51:[], 52:[], 53:[], 54:[], 55:[], 56:[], 57:[], 58:[], 59:[], 60:[], 61:[], 62:[], 63:[], 64:[], 65:[], 66:[], 67:[], 68:[], 69:[], 70:[], 71:[], 72:[], 73:[], 74:[], 75:[], 76:[], 77:[], 78:[], 79:[], 80:[], 81:[], 82:[], 83:[], 84:[], 85:[], 86:[], 87:[], 88:[], 89:[], 90:[], 91:[], 92:[], 93:[], 94:[], 95:[], 96:[], 97:[], 98:[], 99:[], 100:[], 101:[], 102:[], 103:[], 104:[], 105:[], 106:[], 107:[], 108:[], 109:[], 110:[], 111:[], 112:[], 113:[], 114:[], 115:[], 116:[], 117:[], 118:[], 119:[], 120:[], 121:[], 122:[], 123:[], 124:[], 125:[], 126:[], 127:[], 128:[], 129:[], 130:[], 131:[], 132:[], 133:[], 134:[], 135:[], 136:[], 137:[], 138:[], 139:[], 140:[], 141:[], 142:[], 143:[], 144:[], 145:[], 146:[], 147:[], 148:[], 149:[], 150:[], 151:[], 152:[], 153:[], 154:[], 155:[], 156:[], 157:[], 158:[], 159:[], 160:[], 161:[], 162:[], 163:[], 164:[], 165:[], 166:[], 167:[], 168:[], 169:[], 170:[], 171:[], 172:[], 173:[], 174:[], 175:[], 176:[], 177:[], 178:[], 179:[], 180:[], 181:[], 182:[], 183:[], 184:[], 185:[], 186:[], 187:[], 188:[], 189:[], 190:[], 191:[], 192:[], 193:[], 194:[], 195:[], 196:[], 197:[], 198:[], 199:[], 200:[], 201:[], 202:[], 203:[], 204:[], 205:[], 206:[], 207:[], 208:[], 209:[], 210:[], 211:[], 212:[], 213:[], 214:[], 215:[], 216:[], 217:[], 218:[], 219:[], 220:[], 221:[], 222:[], 223:[]",112994070056,134217198659
5413,2,50028.1278,55315263,826670650,6603582417,1314.5255,false,226,true,true,true,true,true,false,false,"0:[0, 1, 2, 3, 4, 5, 6, 7, 8, 9, 10, 11, 12, 13, 14, 15, 16, 17, 18, 19, 20, 21, 22, 23, 24, 25, 26, 27, 28, 29, 30, 31, 32, 33, 34, 35, 36, 37, 38, 39, 40, 41, 42, 43, 44, 45, 46, 47, 48, 49, 50, 51, 52, 53, 54, 55, 56, 57, 58, 59, 60, 61, 62, 63, 64, 65, 66, 67, 68, 69, 70, 71, 72, 73, 74, 75, 76, 77, 78, 79, 80, 81, 82, 83, 84, 85, 86, 87, 88, 89, 90, 91, 92, 93, 94, 95, 96, 97, 98, 99, 100, 101, 102, 103, 104, 105, 106, 107, 108, 109, 110, 111, 112, 113, 114, 115, 116, 117, 118, 119, 120, 121, 122, 123, 124, 125, 126, 127, 128, 129, 130, 131, 132, 133, 134, 135, 136, 137, 138, 139, 140, 141, 142, 143, 144, 145, 146, 147, 148, 149, 150, 151, 152, 153, 154, 155, 156, 157, 158, 159, 160, 161, 162, 163, 164, 165, 166, 167, 168, 169, 170, 171, 172, 173, 174, 175, 176, 177, 178, 179, 180, 181, 182, 183, 184, 185, 186, 187, 188, 189, 190, 191, 192, 193, 194, 195, 196, 197, 198, 199, 200, 201, 202, 203, 204, 205, 206, 207, 208, 209, 210, 211, 212, 213, 214, 215, 216, 217, 218, 219, 220, 221, 222, 223, 224, 225], 1:[], 2:[], 3:[], 4:[], 5:[], 6:[], 7:[], 8:[], 9:[], 10:[], 11:[], 12:[], 13:[], 14:[], 15:[], 16:[], 17:[], 18:[], 19:[], 20:[], 21:[], 22:[], 23:[], 24:[], 25:[], 26:[], 27:[], 28:[], 29:[], 30:[], 31:[], 32:[], 33:[], 34:[], 35:[], 36:[], 37:[], 38:[], 39:[], 40:[], 41:[], 42:[], 43:[], 44:[], 45:[], 46:[], 47:[], 48:[], 49:[], 50:[], 51:[], 52:[], 53:[], 54:[], 55:[], 56:[], 57:[], 58:[], 59:[], 60:[], 61:[], 62:[], 63:[], 64:[], 65:[], 66:[], 67:[], 68:[], 69:[], 70:[], 71:[], 72:[], 73:[], 74:[], 75:[], 76:[], 77:[], 78:[], 79:[], 80:[], 81:[], 82:[], 83:[], 84:[], 85:[], 86:[], 87:[], 88:[], 89:[], 90:[], 91:[], 92:[], 93:[], 94:[], 95:[], 96:[], 97:[], 98:[], 99:[], 100:[], 101:[], 102:[], 103:[], 104:[], 105:[], 106:[], 107:[], 108:[], 109:[], 110:[], 111:[], 112:[], 113:[], 114:[], 115:[], 116:[], 117:[], 118:[], 119:[], 120:[], 121:[], 122:[], 123:[], 124:[], 125:[], 126:[], 127:[], 128:[], 129:[], 130:[], 131:[], 132:[], 133:[], 134:[], 135:[], 136:[], 137:[], 138:[], 139:[], 140:[], 141:[], 142:[], 143:[], 144:[], 145:[], 146:[], 147:[], 148:[], 149:[], 150:[], 151:[], 152:[], 153:[], 154:[], 155:[], 156:[], 157:[], 158:[], 159:[], 160:[], 161:[], 162:[], 163:[], 164:[], 165:[], 166:[], 167:[], 168:[], 169:[], 170:[], 171:[], 172:[], 173:[], 174:[], 175:[], 176:[], 177:[], 178:[], 179:[], 180:[], 181:[], 182:[], 183:[], 184:[], 185:[], 186:[], 187:[], 188:[], 189:[], 190:[], 191:[], 192:[], 193:[], 194:[], 195:[], 196:[], 197:[], 198:[], 199:[], 200:[], 201:[], 202:[], 203:[], 204:[], 205:[], 206:[], 207:[], 208:[], 209:[], 210:[], 211:[], 212:[], 213:[], 214:[], 215:[], 216:[], 217:[], 218:[], 219:[], 220:[], 221:[], 222:[], 223:[], 224:[], 225:[]",113517833652,134977710646
5419,2,50139.3718,55499137,829420642,6625555373,1366.7879,false,226,true,true,true,true,true,false,false,"0:[0, 1, 2, 3, 4, 5, 6, 7, 8, 9, 10, 11, 12, 13, 14, 15, 16, 17, 18, 19, 20, 21, 22, 23, 24, 25, 26, 27, 28, 29, 30, 31, 32, 33, 34, 35, 36, 37, 38, 39, 40, 41, 42, 43, 44, 45, 46, 47, 48, 49, 50, 51, 52, 53, 54, 55, 56, 57, 58, 59, 60, 61, 62, 63, 64, 65, 66, 67, 68, 69, 70, 71, 72, 73, 74, 75, 76, 77, 78, 79, 80, 81, 82, 83, 84, 85, 86, 87, 88, 89, 90, 91, 92, 93, 94, 95, 96, 97, 98, 99, 100, 101, 102, 103, 104, 105, 106, 107, 108, 109, 110, 111, 112, 113, 114, 115, 116, 117, 118, 119, 120, 121, 122, 123, 124, 125, 126, 127, 128, 129, 130, 131, 132, 133, 134, 135, 136, 137, 138, 139, 140, 141, 142, 143, 144, 145, 146, 147, 148, 149, 150, 151, 152, 153, 154, 155, 156, 157, 158, 159, 160, 161, 162, 163, 164, 165, 166, 167, 168, 169, 170, 171, 172, 173, 174, 175, 176, 177, 178, 179, 180, 181, 182, 183, 184, 185, 186, 187, 188, 189, 190, 191, 192, 193, 194, 195, 196, 197, 198, 199, 200, 201, 202, 203, 204, 205, 206, 207, 208, 209, 210, 211, 212, 213, 214, 215, 216, 217, 218, 219, 220, 221, 222, 223, 224, 225], 1:[], 2:[], 3:[], 4:[], 5:[], 6:[], 7:[], 8:[], 9:[], 10:[], 11:[], 12:[], 13:[], 14:[], 15:[], 16:[], 17:[], 18:[], 19:[], 20:[], 21:[], 22:[], 23:[], 24:[], 25:[], 26:[], 27:[], 28:[], 29:[], 30:[], 31:[], 32:[], 33:[], 34:[], 35:[], 36:[], 37:[], 38:[], 39:[], 40:[], 41:[], 42:[], 43:[], 44:[], 45:[], 46:[], 47:[], 48:[], 49:[], 50:[], 51:[], 52:[], 53:[], 54:[], 55:[], 56:[], 57:[], 58:[], 59:[], 60:[], 61:[], 62:[], 63:[], 64:[], 65:[], 66:[], 67:[], 68:[], 69:[], 70:[], 71:[], 72:[], 73:[], 74:[], 75:[], 76:[], 77:[], 78:[], 79:[], 80:[], 81:[], 82:[], 83:[], 84:[], 85:[], 86:[], 87:[], 88:[], 89:[], 90:[], 91:[], 92:[], 93:[], 94:[], 95:[], 96:[], 97:[], 98:[], 99:[], 100:[], 101:[], 102:[], 103:[], 104:[], 105:[], 106:[], 107:[], 108:[], 109:[], 110:[], 111:[], 112:[], 113:[], 114:[], 115:[], 116:[], 117:[], 118:[], 119:[], 120:[], 121:[], 122:[], 123:[], 124:[], 125:[], 126:[], 127:[], 128:[], 129:[], 130:[], 131:[], 132:[], 133:[], 134:[], 135:[], 136:[], 137:[], 138:[], 139:[], 140:[], 141:[], 142:[], 143:[], 144:[], 145:[], 146:[], 147:[], 148:[], 149:[], 150:[], 151:[], 152:[], 153:[], 154:[], 155:[], 156:[], 157:[], 158:[], 159:[], 160:[], 161:[], 162:[], 163:[], 164:[], 165:[], 166:[], 167:[], 168:[], 169:[], 170:[], 171:[], 172:[], 173:[], 174:[], 175:[], 176:[], 177:[], 178:[], 179:[], 180:[], 181:[], 182:[], 183:[], 184:[], 185:[], 186:[], 187:[], 188:[], 189:[], 190:[], 191:[], 192:[], 193:[], 194:[], 195:[], 196:[], 197:[], 198:[], 199:[], 200:[], 201:[], 202:[], 203:[], 204:[], 205:[], 206:[], 207:[], 208:[], 209:[], 210:[], 211:[], 212:[], 213:[], 214:[], 215:[], 216:[], 217:[], 218:[], 219:[], 220:[], 221:[], 222:[], 223:[], 224:[], 225:[]",113742981484,135304564822
5437,2,51304.9953,56053201,837712600,6691831377,1335.8864,false,227,true,true,true,true,true,false,false,"0:[0, 1, 2, 3, 4, 5, 6, 7, 8, 9, 10, 11, 12, 13, 14, 15, 16, 17, 18, 19, 20, 21, 22, 23, 24, 25, 26, 27, 28, 29, 30, 31, 32, 33, 34, 35, 36, 37, 38, 39, 40, 41, 42, 43, 44, 45, 46, 47, 48, 49, 50, 51, 52, 53, 54, 55, 56, 57, 58, 59, 60, 61, 62, 63, 64, 65, 66, 67, 68, 69, 70, 71, 72, 73, 74, 75, 76, 77, 78, 79, 80, 81, 82, 83, 84, 85, 86, 87, 88, 89, 90, 91, 92, 93, 94, 95, 96, 97, 98, 99, 100, 101, 102, 103, 104, 105, 106, 107, 108, 109, 110, 111, 112, 113, 114, 115, 116, 117, 118, 119, 120, 121, 122, 123, 124, 125, 126, 127, 128, 129, 130, 131, 132, 133, 134, 135, 136, 137, 138, 139, 140, 141, 142, 143, 144, 145, 146, 147, 148, 149, 150, 151, 152, 153, 154, 155, 156, 157, 158, 159, 160, 161, 162, 163, 164, 165, 166, 167, 168, 169, 170, 171, 172, 173, 174, 175, 176, 177, 178, 179, 180, 181, 182, 183, 184, 185, 186, 187, 188, 189, 190, 191, 192, 193, 194, 195, 196, 197, 198, 199, 200, 201, 202, 203, 204, 205, 206, 207, 208, 209, 210, 211, 212, 213, 214, 215, 216, 217, 218, 219, 220, 221, 222, 223, 224, 225, 226], 1:[], 2:[], 3:[], 4:[], 5:[], 6:[], 7:[], 8:[], 9:[], 10:[], 11:[], 12:[], 13:[], 14:[], 15:[], 16:[], 17:[], 18:[], 19:[], 20:[], 21:[], 22:[], 23:[], 24:[], 25:[], 26:[], 27:[], 28:[], 29:[], 30:[], 31:[], 32:[], 33:[], 34:[], 35:[], 36:[], 37:[], 38:[], 39:[], 40:[], 41:[], 42:[], 43:[], 44:[], 45:[], 46:[], 47:[], 48:[], 49:[], 50:[], 51:[], 52:[], 53:[], 54:[], 55:[], 56:[], 57:[], 58:[], 59:[], 60:[], 61:[], 62:[], 63:[], 64:[], 65:[], 66:[], 67:[], 68:[], 69:[], 70:[], 71:[], 72:[], 73:[], 74:[], 75:[], 76:[], 77:[], 78:[], 79:[], 80:[], 81:[], 82:[], 83:[], 84:[], 85:[], 86:[], 87:[], 88:[], 89:[], 90:[], 91:[], 92:[], 93:[], 94:[], 95:[], 96:[], 97:[], 98:[], 99:[], 100:[], 101:[], 102:[], 103:[], 104:[], 105:[], 106:[], 107:[], 108:[], 109:[], 110:[], 111:[], 112:[], 113:[], 114:[], 115:[], 116:[], 117:[], 118:[], 119:[], 120:[], 121:[], 122:[], 123:[], 124:[], 125:[], 126:[], 127:[], 128:[], 129:[], 130:[], 131:[], 132:[], 133:[], 134:[], 135:[], 136:[], 137:[], 138:[], 139:[], 140:[], 141:[], 142:[], 143:[], 144:[], 145:[], 146:[], 147:[], 148:[], 149:[], 150:[], 151:[], 152:[], 153:[], 154:[], 155:[], 156:[], 157:[], 158:[], 159:[], 160:[], 161:[], 162:[], 163:[], 164:[], 165:[], 166:[], 167:[], 168:[], 169:[], 170:[], 171:[], 172:[], 173:[], 174:[], 175:[], 176:[], 177:[], 178:[], 179:[], 180:[], 181:[], 182:[], 183:[], 184:[], 185:[], 186:[], 187:[], 188:[], 189:[], 190:[], 191:[], 192:[], 193:[], 194:[], 195:[], 196:[], 197:[], 198:[], 199:[], 200:[], 201:[], 202:[], 203:[], 204:[], 205:[], 206:[], 207:[], 208:[], 209:[], 210:[], 211:[], 212:[], 213:[], 214:[], 215:[], 216:[], 217:[], 218:[], 219:[], 220:[], 221:[], 222:[], 223:[], 224:[], 225:[], 226:[]",114421851916,136290280676
5431,3,54076.5646,55868105,834941550,6669678926,1320.3217,false,226,true,true,true,true,true,false,false,"0:[0, 1, 2, 3, 4, 5, 6, 7, 8, 9, 10, 11, 12, 13, 14, 15, 16, 17, 18, 19, 20, 21, 22, 23, 24, 25, 26, 27, 28, 29, 30, 31, 32, 33, 34, 35, 36, 37, 38, 39, 40, 41, 42, 43, 44, 45, 46, 47, 48, 49, 50, 51, 52, 53, 54, 55, 56, 57, 58, 59, 60, 61, 62, 63, 64, 65, 66, 67, 68, 69, 70, 71, 72, 73, 74, 75, 76, 77, 78, 79, 80, 81, 82, 83, 84, 85, 86, 87, 88, 89, 90, 91, 92, 93, 94, 95, 96, 97, 98, 99, 100, 101, 102, 103, 104, 105, 106, 107, 108, 109, 110, 111, 112, 113, 114, 115, 116, 117, 118, 119, 120, 121, 122, 123, 124, 125, 126, 127, 128, 129, 130, 131, 132, 133, 134, 135, 136, 137, 138, 139, 140, 141, 142, 143, 144, 145, 146, 147, 148, 149, 150, 151, 152, 153, 154, 155, 156, 157, 158, 159, 160, 161, 162, 163, 164, 165, 166, 167, 168, 169, 170, 171, 172, 173, 174, 175, 176, 177, 178, 179, 180, 181, 182, 183, 184, 185, 186, 187, 188, 189, 190, 191, 192, 193, 194, 195, 196, 197, 198, 199, 200, 201, 202, 203, 204, 205, 206, 207, 208, 209, 210, 211, 212, 213, 214, 215, 216, 217, 218, 219, 220, 221, 222, 223, 224, 225], 1:[], 2:[], 3:[], 4:[], 5:[], 6:[], 7:[], 8:[], 9:[], 10:[], 11:[], 12:[], 13:[], 14:[], 15:[], 16:[], 17:[], 18:[], 19:[], 20:[], 21:[], 22:[], 23:[], 24:[], 25:[], 26:[], 27:[], 28:[], 29:[], 30:[], 31:[], 32:[], 33:[], 34:[], 35:[], 36:[], 37:[], 38:[], 39:[], 40:[], 41:[], 42:[], 43:[], 44:[], 45:[], 46:[], 47:[], 48:[], 49:[], 50:[], 51:[], 52:[], 53:[], 54:[], 55:[], 56:[], 57:[], 58:[], 59:[], 60:[], 61:[], 62:[], 63:[], 64:[], 65:[], 66:[], 67:[], 68:[], 69:[], 70:[], 71:[], 72:[], 73:[], 74:[], 75:[], 76:[], 77:[], 78:[], 79:[], 80:[], 81:[], 82:[], 83:[], 84:[], 85:[], 86:[], 87:[], 88:[], 89:[], 90:[], 91:[], 92:[], 93:[], 94:[], 95:[], 96:[], 97:[], 98:[], 99:[], 100:[], 101:[], 102:[], 103:[], 104:[], 105:[], 106:[], 107:[], 108:[], 109:[], 110:[], 111:[], 112:[], 113:[], 114:[], 115:[], 116:[], 117:[], 118:[], 119:[], 120:[], 121:[], 122:[], 123:[], 124:[], 125:[], 126:[], 127:[], 128:[], 129:[], 130:[], 131:[], 132:[], 133:[], 134:[], 135:[], 136:[], 137:[], 138:[], 139:[], 140:[], 141:[], 142:[], 143:[], 144:[], 145:[], 146:[], 147:[], 148:[], 149:[], 150:[], 151:[], 152:[], 153:[], 154:[], 155:[], 156:[], 157:[], 158:[], 159:[], 160:[], 161:[], 162:[], 163:[], 164:[], 165:[], 166:[], 167:[], 168:[], 169:[], 170:[], 171:[], 172:[], 173:[], 174:[], 175:[], 176:[], 177:[], 178:[], 179:[], 180:[], 181:[], 182:[], 183:[], 184:[], 185:[], 186:[], 187:[], 188:[], 189:[], 190:[], 191:[], 192:[], 193:[], 194:[], 195:[], 196:[], 197:[], 198:[], 199:[], 200:[], 201:[], 202:[], 203:[], 204:[], 205:[], 206:[], 207:[], 208:[], 209:[], 210:[], 211:[], 212:[], 213:[], 214:[], 215:[], 216:[], 217:[], 218:[], 219:[], 220:[], 221:[], 222:[], 223:[], 224:[], 225:[]",114194985228,135960841266
5417,3,57700.4945,55437800,828504206,6618236540,1321.6906,false,225,true,true,true,true,true,false,false,"0:[0, 1, 2, 3, 4, 5, 6, 7, 8, 9, 10, 11, 12, 13, 14, 15, 16, 17, 18, 19, 20, 21, 22, 23, 24, 25, 26, 27, 28, 29, 30, 31, 32, 33, 34, 35, 36, 37, 38, 39, 40, 41, 42, 43, 44, 45, 46, 47, 48, 49, 50, 51, 52, 53, 54, 55, 56, 57, 58, 59, 60, 61, 62, 63, 64, 65, 66, 67, 68, 69, 70, 71, 72, 73, 74, 75, 76, 77, 78, 79, 80, 81, 82, 83, 84, 85, 86, 87, 88, 89, 90, 91, 92, 93, 94, 95, 96, 97, 98, 99, 100, 101, 102, 103, 104, 105, 106, 107, 108, 109, 110, 111, 112, 113, 114, 115, 116, 117, 118, 119, 120, 121, 122, 123, 124, 125, 126, 127, 128, 129, 130, 131, 132, 133, 134, 135, 136, 137, 138, 139, 140, 141, 142, 143, 144, 145, 146, 147, 148, 149, 150, 151, 152, 153, 154, 155, 156, 157, 158, 159, 160, 161, 162, 163, 164, 165, 166, 167, 168, 169, 170, 171, 172, 173, 174, 175, 176, 177, 178, 179, 180, 181, 182, 183, 184, 185, 186, 187, 188, 189, 190, 191, 192, 193, 194, 195, 196, 197, 198, 199, 200, 201, 202, 203, 204, 205, 206, 207, 208, 209, 210, 211, 212, 213, 214, 215, 216, 217, 218, 219, 220, 221, 222, 223, 224], 1:[], 2:[], 3:[], 4:[], 5:[], 6:[], 7:[], 8:[], 9:[], 10:[], 11:[], 12:[], 13:[], 14:[], 15:[], 16:[], 17:[], 18:[], 19:[], 20:[], 21:[], 22:[], 23:[], 24:[], 25:[], 26:[], 27:[], 28:[], 29:[], 30:[], 31:[], 32:[], 33:[], 34:[], 35:[], 36:[], 37:[], 38:[], 39:[], 40:[], 41:[], 42:[], 43:[], 44:[], 45:[], 46:[], 47:[], 48:[], 49:[], 50:[], 51:[], 52:[], 53:[], 54:[], 55:[], 56:[], 57:[], 58:[], 59:[], 60:[], 61:[], 62:[], 63:[], 64:[], 65:[], 66:[], 67:[], 68:[], 69:[], 70:[], 71:[], 72:[], 73:[], 74:[], 75:[], 76:[], 77:[], 78:[], 79:[], 80:[], 81:[], 82:[], 83:[], 84:[], 85:[], 86:[], 87:[], 88:[], 89:[], 90:[], 91:[], 92:[], 93:[], 94:[], 95:[], 96:[], 97:[], 98:[], 99:[], 100:[], 101:[], 102:[], 103:[], 104:[], 105:[], 106:[], 107:[], 108:[], 109:[], 110:[], 111:[], 112:[], 113:[], 114:[], 115:[], 116:[], 117:[], 118:[], 119:[], 120:[], 121:[], 122:[], 123:[], 124:[], 125:[], 126:[], 127:[], 128:[], 129:[], 130:[], 131:[], 132:[], 133:[], 134:[], 135:[], 136:[], 137:[], 138:[], 139:[], 140:[], 141:[], 142:[], 143:[], 144:[], 145:[], 146:[], 147:[], 148:[], 149:[], 150:[], 151:[], 152:[], 153:[], 154:[], 155:[], 156:[], 157:[], 158:[], 159:[], 160:[], 161:[], 162:[], 163:[], 164:[], 165:[], 166:[], 167:[], 168:[], 169:[], 170:[], 171:[], 172:[], 173:[], 174:[], 175:[], 176:[], 177:[], 178:[], 179:[], 180:[], 181:[], 182:[], 183:[], 184:[], 185:[], 186:[], 187:[], 188:[], 189:[], 190:[], 191:[], 192:[], 193:[], 194:[], 195:[], 196:[], 197:[], 198:[], 199:[], 200:[], 201:[], 202:[], 203:[], 204:[], 205:[], 206:[], 207:[], 208:[], 209:[], 210:[], 211:[], 212:[], 213:[], 214:[], 215:[], 216:[], 217:[], 218:[], 219:[], 220:[], 221:[], 222:[], 223:[], 224:[]",113667949168,135195667638
5407,3,60251.9326,55131796,823924097,6581626491,1328.7432,false,226,true,true,true,true,true,false,false,"0:[0, 1, 2, 3, 4, 5, 6, 7, 8, 9, 10, 11, 12, 13, 14, 15, 16, 17, 18, 19, 20, 21, 22, 23, 24, 25, 26, 27, 28, 29, 30, 31, 32, 33, 34, 35, 36, 37, 38, 39, 40, 41, 42, 43, 44, 45, 46, 47, 48, 49, 50, 51, 52, 53, 54, 55, 56, 57, 58, 59, 60, 61, 62, 63, 64, 65, 66, 67, 68, 69, 70, 71, 72, 73, 74, 75, 76, 77, 78, 79, 80, 81, 82, 83, 84, 85, 86, 87, 88, 89, 90, 91, 92, 93, 94, 95, 96, 97, 98, 99, 100, 101, 102, 103, 104, 105, 106, 107, 108, 109, 110, 111, 112, 113, 114, 115, 116, 117, 118, 119, 120, 121, 122, 123, 124, 125, 126, 127, 128, 129, 130, 131, 132, 133, 134, 135, 136, 137, 138, 139, 140, 141, 142, 143, 144, 145, 146, 147, 148, 149, 150, 151, 152, 153, 154, 155, 156, 157, 158, 159, 160, 161, 162, 163, 164, 165, 166, 167, 168, 169, 170, 171, 172, 173, 174, 175, 176, 177, 178, 179, 180, 181, 182, 183, 184, 185, 186, 187, 188, 189, 190, 191, 192, 193, 194, 195, 196, 197, 198, 199, 200, 201, 202, 203, 204, 205, 206, 207, 208, 209, 210, 211, 212, 213, 214, 215, 216, 217, 218, 219, 220, 221, 222, 223, 224, 225], 1:[], 2:[], 3:[], 4:[], 5:[], 6:[], 7:[], 8:[], 9:[], 10:[], 11:[], 12:[], 13:[], 14:[], 15:[], 16:[], 17:[], 18:[], 19:[], 20:[], 21:[], 22:[], 23:[], 24:[], 25:[], 26:[], 27:[], 28:[], 29:[], 30:[], 31:[], 32:[], 33:[], 34:[], 35:[], 36:[], 37:[], 38:[], 39:[], 40:[], 41:[], 42:[], 43:[], 44:[], 45:[], 46:[], 47:[], 48:[], 49:[], 50:[], 51:[], 52:[], 53:[], 54:[], 55:[], 56:[], 57:[], 58:[], 59:[], 60:[], 61:[], 62:[], 63:[], 64:[], 65:[], 66:[], 67:[], 68:[], 69:[], 70:[], 71:[], 72:[], 73:[], 74:[], 75:[], 76:[], 77:[], 78:[], 79:[], 80:[], 81:[], 82:[], 83:[], 84:[], 85:[], 86:[], 87:[], 88:[], 89:[], 90:[], 91:[], 92:[], 93:[], 94:[], 95:[], 96:[], 97:[], 98:[], 99:[], 100:[], 101:[], 102:[], 103:[], 104:[], 105:[], 106:[], 107:[], 108:[], 109:[], 110:[], 111:[], 112:[], 113:[], 114:[], 115:[], 116:[], 117:[], 118:[], 119:[], 120:[], 121:[], 122:[], 123:[], 124:[], 125:[], 126:[], 127:[], 128:[], 129:[], 130:[], 131:[], 132:[], 133:[], 134:[], 135:[], 136:[], 137:[], 138:[], 139:[], 140:[], 141:[], 142:[], 143:[], 144:[], 145:[], 146:[], 147:[], 148:[], 149:[], 150:[], 151:[], 152:[], 153:[], 154:[], 155:[], 156:[], 157:[], 158:[], 159:[], 160:[], 161:[], 162:[], 163:[], 164:[], 165:[], 166:[], 167:[], 168:[], 169:[], 170:[], 171:[], 172:[], 173:[], 174:[], 175:[], 176:[], 177:[], 178:[], 179:[], 180:[], 181:[], 182:[], 183:[], 184:[], 185:[], 186:[], 187:[], 188:[], 189:[], 190:[], 191:[], 192:[], 193:[], 194:[], 195:[], 196:[], 197:[], 198:[], 199:[], 200:[], 201:[], 202:[], 203:[], 204:[], 205:[], 206:[], 207:[], 208:[], 209:[], 210:[], 211:[], 212:[], 213:[], 214:[], 215:[], 216:[], 217:[], 218:[], 219:[], 220:[], 221:[], 222:[], 223:[], 224:[], 225:[]",113292972336,134651184021
5443,2,54592.2423,56238705,840487009,6713999508,1353.6090,false,226,true,true,true,true,true,false,false,"0:[0, 1, 2, 3, 4, 5, 6, 7, 8, 9, 10, 11, 12, 13, 14, 15, 16, 17, 18, 19, 20, 21, 22, 23, 24, 25, 26, 27, 28, 29, 30, 31, 32, 33, 34, 35, 36, 37, 38, 39, 40, 41, 42, 43, 44, 45, 46, 47, 48, 49, 50, 51, 52, 53, 54, 55, 56, 57, 58, 59, 60, 61, 62, 63, 64, 65, 66, 67, 68, 69, 70, 71, 72, 73, 74, 75, 76, 77, 78, 79, 80, 81, 82, 83, 84, 85, 86, 87, 88, 89, 90, 91, 92, 93, 94, 95, 96, 97, 98, 99, 100, 101, 102, 103, 104, 105, 106, 107, 108, 109, 110, 111, 112, 113, 114, 115, 116, 117, 118, 119, 120, 121, 122, 123, 124, 125, 126, 127, 128, 129, 130, 131, 132, 133, 134, 135, 136, 137, 138, 139, 140, 141, 142, 143, 144, 145, 146, 147, 148, 149, 150, 151, 152, 153, 154, 155, 156, 157, 158, 159, 160, 161, 162, 163, 164, 165, 166, 167, 168, 169, 170, 171, 172, 173, 174, 175, 176, 177, 178, 179, 180, 181, 182, 183, 184, 185, 186, 187, 188, 189, 190, 191, 192, 193, 194, 195, 196, 197, 198, 199, 200, 201, 202, 203, 204, 205, 206, 207, 208, 209, 210, 211, 212, 213, 214, 215, 216, 217, 218, 219, 220, 221, 222, 223, 224, 225], 1:[], 2:[], 3:[], 4:[], 5:[], 6:[], 7:[], 8:[], 9:[], 10:[], 11:[], 12:[], 13:[], 14:[], 15:[], 16:[], 17:[], 18:[], 19:[], 20:[], 21:[], 22:[], 23:[], 24:[], 25:[], 26:[], 27:[], 28:[], 29:[], 30:[], 31:[], 32:[], 33:[], 34:[], 35:[], 36:[], 37:[], 38:[], 39:[], 40:[], 41:[], 42:[], 43:[], 44:[], 45:[], 46:[], 47:[], 48:[], 49:[], 50:[], 51:[], 52:[], 53:[], 54:[], 55:[], 56:[], 57:[], 58:[], 59:[], 60:[], 61:[], 62:[], 63:[], 64:[], 65:[], 66:[], 67:[], 68:[], 69:[], 70:[], 71:[], 72:[], 73:[], 74:[], 75:[], 76:[], 77:[], 78:[], 79:[], 80:[], 81:[], 82:[], 83:[], 84:[], 85:[], 86:[], 87:[], 88:[], 89:[], 90:[], 91:[], 92:[], 93:[], 94:[], 95:[], 96:[], 97:[], 98:[], 99:[], 100:[], 101:[], 102:[], 103:[], 104:[], 105:[], 106:[], 107:[], 108:[], 109:[], 110:[], 111:[], 112:[], 113:[], 114:[], 115:[], 116:[], 117:[], 118:[], 119:[], 120:[], 121:[], 122:[], 123:[], 124:[], 125:[], 126:[], 127:[], 128:[], 129:[], 130:[], 131:[], 132:[], 133:[], 134:[], 135:[], 136:[], 137:[], 138:[], 139:[], 140:[], 141:[], 142:[], 143:[], 144:[], 145:[], 146:[], 147:[], 148:[], 149:[], 150:[], 151:[], 152:[], 153:[], 154:[], 155:[], 156:[], 157:[], 158:[], 159:[], 160:[], 161:[], 162:[], 163:[], 164:[], 165:[], 166:[], 167:[], 168:[], 169:[], 170:[], 171:[], 172:[], 173:[], 174:[], 175:[], 176:[], 177:[], 178:[], 179:[], 180:[], 181:[], 182:[], 183:[], 184:[], 185:[], 186:[], 187:[], 188:[], 189:[], 190:[], 191:[], 192:[], 193:[], 194:[], 195:[], 196:[], 197:[], 198:[], 199:[], 200:[], 201:[], 202:[], 203:[], 204:[], 205:[], 206:[], 207:[], 208:[], 209:[], 210:[], 211:[], 212:[], 213:[], 214:[], 215:[], 216:[], 217:[], 218:[], 219:[], 220:[], 221:[], 222:[], 223:[], 224:[], 225:[]",114648998748,136620036929
5441,3,59938.5156,56176825,839562377,6706614722,1392.5857,false,227,true,true,true,true,true,false,false,"0:[0, 1, 2, 3, 4, 5, 6, 7, 8, 9, 10, 11, 12, 13, 14, 15, 16, 17, 18, 19, 20, 21, 22, 23, 24, 25, 26, 27, 28, 29, 30, 31, 32, 33, 34, 35, 36, 37, 38, 39, 40, 41, 42, 43, 44, 45, 46, 47, 48, 49, 50, 51, 52, 53, 54, 55, 56, 57, 58, 59, 60, 61, 62, 63, 64, 65, 66, 67, 68, 69, 70, 71, 72, 73, 74, 75, 76, 77, 78, 79, 80, 81, 82, 83, 84, 85, 86, 87, 88, 89, 90, 91, 92, 93, 94, 95, 96, 97, 98, 99, 100, 101, 102, 103, 104, 105, 106, 107, 108, 109, 110, 111, 112, 113, 114, 115, 116, 117, 118, 119, 120, 121, 122, 123, 124, 125, 126, 127, 128, 129, 130, 131, 132, 133, 134, 135, 136, 137, 138, 139, 140, 141, 142, 143, 144, 145, 146, 147, 148, 149, 150, 151, 152, 153, 154, 155, 156, 157, 158, 159, 160, 161, 162, 163, 164, 165, 166, 167, 168, 169, 170, 171, 172, 173, 174, 175, 176, 177, 178, 179, 180, 181, 182, 183, 184, 185, 186, 187, 188, 189, 190, 191, 192, 193, 194, 195, 196, 197, 198, 199, 200, 201, 202, 203, 204, 205, 206, 207, 208, 209, 210, 211, 212, 213, 214, 215, 216, 217, 218, 219, 220, 221, 222, 223, 224, 225, 226], 1:[], 2:[], 3:[], 4:[], 5:[], 6:[], 7:[], 8:[], 9:[], 10:[], 11:[], 12:[], 13:[], 14:[], 15:[], 16:[], 17:[], 18:[], 19:[], 20:[], 21:[], 22:[], 23:[], 24:[], 25:[], 26:[], 27:[], 28:[], 29:[], 30:[], 31:[], 32:[], 33:[], 34:[], 35:[], 36:[], 37:[], 38:[], 39:[], 40:[], 41:[], 42:[], 43:[], 44:[], 45:[], 46:[], 47:[], 48:[], 49:[], 50:[], 51:[], 52:[], 53:[], 54:[], 55:[], 56:[], 57:[], 58:[], 59:[], 60:[], 61:[], 62:[], 63:[], 64:[], 65:[], 66:[], 67:[], 68:[], 69:[], 70:[], 71:[], 72:[], 73:[], 74:[], 75:[], 76:[], 77:[], 78:[], 79:[], 80:[], 81:[], 82:[], 83:[], 84:[], 85:[], 86:[], 87:[], 88:[], 89:[], 90:[], 91:[], 92:[], 93:[], 94:[], 95:[], 96:[], 97:[], 98:[], 99:[], 100:[], 101:[], 102:[], 103:[], 104:[], 105:[], 106:[], 107:[], 108:[], 109:[], 110:[], 111:[], 112:[], 113:[], 114:[], 115:[], 116:[], 117:[], 118:[], 119:[], 120:[], 121:[], 122:[], 123:[], 124:[], 125:[], 126:[], 127:[], 128:[], 129:[], 130:[], 131:[], 132:[], 133:[], 134:[], 135:[], 136:[], 137:[], 138:[], 139:[], 140:[], 141:[], 142:[], 143:[], 144:[], 145:[], 146:[], 147:[], 148:[], 149:[], 150:[], 151:[], 152:[], 153:[], 154:[], 155:[], 156:[], 157:[], 158:[], 159:[], 160:[], 161:[], 162:[], 163:[], 164:[], 165:[], 166:[], 167:[], 168:[], 169:[], 170:[], 171:[], 172:[], 173:[], 174:[], 175:[], 176:[], 177:[], 178:[], 179:[], 180:[], 181:[], 182:[], 183:[], 184:[], 185:[], 186:[], 187:[], 188:[], 189:[], 190:[], 191:[], 192:[], 193:[], 194:[], 195:[], 196:[], 197:[], 198:[], 199:[], 200:[], 201:[], 202:[], 203:[], 204:[], 205:[], 206:[], 207:[], 208:[], 209:[], 210:[], 211:[], 212:[], 213:[], 214:[], 215:[], 216:[], 217:[], 218:[], 219:[], 220:[], 221:[], 222:[], 223:[], 224:[], 225:[], 226:[]",114573295548,136510165449
5477,2,57982.3676,57297632,856333541,6840653219,1395.9520,false,229,true,true,true,true,true,false,false,"0:[0, 1, 2, 3, 4, 5, 6, 7, 8, 9, 10, 11, 12, 13, 14, 15, 16, 17, 18, 19, 20, 21, 22, 23, 24, 25, 26, 27, 28, 29, 30, 31, 32, 33, 34, 35, 36, 37, 38, 39, 40, 41, 42, 43, 44, 45, 46, 47, 48, 49, 50, 51, 52, 53, 54, 55, 56, 57, 58, 59, 60, 61, 62, 63, 64, 65, 66, 67, 68, 69, 70, 71, 72, 73, 74, 75, 76, 77, 78, 79, 80, 81, 82, 83, 84, 85, 86, 87, 88, 89, 90, 91, 92, 93, 94, 95, 96, 97, 98, 99, 100, 101, 102, 103, 104, 105, 106, 107, 108, 109, 110, 111, 112, 113, 114, 115, 116, 117, 118, 119, 120, 121, 122, 123, 124, 125, 126, 127, 128, 129, 130, 131, 132, 133, 134, 135, 136, 137, 138, 139, 140, 141, 142, 143, 144, 145, 146, 147, 148, 149, 150, 151, 152, 153, 154, 155, 156, 157, 158, 159, 160, 161, 162, 163, 164, 165, 166, 167, 168, 169, 170, 171, 172, 173, 174, 175, 176, 177, 178, 179, 180, 181, 182, 183, 184, 185, 186, 187, 188, 189, 190, 191, 192, 193, 194, 195, 196, 197, 198, 199, 200, 201, 202, 203, 204, 205, 206, 207, 208, 209, 210, 211, 212, 213, 214, 215, 216, 217, 218, 219, 220, 221, 222, 223, 224, 225, 226, 227, 228], 1:[], 2:[], 3:[], 4:[], 5:[], 6:[], 7:[], 8:[], 9:[], 10:[], 11:[], 12:[], 13:[], 14:[], 15:[], 16:[], 17:[], 18:[], 19:[], 20:[], 21:[], 22:[], 23:[], 24:[], 25:[], 26:[], 27:[], 28:[], 29:[], 30:[], 31:[], 32:[], 33:[], 34:[], 35:[], 36:[], 37:[], 38:[], 39:[], 40:[], 41:[], 42:[], 43:[], 44:[], 45:[], 46:[], 47:[], 48:[], 49:[], 50:[], 51:[], 52:[], 53:[], 54:[], 55:[], 56:[], 57:[], 58:[], 59:[], 60:[], 61:[], 62:[], 63:[], 64:[], 65:[], 66:[], 67:[], 68:[], 69:[], 70:[], 71:[], 72:[], 73:[], 74:[], 75:[], 76:[], 77:[], 78:[], 79:[], 80:[], 81:[], 82:[], 83:[], 84:[], 85:[], 86:[], 87:[], 88:[], 89:[], 90:[], 91:[], 92:[], 93:[], 94:[], 95:[], 96:[], 97:[], 98:[], 99:[], 100:[], 101:[], 102:[], 103:[], 104:[], 105:[], 106:[], 107:[], 108:[], 109:[], 110:[], 111:[], 112:[], 113:[], 114:[], 115:[], 116:[], 117:[], 118:[], 119:[], 120:[], 121:[], 122:[], 123:[], 124:[], 125:[], 126:[], 127:[], 128:[], 129:[], 130:[], 131:[], 132:[], 133:[], 134:[], 135:[], 136:[], 137:[], 138:[], 139:[], 140:[], 141:[], 142:[], 143:[], 144:[], 145:[], 146:[], 147:[], 148:[], 149:[], 150:[], 151:[], 152:[], 153:[], 154:[], 155:[], 156:[], 157:[], 158:[], 159:[], 160:[], 161:[], 162:[], 163:[], 164:[], 165:[], 166:[], 167:[], 168:[], 169:[], 170:[], 171:[], 172:[], 173:[], 174:[], 175:[], 176:[], 177:[], 178:[], 179:[], 180:[], 181:[], 182:[], 183:[], 184:[], 185:[], 186:[], 187:[], 188:[], 189:[], 190:[], 191:[], 192:[], 193:[], 194:[], 195:[], 196:[], 197:[], 198:[], 199:[], 200:[], 201:[], 202:[], 203:[], 204:[], 205:[], 206:[], 207:[], 208:[], 209:[], 210:[], 211:[], 212:[], 213:[], 214:[], 215:[], 216:[], 217:[], 218:[], 219:[], 220:[], 221:[], 222:[], 223:[], 224:[], 225:[], 226:[], 227:[], 228:[]",115946371264,138503773817
5471,7,59538.7554,57109805,853521608,6818174166,1378.3521,false,227,true,true,true,true,true,false,false,"0:[0, 1, 2, 3, 4, 5, 6, 7, 8, 9, 10, 11, 12, 13, 14, 15, 16, 17, 18, 19, 20, 21, 22, 23, 24, 25, 26, 27, 28, 29, 30, 31, 32, 33, 34, 35, 36, 37, 38, 39, 40, 41, 42, 43, 44, 45, 46, 47, 48, 49, 50, 51, 52, 53, 54, 55, 56, 57, 58, 59, 60, 61, 62, 63, 64, 65, 66, 67, 68, 69, 70, 71, 72, 73, 74, 75, 76, 77, 78, 79, 80, 81, 82, 83, 84, 85, 86, 87, 88, 89, 90, 91, 92, 93, 94, 95, 96, 97, 98, 99, 100, 101, 102, 103, 104, 105, 106, 107, 108, 109, 110, 111, 112, 113, 114, 115, 116, 117, 118, 119, 120, 121, 122, 123, 124, 125, 126, 127, 128, 129, 130, 131, 132, 133, 134, 135, 136, 137, 138, 139, 140, 141, 142, 143, 144, 145, 146, 147, 148, 149, 150, 151, 152, 153, 154, 155, 156, 157, 158, 159, 160, 161, 162, 163, 164, 165, 166, 167, 168, 169, 170, 171, 172, 173, 174, 175, 176, 177, 178, 179, 180, 181, 182, 183, 184, 185, 186, 187, 188, 189, 190, 191, 192, 193, 194, 195, 196, 197, 198, 199, 200, 201, 202, 203, 204, 205, 206, 207, 208, 209, 210, 211, 212, 213, 214, 215, 216, 217, 218, 219, 220, 221, 222, 223, 224, 225, 226], 1:[], 2:[], 3:[], 4:[], 5:[], 6:[], 7:[], 8:[], 9:[], 10:[], 11:[], 12:[], 13:[], 14:[], 15:[], 16:[], 17:[], 18:[], 19:[], 20:[], 21:[], 22:[], 23:[], 24:[], 25:[], 26:[], 27:[], 28:[], 29:[], 30:[], 31:[], 32:[], 33:[], 34:[], 35:[], 36:[], 37:[], 38:[], 39:[], 40:[], 41:[], 42:[], 43:[], 44:[], 45:[], 46:[], 47:[], 48:[], 49:[], 50:[], 51:[], 52:[], 53:[], 54:[], 55:[], 56:[], 57:[], 58:[], 59:[], 60:[], 61:[], 62:[], 63:[], 64:[], 65:[], 66:[], 67:[], 68:[], 69:[], 70:[], 71:[], 72:[], 73:[], 74:[], 75:[], 76:[], 77:[], 78:[], 79:[], 80:[], 81:[], 82:[], 83:[], 84:[], 85:[], 86:[], 87:[], 88:[], 89:[], 90:[], 91:[], 92:[], 93:[], 94:[], 95:[], 96:[], 97:[], 98:[], 99:[], 100:[], 101:[], 102:[], 103:[], 104:[], 105:[], 106:[], 107:[], 108:[], 109:[], 110:[], 111:[], 112:[], 113:[], 114:[], 115:[], 116:[], 117:[], 118:[], 119:[], 120:[], 121:[], 122:[], 123:[], 124:[], 125:[], 126:[], 127:[], 128:[], 129:[], 130:[], 131:[], 132:[], 133:[], 134:[], 135:[], 136:[], 137:[], 138:[], 139:[], 140:[], 141:[], 142:[], 143:[], 144:[], 145:[], 146:[], 147:[], 148:[], 149:[], 150:[], 151:[], 152:[], 153:[], 154:[], 155:[], 156:[], 157:[], 158:[], 159:[], 160:[], 161:[], 162:[], 163:[], 164:[], 165:[], 166:[], 167:[], 168:[], 169:[], 170:[], 171:[], 172:[], 173:[], 174:[], 175:[], 176:[], 177:[], 178:[], 179:[], 180:[], 181:[], 182:[], 183:[], 184:[], 185:[], 186:[], 187:[], 188:[], 189:[], 190:[], 191:[], 192:[], 193:[], 194:[], 195:[], 196:[], 197:[], 198:[], 199:[], 200:[], 201:[], 202:[], 203:[], 204:[], 205:[], 206:[], 207:[], 208:[], 209:[], 210:[], 211:[], 212:[], 213:[], 214:[], 215:[], 216:[], 217:[], 218:[], 219:[], 220:[], 221:[], 222:[], 223:[], 224:[], 225:[], 226:[]",115716157468,138169474692
5479,3,54776.8514,57360333,857270361,6848134786,1420.6185,false,228,true,true,true,true,true,false,false,"0:[0, 1, 2, 3, 4, 5, 6, 7, 8, 9, 10, 11, 12, 13, 14, 15, 16, 17, 18, 19, 20, 21, 22, 23, 24, 25, 26, 27, 28, 29, 30, 31, 32, 33, 34, 35, 36, 37, 38, 39, 40, 41, 42, 43, 44, 45, 46, 47, 48, 49, 50, 51, 52, 53, 54, 55, 56, 57, 58, 59, 60, 61, 62, 63, 64, 65, 66, 67, 68, 69, 70, 71, 72, 73, 74, 75, 76, 77, 78, 79, 80, 81, 82, 83, 84, 85, 86, 87, 88, 89, 90, 91, 92, 93, 94, 95, 96, 97, 98, 99, 100, 101, 102, 103, 104, 105, 106, 107, 108, 109, 110, 111, 112, 113, 114, 115, 116, 117, 118, 119, 120, 121, 122, 123, 124, 125, 126, 127, 128, 129, 130, 131, 132, 133, 134, 135, 136, 137, 138, 139, 140, 141, 142, 143, 144, 145, 146, 147, 148, 149, 150, 151, 152, 153, 154, 155, 156, 157, 158, 159, 160, 161, 162, 163, 164, 165, 166, 167, 168, 169, 170, 171, 172, 173, 174, 175, 176, 177, 178, 179, 180, 181, 182, 183, 184, 185, 186, 187, 188, 189, 190, 191, 192, 193, 194, 195, 196, 197, 198, 199, 200, 201, 202, 203, 204, 205, 206, 207, 208, 209, 210, 211, 212, 213, 214, 215, 216, 217, 218, 219, 220, 221, 222, 223, 224, 225, 226, 227], 1:[], 2:[], 3:[], 4:[], 5:[], 6:[], 7:[], 8:[], 9:[], 10:[], 11:[], 12:[], 13:[], 14:[], 15:[], 16:[], 17:[], 18:[], 19:[], 20:[], 21:[], 22:[], 23:[], 24:[], 25:[], 26:[], 27:[], 28:[], 29:[], 30:[], 31:[], 32:[], 33:[], 34:[], 35:[], 36:[], 37:[], 38:[], 39:[], 40:[], 41:[], 42:[], 43:[], 44:[], 45:[], 46:[], 47:[], 48:[], 49:[], 50:[], 51:[], 52:[], 53:[], 54:[], 55:[], 56:[], 57:[], 58:[], 59:[], 60:[], 61:[], 62:[], 63:[], 64:[], 65:[], 66:[], 67:[], 68:[], 69:[], 70:[], 71:[], 72:[], 73:[], 74:[], 75:[], 76:[], 77:[], 78:[], 79:[], 80:[], 81:[], 82:[], 83:[], 84:[], 85:[], 86:[], 87:[], 88:[], 89:[], 90:[], 91:[], 92:[], 93:[], 94:[], 95:[], 96:[], 97:[], 98:[], 99:[], 100:[], 101:[], 102:[], 103:[], 104:[], 105:[], 106:[], 107:[], 108:[], 109:[], 110:[], 111:[], 112:[], 113:[], 114:[], 115:[], 116:[], 117:[], 118:[], 119:[], 120:[], 121:[], 122:[], 123:[], 124:[], 125:[], 126:[], 127:[], 128:[], 129:[], 130:[], 131:[], 132:[], 133:[], 134:[], 135:[], 136:[], 137:[], 138:[], 139:[], 140:[], 141:[], 142:[], 143:[], 144:[], 145:[], 146:[], 147:[], 148:[], 149:[], 150:[], 151:[], 152:[], 153:[], 154:[], 155:[], 156:[], 157:[], 158:[], 159:[], 160:[], 161:[], 162:[], 163:[], 164:[], 165:[], 166:[], 167:[], 168:[], 169:[], 170:[], 171:[], 172:[], 173:[], 174:[], 175:[], 176:[], 177:[], 178:[], 179:[], 180:[], 181:[], 182:[], 183:[], 184:[], 185:[], 186:[], 187:[], 188:[], 189:[], 190:[], 191:[], 192:[], 193:[], 194:[], 195:[], 196:[], 197:[], 198:[], 199:[], 200:[], 201:[], 202:[], 203:[], 204:[], 205:[], 206:[], 207:[], 208:[], 209:[], 210:[], 211:[], 212:[], 213:[], 214:[], 215:[], 216:[], 217:[], 218:[], 219:[], 220:[], 221:[], 222:[], 223:[], 224:[], 225:[], 226:[], 227:[]",116023072492,138615093129
5449,7,63350.7646,56424619,843270164,6736247745,1354.1289,false,228,true,true,true,true,true,false,false,"0:[0, 1, 2, 3, 4, 5, 6, 7, 8, 9, 10, 11, 12, 13, 14, 15, 16, 17, 18, 19, 20, 21, 22, 23, 24, 25, 26, 27, 28, 29, 30, 31, 32, 33, 34, 35, 36, 37, 38, 39, 40, 41, 42, 43, 44, 45, 46, 47, 48, 49, 50, 51, 52, 53, 54, 55, 56, 57, 58, 59, 60, 61, 62, 63, 64, 65, 66, 67, 68, 69, 70, 71, 72, 73, 74, 75, 76, 77, 78, 79, 80, 81, 82, 83, 84, 85, 86, 87, 88, 89, 90, 91, 92, 93, 94, 95, 96, 97, 98, 99, 100, 101, 102, 103, 104, 105, 106, 107, 108, 109, 110, 111, 112, 113, 114, 115, 116, 117, 118, 119, 120, 121, 122, 123, 124, 125, 126, 127, 128, 129, 130, 131, 132, 133, 134, 135, 136, 137, 138, 139, 140, 141, 142, 143, 144, 145, 146, 147, 148, 149, 150, 151, 152, 153, 154, 155, 156, 157, 158, 159, 160, 161, 162, 163, 164, 165, 166, 167, 168, 169, 170, 171, 172, 173, 174, 175, 176, 177, 178, 179, 180, 181, 182, 183, 184, 185, 186, 187, 188, 189, 190, 191, 192, 193, 194, 195, 196, 197, 198, 199, 200, 201, 202, 203, 204, 205, 206, 207, 208, 209, 210, 211, 212, 213, 214, 215, 216, 217, 218, 219, 220, 221, 222, 223, 224, 225, 226, 227], 1:[], 2:[], 3:[], 4:[], 5:[], 6:[], 7:[], 8:[], 9:[], 10:[], 11:[], 12:[], 13:[], 14:[], 15:[], 16:[], 17:[], 18:[], 19:[], 20:[], 21:[], 22:[], 23:[], 24:[], 25:[], 26:[], 27:[], 28:[], 29:[], 30:[], 31:[], 32:[], 33:[], 34:[], 35:[], 36:[], 37:[], 38:[], 39:[], 40:[], 41:[], 42:[], 43:[], 44:[], 45:[], 46:[], 47:[], 48:[], 49:[], 50:[], 51:[], 52:[], 53:[], 54:[], 55:[], 56:[], 57:[], 58:[], 59:[], 60:[], 61:[], 62:[], 63:[], 64:[], 65:[], 66:[], 67:[], 68:[], 69:[], 70:[], 71:[], 72:[], 73:[], 74:[], 75:[], 76:[], 77:[], 78:[], 79:[], 80:[], 81:[], 82:[], 83:[], 84:[], 85:[], 86:[], 87:[], 88:[], 89:[], 90:[], 91:[], 92:[], 93:[], 94:[], 95:[], 96:[], 97:[], 98:[], 99:[], 100:[], 101:[], 102:[], 103:[], 104:[], 105:[], 106:[], 107:[], 108:[], 109:[], 110:[], 111:[], 112:[], 113:[], 114:[], 115:[], 116:[], 117:[], 118:[], 119:[], 120:[], 121:[], 122:[], 123:[], 124:[], 125:[], 126:[], 127:[], 128:[], 129:[], 130:[], 131:[], 132:[], 133:[], 134:[], 135:[], 136:[], 137:[], 138:[], 139:[], 140:[], 141:[], 142:[], 143:[], 144:[], 145:[], 146:[], 147:[], 148:[], 149:[], 150:[], 151:[], 152:[], 153:[], 154:[], 155:[], 156:[], 157:[], 158:[], 159:[], 160:[], 161:[], 162:[], 163:[], 164:[], 165:[], 166:[], 167:[], 168:[], 169:[], 170:[], 171:[], 172:[], 173:[], 174:[], 175:[], 176:[], 177:[], 178:[], 179:[], 180:[], 181:[], 182:[], 183:[], 184:[], 185:[], 186:[], 187:[], 188:[], 189:[], 190:[], 191:[], 192:[], 193:[], 194:[], 195:[], 196:[], 197:[], 198:[], 199:[], 200:[], 201:[], 202:[], 203:[], 204:[], 205:[], 206:[], 207:[], 208:[], 209:[], 210:[], 211:[], 212:[], 213:[], 214:[], 215:[], 216:[], 217:[], 218:[], 219:[], 220:[], 221:[], 222:[], 223:[], 224:[], 225:[], 226:[], 227:[]",114876856740,136950914216
5483,2,50444.7063,57485870,859148886,6863148604,1377.2351,false,228,true,true,true,true,true,false,false,"0:[0, 1, 2, 3, 4, 5, 6, 7, 8, 9, 10, 11, 12, 13, 14, 15, 16, 17, 18, 19, 20, 21, 22, 23, 24, 25, 26, 27, 28, 29, 30, 31, 32, 33, 34, 35, 36, 37, 38, 39, 40, 41, 42, 43, 44, 45, 46, 47, 48, 49, 50, 51, 52, 53, 54, 55, 56, 57, 58, 59, 60, 61, 62, 63, 64, 65, 66, 67, 68, 69, 70, 71, 72, 73, 74, 75, 76, 77, 78, 79, 80, 81, 82, 83, 84, 85, 86, 87, 88, 89, 90, 91, 92, 93, 94, 95, 96, 97, 98, 99, 100, 101, 102, 103, 104, 105, 106, 107, 108, 109, 110, 111, 112, 113, 114, 115, 116, 117, 118, 119, 120, 121, 122, 123, 124, 125, 126, 127, 128, 129, 130, 131, 132, 133, 134, 135, 136, 137, 138, 139, 140, 141, 142, 143, 144, 145, 146, 147, 148, 149, 150, 151, 152, 153, 154, 155, 156, 157, 158, 159, 160, 161, 162, 163, 164, 165, 166, 167, 168, 169, 170, 171, 172, 173, 174, 175, 176, 177, 178, 179, 180, 181, 182, 183, 184, 185, 186, 187, 188, 189, 190, 191, 192, 193, 194, 195, 196, 197, 198, 199, 200, 201, 202, 203, 204, 205, 206, 207, 208, 209, 210, 211, 212, 213, 214, 215, 216, 217, 218, 219, 220, 221, 222, 223, 224, 225, 226, 227], 1:[], 2:[], 3:[], 4:[], 5:[], 6:[], 7:[], 8:[], 9:[], 10:[], 11:[], 12:[], 13:[], 14:[], 15:[], 16:[], 17:[], 18:[], 19:[], 20:[], 21:[], 22:[], 23:[], 24:[], 25:[], 26:[], 27:[], 28:[], 29:[], 30:[], 31:[], 32:[], 33:[], 34:[], 35:[], 36:[], 37:[], 38:[], 39:[], 40:[], 41:[], 42:[], 43:[], 44:[], 45:[], 46:[], 47:[], 48:[], 49:[], 50:[], 51:[], 52:[], 53:[], 54:[], 55:[], 56:[], 57:[], 58:[], 59:[], 60:[], 61:[], 62:[], 63:[], 64:[], 65:[], 66:[], 67:[], 68:[], 69:[], 70:[], 71:[], 72:[], 73:[], 74:[], 75:[], 76:[], 77:[], 78:[], 79:[], 80:[], 81:[], 82:[], 83:[], 84:[], 85:[], 86:[], 87:[], 88:[], 89:[], 90:[], 91:[], 92:[], 93:[], 94:[], 95:[], 96:[], 97:[], 98:[], 99:[], 100:[], 101:[], 102:[], 103:[], 104:[], 105:[], 106:[], 107:[], 108:[], 109:[], 110:[], 111:[], 112:[], 113:[], 114:[], 115:[], 116:[], 117:[], 118:[], 119:[], 120:[], 121:[], 122:[], 123:[], 124:[], 125:[], 126:[], 127:[], 128:[], 129:[], 130:[], 131:[], 132:[], 133:[], 134:[], 135:[], 136:[], 137:[], 138:[], 139:[], 140:[], 141:[], 142:[], 143:[], 144:[], 145:[], 146:[], 147:[], 148:[], 149:[], 150:[], 151:[], 152:[], 153:[], 154:[], 155:[], 156:[], 157:[], 158:[], 159:[], 160:[], 161:[], 162:[], 163:[], 164:[], 165:[], 166:[], 167:[], 168:[], 169:[], 170:[], 171:[], 172:[], 173:[], 174:[], 175:[], 176:[], 177:[], 178:[], 179:[], 180:[], 181:[], 182:[], 183:[], 184:[], 185:[], 186:[], 187:[], 188:[], 189:[], 190:[], 191:[], 192:[], 193:[], 194:[], 195:[], 196:[], 197:[], 198:[], 199:[], 200:[], 201:[], 202:[], 203:[], 204:[], 205:[], 206:[], 207:[], 208:[], 209:[], 210:[], 211:[], 212:[], 213:[], 214:[], 215:[], 216:[], 217:[], 218:[], 219:[], 220:[], 221:[], 222:[], 223:[], 224:[], 225:[], 226:[], 227:[]",116176869528,138838395878
