p,d,construction_time_sec,variety_count,vertex_count,edge_count,connectivity_check_time_sec,is_strongly_connected,scc_count,are_all_jacobians_connected_via_main_scc,are_all_variety_pairs_connected_via_good_paths,are_all_minor_sccs_size_1,are_all_minor_nodes_self_isogenies,all_minor_sccs_have_preds_from_main,any_minor_sccs_have_succs_to_main,exists_minor_to_minor_edge,condensed_graph,construction_peak_bytes,connectivity_check_peak_bytes
7,3,0.0013,2,4,7,0.0000,false,2,true,true,true,true,true,false,true,"0:[0, 1], 1:[1]",3264,1044
11,2,0.0036,5,17,45,0.0000,true,1,true,true,true,true,true,false,false,0:[0],6788,3001
13,2,0.0030,4,14,35,0.0000,true,1,true,true,true,true,true,false,false,0:[0],6520,2334
17,3,0.0048,8,36,115,0.0004,false,2,true,true,true,false,false,true,false,"0:[1], 1:[1]",13504,5908
19,2,0.0054,10,52,196,0.0000,true,1,true,true,true,true,true,false,false,0:[0],15544,8124
23,5,0.0129,16,92,380,0.0003,false,3,true,true,true,false,false,true,false,"0:[2], 1:[2], 2:[2]",28432,13820
29,2,0.0181,24,169,774,0.0000,true,1,true,true,true,true,true,false,false,0:[0],36224,25645
31,3,0.0302,26,205,1047,0.0000,true,1,true,true,true,true,true,false,false,0:[0],39160,31929
37,2,0.0361,37,341,1918,0.0001,false,2,true,true,true,true,true,false,true,"0:[0, 1], 1:[1]",72204,57173
41,3,0.0357,50,439,2419,0.0001,false,2,true,true,true,true,true,false,true,"0:[0, 1], 1:[1]",80408,68011
43,2,0.0507,55,531,3128,0.0001,false,2,true,true,true,true,true,false,true,"0:[0, 1], 1:[1]",87908,87171
47,5,0.0728,72,693,4258,0.0001,true,1,true,true,true,true,true,false,false,0:[0],145056,115945
53,2,0.0975,93,996,6506,0.0002,true,1,true,true,true,true,true,false,false,0:[0],169884,152528
59,2,0.0843,125,1287,8213,0.0003,false,3,true,true,true,true,true,false,true,"0:[0, 1, 2], 1:[], 2:[2]",270220,222159
61,2,0.1163,128,1457,9806,0.0003,true,1,true,true,true,true,true,false,false,0:[0],283904,244181
67,2,0.1193,166,1910,13025,0.0004,false,2,true,true,true,true,true,false,false,"0:[0, 1], 1:[]",332472,296646
71,7,0.1804,198,2246,15315,0.0005,false,2,true,true,true,true,true,false,false,"0:[0, 1], 1:[]",360248,367862
73,5,0.1725,204,2406,16561,0.0006,false,3,true,true,true,true,true,false,false,"0:[0, 1, 2], 1:[], 2:[]",373216,388190
79,3,0.1986,256,3091,21840,0.0007,false,3,true,true,true,true,true,false,false,"0:[0, 1, 2], 1:[], 2:[]",581792,510047
83,2,0.2169,296,3516,24676,0.0008,true,1,true,true,true,true,true,false,false,0:[0],639440,559036
89,3,0.3424,352,4281,30394,0.0010,false,2,true,true,true,true,true,false,true,"0:[0, 1], 1:[1]",702208,715453
97,5,0.4369,436,5497,39723,0.0014,false,4,true,true,true,true,true,false,false,"0:[0, 1, 2, 3], 1:[], 2:[], 3:[]",801840,925709
101,2,0.4136,493,6164,44461,0.0015,false,4,true,true,true,true,true,false,false,"0:[0, 1, 2, 3], 1:[], 2:[], 3:[]",1161436,1021088
103,3,0.4756,518,6504,46926,0.0016,false,4,true,true,true,true,true,false,false,"0:[0, 1, 2, 3], 1:[], 2:[], 3:[]",1189336,1060832
107,2,0.4947,581,7368,53846,0.0018,false,3,true,true,true,true,true,false,false,"0:[0, 1, 2], 1:[], 2:[]",1260220,1162244
109,2,0.4495,600,7796,57603,0.0018,false,3,true,true,true,true,true,false,false,"0:[0, 1, 2], 1:[], 2:[]",1340048,1215764
113,3,0.5624,668,8657,64046,0.0021,false,4,true,true,true,true,true,false,false,"0:[0, 1, 2, 3], 1:[], 2:[], 3:[]",1410832,1447653
127,3,0.8667,918,12043,89460,0.0030,false,6,true,true,true,true,true,false,false,"0:[0, 1, 2, 3, 4, 5], 1:[], 2:[], 3:[], 4:[], 5:[]",1724552,2014271
131,2,0.7419,1008,13102,96954,0.0033,false,5,true,true,true,true,true,false,false,"0:[0, 1, 2, 3, 4], 1:[], 2:[], 3:[], 4:[]",2385232,2137238
137,3,1.1355,1134,15078,113136,0.0039,false,5,true,true,true,true,true,false,false,"0:[0, 1, 2, 3, 4], 1:[], 2:[], 3:[], 4:[]",2636952,2373558
139,2,0.8744,1179,15673,117440,0.0039,false,6,true,true,true,true,true,false,false,"0:[0, 1, 2, 3, 4, 5], 1:[], 2:[], 3:[], 4:[], 5:[]",2685812,2443601
149,2,1.0780,1433,19159,144115,0.0050,false,5,true,true,true,true,true,false,false,"0:[0, 1, 2, 3, 4], 1:[], 2:[], 3:[], 4:[]",2971804,3118127
151,3,1.2094,1484,19957,150514,0.0052,false,6,true,true,true,true,true,false,false,"0:[0, 1, 2, 3, 4, 5], 1:[], 2:[], 3:[], 4:[], 5:[]",3037072,3474905
157,2,1.2579,1648,22269,168194,0.0059,false,7,true,true,true,true,true,false,false,"0:[0, 1, 2, 3, 4, 5, 6], 1:[], 2:[], 3:[], 4:[], 5:[], 6:[]",3226624,3750289
163,2,1.3578,1838,24882,188350,0.0065,false,6,true,true,true,true,true,false,false,"0:[0, 1, 2, 3, 4, 5], 1:[], 2:[], 3:[], 4:[], 5:[]",3512664,4129778
167,5,1.6205,1978,26737,202631,0.0070,false,7,true,true,true,true,true,false,false,"0:[0, 1, 2, 3, 4, 5, 6], 1:[], 2:[], 3:[], 4:[], 5:[], 6:[]",4811864,4347309
173,2,1.6952,2176,29650,225532,0.0079,false,8,true,true,true,true,true,false,false,"0:[0, 1, 2, 3, 4, 5, 6, 7], 1:[], 2:[], 3:[], 4:[], 5:[], 6:[], 7:[]",5050448,4694794
179,2,1.7926,2404,32676,248253,0.0086,false,7,true,true,true,true,true,false,false,"0:[0, 1, 2, 3, 4, 5, 6], 1:[], 2:[], 3:[], 4:[], 5:[], 6:[]",5479136,5050164
181,2,2.1710,2461,33817,258080,0.0091,false,7,true,true,true,true,true,false,false,"0:[0, 1, 2, 3, 4, 5, 6], 1:[], 2:[], 3:[], 4:[], 5:[], 6:[]",5572012,5714377
191,7,2.4056,2886,39509,301356,0.0109,false,7,true,true,true,true,true,false,false,"0:[0, 1, 2, 3, 4, 5, 6], 1:[], 2:[], 3:[], 4:[], 5:[], 6:[]",6039272,6908241
193,5,2.7750,2952,40769,312009,0.0111,false,8,true,true,true,true,true,false,false,"0:[0, 1, 2, 3, 4, 5, 6, 7], 1:[], 2:[], 3:[], 4:[], 5:[], 6:[], 7:[]",6141920,7062661
197,2,2.3910,3141,43409,332933,0.0122,false,8,true,true,true,true,true,false,false,"0:[0, 1, 2, 3, 4, 5, 6, 7], 1:[], 2:[], 3:[], 4:[], 5:[], 6:[], 7:[]",6358412,7373441
199,3,3.1236,3230,44578,341226,0.0124,false,8,true,true,true,true,true,false,false,"0:[0, 1, 2, 3, 4, 5, 6, 7], 1:[], 2:[], 3:[], 4:[], 5:[], 6:[], 7:[]",6454424,7510978
211,2,2.8726,3814,53007,407468,0.0144,false,9,true,true,true,true,true,false,false,"0:[0, 1, 2, 3, 4, 5, 6, 7, 8], 1:[], 2:[], 3:[], 4:[], 5:[], 6:[], 7:[], 8:[]",7288456,8653715
223,3,4.4352,4466,62138,477683,0.0174,false,10,true,true,true,true,true,false,false,"0:[0, 1, 2, 3, 4, 5, 6, 7, 8, 9], 1:[], 2:[], 3:[], 4:[], 5:[], 6:[], 7:[], 8:[], 9:[]",10330952,9735754
227,2,3.6886,4712,65556,504447,0.0188,false,8,true,true,true,true,true,false,false,"0:[0, 1, 2, 3, 4, 5, 6, 7], 1:[], 2:[], 3:[], 4:[], 5:[], 6:[], 7:[]",10971728,11186452
229,2,3.7367,4809,67320,519348,0.0197,false,9,true,true,true,true,true,false,false,"0:[0, 1, 2, 3, 4, 5, 6, 7, 8], 1:[], 2:[], 3:[], 4:[], 5:[], 6:[], 7:[], 8:[]",11115564,11402180
233,3,5.1579,5066,70900,547369,0.0205,false,9,true,true,true,true,true,false,false,"0:[0, 1, 2, 3, 4, 5, 6, 7, 8], 1:[], 2:[], 3:[], 4:[], 5:[], 6:[], 7:[], 8:[]",11409160,11823980
239,7,5.3249,5460,76234,587785,0.0233,false,9,true,true,true,true,true,false,false,"0:[0, 1, 2, 3, 4, 5, 6, 7, 8], 1:[], 2:[], 3:[], 4:[], 5:[], 6:[], 7:[], 8:[]",11846912,13501394
241,7,5.2649,5566,78192,604329,0.0231,false,11,true,true,true,true,true,false,false,"0:[0, 1, 2, 3, 4, 5, 6, 7, 8, 9, 10], 1:[], 2:[], 3:[], 4:[], 5:[], 6:[], 7:[], 8:[], 9:[], 10:[]",12006520,13739816
251,2,5.4623,6281,87917,678486,0.0257,false,10,true,true,true,true,true,false,false,"0:[0, 1, 2, 3, 4, 5, 6, 7, 8, 9], 1:[], 2:[], 3:[], 4:[], 5:[], 6:[], 7:[], 8:[], 9:[]",12804540,14885693
257,3,6.1100,6710,94408,730657,0.0287,false,9,true,true,true,true,true,false,false,"0:[0, 1, 2, 3, 4, 5, 6, 7, 8], 1:[], 2:[], 3:[], 4:[], 5:[], 6:[], 7:[], 8:[]",13335832,15659552
263,5,5.9262,7182,101107,783146,0.0347,false,11,true,true,true,true,true,false,false,"0:[0, 1, 2, 3, 4, 5, 6, 7, 8, 9, 10], 1:[], 2:[], 3:[], 4:[], 5:[], 6:[], 7:[], 8:[], 9:[], 10:[]",14171688,16737287
269,2,5.8703,7652,107849,835317,0.0358,false,10,true,true,true,true,true,false,false,"0:[0, 1, 2, 3, 4, 5, 6, 7, 8, 9], 1:[], 2:[], 3:[], 4:[], 5:[], 6:[], 7:[], 8:[], 9:[]",19311728,17540125
271,3,6.6251,7812,110364,855898,0.0337,false,11,true,true,true,true,true,false,false,"0:[0, 1, 2, 3, 4, 5, 6, 7, 8, 9, 10], 1:[], 2:[], 3:[], 4:[], 5:[], 6:[], 7:[], 8:[], 9:[], 10:[]",19517408,17838412
277,2,6.4465,8309,117684,913588,0.0375,false,12,true,true,true,true,true,false,false,"0:[0, 1, 2, 3, 4, 5, 6, 7, 8, 9, 10, 11], 1:[], 2:[], 3:[], 4:[], 5:[], 6:[], 7:[], 8:[], 9:[], 10:[], 11:[]",20116924,18710400
281,3,8.9141,8676,122704,952152,0.0395,false,12,true,true,true,true,true,false,false,"0:[0, 1, 2, 3, 4, 5, 6, 7, 8, 9, 10, 11], 1:[], 2:[], 3:[], 4:[], 5:[], 6:[], 7:[], 8:[], 9:[], 10:[], 11:[]",20528800,19302128
283,2,6.6928,8851,125225,971625,0.0387,false,11,true,true,true,true,true,false,false,"0:[0, 1, 2, 3, 4, 5, 6, 7, 8, 9, 10], 1:[], 2:[], 3:[], 4:[], 5:[], 6:[], 7:[], 8:[], 9:[], 10:[]",20735380,19600545
293,2,7.5364,9789,138883,1079763,0.0471,false,12,true,true,true,true,true,false,false,"0:[0, 1, 2, 3, 4, 5, 6, 7, 8, 9, 10, 11], 1:[], 2:[], 3:[], 4:[], 5:[], 6:[], 7:[], 8:[], 9:[], 10:[], 11:[]",22575180,23318843
307,2,8.5017,11198,159169,1238107,0.0578,false,12,true,true,true,true,true,false,false,"0:[0, 1, 2, 3, 4, 5, 6, 7, 8, 9, 10, 11], 1:[], 2:[], 3:[], 4:[], 5:[], 6:[], 7:[], 8:[], 9:[], 10:[], 11:[]",24237512,27821645
311,11,10.0516,11644,165319,1285642,0.0597,false,12,true,true,true,true,true,false,false,"0:[0, 1, 2, 3, 4, 5, 6, 7, 8, 9, 10, 11], 1:[], 2:[], 3:[], 4:[], 5:[], 6:[], 7:[], 8:[], 9:[], 10:[], 11:[]",24742000,28547219
313,5,12.6724,11830,168520,1312050,0.0610,false,13,true,true,true,true,true,false,false,"0:[0, 1, 2, 3, 4, 5, 6, 7, 8, 9, 10, 11, 12], 1:[], 2:[], 3:[], 4:[], 5:[], 6:[], 7:[], 8:[], 9:[], 10:[], 11:[], 12:[]",25003288,28934816
317,2,9.6376,12292,175261,1366394,0.0681,false,14,true,true,true,true,true,false,false,"0:[0, 1, 2, 3, 4, 5, 6, 7, 8, 9, 10, 11, 12, 13], 1:[], 2:[], 3:[], 4:[], 5:[], 6:[], 7:[], 8:[], 9:[], 10:[], 11:[], 12:[], 13:[]",25555504,29731937
331,2,10.6933,13927,199017,1552946,0.0813,false,14,true,true,true,true,true,false,false,"0:[0, 1, 2, 3, 4, 5, 6, 7, 8, 9, 10, 11, 12, 13], 1:[], 2:[], 3:[], 4:[], 5:[], 6:[], 7:[], 8:[], 9:[], 10:[], 11:[], 12:[], 13:[]",27501764,32549585
337,5,13.5483,14658,209732,1637179,0.0986,false,14,true,true,true,true,true,false,false,"0:[0, 1, 2, 3, 4, 5, 6, 7, 8, 9, 10, 11, 12, 13], 1:[], 2:[], 3:[], 4:[], 5:[], 6:[], 7:[], 8:[], 9:[], 10:[], 11:[], 12:[], 13:[]",28952872,34399068
347,2,14.4792,15993,228747,1786360,0.1023,false,14,true,true,true,true,true,false,false,"0:[0, 1, 2, 3, 4, 5, 6, 7, 8, 9, 10, 11, 12, 13], 1:[], 2:[], 3:[], 4:[], 5:[], 6:[], 7:[], 8:[], 9:[], 10:[], 11:[], 12:[], 13:[]",39686492,36646163
349,2,12.6775,16228,232611,1817697,0.0988,false,14,true,true,true,true,true,false,false,"0:[0, 1, 2, 3, 4, 5, 6, 7, 8, 9, 10, 11, 12, 13], 1:[], 2:[], 3:[], 4:[], 5:[], 6:[], 7:[], 8:[], 9:[], 10:[], 11:[], 12:[], 13:[]",40002192,37113919
353,3,15.6955,16794,240566,1879749,0.1086,false,13,true,true,true,true,true,false,false,"0:[0, 1, 2, 3, 4, 5, 6, 7, 8, 9, 10, 11, 12], 1:[], 2:[], 3:[], 4:[], 5:[], 6:[], 7:[], 8:[], 9:[], 10:[], 11:[], 12:[]",40654440,38053782
359,7,17.7018,17654,252722,1974170,0.1325,false,14,true,true,true,true,true,false,false,"0:[0, 1, 2, 3, 4, 5, 6, 7, 8, 9, 10, 11, 12, 13], 1:[], 2:[], 3:[], 4:[], 5:[], 6:[], 7:[], 8:[], 9:[], 10:[], 11:[], 12:[], 13:[]",41651000,39491122
367,3,18.6598,18800,269625,2107374,0.1292,false,16,true,true,true,true,true,false,false,"0:[0, 1, 2, 3, 4, 5, 6, 7, 8, 9, 10, 11, 12, 13, 14, 15], 1:[], 2:[], 3:[], 4:[], 5:[], 6:[], 7:[], 8:[], 9:[], 10:[], 11:[], 12:[], 13:[], 14:[], 15:[]",44477120,45695453
373,2,15.8886,19693,283066,2215131,0.1405,false,16,true,true,true,true,true,false,false,"0:[0, 1, 2, 3, 4, 5, 6, 7, 8, 9, 10, 11, 12, 13, 14, 15], 1:[], 2:[], 3:[], 4:[], 5:[], 6:[], 7:[], 8:[], 9:[], 10:[], 11:[], 12:[], 13:[], 14:[], 15:[]",45577404,47296510
379,2,19.0109,20647,296868,2324075,0.1551,false,16,true,true,true,true,true,false,false,"0:[0, 1, 2, 3, 4, 5, 6, 7, 8, 9, 10, 11, 12, 13, 14, 15], 1:[], 2:[], 3:[], 4:[], 5:[], 6:[], 7:[], 8:[], 9:[], 10:[], 11:[], 12:[], 13:[], 14:[], 15:[]",46708276,48928936
383,5,18.1723,21310,306075,2395189,0.1554,false,15,true,true,true,true,true,false,false,"0:[0, 1, 2, 3, 4, 5, 6, 7, 8, 9, 10, 11, 12, 13, 14], 1:[], 2:[], 3:[], 4:[], 5:[], 6:[], 7:[], 8:[], 9:[], 10:[], 11:[], 12:[], 13:[], 14:[]",47463400,54211119
389,2,20.1219,22281,320452,2509074,0.1781,false,16,true,true,true,true,true,false,false,"0:[0, 1, 2, 3, 4, 5, 6, 7, 8, 9, 10, 11, 12, 13, 14, 15], 1:[], 2:[], 3:[], 4:[], 5:[], 6:[], 7:[], 8:[], 9:[], 10:[], 11:[], 12:[], 13:[], 14:[], 15:[]",48640748,55923136
397,2,18.5198,23620,340234,2665254,0.1848,false,17,true,true,true,true,true,false,false,"0:[0, 1, 2, 3, 4, 5, 6, 7, 8, 9, 10, 11, 12, 13, 14, 15, 16], 1:[], 2:[], 3:[], 4:[], 5:[], 6:[], 7:[], 8:[], 9:[], 10:[], 11:[], 12:[], 13:[], 14:[], 15:[], 16:[]",50260800,58275986
401,3,25.7703,24344,350608,2747184,0.2420,false,17,true,true,true,true,true,false,false,"0:[0, 1, 2, 3, 4, 5, 6, 7, 8, 9, 10, 11, 12, 13, 14, 15, 16], 1:[], 2:[], 3:[], 4:[], 5:[], 6:[], 7:[], 8:[], 9:[], 10:[], 11:[], 12:[], 13:[], 14:[], 15:[], 16:[]",51110992,59502944
409,7,28.8756,25766,371780,2915408,0.2073,false,18,true,true,true,true,true,false,false,"0:[0, 1, 2, 3, 4, 5, 6, 7, 8, 9, 10, 11, 12, 13, 14, 15, 16, 17], 1:[], 2:[], 3:[], 4:[], 5:[], 6:[], 7:[], 8:[], 9:[], 10:[], 11:[], 12:[], 13:[], 14:[], 15:[], 16:[], 17:[]",52844568,62020460
419,2,21.7752,27692,399042,3127541,0.2277,false,18,true,true,true,true,true,false,false,"0:[0, 1, 2, 3, 4, 5, 6, 7, 8, 9, 10, 11, 12, 13, 14, 15, 16, 17], 1:[], 2:[], 3:[], 4:[], 5:[], 6:[], 7:[], 8:[], 9:[], 10:[], 11:[], 12:[], 13:[], 14:[], 15:[], 16:[], 17:[]",55079456,65245194
421,2,22.5608,28037,405124,3179463,0.2240,false,17,true,true,true,true,true,false,false,"0:[0, 1, 2, 3, 4, 5, 6, 7, 8, 9, 10, 11, 12, 13, 14, 15, 16], 1:[], 2:[], 3:[], 4:[], 5:[], 6:[], 7:[], 8:[], 9:[], 10:[], 11:[], 12:[], 13:[], 14:[], 15:[], 16:[]",55575676,65978672
431,7,30.2013,30072,434020,3404796,0.2514,false,17,true,true,true,true,true,false,false,"0:[0, 1, 2, 3, 4, 5, 6, 7, 8, 9, 10, 11, 12, 13, 14, 15, 16], 1:[], 2:[], 3:[], 4:[], 5:[], 6:[], 7:[], 8:[], 9:[], 10:[], 11:[], 12:[], 13:[], 14:[], 15:[], 16:[]",59091216,70544676
433,5,33.2383,30438,439944,3452643,0.2634,false,18,true,true,true,true,true,false,false,"0:[0, 1, 2, 3, 4, 5, 6, 7, 8, 9, 10, 11, 12, 13, 14, 15, 16, 17], 1:[], 2:[], 3:[], 4:[], 5:[], 6:[], 7:[], 8:[], 9:[], 10:[], 11:[], 12:[], 13:[], 14:[], 15:[], 16:[], 17:[]",59575384,71258784
439,3,27.8962,31708,458424,3598946,0.2706,false,18,true,true,true,true,true,false,false,"0:[0, 1, 2, 3, 4, 5, 6, 7, 8, 9, 10, 11, 12, 13, 14, 15, 16, 17], 1:[], 2:[], 3:[], 4:[], 5:[], 6:[], 7:[], 8:[], 9:[], 10:[], 11:[], 12:[], 13:[], 14:[], 15:[], 16:[], 17:[]",79439424,73446360
443,2,29.7082,32585,471020,3698417,0.2781,false,18,true,true,true,true,true,false,false,"0:[0, 1, 2, 3, 4, 5, 6, 7, 8, 9, 10, 11, 12, 13, 14, 15, 16, 17], 1:[], 2:[], 3:[], 4:[], 5:[], 6:[], 7:[], 8:[], 9:[], 10:[], 11:[], 12:[], 13:[], 14:[], 15:[], 16:[], 17:[]",80471660,74936584
449,3,31.9718,33874,490002,3848179,0.3051,false,19,true,true,true,true,true,false,false,"0:[0, 1, 2, 3, 4, 5, 6, 7, 8, 9, 10, 11, 12, 13, 14, 15, 16, 17, 18], 1:[], 2:[], 3:[], 4:[], 5:[], 6:[], 7:[], 8:[], 9:[], 10:[], 11:[], 12:[], 13:[], 14:[], 15:[], 16:[], 17:[], 18:[]",82026312,77196290
457,5,38.5159,35644,516363,4057617,0.3182,false,19,true,true,true,true,true,false,false,"0:[0, 1, 2, 3, 4, 5, 6, 7, 8, 9, 10, 11, 12, 13, 14, 15, 16, 17, 18], 1:[], 2:[], 3:[], 4:[], 5:[], 6:[], 7:[], 8:[], 9:[], 10:[], 11:[], 12:[], 13:[], 14:[], 15:[], 16:[], 17:[], 18:[]",84184752,80331559
461,2,28.9872,36592,529694,4161153,0.3280,false,18,true,true,true,true,true,false,false,"0:[0, 1, 2, 3, 4, 5, 6, 7, 8, 9, 10, 11, 12, 13, 14, 15, 16, 17], 1:[], 2:[], 3:[], 4:[], 5:[], 6:[], 7:[], 8:[], 9:[], 10:[], 11:[], 12:[], 13:[], 14:[], 15:[], 16:[], 17:[]",88161360,90296614
463,3,37.3044,37052,536595,4216028,0.3380,false,20,true,true,true,true,true,false,false,"0:[0, 1, 2, 3, 4, 5, 6, 7, 8, 9, 10, 11, 12, 13, 14, 15, 16, 17, 18, 19], 1:[], 2:[], 3:[], 4:[], 5:[], 6:[], 7:[], 8:[], 9:[], 10:[], 11:[], 12:[], 13:[], 14:[], 15:[], 16:[], 17:[], 18:[], 19:[]",88726320,91115279
467,2,34.8551,38024,550569,4326478,0.3394,false,18,true,true,true,true,true,false,false,"0:[0, 1, 2, 3, 4, 5, 6, 7, 8, 9, 10, 11, 12, 13, 14, 15, 16, 17], 1:[], 2:[], 3:[], 4:[], 5:[], 6:[], 7:[], 8:[], 9:[], 10:[], 11:[], 12:[], 13:[], 14:[], 15:[], 16:[], 17:[]",89871456,92768333
479,13,41.7670,40958,593337,4663312,0.3726,false,19,true,true,true,true,true,false,false,"0:[0, 1, 2, 3, 4, 5, 6, 7, 8, 9, 10, 11, 12, 13, 14, 15, 16, 17, 18], 1:[], 2:[], 3:[], 4:[], 5:[], 6:[], 7:[], 8:[], 9:[], 10:[], 11:[], 12:[], 13:[], 14:[], 15:[], 16:[], 17:[], 18:[]",93375048,97845477
487,3,42.8727,42966,623386,4902819,0.4071,false,21,true,true,true,true,true,false,false,"0:[0, 1, 2, 3, 4, 5, 6, 7, 8, 9, 10, 11, 12, 13, 14, 15, 16, 17, 18, 19, 20], 1:[], 2:[], 3:[], 4:[], 5:[], 6:[], 7:[], 8:[], 9:[], 10:[], 11:[], 12:[], 13:[], 14:[], 15:[], 16:[], 17:[], 18:[], 19:[], 20:[]",95835192,109807930
491,2,41.0661,44037,638621,5022025,0.4123,false,21,true,true,true,true,true,false,false,"0:[0, 1, 2, 3, 4, 5, 6, 7, 8, 9, 10, 11, 12, 13, 14, 15, 16, 17, 18, 19, 20], 1:[], 2:[], 3:[], 4:[], 5:[], 6:[], 7:[], 8:[], 9:[], 10:[], 11:[], 12:[], 13:[], 14:[], 15:[], 16:[], 17:[], 18:[], 19:[], 20:[]",97083980,111610045
499,2,36.2049,46146,670307,5275541,0.4238,false,21,true,true,true,true,true,false,false,"0:[0, 1, 2, 3, 4, 5, 6, 7, 8, 9, 10, 11, 12, 13, 14, 15, 16, 17, 18, 19, 20], 1:[], 2:[], 3:[], 4:[], 5:[], 6:[], 7:[], 8:[], 9:[], 10:[], 11:[], 12:[], 13:[], 14:[], 15:[], 16:[], 17:[], 18:[], 19:[], 20:[]",99677912,115378439
503,5,41.7727,47268,686223,5399868,0.4422,false,21,true,true,true,true,true,false,false,"0:[0, 1, 2, 3, 4, 5, 6, 7, 8, 9, 10, 11, 12, 13, 14, 15, 16, 17, 18, 19, 20], 1:[], 2:[], 3:[], 4:[], 5:[], 6:[], 7:[], 8:[], 9:[], 10:[], 11:[], 12:[], 13:[], 14:[], 15:[], 16:[], 17:[], 18:[], 19:[], 20:[]",100982608,117262171
509,2,40.7419,48920,710592,5592368,0.4600,false,21,true,true,true,true,true,false,false,"0:[0, 1, 2, 3, 4, 5, 6, 7, 8, 9, 10, 11, 12, 13, 14, 15, 16, 17, 18, 19, 20], 1:[], 2:[], 3:[], 4:[], 5:[], 6:[], 7:[], 8:[], 9:[], 10:[], 11:[], 12:[], 13:[], 14:[], 15:[], 16:[], 17:[], 18:[], 19:[], 20:[]",102978384,120162480
521,3,47.9226,52382,761463,5995054,0.5072,false,22,true,true,true,true,true,false,false,"0:[0, 1, 2, 3, 4, 5, 6, 7, 8, 9, 10, 11, 12, 13, 14, 15, 16, 17, 18, 19, 20, 21], 1:[], 2:[], 3:[], 4:[], 5:[], 6:[], 7:[], 8:[], 9:[], 10:[], 11:[], 12:[], 13:[], 14:[], 15:[], 16:[], 17:[], 18:[], 19:[], 20:[], 21:[]",107145000,126202779
523,2,41.4331,52967,770125,6063349,0.4969,false,21,true,true,true,true,true,false,false,"0:[0, 1, 2, 3, 4, 5, 6, 7, 8, 9, 10, 11, 12, 13, 14, 15, 16, 17, 18, 19, 20], 1:[], 2:[], 3:[], 4:[], 5:[], 6:[], 7:[], 8:[], 9:[], 10:[], 11:[], 12:[], 13:[], 14:[], 15:[], 16:[], 17:[], 18:[], 19:[], 20:[]",107854340,127229925
541,2,46.6388,58480,852006,6715659,0.5700,false,22,true,true,true,true,true,false,false,"0:[0, 1, 2, 3, 4, 5, 6, 7, 8, 9, 10, 11, 12, 13, 14, 15, 16, 17, 18, 19, 20, 21], 1:[], 2:[], 3:[], 4:[], 5:[], 6:[], 7:[], 8:[], 9:[], 10:[], 11:[], 12:[], 13:[], 14:[], 15:[], 16:[], 17:[], 18:[], 19:[], 20:[], 21:[]",116852944,139254094
547,2,47.6056,60430,880045,6934957,0.6005,false,22,true,true,true,true,true,false,false,"0:[0, 1, 2, 3, 4, 5, 6, 7, 8, 9, 10, 11, 12, 13, 14, 15, 16, 17, 18, 19, 20, 21], 1:[], 2:[], 3:[], 4:[], 5:[], 6:[], 7:[], 8:[], 9:[], 10:[], 11:[], 12:[], 13:[], 14:[], 15:[], 16:[], 17:[], 18:[], 19:[], 20:[], 21:[]",119150664,142575785
557,2,51.8851,63744,929022,7324982,0.8169,false,24,true,true,true,true,true,false,false,"0:[0, 1, 2, 3, 4, 5, 6, 7, 8, 9, 10, 11, 12, 13, 14, 15, 16, 17, 18, 19, 20, 21, 22, 23], 1:[], 2:[], 3:[], 4:[], 5:[], 6:[], 7:[], 8:[], 9:[], 10:[], 11:[], 12:[], 13:[], 14:[], 15:[], 16:[], 17:[], 18:[], 19:[], 20:[], 21:[], 22:[], 23:[]",159861776,148392678
563,2,52.1045,65808,958804,7558564,0.6520,false,23,true,true,true,true,true,false,false,"0:[0, 1, 2, 3, 4, 5, 6, 7, 8, 9, 10, 11, 12, 13, 14, 15, 16, 17, 18, 19, 20, 21, 22], 1:[], 2:[], 3:[], 4:[], 5:[], 6:[], 7:[], 8:[], 9:[], 10:[], 11:[], 12:[], 13:[], 14:[], 15:[], 16:[], 17:[], 18:[], 19:[], 20:[], 21:[], 22:[]",162302128,151920948
569,3,64.4308,67868,989393,7801393,0.6815,false,24,true,true,true,true,true,false,false,"0:[0, 1, 2, 3, 4, 5, 6, 7, 8, 9, 10, 11, 12, 13, 14, 15, 16, 17, 18, 19, 20, 21, 22, 23], 1:[], 2:[], 3:[], 4:[], 5:[], 6:[], 7:[], 8:[], 9:[], 10:[], 11:[], 12:[], 13:[], 14:[], 15:[], 16:[], 17:[], 18:[], 19:[], 20:[], 21:[], 22:[], 23:[]",164806928,155561381
571,2,53.9915,68563,1000012,7887077,0.7123,false,24,true,true,true,true,true,false,false,"0:[0, 1, 2, 3, 4, 5, 6, 7, 8, 9, 10, 11, 12, 13, 14, 15, 16, 17, 18, 19, 20, 21, 22, 23], 1:[], 2:[], 3:[], 4:[], 5:[], 6:[], 7:[], 8:[], 9:[], 10:[], 11:[], 12:[], 13:[], 14:[], 15:[], 16:[], 17:[], 18:[], 19:[], 20:[], 21:[], 22:[], 23:[]",165675908,156820768
577,5,68.9825,70680,1031122,8132127,0.7118,false,24,true,true,true,true,true,false,false,"0:[0, 1, 2, 3, 4, 5, 6, 7, 8, 9, 10, 11, 12, 13, 14, 15, 16, 17, 18, 19, 20, 21, 22, 23], 1:[], 2:[], 3:[], 4:[], 5:[], 6:[], 7:[], 8:[], 9:[], 10:[], 11:[], 12:[], 13:[], 14:[], 15:[], 16:[], 17:[], 18:[], 19:[], 20:[], 21:[], 22:[], 23:[]",168223984,160523306
587,2,59.1242,74405,1085382,8561735,0.7943,false,24,true,true,true,true,true,false,false,"0:[0, 1, 2, 3, 4, 5, 6, 7, 8, 9, 10, 11, 12, 13, 14, 15, 16, 17, 18, 19, 20, 21, 22, 23], 1:[], 2:[], 3:[], 4:[], 5:[], 6:[], 7:[], 8:[], 9:[], 10:[], 11:[], 12:[], 13:[], 14:[], 15:[], 16:[], 17:[], 18:[], 19:[], 20:[], 21:[], 22:[], 23:[]",178436252,183728538
593,3,73.1852,76640,1118781,8828155,0.8045,false,24,true,true,true,true,true,false,false,"0:[0, 1, 2, 3, 4, 5, 6, 7, 8, 9, 10, 11, 12, 13, 14, 15, 16, 17, 18, 19, 20, 21, 22, 23], 1:[], 2:[], 3:[], 4:[], 5:[], 6:[], 7:[], 8:[], 9:[], 10:[], 11:[], 12:[], 13:[], 14:[], 15:[], 16:[], 17:[], 18:[], 19:[], 20:[], 21:[], 22:[], 23:[]",181170752,187703441
599,7,71.4555,78972,1152477,9092591,0.8192,false,24,true,true,true,true,true,false,false,"0:[0, 1, 2, 3, 4, 5, 6, 7, 8, 9, 10, 11, 12, 13, 14, 15, 16, 17, 18, 19, 20, 21, 22, 23], 1:[], 2:[], 3:[], 4:[], 5:[], 6:[], 7:[], 8:[], 9:[], 10:[], 11:[], 12:[], 13:[], 14:[], 15:[], 16:[], 17:[], 18:[], 19:[], 20:[], 21:[], 22:[], 23:[]",183931728,191695937
601,7,82.2159,79690,1164200,9189088,0.7999,false,26,true,true,true,true,true,false,false,"0:[0, 1, 2, 3, 4, 5, 6, 7, 8, 9, 10, 11, 12, 13, 14, 15, 16, 17, 18, 19, 20, 21, 22, 23, 24, 25], 1:[], 2:[], 3:[], 4:[], 5:[], 6:[], 7:[], 8:[], 9:[], 10:[], 11:[], 12:[], 13:[], 14:[], 15:[], 16:[], 17:[], 18:[], 19:[], 20:[], 21:[], 22:[], 23:[], 24:[], 25:[]",184889672,193103920
607,3,73.2116,82082,1198699,9459363,0.8411,false,26,true,true,true,true,true,false,false,"0:[0, 1, 2, 3, 4, 5, 6, 7, 8, 9, 10, 11, 12, 13, 14, 15, 16, 17, 18, 19, 20, 21, 22, 23, 24, 25], 1:[], 2:[], 3:[], 4:[], 5:[], 6:[], 7:[], 8:[], 9:[], 10:[], 11:[], 12:[], 13:[], 14:[], 15:[], 16:[], 17:[], 18:[], 19:[], 20:[], 21:[], 22:[], 23:[], 24:[], 25:[]",187716568,197192271
613,2,69.3900,84469,1234515,9745896,0.8885,false,26,true,true,true,true,true,false,false,"0:[0, 1, 2, 3, 4, 5, 6, 7, 8, 9, 10, 11, 12, 13, 14, 15, 16, 17, 18, 19, 20, 21, 22, 23, 24, 25], 1:[], 2:[], 3:[], 4:[], 5:[], 6:[], 7:[], 8:[], 9:[], 10:[], 11:[], 12:[], 13:[], 14:[], 15:[], 16:[], 17:[], 18:[], 19:[], 20:[], 21:[], 22:[], 23:[], 24:[], 25:[]",190648684,218231947
617,3,83.1789,86138,1258925,9940320,1.1141,false,25,true,true,true,true,true,false,false,"0:[0, 1, 2, 3, 4, 5, 6, 7, 8, 9, 10, 11, 12, 13, 14, 15, 16, 17, 18, 19, 20, 21, 22, 23, 24], 1:[], 2:[], 3:[], 4:[], 5:[], 6:[], 7:[], 8:[], 9:[], 10:[], 11:[], 12:[], 13:[], 14:[], 15:[], 16:[], 17:[], 18:[], 19:[], 20:[], 21:[], 22:[], 23:[], 24:[]",192648216,221123257
619,2,68.6141,86955,1270826,10033062,0.9367,false,26,true,true,true,true,true,false,false,"0:[0, 1, 2, 3, 4, 5, 6, 7, 8, 9, 10, 11, 12, 13, 14, 15, 16, 17, 18, 19, 20, 21, 22, 23, 24, 25], 1:[], 2:[], 3:[], 4:[], 5:[], 6:[], 7:[], 8:[], 9:[], 10:[], 11:[], 12:[], 13:[], 14:[], 15:[], 16:[], 17:[], 18:[], 19:[], 20:[], 21:[], 22:[], 23:[], 24:[], 25:[]",193623172,222534806
631,3,81.0105,92016,1345639,10627437,1.0162,false,26,true,true,true,true,true,false,false,"0:[0, 1, 2, 3, 4, 5, 6, 7, 8, 9, 10, 11, 12, 13, 14, 15, 16, 17, 18, 19, 20, 21, 22, 23, 24, 25], 1:[], 2:[], 3:[], 4:[], 5:[], 6:[], 7:[], 8:[], 9:[], 10:[], 11:[], 12:[], 13:[], 14:[], 15:[], 16:[], 17:[], 18:[], 19:[], 20:[], 21:[], 22:[], 23:[], 24:[], 25:[]",199749920,231419459
641,3,94.0685,96390,1409796,11135036,1.0015,false,27,true,true,true,true,true,false,false,"0:[0, 1, 2, 3, 4, 5, 6, 7, 8, 9, 10, 11, 12, 13, 14, 15, 16, 17, 18, 19, 20, 21, 22, 23, 24, 25, 26], 1:[], 2:[], 3:[], 4:[], 5:[], 6:[], 7:[], 8:[], 9:[], 10:[], 11:[], 12:[], 13:[], 14:[], 15:[], 16:[], 17:[], 18:[], 19:[], 20:[], 21:[], 22:[], 23:[], 24:[], 25:[], 26:[]",205004952,239040684
643,2,76.6826,97270,1422661,11235606,1.0581,false,26,true,true,true,true,true,false,false,"0:[0, 1, 2, 3, 4, 5, 6, 7, 8, 9, 10, 11, 12, 13, 14, 15, 16, 17, 18, 19, 20, 21, 22, 23, 24, 25], 1:[], 2:[], 3:[], 4:[], 5:[], 6:[], 7:[], 8:[], 9:[], 10:[], 11:[], 12:[], 13:[], 14:[], 15:[], 16:[], 17:[], 18:[], 19:[], 20:[], 21:[], 22:[], 23:[], 24:[], 25:[]",206058792,240566817
647,5,86.9424,99102,1449467,11449121,1.0571,false,27,true,true,true,true,true,false,false,"0:[0, 1, 2, 3, 4, 5, 6, 7, 8, 9, 10, 11, 12, 13, 14, 15, 16, 17, 18, 19, 20, 21, 22, 23, 24, 25, 26], 1:[], 2:[], 3:[], 4:[], 5:[], 6:[], 7:[], 8:[], 9:[], 10:[], 11:[], 12:[], 13:[], 14:[], 15:[], 16:[], 17:[], 18:[], 19:[], 20:[], 21:[], 22:[], 23:[], 24:[], 25:[], 26:[]",208254568,243742415
653,2,82.3904,101808,1490081,11774097,1.2208,false,28,true,true,true,true,true,false,false,"0:[0, 1, 2, 3, 4, 5, 6, 7, 8, 9, 10, 11, 12, 13, 14, 15, 16, 17, 18, 19, 20, 21, 22, 23, 24, 25, 26, 27], 1:[], 2:[], 3:[], 4:[], 5:[], 6:[], 7:[], 8:[], 9:[], 10:[], 11:[], 12:[], 13:[], 14:[], 15:[], 16:[], 17:[], 18:[], 19:[], 20:[], 21:[], 22:[], 23:[], 24:[], 25:[], 26:[], 27:[]",211579456,248575461
659,2,82.9752,104620,1530702,12092494,1.2114,false,28,true,true,true,true,true,false,false,"0:[0, 1, 2, 3, 4, 5, 6, 7, 8, 9, 10, 11, 12, 13, 14, 15, 16, 17, 18, 19, 20, 21, 22, 23, 24, 25, 26, 27], 1:[], 2:[], 3:[], 4:[], 5:[], 6:[], 7:[], 8:[], 9:[], 10:[], 11:[], 12:[], 13:[], 14:[], 15:[], 16:[], 17:[], 18:[], 19:[], 20:[], 21:[], 22:[], 23:[], 24:[], 25:[], 26:[], 27:[]",214907872,253389766
661,2,86.7896,105493,1544852,12208848,1.1753,false,27,true,true,true,true,true,false,false,"0:[0, 1, 2, 3, 4, 5, 6, 7, 8, 9, 10, 11, 12, 13, 14, 15, 16, 17, 18, 19, 20, 21, 22, 23, 24, 25, 26], 1:[], 2:[], 3:[], 4:[], 5:[], 6:[], 7:[], 8:[], 9:[], 10:[], 11:[], 12:[], 13:[], 14:[], 15:[], 16:[], 17:[], 18:[], 19:[], 20:[], 21:[], 22:[], 23:[], 24:[], 25:[], 26:[]",216064316,255088224
673,5,110.0434,111244,1629593,12880266,1.2379,false,28,true,true,true,true,true,false,false,"0:[0, 1, 2, 3, 4, 5, 6, 7, 8, 9, 10, 11, 12, 13, 14, 15, 16, 17, 18, 19, 20, 21, 22, 23, 24, 25, 26, 27], 1:[], 2:[], 3:[], 4:[], 5:[], 6:[], 7:[], 8:[], 9:[], 10:[], 11:[], 12:[], 13:[], 14:[], 15:[], 16:[], 17:[], 18:[], 19:[], 20:[], 21:[], 22:[], 23:[], 24:[], 25:[], 26:[], 27:[]",223004624,265152397
677,2,93.0806,113245,1658719,13111181,1.2511,false,29,true,true,true,true,true,false,false,"0:[0, 1, 2, 3, 4, 5, 6, 7, 8, 9, 10, 11, 12, 13, 14, 15, 16, 17, 18, 19, 20, 21, 22, 23, 24, 25, 26, 27, 28], 1:[], 2:[], 3:[], 4:[], 5:[], 6:[], 7:[], 8:[], 9:[], 10:[], 11:[], 12:[], 13:[], 14:[], 15:[], 16:[], 17:[], 18:[], 19:[], 20:[], 21:[], 22:[], 23:[], 24:[], 25:[], 26:[], 27:[], 28:[]",225390732,268603655
683,2,107.8287,116261,1702947,13461758,1.2691,false,28,true,true,true,true,true,false,false,"0:[0, 1, 2, 3, 4, 5, 6, 7, 8, 9, 10, 11, 12, 13, 14, 15, 16, 17, 18, 19, 20, 21, 22, 23, 24, 25, 26, 27], 1:[], 2:[], 3:[], 4:[], 5:[], 6:[], 7:[], 8:[], 9:[], 10:[], 11:[], 12:[], 13:[], 14:[], 15:[], 16:[], 17:[], 18:[], 19:[], 20:[], 21:[], 22:[], 23:[], 24:[], 25:[], 26:[], 27:[]",233600940,278433883
691,2,96.1589,120286,1762773,13936605,1.3343,false,29,true,true,true,true,true,false,false,"0:[0, 1, 2, 3, 4, 5, 6, 7, 8, 9, 10, 11, 12, 13, 14, 15, 16, 17, 18, 19, 20, 21, 22, 23, 24, 25, 26, 27, 28], 1:[], 2:[], 3:[], 4:[], 5:[], 6:[], 7:[], 8:[], 9:[], 10:[], 11:[], 12:[], 13:[], 14:[], 15:[], 16:[], 17:[], 18:[], 19:[], 20:[], 21:[], 22:[], 23:[], 24:[], 25:[], 26:[], 27:[], 28:[]",238499720,285547569
701,2,106.6161,125508,1839687,14546757,1.4323,false,29,true,true,true,true,true,false,false,"0:[0, 1, 2, 3, 4, 5, 6, 7, 8, 9, 10, 11, 12, 13, 14, 15, 16, 17, 18, 19, 20, 21, 22, 23, 24, 25, 26, 27, 28], 1:[], 2:[], 3:[], 4:[], 5:[], 6:[], 7:[], 8:[], 9:[], 10:[], 11:[], 12:[], 13:[], 14:[], 15:[], 16:[], 17:[], 18:[], 19:[], 20:[], 21:[], 22:[], 23:[], 24:[], 25:[], 26:[], 27:[], 28:[]",318199376,294684531
709,2,106.4227,129745,1903237,15054705,1.5178,false,29,true,true,true,true,true,false,false,"0:[0, 1, 2, 3, 4, 5, 6, 7, 8, 9, 10, 11, 12, 13, 14, 15, 16, 17, 18, 19, 20, 21, 22, 23, 24, 25, 26, 27, 28], 1:[], 2:[], 3:[], 4:[], 5:[], 6:[], 7:[], 8:[], 9:[], 10:[], 11:[], 12:[], 13:[], 14:[], 15:[], 16:[], 17:[], 18:[], 19:[], 20:[], 21:[], 22:[], 23:[], 24:[], 25:[], 26:[], 27:[], 28:[]",323402012,302240469
719,11,143.0544,135296,1983535,15685728,1.4960,false,29,true,true,true,true,true,false,false,"0:[0, 1, 2, 3, 4, 5, 6, 7, 8, 9, 10, 11, 12, 13, 14, 15, 16, 17, 18, 19, 20, 21, 22, 23, 24, 25, 26, 27, 28], 1:[], 2:[], 3:[], 4:[], 5:[], 6:[], 7:[], 8:[], 9:[], 10:[], 11:[], 12:[], 13:[], 14:[], 15:[], 16:[], 17:[], 18:[], 19:[], 20:[], 21:[], 22:[], 23:[], 24:[], 25:[], 26:[], 27:[], 28:[]",329981280,311758411
727,3,124.8659,139748,2049971,16214551,1.5558,false,31,true,true,true,true,true,false,false,"0:[0, 1, 2, 3, 4, 5, 6, 7, 8, 9, 10, 11, 12, 13, 14, 15, 16, 17, 18, 19, 20, 21, 22, 23, 24, 25, 26, 27, 28, 29, 30], 1:[], 2:[], 3:[], 4:[], 5:[], 6:[], 7:[], 8:[], 9:[], 10:[], 11:[], 12:[], 13:[], 14:[], 15:[], 16:[], 17:[], 18:[], 19:[], 20:[], 21:[], 22:[], 23:[], 24:[], 25:[], 26:[], 27:[], 28:[], 29:[], 30:[]",335420816,319658127
733,2,123.4388,143152,2100860,16620644,2.0323,false,31,true,true,true,true,true,false,false,"0:[0, 1, 2, 3, 4, 5, 6, 7, 8, 9, 10, 11, 12, 13, 14, 15, 16, 17, 18, 19, 20, 21, 22, 23, 24, 25, 26, 27, 28, 29, 30], 1:[], 2:[], 3:[], 4:[], 5:[], 6:[], 7:[], 8:[], 9:[], 10:[], 11:[], 12:[], 13:[], 14:[], 15:[], 16:[], 17:[], 18:[], 19:[], 20:[], 21:[], 22:[], 23:[], 24:[], 25:[], 26:[], 27:[], 28:[], 29:[], 30:[]",339587248,359267740
739,2,138.7473,146674,2152932,17035630,1.6485,false,31,true,true,true,true,true,false,false,"0:[0, 1, 2, 3, 4, 5, 6, 7, 8, 9, 10, 11, 12, 13, 14, 15, 16, 17, 18, 19, 20, 21, 22, 23, 24, 25, 26, 27, 28, 29, 30], 1:[], 2:[], 3:[], 4:[], 5:[], 6:[], 7:[], 8:[], 9:[], 10:[], 11:[], 12:[], 13:[], 14:[], 15:[], 16:[], 17:[], 18:[], 19:[], 20:[], 21:[], 22:[], 23:[], 24:[], 25:[], 26:[], 27:[], 28:[], 29:[], 30:[]",355385960,365441404
743,5,132.6105,149074,2187791,17311178,1.7388,false,31,true,true,true,true,true,false,false,"0:[0, 1, 2, 3, 4, 5, 6, 7, 8, 9, 10, 11, 12, 13, 14, 15, 16, 17, 18, 19, 20, 21, 22, 23, 24, 25, 26, 27, 28, 29, 30], 1:[], 2:[], 3:[], 4:[], 5:[], 6:[], 7:[], 8:[], 9:[], 10:[], 11:[], 12:[], 13:[], 14:[], 15:[], 16:[], 17:[], 18:[], 19:[], 20:[], 21:[], 22:[], 23:[], 24:[], 25:[], 26:[], 27:[], 28:[], 29:[], 30:[]",358241880,369572867
751,3,138.1490,153824,2258685,17875675,1.8073,false,31,true,true,true,true,true,false,false,"0:[0, 1, 2, 3, 4, 5, 6, 7, 8, 9, 10, 11, 12, 13, 14, 15, 16, 17, 18, 19, 20, 21, 22, 23, 24, 25, 26, 27, 28, 29, 30], 1:[], 2:[], 3:[], 4:[], 5:[], 6:[], 7:[], 8:[], 9:[], 10:[], 11:[], 12:[], 13:[], 14:[], 15:[], 16:[], 17:[], 18:[], 19:[], 20:[], 21:[], 22:[], 23:[], 24:[], 25:[], 26:[], 27:[], 28:[], 29:[], 30:[]",364046400,378002161
757,2,135.3817,157453,2312533,18302949,1.9597,false,32,true,true,true,true,true,false,false,"0:[0, 1, 2, 3, 4, 5, 6, 7, 8, 9, 10, 11, 12, 13, 14, 15, 16, 17, 18, 19, 20, 21, 22, 23, 24, 25, 26, 27, 28, 29, 30, 31], 1:[], 2:[], 3:[], 4:[], 5:[], 6:[], 7:[], 8:[], 9:[], 10:[], 11:[], 12:[], 13:[], 14:[], 15:[], 16:[], 17:[], 18:[], 19:[], 20:[], 21:[], 22:[], 23:[], 24:[], 25:[], 26:[], 27:[], 28:[], 29:[], 30:[], 31:[]",368455852,384409397
761,3,178.4564,159968,2348871,18588956,1.8991,false,32,true,true,true,true,true,false,false,"0:[0, 1, 2, 3, 4, 5, 6, 7, 8, 9, 10, 11, 12, 13, 14, 15, 16, 17, 18, 19, 20, 21, 22, 23, 24, 25, 26, 27, 28, 29, 30, 31], 1:[], 2:[], 3:[], 4:[], 5:[], 6:[], 7:[], 8:[], 9:[], 10:[], 11:[], 12:[], 13:[], 14:[], 15:[], 16:[], 17:[], 18:[], 19:[], 20:[], 21:[], 22:[], 23:[], 24:[], 25:[], 26:[], 27:[], 28:[], 29:[], 30:[], 31:[]",371433312,388716355
769,7,178.0884,164948,2423556,19185857,1.9627,false,33,true,true,true,true,true,false,false,"0:[0, 1, 2, 3, 4, 5, 6, 7, 8, 9, 10, 11, 12, 13, 14, 15, 16, 17, 18, 19, 20, 21, 22, 23, 24, 25, 26, 27, 28, 29, 30, 31, 32], 1:[], 2:[], 3:[], 4:[], 5:[], 6:[], 7:[], 8:[], 9:[], 10:[], 11:[], 12:[], 13:[], 14:[], 15:[], 16:[], 17:[], 18:[], 19:[], 20:[], 21:[], 22:[], 23:[], 24:[], 25:[], 26:[], 27:[], 28:[], 29:[], 30:[], 31:[], 32:[]",377547552,431151316
773,2,137.4459,167541,2461339,19485113,2.0239,false,33,true,true,true,true,true,false,false,"0:[0, 1, 2, 3, 4, 5, 6, 7, 8, 9, 10, 11, 12, 13, 14, 15, 16, 17, 18, 19, 20, 21, 22, 23, 24, 25, 26, 27, 28, 29, 30, 31, 32], 1:[], 2:[], 3:[], 4:[], 5:[], 6:[], 7:[], 8:[], 9:[], 10:[], 11:[], 12:[], 13:[], 14:[], 15:[], 16:[], 17:[], 18:[], 19:[], 20:[], 21:[], 22:[], 23:[], 24:[], 25:[], 26:[], 27:[], 28:[], 29:[], 30:[], 31:[], 32:[]",380642796,435630739
787,2,166.9043,176662,2595978,20551904,2.1234,false,32,true,true,true,true,true,false,false,"0:[0, 1, 2, 3, 4, 5, 6, 7, 8, 9, 10, 11, 12, 13, 14, 15, 16, 17, 18, 19, 20, 21, 22, 23, 24, 25, 26, 27, 28, 29, 30, 31], 1:[], 2:[], 3:[], 4:[], 5:[], 6:[], 7:[], 8:[], 9:[], 10:[], 11:[], 12:[], 13:[], 14:[], 15:[], 16:[], 17:[], 18:[], 19:[], 20:[], 21:[], 22:[], 23:[], 24:[], 25:[], 26:[], 27:[], 28:[], 29:[], 30:[], 31:[]",391669304,451620618
797,2,178.0368,183396,2695962,21349342,2.2609,false,34,true,true,true,true,true,false,false,"0:[0, 1, 2, 3, 4, 5, 6, 7, 8, 9, 10, 11, 12, 13, 14, 15, 16, 17, 18, 19, 20, 21, 22, 23, 24, 25, 26, 27, 28, 29, 30, 31, 32, 33], 1:[], 2:[], 3:[], 4:[], 5:[], 6:[], 7:[], 8:[], 9:[], 10:[], 11:[], 12:[], 13:[], 14:[], 15:[], 16:[], 17:[], 18:[], 19:[], 20:[], 21:[], 22:[], 23:[], 24:[], 25:[], 26:[], 27:[], 28:[], 29:[], 30:[], 31:[], 32:[], 33:[]",399856576,463499554
809,3,182.7938,191686,2818436,22321163,2.3200,false,34,true,true,true,true,true,false,false,"0:[0, 1, 2, 3, 4, 5, 6, 7, 8, 9, 10, 11, 12, 13, 14, 15, 16, 17, 18, 19, 20, 21, 22, 23, 24, 25, 26, 27, 28, 29, 30, 31, 32, 33], 1:[], 2:[], 3:[], 4:[], 5:[], 6:[], 7:[], 8:[], 9:[], 10:[], 11:[], 12:[], 13:[], 14:[], 15:[], 16:[], 17:[], 18:[], 19:[], 20:[], 21:[], 22:[], 23:[], 24:[], 25:[], 26:[], 27:[], 28:[], 29:[], 30:[], 31:[], 32:[], 33:[]",409886616,478047052
811,2,156.2541,193079,2839366,22488266,2.3493,false,34,true,true,true,true,true,false,false,"0:[0, 1, 2, 3, 4, 5, 6, 7, 8, 9, 10, 11, 12, 13, 14, 15, 16, 17, 18, 19, 20, 21, 22, 23, 24, 25, 26, 27, 28, 29, 30, 31, 32, 33], 1:[], 2:[], 3:[], 4:[], 5:[], 6:[], 7:[], 8:[], 9:[], 10:[], 11:[], 12:[], 13:[], 14:[], 15:[], 16:[], 17:[], 18:[], 19:[], 20:[], 21:[], 22:[], 23:[], 24:[], 25:[], 26:[], 27:[], 28:[], 29:[], 30:[], 31:[], 32:[], 33:[]",411600020,480531122
821,2,165.9801,200221,2944832,23325876,2.4228,false,34,true,true,true,true,true,false,false,"0:[0, 1, 2, 3, 4, 5, 6, 7, 8, 9, 10, 11, 12, 13, 14, 15, 16, 17, 18, 19, 20, 21, 22, 23, 24, 25, 26, 27, 28, 29, 30, 31, 32, 33], 1:[], 2:[], 3:[], 4:[], 5:[], 6:[], 7:[], 8:[], 9:[], 10:[], 11:[], 12:[], 13:[], 14:[], 15:[], 16:[], 17:[], 18:[], 19:[], 20:[], 21:[], 22:[], 23:[], 24:[], 25:[], 26:[], 27:[], 28:[], 29:[], 30:[], 31:[], 32:[], 33:[]",420237276,493060956
823,3,185.4909,201656,2966151,23494655,2.5775,false,35,true,true,true,true,true,false,false,"0:[0, 1, 2, 3, 4, 5, 6, 7, 8, 9, 10, 11, 12, 13, 14, 15, 16, 17, 18, 19, 20, 21, 22, 23, 24, 25, 26, 27, 28, 29, 30, 31, 32, 33, 34], 1:[], 2:[], 3:[], 4:[], 5:[], 6:[], 7:[], 8:[], 9:[], 10:[], 11:[], 12:[], 13:[], 14:[], 15:[], 16:[], 17:[], 18:[], 19:[], 20:[], 21:[], 22:[], 23:[], 24:[], 25:[], 26:[], 27:[], 28:[], 29:[], 30:[], 31:[], 32:[], 33:[], 34:[]",421982976,495591203
827,2,164.9009,204617,3009713,23841933,2.5222,false,34,true,true,true,true,true,false,false,"0:[0, 1, 2, 3, 4, 5, 6, 7, 8, 9, 10, 11, 12, 13, 14, 15, 16, 17, 18, 19, 20, 21, 22, 23, 24, 25, 26, 27, 28, 29, 30, 31, 32, 33], 1:[], 2:[], 3:[], 4:[], 5:[], 6:[], 7:[], 8:[], 9:[], 10:[], 11:[], 12:[], 13:[], 14:[], 15:[], 16:[], 17:[], 18:[], 19:[], 20:[], 21:[], 22:[], 23:[], 24:[], 25:[], 26:[], 27:[], 28:[], 29:[], 30:[], 31:[], 32:[], 33:[]",425550844,500755345
829,2,178.4873,206004,3031340,24016019,3.6129,false,34,true,true,true,true,true,false,false,"0:[0, 1, 2, 3, 4, 5, 6, 7, 8, 9, 10, 11, 12, 13, 14, 15, 16, 17, 18, 19, 20, 21, 22, 23, 24, 25, 26, 27, 28, 29, 30, 31, 32, 33], 1:[], 2:[], 3:[], 4:[], 5:[], 6:[], 7:[], 8:[], 9:[], 10:[], 11:[], 12:[], 13:[], 14:[], 15:[], 16:[], 17:[], 18:[], 19:[], 20:[], 21:[], 22:[], 23:[], 24:[], 25:[], 26:[], 27:[], 28:[], 29:[], 30:[], 31:[], 32:[], 33:[]",427319840,503346364
839,11,198.8549,213530,3141019,24881666,2.8798,false,34,true,true,true,true,true,false,false,"0:[0, 1, 2, 3, 4, 5, 6, 7, 8, 9, 10, 11, 12, 13, 14, 15, 16, 17, 18, 19, 20, 21, 22, 23, 24, 25, 26, 27, 28, 29, 30, 31, 32, 33], 1:[], 2:[], 3:[], 4:[], 5:[], 6:[], 7:[], 8:[], 9:[], 10:[], 11:[], 12:[], 13:[], 14:[], 15:[], 16:[], 17:[], 18:[], 19:[], 20:[], 21:[], 22:[], 23:[], 24:[], 25:[], 26:[], 27:[], 28:[], 29:[], 30:[], 31:[], 32:[], 33:[]",436304888,516352639
853,2,217.7517,224165,3299948,26148875,2.8263,false,36,true,true,true,true,true,false,false,"0:[0, 1, 2, 3, 4, 5, 6, 7, 8, 9, 10, 11, 12, 13, 14, 15, 16, 17, 18, 19, 20, 21, 22, 23, 24, 25, 26, 27, 28, 29, 30, 31, 32, 33, 34, 35], 1:[], 2:[], 3:[], 4:[], 5:[], 6:[], 7:[], 8:[], 9:[], 10:[], 11:[], 12:[], 13:[], 14:[], 15:[], 16:[], 17:[], 18:[], 19:[], 20:[], 21:[], 22:[], 23:[], 24:[], 25:[], 26:[], 27:[], 28:[], 29:[], 30:[], 31:[], 32:[], 33:[], 34:[], 35:[]",449316988,535254264
857,3,250.3683,227340,3346690,26521501,2.8558,false,35,true,true,true,true,true,false,false,"0:[0, 1, 2, 3, 4, 5, 6, 7, 8, 9, 10, 11, 12, 13, 14, 15, 16, 17, 18, 19, 20, 21, 22, 23, 24, 25, 26, 27, 28, 29, 30, 31, 32, 33, 34], 1:[], 2:[], 3:[], 4:[], 5:[], 6:[], 7:[], 8:[], 9:[], 10:[], 11:[], 12:[], 13:[], 14:[], 15:[], 16:[], 17:[], 18:[], 19:[], 20:[], 21:[], 22:[], 23:[], 24:[], 25:[], 26:[], 27:[], 28:[], 29:[], 30:[], 31:[], 32:[], 33:[], 34:[]",453145248,540796202
859,2,218.3890,228903,3369902,26705258,2.9063,false,36,true,true,true,true,true,false,false,"0:[0, 1, 2, 3, 4, 5, 6, 7, 8, 9, 10, 11, 12, 13, 14, 15, 16, 17, 18, 19, 20, 21, 22, 23, 24, 25, 26, 27, 28, 29, 30, 31, 32, 33, 34, 35], 1:[], 2:[], 3:[], 4:[], 5:[], 6:[], 7:[], 8:[], 9:[], 10:[], 11:[], 12:[], 13:[], 14:[], 15:[], 16:[], 17:[], 18:[], 19:[], 20:[], 21:[], 22:[], 23:[], 24:[], 25:[], 26:[], 27:[], 28:[], 29:[], 30:[], 31:[], 32:[], 33:[], 34:[], 35:[]",455045972,543550842
863,5,240.3923,232122,3417083,27080145,2.9614,false,36,true,true,true,true,true,false,false,"0:[0, 1, 2, 3, 4, 5, 6, 7, 8, 9, 10, 11, 12, 13, 14, 15, 16, 17, 18, 19, 20, 21, 22, 23, 24, 25, 26, 27, 28, 29, 30, 31, 32, 33, 34, 35], 1:[], 2:[], 3:[], 4:[], 5:[], 6:[], 7:[], 8:[], 9:[], 10:[], 11:[], 12:[], 13:[], 14:[], 15:[], 16:[], 17:[], 18:[], 19:[], 20:[], 21:[], 22:[], 23:[], 24:[], 25:[], 26:[], 27:[], 28:[], 29:[], 30:[], 31:[], 32:[], 33:[], 34:[], 35:[]",468085624,558320127
877,2,211.8836,243364,3584657,28413856,3.0979,false,37,true,true,true,true,true,false,false,"0:[0, 1, 2, 3, 4, 5, 6, 7, 8, 9, 10, 11, 12, 13, 14, 15, 16, 17, 18, 19, 20, 21, 22, 23, 24, 25, 26, 27, 28, 29, 30, 31, 32, 33, 34, 35, 36], 1:[], 2:[], 3:[], 4:[], 5:[], 6:[], 7:[], 8:[], 9:[], 10:[], 11:[], 12:[], 13:[], 14:[], 15:[], 16:[], 17:[], 18:[], 19:[], 20:[], 21:[], 22:[], 23:[], 24:[], 25:[], 26:[], 27:[], 28:[], 29:[], 30:[], 31:[], 32:[], 33:[], 34:[], 35:[], 36:[]",481806320,578249893
881,3,243.5416,246716,3633345,28797982,3.1419,false,37,true,true,true,true,true,false,false,"0:[0, 1, 2, 3, 4, 5, 6, 7, 8, 9, 10, 11, 12, 13, 14, 15, 16, 17, 18, 19, 20, 21, 22, 23, 24, 25, 26, 27, 28, 29, 30, 31, 32, 33, 34, 35, 36], 1:[], 2:[], 3:[], 4:[], 5:[], 6:[], 7:[], 8:[], 9:[], 10:[], 11:[], 12:[], 13:[], 14:[], 15:[], 16:[], 17:[], 18:[], 19:[], 20:[], 21:[], 22:[], 23:[], 24:[], 25:[], 26:[], 27:[], 28:[], 29:[], 30:[], 31:[], 32:[], 33:[], 34:[], 35:[], 36:[]",632595856,584022965
883,2,238.7146,248366,3658117,28995665,3.2151,false,36,true,true,true,true,true,false,false,"0:[0, 1, 2, 3, 4, 5, 6, 7, 8, 9, 10, 11, 12, 13, 14, 15, 16, 17, 18, 19, 20, 21, 22, 23, 24, 25, 26, 27, 28, 29, 30, 31, 32, 33, 34, 35], 1:[], 2:[], 3:[], 4:[], 5:[], 6:[], 7:[], 8:[], 9:[], 10:[], 11:[], 12:[], 13:[], 14:[], 15:[], 16:[], 17:[], 18:[], 19:[], 20:[], 21:[], 22:[], 23:[], 24:[], 25:[], 26:[], 27:[], 28:[], 29:[], 30:[], 31:[], 32:[], 33:[], 34:[], 35:[]",634623816,586963169
887,5,264.4395,251764,3707899,29391052,3.2001,false,37,true,true,true,true,true,false,false,"0:[0, 1, 2, 3, 4, 5, 6, 7, 8, 9, 10, 11, 12, 13, 14, 15, 16, 17, 18, 19, 20, 21, 22, 23, 24, 25, 26, 27, 28, 29, 30, 31, 32, 33, 34, 35, 36], 1:[], 2:[], 3:[], 4:[], 5:[], 6:[], 7:[], 8:[], 9:[], 10:[], 11:[], 12:[], 13:[], 14:[], 15:[], 16:[], 17:[], 18:[], 19:[], 20:[], 21:[], 22:[], 23:[], 24:[], 25:[], 26:[], 27:[], 28:[], 29:[], 30:[], 31:[], 32:[], 33:[], 34:[], 35:[], 36:[]",638701520,592865655
907,2,217.9611,268903,3962549,31416704,3.4939,false,37,true,true,true,true,true,false,false,"0:[0, 1, 2, 3, 4, 5, 6, 7, 8, 9, 10, 11, 12, 13, 14, 15, 16, 17, 18, 19, 20, 21, 22, 23, 24, 25, 26, 27, 28, 29, 30, 31, 32, 33, 34, 35, 36], 1:[], 2:[], 3:[], 4:[], 5:[], 6:[], 7:[], 8:[], 9:[], 10:[], 11:[], 12:[], 13:[], 14:[], 15:[], 16:[], 17:[], 18:[], 19:[], 20:[], 21:[], 22:[], 23:[], 24:[], 25:[], 26:[], 27:[], 28:[], 29:[], 30:[], 31:[], 32:[], 33:[], 34:[], 35:[], 36:[]",659553412,623127181
911,7,286.6767,272484,4014844,31830930,3.6581,false,37,true,true,true,true,true,false,false,"0:[0, 1, 2, 3, 4, 5, 6, 7, 8, 9, 10, 11, 12, 13, 14, 15, 16, 17, 18, 19, 20, 21, 22, 23, 24, 25, 26, 27, 28, 29, 30, 31, 32, 33, 34, 35, 36], 1:[], 2:[], 3:[], 4:[], 5:[], 6:[], 7:[], 8:[], 9:[], 10:[], 11:[], 12:[], 13:[], 14:[], 15:[], 16:[], 17:[], 18:[], 19:[], 20:[], 21:[], 22:[], 23:[], 24:[], 25:[], 26:[], 27:[], 28:[], 29:[], 30:[], 31:[], 32:[], 33:[], 34:[], 35:[], 36:[]",663837280,629328620
919,3,294.9005,279584,4121320,32681925,3.5792,false,38,true,true,true,true,true,false,false,"0:[0, 1, 2, 3, 4, 5, 6, 7, 8, 9, 10, 11, 12, 13, 14, 15, 16, 17, 18, 19, 20, 21, 22, 23, 24, 25, 26, 27, 28, 29, 30, 31, 32, 33, 34, 35, 36, 37], 1:[], 2:[], 3:[], 4:[], 5:[], 6:[], 7:[], 8:[], 9:[], 10:[], 11:[], 12:[], 13:[], 14:[], 15:[], 16:[], 17:[], 18:[], 19:[], 20:[], 21:[], 22:[], 23:[], 24:[], 25:[], 26:[], 27:[], 28:[], 29:[], 30:[], 31:[], 32:[], 33:[], 34:[], 35:[], 36:[], 37:[]",672554160,641987224
929,3,321.9838,288710,4255851,33748457,3.6978,false,39,true,true,true,true,true,false,false,"0:[0, 1, 2, 3, 4, 5, 6, 7, 8, 9, 10, 11, 12, 13, 14, 15, 16, 17, 18, 19, 20, 21, 22, 23, 24, 25, 26, 27, 28, 29, 30, 31, 32, 33, 34, 35, 36, 37, 38], 1:[], 2:[], 3:[], 4:[], 5:[], 6:[], 7:[], 8:[], 9:[], 10:[], 11:[], 12:[], 13:[], 14:[], 15:[], 16:[], 17:[], 18:[], 19:[], 20:[], 21:[], 22:[], 23:[], 24:[], 25:[], 26:[], 27:[], 28:[], 29:[], 30:[], 31:[], 32:[], 33:[], 34:[], 35:[], 36:[], 37:[], 38:[]",706640840,725080543
937,5,343.2253,296088,4366049,34626515,3.8995,false,39,true,true,true,true,true,false,false,"0:[0, 1, 2, 3, 4, 5, 6, 7, 8, 9, 10, 11, 12, 13, 14, 15, 16, 17, 18, 19, 20, 21, 22, 23, 24, 25, 26, 27, 28, 29, 30, 31, 32, 33, 34, 35, 36, 37, 38], 1:[], 2:[], 3:[], 4:[], 5:[], 6:[], 7:[], 8:[], 9:[], 10:[], 11:[], 12:[], 13:[], 14:[], 15:[], 16:[], 17:[], 18:[], 19:[], 20:[], 21:[], 22:[], 23:[], 24:[], 25:[], 26:[], 27:[], 28:[], 29:[], 30:[], 31:[], 32:[], 33:[], 34:[], 35:[], 36:[], 37:[], 38:[]",715663264,738182725
941,2,261.2972,299904,4421875,35069132,3.9925,false,39,true,true,true,true,true,false,false,"0:[0, 1, 2, 3, 4, 5, 6, 7, 8, 9, 10, 11, 12, 13, 14, 15, 16, 17, 18, 19, 20, 21, 22, 23, 24, 25, 26, 27, 28, 29, 30, 31, 32, 33, 34, 35, 36, 37, 38], 1:[], 2:[], 3:[], 4:[], 5:[], 6:[], 7:[], 8:[], 9:[], 10:[], 11:[], 12:[], 13:[], 14:[], 15:[], 16:[], 17:[], 18:[], 19:[], 20:[], 21:[], 22:[], 23:[], 24:[], 25:[], 26:[], 27:[], 28:[], 29:[], 30:[], 31:[], 32:[], 33:[], 34:[], 35:[], 36:[], 37:[], 38:[]",720236192,744803519
947,2,251.5489,305648,4507101,35749170,4.0590,false,39,true,true,true,true,true,false,false,"0:[0, 1, 2, 3, 4, 5, 6, 7, 8, 9, 10, 11, 12, 13, 14, 15, 16, 17, 18, 19, 20, 21, 22, 23, 24, 25, 26, 27, 28, 29, 30, 31, 32, 33, 34, 35, 36, 37, 38], 1:[], 2:[], 3:[], 4:[], 5:[], 6:[], 7:[], 8:[], 9:[], 10:[], 11:[], 12:[], 13:[], 14:[], 15:[], 16:[], 17:[], 18:[], 19:[], 20:[], 21:[], 22:[], 23:[], 24:[], 25:[], 26:[], 27:[], 28:[], 29:[], 30:[], 31:[], 32:[], 33:[], 34:[], 35:[], 36:[], 37:[], 38:[]",727215104,754913905
953,3,347.5245,311384,4592906,36434177,4.2163,false,39,true,true,true,true,true,false,false,"0:[0, 1, 2, 3, 4, 5, 6, 7, 8, 9, 10, 11, 12, 13, 14, 15, 16, 17, 18, 19, 20, 21, 22, 23, 24, 25, 26, 27, 28, 29, 30, 31, 32, 33, 34, 35, 36, 37, 38], 1:[], 2:[], 3:[], 4:[], 5:[], 6:[], 7:[], 8:[], 9:[], 10:[], 11:[], 12:[], 13:[], 14:[], 15:[], 16:[], 17:[], 18:[], 19:[], 20:[], 21:[], 22:[], 23:[], 24:[], 25:[], 26:[], 27:[], 28:[], 29:[], 30:[], 31:[], 32:[], 33:[], 34:[], 35:[], 36:[], 37:[], 38:[]",734240112,765121186
967,3,293.8560,325130,4796419,38049548,4.3436,false,41,true,true,true,true,true,false,false,"0:[0, 1, 2, 3, 4, 5, 6, 7, 8, 9, 10, 11, 12, 13, 14, 15, 16, 17, 18, 19, 20, 21, 22, 23, 24, 25, 26, 27, 28, 29, 30, 31, 32, 33, 34, 35, 36, 37, 38, 39, 40], 1:[], 2:[], 3:[], 4:[], 5:[], 6:[], 7:[], 8:[], 9:[], 10:[], 11:[], 12:[], 13:[], 14:[], 15:[], 16:[], 17:[], 18:[], 19:[], 20:[], 21:[], 22:[], 23:[], 24:[], 25:[], 26:[], 27:[], 28:[], 29:[], 30:[], 31:[], 32:[], 33:[], 34:[], 35:[], 36:[], 37:[], 38:[], 39:[], 40:[]",750906040,789295943
971,2,320.6670,329189,4855521,38516309,4.4485,false,41,true,true,true,true,true,false,false,"0:[0, 1, 2, 3, 4, 5, 6, 7, 8, 9, 10, 11, 12, 13, 14, 15, 16, 17, 18, 19, 20, 21, 22, 23, 24, 25, 26, 27, 28, 29, 30, 31, 32, 33, 34, 35, 36, 37, 38, 39, 40], 1:[], 2:[], 3:[], 4:[], 5:[], 6:[], 7:[], 8:[], 9:[], 10:[], 11:[], 12:[], 13:[], 14:[], 15:[], 16:[], 17:[], 18:[], 19:[], 20:[], 21:[], 22:[], 23:[], 24:[], 25:[], 26:[], 27:[], 28:[], 29:[], 30:[], 31:[], 32:[], 33:[], 34:[], 35:[], 36:[], 37:[], 38:[], 39:[], 40:[]",755747852,863413777
977,3,381.3641,335216,4946474,39247135,4.4954,false,40,true,true,true,true,true,false,false,"0:[0, 1, 2, 3, 4, 5, 6, 7, 8, 9, 10, 11, 12, 13, 14, 15, 16, 17, 18, 19, 20, 21, 22, 23, 24, 25, 26, 27, 28, 29, 30, 31, 32, 33, 34, 35, 36, 37, 38, 39], 1:[], 2:[], 3:[], 4:[], 5:[], 6:[], 7:[], 8:[], 9:[], 10:[], 11:[], 12:[], 13:[], 14:[], 15:[], 16:[], 17:[], 18:[], 19:[], 20:[], 21:[], 22:[], 23:[], 24:[], 25:[], 26:[], 27:[], 28:[], 29:[], 30:[], 31:[], 32:[], 33:[], 34:[], 35:[], 36:[], 37:[], 38:[], 39:[]",763192848,874232802
983,5,363.7076,341400,5037180,39964533,4.5026,false,41,true,true,true,true,true,false,false,"0:[0, 1, 2, 3, 4, 5, 6, 7, 8, 9, 10, 11, 12, 13, 14, 15, 16, 17, 18, 19, 20, 21, 22, 23, 24, 25, 26, 27, 28, 29, 30, 31, 32, 33, 34, 35, 36, 37, 38, 39, 40], 1:[], 2:[], 3:[], 4:[], 5:[], 6:[], 7:[], 8:[], 9:[], 10:[], 11:[], 12:[], 13:[], 14:[], 15:[], 16:[], 17:[], 18:[], 19:[], 20:[], 21:[], 22:[], 23:[], 24:[], 25:[], 26:[], 27:[], 28:[], 29:[], 30:[], 31:[], 32:[], 33:[], 34:[], 35:[], 36:[], 37:[], 38:[], 39:[], 40:[]",770622480,884994140
991,3,367.7682,349650,5160711,40950725,4.6870,false,41,true,true,true,true,true,false,false,"0:[0, 1, 2, 3, 4, 5, 6, 7, 8, 9, 10, 11, 12, 13, 14, 15, 16, 17, 18, 19, 20, 21, 22, 23, 24, 25, 26, 27, 28, 29, 30, 31, 32, 33, 34, 35, 36, 37, 38, 39, 40], 1:[], 2:[], 3:[], 4:[], 5:[], 6:[], 7:[], 8:[], 9:[], 10:[], 11:[], 12:[], 13:[], 14:[], 15:[], 16:[], 17:[], 18:[], 19:[], 20:[], 21:[], 22:[], 23:[], 24:[], 25:[], 26:[], 27:[], 28:[], 29:[], 30:[], 31:[], 32:[], 33:[], 34:[], 35:[], 36:[], 37:[], 38:[], 39:[], 40:[]",780735960,899680699
997,2,310.2161,355925,5253839,41689851,4.8282,false,42,true,true,true,true,true,false,false,"0:[0, 1, 2, 3, 4, 5, 6, 7, 8, 9, 10, 11, 12, 13, 14, 15, 16, 17, 18, 19, 20, 21, 22, 23, 24, 25, 26, 27, 28, 29, 30, 31, 32, 33, 34, 35, 36, 37, 38, 39, 40, 41], 1:[], 2:[], 3:[], 4:[], 5:[], 6:[], 7:[], 8:[], 9:[], 10:[], 11:[], 12:[], 13:[], 14:[], 15:[], 16:[], 17:[], 18:[], 19:[], 20:[], 21:[], 22:[], 23:[], 24:[], 25:[], 26:[], 27:[], 28:[], 29:[], 30:[], 31:[], 32:[], 33:[], 34:[], 35:[], 36:[], 37:[], 38:[], 39:[], 40:[], 41:[]",788361900,910759639
1009,11,438.0327,368786,5445451,43218938,4.9745,false,43,true,true,true,true,true,false,false,"0:[0, 1, 2, 3, 4, 5, 6, 7, 8, 9, 10, 11, 12, 13, 14, 15, 16, 17, 18, 19, 20, 21, 22, 23, 24, 25, 26, 27, 28, 29, 30, 31, 32, 33, 34, 35, 36, 37, 38, 39, 40, 41, 42], 1:[], 2:[], 3:[], 4:[], 5:[], 6:[], 7:[], 8:[], 9:[], 10:[], 11:[], 12:[], 13:[], 14:[], 15:[], 16:[], 17:[], 18:[], 19:[], 20:[], 21:[], 22:[], 23:[], 24:[], 25:[], 26:[], 27:[], 28:[], 29:[], 30:[], 31:[], 32:[], 33:[], 34:[], 35:[], 36:[], 37:[], 38:[], 39:[], 40:[], 41:[], 42:[]",804050968,933522127
1013,2,327.3103,373197,5509860,43728489,5.1671,false,43,true,true,true,true,true,false,false,"0:[0, 1, 2, 3, 4, 5, 6, 7, 8, 9, 10, 11, 12, 13, 14, 15, 16, 17, 18, 19, 20, 21, 22, 23, 24, 25, 26, 27, 28, 29, 30, 31, 32, 33, 34, 35, 36, 37, 38, 39, 40, 41, 42], 1:[], 2:[], 3:[], 4:[], 5:[], 6:[], 7:[], 8:[], 9:[], 10:[], 11:[], 12:[], 13:[], 14:[], 15:[], 16:[], 17:[], 18:[], 19:[], 20:[], 21:[], 22:[], 23:[], 24:[], 25:[], 26:[], 27:[], 28:[], 29:[], 30:[], 31:[], 32:[], 33:[], 34:[], 35:[], 36:[], 37:[], 38:[], 39:[], 40:[], 41:[], 42:[]",809327196,941162928
1019,2,381.1464,379837,5607378,44500340,5.1843,false,43,true,true,true,true,true,false,false,"0:[0, 1, 2, 3, 4, 5, 6, 7, 8, 9, 10, 11, 12, 13, 14, 15, 16, 17, 18, 19, 20, 21, 22, 23, 24, 25, 26, 27, 28, 29, 30, 31, 32, 33, 34, 35, 36, 37, 38, 39, 40, 41, 42], 1:[], 2:[], 3:[], 4:[], 5:[], 6:[], 7:[], 8:[], 9:[], 10:[], 11:[], 12:[], 13:[], 14:[], 15:[], 16:[], 17:[], 18:[], 19:[], 20:[], 21:[], 22:[], 23:[], 24:[], 25:[], 26:[], 27:[], 28:[], 29:[], 30:[], 31:[], 32:[], 33:[], 34:[], 35:[], 36:[], 37:[], 38:[], 39:[], 40:[], 41:[], 42:[]",817314556,952733206
1021,2,384.1577,381952,5640649,44770889,5.3246,false,42,true,true,true,true,true,false,false,"0:[0, 1, 2, 3, 4, 5, 6, 7, 8, 9, 10, 11, 12, 13, 14, 15, 16, 17, 18, 19, 20, 21, 22, 23, 24, 25, 26, 27, 28, 29, 30, 31, 32, 33, 34, 35, 36, 37, 38, 39, 40, 41], 1:[], 2:[], 3:[], 4:[], 5:[], 6:[], 7:[], 8:[], 9:[], 10:[], 11:[], 12:[], 13:[], 14:[], 15:[], 16:[], 17:[], 18:[], 19:[], 20:[], 21:[], 22:[], 23:[], 24:[], 25:[], 26:[], 27:[], 28:[], 29:[], 30:[], 31:[], 32:[], 33:[], 34:[], 35:[], 36:[], 37:[], 38:[], 39:[], 40:[], 41:[]",820035456,956712493
1031,7,367.5573,393262,5806634,46085847,5.3999,false,42,true,true,true,true,true,false,false,"0:[0, 1, 2, 3, 4, 5, 6, 7, 8, 9, 10, 11, 12, 13, 14, 15, 16, 17, 18, 19, 20, 21, 22, 23, 24, 25, 26, 27, 28, 29, 30, 31, 32, 33, 34, 35, 36, 37, 38, 39, 40, 41], 1:[], 2:[], 3:[], 4:[], 5:[], 6:[], 7:[], 8:[], 9:[], 10:[], 11:[], 12:[], 13:[], 14:[], 15:[], 16:[], 17:[], 18:[], 19:[], 20:[], 21:[], 22:[], 23:[], 24:[], 25:[], 26:[], 27:[], 28:[], 29:[], 30:[], 31:[], 32:[], 33:[], 34:[], 35:[], 36:[], 37:[], 38:[], 39:[], 40:[], 41:[]",833630936,976404650
1033,5,399.3913,395428,5840498,46360074,5.4438,false,43,true,true,true,true,true,false,false,"0:[0, 1, 2, 3, 4, 5, 6, 7, 8, 9, 10, 11, 12, 13, 14, 15, 16, 17, 18, 19, 20, 21, 22, 23, 24, 25, 26, 27, 28, 29, 30, 31, 32, 33, 34, 35, 36, 37, 38, 39, 40, 41, 42], 1:[], 2:[], 3:[], 4:[], 5:[], 6:[], 7:[], 8:[], 9:[], 10:[], 11:[], 12:[], 13:[], 14:[], 15:[], 16:[], 17:[], 18:[], 19:[], 20:[], 21:[], 22:[], 23:[], 24:[], 25:[], 26:[], 27:[], 28:[], 29:[], 30:[], 31:[], 32:[], 33:[], 34:[], 35:[], 36:[], 37:[], 38:[], 39:[], 40:[], 41:[], 42:[]",836400704,980455578
1039,3,362.4770,402328,5942327,47168898,5.8082,false,43,true,true,true,true,true,false,false,"0:[0, 1, 2, 3, 4, 5, 6, 7, 8, 9, 10, 11, 12, 13, 14, 15, 16, 17, 18, 19, 20, 21, 22, 23, 24, 25, 26, 27, 28, 29, 30, 31, 32, 33, 34, 35, 36, 37, 38, 39, 40, 41, 42], 1:[], 2:[], 3:[], 4:[], 5:[], 6:[], 7:[], 8:[], 9:[], 10:[], 11:[], 12:[], 13:[], 14:[], 15:[], 16:[], 17:[], 18:[], 19:[], 20:[], 21:[], 22:[], 23:[], 24:[], 25:[], 26:[], 27:[], 28:[], 29:[], 30:[], 31:[], 32:[], 33:[], 34:[], 35:[], 36:[], 37:[], 38:[], 39:[], 40:[], 41:[], 42:[]",844740224,992536819
1049,3,408.0692,413944,6114193,48534561,5.6413,false,44,true,true,true,true,true,false,false,"0:[0, 1, 2, 3, 4, 5, 6, 7, 8, 9, 10, 11, 12, 13, 14, 15, 16, 17, 18, 19, 20, 21, 22, 23, 24, 25, 26, 27, 28, 29, 30, 31, 32, 33, 34, 35, 36, 37, 38, 39, 40, 41, 42, 43], 1:[], 2:[], 3:[], 4:[], 5:[], 6:[], 7:[], 8:[], 9:[], 10:[], 11:[], 12:[], 13:[], 14:[], 15:[], 16:[], 17:[], 18:[], 19:[], 20:[], 21:[], 22:[], 23:[], 24:[], 25:[], 26:[], 27:[], 28:[], 29:[], 30:[], 31:[], 32:[], 33:[], 34:[], 35:[], 36:[], 37:[], 38:[], 39:[], 40:[], 41:[], 42:[], 43:[]",858814752,1012958645
1051,2,343.5331,416275,6149756,48821872,5.7760,false,44,true,true,true,true,true,false,false,"0:[0, 1, 2, 3, 4, 5, 6, 7, 8, 9, 10, 11, 12, 13, 14, 15, 16, 17, 18, 19, 20, 21, 22, 23, 24, 25, 26, 27, 28, 29, 30, 31, 32, 33, 34, 35, 36, 37, 38, 39, 40, 41, 42, 43], 1:[], 2:[], 3:[], 4:[], 5:[], 6:[], 7:[], 8:[], 9:[], 10:[], 11:[], 12:[], 13:[], 14:[], 15:[], 16:[], 17:[], 18:[], 19:[], 20:[], 21:[], 22:[], 23:[], 24:[], 25:[], 26:[], 27:[], 28:[], 29:[], 30:[], 31:[], 32:[], 33:[], 34:[], 35:[], 36:[], 37:[], 38:[], 39:[], 40:[], 41:[], 42:[], 43:[]",861725060,1017180528
1061,2,357.4464,428157,6325588,50219185,5.8064,false,44,true,true,true,true,true,false,false,"0:[0, 1, 2, 3, 4, 5, 6, 7, 8, 9, 10, 11, 12, 13, 14, 15, 16, 17, 18, 19, 20, 21, 22, 23, 24, 25, 26, 27, 28, 29, 30, 31, 32, 33, 34, 35, 36, 37, 38, 39, 40, 41, 42, 43], 1:[], 2:[], 3:[], 4:[], 5:[], 6:[], 7:[], 8:[], 9:[], 10:[], 11:[], 12:[], 13:[], 14:[], 15:[], 16:[], 17:[], 18:[], 19:[], 20:[], 21:[], 22:[], 23:[], 24:[], 25:[], 26:[], 27:[], 28:[], 29:[], 30:[], 31:[], 32:[], 33:[], 34:[], 35:[], 36:[], 37:[], 38:[], 39:[], 40:[], 41:[], 42:[], 43:[]",876124316,1038073248
1063,3,389.5146,430542,6360821,50497167,6.0607,false,45,true,true,true,true,true,false,false,"0:[0, 1, 2, 3, 4, 5, 6, 7, 8, 9, 10, 11, 12, 13, 14, 15, 16, 17, 18, 19, 20, 21, 22, 23, 24, 25, 26, 27, 28, 29, 30, 31, 32, 33, 34, 35, 36, 37, 38, 39, 40, 41, 42, 43, 44], 1:[], 2:[], 3:[], 4:[], 5:[], 6:[], 7:[], 8:[], 9:[], 10:[], 11:[], 12:[], 13:[], 14:[], 15:[], 16:[], 17:[], 18:[], 19:[], 20:[], 21:[], 22:[], 23:[], 24:[], 25:[], 26:[], 27:[], 28:[], 29:[], 30:[], 31:[], 32:[], 33:[], 34:[], 35:[], 36:[], 37:[], 38:[], 39:[], 40:[], 41:[], 42:[], 43:[], 44:[]",879009736,1042256433
1069,2,368.2968,437752,6469200,51365545,6.1772,false,44,true,true,true,true,true,false,false,"0:[0, 1, 2, 3, 4, 5, 6, 7, 8, 9, 10, 11, 12, 13, 14, 15, 16, 17, 18, 19, 20, 21, 22, 23, 24, 25, 26, 27, 28, 29, 30, 31, 32, 33, 34, 35, 36, 37, 38, 39, 40, 41, 42, 43], 1:[], 2:[], 3:[], 4:[], 5:[], 6:[], 7:[], 8:[], 9:[], 10:[], 11:[], 12:[], 13:[], 14:[], 15:[], 16:[], 17:[], 18:[], 19:[], 20:[], 21:[], 22:[], 23:[], 24:[], 25:[], 26:[], 27:[], 28:[], 29:[], 30:[], 31:[], 32:[], 33:[], 34:[], 35:[], 36:[], 37:[], 38:[], 39:[], 40:[], 41:[], 42:[], 43:[]",887881936,1055147040
1087,3,417.8931,460046,6799240,53988305,6.5976,false,46,true,true,true,true,true,false,false,"0:[0, 1, 2, 3, 4, 5, 6, 7, 8, 9, 10, 11, 12, 13, 14, 15, 16, 17, 18, 19, 20, 21, 22, 23, 24, 25, 26, 27, 28, 29, 30, 31, 32, 33, 34, 35, 36, 37, 38, 39, 40, 41, 42, 43, 44, 45], 1:[], 2:[], 3:[], 4:[], 5:[], 6:[], 7:[], 8:[], 9:[], 10:[], 11:[], 12:[], 13:[], 14:[], 15:[], 16:[], 17:[], 18:[], 19:[], 20:[], 21:[], 22:[], 23:[], 24:[], 25:[], 26:[], 27:[], 28:[], 29:[], 30:[], 31:[], 32:[], 33:[], 34:[], 35:[], 36:[], 37:[], 38:[], 39:[], 40:[], 41:[], 42:[], 43:[], 44:[], 45:[]",933259448,1112692224
1091,2,385.8482,465152,6873898,54579239,6.6104,false,46,true,true,true,true,true,false,false,"0:[0, 1, 2, 3, 4, 5, 6, 7, 8, 9, 10, 11, 12, 13, 14, 15, 16, 17, 18, 19, 20, 21, 22, 23, 24, 25, 26, 27, 28, 29, 30, 31, 32, 33, 34, 35, 36, 37, 38, 39, 40, 41, 42, 43, 44, 45], 1:[], 2:[], 3:[], 4:[], 5:[], 6:[], 7:[], 8:[], 9:[], 10:[], 11:[], 12:[], 13:[], 14:[], 15:[], 16:[], 17:[], 18:[], 19:[], 20:[], 21:[], 22:[], 23:[], 24:[], 25:[], 26:[], 27:[], 28:[], 29:[], 30:[], 31:[], 32:[], 33:[], 34:[], 35:[], 36:[], 37:[], 38:[], 39:[], 40:[], 41:[], 42:[], 43:[], 44:[], 45:[]",939375056,1121549026
1093,2,391.9157,467581,6912013,54888970,6.5412,false,46,true,true,true,true,true,false,false,"0:[0, 1, 2, 3, 4, 5, 6, 7, 8, 9, 10, 11, 12, 13, 14, 15, 16, 17, 18, 19, 20, 21, 22, 23, 24, 25, 26, 27, 28, 29, 30, 31, 32, 33, 34, 35, 36, 37, 38, 39, 40, 41, 42, 43, 44, 45], 1:[], 2:[], 3:[], 4:[], 5:[], 6:[], 7:[], 8:[], 9:[], 10:[], 11:[], 12:[], 13:[], 14:[], 15:[], 16:[], 17:[], 18:[], 19:[], 20:[], 21:[], 22:[], 23:[], 24:[], 25:[], 26:[], 27:[], 28:[], 29:[], 30:[], 31:[], 32:[], 33:[], 34:[], 35:[], 36:[], 37:[], 38:[], 39:[], 40:[], 41:[], 42:[], 43:[], 44:[], 45:[]",942492268,1126105901
1097,3,459.9908,472742,6988058,55494307,6.8657,false,45,true,true,true,true,true,false,false,"0:[0, 1, 2, 3, 4, 5, 6, 7, 8, 9, 10, 11, 12, 13, 14, 15, 16, 17, 18, 19, 20, 21, 22, 23, 24, 25, 26, 27, 28, 29, 30, 31, 32, 33, 34, 35, 36, 37, 38, 39, 40, 41, 42, 43, 44], 1:[], 2:[], 3:[], 4:[], 5:[], 6:[], 7:[], 8:[], 9:[], 10:[], 11:[], 12:[], 13:[], 14:[], 15:[], 16:[], 17:[], 18:[], 19:[], 20:[], 21:[], 22:[], 23:[], 24:[], 25:[], 26:[], 27:[], 28:[], 29:[], 30:[], 31:[], 32:[], 33:[], 34:[], 35:[], 36:[], 37:[], 38:[], 39:[], 40:[], 41:[], 42:[], 43:[], 44:[]",948720376,1135127578
1103,5,436.7095,480508,7102843,56406845,6.8299,false,46,true,true,true,true,true,false,false,"0:[0, 1, 2, 3, 4, 5, 6, 7, 8, 9, 10, 11, 12, 13, 14, 15, 16, 17, 18, 19, 20, 21, 22, 23, 24, 25, 26, 27, 28, 29, 30, 31, 32, 33, 34, 35, 36, 37, 38, 39, 40, 41, 42, 43, 44, 45], 1:[], 2:[], 3:[], 4:[], 5:[], 6:[], 7:[], 8:[], 9:[], 10:[], 11:[], 12:[], 13:[], 14:[], 15:[], 16:[], 17:[], 18:[], 19:[], 20:[], 21:[], 22:[], 23:[], 24:[], 25:[], 26:[], 27:[], 28:[], 29:[], 30:[], 31:[], 32:[], 33:[], 34:[], 35:[], 36:[], 37:[], 38:[], 39:[], 40:[], 41:[], 42:[], 43:[], 44:[], 45:[]",958120624,1148748023
1109,2,416.2392,488265,7218052,57321727,7.0288,false,46,true,true,true,true,true,false,false,"0:[0, 1, 2, 3, 4, 5, 6, 7, 8, 9, 10, 11, 12, 13, 14, 15, 16, 17, 18, 19, 20, 21, 22, 23, 24, 25, 26, 27, 28, 29, 30, 31, 32, 33, 34, 35, 36, 37, 38, 39, 40, 41, 42, 43, 44, 45], 1:[], 2:[], 3:[], 4:[], 5:[], 6:[], 7:[], 8:[], 9:[], 10:[], 11:[], 12:[], 13:[], 14:[], 15:[], 16:[], 17:[], 18:[], 19:[], 20:[], 21:[], 22:[], 23:[], 24:[], 25:[], 26:[], 27:[], 28:[], 29:[], 30:[], 31:[], 32:[], 33:[], 34:[], 35:[], 36:[], 37:[], 38:[], 39:[], 40:[], 41:[], 42:[], 43:[], 44:[], 45:[]",967554540,1162452384
1117,2,442.5066,498736,7374899,58574373,7.0317,false,47,true,true,true,true,true,false,false,"0:[0, 1, 2, 3, 4, 5, 6, 7, 8, 9, 10, 11, 12, 13, 14, 15, 16, 17, 18, 19, 20, 21, 22, 23, 24, 25, 26, 27, 28, 29, 30, 31, 32, 33, 34, 35, 36, 37, 38, 39, 40, 41, 42, 43, 44, 45, 46], 1:[], 2:[], 3:[], 4:[], 5:[], 6:[], 7:[], 8:[], 9:[], 10:[], 11:[], 12:[], 13:[], 14:[], 15:[], 16:[], 17:[], 18:[], 19:[], 20:[], 21:[], 22:[], 23:[], 24:[], 25:[], 26:[], 27:[], 28:[], 29:[], 30:[], 31:[], 32:[], 33:[], 34:[], 35:[], 36:[], 37:[], 38:[], 39:[], 40:[], 41:[], 42:[], 43:[], 44:[], 45:[], 46:[]",1273996768,1181100255
1123,2,418.3258,506782,7493293,59512345,7.2303,false,46,true,true,true,true,true,false,false,"0:[0, 1, 2, 3, 4, 5, 6, 7, 8, 9, 10, 11, 12, 13, 14, 15, 16, 17, 18, 19, 20, 21, 22, 23, 24, 25, 26, 27, 28, 29, 30, 31, 32, 33, 34, 35, 36, 37, 38, 39, 40, 41, 42, 43, 44, 45], 1:[], 2:[], 3:[], 4:[], 5:[], 6:[], 7:[], 8:[], 9:[], 10:[], 11:[], 12:[], 13:[], 14:[], 15:[], 16:[], 17:[], 18:[], 19:[], 20:[], 21:[], 22:[], 23:[], 24:[], 25:[], 26:[], 27:[], 28:[], 29:[], 30:[], 31:[], 32:[], 33:[], 34:[], 35:[], 36:[], 37:[], 38:[], 39:[], 40:[], 41:[], 42:[], 43:[], 44:[], 45:[]",1283693576,1195150153
1129,11,580.3193,514820,7614403,60484396,7.6519,false,48,true,true,true,true,true,false,false,"0:[0, 1, 2, 3, 4, 5, 6, 7, 8, 9, 10, 11, 12, 13, 14, 15, 16, 17, 18, 19, 20, 21, 22, 23, 24, 25, 26, 27, 28, 29, 30, 31, 32, 33, 34, 35, 36, 37, 38, 39, 40, 41, 42, 43, 44, 45, 46, 47], 1:[], 2:[], 3:[], 4:[], 5:[], 6:[], 7:[], 8:[], 9:[], 10:[], 11:[], 12:[], 13:[], 14:[], 15:[], 16:[], 17:[], 18:[], 19:[], 20:[], 21:[], 22:[], 23:[], 24:[], 25:[], 26:[], 27:[], 28:[], 29:[], 30:[], 31:[], 32:[], 33:[], 34:[], 35:[], 36:[], 37:[], 38:[], 39:[], 40:[], 41:[], 42:[], 43:[], 44:[], 45:[], 46:[], 47:[]",1293607440,1209554079
1151,13,510.0312,545310,8064839,64061191,7.8073,false,47,true,true,true,true,true,false,false,"0:[0, 1, 2, 3, 4, 5, 6, 7, 8, 9, 10, 11, 12, 13, 14, 15, 16, 17, 18, 19, 20, 21, 22, 23, 24, 25, 26, 27, 28, 29, 30, 31, 32, 33, 34, 35, 36, 37, 38, 39, 40, 41, 42, 43, 44, 45, 46], 1:[], 2:[], 3:[], 4:[], 5:[], 6:[], 7:[], 8:[], 9:[], 10:[], 11:[], 12:[], 13:[], 14:[], 15:[], 16:[], 17:[], 18:[], 19:[], 20:[], 21:[], 22:[], 23:[], 24:[], 25:[], 26:[], 27:[], 28:[], 29:[], 30:[], 31:[], 32:[], 33:[], 34:[], 35:[], 36:[], 37:[], 38:[], 39:[], 40:[], 41:[], 42:[], 43:[], 44:[], 45:[], 46:[]",1330496040,1263040363
1153,5,584.0389,548016,8106879,64400630,7.8800,false,48,true,true,true,true,true,false,false,"0:[0, 1, 2, 3, 4, 5, 6, 7, 8, 9, 10, 11, 12, 13, 14, 15, 16, 17, 18, 19, 20, 21, 22, 23, 24, 25, 26, 27, 28, 29, 30, 31, 32, 33, 34, 35, 36, 37, 38, 39, 40, 41, 42, 43, 44, 45, 46, 47], 1:[], 2:[], 3:[], 4:[], 5:[], 6:[], 7:[], 8:[], 9:[], 10:[], 11:[], 12:[], 13:[], 14:[], 15:[], 16:[], 17:[], 18:[], 19:[], 20:[], 21:[], 22:[], 23:[], 24:[], 25:[], 26:[], 27:[], 28:[], 29:[], 30:[], 31:[], 32:[], 33:[], 34:[], 35:[], 36:[], 37:[], 38:[], 39:[], 40:[], 41:[], 42:[], 43:[], 44:[], 45:[], 46:[], 47:[]",1333935008,1268065147
1163,2,473.3396,562373,8319325,66092911,9.6600,false,48,true,true,true,true,true,false,false,"0:[0, 1, 2, 3, 4, 5, 6, 7, 8, 9, 10, 11, 12, 13, 14, 15, 16, 17, 18, 19, 20, 21, 22, 23, 24, 25, 26, 27, 28, 29, 30, 31, 32, 33, 34, 35, 36, 37, 38, 39, 40, 41, 42, 43, 44, 45, 46, 47], 1:[], 2:[], 3:[], 4:[], 5:[], 6:[], 7:[], 8:[], 9:[], 10:[], 11:[], 12:[], 13:[], 14:[], 15:[], 16:[], 17:[], 18:[], 19:[], 20:[], 21:[], 22:[], 23:[], 24:[], 25:[], 26:[], 27:[], 28:[], 29:[], 30:[], 31:[], 32:[], 33:[], 34:[], 35:[], 36:[], 37:[], 38:[], 39:[], 40:[], 41:[], 42:[], 43:[], 44:[], 45:[], 46:[], 47:[]",1351332684,1293274493
1171,2,477.7069,573878,8491315,67464505,8.1895,false,49,true,true,true,true,true,false,false,"0:[0, 1, 2, 3, 4, 5, 6, 7, 8, 9, 10, 11, 12, 13, 14, 15, 16, 17, 18, 19, 20, 21, 22, 23, 24, 25, 26, 27, 28, 29, 30, 31, 32, 33, 34, 35, 36, 37, 38, 39, 40, 41, 42, 43, 44, 45, 46, 47, 48], 1:[], 2:[], 3:[], 4:[], 5:[], 6:[], 7:[], 8:[], 9:[], 10:[], 11:[], 12:[], 13:[], 14:[], 15:[], 16:[], 17:[], 18:[], 19:[], 20:[], 21:[], 22:[], 23:[], 24:[], 25:[], 26:[], 27:[], 28:[], 29:[], 30:[], 31:[], 32:[], 33:[], 34:[], 35:[], 36:[], 37:[], 38:[], 39:[], 40:[], 41:[], 42:[], 43:[], 44:[], 45:[], 46:[], 47:[], 48:[]",1411551368,1447939911
1181,2,521.9643,588580,8708852,69192508,8.5840,false,49,true,true,true,true,true,false,false,"0:[0, 1, 2, 3, 4, 5, 6, 7, 8, 9, 10, 11, 12, 13, 14, 15, 16, 17, 18, 19, 20, 21, 22, 23, 24, 25, 26, 27, 28, 29, 30, 31, 32, 33, 34, 35, 36, 37, 38, 39, 40, 41, 42, 43, 44, 45, 46, 47, 48], 1:[], 2:[], 3:[], 4:[], 5:[], 6:[], 7:[], 8:[], 9:[], 10:[], 11:[], 12:[], 13:[], 14:[], 15:[], 16:[], 17:[], 18:[], 19:[], 20:[], 21:[], 22:[], 23:[], 24:[], 25:[], 26:[], 27:[], 28:[], 29:[], 30:[], 31:[], 32:[], 33:[], 34:[], 35:[], 36:[], 37:[], 38:[], 39:[], 40:[], 41:[], 42:[], 43:[], 44:[], 45:[], 46:[], 47:[], 48:[]",1429365984,1473789636
1187,2,497.8766,597560,8842387,70258614,8.8140,false,49,true,true,true,true,true,false,false,"0:[0, 1, 2, 3, 4, 5, 6, 7, 8, 9, 10, 11, 12, 13, 14, 15, 16, 17, 18, 19, 20, 21, 22, 23, 24, 25, 26, 27, 28, 29, 30, 31, 32, 33, 34, 35, 36, 37, 38, 39, 40, 41, 42, 43, 44, 45, 46, 47, 48], 1:[], 2:[], 3:[], 4:[], 5:[], 6:[], 7:[], 8:[], 9:[], 10:[], 11:[], 12:[], 13:[], 14:[], 15:[], 16:[], 17:[], 18:[], 19:[], 20:[], 21:[], 22:[], 23:[], 24:[], 25:[], 26:[], 27:[], 28:[], 29:[], 30:[], 31:[], 32:[], 33:[], 34:[], 35:[], 36:[], 37:[], 38:[], 39:[], 40:[], 41:[], 42:[], 43:[], 44:[], 45:[], 46:[], 47:[], 48:[]",1440300224,1489637119
1193,3,604.5817,606530,8976304,71326148,8.8867,false,49,true,true,true,true,true,false,false,"0:[0, 1, 2, 3, 4, 5, 6, 7, 8, 9, 10, 11, 12, 13, 14, 15, 16, 17, 18, 19, 20, 21, 22, 23, 24, 25, 26, 27, 28, 29, 30, 31, 32, 33, 34, 35, 36, 37, 38, 39, 40, 41, 42, 43, 44, 45, 46, 47, 48], 1:[], 2:[], 3:[], 4:[], 5:[], 6:[], 7:[], 8:[], 9:[], 10:[], 11:[], 12:[], 13:[], 14:[], 15:[], 16:[], 17:[], 18:[], 19:[], 20:[], 21:[], 22:[], 23:[], 24:[], 25:[], 26:[], 27:[], 28:[], 29:[], 30:[], 31:[], 32:[], 33:[], 34:[], 35:[], 36:[], 37:[], 38:[], 39:[], 40:[], 41:[], 42:[], 43:[], 44:[], 45:[], 46:[], 47:[], 48:[]",1451264744,1505565432
1201,11,713.9390,618630,9157503,72773080,9.0440,false,51,true,true,true,true,true,false,false,"0:[0, 1, 2, 3, 4, 5, 6, 7, 8, 9, 10, 11, 12, 13, 14, 15, 16, 17, 18, 19, 20, 21, 22, 23, 24, 25, 26, 27, 28, 29, 30, 31, 32, 33, 34, 35, 36, 37, 38, 39, 40, 41, 42, 43, 44, 45, 46, 47, 48, 49, 50], 1:[], 2:[], 3:[], 4:[], 5:[], 6:[], 7:[], 8:[], 9:[], 10:[], 11:[], 12:[], 13:[], 14:[], 15:[], 16:[], 17:[], 18:[], 19:[], 20:[], 21:[], 22:[], 23:[], 24:[], 25:[], 26:[], 27:[], 28:[], 29:[], 30:[], 31:[], 32:[], 33:[], 34:[], 35:[], 36:[], 37:[], 38:[], 39:[], 40:[], 41:[], 42:[], 43:[], 44:[], 45:[], 46:[], 47:[], 48:[], 49:[], 50:[]",1466099464,1527107459
1213,2,567.0487,637184,9432766,74961795,9.3016,false,51,true,true,true,true,true,false,false,"0:[0, 1, 2, 3, 4, 5, 6, 7, 8, 9, 10, 11, 12, 13, 14, 15, 16, 17, 18, 19, 20, 21, 22, 23, 24, 25, 26, 27, 28, 29, 30, 31, 32, 33, 34, 35, 36, 37, 38, 39, 40, 41, 42, 43, 44, 45, 46, 47, 48, 49, 50], 1:[], 2:[], 3:[], 4:[], 5:[], 6:[], 7:[], 8:[], 9:[], 10:[], 11:[], 12:[], 13:[], 14:[], 15:[], 16:[], 17:[], 18:[], 19:[], 20:[], 21:[], 22:[], 23:[], 24:[], 25:[], 26:[], 27:[], 28:[], 29:[], 30:[], 31:[], 32:[], 33:[], 34:[], 35:[], 36:[], 37:[], 38:[], 39:[], 40:[], 41:[], 42:[], 43:[], 44:[], 45:[], 46:[], 47:[], 48:[], 49:[], 50:[]",1488640016,1559812614
1217,3,667.8305,643518,9526245,75706192,9.3897,false,50,true,true,true,true,true,false,false,"0:[0, 1, 2, 3, 4, 5, 6, 7, 8, 9, 10, 11, 12, 13, 14, 15, 16, 17, 18, 19, 20, 21, 22, 23, 24, 25, 26, 27, 28, 29, 30, 31, 32, 33, 34, 35, 36, 37, 38, 39, 40, 41, 42, 43, 44, 45, 46, 47, 48, 49], 1:[], 2:[], 3:[], 4:[], 5:[], 6:[], 7:[], 8:[], 9:[], 10:[], 11:[], 12:[], 13:[], 14:[], 15:[], 16:[], 17:[], 18:[], 19:[], 20:[], 21:[], 22:[], 23:[], 24:[], 25:[], 26:[], 27:[], 28:[], 29:[], 30:[], 31:[], 32:[], 33:[], 34:[], 35:[], 36:[], 37:[], 38:[], 39:[], 40:[], 41:[], 42:[], 43:[], 44:[], 45:[], 46:[], 47:[], 48:[], 49:[]",1496295688,1570904545
1223,5,604.1485,653046,9666940,76823403,9.3360,false,51,true,true,true,true,true,false,false,"0:[0, 1, 2, 3, 4, 5, 6, 7, 8, 9, 10, 11, 12, 13, 14, 15, 16, 17, 18, 19, 20, 21, 22, 23, 24, 25, 26, 27, 28, 29, 30, 31, 32, 33, 34, 35, 36, 37, 38, 39, 40, 41, 42, 43, 44, 45, 46, 47, 48, 49, 50], 1:[], 2:[], 3:[], 4:[], 5:[], 6:[], 7:[], 8:[], 9:[], 10:[], 11:[], 12:[], 13:[], 14:[], 15:[], 16:[], 17:[], 18:[], 19:[], 20:[], 21:[], 22:[], 23:[], 24:[], 25:[], 26:[], 27:[], 28:[], 29:[], 30:[], 31:[], 32:[], 33:[], 34:[], 35:[], 36:[], 37:[], 38:[], 39:[], 40:[], 41:[], 42:[], 43:[], 44:[], 45:[], 46:[], 47:[], 48:[], 49:[], 50:[]",1507818072,1721820100
1229,2,593.6085,662564,9809129,77957446,9.7593,false,51,true,true,true,true,true,false,false,"0:[0, 1, 2, 3, 4, 5, 6, 7, 8, 9, 10, 11, 12, 13, 14, 15, 16, 17, 18, 19, 20, 21, 22, 23, 24, 25, 26, 27, 28, 29, 30, 31, 32, 33, 34, 35, 36, 37, 38, 39, 40, 41, 42, 43, 44, 45, 46, 47, 48, 49, 50], 1:[], 2:[], 3:[], 4:[], 5:[], 6:[], 7:[], 8:[], 9:[], 10:[], 11:[], 12:[], 13:[], 14:[], 15:[], 16:[], 17:[], 18:[], 19:[], 20:[], 21:[], 22:[], 23:[], 24:[], 25:[], 26:[], 27:[], 28:[], 29:[], 30:[], 31:[], 32:[], 33:[], 34:[], 35:[], 36:[], 37:[], 38:[], 39:[], 40:[], 41:[], 42:[], 43:[], 44:[], 45:[], 46:[], 47:[], 48:[], 49:[], 50:[]",1519459696,1738732381
1231,3,702.9874,665756,9857024,78339862,9.8564,false,51,true,true,true,true,true,false,false,"0:[0, 1, 2, 3, 4, 5, 6, 7, 8, 9, 10, 11, 12, 13, 14, 15, 16, 17, 18, 19, 20, 21, 22, 23, 24, 25, 26, 27, 28, 29, 30, 31, 32, 33, 34, 35, 36, 37, 38, 39, 40, 41, 42, 43, 44, 45, 46, 47, 48, 49, 50], 1:[], 2:[], 3:[], 4:[], 5:[], 6:[], 7:[], 8:[], 9:[], 10:[], 11:[], 12:[], 13:[], 14:[], 15:[], 16:[], 17:[], 18:[], 19:[], 20:[], 21:[], 22:[], 23:[], 24:[], 25:[], 26:[], 27:[], 28:[], 29:[], 30:[], 31:[], 32:[], 33:[], 34:[], 35:[], 36:[], 37:[], 38:[], 39:[], 40:[], 41:[], 42:[], 43:[], 44:[], 45:[], 46:[], 47:[], 48:[], 49:[], 50:[]",1523380672,1744419200
1237,2,603.6387,675397,10000678,79483332,10.4969,false,52,true,true,true,true,true,false,false,"0:[0, 1, 2, 3, 4, 5, 6, 7, 8, 9, 10, 11, 12, 13, 14, 15, 16, 17, 18, 19, 20, 21, 22, 23, 24, 25, 26, 27, 28, 29, 30, 31, 32, 33, 34, 35, 36, 37, 38, 39, 40, 41, 42, 43, 44, 45, 46, 47, 48, 49, 50, 51], 1:[], 2:[], 3:[], 4:[], 5:[], 6:[], 7:[], 8:[], 9:[], 10:[], 11:[], 12:[], 13:[], 14:[], 15:[], 16:[], 17:[], 18:[], 19:[], 20:[], 21:[], 22:[], 23:[], 24:[], 25:[], 26:[], 27:[], 28:[], 29:[], 30:[], 31:[], 32:[], 33:[], 34:[], 35:[], 36:[], 37:[], 38:[], 39:[], 40:[], 41:[], 42:[], 43:[], 44:[], 45:[], 46:[], 47:[], 48:[], 49:[], 50:[], 51:[]",1535142940,1761505690
1249,7,882.4365,695064,10293765,81821489,9.9788,false,53,true,true,true,true,true,false,false,"0:[0, 1, 2, 3, 4, 5, 6, 7, 8, 9, 10, 11, 12, 13, 14, 15, 16, 17, 18, 19, 20, 21, 22, 23, 24, 25, 26, 27, 28, 29, 30, 31, 32, 33, 34, 35, 36, 37, 38, 39, 40, 41, 42, 43, 44, 45, 46, 47, 48, 49, 50, 51, 52], 1:[], 2:[], 3:[], 4:[], 5:[], 6:[], 7:[], 8:[], 9:[], 10:[], 11:[], 12:[], 13:[], 14:[], 15:[], 16:[], 17:[], 18:[], 19:[], 20:[], 21:[], 22:[], 23:[], 24:[], 25:[], 26:[], 27:[], 28:[], 29:[], 30:[], 31:[], 32:[], 33:[], 34:[], 35:[], 36:[], 37:[], 38:[], 39:[], 40:[], 41:[], 42:[], 43:[], 44:[], 45:[], 46:[], 47:[], 48:[], 49:[], 50:[], 51:[], 52:[]",1559140576,1796327385
1259,2,624.6060,711865,10541050,83782533,10.7180,false,53,true,true,true,true,true,false,false,"0:[0, 1, 2, 3, 4, 5, 6, 7, 8, 9, 10, 11, 12, 13, 14, 15, 16, 17, 18, 19, 20, 21, 22, 23, 24, 25, 26, 27, 28, 29, 30, 31, 32, 33, 34, 35, 36, 37, 38, 39, 40, 41, 42, 43, 44, 45, 46, 47, 48, 49, 50, 51, 52], 1:[], 2:[], 3:[], 4:[], 5:[], 6:[], 7:[], 8:[], 9:[], 10:[], 11:[], 12:[], 13:[], 14:[], 15:[], 16:[], 17:[], 18:[], 19:[], 20:[], 21:[], 22:[], 23:[], 24:[], 25:[], 26:[], 27:[], 28:[], 29:[], 30:[], 31:[], 32:[], 33:[], 34:[], 35:[], 36:[], 37:[], 38:[], 39:[], 40:[], 41:[], 42:[], 43:[], 44:[], 45:[], 46:[], 47:[], 48:[], 49:[], 50:[], 51:[], 52:[]",1579393804,1825675854
1277,2,669.5352,742500,10998367,87432917,11.3369,false,54,true,true,true,true,true,false,false,"0:[0, 1, 2, 3, 4, 5, 6, 7, 8, 9, 10, 11, 12, 13, 14, 15, 16, 17, 18, 19, 20, 21, 22, 23, 24, 25, 26, 27, 28, 29, 30, 31, 32, 33, 34, 35, 36, 37, 38, 39, 40, 41, 42, 43, 44, 45, 46, 47, 48, 49, 50, 51, 52, 53], 1:[], 2:[], 3:[], 4:[], 5:[], 6:[], 7:[], 8:[], 9:[], 10:[], 11:[], 12:[], 13:[], 14:[], 15:[], 16:[], 17:[], 18:[], 19:[], 20:[], 21:[], 22:[], 23:[], 24:[], 25:[], 26:[], 27:[], 28:[], 29:[], 30:[], 31:[], 32:[], 33:[], 34:[], 35:[], 36:[], 37:[], 38:[], 39:[], 40:[], 41:[], 42:[], 43:[], 44:[], 45:[], 46:[], 47:[], 48:[], 49:[], 50:[], 51:[], 52:[], 53:[]",1616836944,1880029995
1279,3,718.8327,745946,11049650,87839878,11.1219,false,53,true,true,true,true,true,false,false,"0:[0, 1, 2, 3, 4, 5, 6, 7, 8, 9, 10, 11, 12, 13, 14, 15, 16, 17, 18, 19, 20, 21, 22, 23, 24, 25, 26, 27, 28, 29, 30, 31, 32, 33, 34, 35, 36, 37, 38, 39, 40, 41, 42, 43, 44, 45, 46, 47, 48, 49, 50, 51, 52], 1:[], 2:[], 3:[], 4:[], 5:[], 6:[], 7:[], 8:[], 9:[], 10:[], 11:[], 12:[], 13:[], 14:[], 15:[], 16:[], 17:[], 18:[], 19:[], 20:[], 21:[], 22:[], 23:[], 24:[], 25:[], 26:[], 27:[], 28:[], 29:[], 30:[], 31:[], 32:[], 33:[], 34:[], 35:[], 36:[], 37:[], 38:[], 39:[], 40:[], 41:[], 42:[], 43:[], 44:[], 45:[], 46:[], 47:[], 48:[], 49:[], 50:[], 51:[], 52:[]",1621036072,1886118914
1283,2,626.2686,752976,11153558,88667922,11.1405,false,53,true,true,true,true,true,false,false,"0:[0, 1, 2, 3, 4, 5, 6, 7, 8, 9, 10, 11, 12, 13, 14, 15, 16, 17, 18, 19, 20, 21, 22, 23, 24, 25, 26, 27, 28, 29, 30, 31, 32, 33, 34, 35, 36, 37, 38, 39, 40, 41, 42, 43, 44, 45, 46, 47, 48, 49, 50, 51, 52], 1:[], 2:[], 3:[], 4:[], 5:[], 6:[], 7:[], 8:[], 9:[], 10:[], 11:[], 12:[], 13:[], 14:[], 15:[], 16:[], 17:[], 18:[], 19:[], 20:[], 21:[], 22:[], 23:[], 24:[], 25:[], 26:[], 27:[], 28:[], 29:[], 30:[], 31:[], 32:[], 33:[], 34:[], 35:[], 36:[], 37:[], 38:[], 39:[], 40:[], 41:[], 42:[], 43:[], 44:[], 45:[], 46:[], 47:[], 48:[], 49:[], 50:[], 51:[], 52:[]",1629545552,1898449630
1289,3,765.7422,763442,11309546,89909841,11.3376,false,54,true,true,true,true,true,false,false,"0:[0, 1, 2, 3, 4, 5, 6, 7, 8, 9, 10, 11, 12, 13, 14, 15, 16, 17, 18, 19, 20, 21, 22, 23, 24, 25, 26, 27, 28, 29, 30, 31, 32, 33, 34, 35, 36, 37, 38, 39, 40, 41, 42, 43, 44, 45, 46, 47, 48, 49, 50, 51, 52, 53], 1:[], 2:[], 3:[], 4:[], 5:[], 6:[], 7:[], 8:[], 9:[], 10:[], 11:[], 12:[], 13:[], 14:[], 15:[], 16:[], 17:[], 18:[], 19:[], 20:[], 21:[], 22:[], 23:[], 24:[], 25:[], 26:[], 27:[], 28:[], 29:[], 30:[], 31:[], 32:[], 33:[], 34:[], 35:[], 36:[], 37:[], 38:[], 39:[], 40:[], 41:[], 42:[], 43:[], 44:[], 45:[], 46:[], 47:[], 48:[], 49:[], 50:[], 51:[], 52:[], 53:[]",1642317640,1917002426
1291,2,647.0551,766951,11362200,90330293,11.6784,false,54,true,true,true,true,true,false,false,"0:[0, 1, 2, 3, 4, 5, 6, 7, 8, 9, 10, 11, 12, 13, 14, 15, 16, 17, 18, 19, 20, 21, 22, 23, 24, 25, 26, 27, 28, 29, 30, 31, 32, 33, 34, 35, 36, 37, 38, 39, 40, 41, 42, 43, 44, 45, 46, 47, 48, 49, 50, 51, 52, 53], 1:[], 2:[], 3:[], 4:[], 5:[], 6:[], 7:[], 8:[], 9:[], 10:[], 11:[], 12:[], 13:[], 14:[], 15:[], 16:[], 17:[], 18:[], 19:[], 20:[], 21:[], 22:[], 23:[], 24:[], 25:[], 26:[], 27:[], 28:[], 29:[], 30:[], 31:[], 32:[], 33:[], 34:[], 35:[], 36:[], 37:[], 38:[], 39:[], 40:[], 41:[], 42:[], 43:[], 44:[], 45:[], 46:[], 47:[], 48:[], 49:[], 50:[], 51:[], 52:[], 53:[]",1646628212,1923254796
1297,5,790.4495,777546,11520487,91592744,11.4666,false,54,true,true,true,true,true,false,false,"0:[0, 1, 2, 3, 4, 5, 6, 7, 8, 9, 10, 11, 12, 13, 14, 15, 16, 17, 18, 19, 20, 21, 22, 23, 24, 25, 26, 27, 28, 29, 30, 31, 32, 33, 34, 35, 36, 37, 38, 39, 40, 41, 42, 43, 44, 45, 46, 47, 48, 49, 50, 51, 52, 53], 1:[], 2:[], 3:[], 4:[], 5:[], 6:[], 7:[], 8:[], 9:[], 10:[], 11:[], 12:[], 13:[], 14:[], 15:[], 16:[], 17:[], 18:[], 19:[], 20:[], 21:[], 22:[], 23:[], 24:[], 25:[], 26:[], 27:[], 28:[], 29:[], 30:[], 31:[], 32:[], 33:[], 34:[], 35:[], 36:[], 37:[], 38:[], 39:[], 40:[], 41:[], 42:[], 43:[], 44:[], 45:[], 46:[], 47:[], 48:[], 49:[], 50:[], 51:[], 52:[], 53:[]",1659587832,1942081083
1301,2,672.0342,784773,11626554,92433437,11.7100,false,54,true,true,true,true,true,false,false,"0:[0, 1, 2, 3, 4, 5, 6, 7, 8, 9, 10, 11, 12, 13, 14, 15, 16, 17, 18, 19, 20, 21, 22, 23, 24, 25, 26, 27, 28, 29, 30, 31, 32, 33, 34, 35, 36, 37, 38, 39, 40, 41, 42, 43, 44, 45, 46, 47, 48, 49, 50, 51, 52, 53], 1:[], 2:[], 3:[], 4:[], 5:[], 6:[], 7:[], 8:[], 9:[], 10:[], 11:[], 12:[], 13:[], 14:[], 15:[], 16:[], 17:[], 18:[], 19:[], 20:[], 21:[], 22:[], 23:[], 24:[], 25:[], 26:[], 27:[], 28:[], 29:[], 30:[], 31:[], 32:[], 33:[], 34:[], 35:[], 36:[], 37:[], 38:[], 39:[], 40:[], 41:[], 42:[], 43:[], 44:[], 45:[], 46:[], 47:[], 48:[], 49:[], 50:[], 51:[], 52:[], 53:[]",1668275548,1954668254
1303,3,835.2121,788348,11680212,92862010,11.9841,false,55,true,true,true,true,true,false,false,"0:[0, 1, 2, 3, 4, 5, 6, 7, 8, 9, 10, 11, 12, 13, 14, 15, 16, 17, 18, 19, 20, 21, 22, 23, 24, 25, 26, 27, 28, 29, 30, 31, 32, 33, 34, 35, 36, 37, 38, 39, 40, 41, 42, 43, 44, 45, 46, 47, 48, 49, 50, 51, 52, 53, 54], 1:[], 2:[], 3:[], 4:[], 5:[], 6:[], 7:[], 8:[], 9:[], 10:[], 11:[], 12:[], 13:[], 14:[], 15:[], 16:[], 17:[], 18:[], 19:[], 20:[], 21:[], 22:[], 23:[], 24:[], 25:[], 26:[], 27:[], 28:[], 29:[], 30:[], 31:[], 32:[], 33:[], 34:[], 35:[], 36:[], 37:[], 38:[], 39:[], 40:[], 41:[], 42:[], 43:[], 44:[], 45:[], 46:[], 47:[], 48:[], 49:[], 50:[], 51:[], 52:[], 53:[], 54:[]",1672668288,1961039940
1307,2,679.1238,795641,11787931,93719900,12.0291,false,54,true,true,true,true,true,false,false,"0:[0, 1, 2, 3, 4, 5, 6, 7, 8, 9, 10, 11, 12, 13, 14, 15, 16, 17, 18, 19, 20, 21, 22, 23, 24, 25, 26, 27, 28, 29, 30, 31, 32, 33, 34, 35, 36, 37, 38, 39, 40, 41, 42, 43, 44, 45, 46, 47, 48, 49, 50, 51, 52, 53], 1:[], 2:[], 3:[], 4:[], 5:[], 6:[], 7:[], 8:[], 9:[], 10:[], 11:[], 12:[], 13:[], 14:[], 15:[], 16:[], 17:[], 18:[], 19:[], 20:[], 21:[], 22:[], 23:[], 24:[], 25:[], 26:[], 27:[], 28:[], 29:[], 30:[], 31:[], 32:[], 33:[], 34:[], 35:[], 36:[], 37:[], 38:[], 39:[], 40:[], 41:[], 42:[], 43:[], 44:[], 45:[], 46:[], 47:[], 48:[], 49:[], 50:[], 51:[], 52:[], 53:[]",1681490012,1973822691
1319,13,772.7413,817566,12113407,96308771,12.0885,false,54,true,true,true,true,true,false,false,"0:[0, 1, 2, 3, 4, 5, 6, 7, 8, 9, 10, 11, 12, 13, 14, 15, 16, 17, 18, 19, 20, 21, 22, 23, 24, 25, 26, 27, 28, 29, 30, 31, 32, 33, 34, 35, 36, 37, 38, 39, 40, 41, 42, 43, 44, 45, 46, 47, 48, 49, 50, 51, 52, 53], 1:[], 2:[], 3:[], 4:[], 5:[], 6:[], 7:[], 8:[], 9:[], 10:[], 11:[], 12:[], 13:[], 14:[], 15:[], 16:[], 17:[], 18:[], 19:[], 20:[], 21:[], 22:[], 23:[], 24:[], 25:[], 26:[], 27:[], 28:[], 29:[], 30:[], 31:[], 32:[], 33:[], 34:[], 35:[], 36:[], 37:[], 38:[], 39:[], 40:[], 41:[], 42:[], 43:[], 44:[], 45:[], 46:[], 47:[], 48:[], 49:[], 50:[], 51:[], 52:[], 53:[]",1708141992,2012494211
1321,7,893.3568,821128,12169210,96763021,12.4452,false,56,true,true,true,true,true,false,false,"0:[0, 1, 2, 3, 4, 5, 6, 7, 8, 9, 10, 11, 12, 13, 14, 15, 16, 17, 18, 19, 20, 21, 22, 23, 24, 25, 26, 27, 28, 29, 30, 31, 32, 33, 34, 35, 36, 37, 38, 39, 40, 41, 42, 43, 44, 45, 46, 47, 48, 49, 50, 51, 52, 53, 54, 55], 1:[], 2:[], 3:[], 4:[], 5:[], 6:[], 7:[], 8:[], 9:[], 10:[], 11:[], 12:[], 13:[], 14:[], 15:[], 16:[], 17:[], 18:[], 19:[], 20:[], 21:[], 22:[], 23:[], 24:[], 25:[], 26:[], 27:[], 28:[], 29:[], 30:[], 31:[], 32:[], 33:[], 34:[], 35:[], 36:[], 37:[], 38:[], 39:[], 40:[], 41:[], 42:[], 43:[], 44:[], 45:[], 46:[], 47:[], 48:[], 49:[], 50:[], 51:[], 52:[], 53:[], 54:[], 55:[]",1712705968,2019158994
1327,3,783.8466,832328,12334574,98075516,12.6879,false,56,true,true,true,true,true,false,false,"0:[0, 1, 2, 3, 4, 5, 6, 7, 8, 9, 10, 11, 12, 13, 14, 15, 16, 17, 18, 19, 20, 21, 22, 23, 24, 25, 26, 27, 28, 29, 30, 31, 32, 33, 34, 35, 36, 37, 38, 39, 40, 41, 42, 43, 44, 45, 46, 47, 48, 49, 50, 51, 52, 53, 54, 55], 1:[], 2:[], 3:[], 4:[], 5:[], 6:[], 7:[], 8:[], 9:[], 10:[], 11:[], 12:[], 13:[], 14:[], 15:[], 16:[], 17:[], 18:[], 19:[], 20:[], 21:[], 22:[], 23:[], 24:[], 25:[], 26:[], 27:[], 28:[], 29:[], 30:[], 31:[], 32:[], 33:[], 34:[], 35:[], 36:[], 37:[], 38:[], 39:[], 40:[], 41:[], 42:[], 43:[], 44:[], 45:[], 46:[], 47:[], 48:[], 49:[], 50:[], 51:[], 52:[], 53:[], 54:[], 55:[]",1726248688,2038788438
1361,3,1013.7150,897408,13302578,105787630,13.2097,false,57,true,true,true,true,true,false,false,"0:[0, 1, 2, 3, 4, 5, 6, 7, 8, 9, 10, 11, 12, 13, 14, 15, 16, 17, 18, 19, 20, 21, 22, 23, 24, 25, 26, 27, 28, 29, 30, 31, 32, 33, 34, 35, 36, 37, 38, 39, 40, 41, 42, 43, 44, 45, 46, 47, 48, 49, 50, 51, 52, 53, 54, 55, 56], 1:[], 2:[], 3:[], 4:[], 5:[], 6:[], 7:[], 8:[], 9:[], 10:[], 11:[], 12:[], 13:[], 14:[], 15:[], 16:[], 17:[], 18:[], 19:[], 20:[], 21:[], 22:[], 23:[], 24:[], 25:[], 26:[], 27:[], 28:[], 29:[], 30:[], 31:[], 32:[], 33:[], 34:[], 35:[], 36:[], 37:[], 38:[], 39:[], 40:[], 41:[], 42:[], 43:[], 44:[], 45:[], 46:[], 47:[], 48:[], 49:[], 50:[], 51:[], 52:[], 53:[], 54:[], 55:[], 56:[]",1805511248,2153807626
1367,5,845.6830,909288,13479434,107199986,13.9000,false,57,true,true,true,true,true,false,false,"0:[0, 1, 2, 3, 4, 5, 6, 7, 8, 9, 10, 11, 12, 13, 14, 15, 16, 17, 18, 19, 20, 21, 22, 23, 24, 25, 26, 27, 28, 29, 30, 31, 32, 33, 34, 35, 36, 37, 38, 39, 40, 41, 42, 43, 44, 45, 46, 47, 48, 49, 50, 51, 52, 53, 54, 55, 56], 1:[], 2:[], 3:[], 4:[], 5:[], 6:[], 7:[], 8:[], 9:[], 10:[], 11:[], 12:[], 13:[], 14:[], 15:[], 16:[], 17:[], 18:[], 19:[], 20:[], 21:[], 22:[], 23:[], 24:[], 25:[], 26:[], 27:[], 28:[], 29:[], 30:[], 31:[], 32:[], 33:[], 34:[], 35:[], 36:[], 37:[], 38:[], 39:[], 40:[], 41:[], 42:[], 43:[], 44:[], 45:[], 46:[], 47:[], 48:[], 49:[], 50:[], 51:[], 52:[], 53:[], 54:[], 55:[], 56:[]",1819992368,2174800514
1373,2,926.5619,921156,13657121,108619456,13.6067,false,58,true,true,true,true,true,false,false,"0:[0, 1, 2, 3, 4, 5, 6, 7, 8, 9, 10, 11, 12, 13, 14, 15, 16, 17, 18, 19, 20, 21, 22, 23, 24, 25, 26, 27, 28, 29, 30, 31, 32, 33, 34, 35, 36, 37, 38, 39, 40, 41, 42, 43, 44, 45, 46, 47, 48, 49, 50, 51, 52, 53, 54, 55, 56, 57], 1:[], 2:[], 3:[], 4:[], 5:[], 6:[], 7:[], 8:[], 9:[], 10:[], 11:[], 12:[], 13:[], 14:[], 15:[], 16:[], 17:[], 18:[], 19:[], 20:[], 21:[], 22:[], 23:[], 24:[], 25:[], 26:[], 27:[], 28:[], 29:[], 30:[], 31:[], 32:[], 33:[], 34:[], 35:[], 36:[], 37:[], 38:[], 39:[], 40:[], 41:[], 42:[], 43:[], 44:[], 45:[], 46:[], 47:[], 48:[], 49:[], 50:[], 51:[], 52:[], 53:[], 54:[], 55:[], 56:[], 57:[]",1871239792,2232633205
1381,2,940.7027,937141,13896177,110526643,14.4363,false,57,true,true,true,true,true,false,false,"0:[0, 1, 2, 3, 4, 5, 6, 7, 8, 9, 10, 11, 12, 13, 14, 15, 16, 17, 18, 19, 20, 21, 22, 23, 24, 25, 26, 27, 28, 29, 30, 31, 32, 33, 34, 35, 36, 37, 38, 39, 40, 41, 42, 43, 44, 45, 46, 47, 48, 49, 50, 51, 52, 53, 54, 55, 56], 1:[], 2:[], 3:[], 4:[], 5:[], 6:[], 7:[], 8:[], 9:[], 10:[], 11:[], 12:[], 13:[], 14:[], 15:[], 16:[], 17:[], 18:[], 19:[], 20:[], 21:[], 22:[], 23:[], 24:[], 25:[], 26:[], 27:[], 28:[], 29:[], 30:[], 31:[], 32:[], 33:[], 34:[], 35:[], 36:[], 37:[], 38:[], 39:[], 40:[], 41:[], 42:[], 43:[], 44:[], 45:[], 46:[], 47:[], 48:[], 49:[], 50:[], 51:[], 52:[], 53:[], 54:[], 55:[], 56:[]",1890811852,2261053345
1399,3,1049.1576,974020,14443740,114884783,14.9835,false,58,true,true,true,true,true,false,false,"0:[0, 1, 2, 3, 4, 5, 6, 7, 8, 9, 10, 11, 12, 13, 14, 15, 16, 17, 18, 19, 20, 21, 22, 23, 24, 25, 26, 27, 28, 29, 30, 31, 32, 33, 34, 35, 36, 37, 38, 39, 40, 41, 42, 43, 44, 45, 46, 47, 48, 49, 50, 51, 52, 53, 54, 55, 56, 57], 1:[], 2:[], 3:[], 4:[], 5:[], 6:[], 7:[], 8:[], 9:[], 10:[], 11:[], 12:[], 13:[], 14:[], 15:[], 16:[], 17:[], 18:[], 19:[], 20:[], 21:[], 22:[], 23:[], 24:[], 25:[], 26:[], 27:[], 28:[], 29:[], 30:[], 31:[], 32:[], 33:[], 34:[], 35:[], 36:[], 37:[], 38:[], 39:[], 40:[], 41:[], 42:[], 43:[], 44:[], 45:[], 46:[], 47:[], 48:[], 49:[], 50:[], 51:[], 52:[], 53:[], 54:[], 55:[], 56:[], 57:[]",1935649504,2326094540
1409,3,1058.4344,994906,14754190,117357883,15.2893,false,59,true,true,true,true,true,false,false,"0:[0, 1, 2, 3, 4, 5, 6, 7, 8, 9, 10, 11, 12, 13, 14, 15, 16, 17, 18, 19, 20, 21, 22, 23, 24, 25, 26, 27, 28, 29, 30, 31, 32, 33, 34, 35, 36, 37, 38, 39, 40, 41, 42, 43, 44, 45, 46, 47, 48, 49, 50, 51, 52, 53, 54, 55, 56, 57, 58], 1:[], 2:[], 3:[], 4:[], 5:[], 6:[], 7:[], 8:[], 9:[], 10:[], 11:[], 12:[], 13:[], 14:[], 15:[], 16:[], 17:[], 18:[], 19:[], 20:[], 21:[], 22:[], 23:[], 24:[], 25:[], 26:[], 27:[], 28:[], 29:[], 30:[], 31:[], 32:[], 33:[], 34:[], 35:[], 36:[], 37:[], 38:[], 39:[], 40:[], 41:[], 42:[], 43:[], 44:[], 45:[], 46:[], 47:[], 48:[], 49:[], 50:[], 51:[], 52:[], 53:[], 54:[], 55:[], 56:[], 57:[], 58:[]",2548272872,2362985966
1423,3,953.9906,1024596,15196351,120880845,15.8755,false,60,true,true,true,true,true,false,false,"0:[0, 1, 2, 3, 4, 5, 6, 7, 8, 9, 10, 11, 12, 13, 14, 15, 16, 17, 18, 19, 20, 21, 22, 23, 24, 25, 26, 27, 28, 29, 30, 31, 32, 33, 34, 35, 36, 37, 38, 39, 40, 41, 42, 43, 44, 45, 46, 47, 48, 49, 50, 51, 52, 53, 54, 55, 56, 57, 58, 59], 1:[], 2:[], 3:[], 4:[], 5:[], 6:[], 7:[], 8:[], 9:[], 10:[], 11:[], 12:[], 13:[], 14:[], 15:[], 16:[], 17:[], 18:[], 19:[], 20:[], 21:[], 22:[], 23:[], 24:[], 25:[], 26:[], 27:[], 28:[], 29:[], 30:[], 31:[], 32:[], 33:[], 34:[], 35:[], 36:[], 37:[], 38:[], 39:[], 40:[], 41:[], 42:[], 43:[], 44:[], 45:[], 46:[], 47:[], 48:[], 49:[], 50:[], 51:[], 52:[], 53:[], 54:[], 55:[], 56:[], 57:[], 58:[], 59:[]",2584477072,2415520011
1427,2,874.2864,1033272,15324683,121903417,16.3276,false,59,true,true,true,true,true,false,false,"0:[0, 1, 2, 3, 4, 5, 6, 7, 8, 9, 10, 11, 12, 13, 14, 15, 16, 17, 18, 19, 20, 21, 22, 23, 24, 25, 26, 27, 28, 29, 30, 31, 32, 33, 34, 35, 36, 37, 38, 39, 40, 41, 42, 43, 44, 45, 46, 47, 48, 49, 50, 51, 52, 53, 54, 55, 56, 57, 58], 1:[], 2:[], 3:[], 4:[], 5:[], 6:[], 7:[], 8:[], 9:[], 10:[], 11:[], 12:[], 13:[], 14:[], 15:[], 16:[], 17:[], 18:[], 19:[], 20:[], 21:[], 22:[], 23:[], 24:[], 25:[], 26:[], 27:[], 28:[], 29:[], 30:[], 31:[], 32:[], 33:[], 34:[], 35:[], 36:[], 37:[], 38:[], 39:[], 40:[], 41:[], 42:[], 43:[], 44:[], 45:[], 46:[], 47:[], 48:[], 49:[], 50:[], 51:[], 52:[], 53:[], 54:[], 55:[], 56:[], 57:[], 58:[]",2594986560,2430750903
1429,2,934.0661,1037449,15389465,122427654,15.9053,false,59,true,true,true,true,true,false,false,"0:[0, 1, 2, 3, 4, 5, 6, 7, 8, 9, 10, 11, 12, 13, 14, 15, 16, 17, 18, 19, 20, 21, 22, 23, 24, 25, 26, 27, 28, 29, 30, 31, 32, 33, 34, 35, 36, 37, 38, 39, 40, 41, 42, 43, 44, 45, 46, 47, 48, 49, 50, 51, 52, 53, 54, 55, 56, 57, 58], 1:[], 2:[], 3:[], 4:[], 5:[], 6:[], 7:[], 8:[], 9:[], 10:[], 11:[], 12:[], 13:[], 14:[], 15:[], 16:[], 17:[], 18:[], 19:[], 20:[], 21:[], 22:[], 23:[], 24:[], 25:[], 26:[], 27:[], 28:[], 29:[], 30:[], 31:[], 32:[], 33:[], 34:[], 35:[], 36:[], 37:[], 38:[], 39:[], 40:[], 41:[], 42:[], 43:[], 44:[], 45:[], 46:[], 47:[], 48:[], 49:[], 50:[], 51:[], 52:[], 53:[], 54:[], 55:[], 56:[], 57:[], 58:[]",2600286076,2438485113
1433,3,1077.6571,1046196,15518164,123448948,15.9843,false,59,true,true,true,true,true,false,false,"0:[0, 1, 2, 3, 4, 5, 6, 7, 8, 9, 10, 11, 12, 13, 14, 15, 16, 17, 18, 19, 20, 21, 22, 23, 24, 25, 26, 27, 28, 29, 30, 31, 32, 33, 34, 35, 36, 37, 38, 39, 40, 41, 42, 43, 44, 45, 46, 47, 48, 49, 50, 51, 52, 53, 54, 55, 56, 57, 58], 1:[], 2:[], 3:[], 4:[], 5:[], 6:[], 7:[], 8:[], 9:[], 10:[], 11:[], 12:[], 13:[], 14:[], 15:[], 16:[], 17:[], 18:[], 19:[], 20:[], 21:[], 22:[], 23:[], 24:[], 25:[], 26:[], 27:[], 28:[], 29:[], 30:[], 31:[], 32:[], 33:[], 34:[], 35:[], 36:[], 37:[], 38:[], 39:[], 40:[], 41:[], 42:[], 43:[], 44:[], 45:[], 46:[], 47:[], 48:[], 49:[], 50:[], 51:[], 52:[], 53:[], 54:[], 55:[], 56:[], 57:[], 58:[]",2610826912,2453761188
1439,7,1000.8296,1059350,15712558,124992557,16.4724,false,59,true,true,true,true,true,false,false,"0:[0, 1, 2, 3, 4, 5, 6, 7, 8, 9, 10, 11, 12, 13, 14, 15, 16, 17, 18, 19, 20, 21, 22, 23, 24, 25, 26, 27, 28, 29, 30, 31, 32, 33, 34, 35, 36, 37, 38, 39, 40, 41, 42, 43, 44, 45, 46, 47, 48, 49, 50, 51, 52, 53, 54, 55, 56, 57, 58], 1:[], 2:[], 3:[], 4:[], 5:[], 6:[], 7:[], 8:[], 9:[], 10:[], 11:[], 12:[], 13:[], 14:[], 15:[], 16:[], 17:[], 18:[], 19:[], 20:[], 21:[], 22:[], 23:[], 24:[], 25:[], 26:[], 27:[], 28:[], 29:[], 30:[], 31:[], 32:[], 33:[], 34:[], 35:[], 36:[], 37:[], 38:[], 39:[], 40:[], 41:[], 42:[], 43:[], 44:[], 45:[], 46:[], 47:[], 48:[], 49:[], 50:[], 51:[], 52:[], 53:[], 54:[], 55:[], 56:[], 57:[], 58:[]",2626746744,2476838430
1447,3,998.2157,1076894,15974605,127081206,16.3640,false,61,true,true,true,true,true,false,false,"0:[0, 1, 2, 3, 4, 5, 6, 7, 8, 9, 10, 11, 12, 13, 14, 15, 16, 17, 18, 19, 20, 21, 22, 23, 24, 25, 26, 27, 28, 29, 30, 31, 32, 33, 34, 35, 36, 37, 38, 39, 40, 41, 42, 43, 44, 45, 46, 47, 48, 49, 50, 51, 52, 53, 54, 55, 56, 57, 58, 59, 60], 1:[], 2:[], 3:[], 4:[], 5:[], 6:[], 7:[], 8:[], 9:[], 10:[], 11:[], 12:[], 13:[], 14:[], 15:[], 16:[], 17:[], 18:[], 19:[], 20:[], 21:[], 22:[], 23:[], 24:[], 25:[], 26:[], 27:[], 28:[], 29:[], 30:[], 31:[], 32:[], 33:[], 34:[], 35:[], 36:[], 37:[], 38:[], 39:[], 40:[], 41:[], 42:[], 43:[], 44:[], 45:[], 46:[], 47:[], 48:[], 49:[], 50:[], 51:[], 52:[], 53:[], 54:[], 55:[], 56:[], 57:[], 58:[], 59:[], 60:[]",2648201736,2507992169
1451,2,960.2682,1085861,16107291,128138583,16.5960,false,61,true,true,true,true,true,false,false,"0:[0, 1, 2, 3, 4, 5, 6, 7, 8, 9, 10, 11, 12, 13, 14, 15, 16, 17, 18, 19, 20, 21, 22, 23, 24, 25, 26, 27, 28, 29, 30, 31, 32, 33, 34, 35, 36, 37, 38, 39, 40, 41, 42, 43, 44, 45, 46, 47, 48, 49, 50, 51, 52, 53, 54, 55, 56, 57, 58, 59, 60], 1:[], 2:[], 3:[], 4:[], 5:[], 6:[], 7:[], 8:[], 9:[], 10:[], 11:[], 12:[], 13:[], 14:[], 15:[], 16:[], 17:[], 18:[], 19:[], 20:[], 21:[], 22:[], 23:[], 24:[], 25:[], 26:[], 27:[], 28:[], 29:[], 30:[], 31:[], 32:[], 33:[], 34:[], 35:[], 36:[], 37:[], 38:[], 39:[], 40:[], 41:[], 42:[], 43:[], 44:[], 45:[], 46:[], 47:[], 48:[], 49:[], 50:[], 51:[], 52:[], 53:[], 54:[], 55:[], 56:[], 57:[], 58:[], 59:[], 60:[]",2659067692,2523740371
1453,2,1097.4235,1090180,16173953,128676315,16.6766,false,61,true,true,true,true,true,false,false,"0:[0, 1, 2, 3, 4, 5, 6, 7, 8, 9, 10, 11, 12, 13, 14, 15, 16, 17, 18, 19, 20, 21, 22, 23, 24, 25, 26, 27, 28, 29, 30, 31, 32, 33, 34, 35, 36, 37, 38, 39, 40, 41, 42, 43, 44, 45, 46, 47, 48, 49, 50, 51, 52, 53, 54, 55, 56, 57, 58, 59, 60], 1:[], 2:[], 3:[], 4:[], 5:[], 6:[], 7:[], 8:[], 9:[], 10:[], 11:[], 12:[], 13:[], 14:[], 15:[], 16:[], 17:[], 18:[], 19:[], 20:[], 21:[], 22:[], 23:[], 24:[], 25:[], 26:[], 27:[], 28:[], 29:[], 30:[], 31:[], 32:[], 33:[], 34:[], 35:[], 36:[], 37:[], 38:[], 39:[], 40:[], 41:[], 42:[], 43:[], 44:[], 45:[], 46:[], 47:[], 48:[], 49:[], 50:[], 51:[], 52:[], 53:[], 54:[], 55:[], 56:[], 57:[], 58:[], 59:[], 60:[]",2664521584,2531700213
1459,2,1087.7093,1103698,16374489,130273124,17.2267,false,61,true,true,true,true,true,false,false,"0:[0, 1, 2, 3, 4, 5, 6, 7, 8, 9, 10, 11, 12, 13, 14, 15, 16, 17, 18, 19, 20, 21, 22, 23, 24, 25, 26, 27, 28, 29, 30, 31, 32, 33, 34, 35, 36, 37, 38, 39, 40, 41, 42, 43, 44, 45, 46, 47, 48, 49, 50, 51, 52, 53, 54, 55, 56, 57, 58, 59, 60], 1:[], 2:[], 3:[], 4:[], 5:[], 6:[], 7:[], 8:[], 9:[], 10:[], 11:[], 12:[], 13:[], 14:[], 15:[], 16:[], 17:[], 18:[], 19:[], 20:[], 21:[], 22:[], 23:[], 24:[], 25:[], 26:[], 27:[], 28:[], 29:[], 30:[], 31:[], 32:[], 33:[], 34:[], 35:[], 36:[], 37:[], 38:[], 39:[], 40:[], 41:[], 42:[], 43:[], 44:[], 45:[], 46:[], 47:[], 48:[], 49:[], 50:[], 51:[], 52:[], 53:[], 54:[], 55:[], 56:[], 57:[], 58:[], 59:[], 60:[]",2680942968,2555505941
1471,3,1103.0233,1130942,16780591,133512467,18.5332,false,61,true,true,true,true,true,false,false,"0:[0, 1, 2, 3, 4, 5, 6, 7, 8, 9, 10, 11, 12, 13, 14, 15, 16, 17, 18, 19, 20, 21, 22, 23, 24, 25, 26, 27, 28, 29, 30, 31, 32, 33, 34, 35, 36, 37, 38, 39, 40, 41, 42, 43, 44, 45, 46, 47, 48, 49, 50, 51, 52, 53, 54, 55, 56, 57, 58, 59, 60], 1:[], 2:[], 3:[], 4:[], 5:[], 6:[], 7:[], 8:[], 9:[], 10:[], 11:[], 12:[], 13:[], 14:[], 15:[], 16:[], 17:[], 18:[], 19:[], 20:[], 21:[], 22:[], 23:[], 24:[], 25:[], 26:[], 27:[], 28:[], 29:[], 30:[], 31:[], 32:[], 33:[], 34:[], 35:[], 36:[], 37:[], 38:[], 39:[], 40:[], 41:[], 42:[], 43:[], 44:[], 45:[], 46:[], 47:[], 48:[], 49:[], 50:[], 51:[], 52:[], 53:[], 54:[], 55:[], 56:[], 57:[], 58:[], 59:[], 60:[]",2714193960,2872194739
1481,3,1194.1085,1154006,17123187,136240004,17.9281,false,62,true,true,true,true,true,false,false,"0:[0, 1, 2, 3, 4, 5, 6, 7, 8, 9, 10, 11, 12, 13, 14, 15, 16, 17, 18, 19, 20, 21, 22, 23, 24, 25, 26, 27, 28, 29, 30, 31, 32, 33, 34, 35, 36, 37, 38, 39, 40, 41, 42, 43, 44, 45, 46, 47, 48, 49, 50, 51, 52, 53, 54, 55, 56, 57, 58, 59, 60, 61], 1:[], 2:[], 3:[], 4:[], 5:[], 6:[], 7:[], 8:[], 9:[], 10:[], 11:[], 12:[], 13:[], 14:[], 15:[], 16:[], 17:[], 18:[], 19:[], 20:[], 21:[], 22:[], 23:[], 24:[], 25:[], 26:[], 27:[], 28:[], 29:[], 30:[], 31:[], 32:[], 33:[], 34:[], 35:[], 36:[], 37:[], 38:[], 39:[], 40:[], 41:[], 42:[], 43:[], 44:[], 45:[], 46:[], 47:[], 48:[], 49:[], 50:[], 51:[], 52:[], 53:[], 54:[], 55:[], 56:[], 57:[], 58:[], 59:[], 60:[], 61:[]",2834522120,2912907751
1483,2,1027.7662,1158631,17191804,136783467,18.3005,false,61,true,true,true,true,true,false,false,"0:[0, 1, 2, 3, 4, 5, 6, 7, 8, 9, 10, 11, 12, 13, 14, 15, 16, 17, 18, 19, 20, 21, 22, 23, 24, 25, 26, 27, 28, 29, 30, 31, 32, 33, 34, 35, 36, 37, 38, 39, 40, 41, 42, 43, 44, 45, 46, 47, 48, 49, 50, 51, 52, 53, 54, 55, 56, 57, 58, 59, 60], 1:[], 2:[], 3:[], 4:[], 5:[], 6:[], 7:[], 8:[], 9:[], 10:[], 11:[], 12:[], 13:[], 14:[], 15:[], 16:[], 17:[], 18:[], 19:[], 20:[], 21:[], 22:[], 23:[], 24:[], 25:[], 26:[], 27:[], 28:[], 29:[], 30:[], 31:[], 32:[], 33:[], 34:[], 35:[], 36:[], 37:[], 38:[], 39:[], 40:[], 41:[], 42:[], 43:[], 44:[], 45:[], 46:[], 47:[], 48:[], 49:[], 50:[], 51:[], 52:[], 53:[], 54:[], 55:[], 56:[], 57:[], 58:[], 59:[], 60:[]",2840140980,2921056896
1487,5,1264.2242,1168044,17331467,137898575,18.3437,false,62,true,true,true,true,true,false,false,"0:[0, 1, 2, 3, 4, 5, 6, 7, 8, 9, 10, 11, 12, 13, 14, 15, 16, 17, 18, 19, 20, 21, 22, 23, 24, 25, 26, 27, 28, 29, 30, 31, 32, 33, 34, 35, 36, 37, 38, 39, 40, 41, 42, 43, 44, 45, 46, 47, 48, 49, 50, 51, 52, 53, 54, 55, 56, 57, 58, 59, 60, 61], 1:[], 2:[], 3:[], 4:[], 5:[], 6:[], 7:[], 8:[], 9:[], 10:[], 11:[], 12:[], 13:[], 14:[], 15:[], 16:[], 17:[], 18:[], 19:[], 20:[], 21:[], 22:[], 23:[], 24:[], 25:[], 26:[], 27:[], 28:[], 29:[], 30:[], 31:[], 32:[], 33:[], 34:[], 35:[], 36:[], 37:[], 38:[], 39:[], 40:[], 41:[], 42:[], 43:[], 44:[], 45:[], 46:[], 47:[], 48:[], 49:[], 50:[], 51:[], 52:[], 53:[], 54:[], 55:[], 56:[], 57:[], 58:[], 59:[], 60:[], 61:[]",2851577584,2937633255
1489,7,1337.2118,1172582,17401384,138461942,18.1914,false,63,true,true,true,true,true,false,false,"0:[0, 1, 2, 3, 4, 5, 6, 7, 8, 9, 10, 11, 12, 13, 14, 15, 16, 17, 18, 19, 20, 21, 22, 23, 24, 25, 26, 27, 28, 29, 30, 31, 32, 33, 34, 35, 36, 37, 38, 39, 40, 41, 42, 43, 44, 45, 46, 47, 48, 49, 50, 51, 52, 53, 54, 55, 56, 57, 58, 59, 60, 61, 62], 1:[], 2:[], 3:[], 4:[], 5:[], 6:[], 7:[], 8:[], 9:[], 10:[], 11:[], 12:[], 13:[], 14:[], 15:[], 16:[], 17:[], 18:[], 19:[], 20:[], 21:[], 22:[], 23:[], 24:[], 25:[], 26:[], 27:[], 28:[], 29:[], 30:[], 31:[], 32:[], 33:[], 34:[], 35:[], 36:[], 37:[], 38:[], 39:[], 40:[], 41:[], 42:[], 43:[], 44:[], 45:[], 46:[], 47:[], 48:[], 49:[], 50:[], 51:[], 52:[], 53:[], 54:[], 55:[], 56:[], 57:[], 58:[], 59:[], 60:[], 61:[], 62:[]",2857298008,2945979904
1493,2,1065.3771,1182069,17541896,139582288,18.3453,false,63,true,true,true,true,true,false,false,"0:[0, 1, 2, 3, 4, 5, 6, 7, 8, 9, 10, 11, 12, 13, 14, 15, 16, 17, 18, 19, 20, 21, 22, 23, 24, 25, 26, 27, 28, 29, 30, 31, 32, 33, 34, 35, 36, 37, 38, 39, 40, 41, 42, 43, 44, 45, 46, 47, 48, 49, 50, 51, 52, 53, 54, 55, 56, 57, 58, 59, 60, 61, 62], 1:[], 2:[], 3:[], 4:[], 5:[], 6:[], 7:[], 8:[], 9:[], 10:[], 11:[], 12:[], 13:[], 14:[], 15:[], 16:[], 17:[], 18:[], 19:[], 20:[], 21:[], 22:[], 23:[], 24:[], 25:[], 26:[], 27:[], 28:[], 29:[], 30:[], 31:[], 32:[], 33:[], 34:[], 35:[], 36:[], 37:[], 38:[], 39:[], 40:[], 41:[], 42:[], 43:[], 44:[], 45:[], 46:[], 47:[], 48:[], 49:[], 50:[], 51:[], 52:[], 53:[], 54:[], 55:[], 56:[], 57:[], 58:[], 59:[], 60:[], 61:[], 62:[]",2868804604,2962658468
1499,2,1073.6665,1196333,17752399,141251728,19.3480,false,63,true,true,true,true,true,false,false,"0:[0, 1, 2, 3, 4, 5, 6, 7, 8, 9, 10, 11, 12, 13, 14, 15, 16, 17, 18, 19, 20, 21, 22, 23, 24, 25, 26, 27, 28, 29, 30, 31, 32, 33, 34, 35, 36, 37, 38, 39, 40, 41, 42, 43, 44, 45, 46, 47, 48, 49, 50, 51, 52, 53, 54, 55, 56, 57, 58, 59, 60, 61, 62], 1:[], 2:[], 3:[], 4:[], 5:[], 6:[], 7:[], 8:[], 9:[], 10:[], 11:[], 12:[], 13:[], 14:[], 15:[], 16:[], 17:[], 18:[], 19:[], 20:[], 21:[], 22:[], 23:[], 24:[], 25:[], 26:[], 27:[], 28:[], 29:[], 30:[], 31:[], 32:[], 33:[], 34:[], 35:[], 36:[], 37:[], 38:[], 39:[], 40:[], 41:[], 42:[], 43:[], 44:[], 45:[], 46:[], 47:[], 48:[], 49:[], 50:[], 51:[], 52:[], 53:[], 54:[], 55:[], 56:[], 57:[], 58:[], 59:[], 60:[], 61:[], 62:[]",2886044236,2987649623
1511,11,1344.0356,1225074,18180074,144658651,19.3979,false,62,true,true,true,true,true,false,false,"0:[0, 1, 2, 3, 4, 5, 6, 7, 8, 9, 10, 11, 12, 13, 14, 15, 16, 17, 18, 19, 20, 21, 22, 23, 24, 25, 26, 27, 28, 29, 30, 31, 32, 33, 34, 35, 36, 37, 38, 39, 40, 41, 42, 43, 44, 45, 46, 47, 48, 49, 50, 51, 52, 53, 54, 55, 56, 57, 58, 59, 60, 61], 1:[], 2:[], 3:[], 4:[], 5:[], 6:[], 7:[], 8:[], 9:[], 10:[], 11:[], 12:[], 13:[], 14:[], 15:[], 16:[], 17:[], 18:[], 19:[], 20:[], 21:[], 22:[], 23:[], 24:[], 25:[], 26:[], 27:[], 28:[], 29:[], 30:[], 31:[], 32:[], 33:[], 34:[], 35:[], 36:[], 37:[], 38:[], 39:[], 40:[], 41:[], 42:[], 43:[], 44:[], 45:[], 46:[], 47:[], 48:[], 49:[], 50:[], 51:[], 52:[], 53:[], 54:[], 55:[], 56:[], 57:[], 58:[], 59:[], 60:[], 61:[]",2921062984,3038467162
1523,2,1119.1090,1254272,18616176,148142343,19.6652,false,63,true,true,true,true,true,false,false,"0:[0, 1, 2, 3, 4, 5, 6, 7, 8, 9, 10, 11, 12, 13, 14, 15, 16, 17, 18, 19, 20, 21, 22, 23, 24, 25, 26, 27, 28, 29, 30, 31, 32, 33, 34, 35, 36, 37, 38, 39, 40, 41, 42, 43, 44, 45, 46, 47, 48, 49, 50, 51, 52, 53, 54, 55, 56, 57, 58, 59, 60, 61, 62], 1:[], 2:[], 3:[], 4:[], 5:[], 6:[], 7:[], 8:[], 9:[], 10:[], 11:[], 12:[], 13:[], 14:[], 15:[], 16:[], 17:[], 18:[], 19:[], 20:[], 21:[], 22:[], 23:[], 24:[], 25:[], 26:[], 27:[], 28:[], 29:[], 30:[], 31:[], 32:[], 33:[], 34:[], 35:[], 36:[], 37:[], 38:[], 39:[], 40:[], 41:[], 42:[], 43:[], 44:[], 45:[], 46:[], 47:[], 48:[], 49:[], 50:[], 51:[], 52:[], 53:[], 54:[], 55:[], 56:[], 57:[], 58:[], 59:[], 60:[], 61:[], 62:[]",2956768688,3090284896
1531,2,1160.0505,1273907,18909526,150481065,20.1229,false,64,true,true,true,true,true,false,false,"0:[0, 1, 2, 3, 4, 5, 6, 7, 8, 9, 10, 11, 12, 13, 14, 15, 16, 17, 18, 19, 20, 21, 22, 23, 24, 25, 26, 27, 28, 29, 30, 31, 32, 33, 34, 35, 36, 37, 38, 39, 40, 41, 42, 43, 44, 45, 46, 47, 48, 49, 50, 51, 52, 53, 54, 55, 56, 57, 58, 59, 60, 61, 62, 63], 1:[], 2:[], 3:[], 4:[], 5:[], 6:[], 7:[], 8:[], 9:[], 10:[], 11:[], 12:[], 13:[], 14:[], 15:[], 16:[], 17:[], 18:[], 19:[], 20:[], 21:[], 22:[], 23:[], 24:[], 25:[], 26:[], 27:[], 28:[], 29:[], 30:[], 31:[], 32:[], 33:[], 34:[], 35:[], 36:[], 37:[], 38:[], 39:[], 40:[], 41:[], 42:[], 43:[], 44:[], 45:[], 46:[], 47:[], 48:[], 49:[], 50:[], 51:[], 52:[], 53:[], 54:[], 55:[], 56:[], 57:[], 58:[], 59:[], 60:[], 61:[], 62:[], 63:[]",2980786468,3125160050
1543,3,1394.6614,1303874,19355151,154029077,20.5877,false,65,true,true,true,true,true,false,false,"0:[0, 1, 2, 3, 4, 5, 6, 7, 8, 9, 10, 11, 12, 13, 14, 15, 16, 17, 18, 19, 20, 21, 22, 23, 24, 25, 26, 27, 28, 29, 30, 31, 32, 33, 34, 35, 36, 37, 38, 39, 40, 41, 42, 43, 44, 45, 46, 47, 48, 49, 50, 51, 52, 53, 54, 55, 56, 57, 58, 59, 60, 61, 62, 63, 64], 1:[], 2:[], 3:[], 4:[], 5:[], 6:[], 7:[], 8:[], 9:[], 10:[], 11:[], 12:[], 13:[], 14:[], 15:[], 16:[], 17:[], 18:[], 19:[], 20:[], 21:[], 22:[], 23:[], 24:[], 25:[], 26:[], 27:[], 28:[], 29:[], 30:[], 31:[], 32:[], 33:[], 34:[], 35:[], 36:[], 37:[], 38:[], 39:[], 40:[], 41:[], 42:[], 43:[], 44:[], 45:[], 46:[], 47:[], 48:[], 49:[], 50:[], 51:[], 52:[], 53:[], 54:[], 55:[], 56:[], 57:[], 58:[], 59:[], 60:[], 61:[], 62:[], 63:[], 64:[]",3017275544,3446548579
1549,2,1163.7316,1318968,19582329,155851086,20.5801,false,64,true,true,true,true,true,false,false,"0:[0, 1, 2, 3, 4, 5, 6, 7, 8, 9, 10, 11, 12, 13, 14, 15, 16, 17, 18, 19, 20, 21, 22, 23, 24, 25, 26, 27, 28, 29, 30, 31, 32, 33, 34, 35, 36, 37, 38, 39, 40, 41, 42, 43, 44, 45, 46, 47, 48, 49, 50, 51, 52, 53, 54, 55, 56, 57, 58, 59, 60, 61, 62, 63], 1:[], 2:[], 3:[], 4:[], 5:[], 6:[], 7:[], 8:[], 9:[], 10:[], 11:[], 12:[], 13:[], 14:[], 15:[], 16:[], 17:[], 18:[], 19:[], 20:[], 21:[], 22:[], 23:[], 24:[], 25:[], 26:[], 27:[], 28:[], 29:[], 30:[], 31:[], 32:[], 33:[], 34:[], 35:[], 36:[], 37:[], 38:[], 39:[], 40:[], 41:[], 42:[], 43:[], 44:[], 45:[], 46:[], 47:[], 48:[], 49:[], 50:[], 51:[], 52:[], 53:[], 54:[], 55:[], 56:[], 57:[], 58:[], 59:[], 60:[], 61:[], 62:[], 63:[]",3035872416,3473562397
1553,3,1355.2531,1329224,19733440,157050845,21.8112,false,64,true,true,true,true,true,false,false,"0:[0, 1, 2, 3, 4, 5, 6, 7, 8, 9, 10, 11, 12, 13, 14, 15, 16, 17, 18, 19, 20, 21, 22, 23, 24, 25, 26, 27, 28, 29, 30, 31, 32, 33, 34, 35, 36, 37, 38, 39, 40, 41, 42, 43, 44, 45, 46, 47, 48, 49, 50, 51, 52, 53, 54, 55, 56, 57, 58, 59, 60, 61, 62, 63], 1:[], 2:[], 3:[], 4:[], 5:[], 6:[], 7:[], 8:[], 9:[], 10:[], 11:[], 12:[], 13:[], 14:[], 15:[], 16:[], 17:[], 18:[], 19:[], 20:[], 21:[], 22:[], 23:[], 24:[], 25:[], 26:[], 27:[], 28:[], 29:[], 30:[], 31:[], 32:[], 33:[], 34:[], 35:[], 36:[], 37:[], 38:[], 39:[], 40:[], 41:[], 42:[], 43:[], 44:[], 45:[], 46:[], 47:[], 48:[], 49:[], 50:[], 51:[], 52:[], 53:[], 54:[], 55:[], 56:[], 57:[], 58:[], 59:[], 60:[], 61:[], 62:[], 63:[]",3048248464,3491500112
1559,17,1348.0394,1344644,19961115,158856951,21.3253,false,64,true,true,true,true,true,false,false,"0:[0, 1, 2, 3, 4, 5, 6, 7, 8, 9, 10, 11, 12, 13, 14, 15, 16, 17, 18, 19, 20, 21, 22, 23, 24, 25, 26, 27, 28, 29, 30, 31, 32, 33, 34, 35, 36, 37, 38, 39, 40, 41, 42, 43, 44, 45, 46, 47, 48, 49, 50, 51, 52, 53, 54, 55, 56, 57, 58, 59, 60, 61, 62, 63], 1:[], 2:[], 3:[], 4:[], 5:[], 6:[], 7:[], 8:[], 9:[], 10:[], 11:[], 12:[], 13:[], 14:[], 15:[], 16:[], 17:[], 18:[], 19:[], 20:[], 21:[], 22:[], 23:[], 24:[], 25:[], 26:[], 27:[], 28:[], 29:[], 30:[], 31:[], 32:[], 33:[], 34:[], 35:[], 36:[], 37:[], 38:[], 39:[], 40:[], 41:[], 42:[], 43:[], 44:[], 45:[], 46:[], 47:[], 48:[], 49:[], 50:[], 51:[], 52:[], 53:[], 54:[], 55:[], 56:[], 57:[], 58:[], 59:[], 60:[], 61:[], 62:[], 63:[]",3066894224,3518530743
1567,3,1300.3041,1365210,20268879,161313599,21.7324,false,66,true,true,true,true,true,false,false,"0:[0, 1, 2, 3, 4, 5, 6, 7, 8, 9, 10, 11, 12, 13, 14, 15, 16, 17, 18, 19, 20, 21, 22, 23, 24, 25, 26, 27, 28, 29, 30, 31, 32, 33, 34, 35, 36, 37, 38, 39, 40, 41, 42, 43, 44, 45, 46, 47, 48, 49, 50, 51, 52, 53, 54, 55, 56, 57, 58, 59, 60, 61, 62, 63, 64, 65], 1:[], 2:[], 3:[], 4:[], 5:[], 6:[], 7:[], 8:[], 9:[], 10:[], 11:[], 12:[], 13:[], 14:[], 15:[], 16:[], 17:[], 18:[], 19:[], 20:[], 21:[], 22:[], 23:[], 24:[], 25:[], 26:[], 27:[], 28:[], 29:[], 30:[], 31:[], 32:[], 33:[], 34:[], 35:[], 36:[], 37:[], 38:[], 39:[], 40:[], 41:[], 42:[], 43:[], 44:[], 45:[], 46:[], 47:[], 48:[], 49:[], 50:[], 51:[], 52:[], 53:[], 54:[], 55:[], 56:[], 57:[], 58:[], 59:[], 60:[], 61:[], 62:[], 63:[], 64:[], 65:[]",3092091192,3555121315
1571,2,1189.4054,1375704,20423898,162546796,22.3297,false,66,true,true,true,true,true,false,false,"0:[0, 1, 2, 3, 4, 5, 6, 7, 8, 9, 10, 11, 12, 13, 14, 15, 16, 17, 18, 19, 20, 21, 22, 23, 24, 25, 26, 27, 28, 29, 30, 31, 32, 33, 34, 35, 36, 37, 38, 39, 40, 41, 42, 43, 44, 45, 46, 47, 48, 49, 50, 51, 52, 53, 54, 55, 56, 57, 58, 59, 60, 61, 62, 63, 64, 65], 1:[], 2:[], 3:[], 4:[], 5:[], 6:[], 7:[], 8:[], 9:[], 10:[], 11:[], 12:[], 13:[], 14:[], 15:[], 16:[], 17:[], 18:[], 19:[], 20:[], 21:[], 22:[], 23:[], 24:[], 25:[], 26:[], 27:[], 28:[], 29:[], 30:[], 31:[], 32:[], 33:[], 34:[], 35:[], 36:[], 37:[], 38:[], 39:[], 40:[], 41:[], 42:[], 43:[], 44:[], 45:[], 46:[], 47:[], 48:[], 49:[], 50:[], 51:[], 52:[], 53:[], 54:[], 55:[], 56:[], 57:[], 58:[], 59:[], 60:[], 61:[], 62:[], 63:[], 64:[], 65:[]",3104786544,3573522514
1579,2,1183.9763,1396587,20737561,165057531,22.6399,false,66,true,true,true,true,true,false,false,"0:[0, 1, 2, 3, 4, 5, 6, 7, 8, 9, 10, 11, 12, 13, 14, 15, 16, 17, 18, 19, 20, 21, 22, 23, 24, 25, 26, 27, 28, 29, 30, 31, 32, 33, 34, 35, 36, 37, 38, 39, 40, 41, 42, 43, 44, 45, 46, 47, 48, 49, 50, 51, 52, 53, 54, 55, 56, 57, 58, 59, 60, 61, 62, 63, 64, 65], 1:[], 2:[], 3:[], 4:[], 5:[], 6:[], 7:[], 8:[], 9:[], 10:[], 11:[], 12:[], 13:[], 14:[], 15:[], 16:[], 17:[], 18:[], 19:[], 20:[], 21:[], 22:[], 23:[], 24:[], 25:[], 26:[], 27:[], 28:[], 29:[], 30:[], 31:[], 32:[], 33:[], 34:[], 35:[], 36:[], 37:[], 38:[], 39:[], 40:[], 41:[], 42:[], 43:[], 44:[], 45:[], 46:[], 47:[], 48:[], 49:[], 50:[], 51:[], 52:[], 53:[], 54:[], 55:[], 56:[], 57:[], 58:[], 59:[], 60:[], 61:[], 62:[], 63:[], 64:[], 65:[]",3130464308,3610810705
1583,5,1499.6231,1407240,20894958,166309773,21.3468,false,66,true,true,true,true,true,false,false,"0:[0, 1, 2, 3, 4, 5, 6, 7, 8, 9, 10, 11, 12, 13, 14, 15, 16, 17, 18, 19, 20, 21, 22, 23, 24, 25, 26, 27, 28, 29, 30, 31, 32, 33, 34, 35, 36, 37, 38, 39, 40, 41, 42, 43, 44, 45, 46, 47, 48, 49, 50, 51, 52, 53, 54, 55, 56, 57, 58, 59, 60, 61, 62, 63, 64, 65], 1:[], 2:[], 3:[], 4:[], 5:[], 6:[], 7:[], 8:[], 9:[], 10:[], 11:[], 12:[], 13:[], 14:[], 15:[], 16:[], 17:[], 18:[], 19:[], 20:[], 21:[], 22:[], 23:[], 24:[], 25:[], 26:[], 27:[], 28:[], 29:[], 30:[], 31:[], 32:[], 33:[], 34:[], 35:[], 36:[], 37:[], 38:[], 39:[], 40:[], 41:[], 42:[], 43:[], 44:[], 45:[], 46:[], 47:[], 48:[], 49:[], 50:[], 51:[], 52:[], 53:[], 54:[], 55:[], 56:[], 57:[], 58:[], 59:[], 60:[], 61:[], 62:[], 63:[], 64:[], 65:[]",3143354352,3629494454
1597,2,1495.7485,1444480,21451570,170749679,22.6803,false,67,true,true,true,true,true,false,false,"0:[0, 1, 2, 3, 4, 5, 6, 7, 8, 9, 10, 11, 12, 13, 14, 15, 16, 17, 18, 19, 20, 21, 22, 23, 24, 25, 26, 27, 28, 29, 30, 31, 32, 33, 34, 35, 36, 37, 38, 39, 40, 41, 42, 43, 44, 45, 46, 47, 48, 49, 50, 51, 52, 53, 54, 55, 56, 57, 58, 59, 60, 61, 62, 63, 64, 65, 66], 1:[], 2:[], 3:[], 4:[], 5:[], 6:[], 7:[], 8:[], 9:[], 10:[], 11:[], 12:[], 13:[], 14:[], 15:[], 16:[], 17:[], 18:[], 19:[], 20:[], 21:[], 22:[], 23:[], 24:[], 25:[], 26:[], 27:[], 28:[], 29:[], 30:[], 31:[], 32:[], 33:[], 34:[], 35:[], 36:[], 37:[], 38:[], 39:[], 40:[], 41:[], 42:[], 43:[], 44:[], 45:[], 46:[], 47:[], 48:[], 49:[], 50:[], 51:[], 52:[], 53:[], 54:[], 55:[], 56:[], 57:[], 58:[], 59:[], 60:[], 61:[], 62:[], 63:[], 64:[], 65:[], 66:[]",3188926032,3695677130
1601,3,1747.1599,1455374,21612123,172024484,23.1190,false,67,true,true,true,true,true,false,false,"0:[0, 1, 2, 3, 4, 5, 6, 7, 8, 9, 10, 11, 12, 13, 14, 15, 16, 17, 18, 19, 20, 21, 22, 23, 24, 25, 26, 27, 28, 29, 30, 31, 32, 33, 34, 35, 36, 37, 38, 39, 40, 41, 42, 43, 44, 45, 46, 47, 48, 49, 50, 51, 52, 53, 54, 55, 56, 57, 58, 59, 60, 61, 62, 63, 64, 65, 66], 1:[], 2:[], 3:[], 4:[], 5:[], 6:[], 7:[], 8:[], 9:[], 10:[], 11:[], 12:[], 13:[], 14:[], 15:[], 16:[], 17:[], 18:[], 19:[], 20:[], 21:[], 22:[], 23:[], 24:[], 25:[], 26:[], 27:[], 28:[], 29:[], 30:[], 31:[], 32:[], 33:[], 34:[], 35:[], 36:[], 37:[], 38:[], 39:[], 40:[], 41:[], 42:[], 43:[], 44:[], 45:[], 46:[], 47:[], 48:[], 49:[], 50:[], 51:[], 52:[], 53:[], 54:[], 55:[], 56:[], 57:[], 58:[], 59:[], 60:[], 61:[], 62:[], 63:[], 64:[], 65:[], 66:[]",3202075304,3714735823
1607,5,1575.3187,1471750,21856137,173973332,22.7278,false,67,true,true,true,true,true,false,false,"0:[0, 1, 2, 3, 4, 5, 6, 7, 8, 9, 10, 11, 12, 13, 14, 15, 16, 17, 18, 19, 20, 21, 22, 23, 24, 25, 26, 27, 28, 29, 30, 31, 32, 33, 34, 35, 36, 37, 38, 39, 40, 41, 42, 43, 44, 45, 46, 47, 48, 49, 50, 51, 52, 53, 54, 55, 56, 57, 58, 59, 60, 61, 62, 63, 64, 65, 66], 1:[], 2:[], 3:[], 4:[], 5:[], 6:[], 7:[], 8:[], 9:[], 10:[], 11:[], 12:[], 13:[], 14:[], 15:[], 16:[], 17:[], 18:[], 19:[], 20:[], 21:[], 22:[], 23:[], 24:[], 25:[], 26:[], 27:[], 28:[], 29:[], 30:[], 31:[], 32:[], 33:[], 34:[], 35:[], 36:[], 37:[], 38:[], 39:[], 40:[], 41:[], 42:[], 43:[], 44:[], 45:[], 46:[], 47:[], 48:[], 49:[], 50:[], 51:[], 52:[], 53:[], 54:[], 55:[], 56:[], 57:[], 58:[], 59:[], 60:[], 61:[], 62:[], 63:[], 64:[], 65:[], 66:[]",3222054952,3743706133
1609,7,1628.9591,1477056,21937368,174625491,22.9873,false,68,true,true,true,true,true,false,false,"0:[0, 1, 2, 3, 4, 5, 6, 7, 8, 9, 10, 11, 12, 13, 14, 15, 16, 17, 18, 19, 20, 21, 22, 23, 24, 25, 26, 27, 28, 29, 30, 31, 32, 33, 34, 35, 36, 37, 38, 39, 40, 41, 42, 43, 44, 45, 46, 47, 48, 49, 50, 51, 52, 53, 54, 55, 56, 57, 58, 59, 60, 61, 62, 63, 64, 65, 66, 67], 1:[], 2:[], 3:[], 4:[], 5:[], 6:[], 7:[], 8:[], 9:[], 10:[], 11:[], 12:[], 13:[], 14:[], 15:[], 16:[], 17:[], 18:[], 19:[], 20:[], 21:[], 22:[], 23:[], 24:[], 25:[], 26:[], 27:[], 28:[], 29:[], 30:[], 31:[], 32:[], 33:[], 34:[], 35:[], 36:[], 37:[], 38:[], 39:[], 40:[], 41:[], 42:[], 43:[], 44:[], 45:[], 46:[], 47:[], 48:[], 49:[], 50:[], 51:[], 52:[], 53:[], 54:[], 55:[], 56:[], 57:[], 58:[], 59:[], 60:[], 61:[], 62:[], 63:[], 64:[], 65:[], 66:[], 67:[]",3228702000,3753401448
1613,2,1532.3241,1488112,22100763,175925514,23.4987,false,68,true,true,true,true,true,false,false,"0:[0, 1, 2, 3, 4, 5, 6, 7, 8, 9, 10, 11, 12, 13, 14, 15, 16, 17, 18, 19, 20, 21, 22, 23, 24, 25, 26, 27, 28, 29, 30, 31, 32, 33, 34, 35, 36, 37, 38, 39, 40, 41, 42, 43, 44, 45, 46, 47, 48, 49, 50, 51, 52, 53, 54, 55, 56, 57, 58, 59, 60, 61, 62, 63, 64, 65, 66, 67], 1:[], 2:[], 3:[], 4:[], 5:[], 6:[], 7:[], 8:[], 9:[], 10:[], 11:[], 12:[], 13:[], 14:[], 15:[], 16:[], 17:[], 18:[], 19:[], 20:[], 21:[], 22:[], 23:[], 24:[], 25:[], 26:[], 27:[], 28:[], 29:[], 30:[], 31:[], 32:[], 33:[], 34:[], 35:[], 36:[], 37:[], 38:[], 39:[], 40:[], 41:[], 42:[], 43:[], 44:[], 45:[], 46:[], 47:[], 48:[], 49:[], 50:[], 51:[], 52:[], 53:[], 54:[], 55:[], 56:[], 57:[], 58:[], 59:[], 60:[], 61:[], 62:[], 63:[], 64:[], 65:[], 66:[], 67:[]",3242083168,3772798087
1619,2,1272.7382,1504732,22346775,177880494,23.7604,false,68,true,true,true,true,true,false,false,"0:[0, 1, 2, 3, 4, 5, 6, 7, 8, 9, 10, 11, 12, 13, 14, 15, 16, 17, 18, 19, 20, 21, 22, 23, 24, 25, 26, 27, 28, 29, 30, 31, 32, 33, 34, 35, 36, 37, 38, 39, 40, 41, 42, 43, 44, 45, 46, 47, 48, 49, 50, 51, 52, 53, 54, 55, 56, 57, 58, 59, 60, 61, 62, 63, 64, 65, 66, 67], 1:[], 2:[], 3:[], 4:[], 5:[], 6:[], 7:[], 8:[], 9:[], 10:[], 11:[], 12:[], 13:[], 14:[], 15:[], 16:[], 17:[], 18:[], 19:[], 20:[], 21:[], 22:[], 23:[], 24:[], 25:[], 26:[], 27:[], 28:[], 29:[], 30:[], 31:[], 32:[], 33:[], 34:[], 35:[], 36:[], 37:[], 38:[], 39:[], 40:[], 41:[], 42:[], 43:[], 44:[], 45:[], 46:[], 47:[], 48:[], 49:[], 50:[], 51:[], 52:[], 53:[], 54:[], 55:[], 56:[], 57:[], 58:[], 59:[], 60:[], 61:[], 62:[], 63:[], 64:[], 65:[], 66:[], 67:[]",3262229488,3802007043
1621,2,1360.0167,1510117,22430457,178559691,23.3907,false,67,true,true,true,true,true,false,false,"0:[0, 1, 2, 3, 4, 5, 6, 7, 8, 9, 10, 11, 12, 13, 14, 15, 16, 17, 18, 19, 20, 21, 22, 23, 24, 25, 26, 27, 28, 29, 30, 31, 32, 33, 34, 35, 36, 37, 38, 39, 40, 41, 42, 43, 44, 45, 46, 47, 48, 49, 50, 51, 52, 53, 54, 55, 56, 57, 58, 59, 60, 61, 62, 63, 64, 65, 66], 1:[], 2:[], 3:[], 4:[], 5:[], 6:[], 7:[], 8:[], 9:[], 10:[], 11:[], 12:[], 13:[], 14:[], 15:[], 16:[], 17:[], 18:[], 19:[], 20:[], 21:[], 22:[], 23:[], 24:[], 25:[], 26:[], 27:[], 28:[], 29:[], 30:[], 31:[], 32:[], 33:[], 34:[], 35:[], 36:[], 37:[], 38:[], 39:[], 40:[], 41:[], 42:[], 43:[], 44:[], 45:[], 46:[], 47:[], 48:[], 49:[], 50:[], 51:[], 52:[], 53:[], 54:[], 55:[], 56:[], 57:[], 58:[], 59:[], 60:[], 61:[], 62:[], 63:[], 64:[], 65:[], 66:[]",3269074828,3811992905
1627,2,1352.5444,1526899,22678100,180522964,23.7492,false,67,true,true,true,true,true,false,false,"0:[0, 1, 2, 3, 4, 5, 6, 7, 8, 9, 10, 11, 12, 13, 14, 15, 16, 17, 18, 19, 20, 21, 22, 23, 24, 25, 26, 27, 28, 29, 30, 31, 32, 33, 34, 35, 36, 37, 38, 39, 40, 41, 42, 43, 44, 45, 46, 47, 48, 49, 50, 51, 52, 53, 54, 55, 56, 57, 58, 59, 60, 61, 62, 63, 64, 65, 66], 1:[], 2:[], 3:[], 4:[], 5:[], 6:[], 7:[], 8:[], 9:[], 10:[], 11:[], 12:[], 13:[], 14:[], 15:[], 16:[], 17:[], 18:[], 19:[], 20:[], 21:[], 22:[], 23:[], 24:[], 25:[], 26:[], 27:[], 28:[], 29:[], 30:[], 31:[], 32:[], 33:[], 34:[], 35:[], 36:[], 37:[], 38:[], 39:[], 40:[], 41:[], 42:[], 43:[], 44:[], 45:[], 46:[], 47:[], 48:[], 49:[], 50:[], 51:[], 52:[], 53:[], 54:[], 55:[], 56:[], 57:[], 58:[], 59:[], 60:[], 61:[], 62:[], 63:[], 64:[], 65:[], 66:[]",3289356164,3841397288
1637,2,1413.5246,1555053,23098344,183880171,24.6256,false,69,true,true,true,true,true,false,false,"0:[0, 1, 2, 3, 4, 5, 6, 7, 8, 9, 10, 11, 12, 13, 14, 15, 16, 17, 18, 19, 20, 21, 22, 23, 24, 25, 26, 27, 28, 29, 30, 31, 32, 33, 34, 35, 36, 37, 38, 39, 40, 41, 42, 43, 44, 45, 46, 47, 48, 49, 50, 51, 52, 53, 54, 55, 56, 57, 58, 59, 60, 61, 62, 63, 64, 65, 66, 67, 68], 1:[], 2:[], 3:[], 4:[], 5:[], 6:[], 7:[], 8:[], 9:[], 10:[], 11:[], 12:[], 13:[], 14:[], 15:[], 16:[], 17:[], 18:[], 19:[], 20:[], 21:[], 22:[], 23:[], 24:[], 25:[], 26:[], 27:[], 28:[], 29:[], 30:[], 31:[], 32:[], 33:[], 34:[], 35:[], 36:[], 37:[], 38:[], 39:[], 40:[], 41:[], 42:[], 43:[], 44:[], 45:[], 46:[], 47:[], 48:[], 49:[], 50:[], 51:[], 52:[], 53:[], 54:[], 55:[], 56:[], 57:[], 58:[], 59:[], 60:[], 61:[], 62:[], 63:[], 64:[], 65:[], 66:[], 67:[], 68:[]",3323763996,3891336644
1657,5,1990.0338,1612254,23951346,190679649,26.9445,false,69,true,true,true,true,true,false,false,"0:[0, 1, 2, 3, 4, 5, 6, 7, 8, 9, 10, 11, 12, 13, 14, 15, 16, 17, 18, 19, 20, 21, 22, 23, 24, 25, 26, 27, 28, 29, 30, 31, 32, 33, 34, 35, 36, 37, 38, 39, 40, 41, 42, 43, 44, 45, 46, 47, 48, 49, 50, 51, 52, 53, 54, 55, 56, 57, 58, 59, 60, 61, 62, 63, 64, 65, 66, 67, 68], 1:[], 2:[], 3:[], 4:[], 5:[], 6:[], 7:[], 8:[], 9:[], 10:[], 11:[], 12:[], 13:[], 14:[], 15:[], 16:[], 17:[], 18:[], 19:[], 20:[], 21:[], 22:[], 23:[], 24:[], 25:[], 26:[], 27:[], 28:[], 29:[], 30:[], 31:[], 32:[], 33:[], 34:[], 35:[], 36:[], 37:[], 38:[], 39:[], 40:[], 41:[], 42:[], 43:[], 44:[], 45:[], 46:[], 47:[], 48:[], 49:[], 50:[], 51:[], 52:[], 53:[], 54:[], 55:[], 56:[], 57:[], 58:[], 59:[], 60:[], 61:[], 62:[], 63:[], 64:[], 65:[], 66:[], 67:[], 68:[]",3393605784,3992715890
1663,3,1802.1196,1629782,24211804,192755244,25.7108,false,70,true,true,true,true,true,false,false,"0:[0, 1, 2, 3, 4, 5, 6, 7, 8, 9, 10, 11, 12, 13, 14, 15, 16, 17, 18, 19, 20, 21, 22, 23, 24, 25, 26, 27, 28, 29, 30, 31, 32, 33, 34, 35, 36, 37, 38, 39, 40, 41, 42, 43, 44, 45, 46, 47, 48, 49, 50, 51, 52, 53, 54, 55, 56, 57, 58, 59, 60, 61, 62, 63, 64, 65, 66, 67, 68, 69], 1:[], 2:[], 3:[], 4:[], 5:[], 6:[], 7:[], 8:[], 9:[], 10:[], 11:[], 12:[], 13:[], 14:[], 15:[], 16:[], 17:[], 18:[], 19:[], 20:[], 21:[], 22:[], 23:[], 24:[], 25:[], 26:[], 27:[], 28:[], 29:[], 30:[], 31:[], 32:[], 33:[], 34:[], 35:[], 36:[], 37:[], 38:[], 39:[], 40:[], 41:[], 42:[], 43:[], 44:[], 45:[], 46:[], 47:[], 48:[], 49:[], 50:[], 51:[], 52:[], 53:[], 54:[], 55:[], 56:[], 57:[], 58:[], 59:[], 60:[], 61:[], 62:[], 63:[], 64:[], 65:[], 66:[], 67:[], 68:[], 69:[]",3414933208,4023641028
1667,2,1391.7594,1641584,24387144,194155670,26.1315,false,69,true,true,true,true,true,false,false,"0:[0, 1, 2, 3, 4, 5, 6, 7, 8, 9, 10, 11, 12, 13, 14, 15, 16, 17, 18, 19, 20, 21, 22, 23, 24, 25, 26, 27, 28, 29, 30, 31, 32, 33, 34, 35, 36, 37, 38, 39, 40, 41, 42, 43, 44, 45, 46, 47, 48, 49, 50, 51, 52, 53, 54, 55, 56, 57, 58, 59, 60, 61, 62, 63, 64, 65, 66, 67, 68], 1:[], 2:[], 3:[], 4:[], 5:[], 6:[], 7:[], 8:[], 9:[], 10:[], 11:[], 12:[], 13:[], 14:[], 15:[], 16:[], 17:[], 18:[], 19:[], 20:[], 21:[], 22:[], 23:[], 24:[], 25:[], 26:[], 27:[], 28:[], 29:[], 30:[], 31:[], 32:[], 33:[], 34:[], 35:[], 36:[], 37:[], 38:[], 39:[], 40:[], 41:[], 42:[], 43:[], 44:[], 45:[], 46:[], 47:[], 48:[], 49:[], 50:[], 51:[], 52:[], 53:[], 54:[], 55:[], 56:[], 57:[], 58:[], 59:[], 60:[], 61:[], 62:[], 63:[], 64:[], 65:[], 66:[], 67:[], 68:[]",3429290864,4044455288
1669,2,1430.4116,1647297,24474479,194856402,25.8385,false,69,true,true,true,true,true,false,false,"0:[0, 1, 2, 3, 4, 5, 6, 7, 8, 9, 10, 11, 12, 13, 14, 15, 16, 17, 18, 19, 20, 21, 22, 23, 24, 25, 26, 27, 28, 29, 30, 31, 32, 33, 34, 35, 36, 37, 38, 39, 40, 41, 42, 43, 44, 45, 46, 47, 48, 49, 50, 51, 52, 53, 54, 55, 56, 57, 58, 59, 60, 61, 62, 63, 64, 65, 66, 67, 68], 1:[], 2:[], 3:[], 4:[], 5:[], 6:[], 7:[], 8:[], 9:[], 10:[], 11:[], 12:[], 13:[], 14:[], 15:[], 16:[], 17:[], 18:[], 19:[], 20:[], 21:[], 22:[], 23:[], 24:[], 25:[], 26:[], 27:[], 28:[], 29:[], 30:[], 31:[], 32:[], 33:[], 34:[], 35:[], 36:[], 37:[], 38:[], 39:[], 40:[], 41:[], 42:[], 43:[], 44:[], 45:[], 46:[], 47:[], 48:[], 49:[], 50:[], 51:[], 52:[], 53:[], 54:[], 55:[], 56:[], 57:[], 58:[], 59:[], 60:[], 61:[], 62:[], 63:[], 64:[], 65:[], 66:[], 67:[], 68:[]",3436437628,4054877351
1693,2,1558.4015,1718896,25540874,203355512,27.6487,false,71,true,true,true,true,true,false,false,"0:[0, 1, 2, 3, 4, 5, 6, 7, 8, 9, 10, 11, 12, 13, 14, 15, 16, 17, 18, 19, 20, 21, 22, 23, 24, 25, 26, 27, 28, 29, 30, 31, 32, 33, 34, 35, 36, 37, 38, 39, 40, 41, 42, 43, 44, 45, 46, 47, 48, 49, 50, 51, 52, 53, 54, 55, 56, 57, 58, 59, 60, 61, 62, 63, 64, 65, 66, 67, 68, 69, 70], 1:[], 2:[], 3:[], 4:[], 5:[], 6:[], 7:[], 8:[], 9:[], 10:[], 11:[], 12:[], 13:[], 14:[], 15:[], 16:[], 17:[], 18:[], 19:[], 20:[], 21:[], 22:[], 23:[], 24:[], 25:[], 26:[], 27:[], 28:[], 29:[], 30:[], 31:[], 32:[], 33:[], 34:[], 35:[], 36:[], 37:[], 38:[], 39:[], 40:[], 41:[], 42:[], 43:[], 44:[], 45:[], 46:[], 47:[], 48:[], 49:[], 50:[], 51:[], 52:[], 53:[], 54:[], 55:[], 56:[], 57:[], 58:[], 59:[], 60:[], 61:[], 62:[], 63:[], 64:[], 65:[], 66:[], 67:[], 68:[], 69:[], 70:[]",3523754000,4181595490
1697,3,1839.9075,1731122,25722554,204806636,27.7589,false,70,true,true,true,true,true,false,false,"0:[0, 1, 2, 3, 4, 5, 6, 7, 8, 9, 10, 11, 12, 13, 14, 15, 16, 17, 18, 19, 20, 21, 22, 23, 24, 25, 26, 27, 28, 29, 30, 31, 32, 33, 34, 35, 36, 37, 38, 39, 40, 41, 42, 43, 44, 45, 46, 47, 48, 49, 50, 51, 52, 53, 54, 55, 56, 57, 58, 59, 60, 61, 62, 63, 64, 65, 66, 67, 68, 69], 1:[], 2:[], 3:[], 4:[], 5:[], 6:[], 7:[], 8:[], 9:[], 10:[], 11:[], 12:[], 13:[], 14:[], 15:[], 16:[], 17:[], 18:[], 19:[], 20:[], 21:[], 22:[], 23:[], 24:[], 25:[], 26:[], 27:[], 28:[], 29:[], 30:[], 31:[], 32:[], 33:[], 34:[], 35:[], 36:[], 37:[], 38:[], 39:[], 40:[], 41:[], 42:[], 43:[], 44:[], 45:[], 46:[], 47:[], 48:[], 49:[], 50:[], 51:[], 52:[], 53:[], 54:[], 55:[], 56:[], 57:[], 58:[], 59:[], 60:[], 61:[], 62:[], 63:[], 64:[], 65:[], 66:[], 67:[], 68:[], 69:[]",3538630728,4203163018
1699,2,1510.7721,1737186,25813059,205526833,27.8046,false,71,true,true,true,true,true,false,false,"0:[0, 1, 2, 3, 4, 5, 6, 7, 8, 9, 10, 11, 12, 13, 14, 15, 16, 17, 18, 19, 20, 21, 22, 23, 24, 25, 26, 27, 28, 29, 30, 31, 32, 33, 34, 35, 36, 37, 38, 39, 40, 41, 42, 43, 44, 45, 46, 47, 48, 49, 50, 51, 52, 53, 54, 55, 56, 57, 58, 59, 60, 61, 62, 63, 64, 65, 66, 67, 68, 69, 70], 1:[], 2:[], 3:[], 4:[], 5:[], 6:[], 7:[], 8:[], 9:[], 10:[], 11:[], 12:[], 13:[], 14:[], 15:[], 16:[], 17:[], 18:[], 19:[], 20:[], 21:[], 22:[], 23:[], 24:[], 25:[], 26:[], 27:[], 28:[], 29:[], 30:[], 31:[], 32:[], 33:[], 34:[], 35:[], 36:[], 37:[], 38:[], 39:[], 40:[], 41:[], 42:[], 43:[], 44:[], 45:[], 46:[], 47:[], 48:[], 49:[], 50:[], 51:[], 52:[], 53:[], 54:[], 55:[], 56:[], 57:[], 58:[], 59:[], 60:[], 61:[], 62:[], 63:[], 64:[], 65:[], 66:[], 67:[], 68:[], 69:[], 70:[]",3546040920,4213912487
1709,2,1604.9260,1767860,26269750,209167901,28.0652,false,71,true,true,true,true,true,false,false,"0:[0, 1, 2, 3, 4, 5, 6, 7, 8, 9, 10, 11, 12, 13, 14, 15, 16, 17, 18, 19, 20, 21, 22, 23, 24, 25, 26, 27, 28, 29, 30, 31, 32, 33, 34, 35, 36, 37, 38, 39, 40, 41, 42, 43, 44, 45, 46, 47, 48, 49, 50, 51, 52, 53, 54, 55, 56, 57, 58, 59, 60, 61, 62, 63, 64, 65, 66, 67, 68, 69, 70], 1:[], 2:[], 3:[], 4:[], 5:[], 6:[], 7:[], 8:[], 9:[], 10:[], 11:[], 12:[], 13:[], 14:[], 15:[], 16:[], 17:[], 18:[], 19:[], 20:[], 21:[], 22:[], 23:[], 24:[], 25:[], 26:[], 27:[], 28:[], 29:[], 30:[], 31:[], 32:[], 33:[], 34:[], 35:[], 36:[], 37:[], 38:[], 39:[], 40:[], 41:[], 42:[], 43:[], 44:[], 45:[], 46:[], 47:[], 48:[], 49:[], 50:[], 51:[], 52:[], 53:[], 54:[], 55:[], 56:[], 57:[], 58:[], 59:[], 60:[], 61:[], 62:[], 63:[], 64:[], 65:[], 66:[], 67:[], 68:[], 69:[], 70:[]",3583435072,4268185550
1721,3,1931.8460,1805112,26824589,213589833,28.8207,false,72,true,true,true,true,true,false,false,"0:[0, 1, 2, 3, 4, 5, 6, 7, 8, 9, 10, 11, 12, 13, 14, 15, 16, 17, 18, 19, 20, 21, 22, 23, 24, 25, 26, 27, 28, 29, 30, 31, 32, 33, 34, 35, 36, 37, 38, 39, 40, 41, 42, 43, 44, 45, 46, 47, 48, 49, 50, 51, 52, 53, 54, 55, 56, 57, 58, 59, 60, 61, 62, 63, 64, 65, 66, 67, 68, 69, 70, 71], 1:[], 2:[], 3:[], 4:[], 5:[], 6:[], 7:[], 8:[], 9:[], 10:[], 11:[], 12:[], 13:[], 14:[], 15:[], 16:[], 17:[], 18:[], 19:[], 20:[], 21:[], 22:[], 23:[], 24:[], 25:[], 26:[], 27:[], 28:[], 29:[], 30:[], 31:[], 32:[], 33:[], 34:[], 35:[], 36:[], 37:[], 38:[], 39:[], 40:[], 41:[], 42:[], 43:[], 44:[], 45:[], 46:[], 47:[], 48:[], 49:[], 50:[], 51:[], 52:[], 53:[], 54:[], 55:[], 56:[], 57:[], 58:[], 59:[], 60:[], 61:[], 62:[], 63:[], 64:[], 65:[], 66:[], 67:[], 68:[], 69:[], 70:[], 71:[]",3628865248,4334116033
1723,2,1619.9884,1811347,26918203,214338188,31.3266,false,71,true,true,true,true,true,false,false,"0:[0, 1, 2, 3, 4, 5, 6, 7, 8, 9, 10, 11, 12, 13, 14, 15, 16, 17, 18, 19, 20, 21, 22, 23, 24, 25, 26, 27, 28, 29, 30, 31, 32, 33, 34, 35, 36, 37, 38, 39, 40, 41, 42, 43, 44, 45, 46, 47, 48, 49, 50, 51, 52, 53, 54, 55, 56, 57, 58, 59, 60, 61, 62, 63, 64, 65, 66, 67, 68, 69, 70], 1:[], 2:[], 3:[], 4:[], 5:[], 6:[], 7:[], 8:[], 9:[], 10:[], 11:[], 12:[], 13:[], 14:[], 15:[], 16:[], 17:[], 18:[], 19:[], 20:[], 21:[], 22:[], 23:[], 24:[], 25:[], 26:[], 27:[], 28:[], 29:[], 30:[], 31:[], 32:[], 33:[], 34:[], 35:[], 36:[], 37:[], 38:[], 39:[], 40:[], 41:[], 42:[], 43:[], 44:[], 45:[], 46:[], 47:[], 48:[], 49:[], 50:[], 51:[], 52:[], 53:[], 54:[], 55:[], 56:[], 57:[], 58:[], 59:[], 60:[], 61:[], 62:[], 63:[], 64:[], 65:[], 66:[], 67:[], 68:[], 69:[], 70:[]",3636528948,4345235675
1733,2,1687.0595,1842885,27389046,218099632,29.3308,false,73,true,true,true,true,true,false,false,"0:[0, 1, 2, 3, 4, 5, 6, 7, 8, 9, 10, 11, 12, 13, 14, 15, 16, 17, 18, 19, 20, 21, 22, 23, 24, 25, 26, 27, 28, 29, 30, 31, 32, 33, 34, 35, 36, 37, 38, 39, 40, 41, 42, 43, 44, 45, 46, 47, 48, 49, 50, 51, 52, 53, 54, 55, 56, 57, 58, 59, 60, 61, 62, 63, 64, 65, 66, 67, 68, 69, 70, 71, 72], 1:[], 2:[], 3:[], 4:[], 5:[], 6:[], 7:[], 8:[], 9:[], 10:[], 11:[], 12:[], 13:[], 14:[], 15:[], 16:[], 17:[], 18:[], 19:[], 20:[], 21:[], 22:[], 23:[], 24:[], 25:[], 26:[], 27:[], 28:[], 29:[], 30:[], 31:[], 32:[], 33:[], 34:[], 35:[], 36:[], 37:[], 38:[], 39:[], 40:[], 41:[], 42:[], 43:[], 44:[], 45:[], 46:[], 47:[], 48:[], 49:[], 50:[], 51:[], 52:[], 53:[], 54:[], 55:[], 56:[], 57:[], 58:[], 59:[], 60:[], 61:[], 62:[], 63:[], 64:[], 65:[], 66:[], 67:[], 68:[], 69:[], 70:[], 71:[], 72:[]",3748479772,4474588650
1741,2,1704.2747,1868260,27768344,221124920,29.9575,false,72,true,true,true,true,true,false,false,"0:[0, 1, 2, 3, 4, 5, 6, 7, 8, 9, 10, 11, 12, 13, 14, 15, 16, 17, 18, 19, 20, 21, 22, 23, 24, 25, 26, 27, 28, 29, 30, 31, 32, 33, 34, 35, 36, 37, 38, 39, 40, 41, 42, 43, 44, 45, 46, 47, 48, 49, 50, 51, 52, 53, 54, 55, 56, 57, 58, 59, 60, 61, 62, 63, 64, 65, 66, 67, 68, 69, 70, 71], 1:[], 2:[], 3:[], 4:[], 5:[], 6:[], 7:[], 8:[], 9:[], 10:[], 11:[], 12:[], 13:[], 14:[], 15:[], 16:[], 17:[], 18:[], 19:[], 20:[], 21:[], 22:[], 23:[], 24:[], 25:[], 26:[], 27:[], 28:[], 29:[], 30:[], 31:[], 32:[], 33:[], 34:[], 35:[], 36:[], 37:[], 38:[], 39:[], 40:[], 41:[], 42:[], 43:[], 44:[], 45:[], 46:[], 47:[], 48:[], 49:[], 50:[], 51:[], 52:[], 53:[], 54:[], 55:[], 56:[], 57:[], 58:[], 59:[], 60:[], 61:[], 62:[], 63:[], 64:[], 65:[], 66:[], 67:[], 68:[], 69:[], 70:[], 71:[]",3779534112,4519680888
1747,2,1974.7624,1887590,28054823,223402997,31.3446,false,72,true,true,true,true,true,false,false,"0:[0, 1, 2, 3, 4, 5, 6, 7, 8, 9, 10, 11, 12, 13, 14, 15, 16, 17, 18, 19, 20, 21, 22, 23, 24, 25, 26, 27, 28, 29, 30, 31, 32, 33, 34, 35, 36, 37, 38, 39, 40, 41, 42, 43, 44, 45, 46, 47, 48, 49, 50, 51, 52, 53, 54, 55, 56, 57, 58, 59, 60, 61, 62, 63, 64, 65, 66, 67, 68, 69, 70, 71], 1:[], 2:[], 3:[], 4:[], 5:[], 6:[], 7:[], 8:[], 9:[], 10:[], 11:[], 12:[], 13:[], 14:[], 15:[], 16:[], 17:[], 18:[], 19:[], 20:[], 21:[], 22:[], 23:[], 24:[], 25:[], 26:[], 27:[], 28:[], 29:[], 30:[], 31:[], 32:[], 33:[], 34:[], 35:[], 36:[], 37:[], 38:[], 39:[], 40:[], 41:[], 42:[], 43:[], 44:[], 45:[], 46:[], 47:[], 48:[], 49:[], 50:[], 51:[], 52:[], 53:[], 54:[], 55:[], 56:[], 57:[], 58:[], 59:[], 60:[], 61:[], 62:[], 63:[], 64:[], 65:[], 66:[], 67:[], 68:[], 69:[], 70:[], 71:[]",3802993672,4553698507
1753,5,2103.0016,1906906,28343633,225707883,31.2030,false,73,true,true,true,true,true,false,false,"0:[0, 1, 2, 3, 4, 5, 6, 7, 8, 9, 10, 11, 12, 13, 14, 15, 16, 17, 18, 19, 20, 21, 22, 23, 24, 25, 26, 27, 28, 29, 30, 31, 32, 33, 34, 35, 36, 37, 38, 39, 40, 41, 42, 43, 44, 45, 46, 47, 48, 49, 50, 51, 52, 53, 54, 55, 56, 57, 58, 59, 60, 61, 62, 63, 64, 65, 66, 67, 68, 69, 70, 71, 72], 1:[], 2:[], 3:[], 4:[], 5:[], 6:[], 7:[], 8:[], 9:[], 10:[], 11:[], 12:[], 13:[], 14:[], 15:[], 16:[], 17:[], 18:[], 19:[], 20:[], 21:[], 22:[], 23:[], 24:[], 25:[], 26:[], 27:[], 28:[], 29:[], 30:[], 31:[], 32:[], 33:[], 34:[], 35:[], 36:[], 37:[], 38:[], 39:[], 40:[], 41:[], 42:[], 43:[], 44:[], 45:[], 46:[], 47:[], 48:[], 49:[], 50:[], 51:[], 52:[], 53:[], 54:[], 55:[], 56:[], 57:[], 58:[], 59:[], 60:[], 61:[], 62:[], 63:[], 64:[], 65:[], 66:[], 67:[], 68:[], 69:[], 70:[], 71:[], 72:[]",3826639320,4588042893
1759,3,2178.5997,1926502,28635822,228041993,31.0421,false,73,true,true,true,true,true,false,false,"0:[0, 1, 2, 3, 4, 5, 6, 7, 8, 9, 10, 11, 12, 13, 14, 15, 16, 17, 18, 19, 20, 21, 22, 23, 24, 25, 26, 27, 28, 29, 30, 31, 32, 33, 34, 35, 36, 37, 38, 39, 40, 41, 42, 43, 44, 45, 46, 47, 48, 49, 50, 51, 52, 53, 54, 55, 56, 57, 58, 59, 60, 61, 62, 63, 64, 65, 66, 67, 68, 69, 70, 71, 72], 1:[], 2:[], 3:[], 4:[], 5:[], 6:[], 7:[], 8:[], 9:[], 10:[], 11:[], 12:[], 13:[], 14:[], 15:[], 16:[], 17:[], 18:[], 19:[], 20:[], 21:[], 22:[], 23:[], 24:[], 25:[], 26:[], 27:[], 28:[], 29:[], 30:[], 31:[], 32:[], 33:[], 34:[], 35:[], 36:[], 37:[], 38:[], 39:[], 40:[], 41:[], 42:[], 43:[], 44:[], 45:[], 46:[], 47:[], 48:[], 49:[], 50:[], 51:[], 52:[], 53:[], 54:[], 55:[], 56:[], 57:[], 58:[], 59:[], 60:[], 61:[], 62:[], 63:[], 64:[], 65:[], 66:[], 67:[], 68:[], 69:[], 70:[], 71:[], 72:[]",3850563128,4622736190
1777,5,2496.9370,1985790,29519773,235088463,37.9947,false,74,true,true,true,true,true,false,false,"0:[0, 1, 2, 3, 4, 5, 6, 7, 8, 9, 10, 11, 12, 13, 14, 15, 16, 17, 18, 19, 20, 21, 22, 23, 24, 25, 26, 27, 28, 29, 30, 31, 32, 33, 34, 35, 36, 37, 38, 39, 40, 41, 42, 43, 44, 45, 46, 47, 48, 49, 50, 51, 52, 53, 54, 55, 56, 57, 58, 59, 60, 61, 62, 63, 64, 65, 66, 67, 68, 69, 70, 71, 72, 73], 1:[], 2:[], 3:[], 4:[], 5:[], 6:[], 7:[], 8:[], 9:[], 10:[], 11:[], 12:[], 13:[], 14:[], 15:[], 16:[], 17:[], 18:[], 19:[], 20:[], 21:[], 22:[], 23:[], 24:[], 25:[], 26:[], 27:[], 28:[], 29:[], 30:[], 31:[], 32:[], 33:[], 34:[], 35:[], 36:[], 37:[], 38:[], 39:[], 40:[], 41:[], 42:[], 43:[], 44:[], 45:[], 46:[], 47:[], 48:[], 49:[], 50:[], 51:[], 52:[], 53:[], 54:[], 55:[], 56:[], 57:[], 58:[], 59:[], 60:[], 61:[], 62:[], 63:[], 64:[], 65:[], 66:[], 67:[], 68:[], 69:[], 70:[], 71:[], 72:[], 73:[]",5097344392,4727802745
1783,3,1992.4730,2005920,29818603,237467649,32.2951,false,75,true,true,true,true,true,false,false,"0:[0, 1, 2, 3, 4, 5, 6, 7, 8, 9, 10, 11, 12, 13, 14, 15, 16, 17, 18, 19, 20, 21, 22, 23, 24, 25, 26, 27, 28, 29, 30, 31, 32, 33, 34, 35, 36, 37, 38, 39, 40, 41, 42, 43, 44, 45, 46, 47, 48, 49, 50, 51, 52, 53, 54, 55, 56, 57, 58, 59, 60, 61, 62, 63, 64, 65, 66, 67, 68, 69, 70, 71, 72, 73, 74], 1:[], 2:[], 3:[], 4:[], 5:[], 6:[], 7:[], 8:[], 9:[], 10:[], 11:[], 12:[], 13:[], 14:[], 15:[], 16:[], 17:[], 18:[], 19:[], 20:[], 21:[], 22:[], 23:[], 24:[], 25:[], 26:[], 27:[], 28:[], 29:[], 30:[], 31:[], 32:[], 33:[], 34:[], 35:[], 36:[], 37:[], 38:[], 39:[], 40:[], 41:[], 42:[], 43:[], 44:[], 45:[], 46:[], 47:[], 48:[], 49:[], 50:[], 51:[], 52:[], 53:[], 54:[], 55:[], 56:[], 57:[], 58:[], 59:[], 60:[], 61:[], 62:[], 63:[], 64:[], 65:[], 66:[], 67:[], 68:[], 69:[], 70:[], 71:[], 72:[], 73:[], 74:[]",5121814432,4763287159
1787,2,2083.9849,2019465,30020448,239082773,33.8069,false,74,true,true,true,true,true,false,false,"0:[0, 1, 2, 3, 4, 5, 6, 7, 8, 9, 10, 11, 12, 13, 14, 15, 16, 17, 18, 19, 20, 21, 22, 23, 24, 25, 26, 27, 28, 29, 30, 31, 32, 33, 34, 35, 36, 37, 38, 39, 40, 41, 42, 43, 44, 45, 46, 47, 48, 49, 50, 51, 52, 53, 54, 55, 56, 57, 58, 59, 60, 61, 62, 63, 64, 65, 66, 67, 68, 69, 70, 71, 72, 73], 1:[], 2:[], 3:[], 4:[], 5:[], 6:[], 7:[], 8:[], 9:[], 10:[], 11:[], 12:[], 13:[], 14:[], 15:[], 16:[], 17:[], 18:[], 19:[], 20:[], 21:[], 22:[], 23:[], 24:[], 25:[], 26:[], 27:[], 28:[], 29:[], 30:[], 31:[], 32:[], 33:[], 34:[], 35:[], 36:[], 37:[], 38:[], 39:[], 40:[], 41:[], 42:[], 43:[], 44:[], 45:[], 46:[], 47:[], 48:[], 49:[], 50:[], 51:[], 52:[], 53:[], 54:[], 55:[], 56:[], 57:[], 58:[], 59:[], 60:[], 61:[], 62:[], 63:[], 64:[], 65:[], 66:[], 67:[], 68:[], 69:[], 70:[], 71:[], 72:[], 73:[]",5138341292,4787249324
1789,2,1880.9973,2026036,30121231,239893970,33.1364,false,74,true,true,true,true,true,false,false,"0:[0, 1, 2, 3, 4, 5, 6, 7, 8, 9, 10, 11, 12, 13, 14, 15, 16, 17, 18, 19, 20, 21, 22, 23, 24, 25, 26, 27, 28, 29, 30, 31, 32, 33, 34, 35, 36, 37, 38, 39, 40, 41, 42, 43, 44, 45, 46, 47, 48, 49, 50, 51, 52, 53, 54, 55, 56, 57, 58, 59, 60, 61, 62, 63, 64, 65, 66, 67, 68, 69, 70, 71, 72, 73], 1:[], 2:[], 3:[], 4:[], 5:[], 6:[], 7:[], 8:[], 9:[], 10:[], 11:[], 12:[], 13:[], 14:[], 15:[], 16:[], 17:[], 18:[], 19:[], 20:[], 21:[], 22:[], 23:[], 24:[], 25:[], 26:[], 27:[], 28:[], 29:[], 30:[], 31:[], 32:[], 33:[], 34:[], 35:[], 36:[], 37:[], 38:[], 39:[], 40:[], 41:[], 42:[], 43:[], 44:[], 45:[], 46:[], 47:[], 48:[], 49:[], 50:[], 51:[], 52:[], 53:[], 54:[], 55:[], 56:[], 57:[], 58:[], 59:[], 60:[], 61:[], 62:[], 63:[], 64:[], 65:[], 66:[], 67:[], 68:[], 69:[], 70:[], 71:[], 72:[], 73:[]",5146587920,4799272251
1801,11,2439.7506,2066820,30729421,244745220,36.6236,false,76,true,true,true,true,true,false,false,"0:[0, 1, 2, 3, 4, 5, 6, 7, 8, 9, 10, 11, 12, 13, 14, 15, 16, 17, 18, 19, 20, 21, 22, 23, 24, 25, 26, 27, 28, 29, 30, 31, 32, 33, 34, 35, 36, 37, 38, 39, 40, 41, 42, 43, 44, 45, 46, 47, 48, 49, 50, 51, 52, 53, 54, 55, 56, 57, 58, 59, 60, 61, 62, 63, 64, 65, 66, 67, 68, 69, 70, 71, 72, 73, 74, 75], 1:[], 2:[], 3:[], 4:[], 5:[], 6:[], 7:[], 8:[], 9:[], 10:[], 11:[], 12:[], 13:[], 14:[], 15:[], 16:[], 17:[], 18:[], 19:[], 20:[], 21:[], 22:[], 23:[], 24:[], 25:[], 26:[], 27:[], 28:[], 29:[], 30:[], 31:[], 32:[], 33:[], 34:[], 35:[], 36:[], 37:[], 38:[], 39:[], 40:[], 41:[], 42:[], 43:[], 44:[], 45:[], 46:[], 47:[], 48:[], 49:[], 50:[], 51:[], 52:[], 53:[], 54:[], 55:[], 56:[], 57:[], 58:[], 59:[], 60:[], 61:[], 62:[], 63:[], 64:[], 65:[], 66:[], 67:[], 68:[], 69:[], 70:[], 71:[], 72:[], 73:[], 74:[], 75:[]",5196385072,4871543569
1811,2,2110.0999,2101400,31240794,248808147,34.7089,false,76,true,true,true,true,true,false,false,"0:[0, 1, 2, 3, 4, 5, 6, 7, 8, 9, 10, 11, 12, 13, 14, 15, 16, 17, 18, 19, 20, 21, 22, 23, 24, 25, 26, 27, 28, 29, 30, 31, 32, 33, 34, 35, 36, 37, 38, 39, 40, 41, 42, 43, 44, 45, 46, 47, 48, 49, 50, 51, 52, 53, 54, 55, 56, 57, 58, 59, 60, 61, 62, 63, 64, 65, 66, 67, 68, 69, 70, 71, 72, 73, 74, 75], 1:[], 2:[], 3:[], 4:[], 5:[], 6:[], 7:[], 8:[], 9:[], 10:[], 11:[], 12:[], 13:[], 14:[], 15:[], 16:[], 17:[], 18:[], 19:[], 20:[], 21:[], 22:[], 23:[], 24:[], 25:[], 26:[], 27:[], 28:[], 29:[], 30:[], 31:[], 32:[], 33:[], 34:[], 35:[], 36:[], 37:[], 38:[], 39:[], 40:[], 41:[], 42:[], 43:[], 44:[], 45:[], 46:[], 47:[], 48:[], 49:[], 50:[], 51:[], 52:[], 53:[], 54:[], 55:[], 56:[], 57:[], 58:[], 59:[], 60:[], 61:[], 62:[], 63:[], 64:[], 65:[], 66:[], 67:[], 68:[], 69:[], 70:[], 71:[], 72:[], 73:[], 74:[], 75:[]",5238263152,4932263922
1823,5,2033.5979,2143186,31864846,253791510,34.2379,false,76,true,true,true,true,true,false,false,"0:[0, 1, 2, 3, 4, 5, 6, 7, 8, 9, 10, 11, 12, 13, 14, 15, 16, 17, 18, 19, 20, 21, 22, 23, 24, 25, 26, 27, 28, 29, 30, 31, 32, 33, 34, 35, 36, 37, 38, 39, 40, 41, 42, 43, 44, 45, 46, 47, 48, 49, 50, 51, 52, 53, 54, 55, 56, 57, 58, 59, 60, 61, 62, 63, 64, 65, 66, 67, 68, 69, 70, 71, 72, 73, 74, 75], 1:[], 2:[], 3:[], 4:[], 5:[], 6:[], 7:[], 8:[], 9:[], 10:[], 11:[], 12:[], 13:[], 14:[], 15:[], 16:[], 17:[], 18:[], 19:[], 20:[], 21:[], 22:[], 23:[], 24:[], 25:[], 26:[], 27:[], 28:[], 29:[], 30:[], 31:[], 32:[], 33:[], 34:[], 35:[], 36:[], 37:[], 38:[], 39:[], 40:[], 41:[], 42:[], 43:[], 44:[], 45:[], 46:[], 47:[], 48:[], 49:[], 50:[], 51:[], 52:[], 53:[], 54:[], 55:[], 56:[], 57:[], 58:[], 59:[], 60:[], 61:[], 62:[], 63:[], 64:[], 65:[], 66:[], 67:[], 68:[], 69:[], 70:[], 71:[], 72:[], 73:[], 74:[], 75:[]",5289357320,5006419054
1831,3,2061.9174,2171246,32285291,257151025,36.2009,false,76,true,true,true,true,true,false,false,"0:[0, 1, 2, 3, 4, 5, 6, 7, 8, 9, 10, 11, 12, 13, 14, 15, 16, 17, 18, 19, 20, 21, 22, 23, 24, 25, 26, 27, 28, 29, 30, 31, 32, 33, 34, 35, 36, 37, 38, 39, 40, 41, 42, 43, 44, 45, 46, 47, 48, 49, 50, 51, 52, 53, 54, 55, 56, 57, 58, 59, 60, 61, 62, 63, 64, 65, 66, 67, 68, 69, 70, 71, 72, 73, 74, 75], 1:[], 2:[], 3:[], 4:[], 5:[], 6:[], 7:[], 8:[], 9:[], 10:[], 11:[], 12:[], 13:[], 14:[], 15:[], 16:[], 17:[], 18:[], 19:[], 20:[], 21:[], 22:[], 23:[], 24:[], 25:[], 26:[], 27:[], 28:[], 29:[], 30:[], 31:[], 32:[], 33:[], 34:[], 35:[], 36:[], 37:[], 38:[], 39:[], 40:[], 41:[], 42:[], 43:[], 44:[], 45:[], 46:[], 47:[], 48:[], 49:[], 50:[], 51:[], 52:[], 53:[], 54:[], 55:[], 56:[], 57:[], 58:[], 59:[], 60:[], 61:[], 62:[], 63:[], 64:[], 65:[], 66:[], 67:[], 68:[], 69:[], 70:[], 71:[], 72:[], 73:[], 74:[], 75:[]",5323778600,5056401535
1847,5,2454.1258,2228412,33135770,263928957,36.6509,false,77,true,true,true,true,true,false,false,"0:[0, 1, 2, 3, 4, 5, 6, 7, 8, 9, 10, 11, 12, 13, 14, 15, 16, 17, 18, 19, 20, 21, 22, 23, 24, 25, 26, 27, 28, 29, 30, 31, 32, 33, 34, 35, 36, 37, 38, 39, 40, 41, 42, 43, 44, 45, 46, 47, 48, 49, 50, 51, 52, 53, 54, 55, 56, 57, 58, 59, 60, 61, 62, 63, 64, 65, 66, 67, 68, 69, 70, 71, 72, 73, 74, 75, 76], 1:[], 2:[], 3:[], 4:[], 5:[], 6:[], 7:[], 8:[], 9:[], 10:[], 11:[], 12:[], 13:[], 14:[], 15:[], 16:[], 17:[], 18:[], 19:[], 20:[], 21:[], 22:[], 23:[], 24:[], 25:[], 26:[], 27:[], 28:[], 29:[], 30:[], 31:[], 32:[], 33:[], 34:[], 35:[], 36:[], 37:[], 38:[], 39:[], 40:[], 41:[], 42:[], 43:[], 44:[], 45:[], 46:[], 47:[], 48:[], 49:[], 50:[], 51:[], 52:[], 53:[], 54:[], 55:[], 56:[], 57:[], 58:[], 59:[], 60:[], 61:[], 62:[], 63:[], 64:[], 65:[], 66:[], 67:[], 68:[], 69:[], 70:[], 71:[], 72:[], 73:[], 74:[], 75:[], 76:[]",5393417568,5157442818
1861,2,2079.0422,2278973,33892826,269976009,38.5068,false,77,true,true,true,true,true,false,false,"0:[0, 1, 2, 3, 4, 5, 6, 7, 8, 9, 10, 11, 12, 13, 14, 15, 16, 17, 18, 19, 20, 21, 22, 23, 24, 25, 26, 27, 28, 29, 30, 31, 32, 33, 34, 35, 36, 37, 38, 39, 40, 41, 42, 43, 44, 45, 46, 47, 48, 49, 50, 51, 52, 53, 54, 55, 56, 57, 58, 59, 60, 61, 62, 63, 64, 65, 66, 67, 68, 69, 70, 71, 72, 73, 74, 75, 76], 1:[], 2:[], 3:[], 4:[], 5:[], 6:[], 7:[], 8:[], 9:[], 10:[], 11:[], 12:[], 13:[], 14:[], 15:[], 16:[], 17:[], 18:[], 19:[], 20:[], 21:[], 22:[], 23:[], 24:[], 25:[], 26:[], 27:[], 28:[], 29:[], 30:[], 31:[], 32:[], 33:[], 34:[], 35:[], 36:[], 37:[], 38:[], 39:[], 40:[], 41:[], 42:[], 43:[], 44:[], 45:[], 46:[], 47:[], 48:[], 49:[], 50:[], 51:[], 52:[], 53:[], 54:[], 55:[], 56:[], 57:[], 58:[], 59:[], 60:[], 61:[], 62:[], 63:[], 64:[], 65:[], 66:[], 67:[], 68:[], 69:[], 70:[], 71:[], 72:[], 73:[], 74:[], 75:[], 76:[]",5455397756,5784324702
1867,2,2306.6580,2301031,34219506,272571884,37.6873,false,77,true,true,true,true,true,false,false,"0:[0, 1, 2, 3, 4, 5, 6, 7, 8, 9, 10, 11, 12, 13, 14, 15, 16, 17, 18, 19, 20, 21, 22, 23, 24, 25, 26, 27, 28, 29, 30, 31, 32, 33, 34, 35, 36, 37, 38, 39, 40, 41, 42, 43, 44, 45, 46, 47, 48, 49, 50, 51, 52, 53, 54, 55, 56, 57, 58, 59, 60, 61, 62, 63, 64, 65, 66, 67, 68, 69, 70, 71, 72, 73, 74, 75, 76], 1:[], 2:[], 3:[], 4:[], 5:[], 6:[], 7:[], 8:[], 9:[], 10:[], 11:[], 12:[], 13:[], 14:[], 15:[], 16:[], 17:[], 18:[], 19:[], 20:[], 21:[], 22:[], 23:[], 24:[], 25:[], 26:[], 27:[], 28:[], 29:[], 30:[], 31:[], 32:[], 33:[], 34:[], 35:[], 36:[], 37:[], 38:[], 39:[], 40:[], 41:[], 42:[], 43:[], 44:[], 45:[], 46:[], 47:[], 48:[], 49:[], 50:[], 51:[], 52:[], 53:[], 54:[], 55:[], 56:[], 57:[], 58:[], 59:[], 60:[], 61:[], 62:[], 63:[], 64:[], 65:[], 66:[], 67:[], 68:[], 69:[], 70:[], 71:[], 72:[], 73:[], 74:[], 75:[], 76:[]",5666699156,5823118798
1871,7,2262.0402,2315868,34439651,274327356,37.0784,false,77,true,true,true,true,true,false,false,"0:[0, 1, 2, 3, 4, 5, 6, 7, 8, 9, 10, 11, 12, 13, 14, 15, 16, 17, 18, 19, 20, 21, 22, 23, 24, 25, 26, 27, 28, 29, 30, 31, 32, 33, 34, 35, 36, 37, 38, 39, 40, 41, 42, 43, 44, 45, 46, 47, 48, 49, 50, 51, 52, 53, 54, 55, 56, 57, 58, 59, 60, 61, 62, 63, 64, 65, 66, 67, 68, 69, 70, 71, 72, 73, 74, 75, 76], 1:[], 2:[], 3:[], 4:[], 5:[], 6:[], 7:[], 8:[], 9:[], 10:[], 11:[], 12:[], 13:[], 14:[], 15:[], 16:[], 17:[], 18:[], 19:[], 20:[], 21:[], 22:[], 23:[], 24:[], 25:[], 26:[], 27:[], 28:[], 29:[], 30:[], 31:[], 32:[], 33:[], 34:[], 35:[], 36:[], 37:[], 38:[], 39:[], 40:[], 41:[], 42:[], 43:[], 44:[], 45:[], 46:[], 47:[], 48:[], 49:[], 50:[], 51:[], 52:[], 53:[], 54:[], 55:[], 56:[], 57:[], 58:[], 59:[], 60:[], 61:[], 62:[], 63:[], 64:[], 65:[], 66:[], 67:[], 68:[], 69:[], 70:[], 71:[], 72:[], 73:[], 74:[], 75:[], 76:[]",5684726192,5849255839
1873,5,2588.9659,2323074,34550141,275216789,37.9933,false,78,true,true,true,true,true,false,false,"0:[0, 1, 2, 3, 4, 5, 6, 7, 8, 9, 10, 11, 12, 13, 14, 15, 16, 17, 18, 19, 20, 21, 22, 23, 24, 25, 26, 27, 28, 29, 30, 31, 32, 33, 34, 35, 36, 37, 38, 39, 40, 41, 42, 43, 44, 45, 46, 47, 48, 49, 50, 51, 52, 53, 54, 55, 56, 57, 58, 59, 60, 61, 62, 63, 64, 65, 66, 67, 68, 69, 70, 71, 72, 73, 74, 75, 76, 77], 1:[], 2:[], 3:[], 4:[], 5:[], 6:[], 7:[], 8:[], 9:[], 10:[], 11:[], 12:[], 13:[], 14:[], 15:[], 16:[], 17:[], 18:[], 19:[], 20:[], 21:[], 22:[], 23:[], 24:[], 25:[], 26:[], 27:[], 28:[], 29:[], 30:[], 31:[], 32:[], 33:[], 34:[], 35:[], 36:[], 37:[], 38:[], 39:[], 40:[], 41:[], 42:[], 43:[], 44:[], 45:[], 46:[], 47:[], 48:[], 49:[], 50:[], 51:[], 52:[], 53:[], 54:[], 55:[], 56:[], 57:[], 58:[], 59:[], 60:[], 61:[], 62:[], 63:[], 64:[], 65:[], 66:[], 67:[], 68:[], 69:[], 70:[], 71:[], 72:[], 73:[], 74:[], 75:[], 76:[], 77:[]",5693767160,5862435081
1877,2,2457.1499,2338005,34772227,276991029,38.7739,false,79,true,true,true,true,true,false,false,"0:[0, 1, 2, 3, 4, 5, 6, 7, 8, 9, 10, 11, 12, 13, 14, 15, 16, 17, 18, 19, 20, 21, 22, 23, 24, 25, 26, 27, 28, 29, 30, 31, 32, 33, 34, 35, 36, 37, 38, 39, 40, 41, 42, 43, 44, 45, 46, 47, 48, 49, 50, 51, 52, 53, 54, 55, 56, 57, 58, 59, 60, 61, 62, 63, 64, 65, 66, 67, 68, 69, 70, 71, 72, 73, 74, 75, 76, 77, 78], 1:[], 2:[], 3:[], 4:[], 5:[], 6:[], 7:[], 8:[], 9:[], 10:[], 11:[], 12:[], 13:[], 14:[], 15:[], 16:[], 17:[], 18:[], 19:[], 20:[], 21:[], 22:[], 23:[], 24:[], 25:[], 26:[], 27:[], 28:[], 29:[], 30:[], 31:[], 32:[], 33:[], 34:[], 35:[], 36:[], 37:[], 38:[], 39:[], 40:[], 41:[], 42:[], 43:[], 44:[], 45:[], 46:[], 47:[], 48:[], 49:[], 50:[], 51:[], 52:[], 53:[], 54:[], 55:[], 56:[], 57:[], 58:[], 59:[], 60:[], 61:[], 62:[], 63:[], 64:[], 65:[], 66:[], 67:[], 68:[], 69:[], 70:[], 71:[], 72:[], 73:[], 74:[], 75:[], 76:[], 77:[], 78:[]",5711952108,5888802523
1879,3,2225.0347,2345416,34882360,277864706,38.7490,false,78,true,true,true,true,true,false,false,"0:[0, 1, 2, 3, 4, 5, 6, 7, 8, 9, 10, 11, 12, 13, 14, 15, 16, 17, 18, 19, 20, 21, 22, 23, 24, 25, 26, 27, 28, 29, 30, 31, 32, 33, 34, 35, 36, 37, 38, 39, 40, 41, 42, 43, 44, 45, 46, 47, 48, 49, 50, 51, 52, 53, 54, 55, 56, 57, 58, 59, 60, 61, 62, 63, 64, 65, 66, 67, 68, 69, 70, 71, 72, 73, 74, 75, 76, 77], 1:[], 2:[], 3:[], 4:[], 5:[], 6:[], 7:[], 8:[], 9:[], 10:[], 11:[], 12:[], 13:[], 14:[], 15:[], 16:[], 17:[], 18:[], 19:[], 20:[], 21:[], 22:[], 23:[], 24:[], 25:[], 26:[], 27:[], 28:[], 29:[], 30:[], 31:[], 32:[], 33:[], 34:[], 35:[], 36:[], 37:[], 38:[], 39:[], 40:[], 41:[], 42:[], 43:[], 44:[], 45:[], 46:[], 47:[], 48:[], 49:[], 50:[], 51:[], 52:[], 53:[], 54:[], 55:[], 56:[], 57:[], 58:[], 59:[], 60:[], 61:[], 62:[], 63:[], 64:[], 65:[], 66:[], 67:[], 68:[], 69:[], 70:[], 71:[], 72:[], 73:[], 74:[], 75:[], 76:[], 77:[]",5720970256,5901884680
1889,3,2571.2734,2382862,35439778,282307290,39.5222,false,79,true,true,true,true,true,false,false,"0:[0, 1, 2, 3, 4, 5, 6, 7, 8, 9, 10, 11, 12, 13, 14, 15, 16, 17, 18, 19, 20, 21, 22, 23, 24, 25, 26, 27, 28, 29, 30, 31, 32, 33, 34, 35, 36, 37, 38, 39, 40, 41, 42, 43, 44, 45, 46, 47, 48, 49, 50, 51, 52, 53, 54, 55, 56, 57, 58, 59, 60, 61, 62, 63, 64, 65, 66, 67, 68, 69, 70, 71, 72, 73, 74, 75, 76, 77, 78], 1:[], 2:[], 3:[], 4:[], 5:[], 6:[], 7:[], 8:[], 9:[], 10:[], 11:[], 12:[], 13:[], 14:[], 15:[], 16:[], 17:[], 18:[], 19:[], 20:[], 21:[], 22:[], 23:[], 24:[], 25:[], 26:[], 27:[], 28:[], 29:[], 30:[], 31:[], 32:[], 33:[], 34:[], 35:[], 36:[], 37:[], 38:[], 39:[], 40:[], 41:[], 42:[], 43:[], 44:[], 45:[], 46:[], 47:[], 48:[], 49:[], 50:[], 51:[], 52:[], 53:[], 54:[], 55:[], 56:[], 57:[], 58:[], 59:[], 60:[], 61:[], 62:[], 63:[], 64:[], 65:[], 66:[], 67:[], 68:[], 69:[], 70:[], 71:[], 72:[], 73:[], 74:[], 75:[], 76:[], 77:[], 78:[]",5766612184,5968129922
1901,2,2577.5830,2428288,36117899,287720282,40.4231,false,79,true,true,true,true,true,false,false,"0:[0, 1, 2, 3, 4, 5, 6, 7, 8, 9, 10, 11, 12, 13, 14, 15, 16, 17, 18, 19, 20, 21, 22, 23, 24, 25, 26, 27, 28, 29, 30, 31, 32, 33, 34, 35, 36, 37, 38, 39, 40, 41, 42, 43, 44, 45, 46, 47, 48, 49, 50, 51, 52, 53, 54, 55, 56, 57, 58, 59, 60, 61, 62, 63, 64, 65, 66, 67, 68, 69, 70, 71, 72, 73, 74, 75, 76, 77, 78], 1:[], 2:[], 3:[], 4:[], 5:[], 6:[], 7:[], 8:[], 9:[], 10:[], 11:[], 12:[], 13:[], 14:[], 15:[], 16:[], 17:[], 18:[], 19:[], 20:[], 21:[], 22:[], 23:[], 24:[], 25:[], 26:[], 27:[], 28:[], 29:[], 30:[], 31:[], 32:[], 33:[], 34:[], 35:[], 36:[], 37:[], 38:[], 39:[], 40:[], 41:[], 42:[], 43:[], 44:[], 45:[], 46:[], 47:[], 48:[], 49:[], 50:[], 51:[], 52:[], 53:[], 54:[], 55:[], 56:[], 57:[], 58:[], 59:[], 60:[], 61:[], 62:[], 63:[], 64:[], 65:[], 66:[], 67:[], 68:[], 69:[], 70:[], 71:[], 72:[], 73:[], 74:[], 75:[], 76:[], 77:[], 78:[]",5822133792,6048712247
1907,2,2521.4490,2451296,36460109,290448239,40.5470,false,79,true,true,true,true,true,false,false,"0:[0, 1, 2, 3, 4, 5, 6, 7, 8, 9, 10, 11, 12, 13, 14, 15, 16, 17, 18, 19, 20, 21, 22, 23, 24, 25, 26, 27, 28, 29, 30, 31, 32, 33, 34, 35, 36, 37, 38, 39, 40, 41, 42, 43, 44, 45, 46, 47, 48, 49, 50, 51, 52, 53, 54, 55, 56, 57, 58, 59, 60, 61, 62, 63, 64, 65, 66, 67, 68, 69, 70, 71, 72, 73, 74, 75, 76, 77, 78], 1:[], 2:[], 3:[], 4:[], 5:[], 6:[], 7:[], 8:[], 9:[], 10:[], 11:[], 12:[], 13:[], 14:[], 15:[], 16:[], 17:[], 18:[], 19:[], 20:[], 21:[], 22:[], 23:[], 24:[], 25:[], 26:[], 27:[], 28:[], 29:[], 30:[], 31:[], 32:[], 33:[], 34:[], 35:[], 36:[], 37:[], 38:[], 39:[], 40:[], 41:[], 42:[], 43:[], 44:[], 45:[], 46:[], 47:[], 48:[], 49:[], 50:[], 51:[], 52:[], 53:[], 54:[], 55:[], 56:[], 57:[], 58:[], 59:[], 60:[], 61:[], 62:[], 63:[], 64:[], 65:[], 66:[], 67:[], 68:[], 69:[], 70:[], 71:[], 72:[], 73:[], 74:[], 75:[], 76:[], 77:[], 78:[]",5850154816,6089348865
1913,3,2657.8993,2474288,36804988,293207161,40.6990,false,79,true,true,true,true,true,false,false,"0:[0, 1, 2, 3, 4, 5, 6, 7, 8, 9, 10, 11, 12, 13, 14, 15, 16, 17, 18, 19, 20, 21, 22, 23, 24, 25, 26, 27, 28, 29, 30, 31, 32, 33, 34, 35, 36, 37, 38, 39, 40, 41, 42, 43, 44, 45, 46, 47, 48, 49, 50, 51, 52, 53, 54, 55, 56, 57, 58, 59, 60, 61, 62, 63, 64, 65, 66, 67, 68, 69, 70, 71, 72, 73, 74, 75, 76, 77, 78], 1:[], 2:[], 3:[], 4:[], 5:[], 6:[], 7:[], 8:[], 9:[], 10:[], 11:[], 12:[], 13:[], 14:[], 15:[], 16:[], 17:[], 18:[], 19:[], 20:[], 21:[], 22:[], 23:[], 24:[], 25:[], 26:[], 27:[], 28:[], 29:[], 30:[], 31:[], 32:[], 33:[], 34:[], 35:[], 36:[], 37:[], 38:[], 39:[], 40:[], 41:[], 42:[], 43:[], 44:[], 45:[], 46:[], 47:[], 48:[], 49:[], 50:[], 51:[], 52:[], 53:[], 54:[], 55:[], 56:[], 57:[], 58:[], 59:[], 60:[], 61:[], 62:[], 63:[], 64:[], 65:[], 66:[], 67:[], 68:[], 69:[], 70:[], 71:[], 72:[], 73:[], 74:[], 75:[], 76:[], 77:[], 78:[]",5878388912,6130358620
1931,2,2293.5495,2544453,37848727,301520347,41.2128,false,81,true,true,true,true,true,false,false,"0:[0, 1, 2, 3, 4, 5, 6, 7, 8, 9, 10, 11, 12, 13, 14, 15, 16, 17, 18, 19, 20, 21, 22, 23, 24, 25, 26, 27, 28, 29, 30, 31, 32, 33, 34, 35, 36, 37, 38, 39, 40, 41, 42, 43, 44, 45, 46, 47, 48, 49, 50, 51, 52, 53, 54, 55, 56, 57, 58, 59, 60, 61, 62, 63, 64, 65, 66, 67, 68, 69, 70, 71, 72, 73, 74, 75, 76, 77, 78, 79, 80], 1:[], 2:[], 3:[], 4:[], 5:[], 6:[], 7:[], 8:[], 9:[], 10:[], 11:[], 12:[], 13:[], 14:[], 15:[], 16:[], 17:[], 18:[], 19:[], 20:[], 21:[], 22:[], 23:[], 24:[], 25:[], 26:[], 27:[], 28:[], 29:[], 30:[], 31:[], 32:[], 33:[], 34:[], 35:[], 36:[], 37:[], 38:[], 39:[], 40:[], 41:[], 42:[], 43:[], 44:[], 45:[], 46:[], 47:[], 48:[], 49:[], 50:[], 51:[], 52:[], 53:[], 54:[], 55:[], 56:[], 57:[], 58:[], 59:[], 60:[], 61:[], 62:[], 63:[], 64:[], 65:[], 66:[], 67:[], 68:[], 69:[], 70:[], 71:[], 72:[], 73:[], 74:[], 75:[], 76:[], 77:[], 78:[], 79:[], 80:[]",5963852652,6254362239
1933,2,2689.2799,2552132,37966876,302474170,42.2909,false,81,true,true,true,true,true,false,false,"0:[0, 1, 2, 3, 4, 5, 6, 7, 8, 9, 10, 11, 12, 13, 14, 15, 16, 17, 18, 19, 20, 21, 22, 23, 24, 25, 26, 27, 28, 29, 30, 31, 32, 33, 34, 35, 36, 37, 38, 39, 40, 41, 42, 43, 44, 45, 46, 47, 48, 49, 50, 51, 52, 53, 54, 55, 56, 57, 58, 59, 60, 61, 62, 63, 64, 65, 66, 67, 68, 69, 70, 71, 72, 73, 74, 75, 76, 77, 78, 79, 80], 1:[], 2:[], 3:[], 4:[], 5:[], 6:[], 7:[], 8:[], 9:[], 10:[], 11:[], 12:[], 13:[], 14:[], 15:[], 16:[], 17:[], 18:[], 19:[], 20:[], 21:[], 22:[], 23:[], 24:[], 25:[], 26:[], 27:[], 28:[], 29:[], 30:[], 31:[], 32:[], 33:[], 34:[], 35:[], 36:[], 37:[], 38:[], 39:[], 40:[], 41:[], 42:[], 43:[], 44:[], 45:[], 46:[], 47:[], 48:[], 49:[], 50:[], 51:[], 52:[], 53:[], 54:[], 55:[], 56:[], 57:[], 58:[], 59:[], 60:[], 61:[], 62:[], 63:[], 64:[], 65:[], 66:[], 67:[], 68:[], 69:[], 70:[], 71:[], 72:[], 73:[], 74:[], 75:[], 76:[], 77:[], 78:[], 79:[], 80:[]",5973519584,6268452812
1949,2,2797.9861,2615768,38914013,310023875,48.1838,false,81,true,true,true,true,true,false,false,"0:[0, 1, 2, 3, 4, 5, 6, 7, 8, 9, 10, 11, 12, 13, 14, 15, 16, 17, 18, 19, 20, 21, 22, 23, 24, 25, 26, 27, 28, 29, 30, 31, 32, 33, 34, 35, 36, 37, 38, 39, 40, 41, 42, 43, 44, 45, 46, 47, 48, 49, 50, 51, 52, 53, 54, 55, 56, 57, 58, 59, 60, 61, 62, 63, 64, 65, 66, 67, 68, 69, 70, 71, 72, 73, 74, 75, 76, 77, 78, 79, 80], 1:[], 2:[], 3:[], 4:[], 5:[], 6:[], 7:[], 8:[], 9:[], 10:[], 11:[], 12:[], 13:[], 14:[], 15:[], 16:[], 17:[], 18:[], 19:[], 20:[], 21:[], 22:[], 23:[], 24:[], 25:[], 26:[], 27:[], 28:[], 29:[], 30:[], 31:[], 32:[], 33:[], 34:[], 35:[], 36:[], 37:[], 38:[], 39:[], 40:[], 41:[], 42:[], 43:[], 44:[], 45:[], 46:[], 47:[], 48:[], 49:[], 50:[], 51:[], 52:[], 53:[], 54:[], 55:[], 56:[], 57:[], 58:[], 59:[], 60:[], 61:[], 62:[], 63:[], 64:[], 65:[], 66:[], 67:[], 68:[], 69:[], 70:[], 71:[], 72:[], 73:[], 74:[], 75:[], 76:[], 77:[], 78:[], 79:[], 80:[]",6051072352,6917851633
1951,3,2626.2655,2623754,39034299,310987733,43.0891,false,81,true,true,true,true,true,false,false,"0:[0, 1, 2, 3, 4, 5, 6, 7, 8, 9, 10, 11, 12, 13, 14, 15, 16, 17, 18, 19, 20, 21, 22, 23, 24, 25, 26, 27, 28, 29, 30, 31, 32, 33, 34, 35, 36, 37, 38, 39, 40, 41, 42, 43, 44, 45, 46, 47, 48, 49, 50, 51, 52, 53, 54, 55, 56, 57, 58, 59, 60, 61, 62, 63, 64, 65, 66, 67, 68, 69, 70, 71, 72, 73, 74, 75, 76, 77, 78, 79, 80], 1:[], 2:[], 3:[], 4:[], 5:[], 6:[], 7:[], 8:[], 9:[], 10:[], 11:[], 12:[], 13:[], 14:[], 15:[], 16:[], 17:[], 18:[], 19:[], 20:[], 21:[], 22:[], 23:[], 24:[], 25:[], 26:[], 27:[], 28:[], 29:[], 30:[], 31:[], 32:[], 33:[], 34:[], 35:[], 36:[], 37:[], 38:[], 39:[], 40:[], 41:[], 42:[], 43:[], 44:[], 45:[], 46:[], 47:[], 48:[], 49:[], 50:[], 51:[], 52:[], 53:[], 54:[], 55:[], 56:[], 57:[], 58:[], 59:[], 60:[], 61:[], 62:[], 63:[], 64:[], 65:[], 66:[], 67:[], 68:[], 69:[], 70:[], 71:[], 72:[], 73:[], 74:[], 75:[], 76:[], 77:[], 78:[], 79:[], 80:[]",6060918840,6932138719
1973,2,2855.4427,2713021,40365923,321613629,45.1260,false,83,true,true,true,true,true,false,false,"0:[0, 1, 2, 3, 4, 5, 6, 7, 8, 9, 10, 11, 12, 13, 14, 15, 16, 17, 18, 19, 20, 21, 22, 23, 24, 25, 26, 27, 28, 29, 30, 31, 32, 33, 34, 35, 36, 37, 38, 39, 40, 41, 42, 43, 44, 45, 46, 47, 48, 49, 50, 51, 52, 53, 54, 55, 56, 57, 58, 59, 60, 61, 62, 63, 64, 65, 66, 67, 68, 69, 70, 71, 72, 73, 74, 75, 76, 77, 78, 79, 80, 81, 82], 1:[], 2:[], 3:[], 4:[], 5:[], 6:[], 7:[], 8:[], 9:[], 10:[], 11:[], 12:[], 13:[], 14:[], 15:[], 16:[], 17:[], 18:[], 19:[], 20:[], 21:[], 22:[], 23:[], 24:[], 25:[], 26:[], 27:[], 28:[], 29:[], 30:[], 31:[], 32:[], 33:[], 34:[], 35:[], 36:[], 37:[], 38:[], 39:[], 40:[], 41:[], 42:[], 43:[], 44:[], 45:[], 46:[], 47:[], 48:[], 49:[], 50:[], 51:[], 52:[], 53:[], 54:[], 55:[], 56:[], 57:[], 58:[], 59:[], 60:[], 61:[], 62:[], 63:[], 64:[], 65:[], 66:[], 67:[], 68:[], 69:[], 70:[], 71:[], 72:[], 73:[], 74:[], 75:[], 76:[], 77:[], 78:[], 79:[], 80:[], 81:[], 82:[]",6169948236,7090385499
1979,2,2844.8903,2737789,40732887,324530076,44.5717,false,83,true,true,true,true,true,false,false,"0:[0, 1, 2, 3, 4, 5, 6, 7, 8, 9, 10, 11, 12, 13, 14, 15, 16, 17, 18, 19, 20, 21, 22, 23, 24, 25, 26, 27, 28, 29, 30, 31, 32, 33, 34, 35, 36, 37, 38, 39, 40, 41, 42, 43, 44, 45, 46, 47, 48, 49, 50, 51, 52, 53, 54, 55, 56, 57, 58, 59, 60, 61, 62, 63, 64, 65, 66, 67, 68, 69, 70, 71, 72, 73, 74, 75, 76, 77, 78, 79, 80, 81, 82], 1:[], 2:[], 3:[], 4:[], 5:[], 6:[], 7:[], 8:[], 9:[], 10:[], 11:[], 12:[], 13:[], 14:[], 15:[], 16:[], 17:[], 18:[], 19:[], 20:[], 21:[], 22:[], 23:[], 24:[], 25:[], 26:[], 27:[], 28:[], 29:[], 30:[], 31:[], 32:[], 33:[], 34:[], 35:[], 36:[], 37:[], 38:[], 39:[], 40:[], 41:[], 42:[], 43:[], 44:[], 45:[], 46:[], 47:[], 48:[], 49:[], 50:[], 51:[], 52:[], 53:[], 54:[], 55:[], 56:[], 57:[], 58:[], 59:[], 60:[], 61:[], 62:[], 63:[], 64:[], 65:[], 66:[], 67:[], 68:[], 69:[], 70:[], 71:[], 72:[], 73:[], 74:[], 75:[], 76:[], 77:[], 78:[], 79:[], 80:[], 81:[], 82:[]",6199998860,7133964415
1987,2,2515.2271,2770822,41227464,328479842,45.7528,false,82,true,true,true,true,true,false,false,"0:[0, 1, 2, 3, 4, 5, 6, 7, 8, 9, 10, 11, 12, 13, 14, 15, 16, 17, 18, 19, 20, 21, 22, 23, 24, 25, 26, 27, 28, 29, 30, 31, 32, 33, 34, 35, 36, 37, 38, 39, 40, 41, 42, 43, 44, 45, 46, 47, 48, 49, 50, 51, 52, 53, 54, 55, 56, 57, 58, 59, 60, 61, 62, 63, 64, 65, 66, 67, 68, 69, 70, 71, 72, 73, 74, 75, 76, 77, 78, 79, 80, 81], 1:[], 2:[], 3:[], 4:[], 5:[], 6:[], 7:[], 8:[], 9:[], 10:[], 11:[], 12:[], 13:[], 14:[], 15:[], 16:[], 17:[], 18:[], 19:[], 20:[], 21:[], 22:[], 23:[], 24:[], 25:[], 26:[], 27:[], 28:[], 29:[], 30:[], 31:[], 32:[], 33:[], 34:[], 35:[], 36:[], 37:[], 38:[], 39:[], 40:[], 41:[], 42:[], 43:[], 44:[], 45:[], 46:[], 47:[], 48:[], 49:[], 50:[], 51:[], 52:[], 53:[], 54:[], 55:[], 56:[], 57:[], 58:[], 59:[], 60:[], 61:[], 62:[], 63:[], 64:[], 65:[], 66:[], 67:[], 68:[], 69:[], 70:[], 71:[], 72:[], 73:[], 74:[], 75:[], 76:[], 77:[], 78:[], 79:[], 80:[], 81:[]",6240489944,7192761120
1993,5,3132.4335,2795772,41601206,331466673,48.7553,false,83,true,true,true,true,true,false,false,"0:[0, 1, 2, 3, 4, 5, 6, 7, 8, 9, 10, 11, 12, 13, 14, 15, 16, 17, 18, 19, 20, 21, 22, 23, 24, 25, 26, 27, 28, 29, 30, 31, 32, 33, 34, 35, 36, 37, 38, 39, 40, 41, 42, 43, 44, 45, 46, 47, 48, 49, 50, 51, 52, 53, 54, 55, 56, 57, 58, 59, 60, 61, 62, 63, 64, 65, 66, 67, 68, 69, 70, 71, 72, 73, 74, 75, 76, 77, 78, 79, 80, 81, 82], 1:[], 2:[], 3:[], 4:[], 5:[], 6:[], 7:[], 8:[], 9:[], 10:[], 11:[], 12:[], 13:[], 14:[], 15:[], 16:[], 17:[], 18:[], 19:[], 20:[], 21:[], 22:[], 23:[], 24:[], 25:[], 26:[], 27:[], 28:[], 29:[], 30:[], 31:[], 32:[], 33:[], 34:[], 35:[], 36:[], 37:[], 38:[], 39:[], 40:[], 41:[], 42:[], 43:[], 44:[], 45:[], 46:[], 47:[], 48:[], 49:[], 50:[], 51:[], 52:[], 53:[], 54:[], 55:[], 56:[], 57:[], 58:[], 59:[], 60:[], 61:[], 62:[], 63:[], 64:[], 65:[], 66:[], 67:[], 68:[], 69:[], 70:[], 71:[], 72:[], 73:[], 74:[], 75:[], 76:[], 77:[], 78:[], 79:[], 80:[], 81:[], 82:[]",6271087904,7237202894
1997,2,3020.2728,2812656,41852978,333481262,52.7202,false,84,true,true,true,true,true,false,false,"0:[0, 1, 2, 3, 4, 5, 6, 7, 8, 9, 10, 11, 12, 13, 14, 15, 16, 17, 18, 19, 20, 21, 22, 23, 24, 25, 26, 27, 28, 29, 30, 31, 32, 33, 34, 35, 36, 37, 38, 39, 40, 41, 42, 43, 44, 45, 46, 47, 48, 49, 50, 51, 52, 53, 54, 55, 56, 57, 58, 59, 60, 61, 62, 63, 64, 65, 66, 67, 68, 69, 70, 71, 72, 73, 74, 75, 76, 77, 78, 79, 80, 81, 82, 83], 1:[], 2:[], 3:[], 4:[], 5:[], 6:[], 7:[], 8:[], 9:[], 10:[], 11:[], 12:[], 13:[], 14:[], 15:[], 16:[], 17:[], 18:[], 19:[], 20:[], 21:[], 22:[], 23:[], 24:[], 25:[], 26:[], 27:[], 28:[], 29:[], 30:[], 31:[], 32:[], 33:[], 34:[], 35:[], 36:[], 37:[], 38:[], 39:[], 40:[], 41:[], 42:[], 43:[], 44:[], 45:[], 46:[], 47:[], 48:[], 49:[], 50:[], 51:[], 52:[], 53:[], 54:[], 55:[], 56:[], 57:[], 58:[], 59:[], 60:[], 61:[], 62:[], 63:[], 64:[], 65:[], 66:[], 67:[], 68:[], 69:[], 70:[], 71:[], 72:[], 73:[], 74:[], 75:[], 76:[], 77:[], 78:[], 79:[], 80:[], 81:[], 82:[], 83:[]",6291702416,7267096426
1999,3,3221.6367,2821040,41978215,334478756,46.8139,false,83,true,true,true,true,true,false,false,"0:[0, 1, 2, 3, 4, 5, 6, 7, 8, 9, 10, 11, 12, 13, 14, 15, 16, 17, 18, 19, 20, 21, 22, 23, 24, 25, 26, 27, 28, 29, 30, 31, 32, 33, 34, 35, 36, 37, 38, 39, 40, 41, 42, 43, 44, 45, 46, 47, 48, 49, 50, 51, 52, 53, 54, 55, 56, 57, 58, 59, 60, 61, 62, 63, 64, 65, 66, 67, 68, 69, 70, 71, 72, 73, 74, 75, 76, 77, 78, 79, 80, 81, 82], 1:[], 2:[], 3:[], 4:[], 5:[], 6:[], 7:[], 8:[], 9:[], 10:[], 11:[], 12:[], 13:[], 14:[], 15:[], 16:[], 17:[], 18:[], 19:[], 20:[], 21:[], 22:[], 23:[], 24:[], 25:[], 26:[], 27:[], 28:[], 29:[], 30:[], 31:[], 32:[], 33:[], 34:[], 35:[], 36:[], 37:[], 38:[], 39:[], 40:[], 41:[], 42:[], 43:[], 44:[], 45:[], 46:[], 47:[], 48:[], 49:[], 50:[], 51:[], 52:[], 53:[], 54:[], 55:[], 56:[], 57:[], 58:[], 59:[], 60:[], 61:[], 62:[], 63:[], 64:[], 65:[], 66:[], 67:[], 68:[], 69:[], 70:[], 71:[], 72:[], 73:[], 74:[], 75:[], 76:[], 77:[], 78:[], 79:[], 80:[], 81:[], 82:[]",6301956128,7281972867
2003,2,2566.4179,2838024,42229962,336484050,46.3947,false,83,true,true,true,true,true,false,false,"0:[0, 1, 2, 3, 4, 5, 6, 7, 8, 9, 10, 11, 12, 13, 14, 15, 16, 17, 18, 19, 20, 21, 22, 23, 24, 25, 26, 27, 28, 29, 30, 31, 32, 33, 34, 35, 36, 37, 38, 39, 40, 41, 42, 43, 44, 45, 46, 47, 48, 49, 50, 51, 52, 53, 54, 55, 56, 57, 58, 59, 60, 61, 62, 63, 64, 65, 66, 67, 68, 69, 70, 71, 72, 73, 74, 75, 76, 77, 78, 79, 80, 81, 82], 1:[], 2:[], 3:[], 4:[], 5:[], 6:[], 7:[], 8:[], 9:[], 10:[], 11:[], 12:[], 13:[], 14:[], 15:[], 16:[], 17:[], 18:[], 19:[], 20:[], 21:[], 22:[], 23:[], 24:[], 25:[], 26:[], 27:[], 28:[], 29:[], 30:[], 31:[], 32:[], 33:[], 34:[], 35:[], 36:[], 37:[], 38:[], 39:[], 40:[], 41:[], 42:[], 43:[], 44:[], 45:[], 46:[], 47:[], 48:[], 49:[], 50:[], 51:[], 52:[], 53:[], 54:[], 55:[], 56:[], 57:[], 58:[], 59:[], 60:[], 61:[], 62:[], 63:[], 64:[], 65:[], 66:[], 67:[], 68:[], 69:[], 70:[], 71:[], 72:[], 73:[], 74:[], 75:[], 76:[], 77:[], 78:[], 79:[], 80:[], 81:[], 82:[]",6322571440,7311865474
2011,2,3030.7789,2871859,42736498,340529021,49.5275,false,84,true,true,true,true,true,false,false,"0:[0, 1, 2, 3, 4, 5, 6, 7, 8, 9, 10, 11, 12, 13, 14, 15, 16, 17, 18, 19, 20, 21, 22, 23, 24, 25, 26, 27, 28, 29, 30, 31, 32, 33, 34, 35, 36, 37, 38, 39, 40, 41, 42, 43, 44, 45, 46, 47, 48, 49, 50, 51, 52, 53, 54, 55, 56, 57, 58, 59, 60, 61, 62, 63, 64, 65, 66, 67, 68, 69, 70, 71, 72, 73, 74, 75, 76, 77, 78, 79, 80, 81, 82, 83], 1:[], 2:[], 3:[], 4:[], 5:[], 6:[], 7:[], 8:[], 9:[], 10:[], 11:[], 12:[], 13:[], 14:[], 15:[], 16:[], 17:[], 18:[], 19:[], 20:[], 21:[], 22:[], 23:[], 24:[], 25:[], 26:[], 27:[], 28:[], 29:[], 30:[], 31:[], 32:[], 33:[], 34:[], 35:[], 36:[], 37:[], 38:[], 39:[], 40:[], 41:[], 42:[], 43:[], 44:[], 45:[], 46:[], 47:[], 48:[], 49:[], 50:[], 51:[], 52:[], 53:[], 54:[], 55:[], 56:[], 57:[], 58:[], 59:[], 60:[], 61:[], 62:[], 63:[], 64:[], 65:[], 66:[], 67:[], 68:[], 69:[], 70:[], 71:[], 72:[], 73:[], 74:[], 75:[], 76:[], 77:[], 78:[], 79:[], 80:[], 81:[], 82:[], 83:[]",6364041700,7372082622
2017,5,3321.8504,2897412,43118262,343573975,49.8702,false,84,true,true,true,true,true,false,false,"0:[0, 1, 2, 3, 4, 5, 6, 7, 8, 9, 10, 11, 12, 13, 14, 15, 16, 17, 18, 19, 20, 21, 22, 23, 24, 25, 26, 27, 28, 29, 30, 31, 32, 33, 34, 35, 36, 37, 38, 39, 40, 41, 42, 43, 44, 45, 46, 47, 48, 49, 50, 51, 52, 53, 54, 55, 56, 57, 58, 59, 60, 61, 62, 63, 64, 65, 66, 67, 68, 69, 70, 71, 72, 73, 74, 75, 76, 77, 78, 79, 80, 81, 82, 83], 1:[], 2:[], 3:[], 4:[], 5:[], 6:[], 7:[], 8:[], 9:[], 10:[], 11:[], 12:[], 13:[], 14:[], 15:[], 16:[], 17:[], 18:[], 19:[], 20:[], 21:[], 22:[], 23:[], 24:[], 25:[], 26:[], 27:[], 28:[], 29:[], 30:[], 31:[], 32:[], 33:[], 34:[], 35:[], 36:[], 37:[], 38:[], 39:[], 40:[], 41:[], 42:[], 43:[], 44:[], 45:[], 46:[], 47:[], 48:[], 49:[], 50:[], 51:[], 52:[], 53:[], 54:[], 55:[], 56:[], 57:[], 58:[], 59:[], 60:[], 61:[], 62:[], 63:[], 64:[], 65:[], 66:[], 67:[], 68:[], 69:[], 70:[], 71:[], 72:[], 73:[], 74:[], 75:[], 76:[], 77:[], 78:[], 79:[], 80:[], 81:[], 82:[], 83:[]",6395298304,7417480046
2027,2,2744.6003,2940677,43761606,348704607,54.8838,false,84,true,true,true,true,true,false,false,"0:[0, 1, 2, 3, 4, 5, 6, 7, 8, 9, 10, 11, 12, 13, 14, 15, 16, 17, 18, 19, 20, 21, 22, 23, 24, 25, 26, 27, 28, 29, 30, 31, 32, 33, 34, 35, 36, 37, 38, 39, 40, 41, 42, 43, 44, 45, 46, 47, 48, 49, 50, 51, 52, 53, 54, 55, 56, 57, 58, 59, 60, 61, 62, 63, 64, 65, 66, 67, 68, 69, 70, 71, 72, 73, 74, 75, 76, 77, 78, 79, 80, 81, 82, 83], 1:[], 2:[], 3:[], 4:[], 5:[], 6:[], 7:[], 8:[], 9:[], 10:[], 11:[], 12:[], 13:[], 14:[], 15:[], 16:[], 17:[], 18:[], 19:[], 20:[], 21:[], 22:[], 23:[], 24:[], 25:[], 26:[], 27:[], 28:[], 29:[], 30:[], 31:[], 32:[], 33:[], 34:[], 35:[], 36:[], 37:[], 38:[], 39:[], 40:[], 41:[], 42:[], 43:[], 44:[], 45:[], 46:[], 47:[], 48:[], 49:[], 50:[], 51:[], 52:[], 53:[], 54:[], 55:[], 56:[], 57:[], 58:[], 59:[], 60:[], 61:[], 62:[], 63:[], 64:[], 65:[], 66:[], 67:[], 68:[], 69:[], 70:[], 71:[], 72:[], 73:[], 74:[], 75:[], 76:[], 77:[], 78:[], 79:[], 80:[], 81:[], 82:[], 83:[]",6447977244,7493876058
2029,2,2737.5745,2949144,43890634,349739486,50.1325,false,84,true,true,true,true,true,false,false,"0:[0, 1, 2, 3, 4, 5, 6, 7, 8, 9, 10, 11, 12, 13, 14, 15, 16, 17, 18, 19, 20, 21, 22, 23, 24, 25, 26, 27, 28, 29, 30, 31, 32, 33, 34, 35, 36, 37, 38, 39, 40, 41, 42, 43, 44, 45, 46, 47, 48, 49, 50, 51, 52, 53, 54, 55, 56, 57, 58, 59, 60, 61, 62, 63, 64, 65, 66, 67, 68, 69, 70, 71, 72, 73, 74, 75, 76, 77, 78, 79, 80, 81, 82, 83], 1:[], 2:[], 3:[], 4:[], 5:[], 6:[], 7:[], 8:[], 9:[], 10:[], 11:[], 12:[], 13:[], 14:[], 15:[], 16:[], 17:[], 18:[], 19:[], 20:[], 21:[], 22:[], 23:[], 24:[], 25:[], 26:[], 27:[], 28:[], 29:[], 30:[], 31:[], 32:[], 33:[], 34:[], 35:[], 36:[], 37:[], 38:[], 39:[], 40:[], 41:[], 42:[], 43:[], 44:[], 45:[], 46:[], 47:[], 48:[], 49:[], 50:[], 51:[], 52:[], 53:[], 54:[], 55:[], 56:[], 57:[], 58:[], 59:[], 60:[], 61:[], 62:[], 63:[], 64:[], 65:[], 66:[], 67:[], 68:[], 69:[], 70:[], 71:[], 72:[], 73:[], 74:[], 75:[], 76:[], 77:[], 78:[], 79:[], 80:[], 81:[], 82:[], 83:[]",6458536560,7509262978
2039,7,3417.6725,2992920,44540092,354909873,51.5707,false,84,true,true,true,true,true,false,false,"0:[0, 1, 2, 3, 4, 5, 6, 7, 8, 9, 10, 11, 12, 13, 14, 15, 16, 17, 18, 19, 20, 21, 22, 23, 24, 25, 26, 27, 28, 29, 30, 31, 32, 33, 34, 35, 36, 37, 38, 39, 40, 41, 42, 43, 44, 45, 46, 47, 48, 49, 50, 51, 52, 53, 54, 55, 56, 57, 58, 59, 60, 61, 62, 63, 64, 65, 66, 67, 68, 69, 70, 71, 72, 73, 74, 75, 76, 77, 78, 79, 80, 81, 82, 83], 1:[], 2:[], 3:[], 4:[], 5:[], 6:[], 7:[], 8:[], 9:[], 10:[], 11:[], 12:[], 13:[], 14:[], 15:[], 16:[], 17:[], 18:[], 19:[], 20:[], 21:[], 22:[], 23:[], 24:[], 25:[], 26:[], 27:[], 28:[], 29:[], 30:[], 31:[], 32:[], 33:[], 34:[], 35:[], 36:[], 37:[], 38:[], 39:[], 40:[], 41:[], 42:[], 43:[], 44:[], 45:[], 46:[], 47:[], 48:[], 49:[], 50:[], 51:[], 52:[], 53:[], 54:[], 55:[], 56:[], 57:[], 58:[], 59:[], 60:[], 61:[], 62:[], 63:[], 64:[], 65:[], 66:[], 67:[], 68:[], 69:[], 70:[], 71:[], 72:[], 73:[], 74:[], 75:[], 76:[], 77:[], 78:[], 79:[], 80:[], 81:[], 82:[], 83:[]",6511718928,7586387804
2053,2,2686.3839,3054445,45461481,362270626,52.1036,false,86,true,true,true,true,true,false,false,"0:[0, 1, 2, 3, 4, 5, 6, 7, 8, 9, 10, 11, 12, 13, 14, 15, 16, 17, 18, 19, 20, 21, 22, 23, 24, 25, 26, 27, 28, 29, 30, 31, 32, 33, 34, 35, 36, 37, 38, 39, 40, 41, 42, 43, 44, 45, 46, 47, 48, 49, 50, 51, 52, 53, 54, 55, 56, 57, 58, 59, 60, 61, 62, 63, 64, 65, 66, 67, 68, 69, 70, 71, 72, 73, 74, 75, 76, 77, 78, 79, 80, 81, 82, 83, 84, 85], 1:[], 2:[], 3:[], 4:[], 5:[], 6:[], 7:[], 8:[], 9:[], 10:[], 11:[], 12:[], 13:[], 14:[], 15:[], 16:[], 17:[], 18:[], 19:[], 20:[], 21:[], 22:[], 23:[], 24:[], 25:[], 26:[], 27:[], 28:[], 29:[], 30:[], 31:[], 32:[], 33:[], 34:[], 35:[], 36:[], 37:[], 38:[], 39:[], 40:[], 41:[], 42:[], 43:[], 44:[], 45:[], 46:[], 47:[], 48:[], 49:[], 50:[], 51:[], 52:[], 53:[], 54:[], 55:[], 56:[], 57:[], 58:[], 59:[], 60:[], 61:[], 62:[], 63:[], 64:[], 65:[], 66:[], 67:[], 68:[], 69:[], 70:[], 71:[], 72:[], 73:[], 74:[], 75:[], 76:[], 77:[], 78:[], 79:[], 80:[], 81:[], 82:[], 83:[], 84:[], 85:[]",6587152748,7695934905
2063,5,3025.8321,3099252,46127337,367578043,53.0453,false,86,true,true,true,true,true,false,false,"0:[0, 1, 2, 3, 4, 5, 6, 7, 8, 9, 10, 11, 12, 13, 14, 15, 16, 17, 18, 19, 20, 21, 22, 23, 24, 25, 26, 27, 28, 29, 30, 31, 32, 33, 34, 35, 36, 37, 38, 39, 40, 41, 42, 43, 44, 45, 46, 47, 48, 49, 50, 51, 52, 53, 54, 55, 56, 57, 58, 59, 60, 61, 62, 63, 64, 65, 66, 67, 68, 69, 70, 71, 72, 73, 74, 75, 76, 77, 78, 79, 80, 81, 82, 83, 84, 85], 1:[], 2:[], 3:[], 4:[], 5:[], 6:[], 7:[], 8:[], 9:[], 10:[], 11:[], 12:[], 13:[], 14:[], 15:[], 16:[], 17:[], 18:[], 19:[], 20:[], 21:[], 22:[], 23:[], 24:[], 25:[], 26:[], 27:[], 28:[], 29:[], 30:[], 31:[], 32:[], 33:[], 34:[], 35:[], 36:[], 37:[], 38:[], 39:[], 40:[], 41:[], 42:[], 43:[], 44:[], 45:[], 46:[], 47:[], 48:[], 49:[], 50:[], 51:[], 52:[], 53:[], 54:[], 55:[], 56:[], 57:[], 58:[], 59:[], 60:[], 61:[], 62:[], 63:[], 64:[], 65:[], 66:[], 67:[], 68:[], 69:[], 70:[], 71:[], 72:[], 73:[], 74:[], 75:[], 76:[], 77:[], 78:[], 79:[], 80:[], 81:[], 82:[], 83:[], 84:[], 85:[]",6641675824,7775006301
2069,2,2750.1764,3126137,46529588,370789903,55.7981,false,86,true,true,true,true,true,false,false,"0:[0, 1, 2, 3, 4, 5, 6, 7, 8, 9, 10, 11, 12, 13, 14, 15, 16, 17, 18, 19, 20, 21, 22, 23, 24, 25, 26, 27, 28, 29, 30, 31, 32, 33, 34, 35, 36, 37, 38, 39, 40, 41, 42, 43, 44, 45, 46, 47, 48, 49, 50, 51, 52, 53, 54, 55, 56, 57, 58, 59, 60, 61, 62, 63, 64, 65, 66, 67, 68, 69, 70, 71, 72, 73, 74, 75, 76, 77, 78, 79, 80, 81, 82, 83, 84, 85], 1:[], 2:[], 3:[], 4:[], 5:[], 6:[], 7:[], 8:[], 9:[], 10:[], 11:[], 12:[], 13:[], 14:[], 15:[], 16:[], 17:[], 18:[], 19:[], 20:[], 21:[], 22:[], 23:[], 24:[], 25:[], 26:[], 27:[], 28:[], 29:[], 30:[], 31:[], 32:[], 33:[], 34:[], 35:[], 36:[], 37:[], 38:[], 39:[], 40:[], 41:[], 42:[], 43:[], 44:[], 45:[], 46:[], 47:[], 48:[], 49:[], 50:[], 51:[], 52:[], 53:[], 54:[], 55:[], 56:[], 57:[], 58:[], 59:[], 60:[], 61:[], 62:[], 63:[], 64:[], 65:[], 66:[], 67:[], 68:[], 69:[], 70:[], 71:[], 72:[], 73:[], 74:[], 75:[], 76:[], 77:[], 78:[], 79:[], 80:[], 81:[], 82:[], 83:[], 84:[], 85:[]",6674608684,7822838480
2081,3,3269.4324,3180546,47341506,377268210,58.5302,false,87,true,true,true,true,true,false,false,"0:[0, 1, 2, 3, 4, 5, 6, 7, 8, 9, 10, 11, 12, 13, 14, 15, 16, 17, 18, 19, 20, 21, 22, 23, 24, 25, 26, 27, 28, 29, 30, 31, 32, 33, 34, 35, 36, 37, 38, 39, 40, 41, 42, 43, 44, 45, 46, 47, 48, 49, 50, 51, 52, 53, 54, 55, 56, 57, 58, 59, 60, 61, 62, 63, 64, 65, 66, 67, 68, 69, 70, 71, 72, 73, 74, 75, 76, 77, 78, 79, 80, 81, 82, 83, 84, 85, 86], 1:[], 2:[], 3:[], 4:[], 5:[], 6:[], 7:[], 8:[], 9:[], 10:[], 11:[], 12:[], 13:[], 14:[], 15:[], 16:[], 17:[], 18:[], 19:[], 20:[], 21:[], 22:[], 23:[], 24:[], 25:[], 26:[], 27:[], 28:[], 29:[], 30:[], 31:[], 32:[], 33:[], 34:[], 35:[], 36:[], 37:[], 38:[], 39:[], 40:[], 41:[], 42:[], 43:[], 44:[], 45:[], 46:[], 47:[], 48:[], 49:[], 50:[], 51:[], 52:[], 53:[], 54:[], 55:[], 56:[], 57:[], 58:[], 59:[], 60:[], 61:[], 62:[], 63:[], 64:[], 65:[], 66:[], 67:[], 68:[], 69:[], 70:[], 71:[], 72:[], 73:[], 74:[], 75:[], 76:[], 77:[], 78:[], 79:[], 80:[], 81:[], 82:[], 83:[], 84:[], 85:[], 86:[]",6741085576,7919322514
2083,2,2742.4574,3189646,47477538,378352336,53.9822,false,86,true,true,true,true,true,false,false,"0:[0, 1, 2, 3, 4, 5, 6, 7, 8, 9, 10, 11, 12, 13, 14, 15, 16, 17, 18, 19, 20, 21, 22, 23, 24, 25, 26, 27, 28, 29, 30, 31, 32, 33, 34, 35, 36, 37, 38, 39, 40, 41, 42, 43, 44, 45, 46, 47, 48, 49, 50, 51, 52, 53, 54, 55, 56, 57, 58, 59, 60, 61, 62, 63, 64, 65, 66, 67, 68, 69, 70, 71, 72, 73, 74, 75, 76, 77, 78, 79, 80, 81, 82, 83, 84, 85], 1:[], 2:[], 3:[], 4:[], 5:[], 6:[], 7:[], 8:[], 9:[], 10:[], 11:[], 12:[], 13:[], 14:[], 15:[], 16:[], 17:[], 18:[], 19:[], 20:[], 21:[], 22:[], 23:[], 24:[], 25:[], 26:[], 27:[], 28:[], 29:[], 30:[], 31:[], 32:[], 33:[], 34:[], 35:[], 36:[], 37:[], 38:[], 39:[], 40:[], 41:[], 42:[], 43:[], 44:[], 45:[], 46:[], 47:[], 48:[], 49:[], 50:[], 51:[], 52:[], 53:[], 54:[], 55:[], 56:[], 57:[], 58:[], 59:[], 60:[], 61:[], 62:[], 63:[], 64:[], 65:[], 66:[], 67:[], 68:[], 69:[], 70:[], 71:[], 72:[], 73:[], 74:[], 75:[], 76:[], 77:[], 78:[], 79:[], 80:[], 81:[], 82:[], 83:[], 84:[], 85:[]",6752222936,7935482274
2087,5,3028.9824,3208074,47751819,380543555,53.6428,false,87,true,true,true,true,true,false,false,"0:[0, 1, 2, 3, 4, 5, 6, 7, 8, 9, 10, 11, 12, 13, 14, 15, 16, 17, 18, 19, 20, 21, 22, 23, 24, 25, 26, 27, 28, 29, 30, 31, 32, 33, 34, 35, 36, 37, 38, 39, 40, 41, 42, 43, 44, 45, 46, 47, 48, 49, 50, 51, 52, 53, 54, 55, 56, 57, 58, 59, 60, 61, 62, 63, 64, 65, 66, 67, 68, 69, 70, 71, 72, 73, 74, 75, 76, 77, 78, 79, 80, 81, 82, 83, 84, 85, 86], 1:[], 2:[], 3:[], 4:[], 5:[], 6:[], 7:[], 8:[], 9:[], 10:[], 11:[], 12:[], 13:[], 14:[], 15:[], 16:[], 17:[], 18:[], 19:[], 20:[], 21:[], 22:[], 23:[], 24:[], 25:[], 26:[], 27:[], 28:[], 29:[], 30:[], 31:[], 32:[], 33:[], 34:[], 35:[], 36:[], 37:[], 38:[], 39:[], 40:[], 41:[], 42:[], 43:[], 44:[], 45:[], 46:[], 47:[], 48:[], 49:[], 50:[], 51:[], 52:[], 53:[], 54:[], 55:[], 56:[], 57:[], 58:[], 59:[], 60:[], 61:[], 62:[], 63:[], 64:[], 65:[], 66:[], 67:[], 68:[], 69:[], 70:[], 71:[], 72:[], 73:[], 74:[], 75:[], 76:[], 77:[], 78:[], 79:[], 80:[], 81:[], 82:[], 83:[], 84:[], 85:[], 86:[]",6774681400,7968050127
2089,7,3574.8668,3217052,47888547,381639913,54.3128,false,88,true,true,true,true,true,false,false,"0:[0, 1, 2, 3, 4, 5, 6, 7, 8, 9, 10, 11, 12, 13, 14, 15, 16, 17, 18, 19, 20, 21, 22, 23, 24, 25, 26, 27, 28, 29, 30, 31, 32, 33, 34, 35, 36, 37, 38, 39, 40, 41, 42, 43, 44, 45, 46, 47, 48, 49, 50, 51, 52, 53, 54, 55, 56, 57, 58, 59, 60, 61, 62, 63, 64, 65, 66, 67, 68, 69, 70, 71, 72, 73, 74, 75, 76, 77, 78, 79, 80, 81, 82, 83, 84, 85, 86, 87], 1:[], 2:[], 3:[], 4:[], 5:[], 6:[], 7:[], 8:[], 9:[], 10:[], 11:[], 12:[], 13:[], 14:[], 15:[], 16:[], 17:[], 18:[], 19:[], 20:[], 21:[], 22:[], 23:[], 24:[], 25:[], 26:[], 27:[], 28:[], 29:[], 30:[], 31:[], 32:[], 33:[], 34:[], 35:[], 36:[], 37:[], 38:[], 39:[], 40:[], 41:[], 42:[], 43:[], 44:[], 45:[], 46:[], 47:[], 48:[], 49:[], 50:[], 51:[], 52:[], 53:[], 54:[], 55:[], 56:[], 57:[], 58:[], 59:[], 60:[], 61:[], 62:[], 63:[], 64:[], 65:[], 66:[], 67:[], 68:[], 69:[], 70:[], 71:[], 72:[], 73:[], 74:[], 75:[], 76:[], 77:[], 78:[], 79:[], 80:[], 81:[], 82:[], 83:[], 84:[], 85:[], 86:[], 87:[]",6785871024,7984353663
2099,2,2836.3205,3263428,48576287,387112831,55.2907,false,88,true,true,true,true,true,false,false,"0:[0, 1, 2, 3, 4, 5, 6, 7, 8, 9, 10, 11, 12, 13, 14, 15, 16, 17, 18, 19, 20, 21, 22, 23, 24, 25, 26, 27, 28, 29, 30, 31, 32, 33, 34, 35, 36, 37, 38, 39, 40, 41, 42, 43, 44, 45, 46, 47, 48, 49, 50, 51, 52, 53, 54, 55, 56, 57, 58, 59, 60, 61, 62, 63, 64, 65, 66, 67, 68, 69, 70, 71, 72, 73, 74, 75, 76, 77, 78, 79, 80, 81, 82, 83, 84, 85, 86, 87], 1:[], 2:[], 3:[], 4:[], 5:[], 6:[], 7:[], 8:[], 9:[], 10:[], 11:[], 12:[], 13:[], 14:[], 15:[], 16:[], 17:[], 18:[], 19:[], 20:[], 21:[], 22:[], 23:[], 24:[], 25:[], 26:[], 27:[], 28:[], 29:[], 30:[], 31:[], 32:[], 33:[], 34:[], 35:[], 36:[], 37:[], 38:[], 39:[], 40:[], 41:[], 42:[], 43:[], 44:[], 45:[], 46:[], 47:[], 48:[], 49:[], 50:[], 51:[], 52:[], 53:[], 54:[], 55:[], 56:[], 57:[], 58:[], 59:[], 60:[], 61:[], 62:[], 63:[], 64:[], 65:[], 66:[], 67:[], 68:[], 69:[], 70:[], 71:[], 72:[], 73:[], 74:[], 75:[], 76:[], 77:[], 78:[], 79:[], 80:[], 81:[], 82:[], 83:[], 84:[], 85:[], 86:[], 87:[]",6842188752,8066027435
2111,7,3264.0299,3319414,49412356,393787498,58.6766,false,87,true,true,true,true,true,false,false,"0:[0, 1, 2, 3, 4, 5, 6, 7, 8, 9, 10, 11, 12, 13, 14, 15, 16, 17, 18, 19, 20, 21, 22, 23, 24, 25, 26, 27, 28, 29, 30, 31, 32, 33, 34, 35, 36, 37, 38, 39, 40, 41, 42, 43, 44, 45, 46, 47, 48, 49, 50, 51, 52, 53, 54, 55, 56, 57, 58, 59, 60, 61, 62, 63, 64, 65, 66, 67, 68, 69, 70, 71, 72, 73, 74, 75, 76, 77, 78, 79, 80, 81, 82, 83, 84, 85, 86], 1:[], 2:[], 3:[], 4:[], 5:[], 6:[], 7:[], 8:[], 9:[], 10:[], 11:[], 12:[], 13:[], 14:[], 15:[], 16:[], 17:[], 18:[], 19:[], 20:[], 21:[], 22:[], 23:[], 24:[], 25:[], 26:[], 27:[], 28:[], 29:[], 30:[], 31:[], 32:[], 33:[], 34:[], 35:[], 36:[], 37:[], 38:[], 39:[], 40:[], 41:[], 42:[], 43:[], 44:[], 45:[], 46:[], 47:[], 48:[], 49:[], 50:[], 51:[], 52:[], 53:[], 54:[], 55:[], 56:[], 57:[], 58:[], 59:[], 60:[], 61:[], 62:[], 63:[], 64:[], 65:[], 66:[], 67:[], 68:[], 69:[], 70:[], 71:[], 72:[], 73:[], 74:[], 75:[], 76:[], 77:[], 78:[], 79:[], 80:[], 81:[], 82:[], 83:[], 84:[], 85:[], 86:[]",6910641880,8165381260
2113,5,3685.9137,3328600,49552276,394909688,70.5334,false,88,true,true,true,true,true,false,false,"0:[0, 1, 2, 3, 4, 5, 6, 7, 8, 9, 10, 11, 12, 13, 14, 15, 16, 17, 18, 19, 20, 21, 22, 23, 24, 25, 26, 27, 28, 29, 30, 31, 32, 33, 34, 35, 36, 37, 38, 39, 40, 41, 42, 43, 44, 45, 46, 47, 48, 49, 50, 51, 52, 53, 54, 55, 56, 57, 58, 59, 60, 61, 62, 63, 64, 65, 66, 67, 68, 69, 70, 71, 72, 73, 74, 75, 76, 77, 78, 79, 80, 81, 82, 83, 84, 85, 86, 87], 1:[], 2:[], 3:[], 4:[], 5:[], 6:[], 7:[], 8:[], 9:[], 10:[], 11:[], 12:[], 13:[], 14:[], 15:[], 16:[], 17:[], 18:[], 19:[], 20:[], 21:[], 22:[], 23:[], 24:[], 25:[], 26:[], 27:[], 28:[], 29:[], 30:[], 31:[], 32:[], 33:[], 34:[], 35:[], 36:[], 37:[], 38:[], 39:[], 40:[], 41:[], 42:[], 43:[], 44:[], 45:[], 46:[], 47:[], 48:[], 49:[], 50:[], 51:[], 52:[], 53:[], 54:[], 55:[], 56:[], 57:[], 58:[], 59:[], 60:[], 61:[], 62:[], 63:[], 64:[], 65:[], 66:[], 67:[], 68:[], 69:[], 70:[], 71:[], 72:[], 73:[], 74:[], 75:[], 76:[], 77:[], 78:[], 79:[], 80:[], 81:[], 82:[], 83:[], 84:[], 85:[], 86:[], 87:[]",6922092688,8182064852
2129,3,3582.7943,3404500,50683799,403938491,60.6897,false,89,true,true,true,true,true,false,false,"0:[0, 1, 2, 3, 4, 5, 6, 7, 8, 9, 10, 11, 12, 13, 14, 15, 16, 17, 18, 19, 20, 21, 22, 23, 24, 25, 26, 27, 28, 29, 30, 31, 32, 33, 34, 35, 36, 37, 38, 39, 40, 41, 42, 43, 44, 45, 46, 47, 48, 49, 50, 51, 52, 53, 54, 55, 56, 57, 58, 59, 60, 61, 62, 63, 64, 65, 66, 67, 68, 69, 70, 71, 72, 73, 74, 75, 76, 77, 78, 79, 80, 81, 82, 83, 84, 85, 86, 87, 88], 1:[], 2:[], 3:[], 4:[], 5:[], 6:[], 7:[], 8:[], 9:[], 10:[], 11:[], 12:[], 13:[], 14:[], 15:[], 16:[], 17:[], 18:[], 19:[], 20:[], 21:[], 22:[], 23:[], 24:[], 25:[], 26:[], 27:[], 28:[], 29:[], 30:[], 31:[], 32:[], 33:[], 34:[], 35:[], 36:[], 37:[], 38:[], 39:[], 40:[], 41:[], 42:[], 43:[], 44:[], 45:[], 46:[], 47:[], 48:[], 49:[], 50:[], 51:[], 52:[], 53:[], 54:[], 55:[], 56:[], 57:[], 58:[], 59:[], 60:[], 61:[], 62:[], 63:[], 64:[], 65:[], 66:[], 67:[], 68:[], 69:[], 70:[], 71:[], 72:[], 73:[], 74:[], 75:[], 76:[], 77:[], 78:[], 79:[], 80:[], 81:[], 82:[], 83:[], 84:[], 85:[], 86:[], 87:[], 88:[]",7014739728,8316504259
2131,2,2988.5445,3414022,50826699,405080706,59.3765,false,89,true,true,true,true,true,false,false,"0:[0, 1, 2, 3, 4, 5, 6, 7, 8, 9, 10, 11, 12, 13, 14, 15, 16, 17, 18, 19, 20, 21, 22, 23, 24, 25, 26, 27, 28, 29, 30, 31, 32, 33, 34, 35, 36, 37, 38, 39, 40, 41, 42, 43, 44, 45, 46, 47, 48, 49, 50, 51, 52, 53, 54, 55, 56, 57, 58, 59, 60, 61, 62, 63, 64, 65, 66, 67, 68, 69, 70, 71, 72, 73, 74, 75, 76, 77, 78, 79, 80, 81, 82, 83, 84, 85, 86, 87, 88], 1:[], 2:[], 3:[], 4:[], 5:[], 6:[], 7:[], 8:[], 9:[], 10:[], 11:[], 12:[], 13:[], 14:[], 15:[], 16:[], 17:[], 18:[], 19:[], 20:[], 21:[], 22:[], 23:[], 24:[], 25:[], 26:[], 27:[], 28:[], 29:[], 30:[], 31:[], 32:[], 33:[], 34:[], 35:[], 36:[], 37:[], 38:[], 39:[], 40:[], 41:[], 42:[], 43:[], 44:[], 45:[], 46:[], 47:[], 48:[], 49:[], 50:[], 51:[], 52:[], 53:[], 54:[], 55:[], 56:[], 57:[], 58:[], 59:[], 60:[], 61:[], 62:[], 63:[], 64:[], 65:[], 66:[], 67:[], 68:[], 69:[], 70:[], 71:[], 72:[], 73:[], 74:[], 75:[], 76:[], 77:[], 78:[], 79:[], 80:[], 81:[], 82:[], 83:[], 84:[], 85:[], 86:[], 87:[], 88:[]",7026438344,8333479519
2137,5,3662.5922,3442698,51255778,408506970,59.6112,false,89,true,true,true,true,true,false,false,"0:[0, 1, 2, 3, 4, 5, 6, 7, 8, 9, 10, 11, 12, 13, 14, 15, 16, 17, 18, 19, 20, 21, 22, 23, 24, 25, 26, 27, 28, 29, 30, 31, 32, 33, 34, 35, 36, 37, 38, 39, 40, 41, 42, 43, 44, 45, 46, 47, 48, 49, 50, 51, 52, 53, 54, 55, 56, 57, 58, 59, 60, 61, 62, 63, 64, 65, 66, 67, 68, 69, 70, 71, 72, 73, 74, 75, 76, 77, 78, 79, 80, 81, 82, 83, 84, 85, 86, 87, 88], 1:[], 2:[], 3:[], 4:[], 5:[], 6:[], 7:[], 8:[], 9:[], 10:[], 11:[], 12:[], 13:[], 14:[], 15:[], 16:[], 17:[], 18:[], 19:[], 20:[], 21:[], 22:[], 23:[], 24:[], 25:[], 26:[], 27:[], 28:[], 29:[], 30:[], 31:[], 32:[], 33:[], 34:[], 35:[], 36:[], 37:[], 38:[], 39:[], 40:[], 41:[], 42:[], 43:[], 44:[], 45:[], 46:[], 47:[], 48:[], 49:[], 50:[], 51:[], 52:[], 53:[], 54:[], 55:[], 56:[], 57:[], 58:[], 59:[], 60:[], 61:[], 62:[], 63:[], 64:[], 65:[], 66:[], 67:[], 68:[], 69:[], 70:[], 71:[], 72:[], 73:[], 74:[], 75:[], 76:[], 77:[], 78:[], 79:[], 80:[], 81:[], 82:[], 83:[], 84:[], 85:[], 86:[], 87:[], 88:[]",7061567592,8384501586
2141,2,3236.3565,3462084,51542757,410790022,71.8416,false,89,true,true,true,true,true,false,false,"0:[0, 1, 2, 3, 4, 5, 6, 7, 8, 9, 10, 11, 12, 13, 14, 15, 16, 17, 18, 19, 20, 21, 22, 23, 24, 25, 26, 27, 28, 29, 30, 31, 32, 33, 34, 35, 36, 37, 38, 39, 40, 41, 42, 43, 44, 45, 46, 47, 48, 49, 50, 51, 52, 53, 54, 55, 56, 57, 58, 59, 60, 61, 62, 63, 64, 65, 66, 67, 68, 69, 70, 71, 72, 73, 74, 75, 76, 77, 78, 79, 80, 81, 82, 83, 84, 85, 86, 87, 88], 1:[], 2:[], 3:[], 4:[], 5:[], 6:[], 7:[], 8:[], 9:[], 10:[], 11:[], 12:[], 13:[], 14:[], 15:[], 16:[], 17:[], 18:[], 19:[], 20:[], 21:[], 22:[], 23:[], 24:[], 25:[], 26:[], 27:[], 28:[], 29:[], 30:[], 31:[], 32:[], 33:[], 34:[], 35:[], 36:[], 37:[], 38:[], 39:[], 40:[], 41:[], 42:[], 43:[], 44:[], 45:[], 46:[], 47:[], 48:[], 49:[], 50:[], 51:[], 52:[], 53:[], 54:[], 55:[], 56:[], 57:[], 58:[], 59:[], 60:[], 61:[], 62:[], 63:[], 64:[], 65:[], 66:[], 67:[], 68:[], 69:[], 70:[], 71:[], 72:[], 73:[], 74:[], 75:[], 76:[], 77:[], 78:[], 79:[], 80:[], 81:[], 82:[], 83:[], 84:[], 85:[], 86:[], 87:[], 88:[]",7085068720,8418580169
2143,3,3335.1136,3471714,51687221,411944356,59.6848,false,90,true,true,true,true,true,false,false,"0:[0, 1, 2, 3, 4, 5, 6, 7, 8, 9, 10, 11, 12, 13, 14, 15, 16, 17, 18, 19, 20, 21, 22, 23, 24, 25, 26, 27, 28, 29, 30, 31, 32, 33, 34, 35, 36, 37, 38, 39, 40, 41, 42, 43, 44, 45, 46, 47, 48, 49, 50, 51, 52, 53, 54, 55, 56, 57, 58, 59, 60, 61, 62, 63, 64, 65, 66, 67, 68, 69, 70, 71, 72, 73, 74, 75, 76, 77, 78, 79, 80, 81, 82, 83, 84, 85, 86, 87, 88, 89], 1:[], 2:[], 3:[], 4:[], 5:[], 6:[], 7:[], 8:[], 9:[], 10:[], 11:[], 12:[], 13:[], 14:[], 15:[], 16:[], 17:[], 18:[], 19:[], 20:[], 21:[], 22:[], 23:[], 24:[], 25:[], 26:[], 27:[], 28:[], 29:[], 30:[], 31:[], 32:[], 33:[], 34:[], 35:[], 36:[], 37:[], 38:[], 39:[], 40:[], 41:[], 42:[], 43:[], 44:[], 45:[], 46:[], 47:[], 48:[], 49:[], 50:[], 51:[], 52:[], 53:[], 54:[], 55:[], 56:[], 57:[], 58:[], 59:[], 60:[], 61:[], 62:[], 63:[], 64:[], 65:[], 66:[], 67:[], 68:[], 69:[], 70:[], 71:[], 72:[], 73:[], 74:[], 75:[], 76:[], 77:[], 78:[], 79:[], 80:[], 81:[], 82:[], 83:[], 84:[], 85:[], 86:[], 87:[], 88:[], 89:[]",7096895480,8435741121
2153,3,3691.5625,3520314,52413547,417748985,60.2184,false,89,true,true,true,true,true,false,false,"0:[0, 1, 2, 3, 4, 5, 6, 7, 8, 9, 10, 11, 12, 13, 14, 15, 16, 17, 18, 19, 20, 21, 22, 23, 24, 25, 26, 27, 28, 29, 30, 31, 32, 33, 34, 35, 36, 37, 38, 39, 40, 41, 42, 43, 44, 45, 46, 47, 48, 49, 50, 51, 52, 53, 54, 55, 56, 57, 58, 59, 60, 61, 62, 63, 64, 65, 66, 67, 68, 69, 70, 71, 72, 73, 74, 75, 76, 77, 78, 79, 80, 81, 82, 83, 84, 85, 86, 87, 88], 1:[], 2:[], 3:[], 4:[], 5:[], 6:[], 7:[], 8:[], 9:[], 10:[], 11:[], 12:[], 13:[], 14:[], 15:[], 16:[], 17:[], 18:[], 19:[], 20:[], 21:[], 22:[], 23:[], 24:[], 25:[], 26:[], 27:[], 28:[], 29:[], 30:[], 31:[], 32:[], 33:[], 34:[], 35:[], 36:[], 37:[], 38:[], 39:[], 40:[], 41:[], 42:[], 43:[], 44:[], 45:[], 46:[], 47:[], 48:[], 49:[], 50:[], 51:[], 52:[], 53:[], 54:[], 55:[], 56:[], 57:[], 58:[], 59:[], 60:[], 61:[], 62:[], 63:[], 64:[], 65:[], 66:[], 67:[], 68:[], 69:[], 70:[], 71:[], 72:[], 73:[], 74:[], 75:[], 76:[], 77:[], 78:[], 79:[], 80:[], 81:[], 82:[], 83:[], 84:[], 85:[], 86:[], 87:[], 88:[]",7156362360,8522059119
2161,7,4612.3927,3559374,52997777,422411333,82.0408,false,91,true,true,true,true,true,false,false,"0:[0, 1, 2, 3, 4, 5, 6, 7, 8, 9, 10, 11, 12, 13, 14, 15, 16, 17, 18, 19, 20, 21, 22, 23, 24, 25, 26, 27, 28, 29, 30, 31, 32, 33, 34, 35, 36, 37, 38, 39, 40, 41, 42, 43, 44, 45, 46, 47, 48, 49, 50, 51, 52, 53, 54, 55, 56, 57, 58, 59, 60, 61, 62, 63, 64, 65, 66, 67, 68, 69, 70, 71, 72, 73, 74, 75, 76, 77, 78, 79, 80, 81, 82, 83, 84, 85, 86, 87, 88, 89, 90], 1:[], 2:[], 3:[], 4:[], 5:[], 6:[], 7:[], 8:[], 9:[], 10:[], 11:[], 12:[], 13:[], 14:[], 15:[], 16:[], 17:[], 18:[], 19:[], 20:[], 21:[], 22:[], 23:[], 24:[], 25:[], 26:[], 27:[], 28:[], 29:[], 30:[], 31:[], 32:[], 33:[], 34:[], 35:[], 36:[], 37:[], 38:[], 39:[], 40:[], 41:[], 42:[], 43:[], 44:[], 45:[], 46:[], 47:[], 48:[], 49:[], 50:[], 51:[], 52:[], 53:[], 54:[], 55:[], 56:[], 57:[], 58:[], 59:[], 60:[], 61:[], 62:[], 63:[], 64:[], 65:[], 66:[], 67:[], 68:[], 69:[], 70:[], 71:[], 72:[], 73:[], 74:[], 75:[], 76:[], 77:[], 78:[], 79:[], 80:[], 81:[], 82:[], 83:[], 84:[], 85:[], 86:[], 87:[], 88:[], 89:[], 90:[]",7204194440,8591512445
2179,2,3177.4312,3648682,54329793,433039401,63.9571,false,91,true,true,true,true,true,false,false,"0:[0, 1, 2, 3, 4, 5, 6, 7, 8, 9, 10, 11, 12, 13, 14, 15, 16, 17, 18, 19, 20, 21, 22, 23, 24, 25, 26, 27, 28, 29, 30, 31, 32, 33, 34, 35, 36, 37, 38, 39, 40, 41, 42, 43, 44, 45, 46, 47, 48, 49, 50, 51, 52, 53, 54, 55, 56, 57, 58, 59, 60, 61, 62, 63, 64, 65, 66, 67, 68, 69, 70, 71, 72, 73, 74, 75, 76, 77, 78, 79, 80, 81, 82, 83, 84, 85, 86, 87, 88, 89, 90], 1:[], 2:[], 3:[], 4:[], 5:[], 6:[], 7:[], 8:[], 9:[], 10:[], 11:[], 12:[], 13:[], 14:[], 15:[], 16:[], 17:[], 18:[], 19:[], 20:[], 21:[], 22:[], 23:[], 24:[], 25:[], 26:[], 27:[], 28:[], 29:[], 30:[], 31:[], 32:[], 33:[], 34:[], 35:[], 36:[], 37:[], 38:[], 39:[], 40:[], 41:[], 42:[], 43:[], 44:[], 45:[], 46:[], 47:[], 48:[], 49:[], 50:[], 51:[], 52:[], 53:[], 54:[], 55:[], 56:[], 57:[], 58:[], 59:[], 60:[], 61:[], 62:[], 63:[], 64:[], 65:[], 66:[], 67:[], 68:[], 69:[], 70:[], 71:[], 72:[], 73:[], 74:[], 75:[], 76:[], 77:[], 78:[], 79:[], 80:[], 81:[], 82:[], 83:[], 84:[], 85:[], 86:[], 87:[], 88:[], 89:[], 90:[]",7313256344,8749772189
2203,2,3417.8585,3769939,56138172,447461291,70.4765,false,91,true,true,true,true,true,false,false,"0:[0, 1, 2, 3, 4, 5, 6, 7, 8, 9, 10, 11, 12, 13, 14, 15, 16, 17, 18, 19, 20, 21, 22, 23, 24, 25, 26, 27, 28, 29, 30, 31, 32, 33, 34, 35, 36, 37, 38, 39, 40, 41, 42, 43, 44, 45, 46, 47, 48, 49, 50, 51, 52, 53, 54, 55, 56, 57, 58, 59, 60, 61, 62, 63, 64, 65, 66, 67, 68, 69, 70, 71, 72, 73, 74, 75, 76, 77, 78, 79, 80, 81, 82, 83, 84, 85, 86, 87, 88, 89, 90], 1:[], 2:[], 3:[], 4:[], 5:[], 6:[], 7:[], 8:[], 9:[], 10:[], 11:[], 12:[], 13:[], 14:[], 15:[], 16:[], 17:[], 18:[], 19:[], 20:[], 21:[], 22:[], 23:[], 24:[], 25:[], 26:[], 27:[], 28:[], 29:[], 30:[], 31:[], 32:[], 33:[], 34:[], 35:[], 36:[], 37:[], 38:[], 39:[], 40:[], 41:[], 42:[], 43:[], 44:[], 45:[], 46:[], 47:[], 48:[], 49:[], 50:[], 51:[], 52:[], 53:[], 54:[], 55:[], 56:[], 57:[], 58:[], 59:[], 60:[], 61:[], 62:[], 63:[], 64:[], 65:[], 66:[], 67:[], 68:[], 69:[], 70:[], 71:[], 72:[], 73:[], 74:[], 75:[], 76:[], 77:[], 78:[], 79:[], 80:[], 81:[], 82:[], 83:[], 84:[], 85:[], 86:[], 87:[], 88:[], 89:[], 90:[]",7608122500,9111476624
2207,5,3689.5734,3790530,56445372,449919241,68.1313,false,92,true,true,true,true,true,false,false,"0:[0, 1, 2, 3, 4, 5, 6, 7, 8, 9, 10, 11, 12, 13, 14, 15, 16, 17, 18, 19, 20, 21, 22, 23, 24, 25, 26, 27, 28, 29, 30, 31, 32, 33, 34, 35, 36, 37, 38, 39, 40, 41, 42, 43, 44, 45, 46, 47, 48, 49, 50, 51, 52, 53, 54, 55, 56, 57, 58, 59, 60, 61, 62, 63, 64, 65, 66, 67, 68, 69, 70, 71, 72, 73, 74, 75, 76, 77, 78, 79, 80, 81, 82, 83, 84, 85, 86, 87, 88, 89, 90, 91], 1:[], 2:[], 3:[], 4:[], 5:[], 6:[], 7:[], 8:[], 9:[], 10:[], 11:[], 12:[], 13:[], 14:[], 15:[], 16:[], 17:[], 18:[], 19:[], 20:[], 21:[], 22:[], 23:[], 24:[], 25:[], 26:[], 27:[], 28:[], 29:[], 30:[], 31:[], 32:[], 33:[], 34:[], 35:[], 36:[], 37:[], 38:[], 39:[], 40:[], 41:[], 42:[], 43:[], 44:[], 45:[], 46:[], 47:[], 48:[], 49:[], 50:[], 51:[], 52:[], 53:[], 54:[], 55:[], 56:[], 57:[], 58:[], 59:[], 60:[], 61:[], 62:[], 63:[], 64:[], 65:[], 66:[], 67:[], 68:[], 69:[], 70:[], 71:[], 72:[], 73:[], 74:[], 75:[], 76:[], 77:[], 78:[], 79:[], 80:[], 81:[], 82:[], 83:[], 84:[], 85:[], 86:[], 87:[], 88:[], 89:[], 90:[], 91:[]",7633275048,9147954836
2213,2,3555.4146,3821277,56906029,453601162,75.2251,false,93,true,true,true,true,true,false,false,"0:[0, 1, 2, 3, 4, 5, 6, 7, 8, 9, 10, 11, 12, 13, 14, 15, 16, 17, 18, 19, 20, 21, 22, 23, 24, 25, 26, 27, 28, 29, 30, 31, 32, 33, 34, 35, 36, 37, 38, 39, 40, 41, 42, 43, 44, 45, 46, 47, 48, 49, 50, 51, 52, 53, 54, 55, 56, 57, 58, 59, 60, 61, 62, 63, 64, 65, 66, 67, 68, 69, 70, 71, 72, 73, 74, 75, 76, 77, 78, 79, 80, 81, 82, 83, 84, 85, 86, 87, 88, 89, 90, 91, 92], 1:[], 2:[], 3:[], 4:[], 5:[], 6:[], 7:[], 8:[], 9:[], 10:[], 11:[], 12:[], 13:[], 14:[], 15:[], 16:[], 17:[], 18:[], 19:[], 20:[], 21:[], 22:[], 23:[], 24:[], 25:[], 26:[], 27:[], 28:[], 29:[], 30:[], 31:[], 32:[], 33:[], 34:[], 35:[], 36:[], 37:[], 38:[], 39:[], 40:[], 41:[], 42:[], 43:[], 44:[], 45:[], 46:[], 47:[], 48:[], 49:[], 50:[], 51:[], 52:[], 53:[], 54:[], 55:[], 56:[], 57:[], 58:[], 59:[], 60:[], 61:[], 62:[], 63:[], 64:[], 65:[], 66:[], 67:[], 68:[], 69:[], 70:[], 71:[], 72:[], 73:[], 74:[], 75:[], 76:[], 77:[], 78:[], 79:[], 80:[], 81:[], 82:[], 83:[], 84:[], 85:[], 86:[], 87:[], 88:[], 89:[], 90:[], 91:[], 92:[]",7670988524,9202730061
2221,2,3649.5640,3862532,57523728,458534536,68.2094,false,92,true,true,true,true,true,false,false,"0:[0, 1, 2, 3, 4, 5, 6, 7, 8, 9, 10, 11, 12, 13, 14, 15, 16, 17, 18, 19, 20, 21, 22, 23, 24, 25, 26, 27, 28, 29, 30, 31, 32, 33, 34, 35, 36, 37, 38, 39, 40, 41, 42, 43, 44, 45, 46, 47, 48, 49, 50, 51, 52, 53, 54, 55, 56, 57, 58, 59, 60, 61, 62, 63, 64, 65, 66, 67, 68, 69, 70, 71, 72, 73, 74, 75, 76, 77, 78, 79, 80, 81, 82, 83, 84, 85, 86, 87, 88, 89, 90, 91], 1:[], 2:[], 3:[], 4:[], 5:[], 6:[], 7:[], 8:[], 9:[], 10:[], 11:[], 12:[], 13:[], 14:[], 15:[], 16:[], 17:[], 18:[], 19:[], 20:[], 21:[], 22:[], 23:[], 24:[], 25:[], 26:[], 27:[], 28:[], 29:[], 30:[], 31:[], 32:[], 33:[], 34:[], 35:[], 36:[], 37:[], 38:[], 39:[], 40:[], 41:[], 42:[], 43:[], 44:[], 45:[], 46:[], 47:[], 48:[], 49:[], 50:[], 51:[], 52:[], 53:[], 54:[], 55:[], 56:[], 57:[], 58:[], 59:[], 60:[], 61:[], 62:[], 63:[], 64:[], 65:[], 66:[], 67:[], 68:[], 69:[], 70:[], 71:[], 72:[], 73:[], 74:[], 75:[], 76:[], 77:[], 78:[], 79:[], 80:[], 81:[], 82:[], 83:[], 84:[], 85:[], 86:[], 87:[], 88:[], 89:[], 90:[], 91:[]",7721559584,9276161488
2237,2,4240.6820,3946308,58772532,468497388,78.1409,false,94,true,true,true,true,true,false,false,"0:[0, 1, 2, 3, 4, 5, 6, 7, 8, 9, 10, 11, 12, 13, 14, 15, 16, 17, 18, 19, 20, 21, 22, 23, 24, 25, 26, 27, 28, 29, 30, 31, 32, 33, 34, 35, 36, 37, 38, 39, 40, 41, 42, 43, 44, 45, 46, 47, 48, 49, 50, 51, 52, 53, 54, 55, 56, 57, 58, 59, 60, 61, 62, 63, 64, 65, 66, 67, 68, 69, 70, 71, 72, 73, 74, 75, 76, 77, 78, 79, 80, 81, 82, 83, 84, 85, 86, 87, 88, 89, 90, 91, 92, 93], 1:[], 2:[], 3:[], 4:[], 5:[], 6:[], 7:[], 8:[], 9:[], 10:[], 11:[], 12:[], 13:[], 14:[], 15:[], 16:[], 17:[], 18:[], 19:[], 20:[], 21:[], 22:[], 23:[], 24:[], 25:[], 26:[], 27:[], 28:[], 29:[], 30:[], 31:[], 32:[], 33:[], 34:[], 35:[], 36:[], 37:[], 38:[], 39:[], 40:[], 41:[], 42:[], 43:[], 44:[], 45:[], 46:[], 47:[], 48:[], 49:[], 50:[], 51:[], 52:[], 53:[], 54:[], 55:[], 56:[], 57:[], 58:[], 59:[], 60:[], 61:[], 62:[], 63:[], 64:[], 65:[], 66:[], 67:[], 68:[], 69:[], 70:[], 71:[], 72:[], 73:[], 74:[], 75:[], 76:[], 77:[], 78:[], 79:[], 80:[], 81:[], 82:[], 83:[], 84:[], 85:[], 86:[], 87:[], 88:[], 89:[], 90:[], 91:[], 92:[], 93:[]",10172619872,9424539652
2239,3,3963.8689,3956818,58929010,469740757,68.6861,false,93,true,true,true,true,true,false,false,"0:[0, 1, 2, 3, 4, 5, 6, 7, 8, 9, 10, 11, 12, 13, 14, 15, 16, 17, 18, 19, 20, 21, 22, 23, 24, 25, 26, 27, 28, 29, 30, 31, 32, 33, 34, 35, 36, 37, 38, 39, 40, 41, 42, 43, 44, 45, 46, 47, 48, 49, 50, 51, 52, 53, 54, 55, 56, 57, 58, 59, 60, 61, 62, 63, 64, 65, 66, 67, 68, 69, 70, 71, 72, 73, 74, 75, 76, 77, 78, 79, 80, 81, 82, 83, 84, 85, 86, 87, 88, 89, 90, 91, 92], 1:[], 2:[], 3:[], 4:[], 5:[], 6:[], 7:[], 8:[], 9:[], 10:[], 11:[], 12:[], 13:[], 14:[], 15:[], 16:[], 17:[], 18:[], 19:[], 20:[], 21:[], 22:[], 23:[], 24:[], 25:[], 26:[], 27:[], 28:[], 29:[], 30:[], 31:[], 32:[], 33:[], 34:[], 35:[], 36:[], 37:[], 38:[], 39:[], 40:[], 41:[], 42:[], 43:[], 44:[], 45:[], 46:[], 47:[], 48:[], 49:[], 50:[], 51:[], 52:[], 53:[], 54:[], 55:[], 56:[], 57:[], 58:[], 59:[], 60:[], 61:[], 62:[], 63:[], 64:[], 65:[], 66:[], 67:[], 68:[], 69:[], 70:[], 71:[], 72:[], 73:[], 74:[], 75:[], 76:[], 77:[], 78:[], 79:[], 80:[], 81:[], 82:[], 83:[], 84:[], 85:[], 86:[], 87:[], 88:[], 89:[], 90:[], 91:[], 92:[]",10185432392,9443128930
2243,2,3554.7251,3978080,59244559,472255335,73.9232,false,93,true,true,true,true,true,false,false,"0:[0, 1, 2, 3, 4, 5, 6, 7, 8, 9, 10, 11, 12, 13, 14, 15, 16, 17, 18, 19, 20, 21, 22, 23, 24, 25, 26, 27, 28, 29, 30, 31, 32, 33, 34, 35, 36, 37, 38, 39, 40, 41, 42, 43, 44, 45, 46, 47, 48, 49, 50, 51, 52, 53, 54, 55, 56, 57, 58, 59, 60, 61, 62, 63, 64, 65, 66, 67, 68, 69, 70, 71, 72, 73, 74, 75, 76, 77, 78, 79, 80, 81, 82, 83, 84, 85, 86, 87, 88, 89, 90, 91, 92], 1:[], 2:[], 3:[], 4:[], 5:[], 6:[], 7:[], 8:[], 9:[], 10:[], 11:[], 12:[], 13:[], 14:[], 15:[], 16:[], 17:[], 18:[], 19:[], 20:[], 21:[], 22:[], 23:[], 24:[], 25:[], 26:[], 27:[], 28:[], 29:[], 30:[], 31:[], 32:[], 33:[], 34:[], 35:[], 36:[], 37:[], 38:[], 39:[], 40:[], 41:[], 42:[], 43:[], 44:[], 45:[], 46:[], 47:[], 48:[], 49:[], 50:[], 51:[], 52:[], 53:[], 54:[], 55:[], 56:[], 57:[], 58:[], 59:[], 60:[], 61:[], 62:[], 63:[], 64:[], 65:[], 66:[], 67:[], 68:[], 69:[], 70:[], 71:[], 72:[], 73:[], 74:[], 75:[], 76:[], 77:[], 78:[], 79:[], 80:[], 81:[], 82:[], 83:[], 84:[], 85:[], 86:[], 87:[], 88:[], 89:[], 90:[], 91:[], 92:[]",10211271648,9480601387
2251,2,4134.5741,4020455,59879678,477331755,69.5964,false,94,true,true,true,true,true,false,false,"0:[0, 1, 2, 3, 4, 5, 6, 7, 8, 9, 10, 11, 12, 13, 14, 15, 16, 17, 18, 19, 20, 21, 22, 23, 24, 25, 26, 27, 28, 29, 30, 31, 32, 33, 34, 35, 36, 37, 38, 39, 40, 41, 42, 43, 44, 45, 46, 47, 48, 49, 50, 51, 52, 53, 54, 55, 56, 57, 58, 59, 60, 61, 62, 63, 64, 65, 66, 67, 68, 69, 70, 71, 72, 73, 74, 75, 76, 77, 78, 79, 80, 81, 82, 83, 84, 85, 86, 87, 88, 89, 90, 91, 92, 93], 1:[], 2:[], 3:[], 4:[], 5:[], 6:[], 7:[], 8:[], 9:[], 10:[], 11:[], 12:[], 13:[], 14:[], 15:[], 16:[], 17:[], 18:[], 19:[], 20:[], 21:[], 22:[], 23:[], 24:[], 25:[], 26:[], 27:[], 28:[], 29:[], 30:[], 31:[], 32:[], 33:[], 34:[], 35:[], 36:[], 37:[], 38:[], 39:[], 40:[], 41:[], 42:[], 43:[], 44:[], 45:[], 46:[], 47:[], 48:[], 49:[], 50:[], 51:[], 52:[], 53:[], 54:[], 55:[], 56:[], 57:[], 58:[], 59:[], 60:[], 61:[], 62:[], 63:[], 64:[], 65:[], 66:[], 67:[], 68:[], 69:[], 70:[], 71:[], 72:[], 73:[], 74:[], 75:[], 76:[], 77:[], 78:[], 79:[], 80:[], 81:[], 82:[], 83:[], 84:[], 85:[], 86:[], 87:[], 88:[], 89:[], 90:[], 91:[], 92:[], 93:[]",10263267668,9556103466
2267,2,3797.6931,4106489,61161627,487555782,79.9408,false,94,true,true,true,true,true,false,false,"0:[0, 1, 2, 3, 4, 5, 6, 7, 8, 9, 10, 11, 12, 13, 14, 15, 16, 17, 18, 19, 20, 21, 22, 23, 24, 25, 26, 27, 28, 29, 30, 31, 32, 33, 34, 35, 36, 37, 38, 39, 40, 41, 42, 43, 44, 45, 46, 47, 48, 49, 50, 51, 52, 53, 54, 55, 56, 57, 58, 59, 60, 61, 62, 63, 64, 65, 66, 67, 68, 69, 70, 71, 72, 73, 74, 75, 76, 77, 78, 79, 80, 81, 82, 83, 84, 85, 86, 87, 88, 89, 90, 91, 92, 93], 1:[], 2:[], 3:[], 4:[], 5:[], 6:[], 7:[], 8:[], 9:[], 10:[], 11:[], 12:[], 13:[], 14:[], 15:[], 16:[], 17:[], 18:[], 19:[], 20:[], 21:[], 22:[], 23:[], 24:[], 25:[], 26:[], 27:[], 28:[], 29:[], 30:[], 31:[], 32:[], 33:[], 34:[], 35:[], 36:[], 37:[], 38:[], 39:[], 40:[], 41:[], 42:[], 43:[], 44:[], 45:[], 46:[], 47:[], 48:[], 49:[], 50:[], 51:[], 52:[], 53:[], 54:[], 55:[], 56:[], 57:[], 58:[], 59:[], 60:[], 61:[], 62:[], 63:[], 64:[], 65:[], 66:[], 67:[], 68:[], 69:[], 70:[], 71:[], 72:[], 73:[], 74:[], 75:[], 76:[], 77:[], 78:[], 79:[], 80:[], 81:[], 82:[], 83:[], 84:[], 85:[], 86:[], 87:[], 88:[], 89:[], 90:[], 91:[], 92:[], 93:[]",10368232540,9708420643
2269,2,3928.8442,4117092,61324053,488864789,73.8002,false,94,true,true,true,true,true,false,false,"0:[0, 1, 2, 3, 4, 5, 6, 7, 8, 9, 10, 11, 12, 13, 14, 15, 16, 17, 18, 19, 20, 21, 22, 23, 24, 25, 26, 27, 28, 29, 30, 31, 32, 33, 34, 35, 36, 37, 38, 39, 40, 41, 42, 43, 44, 45, 46, 47, 48, 49, 50, 51, 52, 53, 54, 55, 56, 57, 58, 59, 60, 61, 62, 63, 64, 65, 66, 67, 68, 69, 70, 71, 72, 73, 74, 75, 76, 77, 78, 79, 80, 81, 82, 83, 84, 85, 86, 87, 88, 89, 90, 91, 92, 93], 1:[], 2:[], 3:[], 4:[], 5:[], 6:[], 7:[], 8:[], 9:[], 10:[], 11:[], 12:[], 13:[], 14:[], 15:[], 16:[], 17:[], 18:[], 19:[], 20:[], 21:[], 22:[], 23:[], 24:[], 25:[], 26:[], 27:[], 28:[], 29:[], 30:[], 31:[], 32:[], 33:[], 34:[], 35:[], 36:[], 37:[], 38:[], 39:[], 40:[], 41:[], 42:[], 43:[], 44:[], 45:[], 46:[], 47:[], 48:[], 49:[], 50:[], 51:[], 52:[], 53:[], 54:[], 55:[], 56:[], 57:[], 58:[], 59:[], 60:[], 61:[], 62:[], 63:[], 64:[], 65:[], 66:[], 67:[], 68:[], 69:[], 70:[], 71:[], 72:[], 73:[], 74:[], 75:[], 76:[], 77:[], 78:[], 79:[], 80:[], 81:[], 82:[], 83:[], 84:[], 85:[], 86:[], 87:[], 88:[], 89:[], 90:[], 91:[], 92:[], 93:[]",10381523504,9727781529
2273,3,4540.9949,4138922,61647542,491439575,73.6338,false,94,true,true,true,true,true,false,false,"0:[0, 1, 2, 3, 4, 5, 6, 7, 8, 9, 10, 11, 12, 13, 14, 15, 16, 17, 18, 19, 20, 21, 22, 23, 24, 25, 26, 27, 28, 29, 30, 31, 32, 33, 34, 35, 36, 37, 38, 39, 40, 41, 42, 43, 44, 45, 46, 47, 48, 49, 50, 51, 52, 53, 54, 55, 56, 57, 58, 59, 60, 61, 62, 63, 64, 65, 66, 67, 68, 69, 70, 71, 72, 73, 74, 75, 76, 77, 78, 79, 80, 81, 82, 83, 84, 85, 86, 87, 88, 89, 90, 91, 92, 93], 1:[], 2:[], 3:[], 4:[], 5:[], 6:[], 7:[], 8:[], 9:[], 10:[], 11:[], 12:[], 13:[], 14:[], 15:[], 16:[], 17:[], 18:[], 19:[], 20:[], 21:[], 22:[], 23:[], 24:[], 25:[], 26:[], 27:[], 28:[], 29:[], 30:[], 31:[], 32:[], 33:[], 34:[], 35:[], 36:[], 37:[], 38:[], 39:[], 40:[], 41:[], 42:[], 43:[], 44:[], 45:[], 46:[], 47:[], 48:[], 49:[], 50:[], 51:[], 52:[], 53:[], 54:[], 55:[], 56:[], 57:[], 58:[], 59:[], 60:[], 61:[], 62:[], 63:[], 64:[], 65:[], 66:[], 67:[], 68:[], 69:[], 70:[], 71:[], 72:[], 73:[], 74:[], 75:[], 76:[], 77:[], 78:[], 79:[], 80:[], 81:[], 82:[], 83:[], 84:[], 85:[], 86:[], 87:[], 88:[], 89:[], 90:[], 91:[], 92:[], 93:[]",10408013864,9766198710
2281,7,4892.8087,4182432,62299024,496642874,72.8413,false,96,true,true,true,true,true,false,false,"0:[0, 1, 2, 3, 4, 5, 6, 7, 8, 9, 10, 11, 12, 13, 14, 15, 16, 17, 18, 19, 20, 21, 22, 23, 24, 25, 26, 27, 28, 29, 30, 31, 32, 33, 34, 35, 36, 37, 38, 39, 40, 41, 42, 43, 44, 45, 46, 47, 48, 49, 50, 51, 52, 53, 54, 55, 56, 57, 58, 59, 60, 61, 62, 63, 64, 65, 66, 67, 68, 69, 70, 71, 72, 73, 74, 75, 76, 77, 78, 79, 80, 81, 82, 83, 84, 85, 86, 87, 88, 89, 90, 91, 92, 93, 94, 95], 1:[], 2:[], 3:[], 4:[], 5:[], 6:[], 7:[], 8:[], 9:[], 10:[], 11:[], 12:[], 13:[], 14:[], 15:[], 16:[], 17:[], 18:[], 19:[], 20:[], 21:[], 22:[], 23:[], 24:[], 25:[], 26:[], 27:[], 28:[], 29:[], 30:[], 31:[], 32:[], 33:[], 34:[], 35:[], 36:[], 37:[], 38:[], 39:[], 40:[], 41:[], 42:[], 43:[], 44:[], 45:[], 46:[], 47:[], 48:[], 49:[], 50:[], 51:[], 52:[], 53:[], 54:[], 55:[], 56:[], 57:[], 58:[], 59:[], 60:[], 61:[], 62:[], 63:[], 64:[], 65:[], 66:[], 67:[], 68:[], 69:[], 70:[], 71:[], 72:[], 73:[], 74:[], 75:[], 76:[], 77:[], 78:[], 79:[], 80:[], 81:[], 82:[], 83:[], 84:[], 85:[], 86:[], 87:[], 88:[], 89:[], 90:[], 91:[], 92:[], 93:[], 94:[], 95:[]",10461350704,9843645792
2287,3,4232.9989,4215456,62789250,500543180,76.8917,false,96,true,true,true,true,true,false,false,"0:[0, 1, 2, 3, 4, 5, 6, 7, 8, 9, 10, 11, 12, 13, 14, 15, 16, 17, 18, 19, 20, 21, 22, 23, 24, 25, 26, 27, 28, 29, 30, 31, 32, 33, 34, 35, 36, 37, 38, 39, 40, 41, 42, 43, 44, 45, 46, 47, 48, 49, 50, 51, 52, 53, 54, 55, 56, 57, 58, 59, 60, 61, 62, 63, 64, 65, 66, 67, 68, 69, 70, 71, 72, 73, 74, 75, 76, 77, 78, 79, 80, 81, 82, 83, 84, 85, 86, 87, 88, 89, 90, 91, 92, 93, 94, 95], 1:[], 2:[], 3:[], 4:[], 5:[], 6:[], 7:[], 8:[], 9:[], 10:[], 11:[], 12:[], 13:[], 14:[], 15:[], 16:[], 17:[], 18:[], 19:[], 20:[], 21:[], 22:[], 23:[], 24:[], 25:[], 26:[], 27:[], 28:[], 29:[], 30:[], 31:[], 32:[], 33:[], 34:[], 35:[], 36:[], 37:[], 38:[], 39:[], 40:[], 41:[], 42:[], 43:[], 44:[], 45:[], 46:[], 47:[], 48:[], 49:[], 50:[], 51:[], 52:[], 53:[], 54:[], 55:[], 56:[], 57:[], 58:[], 59:[], 60:[], 61:[], 62:[], 63:[], 64:[], 65:[], 66:[], 67:[], 68:[], 69:[], 70:[], 71:[], 72:[], 73:[], 74:[], 75:[], 76:[], 77:[], 78:[], 79:[], 80:[], 81:[], 82:[], 83:[], 84:[], 85:[], 86:[], 87:[], 88:[], 89:[], 90:[], 91:[], 92:[], 93:[], 94:[], 95:[]",10501493456,9901871866
2293,2,4022.6641,4248461,63284298,504503316,74.4847,false,96,true,true,true,true,true,false,false,"0:[0, 1, 2, 3, 4, 5, 6, 7, 8, 9, 10, 11, 12, 13, 14, 15, 16, 17, 18, 19, 20, 21, 22, 23, 24, 25, 26, 27, 28, 29, 30, 31, 32, 33, 34, 35, 36, 37, 38, 39, 40, 41, 42, 43, 44, 45, 46, 47, 48, 49, 50, 51, 52, 53, 54, 55, 56, 57, 58, 59, 60, 61, 62, 63, 64, 65, 66, 67, 68, 69, 70, 71, 72, 73, 74, 75, 76, 77, 78, 79, 80, 81, 82, 83, 84, 85, 86, 87, 88, 89, 90, 91, 92, 93, 94, 95], 1:[], 2:[], 3:[], 4:[], 5:[], 6:[], 7:[], 8:[], 9:[], 10:[], 11:[], 12:[], 13:[], 14:[], 15:[], 16:[], 17:[], 18:[], 19:[], 20:[], 21:[], 22:[], 23:[], 24:[], 25:[], 26:[], 27:[], 28:[], 29:[], 30:[], 31:[], 32:[], 33:[], 34:[], 35:[], 36:[], 37:[], 38:[], 39:[], 40:[], 41:[], 42:[], 43:[], 44:[], 45:[], 46:[], 47:[], 48:[], 49:[], 50:[], 51:[], 52:[], 53:[], 54:[], 55:[], 56:[], 57:[], 58:[], 59:[], 60:[], 61:[], 62:[], 63:[], 64:[], 65:[], 66:[], 67:[], 68:[], 69:[], 70:[], 71:[], 72:[], 73:[], 74:[], 75:[], 76:[], 77:[], 78:[], 79:[], 80:[], 81:[], 82:[], 83:[], 84:[], 85:[], 86:[], 87:[], 88:[], 89:[], 90:[], 91:[], 92:[], 93:[], 94:[], 95:[]",10542021436,9960734766
2297,3,5266.0939,4270752,63616406,507157422,75.1555,false,95,true,true,true,true,true,false,false,"0:[0, 1, 2, 3, 4, 5, 6, 7, 8, 9, 10, 11, 12, 13, 14, 15, 16, 17, 18, 19, 20, 21, 22, 23, 24, 25, 26, 27, 28, 29, 30, 31, 32, 33, 34, 35, 36, 37, 38, 39, 40, 41, 42, 43, 44, 45, 46, 47, 48, 49, 50, 51, 52, 53, 54, 55, 56, 57, 58, 59, 60, 61, 62, 63, 64, 65, 66, 67, 68, 69, 70, 71, 72, 73, 74, 75, 76, 77, 78, 79, 80, 81, 82, 83, 84, 85, 86, 87, 88, 89, 90, 91, 92, 93, 94], 1:[], 2:[], 3:[], 4:[], 5:[], 6:[], 7:[], 8:[], 9:[], 10:[], 11:[], 12:[], 13:[], 14:[], 15:[], 16:[], 17:[], 18:[], 19:[], 20:[], 21:[], 22:[], 23:[], 24:[], 25:[], 26:[], 27:[], 28:[], 29:[], 30:[], 31:[], 32:[], 33:[], 34:[], 35:[], 36:[], 37:[], 38:[], 39:[], 40:[], 41:[], 42:[], 43:[], 44:[], 45:[], 46:[], 47:[], 48:[], 49:[], 50:[], 51:[], 52:[], 53:[], 54:[], 55:[], 56:[], 57:[], 58:[], 59:[], 60:[], 61:[], 62:[], 63:[], 64:[], 65:[], 66:[], 67:[], 68:[], 69:[], 70:[], 71:[], 72:[], 73:[], 74:[], 75:[], 76:[], 77:[], 78:[], 79:[], 80:[], 81:[], 82:[], 83:[], 84:[], 85:[], 86:[], 87:[], 88:[], 89:[], 90:[], 91:[], 92:[], 93:[], 94:[]",10569214224,10000173470
2309,2,3925.2969,4337705,64614250,515110841,80.1246,false,96,true,true,true,true,true,false,false,"0:[0, 1, 2, 3, 4, 5, 6, 7, 8, 9, 10, 11, 12, 13, 14, 15, 16, 17, 18, 19, 20, 21, 22, 23, 24, 25, 26, 27, 28, 29, 30, 31, 32, 33, 34, 35, 36, 37, 38, 39, 40, 41, 42, 43, 44, 45, 46, 47, 48, 49, 50, 51, 52, 53, 54, 55, 56, 57, 58, 59, 60, 61, 62, 63, 64, 65, 66, 67, 68, 69, 70, 71, 72, 73, 74, 75, 76, 77, 78, 79, 80, 81, 82, 83, 84, 85, 86, 87, 88, 89, 90, 91, 92, 93, 94, 95], 1:[], 2:[], 3:[], 4:[], 5:[], 6:[], 7:[], 8:[], 9:[], 10:[], 11:[], 12:[], 13:[], 14:[], 15:[], 16:[], 17:[], 18:[], 19:[], 20:[], 21:[], 22:[], 23:[], 24:[], 25:[], 26:[], 27:[], 28:[], 29:[], 30:[], 31:[], 32:[], 33:[], 34:[], 35:[], 36:[], 37:[], 38:[], 39:[], 40:[], 41:[], 42:[], 43:[], 44:[], 45:[], 46:[], 47:[], 48:[], 49:[], 50:[], 51:[], 52:[], 53:[], 54:[], 55:[], 56:[], 57:[], 58:[], 59:[], 60:[], 61:[], 62:[], 63:[], 64:[], 65:[], 66:[], 67:[], 68:[], 69:[], 70:[], 71:[], 72:[], 73:[], 74:[], 75:[], 76:[], 77:[], 78:[], 79:[], 80:[], 81:[], 82:[], 83:[], 84:[], 85:[], 86:[], 87:[], 88:[], 89:[], 90:[], 91:[], 92:[], 93:[], 94:[], 95:[]",10650916428,10118756926
2311,3,4263.6268,4348898,64783322,516468793,77.5615,false,96,true,true,true,true,true,false,false,"0:[0, 1, 2, 3, 4, 5, 6, 7, 8, 9, 10, 11, 12, 13, 14, 15, 16, 17, 18, 19, 20, 21, 22, 23, 24, 25, 26, 27, 28, 29, 30, 31, 32, 33, 34, 35, 36, 37, 38, 39, 40, 41, 42, 43, 44, 45, 46, 47, 48, 49, 50, 51, 52, 53, 54, 55, 56, 57, 58, 59, 60, 61, 62, 63, 64, 65, 66, 67, 68, 69, 70, 71, 72, 73, 74, 75, 76, 77, 78, 79, 80, 81, 82, 83, 84, 85, 86, 87, 88, 89, 90, 91, 92, 93, 94, 95], 1:[], 2:[], 3:[], 4:[], 5:[], 6:[], 7:[], 8:[], 9:[], 10:[], 11:[], 12:[], 13:[], 14:[], 15:[], 16:[], 17:[], 18:[], 19:[], 20:[], 21:[], 22:[], 23:[], 24:[], 25:[], 26:[], 27:[], 28:[], 29:[], 30:[], 31:[], 32:[], 33:[], 34:[], 35:[], 36:[], 37:[], 38:[], 39:[], 40:[], 41:[], 42:[], 43:[], 44:[], 45:[], 46:[], 47:[], 48:[], 49:[], 50:[], 51:[], 52:[], 53:[], 54:[], 55:[], 56:[], 57:[], 58:[], 59:[], 60:[], 61:[], 62:[], 63:[], 64:[], 65:[], 66:[], 67:[], 68:[], 69:[], 70:[], 71:[], 72:[], 73:[], 74:[], 75:[], 76:[], 77:[], 78:[], 79:[], 80:[], 81:[], 82:[], 83:[], 84:[], 85:[], 86:[], 87:[], 88:[], 89:[], 90:[], 91:[], 92:[], 93:[], 94:[], 95:[]",10664755592,10138840106
2333,2,4211.8086,4473700,66646651,531343566,79.7451,false,98,true,true,true,true,true,false,false,"0:[0, 1, 2, 3, 4, 5, 6, 7, 8, 9, 10, 11, 12, 13, 14, 15, 16, 17, 18, 19, 20, 21, 22, 23, 24, 25, 26, 27, 28, 29, 30, 31, 32, 33, 34, 35, 36, 37, 38, 39, 40, 41, 42, 43, 44, 45, 46, 47, 48, 49, 50, 51, 52, 53, 54, 55, 56, 57, 58, 59, 60, 61, 62, 63, 64, 65, 66, 67, 68, 69, 70, 71, 72, 73, 74, 75, 76, 77, 78, 79, 80, 81, 82, 83, 84, 85, 86, 87, 88, 89, 90, 91, 92, 93, 94, 95, 96, 97], 1:[], 2:[], 3:[], 4:[], 5:[], 6:[], 7:[], 8:[], 9:[], 10:[], 11:[], 12:[], 13:[], 14:[], 15:[], 16:[], 17:[], 18:[], 19:[], 20:[], 21:[], 22:[], 23:[], 24:[], 25:[], 26:[], 27:[], 28:[], 29:[], 30:[], 31:[], 32:[], 33:[], 34:[], 35:[], 36:[], 37:[], 38:[], 39:[], 40:[], 41:[], 42:[], 43:[], 44:[], 45:[], 46:[], 47:[], 48:[], 49:[], 50:[], 51:[], 52:[], 53:[], 54:[], 55:[], 56:[], 57:[], 58:[], 59:[], 60:[], 61:[], 62:[], 63:[], 64:[], 65:[], 66:[], 67:[], 68:[], 69:[], 70:[], 71:[], 72:[], 73:[], 74:[], 75:[], 76:[], 77:[], 78:[], 79:[], 80:[], 81:[], 82:[], 83:[], 84:[], 85:[], 86:[], 87:[], 88:[], 89:[], 90:[], 91:[], 92:[], 93:[], 94:[], 95:[], 96:[], 97:[]",10817316368,10360281879
2339,2,3928.5377,4508236,67159310,535422022,80.2914,false,98,true,true,true,true,true,false,false,"0:[0, 1, 2, 3, 4, 5, 6, 7, 8, 9, 10, 11, 12, 13, 14, 15, 16, 17, 18, 19, 20, 21, 22, 23, 24, 25, 26, 27, 28, 29, 30, 31, 32, 33, 34, 35, 36, 37, 38, 39, 40, 41, 42, 43, 44, 45, 46, 47, 48, 49, 50, 51, 52, 53, 54, 55, 56, 57, 58, 59, 60, 61, 62, 63, 64, 65, 66, 67, 68, 69, 70, 71, 72, 73, 74, 75, 76, 77, 78, 79, 80, 81, 82, 83, 84, 85, 86, 87, 88, 89, 90, 91, 92, 93, 94, 95, 96, 97], 1:[], 2:[], 3:[], 4:[], 5:[], 6:[], 7:[], 8:[], 9:[], 10:[], 11:[], 12:[], 13:[], 14:[], 15:[], 16:[], 17:[], 18:[], 19:[], 20:[], 21:[], 22:[], 23:[], 24:[], 25:[], 26:[], 27:[], 28:[], 29:[], 30:[], 31:[], 32:[], 33:[], 34:[], 35:[], 36:[], 37:[], 38:[], 39:[], 40:[], 41:[], 42:[], 43:[], 44:[], 45:[], 46:[], 47:[], 48:[], 49:[], 50:[], 51:[], 52:[], 53:[], 54:[], 55:[], 56:[], 57:[], 58:[], 59:[], 60:[], 61:[], 62:[], 63:[], 64:[], 65:[], 66:[], 67:[], 68:[], 69:[], 70:[], 71:[], 72:[], 73:[], 74:[], 75:[], 76:[], 77:[], 78:[], 79:[], 80:[], 81:[], 82:[], 83:[], 84:[], 85:[], 86:[], 87:[], 88:[], 89:[], 90:[], 91:[], 92:[], 93:[], 94:[], 95:[], 96:[], 97:[]",10859296096,11494914054
2341,2,4260.2909,4519525,67332215,536815632,86.0456,false,97,true,true,true,true,true,false,false,"0:[0, 1, 2, 3, 4, 5, 6, 7, 8, 9, 10, 11, 12, 13, 14, 15, 16, 17, 18, 19, 20, 21, 22, 23, 24, 25, 26, 27, 28, 29, 30, 31, 32, 33, 34, 35, 36, 37, 38, 39, 40, 41, 42, 43, 44, 45, 46, 47, 48, 49, 50, 51, 52, 53, 54, 55, 56, 57, 58, 59, 60, 61, 62, 63, 64, 65, 66, 67, 68, 69, 70, 71, 72, 73, 74, 75, 76, 77, 78, 79, 80, 81, 82, 83, 84, 85, 86, 87, 88, 89, 90, 91, 92, 93, 94, 95, 96], 1:[], 2:[], 3:[], 4:[], 5:[], 6:[], 7:[], 8:[], 9:[], 10:[], 11:[], 12:[], 13:[], 14:[], 15:[], 16:[], 17:[], 18:[], 19:[], 20:[], 21:[], 22:[], 23:[], 24:[], 25:[], 26:[], 27:[], 28:[], 29:[], 30:[], 31:[], 32:[], 33:[], 34:[], 35:[], 36:[], 37:[], 38:[], 39:[], 40:[], 41:[], 42:[], 43:[], 44:[], 45:[], 46:[], 47:[], 48:[], 49:[], 50:[], 51:[], 52:[], 53:[], 54:[], 55:[], 56:[], 57:[], 58:[], 59:[], 60:[], 61:[], 62:[], 63:[], 64:[], 65:[], 66:[], 67:[], 68:[], 69:[], 70:[], 71:[], 72:[], 73:[], 74:[], 75:[], 76:[], 77:[], 78:[], 79:[], 80:[], 81:[], 82:[], 83:[], 84:[], 85:[], 86:[], 87:[], 88:[], 89:[], 90:[], 91:[], 92:[], 93:[], 94:[], 95:[], 96:[]",10873444588,11515523007
2347,2,4200.6094,4554295,67849096,540932142,81.7698,false,97,true,true,true,true,true,false,false,"0:[0, 1, 2, 3, 4, 5, 6, 7, 8, 9, 10, 11, 12, 13, 14, 15, 16, 17, 18, 19, 20, 21, 22, 23, 24, 25, 26, 27, 28, 29, 30, 31, 32, 33, 34, 35, 36, 37, 38, 39, 40, 41, 42, 43, 44, 45, 46, 47, 48, 49, 50, 51, 52, 53, 54, 55, 56, 57, 58, 59, 60, 61, 62, 63, 64, 65, 66, 67, 68, 69, 70, 71, 72, 73, 74, 75, 76, 77, 78, 79, 80, 81, 82, 83, 84, 85, 86, 87, 88, 89, 90, 91, 92, 93, 94, 95, 96], 1:[], 2:[], 3:[], 4:[], 5:[], 6:[], 7:[], 8:[], 9:[], 10:[], 11:[], 12:[], 13:[], 14:[], 15:[], 16:[], 17:[], 18:[], 19:[], 20:[], 21:[], 22:[], 23:[], 24:[], 25:[], 26:[], 27:[], 28:[], 29:[], 30:[], 31:[], 32:[], 33:[], 34:[], 35:[], 36:[], 37:[], 38:[], 39:[], 40:[], 41:[], 42:[], 43:[], 44:[], 45:[], 46:[], 47:[], 48:[], 49:[], 50:[], 51:[], 52:[], 53:[], 54:[], 55:[], 56:[], 57:[], 58:[], 59:[], 60:[], 61:[], 62:[], 63:[], 64:[], 65:[], 66:[], 67:[], 68:[], 69:[], 70:[], 71:[], 72:[], 73:[], 74:[], 75:[], 76:[], 77:[], 78:[], 79:[], 80:[], 81:[], 82:[], 83:[], 84:[], 85:[], 86:[], 87:[], 88:[], 89:[], 90:[], 91:[], 92:[], 93:[], 94:[], 95:[], 96:[]",10915768628,11576915676
2351,13,4520.1220,4577640,68195051,543685567,82.2908,false,97,true,true,true,true,true,false,false,"0:[0, 1, 2, 3, 4, 5, 6, 7, 8, 9, 10, 11, 12, 13, 14, 15, 16, 17, 18, 19, 20, 21, 22, 23, 24, 25, 26, 27, 28, 29, 30, 31, 32, 33, 34, 35, 36, 37, 38, 39, 40, 41, 42, 43, 44, 45, 46, 47, 48, 49, 50, 51, 52, 53, 54, 55, 56, 57, 58, 59, 60, 61, 62, 63, 64, 65, 66, 67, 68, 69, 70, 71, 72, 73, 74, 75, 76, 77, 78, 79, 80, 81, 82, 83, 84, 85, 86, 87, 88, 89, 90, 91, 92, 93, 94, 95, 96], 1:[], 2:[], 3:[], 4:[], 5:[], 6:[], 7:[], 8:[], 9:[], 10:[], 11:[], 12:[], 13:[], 14:[], 15:[], 16:[], 17:[], 18:[], 19:[], 20:[], 21:[], 22:[], 23:[], 24:[], 25:[], 26:[], 27:[], 28:[], 29:[], 30:[], 31:[], 32:[], 33:[], 34:[], 35:[], 36:[], 37:[], 38:[], 39:[], 40:[], 41:[], 42:[], 43:[], 44:[], 45:[], 46:[], 47:[], 48:[], 49:[], 50:[], 51:[], 52:[], 53:[], 54:[], 55:[], 56:[], 57:[], 58:[], 59:[], 60:[], 61:[], 62:[], 63:[], 64:[], 65:[], 66:[], 67:[], 68:[], 69:[], 70:[], 71:[], 72:[], 73:[], 74:[], 75:[], 76:[], 77:[], 78:[], 79:[], 80:[], 81:[], 82:[], 83:[], 84:[], 85:[], 86:[], 87:[], 88:[], 89:[], 90:[], 91:[], 92:[], 93:[], 94:[], 95:[], 96:[]",11313197440,11618000567
2357,2,4328.3066,4612509,68718735,547878886,82.2852,false,99,true,true,true,true,true,false,false,"0:[0, 1, 2, 3, 4, 5, 6, 7, 8, 9, 10, 11, 12, 13, 14, 15, 16, 17, 18, 19, 20, 21, 22, 23, 24, 25, 26, 27, 28, 29, 30, 31, 32, 33, 34, 35, 36, 37, 38, 39, 40, 41, 42, 43, 44, 45, 46, 47, 48, 49, 50, 51, 52, 53, 54, 55, 56, 57, 58, 59, 60, 61, 62, 63, 64, 65, 66, 67, 68, 69, 70, 71, 72, 73, 74, 75, 76, 77, 78, 79, 80, 81, 82, 83, 84, 85, 86, 87, 88, 89, 90, 91, 92, 93, 94, 95, 96, 97, 98], 1:[], 2:[], 3:[], 4:[], 5:[], 6:[], 7:[], 8:[], 9:[], 10:[], 11:[], 12:[], 13:[], 14:[], 15:[], 16:[], 17:[], 18:[], 19:[], 20:[], 21:[], 22:[], 23:[], 24:[], 25:[], 26:[], 27:[], 28:[], 29:[], 30:[], 31:[], 32:[], 33:[], 34:[], 35:[], 36:[], 37:[], 38:[], 39:[], 40:[], 41:[], 42:[], 43:[], 44:[], 45:[], 46:[], 47:[], 48:[], 49:[], 50:[], 51:[], 52:[], 53:[], 54:[], 55:[], 56:[], 57:[], 58:[], 59:[], 60:[], 61:[], 62:[], 63:[], 64:[], 65:[], 66:[], 67:[], 68:[], 69:[], 70:[], 71:[], 72:[], 73:[], 74:[], 75:[], 76:[], 77:[], 78:[], 79:[], 80:[], 81:[], 82:[], 83:[], 84:[], 85:[], 86:[], 87:[], 88:[], 89:[], 90:[], 91:[], 92:[], 93:[], 94:[], 95:[], 96:[], 97:[], 98:[]",11356068492,11680267927
2371,2,4187.9902,4694758,69947116,557681747,84.9040,false,99,true,true,true,true,true,false,false,"0:[0, 1, 2, 3, 4, 5, 6, 7, 8, 9, 10, 11, 12, 13, 14, 15, 16, 17, 18, 19, 20, 21, 22, 23, 24, 25, 26, 27, 28, 29, 30, 31, 32, 33, 34, 35, 36, 37, 38, 39, 40, 41, 42, 43, 44, 45, 46, 47, 48, 49, 50, 51, 52, 53, 54, 55, 56, 57, 58, 59, 60, 61, 62, 63, 64, 65, 66, 67, 68, 69, 70, 71, 72, 73, 74, 75, 76, 77, 78, 79, 80, 81, 82, 83, 84, 85, 86, 87, 88, 89, 90, 91, 92, 93, 94, 95, 96, 97, 98], 1:[], 2:[], 3:[], 4:[], 5:[], 6:[], 7:[], 8:[], 9:[], 10:[], 11:[], 12:[], 13:[], 14:[], 15:[], 16:[], 17:[], 18:[], 19:[], 20:[], 21:[], 22:[], 23:[], 24:[], 25:[], 26:[], 27:[], 28:[], 29:[], 30:[], 31:[], 32:[], 33:[], 34:[], 35:[], 36:[], 37:[], 38:[], 39:[], 40:[], 41:[], 42:[], 43:[], 44:[], 45:[], 46:[], 47:[], 48:[], 49:[], 50:[], 51:[], 52:[], 53:[], 54:[], 55:[], 56:[], 57:[], 58:[], 59:[], 60:[], 61:[], 62:[], 63:[], 64:[], 65:[], 66:[], 67:[], 68:[], 69:[], 70:[], 71:[], 72:[], 73:[], 74:[], 75:[], 76:[], 77:[], 78:[], 79:[], 80:[], 81:[], 82:[], 83:[], 84:[], 85:[], 86:[], 87:[], 88:[], 89:[], 90:[], 91:[], 92:[], 93:[], 94:[], 95:[], 96:[], 97:[], 98:[]",11456641944,11826240436
2377,5,5219.2284,4730220,70477826,561920046,93.1530,false,99,true,true,true,true,true,false,false,"0:[0, 1, 2, 3, 4, 5, 6, 7, 8, 9, 10, 11, 12, 13, 14, 15, 16, 17, 18, 19, 20, 21, 22, 23, 24, 25, 26, 27, 28, 29, 30, 31, 32, 33, 34, 35, 36, 37, 38, 39, 40, 41, 42, 43, 44, 45, 46, 47, 48, 49, 50, 51, 52, 53, 54, 55, 56, 57, 58, 59, 60, 61, 62, 63, 64, 65, 66, 67, 68, 69, 70, 71, 72, 73, 74, 75, 76, 77, 78, 79, 80, 81, 82, 83, 84, 85, 86, 87, 88, 89, 90, 91, 92, 93, 94, 95, 96, 97, 98], 1:[], 2:[], 3:[], 4:[], 5:[], 6:[], 7:[], 8:[], 9:[], 10:[], 11:[], 12:[], 13:[], 14:[], 15:[], 16:[], 17:[], 18:[], 19:[], 20:[], 21:[], 22:[], 23:[], 24:[], 25:[], 26:[], 27:[], 28:[], 29:[], 30:[], 31:[], 32:[], 33:[], 34:[], 35:[], 36:[], 37:[], 38:[], 39:[], 40:[], 41:[], 42:[], 43:[], 44:[], 45:[], 46:[], 47:[], 48:[], 49:[], 50:[], 51:[], 52:[], 53:[], 54:[], 55:[], 56:[], 57:[], 58:[], 59:[], 60:[], 61:[], 62:[], 63:[], 64:[], 65:[], 66:[], 67:[], 68:[], 69:[], 70:[], 71:[], 72:[], 73:[], 74:[], 75:[], 76:[], 77:[], 78:[], 79:[], 80:[], 81:[], 82:[], 83:[], 84:[], 85:[], 86:[], 87:[], 88:[], 89:[], 90:[], 91:[], 92:[], 93:[], 94:[], 95:[], 96:[], 97:[], 98:[]",11500091680,11889344490
2381,2,4510.6731,4754160,70833386,564754516,84.6563,false,99,true,true,true,true,true,false,false,"0:[0, 1, 2, 3, 4, 5, 6, 7, 8, 9, 10, 11, 12, 13, 14, 15, 16, 17, 18, 19, 20, 21, 22, 23, 24, 25, 26, 27, 28, 29, 30, 31, 32, 33, 34, 35, 36, 37, 38, 39, 40, 41, 42, 43, 44, 45, 46, 47, 48, 49, 50, 51, 52, 53, 54, 55, 56, 57, 58, 59, 60, 61, 62, 63, 64, 65, 66, 67, 68, 69, 70, 71, 72, 73, 74, 75, 76, 77, 78, 79, 80, 81, 82, 83, 84, 85, 86, 87, 88, 89, 90, 91, 92, 93, 94, 95, 96, 97, 98], 1:[], 2:[], 3:[], 4:[], 5:[], 6:[], 7:[], 8:[], 9:[], 10:[], 11:[], 12:[], 13:[], 14:[], 15:[], 16:[], 17:[], 18:[], 19:[], 20:[], 21:[], 22:[], 23:[], 24:[], 25:[], 26:[], 27:[], 28:[], 29:[], 30:[], 31:[], 32:[], 33:[], 34:[], 35:[], 36:[], 37:[], 38:[], 39:[], 40:[], 41:[], 42:[], 43:[], 44:[], 45:[], 46:[], 47:[], 48:[], 49:[], 50:[], 51:[], 52:[], 53:[], 54:[], 55:[], 56:[], 57:[], 58:[], 59:[], 60:[], 61:[], 62:[], 63:[], 64:[], 65:[], 66:[], 67:[], 68:[], 69:[], 70:[], 71:[], 72:[], 73:[], 74:[], 75:[], 76:[], 77:[], 78:[], 79:[], 80:[], 81:[], 82:[], 83:[], 84:[], 85:[], 86:[], 87:[], 88:[], 89:[], 90:[], 91:[], 92:[], 93:[], 94:[], 95:[], 96:[], 97:[], 98:[]",11529206800,11931571202
2383,3,4740.7968,4766060,71010663,566163863,94.8885,false,100,true,true,true,true,true,false,false,"0:[0, 1, 2, 3, 4, 5, 6, 7, 8, 9, 10, 11, 12, 13, 14, 15, 16, 17, 18, 19, 20, 21, 22, 23, 24, 25, 26, 27, 28, 29, 30, 31, 32, 33, 34, 35, 36, 37, 38, 39, 40, 41, 42, 43, 44, 45, 46, 47, 48, 49, 50, 51, 52, 53, 54, 55, 56, 57, 58, 59, 60, 61, 62, 63, 64, 65, 66, 67, 68, 69, 70, 71, 72, 73, 74, 75, 76, 77, 78, 79, 80, 81, 82, 83, 84, 85, 86, 87, 88, 89, 90, 91, 92, 93, 94, 95, 96, 97, 98, 99], 1:[], 2:[], 3:[], 4:[], 5:[], 6:[], 7:[], 8:[], 9:[], 10:[], 11:[], 12:[], 13:[], 14:[], 15:[], 16:[], 17:[], 18:[], 19:[], 20:[], 21:[], 22:[], 23:[], 24:[], 25:[], 26:[], 27:[], 28:[], 29:[], 30:[], 31:[], 32:[], 33:[], 34:[], 35:[], 36:[], 37:[], 38:[], 39:[], 40:[], 41:[], 42:[], 43:[], 44:[], 45:[], 46:[], 47:[], 48:[], 49:[], 50:[], 51:[], 52:[], 53:[], 54:[], 55:[], 56:[], 57:[], 58:[], 59:[], 60:[], 61:[], 62:[], 63:[], 64:[], 65:[], 66:[], 67:[], 68:[], 69:[], 70:[], 71:[], 72:[], 73:[], 74:[], 75:[], 76:[], 77:[], 78:[], 79:[], 80:[], 81:[], 82:[], 83:[], 84:[], 85:[], 86:[], 87:[], 88:[], 89:[], 90:[], 91:[], 92:[], 93:[], 94:[], 95:[], 96:[], 97:[], 98:[], 99:[]",11543722160,11952632659
2389,2,5166.9171,4801881,71549145,570478654,98.7709,false,99,true,true,true,true,true,false,false,"0:[0, 1, 2, 3, 4, 5, 6, 7, 8, 9, 10, 11, 12, 13, 14, 15, 16, 17, 18, 19, 20, 21, 22, 23, 24, 25, 26, 27, 28, 29, 30, 31, 32, 33, 34, 35, 36, 37, 38, 39, 40, 41, 42, 43, 44, 45, 46, 47, 48, 49, 50, 51, 52, 53, 54, 55, 56, 57, 58, 59, 60, 61, 62, 63, 64, 65, 66, 67, 68, 69, 70, 71, 72, 73, 74, 75, 76, 77, 78, 79, 80, 81, 82, 83, 84, 85, 86, 87, 88, 89, 90, 91, 92, 93, 94, 95, 96, 97, 98], 1:[], 2:[], 3:[], 4:[], 5:[], 6:[], 7:[], 8:[], 9:[], 10:[], 11:[], 12:[], 13:[], 14:[], 15:[], 16:[], 17:[], 18:[], 19:[], 20:[], 21:[], 22:[], 23:[], 24:[], 25:[], 26:[], 27:[], 28:[], 29:[], 30:[], 31:[], 32:[], 33:[], 34:[], 35:[], 36:[], 37:[], 38:[], 39:[], 40:[], 41:[], 42:[], 43:[], 44:[], 45:[], 46:[], 47:[], 48:[], 49:[], 50:[], 51:[], 52:[], 53:[], 54:[], 55:[], 56:[], 57:[], 58:[], 59:[], 60:[], 61:[], 62:[], 63:[], 64:[], 65:[], 66:[], 67:[], 68:[], 69:[], 70:[], 71:[], 72:[], 73:[], 74:[], 75:[], 76:[], 77:[], 78:[], 79:[], 80:[], 81:[], 82:[], 83:[], 84:[], 85:[], 86:[], 87:[], 88:[], 89:[], 90:[], 91:[], 92:[], 93:[], 94:[], 95:[], 96:[], 97:[], 98:[]",11587803708,12016657145
2393,3,5306.1740,4826060,71907632,573332563,94.9832,false,99,true,true,true,true,true,false,false,"0:[0, 1, 2, 3, 4, 5, 6, 7, 8, 9, 10, 11, 12, 13, 14, 15, 16, 17, 18, 19, 20, 21, 22, 23, 24, 25, 26, 27, 28, 29, 30, 31, 32, 33, 34, 35, 36, 37, 38, 39, 40, 41, 42, 43, 44, 45, 46, 47, 48, 49, 50, 51, 52, 53, 54, 55, 56, 57, 58, 59, 60, 61, 62, 63, 64, 65, 66, 67, 68, 69, 70, 71, 72, 73, 74, 75, 76, 77, 78, 79, 80, 81, 82, 83, 84, 85, 86, 87, 88, 89, 90, 91, 92, 93, 94, 95, 96, 97, 98], 1:[], 2:[], 3:[], 4:[], 5:[], 6:[], 7:[], 8:[], 9:[], 10:[], 11:[], 12:[], 13:[], 14:[], 15:[], 16:[], 17:[], 18:[], 19:[], 20:[], 21:[], 22:[], 23:[], 24:[], 25:[], 26:[], 27:[], 28:[], 29:[], 30:[], 31:[], 32:[], 33:[], 34:[], 35:[], 36:[], 37:[], 38:[], 39:[], 40:[], 41:[], 42:[], 43:[], 44:[], 45:[], 46:[], 47:[], 48:[], 49:[], 50:[], 51:[], 52:[], 53:[], 54:[], 55:[], 56:[], 57:[], 58:[], 59:[], 60:[], 61:[], 62:[], 63:[], 64:[], 65:[], 66:[], 67:[], 68:[], 69:[], 70:[], 71:[], 72:[], 73:[], 74:[], 75:[], 76:[], 77:[], 78:[], 79:[], 80:[], 81:[], 82:[], 83:[], 84:[], 85:[], 86:[], 87:[], 88:[], 89:[], 90:[], 91:[], 92:[], 93:[], 94:[], 95:[], 96:[], 97:[], 98:[]",11617159680,12059232400
2399,11,5553.4453,4862382,72447033,577625059,86.9701,false,99,true,true,true,true,true,false,false,"0:[0, 1, 2, 3, 4, 5, 6, 7, 8, 9, 10, 11, 12, 13, 14, 15, 16, 17, 18, 19, 20, 21, 22, 23, 24, 25, 26, 27, 28, 29, 30, 31, 32, 33, 34, 35, 36, 37, 38, 39, 40, 41, 42, 43, 44, 45, 46, 47, 48, 49, 50, 51, 52, 53, 54, 55, 56, 57, 58, 59, 60, 61, 62, 63, 64, 65, 66, 67, 68, 69, 70, 71, 72, 73, 74, 75, 76, 77, 78, 79, 80, 81, 82, 83, 84, 85, 86, 87, 88, 89, 90, 91, 92, 93, 94, 95, 96, 97, 98], 1:[], 2:[], 3:[], 4:[], 5:[], 6:[], 7:[], 8:[], 9:[], 10:[], 11:[], 12:[], 13:[], 14:[], 15:[], 16:[], 17:[], 18:[], 19:[], 20:[], 21:[], 22:[], 23:[], 24:[], 25:[], 26:[], 27:[], 28:[], 29:[], 30:[], 31:[], 32:[], 33:[], 34:[], 35:[], 36:[], 37:[], 38:[], 39:[], 40:[], 41:[], 42:[], 43:[], 44:[], 45:[], 46:[], 47:[], 48:[], 49:[], 50:[], 51:[], 52:[], 53:[], 54:[], 55:[], 56:[], 57:[], 58:[], 59:[], 60:[], 61:[], 62:[], 63:[], 64:[], 65:[], 66:[], 67:[], 68:[], 69:[], 70:[], 71:[], 72:[], 73:[], 74:[], 75:[], 76:[], 77:[], 78:[], 79:[], 80:[], 81:[], 82:[], 83:[], 84:[], 85:[], 86:[], 87:[], 88:[], 89:[], 90:[], 91:[], 92:[], 93:[], 94:[], 95:[], 96:[], 97:[], 98:[]",11661328776,12123300837
2411,2,4566.1107,4935365,73536887,586324117,96.2023,false,101,true,true,true,true,true,false,false,"0:[0, 1, 2, 3, 4, 5, 6, 7, 8, 9, 10, 11, 12, 13, 14, 15, 16, 17, 18, 19, 20, 21, 22, 23, 24, 25, 26, 27, 28, 29, 30, 31, 32, 33, 34, 35, 36, 37, 38, 39, 40, 41, 42, 43, 44, 45, 46, 47, 48, 49, 50, 51, 52, 53, 54, 55, 56, 57, 58, 59, 60, 61, 62, 63, 64, 65, 66, 67, 68, 69, 70, 71, 72, 73, 74, 75, 76, 77, 78, 79, 80, 81, 82, 83, 84, 85, 86, 87, 88, 89, 90, 91, 92, 93, 94, 95, 96, 97, 98, 99, 100], 1:[], 2:[], 3:[], 4:[], 5:[], 6:[], 7:[], 8:[], 9:[], 10:[], 11:[], 12:[], 13:[], 14:[], 15:[], 16:[], 17:[], 18:[], 19:[], 20:[], 21:[], 22:[], 23:[], 24:[], 25:[], 26:[], 27:[], 28:[], 29:[], 30:[], 31:[], 32:[], 33:[], 34:[], 35:[], 36:[], 37:[], 38:[], 39:[], 40:[], 41:[], 42:[], 43:[], 44:[], 45:[], 46:[], 47:[], 48:[], 49:[], 50:[], 51:[], 52:[], 53:[], 54:[], 55:[], 56:[], 57:[], 58:[], 59:[], 60:[], 61:[], 62:[], 63:[], 64:[], 65:[], 66:[], 67:[], 68:[], 69:[], 70:[], 71:[], 72:[], 73:[], 74:[], 75:[], 76:[], 77:[], 78:[], 79:[], 80:[], 81:[], 82:[], 83:[], 84:[], 85:[], 86:[], 87:[], 88:[], 89:[], 90:[], 91:[], 92:[], 93:[], 94:[], 95:[], 96:[], 97:[], 98:[], 99:[], 100:[]",11750560620,12252817567
2417,3,5464.9203,4972028,74088117,590741625,89.8362,false,100,true,true,true,true,true,false,false,"0:[0, 1, 2, 3, 4, 5, 6, 7, 8, 9, 10, 11, 12, 13, 14, 15, 16, 17, 18, 19, 20, 21, 22, 23, 24, 25, 26, 27, 28, 29, 30, 31, 32, 33, 34, 35, 36, 37, 38, 39, 40, 41, 42, 43, 44, 45, 46, 47, 48, 49, 50, 51, 52, 53, 54, 55, 56, 57, 58, 59, 60, 61, 62, 63, 64, 65, 66, 67, 68, 69, 70, 71, 72, 73, 74, 75, 76, 77, 78, 79, 80, 81, 82, 83, 84, 85, 86, 87, 88, 89, 90, 91, 92, 93, 94, 95, 96, 97, 98, 99], 1:[], 2:[], 3:[], 4:[], 5:[], 6:[], 7:[], 8:[], 9:[], 10:[], 11:[], 12:[], 13:[], 14:[], 15:[], 16:[], 17:[], 18:[], 19:[], 20:[], 21:[], 22:[], 23:[], 24:[], 25:[], 26:[], 27:[], 28:[], 29:[], 30:[], 31:[], 32:[], 33:[], 34:[], 35:[], 36:[], 37:[], 38:[], 39:[], 40:[], 41:[], 42:[], 43:[], 44:[], 45:[], 46:[], 47:[], 48:[], 49:[], 50:[], 51:[], 52:[], 53:[], 54:[], 55:[], 56:[], 57:[], 58:[], 59:[], 60:[], 61:[], 62:[], 63:[], 64:[], 65:[], 66:[], 67:[], 68:[], 69:[], 70:[], 71:[], 72:[], 73:[], 74:[], 75:[], 76:[], 77:[], 78:[], 79:[], 80:[], 81:[], 82:[], 83:[], 84:[], 85:[], 86:[], 87:[], 88:[], 89:[], 90:[], 91:[], 92:[], 93:[], 94:[], 95:[], 96:[], 97:[], 98:[], 99:[]",11795685584,12318358713
2423,5,5089.7811,5009076,74639545,595137100,93.6627,false,101,true,true,true,true,true,false,false,"0:[0, 1, 2, 3, 4, 5, 6, 7, 8, 9, 10, 11, 12, 13, 14, 15, 16, 17, 18, 19, 20, 21, 22, 23, 24, 25, 26, 27, 28, 29, 30, 31, 32, 33, 34, 35, 36, 37, 38, 39, 40, 41, 42, 43, 44, 45, 46, 47, 48, 49, 50, 51, 52, 53, 54, 55, 56, 57, 58, 59, 60, 61, 62, 63, 64, 65, 66, 67, 68, 69, 70, 71, 72, 73, 74, 75, 76, 77, 78, 79, 80, 81, 82, 83, 84, 85, 86, 87, 88, 89, 90, 91, 92, 93, 94, 95, 96, 97, 98, 99, 100], 1:[], 2:[], 3:[], 4:[], 5:[], 6:[], 7:[], 8:[], 9:[], 10:[], 11:[], 12:[], 13:[], 14:[], 15:[], 16:[], 17:[], 18:[], 19:[], 20:[], 21:[], 22:[], 23:[], 24:[], 25:[], 26:[], 27:[], 28:[], 29:[], 30:[], 31:[], 32:[], 33:[], 34:[], 35:[], 36:[], 37:[], 38:[], 39:[], 40:[], 41:[], 42:[], 43:[], 44:[], 45:[], 46:[], 47:[], 48:[], 49:[], 50:[], 51:[], 52:[], 53:[], 54:[], 55:[], 56:[], 57:[], 58:[], 59:[], 60:[], 61:[], 62:[], 63:[], 64:[], 65:[], 66:[], 67:[], 68:[], 69:[], 70:[], 71:[], 72:[], 73:[], 74:[], 75:[], 76:[], 77:[], 78:[], 79:[], 80:[], 81:[], 82:[], 83:[], 84:[], 85:[], 86:[], 87:[], 88:[], 89:[], 90:[], 91:[], 92:[], 93:[], 94:[], 95:[], 96:[], 97:[], 98:[], 99:[], 100:[]",11840837168,12383854413
2437,2,4796.0393,5095757,75936744,605495001,101.6451,false,102,true,true,true,true,true,false,false,"0:[0, 1, 2, 3, 4, 5, 6, 7, 8, 9, 10, 11, 12, 13, 14, 15, 16, 17, 18, 19, 20, 21, 22, 23, 24, 25, 26, 27, 28, 29, 30, 31, 32, 33, 34, 35, 36, 37, 38, 39, 40, 41, 42, 43, 44, 45, 46, 47, 48, 49, 50, 51, 52, 53, 54, 55, 56, 57, 58, 59, 60, 61, 62, 63, 64, 65, 66, 67, 68, 69, 70, 71, 72, 73, 74, 75, 76, 77, 78, 79, 80, 81, 82, 83, 84, 85, 86, 87, 88, 89, 90, 91, 92, 93, 94, 95, 96, 97, 98, 99, 100, 101], 1:[], 2:[], 3:[], 4:[], 5:[], 6:[], 7:[], 8:[], 9:[], 10:[], 11:[], 12:[], 13:[], 14:[], 15:[], 16:[], 17:[], 18:[], 19:[], 20:[], 21:[], 22:[], 23:[], 24:[], 25:[], 26:[], 27:[], 28:[], 29:[], 30:[], 31:[], 32:[], 33:[], 34:[], 35:[], 36:[], 37:[], 38:[], 39:[], 40:[], 41:[], 42:[], 43:[], 44:[], 45:[], 46:[], 47:[], 48:[], 49:[], 50:[], 51:[], 52:[], 53:[], 54:[], 55:[], 56:[], 57:[], 58:[], 59:[], 60:[], 61:[], 62:[], 63:[], 64:[], 65:[], 66:[], 67:[], 68:[], 69:[], 70:[], 71:[], 72:[], 73:[], 74:[], 75:[], 76:[], 77:[], 78:[], 79:[], 80:[], 81:[], 82:[], 83:[], 84:[], 85:[], 86:[], 87:[], 88:[], 89:[], 90:[], 91:[], 92:[], 93:[], 94:[], 95:[], 96:[], 97:[], 98:[], 99:[], 100:[], 101:[]",11947040156,12538079236
2441,3,5399.8342,5120910,76309699,608464041,94.0066,false,102,true,true,true,true,true,false,false,"0:[0, 1, 2, 3, 4, 5, 6, 7, 8, 9, 10, 11, 12, 13, 14, 15, 16, 17, 18, 19, 20, 21, 22, 23, 24, 25, 26, 27, 28, 29, 30, 31, 32, 33, 34, 35, 36, 37, 38, 39, 40, 41, 42, 43, 44, 45, 46, 47, 48, 49, 50, 51, 52, 53, 54, 55, 56, 57, 58, 59, 60, 61, 62, 63, 64, 65, 66, 67, 68, 69, 70, 71, 72, 73, 74, 75, 76, 77, 78, 79, 80, 81, 82, 83, 84, 85, 86, 87, 88, 89, 90, 91, 92, 93, 94, 95, 96, 97, 98, 99, 100, 101], 1:[], 2:[], 3:[], 4:[], 5:[], 6:[], 7:[], 8:[], 9:[], 10:[], 11:[], 12:[], 13:[], 14:[], 15:[], 16:[], 17:[], 18:[], 19:[], 20:[], 21:[], 22:[], 23:[], 24:[], 25:[], 26:[], 27:[], 28:[], 29:[], 30:[], 31:[], 32:[], 33:[], 34:[], 35:[], 36:[], 37:[], 38:[], 39:[], 40:[], 41:[], 42:[], 43:[], 44:[], 45:[], 46:[], 47:[], 48:[], 49:[], 50:[], 51:[], 52:[], 53:[], 54:[], 55:[], 56:[], 57:[], 58:[], 59:[], 60:[], 61:[], 62:[], 63:[], 64:[], 65:[], 66:[], 67:[], 68:[], 69:[], 70:[], 71:[], 72:[], 73:[], 74:[], 75:[], 76:[], 77:[], 78:[], 79:[], 80:[], 81:[], 82:[], 83:[], 84:[], 85:[], 86:[], 87:[], 88:[], 89:[], 90:[], 91:[], 92:[], 93:[], 94:[], 95:[], 96:[], 97:[], 98:[], 99:[], 100:[], 101:[]",11977580840,12582372599
2447,5,5119.5687,5158692,76873981,612973475,95.7268,false,102,true,true,true,true,true,false,false,"0:[0, 1, 2, 3, 4, 5, 6, 7, 8, 9, 10, 11, 12, 13, 14, 15, 16, 17, 18, 19, 20, 21, 22, 23, 24, 25, 26, 27, 28, 29, 30, 31, 32, 33, 34, 35, 36, 37, 38, 39, 40, 41, 42, 43, 44, 45, 46, 47, 48, 49, 50, 51, 52, 53, 54, 55, 56, 57, 58, 59, 60, 61, 62, 63, 64, 65, 66, 67, 68, 69, 70, 71, 72, 73, 74, 75, 76, 77, 78, 79, 80, 81, 82, 83, 84, 85, 86, 87, 88, 89, 90, 91, 92, 93, 94, 95, 96, 97, 98, 99, 100, 101], 1:[], 2:[], 3:[], 4:[], 5:[], 6:[], 7:[], 8:[], 9:[], 10:[], 11:[], 12:[], 13:[], 14:[], 15:[], 16:[], 17:[], 18:[], 19:[], 20:[], 21:[], 22:[], 23:[], 24:[], 25:[], 26:[], 27:[], 28:[], 29:[], 30:[], 31:[], 32:[], 33:[], 34:[], 35:[], 36:[], 37:[], 38:[], 39:[], 40:[], 41:[], 42:[], 43:[], 44:[], 45:[], 46:[], 47:[], 48:[], 49:[], 50:[], 51:[], 52:[], 53:[], 54:[], 55:[], 56:[], 57:[], 58:[], 59:[], 60:[], 61:[], 62:[], 63:[], 64:[], 65:[], 66:[], 67:[], 68:[], 69:[], 70:[], 71:[], 72:[], 73:[], 74:[], 75:[], 76:[], 77:[], 78:[], 79:[], 80:[], 81:[], 82:[], 83:[], 84:[], 85:[], 86:[], 87:[], 88:[], 89:[], 90:[], 91:[], 92:[], 93:[], 94:[], 95:[], 96:[], 97:[], 98:[], 99:[], 100:[], 101:[]",12023781296,12649393537
2459,2,4859.8923,5234605,78006477,622006206,105.8903,false,103,true,true,true,true,true,false,false,"0:[0, 1, 2, 3, 4, 5, 6, 7, 8, 9, 10, 11, 12, 13, 14, 15, 16, 17, 18, 19, 20, 21, 22, 23, 24, 25, 26, 27, 28, 29, 30, 31, 32, 33, 34, 35, 36, 37, 38, 39, 40, 41, 42, 43, 44, 45, 46, 47, 48, 49, 50, 51, 52, 53, 54, 55, 56, 57, 58, 59, 60, 61, 62, 63, 64, 65, 66, 67, 68, 69, 70, 71, 72, 73, 74, 75, 76, 77, 78, 79, 80, 81, 82, 83, 84, 85, 86, 87, 88, 89, 90, 91, 92, 93, 94, 95, 96, 97, 98, 99, 100, 101, 102], 1:[], 2:[], 3:[], 4:[], 5:[], 6:[], 7:[], 8:[], 9:[], 10:[], 11:[], 12:[], 13:[], 14:[], 15:[], 16:[], 17:[], 18:[], 19:[], 20:[], 21:[], 22:[], 23:[], 24:[], 25:[], 26:[], 27:[], 28:[], 29:[], 30:[], 31:[], 32:[], 33:[], 34:[], 35:[], 36:[], 37:[], 38:[], 39:[], 40:[], 41:[], 42:[], 43:[], 44:[], 45:[], 46:[], 47:[], 48:[], 49:[], 50:[], 51:[], 52:[], 53:[], 54:[], 55:[], 56:[], 57:[], 58:[], 59:[], 60:[], 61:[], 62:[], 63:[], 64:[], 65:[], 66:[], 67:[], 68:[], 69:[], 70:[], 71:[], 72:[], 73:[], 74:[], 75:[], 76:[], 77:[], 78:[], 79:[], 80:[], 81:[], 82:[], 83:[], 84:[], 85:[], 86:[], 87:[], 88:[], 89:[], 90:[], 91:[], 92:[], 93:[], 94:[], 95:[], 96:[], 97:[], 98:[], 99:[], 100:[], 101:[], 102:[]",12116506540,13857722157
2467,2,4901.4444,5285486,78767851,628084496,96.6705,false,102,true,true,true,true,true,false,false,"0:[0, 1, 2, 3, 4, 5, 6, 7, 8, 9, 10, 11, 12, 13, 14, 15, 16, 17, 18, 19, 20, 21, 22, 23, 24, 25, 26, 27, 28, 29, 30, 31, 32, 33, 34, 35, 36, 37, 38, 39, 40, 41, 42, 43, 44, 45, 46, 47, 48, 49, 50, 51, 52, 53, 54, 55, 56, 57, 58, 59, 60, 61, 62, 63, 64, 65, 66, 67, 68, 69, 70, 71, 72, 73, 74, 75, 76, 77, 78, 79, 80, 81, 82, 83, 84, 85, 86, 87, 88, 89, 90, 91, 92, 93, 94, 95, 96, 97, 98, 99, 100, 101], 1:[], 2:[], 3:[], 4:[], 5:[], 6:[], 7:[], 8:[], 9:[], 10:[], 11:[], 12:[], 13:[], 14:[], 15:[], 16:[], 17:[], 18:[], 19:[], 20:[], 21:[], 22:[], 23:[], 24:[], 25:[], 26:[], 27:[], 28:[], 29:[], 30:[], 31:[], 32:[], 33:[], 34:[], 35:[], 36:[], 37:[], 38:[], 39:[], 40:[], 41:[], 42:[], 43:[], 44:[], 45:[], 46:[], 47:[], 48:[], 49:[], 50:[], 51:[], 52:[], 53:[], 54:[], 55:[], 56:[], 57:[], 58:[], 59:[], 60:[], 61:[], 62:[], 63:[], 64:[], 65:[], 66:[], 67:[], 68:[], 69:[], 70:[], 71:[], 72:[], 73:[], 74:[], 75:[], 76:[], 77:[], 78:[], 79:[], 80:[], 81:[], 82:[], 83:[], 84:[], 85:[], 86:[], 87:[], 88:[], 89:[], 90:[], 91:[], 92:[], 93:[], 94:[], 95:[], 96:[], 97:[], 98:[], 99:[], 100:[], 101:[]",12178841128,13948233759
2473,5,6075.0573,5323864,79343532,632689933,96.8922,false,103,true,true,true,true,true,false,false,"0:[0, 1, 2, 3, 4, 5, 6, 7, 8, 9, 10, 11, 12, 13, 14, 15, 16, 17, 18, 19, 20, 21, 22, 23, 24, 25, 26, 27, 28, 29, 30, 31, 32, 33, 34, 35, 36, 37, 38, 39, 40, 41, 42, 43, 44, 45, 46, 47, 48, 49, 50, 51, 52, 53, 54, 55, 56, 57, 58, 59, 60, 61, 62, 63, 64, 65, 66, 67, 68, 69, 70, 71, 72, 73, 74, 75, 76, 77, 78, 79, 80, 81, 82, 83, 84, 85, 86, 87, 88, 89, 90, 91, 92, 93, 94, 95, 96, 97, 98, 99, 100, 101, 102], 1:[], 2:[], 3:[], 4:[], 5:[], 6:[], 7:[], 8:[], 9:[], 10:[], 11:[], 12:[], 13:[], 14:[], 15:[], 16:[], 17:[], 18:[], 19:[], 20:[], 21:[], 22:[], 23:[], 24:[], 25:[], 26:[], 27:[], 28:[], 29:[], 30:[], 31:[], 32:[], 33:[], 34:[], 35:[], 36:[], 37:[], 38:[], 39:[], 40:[], 41:[], 42:[], 43:[], 44:[], 45:[], 46:[], 47:[], 48:[], 49:[], 50:[], 51:[], 52:[], 53:[], 54:[], 55:[], 56:[], 57:[], 58:[], 59:[], 60:[], 61:[], 62:[], 63:[], 64:[], 65:[], 66:[], 67:[], 68:[], 69:[], 70:[], 71:[], 72:[], 73:[], 74:[], 75:[], 76:[], 77:[], 78:[], 79:[], 80:[], 81:[], 82:[], 83:[], 84:[], 85:[], 86:[], 87:[], 88:[], 89:[], 90:[], 91:[], 92:[], 93:[], 94:[], 95:[], 96:[], 97:[], 98:[], 99:[], 100:[], 101:[], 102:[]",12225970192,14016682988
2477,2,5140.1229,5349760,79728871,635765702,99.5175,false,104,true,true,true,true,true,false,false,"0:[0, 1, 2, 3, 4, 5, 6, 7, 8, 9, 10, 11, 12, 13, 14, 15, 16, 17, 18, 19, 20, 21, 22, 23, 24, 25, 26, 27, 28, 29, 30, 31, 32, 33, 34, 35, 36, 37, 38, 39, 40, 41, 42, 43, 44, 45, 46, 47, 48, 49, 50, 51, 52, 53, 54, 55, 56, 57, 58, 59, 60, 61, 62, 63, 64, 65, 66, 67, 68, 69, 70, 71, 72, 73, 74, 75, 76, 77, 78, 79, 80, 81, 82, 83, 84, 85, 86, 87, 88, 89, 90, 91, 92, 93, 94, 95, 96, 97, 98, 99, 100, 101, 102, 103], 1:[], 2:[], 3:[], 4:[], 5:[], 6:[], 7:[], 8:[], 9:[], 10:[], 11:[], 12:[], 13:[], 14:[], 15:[], 16:[], 17:[], 18:[], 19:[], 20:[], 21:[], 22:[], 23:[], 24:[], 25:[], 26:[], 27:[], 28:[], 29:[], 30:[], 31:[], 32:[], 33:[], 34:[], 35:[], 36:[], 37:[], 38:[], 39:[], 40:[], 41:[], 42:[], 43:[], 44:[], 45:[], 46:[], 47:[], 48:[], 49:[], 50:[], 51:[], 52:[], 53:[], 54:[], 55:[], 56:[], 57:[], 58:[], 59:[], 60:[], 61:[], 62:[], 63:[], 64:[], 65:[], 66:[], 67:[], 68:[], 69:[], 70:[], 71:[], 72:[], 73:[], 74:[], 75:[], 76:[], 77:[], 78:[], 79:[], 80:[], 81:[], 82:[], 83:[], 84:[], 85:[], 86:[], 87:[], 88:[], 89:[], 90:[], 91:[], 92:[], 93:[], 94:[], 95:[], 96:[], 97:[], 98:[], 99:[], 100:[], 101:[], 102:[], 103:[]",12257522400,14062446723
2503,3,5460.2410,5519178,82258892,655956819,101.1284,false,105,true,true,true,true,true,false,false,"0:[0, 1, 2, 3, 4, 5, 6, 7, 8, 9, 10, 11, 12, 13, 14, 15, 16, 17, 18, 19, 20, 21, 22, 23, 24, 25, 26, 27, 28, 29, 30, 31, 32, 33, 34, 35, 36, 37, 38, 39, 40, 41, 42, 43, 44, 45, 46, 47, 48, 49, 50, 51, 52, 53, 54, 55, 56, 57, 58, 59, 60, 61, 62, 63, 64, 65, 66, 67, 68, 69, 70, 71, 72, 73, 74, 75, 76, 77, 78, 79, 80, 81, 82, 83, 84, 85, 86, 87, 88, 89, 90, 91, 92, 93, 94, 95, 96, 97, 98, 99, 100, 101, 102, 103, 104], 1:[], 2:[], 3:[], 4:[], 5:[], 6:[], 7:[], 8:[], 9:[], 10:[], 11:[], 12:[], 13:[], 14:[], 15:[], 16:[], 17:[], 18:[], 19:[], 20:[], 21:[], 22:[], 23:[], 24:[], 25:[], 26:[], 27:[], 28:[], 29:[], 30:[], 31:[], 32:[], 33:[], 34:[], 35:[], 36:[], 37:[], 38:[], 39:[], 40:[], 41:[], 42:[], 43:[], 44:[], 45:[], 46:[], 47:[], 48:[], 49:[], 50:[], 51:[], 52:[], 53:[], 54:[], 55:[], 56:[], 57:[], 58:[], 59:[], 60:[], 61:[], 62:[], 63:[], 64:[], 65:[], 66:[], 67:[], 68:[], 69:[], 70:[], 71:[], 72:[], 73:[], 74:[], 75:[], 76:[], 77:[], 78:[], 79:[], 80:[], 81:[], 82:[], 83:[], 84:[], 85:[], 86:[], 87:[], 88:[], 89:[], 90:[], 91:[], 92:[], 93:[], 94:[], 95:[], 96:[], 97:[], 98:[], 99:[], 100:[], 101:[], 102:[], 103:[], 104:[]",12464667784,14363109156
2521,11,7188.3504,5638458,84043645,670218165,103.8474,false,106,true,true,true,true,true,false,false,"0:[0, 1, 2, 3, 4, 5, 6, 7, 8, 9, 10, 11, 12, 13, 14, 15, 16, 17, 18, 19, 20, 21, 22, 23, 24, 25, 26, 27, 28, 29, 30, 31, 32, 33, 34, 35, 36, 37, 38, 39, 40, 41, 42, 43, 44, 45, 46, 47, 48, 49, 50, 51, 52, 53, 54, 55, 56, 57, 58, 59, 60, 61, 62, 63, 64, 65, 66, 67, 68, 69, 70, 71, 72, 73, 74, 75, 76, 77, 78, 79, 80, 81, 82, 83, 84, 85, 86, 87, 88, 89, 90, 91, 92, 93, 94, 95, 96, 97, 98, 99, 100, 101, 102, 103, 104, 105], 1:[], 2:[], 3:[], 4:[], 5:[], 6:[], 7:[], 8:[], 9:[], 10:[], 11:[], 12:[], 13:[], 14:[], 15:[], 16:[], 17:[], 18:[], 19:[], 20:[], 21:[], 22:[], 23:[], 24:[], 25:[], 26:[], 27:[], 28:[], 29:[], 30:[], 31:[], 32:[], 33:[], 34:[], 35:[], 36:[], 37:[], 38:[], 39:[], 40:[], 41:[], 42:[], 43:[], 44:[], 45:[], 46:[], 47:[], 48:[], 49:[], 50:[], 51:[], 52:[], 53:[], 54:[], 55:[], 56:[], 57:[], 58:[], 59:[], 60:[], 61:[], 62:[], 63:[], 64:[], 65:[], 66:[], 67:[], 68:[], 69:[], 70:[], 71:[], 72:[], 73:[], 74:[], 75:[], 76:[], 77:[], 78:[], 79:[], 80:[], 81:[], 82:[], 83:[], 84:[], 85:[], 86:[], 87:[], 88:[], 89:[], 90:[], 91:[], 92:[], 93:[], 94:[], 95:[], 96:[], 97:[], 98:[], 99:[], 100:[], 101:[], 102:[], 103:[], 104:[], 105:[]",12610787864,14575243945
2531,2,5298.9282,5705768,85043748,678183814,108.4482,false,106,true,true,true,true,true,false,false,"0:[0, 1, 2, 3, 4, 5, 6, 7, 8, 9, 10, 11, 12, 13, 14, 15, 16, 17, 18, 19, 20, 21, 22, 23, 24, 25, 26, 27, 28, 29, 30, 31, 32, 33, 34, 35, 36, 37, 38, 39, 40, 41, 42, 43, 44, 45, 46, 47, 48, 49, 50, 51, 52, 53, 54, 55, 56, 57, 58, 59, 60, 61, 62, 63, 64, 65, 66, 67, 68, 69, 70, 71, 72, 73, 74, 75, 76, 77, 78, 79, 80, 81, 82, 83, 84, 85, 86, 87, 88, 89, 90, 91, 92, 93, 94, 95, 96, 97, 98, 99, 100, 101, 102, 103, 104, 105], 1:[], 2:[], 3:[], 4:[], 5:[], 6:[], 7:[], 8:[], 9:[], 10:[], 11:[], 12:[], 13:[], 14:[], 15:[], 16:[], 17:[], 18:[], 19:[], 20:[], 21:[], 22:[], 23:[], 24:[], 25:[], 26:[], 27:[], 28:[], 29:[], 30:[], 31:[], 32:[], 33:[], 34:[], 35:[], 36:[], 37:[], 38:[], 39:[], 40:[], 41:[], 42:[], 43:[], 44:[], 45:[], 46:[], 47:[], 48:[], 49:[], 50:[], 51:[], 52:[], 53:[], 54:[], 55:[], 56:[], 57:[], 58:[], 59:[], 60:[], 61:[], 62:[], 63:[], 64:[], 65:[], 66:[], 67:[], 68:[], 69:[], 70:[], 71:[], 72:[], 73:[], 74:[], 75:[], 76:[], 77:[], 78:[], 79:[], 80:[], 81:[], 82:[], 83:[], 84:[], 85:[], 86:[], 87:[], 88:[], 89:[], 90:[], 91:[], 92:[], 93:[], 94:[], 95:[], 96:[], 97:[], 98:[], 99:[], 100:[], 101:[], 102:[], 103:[], 104:[], 105:[]",12692680784,14694032036
2539,2,5407.7778,5759659,85851476,684640160,103.5477,false,106,true,true,true,true,true,false,false,"0:[0, 1, 2, 3, 4, 5, 6, 7, 8, 9, 10, 11, 12, 13, 14, 15, 16, 17, 18, 19, 20, 21, 22, 23, 24, 25, 26, 27, 28, 29, 30, 31, 32, 33, 34, 35, 36, 37, 38, 39, 40, 41, 42, 43, 44, 45, 46, 47, 48, 49, 50, 51, 52, 53, 54, 55, 56, 57, 58, 59, 60, 61, 62, 63, 64, 65, 66, 67, 68, 69, 70, 71, 72, 73, 74, 75, 76, 77, 78, 79, 80, 81, 82, 83, 84, 85, 86, 87, 88, 89, 90, 91, 92, 93, 94, 95, 96, 97, 98, 99, 100, 101, 102, 103, 104, 105], 1:[], 2:[], 3:[], 4:[], 5:[], 6:[], 7:[], 8:[], 9:[], 10:[], 11:[], 12:[], 13:[], 14:[], 15:[], 16:[], 17:[], 18:[], 19:[], 20:[], 21:[], 22:[], 23:[], 24:[], 25:[], 26:[], 27:[], 28:[], 29:[], 30:[], 31:[], 32:[], 33:[], 34:[], 35:[], 36:[], 37:[], 38:[], 39:[], 40:[], 41:[], 42:[], 43:[], 44:[], 45:[], 46:[], 47:[], 48:[], 49:[], 50:[], 51:[], 52:[], 53:[], 54:[], 55:[], 56:[], 57:[], 58:[], 59:[], 60:[], 61:[], 62:[], 63:[], 64:[], 65:[], 66:[], 67:[], 68:[], 69:[], 70:[], 71:[], 72:[], 73:[], 74:[], 75:[], 76:[], 77:[], 78:[], 79:[], 80:[], 81:[], 82:[], 83:[], 84:[], 85:[], 86:[], 87:[], 88:[], 89:[], 90:[], 91:[], 92:[], 93:[], 94:[], 95:[], 96:[], 97:[], 98:[], 99:[], 100:[], 101:[], 102:[], 103:[], 104:[], 105:[]",12758807972,14790051656
2543,5,5875.6847,5786944,86257543,687881333,109.9359,false,106,true,true,true,true,true,false,false,"0:[0, 1, 2, 3, 4, 5, 6, 7, 8, 9, 10, 11, 12, 13, 14, 15, 16, 17, 18, 19, 20, 21, 22, 23, 24, 25, 26, 27, 28, 29, 30, 31, 32, 33, 34, 35, 36, 37, 38, 39, 40, 41, 42, 43, 44, 45, 46, 47, 48, 49, 50, 51, 52, 53, 54, 55, 56, 57, 58, 59, 60, 61, 62, 63, 64, 65, 66, 67, 68, 69, 70, 71, 72, 73, 74, 75, 76, 77, 78, 79, 80, 81, 82, 83, 84, 85, 86, 87, 88, 89, 90, 91, 92, 93, 94, 95, 96, 97, 98, 99, 100, 101, 102, 103, 104, 105], 1:[], 2:[], 3:[], 4:[], 5:[], 6:[], 7:[], 8:[], 9:[], 10:[], 11:[], 12:[], 13:[], 14:[], 15:[], 16:[], 17:[], 18:[], 19:[], 20:[], 21:[], 22:[], 23:[], 24:[], 25:[], 26:[], 27:[], 28:[], 29:[], 30:[], 31:[], 32:[], 33:[], 34:[], 35:[], 36:[], 37:[], 38:[], 39:[], 40:[], 41:[], 42:[], 43:[], 44:[], 45:[], 46:[], 47:[], 48:[], 49:[], 50:[], 51:[], 52:[], 53:[], 54:[], 55:[], 56:[], 57:[], 58:[], 59:[], 60:[], 61:[], 62:[], 63:[], 64:[], 65:[], 66:[], 67:[], 68:[], 69:[], 70:[], 71:[], 72:[], 73:[], 74:[], 75:[], 76:[], 77:[], 78:[], 79:[], 80:[], 81:[], 82:[], 83:[], 84:[], 85:[], 86:[], 87:[], 88:[], 89:[], 90:[], 91:[], 92:[], 93:[], 94:[], 95:[], 96:[], 97:[], 98:[], 99:[], 100:[], 101:[], 102:[], 103:[], 104:[], 105:[]",12792057312,14838277955
2549,2,5608.2354,5827713,86867154,692746744,106.6838,false,106,true,true,true,true,true,false,false,"0:[0, 1, 2, 3, 4, 5, 6, 7, 8, 9, 10, 11, 12, 13, 14, 15, 16, 17, 18, 19, 20, 21, 22, 23, 24, 25, 26, 27, 28, 29, 30, 31, 32, 33, 34, 35, 36, 37, 38, 39, 40, 41, 42, 43, 44, 45, 46, 47, 48, 49, 50, 51, 52, 53, 54, 55, 56, 57, 58, 59, 60, 61, 62, 63, 64, 65, 66, 67, 68, 69, 70, 71, 72, 73, 74, 75, 76, 77, 78, 79, 80, 81, 82, 83, 84, 85, 86, 87, 88, 89, 90, 91, 92, 93, 94, 95, 96, 97, 98, 99, 100, 101, 102, 103, 104, 105], 1:[], 2:[], 3:[], 4:[], 5:[], 6:[], 7:[], 8:[], 9:[], 10:[], 11:[], 12:[], 13:[], 14:[], 15:[], 16:[], 17:[], 18:[], 19:[], 20:[], 21:[], 22:[], 23:[], 24:[], 25:[], 26:[], 27:[], 28:[], 29:[], 30:[], 31:[], 32:[], 33:[], 34:[], 35:[], 36:[], 37:[], 38:[], 39:[], 40:[], 41:[], 42:[], 43:[], 44:[], 45:[], 46:[], 47:[], 48:[], 49:[], 50:[], 51:[], 52:[], 53:[], 54:[], 55:[], 56:[], 57:[], 58:[], 59:[], 60:[], 61:[], 62:[], 63:[], 64:[], 65:[], 66:[], 67:[], 68:[], 69:[], 70:[], 71:[], 72:[], 73:[], 74:[], 75:[], 76:[], 77:[], 78:[], 79:[], 80:[], 81:[], 82:[], 83:[], 84:[], 85:[], 86:[], 87:[], 88:[], 89:[], 90:[], 91:[], 92:[], 93:[], 94:[], 95:[], 96:[], 97:[], 98:[], 99:[], 100:[], 101:[], 102:[], 103:[], 104:[], 105:[]",12841967724,14910763718
2551,3,5984.1504,5841344,87071619,694380714,109.7187,false,106,true,true,true,true,true,false,false,"0:[0, 1, 2, 3, 4, 5, 6, 7, 8, 9, 10, 11, 12, 13, 14, 15, 16, 17, 18, 19, 20, 21, 22, 23, 24, 25, 26, 27, 28, 29, 30, 31, 32, 33, 34, 35, 36, 37, 38, 39, 40, 41, 42, 43, 44, 45, 46, 47, 48, 49, 50, 51, 52, 53, 54, 55, 56, 57, 58, 59, 60, 61, 62, 63, 64, 65, 66, 67, 68, 69, 70, 71, 72, 73, 74, 75, 76, 77, 78, 79, 80, 81, 82, 83, 84, 85, 86, 87, 88, 89, 90, 91, 92, 93, 94, 95, 96, 97, 98, 99, 100, 101, 102, 103, 104, 105], 1:[], 2:[], 3:[], 4:[], 5:[], 6:[], 7:[], 8:[], 9:[], 10:[], 11:[], 12:[], 13:[], 14:[], 15:[], 16:[], 17:[], 18:[], 19:[], 20:[], 21:[], 22:[], 23:[], 24:[], 25:[], 26:[], 27:[], 28:[], 29:[], 30:[], 31:[], 32:[], 33:[], 34:[], 35:[], 36:[], 37:[], 38:[], 39:[], 40:[], 41:[], 42:[], 43:[], 44:[], 45:[], 46:[], 47:[], 48:[], 49:[], 50:[], 51:[], 52:[], 53:[], 54:[], 55:[], 56:[], 57:[], 58:[], 59:[], 60:[], 61:[], 62:[], 63:[], 64:[], 65:[], 66:[], 67:[], 68:[], 69:[], 70:[], 71:[], 72:[], 73:[], 74:[], 75:[], 76:[], 77:[], 78:[], 79:[], 80:[], 81:[], 82:[], 83:[], 84:[], 85:[], 86:[], 87:[], 88:[], 89:[], 90:[], 91:[], 92:[], 93:[], 94:[], 95:[], 96:[], 97:[], 98:[], 99:[], 100:[], 101:[], 102:[], 103:[], 104:[], 105:[]",12858706592,14935054351
2557,2,5667.7289,5882368,87685708,699285773,108.7219,false,107,true,true,true,true,true,false,false,"0:[0, 1, 2, 3, 4, 5, 6, 7, 8, 9, 10, 11, 12, 13, 14, 15, 16, 17, 18, 19, 20, 21, 22, 23, 24, 25, 26, 27, 28, 29, 30, 31, 32, 33, 34, 35, 36, 37, 38, 39, 40, 41, 42, 43, 44, 45, 46, 47, 48, 49, 50, 51, 52, 53, 54, 55, 56, 57, 58, 59, 60, 61, 62, 63, 64, 65, 66, 67, 68, 69, 70, 71, 72, 73, 74, 75, 76, 77, 78, 79, 80, 81, 82, 83, 84, 85, 86, 87, 88, 89, 90, 91, 92, 93, 94, 95, 96, 97, 98, 99, 100, 101, 102, 103, 104, 105, 106], 1:[], 2:[], 3:[], 4:[], 5:[], 6:[], 7:[], 8:[], 9:[], 10:[], 11:[], 12:[], 13:[], 14:[], 15:[], 16:[], 17:[], 18:[], 19:[], 20:[], 21:[], 22:[], 23:[], 24:[], 25:[], 26:[], 27:[], 28:[], 29:[], 30:[], 31:[], 32:[], 33:[], 34:[], 35:[], 36:[], 37:[], 38:[], 39:[], 40:[], 41:[], 42:[], 43:[], 44:[], 45:[], 46:[], 47:[], 48:[], 49:[], 50:[], 51:[], 52:[], 53:[], 54:[], 55:[], 56:[], 57:[], 58:[], 59:[], 60:[], 61:[], 62:[], 63:[], 64:[], 65:[], 66:[], 67:[], 68:[], 69:[], 70:[], 71:[], 72:[], 73:[], 74:[], 75:[], 76:[], 77:[], 78:[], 79:[], 80:[], 81:[], 82:[], 83:[], 84:[], 85:[], 86:[], 87:[], 88:[], 89:[], 90:[], 91:[], 92:[], 93:[], 94:[], 95:[], 96:[], 97:[], 98:[], 99:[], 100:[], 101:[], 102:[], 103:[], 104:[], 105:[], 106:[]",12908982384,15008071404
2579,2,6164.6540,6035084,89962198,717445072,124.4565,false,108,true,true,true,true,true,false,false,"0:[0, 1, 2, 3, 4, 5, 6, 7, 8, 9, 10, 11, 12, 13, 14, 15, 16, 17, 18, 19, 20, 21, 22, 23, 24, 25, 26, 27, 28, 29, 30, 31, 32, 33, 34, 35, 36, 37, 38, 39, 40, 41, 42, 43, 44, 45, 46, 47, 48, 49, 50, 51, 52, 53, 54, 55, 56, 57, 58, 59, 60, 61, 62, 63, 64, 65, 66, 67, 68, 69, 70, 71, 72, 73, 74, 75, 76, 77, 78, 79, 80, 81, 82, 83, 84, 85, 86, 87, 88, 89, 90, 91, 92, 93, 94, 95, 96, 97, 98, 99, 100, 101, 102, 103, 104, 105, 106, 107], 1:[], 2:[], 3:[], 4:[], 5:[], 6:[], 7:[], 8:[], 9:[], 10:[], 11:[], 12:[], 13:[], 14:[], 15:[], 16:[], 17:[], 18:[], 19:[], 20:[], 21:[], 22:[], 23:[], 24:[], 25:[], 26:[], 27:[], 28:[], 29:[], 30:[], 31:[], 32:[], 33:[], 34:[], 35:[], 36:[], 37:[], 38:[], 39:[], 40:[], 41:[], 42:[], 43:[], 44:[], 45:[], 46:[], 47:[], 48:[], 49:[], 50:[], 51:[], 52:[], 53:[], 54:[], 55:[], 56:[], 57:[], 58:[], 59:[], 60:[], 61:[], 62:[], 63:[], 64:[], 65:[], 66:[], 67:[], 68:[], 69:[], 70:[], 71:[], 72:[], 73:[], 74:[], 75:[], 76:[], 77:[], 78:[], 79:[], 80:[], 81:[], 82:[], 83:[], 84:[], 85:[], 86:[], 87:[], 88:[], 89:[], 90:[], 91:[], 92:[], 93:[], 94:[], 95:[], 96:[], 97:[], 98:[], 99:[], 100:[], 101:[], 102:[], 103:[], 104:[], 105:[], 106:[], 107:[]",13095377632,15278544430
2591,7,6094.1120,6119346,91221602,727503563,123.1813,false,107,true,true,true,true,true,false,false,"0:[0, 1, 2, 3, 4, 5, 6, 7, 8, 9, 10, 11, 12, 13, 14, 15, 16, 17, 18, 19, 20, 21, 22, 23, 24, 25, 26, 27, 28, 29, 30, 31, 32, 33, 34, 35, 36, 37, 38, 39, 40, 41, 42, 43, 44, 45, 46, 47, 48, 49, 50, 51, 52, 53, 54, 55, 56, 57, 58, 59, 60, 61, 62, 63, 64, 65, 66, 67, 68, 69, 70, 71, 72, 73, 74, 75, 76, 77, 78, 79, 80, 81, 82, 83, 84, 85, 86, 87, 88, 89, 90, 91, 92, 93, 94, 95, 96, 97, 98, 99, 100, 101, 102, 103, 104, 105, 106], 1:[], 2:[], 3:[], 4:[], 5:[], 6:[], 7:[], 8:[], 9:[], 10:[], 11:[], 12:[], 13:[], 14:[], 15:[], 16:[], 17:[], 18:[], 19:[], 20:[], 21:[], 22:[], 23:[], 24:[], 25:[], 26:[], 27:[], 28:[], 29:[], 30:[], 31:[], 32:[], 33:[], 34:[], 35:[], 36:[], 37:[], 38:[], 39:[], 40:[], 41:[], 42:[], 43:[], 44:[], 45:[], 46:[], 47:[], 48:[], 49:[], 50:[], 51:[], 52:[], 53:[], 54:[], 55:[], 56:[], 57:[], 58:[], 59:[], 60:[], 61:[], 62:[], 63:[], 64:[], 65:[], 66:[], 67:[], 68:[], 69:[], 70:[], 71:[], 72:[], 73:[], 74:[], 75:[], 76:[], 77:[], 78:[], 79:[], 80:[], 81:[], 82:[], 83:[], 84:[], 85:[], 86:[], 87:[], 88:[], 89:[], 90:[], 91:[], 92:[], 93:[], 94:[], 95:[], 96:[], 97:[], 98:[], 99:[], 100:[], 101:[], 102:[], 103:[], 104:[], 105:[], 106:[]",13198489288,15428212850
2593,5,6842.9531,6133212,91432175,729191415,113.1969,false,108,true,true,true,true,true,false,false,"0:[0, 1, 2, 3, 4, 5, 6, 7, 8, 9, 10, 11, 12, 13, 14, 15, 16, 17, 18, 19, 20, 21, 22, 23, 24, 25, 26, 27, 28, 29, 30, 31, 32, 33, 34, 35, 36, 37, 38, 39, 40, 41, 42, 43, 44, 45, 46, 47, 48, 49, 50, 51, 52, 53, 54, 55, 56, 57, 58, 59, 60, 61, 62, 63, 64, 65, 66, 67, 68, 69, 70, 71, 72, 73, 74, 75, 76, 77, 78, 79, 80, 81, 82, 83, 84, 85, 86, 87, 88, 89, 90, 91, 92, 93, 94, 95, 96, 97, 98, 99, 100, 101, 102, 103, 104, 105, 106, 107], 1:[], 2:[], 3:[], 4:[], 5:[], 6:[], 7:[], 8:[], 9:[], 10:[], 11:[], 12:[], 13:[], 14:[], 15:[], 16:[], 17:[], 18:[], 19:[], 20:[], 21:[], 22:[], 23:[], 24:[], 25:[], 26:[], 27:[], 28:[], 29:[], 30:[], 31:[], 32:[], 33:[], 34:[], 35:[], 36:[], 37:[], 38:[], 39:[], 40:[], 41:[], 42:[], 43:[], 44:[], 45:[], 46:[], 47:[], 48:[], 49:[], 50:[], 51:[], 52:[], 53:[], 54:[], 55:[], 56:[], 57:[], 58:[], 59:[], 60:[], 61:[], 62:[], 63:[], 64:[], 65:[], 66:[], 67:[], 68:[], 69:[], 70:[], 71:[], 72:[], 73:[], 74:[], 75:[], 76:[], 77:[], 78:[], 79:[], 80:[], 81:[], 82:[], 83:[], 84:[], 85:[], 86:[], 87:[], 88:[], 89:[], 90:[], 91:[], 92:[], 93:[], 94:[], 95:[], 96:[], 97:[], 98:[], 99:[], 100:[], 101:[], 102:[], 103:[], 104:[], 105:[], 106:[], 107:[]",13215723376,15453306683
2609,3,7855.7418,6247096,93131214,742751076,118.1652,false,109,true,true,true,true,true,false,false,"0:[0, 1, 2, 3, 4, 5, 6, 7, 8, 9, 10, 11, 12, 13, 14, 15, 16, 17, 18, 19, 20, 21, 22, 23, 24, 25, 26, 27, 28, 29, 30, 31, 32, 33, 34, 35, 36, 37, 38, 39, 40, 41, 42, 43, 44, 45, 46, 47, 48, 49, 50, 51, 52, 53, 54, 55, 56, 57, 58, 59, 60, 61, 62, 63, 64, 65, 66, 67, 68, 69, 70, 71, 72, 73, 74, 75, 76, 77, 78, 79, 80, 81, 82, 83, 84, 85, 86, 87, 88, 89, 90, 91, 92, 93, 94, 95, 96, 97, 98, 99, 100, 101, 102, 103, 104, 105, 106, 107, 108], 1:[], 2:[], 3:[], 4:[], 5:[], 6:[], 7:[], 8:[], 9:[], 10:[], 11:[], 12:[], 13:[], 14:[], 15:[], 16:[], 17:[], 18:[], 19:[], 20:[], 21:[], 22:[], 23:[], 24:[], 25:[], 26:[], 27:[], 28:[], 29:[], 30:[], 31:[], 32:[], 33:[], 34:[], 35:[], 36:[], 37:[], 38:[], 39:[], 40:[], 41:[], 42:[], 43:[], 44:[], 45:[], 46:[], 47:[], 48:[], 49:[], 50:[], 51:[], 52:[], 53:[], 54:[], 55:[], 56:[], 57:[], 58:[], 59:[], 60:[], 61:[], 62:[], 63:[], 64:[], 65:[], 66:[], 67:[], 68:[], 69:[], 70:[], 71:[], 72:[], 73:[], 74:[], 75:[], 76:[], 77:[], 78:[], 79:[], 80:[], 81:[], 82:[], 83:[], 84:[], 85:[], 86:[], 87:[], 88:[], 89:[], 90:[], 91:[], 92:[], 93:[], 94:[], 95:[], 96:[], 97:[], 98:[], 99:[], 100:[], 101:[], 102:[], 103:[], 104:[], 105:[], 106:[], 107:[], 108:[]",13354835248,15655191542
2617,5,8107.7756,6304342,93988693,749601902,126.1061,false,109,true,true,true,true,true,false,false,"0:[0, 1, 2, 3, 4, 5, 6, 7, 8, 9, 10, 11, 12, 13, 14, 15, 16, 17, 18, 19, 20, 21, 22, 23, 24, 25, 26, 27, 28, 29, 30, 31, 32, 33, 34, 35, 36, 37, 38, 39, 40, 41, 42, 43, 44, 45, 46, 47, 48, 49, 50, 51, 52, 53, 54, 55, 56, 57, 58, 59, 60, 61, 62, 63, 64, 65, 66, 67, 68, 69, 70, 71, 72, 73, 74, 75, 76, 77, 78, 79, 80, 81, 82, 83, 84, 85, 86, 87, 88, 89, 90, 91, 92, 93, 94, 95, 96, 97, 98, 99, 100, 101, 102, 103, 104, 105, 106, 107, 108], 1:[], 2:[], 3:[], 4:[], 5:[], 6:[], 7:[], 8:[], 9:[], 10:[], 11:[], 12:[], 13:[], 14:[], 15:[], 16:[], 17:[], 18:[], 19:[], 20:[], 21:[], 22:[], 23:[], 24:[], 25:[], 26:[], 27:[], 28:[], 29:[], 30:[], 31:[], 32:[], 33:[], 34:[], 35:[], 36:[], 37:[], 38:[], 39:[], 40:[], 41:[], 42:[], 43:[], 44:[], 45:[], 46:[], 47:[], 48:[], 49:[], 50:[], 51:[], 52:[], 53:[], 54:[], 55:[], 56:[], 57:[], 58:[], 59:[], 60:[], 61:[], 62:[], 63:[], 64:[], 65:[], 66:[], 67:[], 68:[], 69:[], 70:[], 71:[], 72:[], 73:[], 74:[], 75:[], 76:[], 77:[], 78:[], 79:[], 80:[], 81:[], 82:[], 83:[], 84:[], 85:[], 86:[], 87:[], 88:[], 89:[], 90:[], 91:[], 92:[], 93:[], 94:[], 95:[], 96:[], 97:[], 98:[], 99:[], 100:[], 101:[], 102:[], 103:[], 104:[], 105:[], 106:[], 107:[], 108:[]",13425036456,15757127057
2621,2,6813.1853,6333316,94419345,753035688,122.3827,false,109,true,true,true,true,true,false,false,"0:[0, 1, 2, 3, 4, 5, 6, 7, 8, 9, 10, 11, 12, 13, 14, 15, 16, 17, 18, 19, 20, 21, 22, 23, 24, 25, 26, 27, 28, 29, 30, 31, 32, 33, 34, 35, 36, 37, 38, 39, 40, 41, 42, 43, 44, 45, 46, 47, 48, 49, 50, 51, 52, 53, 54, 55, 56, 57, 58, 59, 60, 61, 62, 63, 64, 65, 66, 67, 68, 69, 70, 71, 72, 73, 74, 75, 76, 77, 78, 79, 80, 81, 82, 83, 84, 85, 86, 87, 88, 89, 90, 91, 92, 93, 94, 95, 96, 97, 98, 99, 100, 101, 102, 103, 104, 105, 106, 107, 108], 1:[], 2:[], 3:[], 4:[], 5:[], 6:[], 7:[], 8:[], 9:[], 10:[], 11:[], 12:[], 13:[], 14:[], 15:[], 16:[], 17:[], 18:[], 19:[], 20:[], 21:[], 22:[], 23:[], 24:[], 25:[], 26:[], 27:[], 28:[], 29:[], 30:[], 31:[], 32:[], 33:[], 34:[], 35:[], 36:[], 37:[], 38:[], 39:[], 40:[], 41:[], 42:[], 43:[], 44:[], 45:[], 46:[], 47:[], 48:[], 49:[], 50:[], 51:[], 52:[], 53:[], 54:[], 55:[], 56:[], 57:[], 58:[], 59:[], 60:[], 61:[], 62:[], 63:[], 64:[], 65:[], 66:[], 67:[], 68:[], 69:[], 70:[], 71:[], 72:[], 73:[], 74:[], 75:[], 76:[], 77:[], 78:[], 79:[], 80:[], 81:[], 82:[], 83:[], 84:[], 85:[], 86:[], 87:[], 88:[], 89:[], 90:[], 91:[], 92:[], 93:[], 94:[], 95:[], 96:[], 97:[], 98:[], 99:[], 100:[], 101:[], 102:[], 103:[], 104:[], 105:[], 106:[], 107:[], 108:[]",13460299888,15808275493
2633,3,6868.3040,6420326,95721185,763441045,133.4503,false,109,true,true,true,true,true,false,false,"0:[0, 1, 2, 3, 4, 5, 6, 7, 8, 9, 10, 11, 12, 13, 14, 15, 16, 17, 18, 19, 20, 21, 22, 23, 24, 25, 26, 27, 28, 29, 30, 31, 32, 33, 34, 35, 36, 37, 38, 39, 40, 41, 42, 43, 44, 45, 46, 47, 48, 49, 50, 51, 52, 53, 54, 55, 56, 57, 58, 59, 60, 61, 62, 63, 64, 65, 66, 67, 68, 69, 70, 71, 72, 73, 74, 75, 76, 77, 78, 79, 80, 81, 82, 83, 84, 85, 86, 87, 88, 89, 90, 91, 92, 93, 94, 95, 96, 97, 98, 99, 100, 101, 102, 103, 104, 105, 106, 107, 108], 1:[], 2:[], 3:[], 4:[], 5:[], 6:[], 7:[], 8:[], 9:[], 10:[], 11:[], 12:[], 13:[], 14:[], 15:[], 16:[], 17:[], 18:[], 19:[], 20:[], 21:[], 22:[], 23:[], 24:[], 25:[], 26:[], 27:[], 28:[], 29:[], 30:[], 31:[], 32:[], 33:[], 34:[], 35:[], 36:[], 37:[], 38:[], 39:[], 40:[], 41:[], 42:[], 43:[], 44:[], 45:[], 46:[], 47:[], 48:[], 49:[], 50:[], 51:[], 52:[], 53:[], 54:[], 55:[], 56:[], 57:[], 58:[], 59:[], 60:[], 61:[], 62:[], 63:[], 64:[], 65:[], 66:[], 67:[], 68:[], 69:[], 70:[], 71:[], 72:[], 73:[], 74:[], 75:[], 76:[], 77:[], 78:[], 79:[], 80:[], 81:[], 82:[], 83:[], 84:[], 85:[], 86:[], 87:[], 88:[], 89:[], 90:[], 91:[], 92:[], 93:[], 94:[], 95:[], 96:[], 97:[], 98:[], 99:[], 100:[], 101:[], 102:[], 103:[], 104:[], 105:[], 106:[], 107:[], 108:[]",13566883368,15962985165
2647,3,6333.5142,6522804,97251078,775645478,136.7853,false,111,true,true,true,true,true,false,false,"0:[0, 1, 2, 3, 4, 5, 6, 7, 8, 9, 10, 11, 12, 13, 14, 15, 16, 17, 18, 19, 20, 21, 22, 23, 24, 25, 26, 27, 28, 29, 30, 31, 32, 33, 34, 35, 36, 37, 38, 39, 40, 41, 42, 43, 44, 45, 46, 47, 48, 49, 50, 51, 52, 53, 54, 55, 56, 57, 58, 59, 60, 61, 62, 63, 64, 65, 66, 67, 68, 69, 70, 71, 72, 73, 74, 75, 76, 77, 78, 79, 80, 81, 82, 83, 84, 85, 86, 87, 88, 89, 90, 91, 92, 93, 94, 95, 96, 97, 98, 99, 100, 101, 102, 103, 104, 105, 106, 107, 108, 109, 110], 1:[], 2:[], 3:[], 4:[], 5:[], 6:[], 7:[], 8:[], 9:[], 10:[], 11:[], 12:[], 13:[], 14:[], 15:[], 16:[], 17:[], 18:[], 19:[], 20:[], 21:[], 22:[], 23:[], 24:[], 25:[], 26:[], 27:[], 28:[], 29:[], 30:[], 31:[], 32:[], 33:[], 34:[], 35:[], 36:[], 37:[], 38:[], 39:[], 40:[], 41:[], 42:[], 43:[], 44:[], 45:[], 46:[], 47:[], 48:[], 49:[], 50:[], 51:[], 52:[], 53:[], 54:[], 55:[], 56:[], 57:[], 58:[], 59:[], 60:[], 61:[], 62:[], 63:[], 64:[], 65:[], 66:[], 67:[], 68:[], 69:[], 70:[], 71:[], 72:[], 73:[], 74:[], 75:[], 76:[], 77:[], 78:[], 79:[], 80:[], 81:[], 82:[], 83:[], 84:[], 85:[], 86:[], 87:[], 88:[], 89:[], 90:[], 91:[], 92:[], 93:[], 94:[], 95:[], 96:[], 97:[], 98:[], 99:[], 100:[], 101:[], 102:[], 103:[], 104:[], 105:[], 106:[], 107:[], 108:[], 109:[], 110:[]",13692144192,16144795390
2657,3,7330.2534,6596730,98356625,784482176,139.1980,false,110,true,true,true,true,true,false,false,"0:[0, 1, 2, 3, 4, 5, 6, 7, 8, 9, 10, 11, 12, 13, 14, 15, 16, 17, 18, 19, 20, 21, 22, 23, 24, 25, 26, 27, 28, 29, 30, 31, 32, 33, 34, 35, 36, 37, 38, 39, 40, 41, 42, 43, 44, 45, 46, 47, 48, 49, 50, 51, 52, 53, 54, 55, 56, 57, 58, 59, 60, 61, 62, 63, 64, 65, 66, 67, 68, 69, 70, 71, 72, 73, 74, 75, 76, 77, 78, 79, 80, 81, 82, 83, 84, 85, 86, 87, 88, 89, 90, 91, 92, 93, 94, 95, 96, 97, 98, 99, 100, 101, 102, 103, 104, 105, 106, 107, 108, 109], 1:[], 2:[], 3:[], 4:[], 5:[], 6:[], 7:[], 8:[], 9:[], 10:[], 11:[], 12:[], 13:[], 14:[], 15:[], 16:[], 17:[], 18:[], 19:[], 20:[], 21:[], 22:[], 23:[], 24:[], 25:[], 26:[], 27:[], 28:[], 29:[], 30:[], 31:[], 32:[], 33:[], 34:[], 35:[], 36:[], 37:[], 38:[], 39:[], 40:[], 41:[], 42:[], 43:[], 44:[], 45:[], 46:[], 47:[], 48:[], 49:[], 50:[], 51:[], 52:[], 53:[], 54:[], 55:[], 56:[], 57:[], 58:[], 59:[], 60:[], 61:[], 62:[], 63:[], 64:[], 65:[], 66:[], 67:[], 68:[], 69:[], 70:[], 71:[], 72:[], 73:[], 74:[], 75:[], 76:[], 77:[], 78:[], 79:[], 80:[], 81:[], 82:[], 83:[], 84:[], 85:[], 86:[], 87:[], 88:[], 89:[], 90:[], 91:[], 92:[], 93:[], 94:[], 95:[], 96:[], 97:[], 98:[], 99:[], 100:[], 101:[], 102:[], 103:[], 104:[], 105:[], 106:[], 107:[], 108:[], 109:[]",13782657880,16276185517
2659,2,6058.2089,6611538,98577389,786238489,123.7078,false,111,true,true,true,true,true,false,false,"0:[0, 1, 2, 3, 4, 5, 6, 7, 8, 9, 10, 11, 12, 13, 14, 15, 16, 17, 18, 19, 20, 21, 22, 23, 24, 25, 26, 27, 28, 29, 30, 31, 32, 33, 34, 35, 36, 37, 38, 39, 40, 41, 42, 43, 44, 45, 46, 47, 48, 49, 50, 51, 52, 53, 54, 55, 56, 57, 58, 59, 60, 61, 62, 63, 64, 65, 66, 67, 68, 69, 70, 71, 72, 73, 74, 75, 76, 77, 78, 79, 80, 81, 82, 83, 84, 85, 86, 87, 88, 89, 90, 91, 92, 93, 94, 95, 96, 97, 98, 99, 100, 101, 102, 103, 104, 105, 106, 107, 108, 109, 110], 1:[], 2:[], 3:[], 4:[], 5:[], 6:[], 7:[], 8:[], 9:[], 10:[], 11:[], 12:[], 13:[], 14:[], 15:[], 16:[], 17:[], 18:[], 19:[], 20:[], 21:[], 22:[], 23:[], 24:[], 25:[], 26:[], 27:[], 28:[], 29:[], 30:[], 31:[], 32:[], 33:[], 34:[], 35:[], 36:[], 37:[], 38:[], 39:[], 40:[], 41:[], 42:[], 43:[], 44:[], 45:[], 46:[], 47:[], 48:[], 49:[], 50:[], 51:[], 52:[], 53:[], 54:[], 55:[], 56:[], 57:[], 58:[], 59:[], 60:[], 61:[], 62:[], 63:[], 64:[], 65:[], 66:[], 67:[], 68:[], 69:[], 70:[], 71:[], 72:[], 73:[], 74:[], 75:[], 76:[], 77:[], 78:[], 79:[], 80:[], 81:[], 82:[], 83:[], 84:[], 85:[], 86:[], 87:[], 88:[], 89:[], 90:[], 91:[], 92:[], 93:[], 94:[], 95:[], 96:[], 97:[], 98:[], 99:[], 100:[], 101:[], 102:[], 103:[], 104:[], 105:[], 106:[], 107:[], 108:[], 109:[], 110:[]",13800733624,16302415065
2663,5,6616.9854,6641442,99021918,789783023,141.3240,false,111,true,true,true,true,true,false,false,"0:[0, 1, 2, 3, 4, 5, 6, 7, 8, 9, 10, 11, 12, 13, 14, 15, 16, 17, 18, 19, 20, 21, 22, 23, 24, 25, 26, 27, 28, 29, 30, 31, 32, 33, 34, 35, 36, 37, 38, 39, 40, 41, 42, 43, 44, 45, 46, 47, 48, 49, 50, 51, 52, 53, 54, 55, 56, 57, 58, 59, 60, 61, 62, 63, 64, 65, 66, 67, 68, 69, 70, 71, 72, 73, 74, 75, 76, 77, 78, 79, 80, 81, 82, 83, 84, 85, 86, 87, 88, 89, 90, 91, 92, 93, 94, 95, 96, 97, 98, 99, 100, 101, 102, 103, 104, 105, 106, 107, 108, 109, 110], 1:[], 2:[], 3:[], 4:[], 5:[], 6:[], 7:[], 8:[], 9:[], 10:[], 11:[], 12:[], 13:[], 14:[], 15:[], 16:[], 17:[], 18:[], 19:[], 20:[], 21:[], 22:[], 23:[], 24:[], 25:[], 26:[], 27:[], 28:[], 29:[], 30:[], 31:[], 32:[], 33:[], 34:[], 35:[], 36:[], 37:[], 38:[], 39:[], 40:[], 41:[], 42:[], 43:[], 44:[], 45:[], 46:[], 47:[], 48:[], 49:[], 50:[], 51:[], 52:[], 53:[], 54:[], 55:[], 56:[], 57:[], 58:[], 59:[], 60:[], 61:[], 62:[], 63:[], 64:[], 65:[], 66:[], 67:[], 68:[], 69:[], 70:[], 71:[], 72:[], 73:[], 74:[], 75:[], 76:[], 77:[], 78:[], 79:[], 80:[], 81:[], 82:[], 83:[], 84:[], 85:[], 86:[], 87:[], 88:[], 89:[], 90:[], 91:[], 92:[], 93:[], 94:[], 95:[], 96:[], 97:[], 98:[], 99:[], 100:[], 101:[], 102:[], 103:[], 104:[], 105:[], 106:[], 107:[], 108:[], 109:[], 110:[]",13837133256,16355212158
2671,3,6945.3608,6701072,99915683,796927141,182.2220,false,111,true,true,true,true,true,false,false,"0:[0, 1, 2, 3, 4, 5, 6, 7, 8, 9, 10, 11, 12, 13, 14, 15, 16, 17, 18, 19, 20, 21, 22, 23, 24, 25, 26, 27, 28, 29, 30, 31, 32, 33, 34, 35, 36, 37, 38, 39, 40, 41, 42, 43, 44, 45, 46, 47, 48, 49, 50, 51, 52, 53, 54, 55, 56, 57, 58, 59, 60, 61, 62, 63, 64, 65, 66, 67, 68, 69, 70, 71, 72, 73, 74, 75, 76, 77, 78, 79, 80, 81, 82, 83, 84, 85, 86, 87, 88, 89, 90, 91, 92, 93, 94, 95, 96, 97, 98, 99, 100, 101, 102, 103, 104, 105, 106, 107, 108, 109, 110], 1:[], 2:[], 3:[], 4:[], 5:[], 6:[], 7:[], 8:[], 9:[], 10:[], 11:[], 12:[], 13:[], 14:[], 15:[], 16:[], 17:[], 18:[], 19:[], 20:[], 21:[], 22:[], 23:[], 24:[], 25:[], 26:[], 27:[], 28:[], 29:[], 30:[], 31:[], 32:[], 33:[], 34:[], 35:[], 36:[], 37:[], 38:[], 39:[], 40:[], 41:[], 42:[], 43:[], 44:[], 45:[], 46:[], 47:[], 48:[], 49:[], 50:[], 51:[], 52:[], 53:[], 54:[], 55:[], 56:[], 57:[], 58:[], 59:[], 60:[], 61:[], 62:[], 63:[], 64:[], 65:[], 66:[], 67:[], 68:[], 69:[], 70:[], 71:[], 72:[], 73:[], 74:[], 75:[], 76:[], 77:[], 78:[], 79:[], 80:[], 81:[], 82:[], 83:[], 84:[], 85:[], 86:[], 87:[], 88:[], 89:[], 90:[], 91:[], 92:[], 93:[], 94:[], 95:[], 96:[], 97:[], 98:[], 99:[], 100:[], 101:[], 102:[], 103:[], 104:[], 105:[], 106:[], 107:[], 108:[], 109:[], 110:[]",13910304096,16461459183
2677,2,6468.0424,6746029,100587385,802284935,129.7504,false,112,true,true,true,true,true,false,false,"0:[0, 1, 2, 3, 4, 5, 6, 7, 8, 9, 10, 11, 12, 13, 14, 15, 16, 17, 18, 19, 20, 21, 22, 23, 24, 25, 26, 27, 28, 29, 30, 31, 32, 33, 34, 35, 36, 37, 38, 39, 40, 41, 42, 43, 44, 45, 46, 47, 48, 49, 50, 51, 52, 53, 54, 55, 56, 57, 58, 59, 60, 61, 62, 63, 64, 65, 66, 67, 68, 69, 70, 71, 72, 73, 74, 75, 76, 77, 78, 79, 80, 81, 82, 83, 84, 85, 86, 87, 88, 89, 90, 91, 92, 93, 94, 95, 96, 97, 98, 99, 100, 101, 102, 103, 104, 105, 106, 107, 108, 109, 110, 111], 1:[], 2:[], 3:[], 4:[], 5:[], 6:[], 7:[], 8:[], 9:[], 10:[], 11:[], 12:[], 13:[], 14:[], 15:[], 16:[], 17:[], 18:[], 19:[], 20:[], 21:[], 22:[], 23:[], 24:[], 25:[], 26:[], 27:[], 28:[], 29:[], 30:[], 31:[], 32:[], 33:[], 34:[], 35:[], 36:[], 37:[], 38:[], 39:[], 40:[], 41:[], 42:[], 43:[], 44:[], 45:[], 46:[], 47:[], 48:[], 49:[], 50:[], 51:[], 52:[], 53:[], 54:[], 55:[], 56:[], 57:[], 58:[], 59:[], 60:[], 61:[], 62:[], 63:[], 64:[], 65:[], 66:[], 67:[], 68:[], 69:[], 70:[], 71:[], 72:[], 73:[], 74:[], 75:[], 76:[], 77:[], 78:[], 79:[], 80:[], 81:[], 82:[], 83:[], 84:[], 85:[], 86:[], 87:[], 88:[], 89:[], 90:[], 91:[], 92:[], 93:[], 94:[], 95:[], 96:[], 97:[], 98:[], 99:[], 100:[], 101:[], 102:[], 103:[], 104:[], 105:[], 106:[], 107:[], 108:[], 109:[], 110:[], 111:[]",13965299052,16541327785
2683,2,6376.6606,6791411,101264125,807685698,127.9452,false,111,true,true,true,true,true,false,false,"0:[0, 1, 2, 3, 4, 5, 6, 7, 8, 9, 10, 11, 12, 13, 14, 15, 16, 17, 18, 19, 20, 21, 22, 23, 24, 25, 26, 27, 28, 29, 30, 31, 32, 33, 34, 35, 36, 37, 38, 39, 40, 41, 42, 43, 44, 45, 46, 47, 48, 49, 50, 51, 52, 53, 54, 55, 56, 57, 58, 59, 60, 61, 62, 63, 64, 65, 66, 67, 68, 69, 70, 71, 72, 73, 74, 75, 76, 77, 78, 79, 80, 81, 82, 83, 84, 85, 86, 87, 88, 89, 90, 91, 92, 93, 94, 95, 96, 97, 98, 99, 100, 101, 102, 103, 104, 105, 106, 107, 108, 109, 110], 1:[], 2:[], 3:[], 4:[], 5:[], 6:[], 7:[], 8:[], 9:[], 10:[], 11:[], 12:[], 13:[], 14:[], 15:[], 16:[], 17:[], 18:[], 19:[], 20:[], 21:[], 22:[], 23:[], 24:[], 25:[], 26:[], 27:[], 28:[], 29:[], 30:[], 31:[], 32:[], 33:[], 34:[], 35:[], 36:[], 37:[], 38:[], 39:[], 40:[], 41:[], 42:[], 43:[], 44:[], 45:[], 46:[], 47:[], 48:[], 49:[], 50:[], 51:[], 52:[], 53:[], 54:[], 55:[], 56:[], 57:[], 58:[], 59:[], 60:[], 61:[], 62:[], 63:[], 64:[], 65:[], 66:[], 67:[], 68:[], 69:[], 70:[], 71:[], 72:[], 73:[], 74:[], 75:[], 76:[], 77:[], 78:[], 79:[], 80:[], 81:[], 82:[], 83:[], 84:[], 85:[], 86:[], 87:[], 88:[], 89:[], 90:[], 91:[], 92:[], 93:[], 94:[], 95:[], 96:[], 97:[], 98:[], 99:[], 100:[], 101:[], 102:[], 103:[], 104:[], 105:[], 106:[], 107:[], 108:[], 109:[], 110:[]",14020708948,16621713413
2687,5,7858.7182,6821854,101717274,811302511,127.2365,false,112,true,true,true,true,true,false,false,"0:[0, 1, 2, 3, 4, 5, 6, 7, 8, 9, 10, 11, 12, 13, 14, 15, 16, 17, 18, 19, 20, 21, 22, 23, 24, 25, 26, 27, 28, 29, 30, 31, 32, 33, 34, 35, 36, 37, 38, 39, 40, 41, 42, 43, 44, 45, 46, 47, 48, 49, 50, 51, 52, 53, 54, 55, 56, 57, 58, 59, 60, 61, 62, 63, 64, 65, 66, 67, 68, 69, 70, 71, 72, 73, 74, 75, 76, 77, 78, 79, 80, 81, 82, 83, 84, 85, 86, 87, 88, 89, 90, 91, 92, 93, 94, 95, 96, 97, 98, 99, 100, 101, 102, 103, 104, 105, 106, 107, 108, 109, 110, 111], 1:[], 2:[], 3:[], 4:[], 5:[], 6:[], 7:[], 8:[], 9:[], 10:[], 11:[], 12:[], 13:[], 14:[], 15:[], 16:[], 17:[], 18:[], 19:[], 20:[], 21:[], 22:[], 23:[], 24:[], 25:[], 26:[], 27:[], 28:[], 29:[], 30:[], 31:[], 32:[], 33:[], 34:[], 35:[], 36:[], 37:[], 38:[], 39:[], 40:[], 41:[], 42:[], 43:[], 44:[], 45:[], 46:[], 47:[], 48:[], 49:[], 50:[], 51:[], 52:[], 53:[], 54:[], 55:[], 56:[], 57:[], 58:[], 59:[], 60:[], 61:[], 62:[], 63:[], 64:[], 65:[], 66:[], 67:[], 68:[], 69:[], 70:[], 71:[], 72:[], 73:[], 74:[], 75:[], 76:[], 77:[], 78:[], 79:[], 80:[], 81:[], 82:[], 83:[], 84:[], 85:[], 86:[], 87:[], 88:[], 89:[], 90:[], 91:[], 92:[], 93:[], 94:[], 95:[], 96:[], 97:[], 98:[], 99:[], 100:[], 101:[], 102:[], 103:[], 104:[], 105:[], 106:[], 107:[], 108:[], 109:[], 110:[], 111:[]",14057813272,16675532890
2689,13,8750.4664,6836772,101945155,813137588,129.5222,false,113,true,true,true,true,true,false,false,"0:[0, 1, 2, 3, 4, 5, 6, 7, 8, 9, 10, 11, 12, 13, 14, 15, 16, 17, 18, 19, 20, 21, 22, 23, 24, 25, 26, 27, 28, 29, 30, 31, 32, 33, 34, 35, 36, 37, 38, 39, 40, 41, 42, 43, 44, 45, 46, 47, 48, 49, 50, 51, 52, 53, 54, 55, 56, 57, 58, 59, 60, 61, 62, 63, 64, 65, 66, 67, 68, 69, 70, 71, 72, 73, 74, 75, 76, 77, 78, 79, 80, 81, 82, 83, 84, 85, 86, 87, 88, 89, 90, 91, 92, 93, 94, 95, 96, 97, 98, 99, 100, 101, 102, 103, 104, 105, 106, 107, 108, 109, 110, 111, 112], 1:[], 2:[], 3:[], 4:[], 5:[], 6:[], 7:[], 8:[], 9:[], 10:[], 11:[], 12:[], 13:[], 14:[], 15:[], 16:[], 17:[], 18:[], 19:[], 20:[], 21:[], 22:[], 23:[], 24:[], 25:[], 26:[], 27:[], 28:[], 29:[], 30:[], 31:[], 32:[], 33:[], 34:[], 35:[], 36:[], 37:[], 38:[], 39:[], 40:[], 41:[], 42:[], 43:[], 44:[], 45:[], 46:[], 47:[], 48:[], 49:[], 50:[], 51:[], 52:[], 53:[], 54:[], 55:[], 56:[], 57:[], 58:[], 59:[], 60:[], 61:[], 62:[], 63:[], 64:[], 65:[], 66:[], 67:[], 68:[], 69:[], 70:[], 71:[], 72:[], 73:[], 74:[], 75:[], 76:[], 77:[], 78:[], 79:[], 80:[], 81:[], 82:[], 83:[], 84:[], 85:[], 86:[], 87:[], 88:[], 89:[], 90:[], 91:[], 92:[], 93:[], 94:[], 95:[], 96:[], 97:[], 98:[], 99:[], 100:[], 101:[], 102:[], 103:[], 104:[], 105:[], 106:[], 107:[], 108:[], 109:[], 110:[], 111:[], 112:[]",14076461456,16702684895
2693,2,6553.7360,6867349,102399112,816753710,188.5699,false,113,true,true,true,true,true,false,false,"0:[0, 1, 2, 3, 4, 5, 6, 7, 8, 9, 10, 11, 12, 13, 14, 15, 16, 17, 18, 19, 20, 21, 22, 23, 24, 25, 26, 27, 28, 29, 30, 31, 32, 33, 34, 35, 36, 37, 38, 39, 40, 41, 42, 43, 44, 45, 46, 47, 48, 49, 50, 51, 52, 53, 54, 55, 56, 57, 58, 59, 60, 61, 62, 63, 64, 65, 66, 67, 68, 69, 70, 71, 72, 73, 74, 75, 76, 77, 78, 79, 80, 81, 82, 83, 84, 85, 86, 87, 88, 89, 90, 91, 92, 93, 94, 95, 96, 97, 98, 99, 100, 101, 102, 103, 104, 105, 106, 107, 108, 109, 110, 111, 112], 1:[], 2:[], 3:[], 4:[], 5:[], 6:[], 7:[], 8:[], 9:[], 10:[], 11:[], 12:[], 13:[], 14:[], 15:[], 16:[], 17:[], 18:[], 19:[], 20:[], 21:[], 22:[], 23:[], 24:[], 25:[], 26:[], 27:[], 28:[], 29:[], 30:[], 31:[], 32:[], 33:[], 34:[], 35:[], 36:[], 37:[], 38:[], 39:[], 40:[], 41:[], 42:[], 43:[], 44:[], 45:[], 46:[], 47:[], 48:[], 49:[], 50:[], 51:[], 52:[], 53:[], 54:[], 55:[], 56:[], 57:[], 58:[], 59:[], 60:[], 61:[], 62:[], 63:[], 64:[], 65:[], 66:[], 67:[], 68:[], 69:[], 70:[], 71:[], 72:[], 73:[], 74:[], 75:[], 76:[], 77:[], 78:[], 79:[], 80:[], 81:[], 82:[], 83:[], 84:[], 85:[], 86:[], 87:[], 88:[], 89:[], 90:[], 91:[], 92:[], 93:[], 94:[], 95:[], 96:[], 97:[], 98:[], 99:[], 100:[], 101:[], 102:[], 103:[], 104:[], 105:[], 106:[], 107:[], 108:[], 109:[], 110:[], 111:[], 112:[]",14113634172,16756603812
2699,2,6357.5950,6913273,103082522,822199207,130.6371,false,113,true,true,true,true,true,false,false,"0:[0, 1, 2, 3, 4, 5, 6, 7, 8, 9, 10, 11, 12, 13, 14, 15, 16, 17, 18, 19, 20, 21, 22, 23, 24, 25, 26, 27, 28, 29, 30, 31, 32, 33, 34, 35, 36, 37, 38, 39, 40, 41, 42, 43, 44, 45, 46, 47, 48, 49, 50, 51, 52, 53, 54, 55, 56, 57, 58, 59, 60, 61, 62, 63, 64, 65, 66, 67, 68, 69, 70, 71, 72, 73, 74, 75, 76, 77, 78, 79, 80, 81, 82, 83, 84, 85, 86, 87, 88, 89, 90, 91, 92, 93, 94, 95, 96, 97, 98, 99, 100, 101, 102, 103, 104, 105, 106, 107, 108, 109, 110, 111, 112], 1:[], 2:[], 3:[], 4:[], 5:[], 6:[], 7:[], 8:[], 9:[], 10:[], 11:[], 12:[], 13:[], 14:[], 15:[], 16:[], 17:[], 18:[], 19:[], 20:[], 21:[], 22:[], 23:[], 24:[], 25:[], 26:[], 27:[], 28:[], 29:[], 30:[], 31:[], 32:[], 33:[], 34:[], 35:[], 36:[], 37:[], 38:[], 39:[], 40:[], 41:[], 42:[], 43:[], 44:[], 45:[], 46:[], 47:[], 48:[], 49:[], 50:[], 51:[], 52:[], 53:[], 54:[], 55:[], 56:[], 57:[], 58:[], 59:[], 60:[], 61:[], 62:[], 63:[], 64:[], 65:[], 66:[], 67:[], 68:[], 69:[], 70:[], 71:[], 72:[], 73:[], 74:[], 75:[], 76:[], 77:[], 78:[], 79:[], 80:[], 81:[], 82:[], 83:[], 84:[], 85:[], 86:[], 87:[], 88:[], 89:[], 90:[], 91:[], 92:[], 93:[], 94:[], 95:[], 96:[], 97:[], 98:[], 99:[], 100:[], 101:[], 102:[], 103:[], 104:[], 105:[], 106:[], 107:[], 108:[], 109:[], 110:[], 111:[], 112:[]",14169592844,16837783086
2707,2,6417.6071,6974518,103999140,829517961,148.2563,false,112,true,true,true,true,true,false,false,"0:[0, 1, 2, 3, 4, 5, 6, 7, 8, 9, 10, 11, 12, 13, 14, 15, 16, 17, 18, 19, 20, 21, 22, 23, 24, 25, 26, 27, 28, 29, 30, 31, 32, 33, 34, 35, 36, 37, 38, 39, 40, 41, 42, 43, 44, 45, 46, 47, 48, 49, 50, 51, 52, 53, 54, 55, 56, 57, 58, 59, 60, 61, 62, 63, 64, 65, 66, 67, 68, 69, 70, 71, 72, 73, 74, 75, 76, 77, 78, 79, 80, 81, 82, 83, 84, 85, 86, 87, 88, 89, 90, 91, 92, 93, 94, 95, 96, 97, 98, 99, 100, 101, 102, 103, 104, 105, 106, 107, 108, 109, 110, 111], 1:[], 2:[], 3:[], 4:[], 5:[], 6:[], 7:[], 8:[], 9:[], 10:[], 11:[], 12:[], 13:[], 14:[], 15:[], 16:[], 17:[], 18:[], 19:[], 20:[], 21:[], 22:[], 23:[], 24:[], 25:[], 26:[], 27:[], 28:[], 29:[], 30:[], 31:[], 32:[], 33:[], 34:[], 35:[], 36:[], 37:[], 38:[], 39:[], 40:[], 41:[], 42:[], 43:[], 44:[], 45:[], 46:[], 47:[], 48:[], 49:[], 50:[], 51:[], 52:[], 53:[], 54:[], 55:[], 56:[], 57:[], 58:[], 59:[], 60:[], 61:[], 62:[], 63:[], 64:[], 65:[], 66:[], 67:[], 68:[], 69:[], 70:[], 71:[], 72:[], 73:[], 74:[], 75:[], 76:[], 77:[], 78:[], 79:[], 80:[], 81:[], 82:[], 83:[], 84:[], 85:[], 86:[], 87:[], 88:[], 89:[], 90:[], 91:[], 92:[], 93:[], 94:[], 95:[], 96:[], 97:[], 98:[], 99:[], 100:[], 101:[], 102:[], 103:[], 104:[], 105:[], 106:[], 107:[], 108:[], 109:[], 110:[], 111:[]",14244637144,16946748748
2711,7,7933.2729,7005504,104460530,833201429,134.1872,false,112,true,true,true,true,true,false,false,"0:[0, 1, 2, 3, 4, 5, 6, 7, 8, 9, 10, 11, 12, 13, 14, 15, 16, 17, 18, 19, 20, 21, 22, 23, 24, 25, 26, 27, 28, 29, 30, 31, 32, 33, 34, 35, 36, 37, 38, 39, 40, 41, 42, 43, 44, 45, 46, 47, 48, 49, 50, 51, 52, 53, 54, 55, 56, 57, 58, 59, 60, 61, 62, 63, 64, 65, 66, 67, 68, 69, 70, 71, 72, 73, 74, 75, 76, 77, 78, 79, 80, 81, 82, 83, 84, 85, 86, 87, 88, 89, 90, 91, 92, 93, 94, 95, 96, 97, 98, 99, 100, 101, 102, 103, 104, 105, 106, 107, 108, 109, 110, 111], 1:[], 2:[], 3:[], 4:[], 5:[], 6:[], 7:[], 8:[], 9:[], 10:[], 11:[], 12:[], 13:[], 14:[], 15:[], 16:[], 17:[], 18:[], 19:[], 20:[], 21:[], 22:[], 23:[], 24:[], 25:[], 26:[], 27:[], 28:[], 29:[], 30:[], 31:[], 32:[], 33:[], 34:[], 35:[], 36:[], 37:[], 38:[], 39:[], 40:[], 41:[], 42:[], 43:[], 44:[], 45:[], 46:[], 47:[], 48:[], 49:[], 50:[], 51:[], 52:[], 53:[], 54:[], 55:[], 56:[], 57:[], 58:[], 59:[], 60:[], 61:[], 62:[], 63:[], 64:[], 65:[], 66:[], 67:[], 68:[], 69:[], 70:[], 71:[], 72:[], 73:[], 74:[], 75:[], 76:[], 77:[], 78:[], 79:[], 80:[], 81:[], 82:[], 83:[], 84:[], 85:[], 86:[], 87:[], 88:[], 89:[], 90:[], 91:[], 92:[], 93:[], 94:[], 95:[], 96:[], 97:[], 98:[], 99:[], 100:[], 101:[], 102:[], 103:[], 104:[], 105:[], 106:[], 107:[], 108:[], 109:[], 110:[], 111:[]",14282415952,17001548586
2713,5,8084.0529,7020690,104691761,835059121,143.0300,false,113,true,true,true,true,true,false,false,"0:[0, 1, 2, 3, 4, 5, 6, 7, 8, 9, 10, 11, 12, 13, 14, 15, 16, 17, 18, 19, 20, 21, 22, 23, 24, 25, 26, 27, 28, 29, 30, 31, 32, 33, 34, 35, 36, 37, 38, 39, 40, 41, 42, 43, 44, 45, 46, 47, 48, 49, 50, 51, 52, 53, 54, 55, 56, 57, 58, 59, 60, 61, 62, 63, 64, 65, 66, 67, 68, 69, 70, 71, 72, 73, 74, 75, 76, 77, 78, 79, 80, 81, 82, 83, 84, 85, 86, 87, 88, 89, 90, 91, 92, 93, 94, 95, 96, 97, 98, 99, 100, 101, 102, 103, 104, 105, 106, 107, 108, 109, 110, 111, 112], 1:[], 2:[], 3:[], 4:[], 5:[], 6:[], 7:[], 8:[], 9:[], 10:[], 11:[], 12:[], 13:[], 14:[], 15:[], 16:[], 17:[], 18:[], 19:[], 20:[], 21:[], 22:[], 23:[], 24:[], 25:[], 26:[], 27:[], 28:[], 29:[], 30:[], 31:[], 32:[], 33:[], 34:[], 35:[], 36:[], 37:[], 38:[], 39:[], 40:[], 41:[], 42:[], 43:[], 44:[], 45:[], 46:[], 47:[], 48:[], 49:[], 50:[], 51:[], 52:[], 53:[], 54:[], 55:[], 56:[], 57:[], 58:[], 59:[], 60:[], 61:[], 62:[], 63:[], 64:[], 65:[], 66:[], 67:[], 68:[], 69:[], 70:[], 71:[], 72:[], 73:[], 74:[], 75:[], 76:[], 77:[], 78:[], 79:[], 80:[], 81:[], 82:[], 83:[], 84:[], 85:[], 86:[], 87:[], 88:[], 89:[], 90:[], 91:[], 92:[], 93:[], 94:[], 95:[], 96:[], 97:[], 98:[], 99:[], 100:[], 101:[], 102:[], 103:[], 104:[], 105:[], 106:[], 107:[], 108:[], 109:[], 110:[], 111:[], 112:[]",14301339640,17029100237
2719,3,7161.7368,7067294,105386692,840604840,132.0562,false,113,true,true,true,true,true,false,false,"0:[0, 1, 2, 3, 4, 5, 6, 7, 8, 9, 10, 11, 12, 13, 14, 15, 16, 17, 18, 19, 20, 21, 22, 23, 24, 25, 26, 27, 28, 29, 30, 31, 32, 33, 34, 35, 36, 37, 38, 39, 40, 41, 42, 43, 44, 45, 46, 47, 48, 49, 50, 51, 52, 53, 54, 55, 56, 57, 58, 59, 60, 61, 62, 63, 64, 65, 66, 67, 68, 69, 70, 71, 72, 73, 74, 75, 76, 77, 78, 79, 80, 81, 82, 83, 84, 85, 86, 87, 88, 89, 90, 91, 92, 93, 94, 95, 96, 97, 98, 99, 100, 101, 102, 103, 104, 105, 106, 107, 108, 109, 110, 111, 112], 1:[], 2:[], 3:[], 4:[], 5:[], 6:[], 7:[], 8:[], 9:[], 10:[], 11:[], 12:[], 13:[], 14:[], 15:[], 16:[], 17:[], 18:[], 19:[], 20:[], 21:[], 22:[], 23:[], 24:[], 25:[], 26:[], 27:[], 28:[], 29:[], 30:[], 31:[], 32:[], 33:[], 34:[], 35:[], 36:[], 37:[], 38:[], 39:[], 40:[], 41:[], 42:[], 43:[], 44:[], 45:[], 46:[], 47:[], 48:[], 49:[], 50:[], 51:[], 52:[], 53:[], 54:[], 55:[], 56:[], 57:[], 58:[], 59:[], 60:[], 61:[], 62:[], 63:[], 64:[], 65:[], 66:[], 67:[], 68:[], 69:[], 70:[], 71:[], 72:[], 73:[], 74:[], 75:[], 76:[], 77:[], 78:[], 79:[], 80:[], 81:[], 82:[], 83:[], 84:[], 85:[], 86:[], 87:[], 88:[], 89:[], 90:[], 91:[], 92:[], 93:[], 94:[], 95:[], 96:[], 97:[], 98:[], 99:[], 100:[], 101:[], 102:[], 103:[], 104:[], 105:[], 106:[], 107:[], 108:[], 109:[], 110:[], 111:[], 112:[]",14358239032,17111646828
2729,3,7809.4373,7145270,106550106,849887517,135.0628,false,114,true,true,true,true,true,false,false,"0:[0, 1, 2, 3, 4, 5, 6, 7, 8, 9, 10, 11, 12, 13, 14, 15, 16, 17, 18, 19, 20, 21, 22, 23, 24, 25, 26, 27, 28, 29, 30, 31, 32, 33, 34, 35, 36, 37, 38, 39, 40, 41, 42, 43, 44, 45, 46, 47, 48, 49, 50, 51, 52, 53, 54, 55, 56, 57, 58, 59, 60, 61, 62, 63, 64, 65, 66, 67, 68, 69, 70, 71, 72, 73, 74, 75, 76, 77, 78, 79, 80, 81, 82, 83, 84, 85, 86, 87, 88, 89, 90, 91, 92, 93, 94, 95, 96, 97, 98, 99, 100, 101, 102, 103, 104, 105, 106, 107, 108, 109, 110, 111, 112, 113], 1:[], 2:[], 3:[], 4:[], 5:[], 6:[], 7:[], 8:[], 9:[], 10:[], 11:[], 12:[], 13:[], 14:[], 15:[], 16:[], 17:[], 18:[], 19:[], 20:[], 21:[], 22:[], 23:[], 24:[], 25:[], 26:[], 27:[], 28:[], 29:[], 30:[], 31:[], 32:[], 33:[], 34:[], 35:[], 36:[], 37:[], 38:[], 39:[], 40:[], 41:[], 42:[], 43:[], 44:[], 45:[], 46:[], 47:[], 48:[], 49:[], 50:[], 51:[], 52:[], 53:[], 54:[], 55:[], 56:[], 57:[], 58:[], 59:[], 60:[], 61:[], 62:[], 63:[], 64:[], 65:[], 66:[], 67:[], 68:[], 69:[], 70:[], 71:[], 72:[], 73:[], 74:[], 75:[], 76:[], 77:[], 78:[], 79:[], 80:[], 81:[], 82:[], 83:[], 84:[], 85:[], 86:[], 87:[], 88:[], 89:[], 90:[], 91:[], 92:[], 93:[], 94:[], 95:[], 96:[], 97:[], 98:[], 99:[], 100:[], 101:[], 102:[], 103:[], 104:[], 105:[], 106:[], 107:[], 108:[], 109:[], 110:[], 111:[], 112:[], 113:[]",14453495480,17249918874
2731,2,6641.4034,7160887,106785838,851780351,142.8713,false,114,true,true,true,true,true,false,false,"0:[0, 1, 2, 3, 4, 5, 6, 7, 8, 9, 10, 11, 12, 13, 14, 15, 16, 17, 18, 19, 20, 21, 22, 23, 24, 25, 26, 27, 28, 29, 30, 31, 32, 33, 34, 35, 36, 37, 38, 39, 40, 41, 42, 43, 44, 45, 46, 47, 48, 49, 50, 51, 52, 53, 54, 55, 56, 57, 58, 59, 60, 61, 62, 63, 64, 65, 66, 67, 68, 69, 70, 71, 72, 73, 74, 75, 76, 77, 78, 79, 80, 81, 82, 83, 84, 85, 86, 87, 88, 89, 90, 91, 92, 93, 94, 95, 96, 97, 98, 99, 100, 101, 102, 103, 104, 105, 106, 107, 108, 109, 110, 111, 112, 113], 1:[], 2:[], 3:[], 4:[], 5:[], 6:[], 7:[], 8:[], 9:[], 10:[], 11:[], 12:[], 13:[], 14:[], 15:[], 16:[], 17:[], 18:[], 19:[], 20:[], 21:[], 22:[], 23:[], 24:[], 25:[], 26:[], 27:[], 28:[], 29:[], 30:[], 31:[], 32:[], 33:[], 34:[], 35:[], 36:[], 37:[], 38:[], 39:[], 40:[], 41:[], 42:[], 43:[], 44:[], 45:[], 46:[], 47:[], 48:[], 49:[], 50:[], 51:[], 52:[], 53:[], 54:[], 55:[], 56:[], 57:[], 58:[], 59:[], 60:[], 61:[], 62:[], 63:[], 64:[], 65:[], 66:[], 67:[], 68:[], 69:[], 70:[], 71:[], 72:[], 73:[], 74:[], 75:[], 76:[], 77:[], 78:[], 79:[], 80:[], 81:[], 82:[], 83:[], 84:[], 85:[], 86:[], 87:[], 88:[], 89:[], 90:[], 91:[], 92:[], 93:[], 94:[], 95:[], 96:[], 97:[], 98:[], 99:[], 100:[], 101:[], 102:[], 103:[], 104:[], 105:[], 106:[], 107:[], 108:[], 109:[], 110:[], 111:[], 112:[], 113:[]",14472791316,17277923674
2741,2,6959.5858,7239549,107959551,861145622,139.2213,false,114,true,true,true,true,true,false,false,"0:[0, 1, 2, 3, 4, 5, 6, 7, 8, 9, 10, 11, 12, 13, 14, 15, 16, 17, 18, 19, 20, 21, 22, 23, 24, 25, 26, 27, 28, 29, 30, 31, 32, 33, 34, 35, 36, 37, 38, 39, 40, 41, 42, 43, 44, 45, 46, 47, 48, 49, 50, 51, 52, 53, 54, 55, 56, 57, 58, 59, 60, 61, 62, 63, 64, 65, 66, 67, 68, 69, 70, 71, 72, 73, 74, 75, 76, 77, 78, 79, 80, 81, 82, 83, 84, 85, 86, 87, 88, 89, 90, 91, 92, 93, 94, 95, 96, 97, 98, 99, 100, 101, 102, 103, 104, 105, 106, 107, 108, 109, 110, 111, 112, 113], 1:[], 2:[], 3:[], 4:[], 5:[], 6:[], 7:[], 8:[], 9:[], 10:[], 11:[], 12:[], 13:[], 14:[], 15:[], 16:[], 17:[], 18:[], 19:[], 20:[], 21:[], 22:[], 23:[], 24:[], 25:[], 26:[], 27:[], 28:[], 29:[], 30:[], 31:[], 32:[], 33:[], 34:[], 35:[], 36:[], 37:[], 38:[], 39:[], 40:[], 41:[], 42:[], 43:[], 44:[], 45:[], 46:[], 47:[], 48:[], 49:[], 50:[], 51:[], 52:[], 53:[], 54:[], 55:[], 56:[], 57:[], 58:[], 59:[], 60:[], 61:[], 62:[], 63:[], 64:[], 65:[], 66:[], 67:[], 68:[], 69:[], 70:[], 71:[], 72:[], 73:[], 74:[], 75:[], 76:[], 77:[], 78:[], 79:[], 80:[], 81:[], 82:[], 83:[], 84:[], 85:[], 86:[], 87:[], 88:[], 89:[], 90:[], 91:[], 92:[], 93:[], 94:[], 95:[], 96:[], 97:[], 98:[], 99:[], 100:[], 101:[], 102:[], 103:[], 104:[], 105:[], 106:[], 107:[], 108:[], 109:[], 110:[], 111:[], 112:[], 113:[]",14568890892,17417420359
2749,2,7924.2750,7302708,108906230,868713090,147.9261,false,114,true,true,true,true,true,false,false,"0:[0, 1, 2, 3, 4, 5, 6, 7, 8, 9, 10, 11, 12, 13, 14, 15, 16, 17, 18, 19, 20, 21, 22, 23, 24, 25, 26, 27, 28, 29, 30, 31, 32, 33, 34, 35, 36, 37, 38, 39, 40, 41, 42, 43, 44, 45, 46, 47, 48, 49, 50, 51, 52, 53, 54, 55, 56, 57, 58, 59, 60, 61, 62, 63, 64, 65, 66, 67, 68, 69, 70, 71, 72, 73, 74, 75, 76, 77, 78, 79, 80, 81, 82, 83, 84, 85, 86, 87, 88, 89, 90, 91, 92, 93, 94, 95, 96, 97, 98, 99, 100, 101, 102, 103, 104, 105, 106, 107, 108, 109, 110, 111, 112, 113], 1:[], 2:[], 3:[], 4:[], 5:[], 6:[], 7:[], 8:[], 9:[], 10:[], 11:[], 12:[], 13:[], 14:[], 15:[], 16:[], 17:[], 18:[], 19:[], 20:[], 21:[], 22:[], 23:[], 24:[], 25:[], 26:[], 27:[], 28:[], 29:[], 30:[], 31:[], 32:[], 33:[], 34:[], 35:[], 36:[], 37:[], 38:[], 39:[], 40:[], 41:[], 42:[], 43:[], 44:[], 45:[], 46:[], 47:[], 48:[], 49:[], 50:[], 51:[], 52:[], 53:[], 54:[], 55:[], 56:[], 57:[], 58:[], 59:[], 60:[], 61:[], 62:[], 63:[], 64:[], 65:[], 66:[], 67:[], 68:[], 69:[], 70:[], 71:[], 72:[], 73:[], 74:[], 75:[], 76:[], 77:[], 78:[], 79:[], 80:[], 81:[], 82:[], 83:[], 84:[], 85:[], 86:[], 87:[], 88:[], 89:[], 90:[], 91:[], 92:[], 93:[], 94:[], 95:[], 96:[], 97:[], 98:[], 99:[], 100:[], 101:[], 102:[], 103:[], 104:[], 105:[], 106:[], 107:[], 108:[], 109:[], 110:[], 111:[], 112:[], 113:[]",14646393664,17529957614
2753,3,8228.9052,7334654,109381945,872510696,142.7428,false,114,true,true,true,true,true,false,false,"0:[0, 1, 2, 3, 4, 5, 6, 7, 8, 9, 10, 11, 12, 13, 14, 15, 16, 17, 18, 19, 20, 21, 22, 23, 24, 25, 26, 27, 28, 29, 30, 31, 32, 33, 34, 35, 36, 37, 38, 39, 40, 41, 42, 43, 44, 45, 46, 47, 48, 49, 50, 51, 52, 53, 54, 55, 56, 57, 58, 59, 60, 61, 62, 63, 64, 65, 66, 67, 68, 69, 70, 71, 72, 73, 74, 75, 76, 77, 78, 79, 80, 81, 82, 83, 84, 85, 86, 87, 88, 89, 90, 91, 92, 93, 94, 95, 96, 97, 98, 99, 100, 101, 102, 103, 104, 105, 106, 107, 108, 109, 110, 111, 112, 113], 1:[], 2:[], 3:[], 4:[], 5:[], 6:[], 7:[], 8:[], 9:[], 10:[], 11:[], 12:[], 13:[], 14:[], 15:[], 16:[], 17:[], 18:[], 19:[], 20:[], 21:[], 22:[], 23:[], 24:[], 25:[], 26:[], 27:[], 28:[], 29:[], 30:[], 31:[], 32:[], 33:[], 34:[], 35:[], 36:[], 37:[], 38:[], 39:[], 40:[], 41:[], 42:[], 43:[], 44:[], 45:[], 46:[], 47:[], 48:[], 49:[], 50:[], 51:[], 52:[], 53:[], 54:[], 55:[], 56:[], 57:[], 58:[], 59:[], 60:[], 61:[], 62:[], 63:[], 64:[], 65:[], 66:[], 67:[], 68:[], 69:[], 70:[], 71:[], 72:[], 73:[], 74:[], 75:[], 76:[], 77:[], 78:[], 79:[], 80:[], 81:[], 82:[], 83:[], 84:[], 85:[], 86:[], 87:[], 88:[], 89:[], 90:[], 91:[], 92:[], 93:[], 94:[], 95:[], 96:[], 97:[], 98:[], 99:[], 100:[], 101:[], 102:[], 103:[], 104:[], 105:[], 106:[], 107:[], 108:[], 109:[], 110:[], 111:[], 112:[], 113:[]",14685345352,17586459205
2767,3,7523.7448,7446620,111053840,885849644,142.7706,false,116,true,true,true,true,true,false,false,"0:[0, 1, 2, 3, 4, 5, 6, 7, 8, 9, 10, 11, 12, 13, 14, 15, 16, 17, 18, 19, 20, 21, 22, 23, 24, 25, 26, 27, 28, 29, 30, 31, 32, 33, 34, 35, 36, 37, 38, 39, 40, 41, 42, 43, 44, 45, 46, 47, 48, 49, 50, 51, 52, 53, 54, 55, 56, 57, 58, 59, 60, 61, 62, 63, 64, 65, 66, 67, 68, 69, 70, 71, 72, 73, 74, 75, 76, 77, 78, 79, 80, 81, 82, 83, 84, 85, 86, 87, 88, 89, 90, 91, 92, 93, 94, 95, 96, 97, 98, 99, 100, 101, 102, 103, 104, 105, 106, 107, 108, 109, 110, 111, 112, 113, 114, 115], 1:[], 2:[], 3:[], 4:[], 5:[], 6:[], 7:[], 8:[], 9:[], 10:[], 11:[], 12:[], 13:[], 14:[], 15:[], 16:[], 17:[], 18:[], 19:[], 20:[], 21:[], 22:[], 23:[], 24:[], 25:[], 26:[], 27:[], 28:[], 29:[], 30:[], 31:[], 32:[], 33:[], 34:[], 35:[], 36:[], 37:[], 38:[], 39:[], 40:[], 41:[], 42:[], 43:[], 44:[], 45:[], 46:[], 47:[], 48:[], 49:[], 50:[], 51:[], 52:[], 53:[], 54:[], 55:[], 56:[], 57:[], 58:[], 59:[], 60:[], 61:[], 62:[], 63:[], 64:[], 65:[], 66:[], 67:[], 68:[], 69:[], 70:[], 71:[], 72:[], 73:[], 74:[], 75:[], 76:[], 77:[], 78:[], 79:[], 80:[], 81:[], 82:[], 83:[], 84:[], 85:[], 86:[], 87:[], 88:[], 89:[], 90:[], 91:[], 92:[], 93:[], 94:[], 95:[], 96:[], 97:[], 98:[], 99:[], 100:[], 101:[], 102:[], 103:[], 104:[], 105:[], 106:[], 107:[], 108:[], 109:[], 110:[], 111:[], 112:[], 113:[], 114:[], 115:[]",15115833280,18078747856
2777,3,9434.9677,7527356,112260695,895492376,155.3379,false,115,true,true,true,true,true,false,false,"0:[0, 1, 2, 3, 4, 5, 6, 7, 8, 9, 10, 11, 12, 13, 14, 15, 16, 17, 18, 19, 20, 21, 22, 23, 24, 25, 26, 27, 28, 29, 30, 31, 32, 33, 34, 35, 36, 37, 38, 39, 40, 41, 42, 43, 44, 45, 46, 47, 48, 49, 50, 51, 52, 53, 54, 55, 56, 57, 58, 59, 60, 61, 62, 63, 64, 65, 66, 67, 68, 69, 70, 71, 72, 73, 74, 75, 76, 77, 78, 79, 80, 81, 82, 83, 84, 85, 86, 87, 88, 89, 90, 91, 92, 93, 94, 95, 96, 97, 98, 99, 100, 101, 102, 103, 104, 105, 106, 107, 108, 109, 110, 111, 112, 113, 114], 1:[], 2:[], 3:[], 4:[], 5:[], 6:[], 7:[], 8:[], 9:[], 10:[], 11:[], 12:[], 13:[], 14:[], 15:[], 16:[], 17:[], 18:[], 19:[], 20:[], 21:[], 22:[], 23:[], 24:[], 25:[], 26:[], 27:[], 28:[], 29:[], 30:[], 31:[], 32:[], 33:[], 34:[], 35:[], 36:[], 37:[], 38:[], 39:[], 40:[], 41:[], 42:[], 43:[], 44:[], 45:[], 46:[], 47:[], 48:[], 49:[], 50:[], 51:[], 52:[], 53:[], 54:[], 55:[], 56:[], 57:[], 58:[], 59:[], 60:[], 61:[], 62:[], 63:[], 64:[], 65:[], 66:[], 67:[], 68:[], 69:[], 70:[], 71:[], 72:[], 73:[], 74:[], 75:[], 76:[], 77:[], 78:[], 79:[], 80:[], 81:[], 82:[], 83:[], 84:[], 85:[], 86:[], 87:[], 88:[], 89:[], 90:[], 91:[], 92:[], 93:[], 94:[], 95:[], 96:[], 97:[], 98:[], 99:[], 100:[], 101:[], 102:[], 103:[], 104:[], 105:[], 106:[], 107:[], 108:[], 109:[], 110:[], 111:[], 112:[], 113:[], 114:[]",15214642288,18222180419
2789,2,7293.9956,7624961,113717725,907117621,148.3829,false,116,true,true,true,true,true,false,false,"0:[0, 1, 2, 3, 4, 5, 6, 7, 8, 9, 10, 11, 12, 13, 14, 15, 16, 17, 18, 19, 20, 21, 22, 23, 24, 25, 26, 27, 28, 29, 30, 31, 32, 33, 34, 35, 36, 37, 38, 39, 40, 41, 42, 43, 44, 45, 46, 47, 48, 49, 50, 51, 52, 53, 54, 55, 56, 57, 58, 59, 60, 61, 62, 63, 64, 65, 66, 67, 68, 69, 70, 71, 72, 73, 74, 75, 76, 77, 78, 79, 80, 81, 82, 83, 84, 85, 86, 87, 88, 89, 90, 91, 92, 93, 94, 95, 96, 97, 98, 99, 100, 101, 102, 103, 104, 105, 106, 107, 108, 109, 110, 111, 112, 113, 114, 115], 1:[], 2:[], 3:[], 4:[], 5:[], 6:[], 7:[], 8:[], 9:[], 10:[], 11:[], 12:[], 13:[], 14:[], 15:[], 16:[], 17:[], 18:[], 19:[], 20:[], 21:[], 22:[], 23:[], 24:[], 25:[], 26:[], 27:[], 28:[], 29:[], 30:[], 31:[], 32:[], 33:[], 34:[], 35:[], 36:[], 37:[], 38:[], 39:[], 40:[], 41:[], 42:[], 43:[], 44:[], 45:[], 46:[], 47:[], 48:[], 49:[], 50:[], 51:[], 52:[], 53:[], 54:[], 55:[], 56:[], 57:[], 58:[], 59:[], 60:[], 61:[], 62:[], 63:[], 64:[], 65:[], 66:[], 67:[], 68:[], 69:[], 70:[], 71:[], 72:[], 73:[], 74:[], 75:[], 76:[], 77:[], 78:[], 79:[], 80:[], 81:[], 82:[], 83:[], 84:[], 85:[], 86:[], 87:[], 88:[], 89:[], 90:[], 91:[], 92:[], 93:[], 94:[], 95:[], 96:[], 97:[], 98:[], 99:[], 100:[], 101:[], 102:[], 103:[], 104:[], 105:[], 106:[], 107:[], 108:[], 109:[], 110:[], 111:[], 112:[], 113:[], 114:[], 115:[]",15333937628,18395339597
2791,3,8961.9576,7641270,113963108,909083280,182.7670,false,116,true,true,true,true,true,false,false,"0:[0, 1, 2, 3, 4, 5, 6, 7, 8, 9, 10, 11, 12, 13, 14, 15, 16, 17, 18, 19, 20, 21, 22, 23, 24, 25, 26, 27, 28, 29, 30, 31, 32, 33, 34, 35, 36, 37, 38, 39, 40, 41, 42, 43, 44, 45, 46, 47, 48, 49, 50, 51, 52, 53, 54, 55, 56, 57, 58, 59, 60, 61, 62, 63, 64, 65, 66, 67, 68, 69, 70, 71, 72, 73, 74, 75, 76, 77, 78, 79, 80, 81, 82, 83, 84, 85, 86, 87, 88, 89, 90, 91, 92, 93, 94, 95, 96, 97, 98, 99, 100, 101, 102, 103, 104, 105, 106, 107, 108, 109, 110, 111, 112, 113, 114, 115], 1:[], 2:[], 3:[], 4:[], 5:[], 6:[], 7:[], 8:[], 9:[], 10:[], 11:[], 12:[], 13:[], 14:[], 15:[], 16:[], 17:[], 18:[], 19:[], 20:[], 21:[], 22:[], 23:[], 24:[], 25:[], 26:[], 27:[], 28:[], 29:[], 30:[], 31:[], 32:[], 33:[], 34:[], 35:[], 36:[], 37:[], 38:[], 39:[], 40:[], 41:[], 42:[], 43:[], 44:[], 45:[], 46:[], 47:[], 48:[], 49:[], 50:[], 51:[], 52:[], 53:[], 54:[], 55:[], 56:[], 57:[], 58:[], 59:[], 60:[], 61:[], 62:[], 63:[], 64:[], 65:[], 66:[], 67:[], 68:[], 69:[], 70:[], 71:[], 72:[], 73:[], 74:[], 75:[], 76:[], 77:[], 78:[], 79:[], 80:[], 81:[], 82:[], 83:[], 84:[], 85:[], 86:[], 87:[], 88:[], 89:[], 90:[], 91:[], 92:[], 93:[], 94:[], 95:[], 96:[], 97:[], 98:[], 99:[], 100:[], 101:[], 102:[], 103:[], 104:[], 105:[], 106:[], 107:[], 108:[], 109:[], 110:[], 111:[], 112:[], 113:[], 114:[], 115:[]",15354024920,18424492236
2797,2,7437.8625,7690340,114697776,914952328,149.2728,false,117,true,true,true,true,true,false,false,"0:[0, 1, 2, 3, 4, 5, 6, 7, 8, 9, 10, 11, 12, 13, 14, 15, 16, 17, 18, 19, 20, 21, 22, 23, 24, 25, 26, 27, 28, 29, 30, 31, 32, 33, 34, 35, 36, 37, 38, 39, 40, 41, 42, 43, 44, 45, 46, 47, 48, 49, 50, 51, 52, 53, 54, 55, 56, 57, 58, 59, 60, 61, 62, 63, 64, 65, 66, 67, 68, 69, 70, 71, 72, 73, 74, 75, 76, 77, 78, 79, 80, 81, 82, 83, 84, 85, 86, 87, 88, 89, 90, 91, 92, 93, 94, 95, 96, 97, 98, 99, 100, 101, 102, 103, 104, 105, 106, 107, 108, 109, 110, 111, 112, 113, 114, 115, 116], 1:[], 2:[], 3:[], 4:[], 5:[], 6:[], 7:[], 8:[], 9:[], 10:[], 11:[], 12:[], 13:[], 14:[], 15:[], 16:[], 17:[], 18:[], 19:[], 20:[], 21:[], 22:[], 23:[], 24:[], 25:[], 26:[], 27:[], 28:[], 29:[], 30:[], 31:[], 32:[], 33:[], 34:[], 35:[], 36:[], 37:[], 38:[], 39:[], 40:[], 41:[], 42:[], 43:[], 44:[], 45:[], 46:[], 47:[], 48:[], 49:[], 50:[], 51:[], 52:[], 53:[], 54:[], 55:[], 56:[], 57:[], 58:[], 59:[], 60:[], 61:[], 62:[], 63:[], 64:[], 65:[], 66:[], 67:[], 68:[], 69:[], 70:[], 71:[], 72:[], 73:[], 74:[], 75:[], 76:[], 77:[], 78:[], 79:[], 80:[], 81:[], 82:[], 83:[], 84:[], 85:[], 86:[], 87:[], 88:[], 89:[], 90:[], 91:[], 92:[], 93:[], 94:[], 95:[], 96:[], 97:[], 98:[], 99:[], 100:[], 101:[], 102:[], 103:[], 104:[], 105:[], 106:[], 107:[], 108:[], 109:[], 110:[], 111:[], 112:[], 113:[], 114:[], 115:[], 116:[]",15414172320,18511844720
2801,3,9750.6207,7723404,115189472,918873355,178.8020,false,117,true,true,true,true,true,false,false,"0:[0, 1, 2, 3, 4, 5, 6, 7, 8, 9, 10, 11, 12, 13, 14, 15, 16, 17, 18, 19, 20, 21, 22, 23, 24, 25, 26, 27, 28, 29, 30, 31, 32, 33, 34, 35, 36, 37, 38, 39, 40, 41, 42, 43, 44, 45, 46, 47, 48, 49, 50, 51, 52, 53, 54, 55, 56, 57, 58, 59, 60, 61, 62, 63, 64, 65, 66, 67, 68, 69, 70, 71, 72, 73, 74, 75, 76, 77, 78, 79, 80, 81, 82, 83, 84, 85, 86, 87, 88, 89, 90, 91, 92, 93, 94, 95, 96, 97, 98, 99, 100, 101, 102, 103, 104, 105, 106, 107, 108, 109, 110, 111, 112, 113, 114, 115, 116], 1:[], 2:[], 3:[], 4:[], 5:[], 6:[], 7:[], 8:[], 9:[], 10:[], 11:[], 12:[], 13:[], 14:[], 15:[], 16:[], 17:[], 18:[], 19:[], 20:[], 21:[], 22:[], 23:[], 24:[], 25:[], 26:[], 27:[], 28:[], 29:[], 30:[], 31:[], 32:[], 33:[], 34:[], 35:[], 36:[], 37:[], 38:[], 39:[], 40:[], 41:[], 42:[], 43:[], 44:[], 45:[], 46:[], 47:[], 48:[], 49:[], 50:[], 51:[], 52:[], 53:[], 54:[], 55:[], 56:[], 57:[], 58:[], 59:[], 60:[], 61:[], 62:[], 63:[], 64:[], 65:[], 66:[], 67:[], 68:[], 69:[], 70:[], 71:[], 72:[], 73:[], 74:[], 75:[], 76:[], 77:[], 78:[], 79:[], 80:[], 81:[], 82:[], 83:[], 84:[], 85:[], 86:[], 87:[], 88:[], 89:[], 90:[], 91:[], 92:[], 93:[], 94:[], 95:[], 96:[], 97:[], 98:[], 99:[], 100:[], 101:[], 102:[], 103:[], 104:[], 105:[], 106:[], 107:[], 108:[], 109:[], 110:[], 111:[], 112:[], 113:[], 114:[], 115:[], 116:[]",15454433792,18570245856
2803,2,8301.5513,7739854,115434836,920826199,166.0154,false,116,true,true,true,true,true,false,false,"0:[0, 1, 2, 3, 4, 5, 6, 7, 8, 9, 10, 11, 12, 13, 14, 15, 16, 17, 18, 19, 20, 21, 22, 23, 24, 25, 26, 27, 28, 29, 30, 31, 32, 33, 34, 35, 36, 37, 38, 39, 40, 41, 42, 43, 44, 45, 46, 47, 48, 49, 50, 51, 52, 53, 54, 55, 56, 57, 58, 59, 60, 61, 62, 63, 64, 65, 66, 67, 68, 69, 70, 71, 72, 73, 74, 75, 76, 77, 78, 79, 80, 81, 82, 83, 84, 85, 86, 87, 88, 89, 90, 91, 92, 93, 94, 95, 96, 97, 98, 99, 100, 101, 102, 103, 104, 105, 106, 107, 108, 109, 110, 111, 112, 113, 114, 115], 1:[], 2:[], 3:[], 4:[], 5:[], 6:[], 7:[], 8:[], 9:[], 10:[], 11:[], 12:[], 13:[], 14:[], 15:[], 16:[], 17:[], 18:[], 19:[], 20:[], 21:[], 22:[], 23:[], 24:[], 25:[], 26:[], 27:[], 28:[], 29:[], 30:[], 31:[], 32:[], 33:[], 34:[], 35:[], 36:[], 37:[], 38:[], 39:[], 40:[], 41:[], 42:[], 43:[], 44:[], 45:[], 46:[], 47:[], 48:[], 49:[], 50:[], 51:[], 52:[], 53:[], 54:[], 55:[], 56:[], 57:[], 58:[], 59:[], 60:[], 61:[], 62:[], 63:[], 64:[], 65:[], 66:[], 67:[], 68:[], 69:[], 70:[], 71:[], 72:[], 73:[], 74:[], 75:[], 76:[], 77:[], 78:[], 79:[], 80:[], 81:[], 82:[], 83:[], 84:[], 85:[], 86:[], 87:[], 88:[], 89:[], 90:[], 91:[], 92:[], 93:[], 94:[], 95:[], 96:[], 97:[], 98:[], 99:[], 100:[], 101:[], 102:[], 103:[], 104:[], 105:[], 106:[], 107:[], 108:[], 109:[], 110:[], 111:[], 112:[], 113:[], 114:[], 115:[]",15474523512,18599399196
2819,2,8155.8647,7872772,117418666,936661782,152.1914,false,118,true,true,true,true,true,false,false,"0:[0, 1, 2, 3, 4, 5, 6, 7, 8, 9, 10, 11, 12, 13, 14, 15, 16, 17, 18, 19, 20, 21, 22, 23, 24, 25, 26, 27, 28, 29, 30, 31, 32, 33, 34, 35, 36, 37, 38, 39, 40, 41, 42, 43, 44, 45, 46, 47, 48, 49, 50, 51, 52, 53, 54, 55, 56, 57, 58, 59, 60, 61, 62, 63, 64, 65, 66, 67, 68, 69, 70, 71, 72, 73, 74, 75, 76, 77, 78, 79, 80, 81, 82, 83, 84, 85, 86, 87, 88, 89, 90, 91, 92, 93, 94, 95, 96, 97, 98, 99, 100, 101, 102, 103, 104, 105, 106, 107, 108, 109, 110, 111, 112, 113, 114, 115, 116, 117], 1:[], 2:[], 3:[], 4:[], 5:[], 6:[], 7:[], 8:[], 9:[], 10:[], 11:[], 12:[], 13:[], 14:[], 15:[], 16:[], 17:[], 18:[], 19:[], 20:[], 21:[], 22:[], 23:[], 24:[], 25:[], 26:[], 27:[], 28:[], 29:[], 30:[], 31:[], 32:[], 33:[], 34:[], 35:[], 36:[], 37:[], 38:[], 39:[], 40:[], 41:[], 42:[], 43:[], 44:[], 45:[], 46:[], 47:[], 48:[], 49:[], 50:[], 51:[], 52:[], 53:[], 54:[], 55:[], 56:[], 57:[], 58:[], 59:[], 60:[], 61:[], 62:[], 63:[], 64:[], 65:[], 66:[], 67:[], 68:[], 69:[], 70:[], 71:[], 72:[], 73:[], 74:[], 75:[], 76:[], 77:[], 78:[], 79:[], 80:[], 81:[], 82:[], 83:[], 84:[], 85:[], 86:[], 87:[], 88:[], 89:[], 90:[], 91:[], 92:[], 93:[], 94:[], 95:[], 96:[], 97:[], 98:[], 99:[], 100:[], 101:[], 102:[], 103:[], 104:[], 105:[], 106:[], 107:[], 108:[], 109:[], 110:[], 111:[], 112:[], 113:[], 114:[], 115:[], 116:[], 117:[]",20334572096,18835129970
2833,5,9298.7177,7989898,119173463,950685631,164.9970,false,118,true,true,true,true,true,false,false,"0:[0, 1, 2, 3, 4, 5, 6, 7, 8, 9, 10, 11, 12, 13, 14, 15, 16, 17, 18, 19, 20, 21, 22, 23, 24, 25, 26, 27, 28, 29, 30, 31, 32, 33, 34, 35, 36, 37, 38, 39, 40, 41, 42, 43, 44, 45, 46, 47, 48, 49, 50, 51, 52, 53, 54, 55, 56, 57, 58, 59, 60, 61, 62, 63, 64, 65, 66, 67, 68, 69, 70, 71, 72, 73, 74, 75, 76, 77, 78, 79, 80, 81, 82, 83, 84, 85, 86, 87, 88, 89, 90, 91, 92, 93, 94, 95, 96, 97, 98, 99, 100, 101, 102, 103, 104, 105, 106, 107, 108, 109, 110, 111, 112, 113, 114, 115, 116, 117], 1:[], 2:[], 3:[], 4:[], 5:[], 6:[], 7:[], 8:[], 9:[], 10:[], 11:[], 12:[], 13:[], 14:[], 15:[], 16:[], 17:[], 18:[], 19:[], 20:[], 21:[], 22:[], 23:[], 24:[], 25:[], 26:[], 27:[], 28:[], 29:[], 30:[], 31:[], 32:[], 33:[], 34:[], 35:[], 36:[], 37:[], 38:[], 39:[], 40:[], 41:[], 42:[], 43:[], 44:[], 45:[], 46:[], 47:[], 48:[], 49:[], 50:[], 51:[], 52:[], 53:[], 54:[], 55:[], 56:[], 57:[], 58:[], 59:[], 60:[], 61:[], 62:[], 63:[], 64:[], 65:[], 66:[], 67:[], 68:[], 69:[], 70:[], 71:[], 72:[], 73:[], 74:[], 75:[], 76:[], 77:[], 78:[], 79:[], 80:[], 81:[], 82:[], 83:[], 84:[], 85:[], 86:[], 87:[], 88:[], 89:[], 90:[], 91:[], 92:[], 93:[], 94:[], 95:[], 96:[], 97:[], 98:[], 99:[], 100:[], 101:[], 102:[], 103:[], 104:[], 105:[], 106:[], 107:[], 108:[], 109:[], 110:[], 111:[], 112:[], 113:[], 114:[], 115:[], 116:[], 117:[]",20478235384,19043750827
2837,2,7752.4336,8023813,119680061,954738909,171.4429,false,119,true,true,true,true,true,false,false,"0:[0, 1, 2, 3, 4, 5, 6, 7, 8, 9, 10, 11, 12, 13, 14, 15, 16, 17, 18, 19, 20, 21, 22, 23, 24, 25, 26, 27, 28, 29, 30, 31, 32, 33, 34, 35, 36, 37, 38, 39, 40, 41, 42, 43, 44, 45, 46, 47, 48, 49, 50, 51, 52, 53, 54, 55, 56, 57, 58, 59, 60, 61, 62, 63, 64, 65, 66, 67, 68, 69, 70, 71, 72, 73, 74, 75, 76, 77, 78, 79, 80, 81, 82, 83, 84, 85, 86, 87, 88, 89, 90, 91, 92, 93, 94, 95, 96, 97, 98, 99, 100, 101, 102, 103, 104, 105, 106, 107, 108, 109, 110, 111, 112, 113, 114, 115, 116, 117, 118], 1:[], 2:[], 3:[], 4:[], 5:[], 6:[], 7:[], 8:[], 9:[], 10:[], 11:[], 12:[], 13:[], 14:[], 15:[], 16:[], 17:[], 18:[], 19:[], 20:[], 21:[], 22:[], 23:[], 24:[], 25:[], 26:[], 27:[], 28:[], 29:[], 30:[], 31:[], 32:[], 33:[], 34:[], 35:[], 36:[], 37:[], 38:[], 39:[], 40:[], 41:[], 42:[], 43:[], 44:[], 45:[], 46:[], 47:[], 48:[], 49:[], 50:[], 51:[], 52:[], 53:[], 54:[], 55:[], 56:[], 57:[], 58:[], 59:[], 60:[], 61:[], 62:[], 63:[], 64:[], 65:[], 66:[], 67:[], 68:[], 69:[], 70:[], 71:[], 72:[], 73:[], 74:[], 75:[], 76:[], 77:[], 78:[], 79:[], 80:[], 81:[], 82:[], 83:[], 84:[], 85:[], 86:[], 87:[], 88:[], 89:[], 90:[], 91:[], 92:[], 93:[], 94:[], 95:[], 96:[], 97:[], 98:[], 99:[], 100:[], 101:[], 102:[], 103:[], 104:[], 105:[], 106:[], 107:[], 108:[], 109:[], 110:[], 111:[], 112:[], 113:[], 114:[], 115:[], 116:[], 117:[], 118:[]",20519712844,19103920349
2843,2,8357.1098,8074745,120439043,960792266,155.4864,false,118,true,true,true,true,true,false,false,"0:[0, 1, 2, 3, 4, 5, 6, 7, 8, 9, 10, 11, 12, 13, 14, 15, 16, 17, 18, 19, 20, 21, 22, 23, 24, 25, 26, 27, 28, 29, 30, 31, 32, 33, 34, 35, 36, 37, 38, 39, 40, 41, 42, 43, 44, 45, 46, 47, 48, 49, 50, 51, 52, 53, 54, 55, 56, 57, 58, 59, 60, 61, 62, 63, 64, 65, 66, 67, 68, 69, 70, 71, 72, 73, 74, 75, 76, 77, 78, 79, 80, 81, 82, 83, 84, 85, 86, 87, 88, 89, 90, 91, 92, 93, 94, 95, 96, 97, 98, 99, 100, 101, 102, 103, 104, 105, 106, 107, 108, 109, 110, 111, 112, 113, 114, 115, 116, 117], 1:[], 2:[], 3:[], 4:[], 5:[], 6:[], 7:[], 8:[], 9:[], 10:[], 11:[], 12:[], 13:[], 14:[], 15:[], 16:[], 17:[], 18:[], 19:[], 20:[], 21:[], 22:[], 23:[], 24:[], 25:[], 26:[], 27:[], 28:[], 29:[], 30:[], 31:[], 32:[], 33:[], 34:[], 35:[], 36:[], 37:[], 38:[], 39:[], 40:[], 41:[], 42:[], 43:[], 44:[], 45:[], 46:[], 47:[], 48:[], 49:[], 50:[], 51:[], 52:[], 53:[], 54:[], 55:[], 56:[], 57:[], 58:[], 59:[], 60:[], 61:[], 62:[], 63:[], 64:[], 65:[], 66:[], 67:[], 68:[], 69:[], 70:[], 71:[], 72:[], 73:[], 74:[], 75:[], 76:[], 77:[], 78:[], 79:[], 80:[], 81:[], 82:[], 83:[], 84:[], 85:[], 86:[], 87:[], 88:[], 89:[], 90:[], 91:[], 92:[], 93:[], 94:[], 95:[], 96:[], 97:[], 98:[], 99:[], 100:[], 101:[], 102:[], 103:[], 104:[], 105:[], 106:[], 107:[], 108:[], 109:[], 110:[], 111:[], 112:[], 113:[], 114:[], 115:[], 116:[], 117:[]",20581857500,19194078699
2851,2,8769.2195,8142670,121456489,968921302,160.7063,false,119,true,true,true,true,true,false,false,"0:[0, 1, 2, 3, 4, 5, 6, 7, 8, 9, 10, 11, 12, 13, 14, 15, 16, 17, 18, 19, 20, 21, 22, 23, 24, 25, 26, 27, 28, 29, 30, 31, 32, 33, 34, 35, 36, 37, 38, 39, 40, 41, 42, 43, 44, 45, 46, 47, 48, 49, 50, 51, 52, 53, 54, 55, 56, 57, 58, 59, 60, 61, 62, 63, 64, 65, 66, 67, 68, 69, 70, 71, 72, 73, 74, 75, 76, 77, 78, 79, 80, 81, 82, 83, 84, 85, 86, 87, 88, 89, 90, 91, 92, 93, 94, 95, 96, 97, 98, 99, 100, 101, 102, 103, 104, 105, 106, 107, 108, 109, 110, 111, 112, 113, 114, 115, 116, 117, 118], 1:[], 2:[], 3:[], 4:[], 5:[], 6:[], 7:[], 8:[], 9:[], 10:[], 11:[], 12:[], 13:[], 14:[], 15:[], 16:[], 17:[], 18:[], 19:[], 20:[], 21:[], 22:[], 23:[], 24:[], 25:[], 26:[], 27:[], 28:[], 29:[], 30:[], 31:[], 32:[], 33:[], 34:[], 35:[], 36:[], 37:[], 38:[], 39:[], 40:[], 41:[], 42:[], 43:[], 44:[], 45:[], 46:[], 47:[], 48:[], 49:[], 50:[], 51:[], 52:[], 53:[], 54:[], 55:[], 56:[], 57:[], 58:[], 59:[], 60:[], 61:[], 62:[], 63:[], 64:[], 65:[], 66:[], 67:[], 68:[], 69:[], 70:[], 71:[], 72:[], 73:[], 74:[], 75:[], 76:[], 77:[], 78:[], 79:[], 80:[], 81:[], 82:[], 83:[], 84:[], 85:[], 86:[], 87:[], 88:[], 89:[], 90:[], 91:[], 92:[], 93:[], 94:[], 95:[], 96:[], 97:[], 98:[], 99:[], 100:[], 101:[], 102:[], 103:[], 104:[], 105:[], 106:[], 107:[], 108:[], 109:[], 110:[], 111:[], 112:[], 113:[], 114:[], 115:[], 116:[], 117:[], 118:[]",20665155080,19315028981
2857,5,9544.5544,8193864,122222218,975034022,174.9010,false,119,true,true,true,true,true,false,false,"0:[0, 1, 2, 3, 4, 5, 6, 7, 8, 9, 10, 11, 12, 13, 14, 15, 16, 17, 18, 19, 20, 21, 22, 23, 24, 25, 26, 27, 28, 29, 30, 31, 32, 33, 34, 35, 36, 37, 38, 39, 40, 41, 42, 43, 44, 45, 46, 47, 48, 49, 50, 51, 52, 53, 54, 55, 56, 57, 58, 59, 60, 61, 62, 63, 64, 65, 66, 67, 68, 69, 70, 71, 72, 73, 74, 75, 76, 77, 78, 79, 80, 81, 82, 83, 84, 85, 86, 87, 88, 89, 90, 91, 92, 93, 94, 95, 96, 97, 98, 99, 100, 101, 102, 103, 104, 105, 106, 107, 108, 109, 110, 111, 112, 113, 114, 115, 116, 117, 118], 1:[], 2:[], 3:[], 4:[], 5:[], 6:[], 7:[], 8:[], 9:[], 10:[], 11:[], 12:[], 13:[], 14:[], 15:[], 16:[], 17:[], 18:[], 19:[], 20:[], 21:[], 22:[], 23:[], 24:[], 25:[], 26:[], 27:[], 28:[], 29:[], 30:[], 31:[], 32:[], 33:[], 34:[], 35:[], 36:[], 37:[], 38:[], 39:[], 40:[], 41:[], 42:[], 43:[], 44:[], 45:[], 46:[], 47:[], 48:[], 49:[], 50:[], 51:[], 52:[], 53:[], 54:[], 55:[], 56:[], 57:[], 58:[], 59:[], 60:[], 61:[], 62:[], 63:[], 64:[], 65:[], 66:[], 67:[], 68:[], 69:[], 70:[], 71:[], 72:[], 73:[], 74:[], 75:[], 76:[], 77:[], 78:[], 79:[], 80:[], 81:[], 82:[], 83:[], 84:[], 85:[], 86:[], 87:[], 88:[], 89:[], 90:[], 91:[], 92:[], 93:[], 94:[], 95:[], 96:[], 97:[], 98:[], 99:[], 100:[], 101:[], 102:[], 103:[], 104:[], 105:[], 106:[], 107:[], 108:[], 109:[], 110:[], 111:[], 112:[], 113:[], 114:[], 115:[], 116:[], 117:[], 118:[]",20727846832,19406074562
2861,2,8865.4317,8228352,122734503,979115594,174.9132,false,119,true,true,true,true,true,false,false,"0:[0, 1, 2, 3, 4, 5, 6, 7, 8, 9, 10, 11, 12, 13, 14, 15, 16, 17, 18, 19, 20, 21, 22, 23, 24, 25, 26, 27, 28, 29, 30, 31, 32, 33, 34, 35, 36, 37, 38, 39, 40, 41, 42, 43, 44, 45, 46, 47, 48, 49, 50, 51, 52, 53, 54, 55, 56, 57, 58, 59, 60, 61, 62, 63, 64, 65, 66, 67, 68, 69, 70, 71, 72, 73, 74, 75, 76, 77, 78, 79, 80, 81, 82, 83, 84, 85, 86, 87, 88, 89, 90, 91, 92, 93, 94, 95, 96, 97, 98, 99, 100, 101, 102, 103, 104, 105, 106, 107, 108, 109, 110, 111, 112, 113, 114, 115, 116, 117, 118], 1:[], 2:[], 3:[], 4:[], 5:[], 6:[], 7:[], 8:[], 9:[], 10:[], 11:[], 12:[], 13:[], 14:[], 15:[], 16:[], 17:[], 18:[], 19:[], 20:[], 21:[], 22:[], 23:[], 24:[], 25:[], 26:[], 27:[], 28:[], 29:[], 30:[], 31:[], 32:[], 33:[], 34:[], 35:[], 36:[], 37:[], 38:[], 39:[], 40:[], 41:[], 42:[], 43:[], 44:[], 45:[], 46:[], 47:[], 48:[], 49:[], 50:[], 51:[], 52:[], 53:[], 54:[], 55:[], 56:[], 57:[], 58:[], 59:[], 60:[], 61:[], 62:[], 63:[], 64:[], 65:[], 66:[], 67:[], 68:[], 69:[], 70:[], 71:[], 72:[], 73:[], 74:[], 75:[], 76:[], 77:[], 78:[], 79:[], 80:[], 81:[], 82:[], 83:[], 84:[], 85:[], 86:[], 87:[], 88:[], 89:[], 90:[], 91:[], 92:[], 93:[], 94:[], 95:[], 96:[], 97:[], 98:[], 99:[], 100:[], 101:[], 102:[], 103:[], 104:[], 105:[], 106:[], 107:[], 108:[], 109:[], 110:[], 111:[], 112:[], 113:[], 114:[], 115:[], 116:[], 117:[], 118:[]",20769795296,19466923843
2879,7,8734.3023,8384138,125061198,997691829,241.6324,false,119,true,true,true,true,true,false,false,"0:[0, 1, 2, 3, 4, 5, 6, 7, 8, 9, 10, 11, 12, 13, 14, 15, 16, 17, 18, 19, 20, 21, 22, 23, 24, 25, 26, 27, 28, 29, 30, 31, 32, 33, 34, 35, 36, 37, 38, 39, 40, 41, 42, 43, 44, 45, 46, 47, 48, 49, 50, 51, 52, 53, 54, 55, 56, 57, 58, 59, 60, 61, 62, 63, 64, 65, 66, 67, 68, 69, 70, 71, 72, 73, 74, 75, 76, 77, 78, 79, 80, 81, 82, 83, 84, 85, 86, 87, 88, 89, 90, 91, 92, 93, 94, 95, 96, 97, 98, 99, 100, 101, 102, 103, 104, 105, 106, 107, 108, 109, 110, 111, 112, 113, 114, 115, 116, 117, 118], 1:[], 2:[], 3:[], 4:[], 5:[], 6:[], 7:[], 8:[], 9:[], 10:[], 11:[], 12:[], 13:[], 14:[], 15:[], 16:[], 17:[], 18:[], 19:[], 20:[], 21:[], 22:[], 23:[], 24:[], 25:[], 26:[], 27:[], 28:[], 29:[], 30:[], 31:[], 32:[], 33:[], 34:[], 35:[], 36:[], 37:[], 38:[], 39:[], 40:[], 41:[], 42:[], 43:[], 44:[], 45:[], 46:[], 47:[], 48:[], 49:[], 50:[], 51:[], 52:[], 53:[], 54:[], 55:[], 56:[], 57:[], 58:[], 59:[], 60:[], 61:[], 62:[], 63:[], 64:[], 65:[], 66:[], 67:[], 68:[], 69:[], 70:[], 71:[], 72:[], 73:[], 74:[], 75:[], 76:[], 77:[], 78:[], 79:[], 80:[], 81:[], 82:[], 83:[], 84:[], 85:[], 86:[], 87:[], 88:[], 89:[], 90:[], 91:[], 92:[], 93:[], 94:[], 95:[], 96:[], 97:[], 98:[], 99:[], 100:[], 101:[], 102:[], 103:[], 104:[], 105:[], 106:[], 107:[], 108:[], 109:[], 110:[], 111:[], 112:[], 113:[], 114:[], 115:[], 116:[], 117:[], 118:[]",20960292904,19743393966
2887,3,9637.1065,8453786,126103738,1006017084,180.6543,false,121,true,true,true,true,true,false,false,"0:[0, 1, 2, 3, 4, 5, 6, 7, 8, 9, 10, 11, 12, 13, 14, 15, 16, 17, 18, 19, 20, 21, 22, 23, 24, 25, 26, 27, 28, 29, 30, 31, 32, 33, 34, 35, 36, 37, 38, 39, 40, 41, 42, 43, 44, 45, 46, 47, 48, 49, 50, 51, 52, 53, 54, 55, 56, 57, 58, 59, 60, 61, 62, 63, 64, 65, 66, 67, 68, 69, 70, 71, 72, 73, 74, 75, 76, 77, 78, 79, 80, 81, 82, 83, 84, 85, 86, 87, 88, 89, 90, 91, 92, 93, 94, 95, 96, 97, 98, 99, 100, 101, 102, 103, 104, 105, 106, 107, 108, 109, 110, 111, 112, 113, 114, 115, 116, 117, 118, 119, 120], 1:[], 2:[], 3:[], 4:[], 5:[], 6:[], 7:[], 8:[], 9:[], 10:[], 11:[], 12:[], 13:[], 14:[], 15:[], 16:[], 17:[], 18:[], 19:[], 20:[], 21:[], 22:[], 23:[], 24:[], 25:[], 26:[], 27:[], 28:[], 29:[], 30:[], 31:[], 32:[], 33:[], 34:[], 35:[], 36:[], 37:[], 38:[], 39:[], 40:[], 41:[], 42:[], 43:[], 44:[], 45:[], 46:[], 47:[], 48:[], 49:[], 50:[], 51:[], 52:[], 53:[], 54:[], 55:[], 56:[], 57:[], 58:[], 59:[], 60:[], 61:[], 62:[], 63:[], 64:[], 65:[], 66:[], 67:[], 68:[], 69:[], 70:[], 71:[], 72:[], 73:[], 74:[], 75:[], 76:[], 77:[], 78:[], 79:[], 80:[], 81:[], 82:[], 83:[], 84:[], 85:[], 86:[], 87:[], 88:[], 89:[], 90:[], 91:[], 92:[], 93:[], 94:[], 95:[], 96:[], 97:[], 98:[], 99:[], 100:[], 101:[], 102:[], 103:[], 104:[], 105:[], 106:[], 107:[], 108:[], 109:[], 110:[], 111:[], 112:[], 113:[], 114:[], 115:[], 116:[], 117:[], 118:[], 119:[], 120:[]",21045646248,19867328074
2897,3,9540.7143,8541632,127417797,1016521281,187.6780,false,120,true,true,true,true,true,false,false,"0:[0, 1, 2, 3, 4, 5, 6, 7, 8, 9, 10, 11, 12, 13, 14, 15, 16, 17, 18, 19, 20, 21, 22, 23, 24, 25, 26, 27, 28, 29, 30, 31, 32, 33, 34, 35, 36, 37, 38, 39, 40, 41, 42, 43, 44, 45, 46, 47, 48, 49, 50, 51, 52, 53, 54, 55, 56, 57, 58, 59, 60, 61, 62, 63, 64, 65, 66, 67, 68, 69, 70, 71, 72, 73, 74, 75, 76, 77, 78, 79, 80, 81, 82, 83, 84, 85, 86, 87, 88, 89, 90, 91, 92, 93, 94, 95, 96, 97, 98, 99, 100, 101, 102, 103, 104, 105, 106, 107, 108, 109, 110, 111, 112, 113, 114, 115, 116, 117, 118, 119], 1:[], 2:[], 3:[], 4:[], 5:[], 6:[], 7:[], 8:[], 9:[], 10:[], 11:[], 12:[], 13:[], 14:[], 15:[], 16:[], 17:[], 18:[], 19:[], 20:[], 21:[], 22:[], 23:[], 24:[], 25:[], 26:[], 27:[], 28:[], 29:[], 30:[], 31:[], 32:[], 33:[], 34:[], 35:[], 36:[], 37:[], 38:[], 39:[], 40:[], 41:[], 42:[], 43:[], 44:[], 45:[], 46:[], 47:[], 48:[], 49:[], 50:[], 51:[], 52:[], 53:[], 54:[], 55:[], 56:[], 57:[], 58:[], 59:[], 60:[], 61:[], 62:[], 63:[], 64:[], 65:[], 66:[], 67:[], 68:[], 69:[], 70:[], 71:[], 72:[], 73:[], 74:[], 75:[], 76:[], 77:[], 78:[], 79:[], 80:[], 81:[], 82:[], 83:[], 84:[], 85:[], 86:[], 87:[], 88:[], 89:[], 90:[], 91:[], 92:[], 93:[], 94:[], 95:[], 96:[], 97:[], 98:[], 99:[], 100:[], 101:[], 102:[], 103:[], 104:[], 105:[], 106:[], 107:[], 108:[], 109:[], 110:[], 111:[], 112:[], 113:[], 114:[], 115:[], 116:[], 117:[], 118:[], 119:[]",21153230656,20023502041
2903,5,8873.0219,8594728,128209113,1022832810,170.6688,false,121,true,true,true,true,true,false,false,"0:[0, 1, 2, 3, 4, 5, 6, 7, 8, 9, 10, 11, 12, 13, 14, 15, 16, 17, 18, 19, 20, 21, 22, 23, 24, 25, 26, 27, 28, 29, 30, 31, 32, 33, 34, 35, 36, 37, 38, 39, 40, 41, 42, 43, 44, 45, 46, 47, 48, 49, 50, 51, 52, 53, 54, 55, 56, 57, 58, 59, 60, 61, 62, 63, 64, 65, 66, 67, 68, 69, 70, 71, 72, 73, 74, 75, 76, 77, 78, 79, 80, 81, 82, 83, 84, 85, 86, 87, 88, 89, 90, 91, 92, 93, 94, 95, 96, 97, 98, 99, 100, 101, 102, 103, 104, 105, 106, 107, 108, 109, 110, 111, 112, 113, 114, 115, 116, 117, 118, 119, 120], 1:[], 2:[], 3:[], 4:[], 5:[], 6:[], 7:[], 8:[], 9:[], 10:[], 11:[], 12:[], 13:[], 14:[], 15:[], 16:[], 17:[], 18:[], 19:[], 20:[], 21:[], 22:[], 23:[], 24:[], 25:[], 26:[], 27:[], 28:[], 29:[], 30:[], 31:[], 32:[], 33:[], 34:[], 35:[], 36:[], 37:[], 38:[], 39:[], 40:[], 41:[], 42:[], 43:[], 44:[], 45:[], 46:[], 47:[], 48:[], 49:[], 50:[], 51:[], 52:[], 53:[], 54:[], 55:[], 56:[], 57:[], 58:[], 59:[], 60:[], 61:[], 62:[], 63:[], 64:[], 65:[], 66:[], 67:[], 68:[], 69:[], 70:[], 71:[], 72:[], 73:[], 74:[], 75:[], 76:[], 77:[], 78:[], 79:[], 80:[], 81:[], 82:[], 83:[], 84:[], 85:[], 86:[], 87:[], 88:[], 89:[], 90:[], 91:[], 92:[], 93:[], 94:[], 95:[], 96:[], 97:[], 98:[], 99:[], 100:[], 101:[], 102:[], 103:[], 104:[], 105:[], 106:[], 107:[], 108:[], 109:[], 110:[], 111:[], 112:[], 113:[], 114:[], 115:[], 116:[], 117:[], 118:[], 119:[], 120:[]",21218022624,20117502781
2909,2,8566.3715,8647800,129003745,1029181191,193.1554,false,121,true,true,true,true,true,false,false,"0:[0, 1, 2, 3, 4, 5, 6, 7, 8, 9, 10, 11, 12, 13, 14, 15, 16, 17, 18, 19, 20, 21, 22, 23, 24, 25, 26, 27, 28, 29, 30, 31, 32, 33, 34, 35, 36, 37, 38, 39, 40, 41, 42, 43, 44, 45, 46, 47, 48, 49, 50, 51, 52, 53, 54, 55, 56, 57, 58, 59, 60, 61, 62, 63, 64, 65, 66, 67, 68, 69, 70, 71, 72, 73, 74, 75, 76, 77, 78, 79, 80, 81, 82, 83, 84, 85, 86, 87, 88, 89, 90, 91, 92, 93, 94, 95, 96, 97, 98, 99, 100, 101, 102, 103, 104, 105, 106, 107, 108, 109, 110, 111, 112, 113, 114, 115, 116, 117, 118, 119, 120], 1:[], 2:[], 3:[], 4:[], 5:[], 6:[], 7:[], 8:[], 9:[], 10:[], 11:[], 12:[], 13:[], 14:[], 15:[], 16:[], 17:[], 18:[], 19:[], 20:[], 21:[], 22:[], 23:[], 24:[], 25:[], 26:[], 27:[], 28:[], 29:[], 30:[], 31:[], 32:[], 33:[], 34:[], 35:[], 36:[], 37:[], 38:[], 39:[], 40:[], 41:[], 42:[], 43:[], 44:[], 45:[], 46:[], 47:[], 48:[], 49:[], 50:[], 51:[], 52:[], 53:[], 54:[], 55:[], 56:[], 57:[], 58:[], 59:[], 60:[], 61:[], 62:[], 63:[], 64:[], 65:[], 66:[], 67:[], 68:[], 69:[], 70:[], 71:[], 72:[], 73:[], 74:[], 75:[], 76:[], 77:[], 78:[], 79:[], 80:[], 81:[], 82:[], 83:[], 84:[], 85:[], 86:[], 87:[], 88:[], 89:[], 90:[], 91:[], 92:[], 93:[], 94:[], 95:[], 96:[], 97:[], 98:[], 99:[], 100:[], 101:[], 102:[], 103:[], 104:[], 105:[], 106:[], 107:[], 108:[], 109:[], 110:[], 111:[], 112:[], 113:[], 114:[], 115:[], 116:[], 117:[], 118:[], 119:[], 120:[]",21283079200,20211983621
2917,2,8400.2676,8718901,130068075,1037680774,264.2547,false,122,true,true,true,true,true,false,false,"0:[0, 1, 2, 3, 4, 5, 6, 7, 8, 9, 10, 11, 12, 13, 14, 15, 16, 17, 18, 19, 20, 21, 22, 23, 24, 25, 26, 27, 28, 29, 30, 31, 32, 33, 34, 35, 36, 37, 38, 39, 40, 41, 42, 43, 44, 45, 46, 47, 48, 49, 50, 51, 52, 53, 54, 55, 56, 57, 58, 59, 60, 61, 62, 63, 64, 65, 66, 67, 68, 69, 70, 71, 72, 73, 74, 75, 76, 77, 78, 79, 80, 81, 82, 83, 84, 85, 86, 87, 88, 89, 90, 91, 92, 93, 94, 95, 96, 97, 98, 99, 100, 101, 102, 103, 104, 105, 106, 107, 108, 109, 110, 111, 112, 113, 114, 115, 116, 117, 118, 119, 120, 121], 1:[], 2:[], 3:[], 4:[], 5:[], 6:[], 7:[], 8:[], 9:[], 10:[], 11:[], 12:[], 13:[], 14:[], 15:[], 16:[], 17:[], 18:[], 19:[], 20:[], 21:[], 22:[], 23:[], 24:[], 25:[], 26:[], 27:[], 28:[], 29:[], 30:[], 31:[], 32:[], 33:[], 34:[], 35:[], 36:[], 37:[], 38:[], 39:[], 40:[], 41:[], 42:[], 43:[], 44:[], 45:[], 46:[], 47:[], 48:[], 49:[], 50:[], 51:[], 52:[], 53:[], 54:[], 55:[], 56:[], 57:[], 58:[], 59:[], 60:[], 61:[], 62:[], 63:[], 64:[], 65:[], 66:[], 67:[], 68:[], 69:[], 70:[], 71:[], 72:[], 73:[], 74:[], 75:[], 76:[], 77:[], 78:[], 79:[], 80:[], 81:[], 82:[], 83:[], 84:[], 85:[], 86:[], 87:[], 88:[], 89:[], 90:[], 91:[], 92:[], 93:[], 94:[], 95:[], 96:[], 97:[], 98:[], 99:[], 100:[], 101:[], 102:[], 103:[], 104:[], 105:[], 106:[], 107:[], 108:[], 109:[], 110:[], 111:[], 112:[], 113:[], 114:[], 115:[], 116:[], 117:[], 118:[], 119:[], 120:[], 121:[]",21370216428,20338508291
2927,5,9092.0382,8808816,131409455,1048393176,200.7902,false,122,true,true,true,true,true,false,false,"0:[0, 1, 2, 3, 4, 5, 6, 7, 8, 9, 10, 11, 12, 13, 14, 15, 16, 17, 18, 19, 20, 21, 22, 23, 24, 25, 26, 27, 28, 29, 30, 31, 32, 33, 34, 35, 36, 37, 38, 39, 40, 41, 42, 43, 44, 45, 46, 47, 48, 49, 50, 51, 52, 53, 54, 55, 56, 57, 58, 59, 60, 61, 62, 63, 64, 65, 66, 67, 68, 69, 70, 71, 72, 73, 74, 75, 76, 77, 78, 79, 80, 81, 82, 83, 84, 85, 86, 87, 88, 89, 90, 91, 92, 93, 94, 95, 96, 97, 98, 99, 100, 101, 102, 103, 104, 105, 106, 107, 108, 109, 110, 111, 112, 113, 114, 115, 116, 117, 118, 119, 120, 121], 1:[], 2:[], 3:[], 4:[], 5:[], 6:[], 7:[], 8:[], 9:[], 10:[], 11:[], 12:[], 13:[], 14:[], 15:[], 16:[], 17:[], 18:[], 19:[], 20:[], 21:[], 22:[], 23:[], 24:[], 25:[], 26:[], 27:[], 28:[], 29:[], 30:[], 31:[], 32:[], 33:[], 34:[], 35:[], 36:[], 37:[], 38:[], 39:[], 40:[], 41:[], 42:[], 43:[], 44:[], 45:[], 46:[], 47:[], 48:[], 49:[], 50:[], 51:[], 52:[], 53:[], 54:[], 55:[], 56:[], 57:[], 58:[], 59:[], 60:[], 61:[], 62:[], 63:[], 64:[], 65:[], 66:[], 67:[], 68:[], 69:[], 70:[], 71:[], 72:[], 73:[], 74:[], 75:[], 76:[], 77:[], 78:[], 79:[], 80:[], 81:[], 82:[], 83:[], 84:[], 85:[], 86:[], 87:[], 88:[], 89:[], 90:[], 91:[], 92:[], 93:[], 94:[], 95:[], 96:[], 97:[], 98:[], 99:[], 100:[], 101:[], 102:[], 103:[], 104:[], 105:[], 106:[], 107:[], 108:[], 109:[], 110:[], 111:[], 112:[], 113:[], 114:[], 115:[], 116:[], 117:[], 118:[], 119:[], 120:[], 121:[]",21480044448,20497842795
2939,2,9593.8674,8917181,133026727,1061294037,203.0569,false,123,true,true,true,true,true,false,false,"0:[0, 1, 2, 3, 4, 5, 6, 7, 8, 9, 10, 11, 12, 13, 14, 15, 16, 17, 18, 19, 20, 21, 22, 23, 24, 25, 26, 27, 28, 29, 30, 31, 32, 33, 34, 35, 36, 37, 38, 39, 40, 41, 42, 43, 44, 45, 46, 47, 48, 49, 50, 51, 52, 53, 54, 55, 56, 57, 58, 59, 60, 61, 62, 63, 64, 65, 66, 67, 68, 69, 70, 71, 72, 73, 74, 75, 76, 77, 78, 79, 80, 81, 82, 83, 84, 85, 86, 87, 88, 89, 90, 91, 92, 93, 94, 95, 96, 97, 98, 99, 100, 101, 102, 103, 104, 105, 106, 107, 108, 109, 110, 111, 112, 113, 114, 115, 116, 117, 118, 119, 120, 121, 122], 1:[], 2:[], 3:[], 4:[], 5:[], 6:[], 7:[], 8:[], 9:[], 10:[], 11:[], 12:[], 13:[], 14:[], 15:[], 16:[], 17:[], 18:[], 19:[], 20:[], 21:[], 22:[], 23:[], 24:[], 25:[], 26:[], 27:[], 28:[], 29:[], 30:[], 31:[], 32:[], 33:[], 34:[], 35:[], 36:[], 37:[], 38:[], 39:[], 40:[], 41:[], 42:[], 43:[], 44:[], 45:[], 46:[], 47:[], 48:[], 49:[], 50:[], 51:[], 52:[], 53:[], 54:[], 55:[], 56:[], 57:[], 58:[], 59:[], 60:[], 61:[], 62:[], 63:[], 64:[], 65:[], 66:[], 67:[], 68:[], 69:[], 70:[], 71:[], 72:[], 73:[], 74:[], 75:[], 76:[], 77:[], 78:[], 79:[], 80:[], 81:[], 82:[], 83:[], 84:[], 85:[], 86:[], 87:[], 88:[], 89:[], 90:[], 91:[], 92:[], 93:[], 94:[], 95:[], 96:[], 97:[], 98:[], 99:[], 100:[], 101:[], 102:[], 103:[], 104:[], 105:[], 106:[], 107:[], 108:[], 109:[], 110:[], 111:[], 112:[], 113:[], 114:[], 115:[], 116:[], 117:[], 118:[], 119:[], 120:[], 121:[], 122:[]",21612460428,20690048431
2953,5,10465.0775,9044436,134933413,1076532692,183.1644,false,123,true,true,true,true,true,false,false,"0:[0, 1, 2, 3, 4, 5, 6, 7, 8, 9, 10, 11, 12, 13, 14, 15, 16, 17, 18, 19, 20, 21, 22, 23, 24, 25, 26, 27, 28, 29, 30, 31, 32, 33, 34, 35, 36, 37, 38, 39, 40, 41, 42, 43, 44, 45, 46, 47, 48, 49, 50, 51, 52, 53, 54, 55, 56, 57, 58, 59, 60, 61, 62, 63, 64, 65, 66, 67, 68, 69, 70, 71, 72, 73, 74, 75, 76, 77, 78, 79, 80, 81, 82, 83, 84, 85, 86, 87, 88, 89, 90, 91, 92, 93, 94, 95, 96, 97, 98, 99, 100, 101, 102, 103, 104, 105, 106, 107, 108, 109, 110, 111, 112, 113, 114, 115, 116, 117, 118, 119, 120, 121, 122], 1:[], 2:[], 3:[], 4:[], 5:[], 6:[], 7:[], 8:[], 9:[], 10:[], 11:[], 12:[], 13:[], 14:[], 15:[], 16:[], 17:[], 18:[], 19:[], 20:[], 21:[], 22:[], 23:[], 24:[], 25:[], 26:[], 27:[], 28:[], 29:[], 30:[], 31:[], 32:[], 33:[], 34:[], 35:[], 36:[], 37:[], 38:[], 39:[], 40:[], 41:[], 42:[], 43:[], 44:[], 45:[], 46:[], 47:[], 48:[], 49:[], 50:[], 51:[], 52:[], 53:[], 54:[], 55:[], 56:[], 57:[], 58:[], 59:[], 60:[], 61:[], 62:[], 63:[], 64:[], 65:[], 66:[], 67:[], 68:[], 69:[], 70:[], 71:[], 72:[], 73:[], 74:[], 75:[], 76:[], 77:[], 78:[], 79:[], 80:[], 81:[], 82:[], 83:[], 84:[], 85:[], 86:[], 87:[], 88:[], 89:[], 90:[], 91:[], 92:[], 93:[], 94:[], 95:[], 96:[], 97:[], 98:[], 99:[], 100:[], 101:[], 102:[], 103:[], 104:[], 105:[], 106:[], 107:[], 108:[], 109:[], 110:[], 111:[], 112:[], 113:[], 114:[], 115:[], 116:[], 117:[], 118:[], 119:[], 120:[], 121:[], 122:[]",21768558448,23064209417
2957,2,8950.7272,9081264,135482859,1080924235,183.8101,false,124,true,true,true,true,true,false,false,"0:[0, 1, 2, 3, 4, 5, 6, 7, 8, 9, 10, 11, 12, 13, 14, 15, 16, 17, 18, 19, 20, 21, 22, 23, 24, 25, 26, 27, 28, 29, 30, 31, 32, 33, 34, 35, 36, 37, 38, 39, 40, 41, 42, 43, 44, 45, 46, 47, 48, 49, 50, 51, 52, 53, 54, 55, 56, 57, 58, 59, 60, 61, 62, 63, 64, 65, 66, 67, 68, 69, 70, 71, 72, 73, 74, 75, 76, 77, 78, 79, 80, 81, 82, 83, 84, 85, 86, 87, 88, 89, 90, 91, 92, 93, 94, 95, 96, 97, 98, 99, 100, 101, 102, 103, 104, 105, 106, 107, 108, 109, 110, 111, 112, 113, 114, 115, 116, 117, 118, 119, 120, 121, 122, 123], 1:[], 2:[], 3:[], 4:[], 5:[], 6:[], 7:[], 8:[], 9:[], 10:[], 11:[], 12:[], 13:[], 14:[], 15:[], 16:[], 17:[], 18:[], 19:[], 20:[], 21:[], 22:[], 23:[], 24:[], 25:[], 26:[], 27:[], 28:[], 29:[], 30:[], 31:[], 32:[], 33:[], 34:[], 35:[], 36:[], 37:[], 38:[], 39:[], 40:[], 41:[], 42:[], 43:[], 44:[], 45:[], 46:[], 47:[], 48:[], 49:[], 50:[], 51:[], 52:[], 53:[], 54:[], 55:[], 56:[], 57:[], 58:[], 59:[], 60:[], 61:[], 62:[], 63:[], 64:[], 65:[], 66:[], 67:[], 68:[], 69:[], 70:[], 71:[], 72:[], 73:[], 74:[], 75:[], 76:[], 77:[], 78:[], 79:[], 80:[], 81:[], 82:[], 83:[], 84:[], 85:[], 86:[], 87:[], 88:[], 89:[], 90:[], 91:[], 92:[], 93:[], 94:[], 95:[], 96:[], 97:[], 98:[], 99:[], 100:[], 101:[], 102:[], 103:[], 104:[], 105:[], 106:[], 107:[], 108:[], 109:[], 110:[], 111:[], 112:[], 113:[], 114:[], 115:[], 116:[], 117:[], 118:[], 119:[], 120:[], 121:[], 122:[], 123:[]",21813545312,23129471031
2963,2,8661.0236,9136568,136307968,1087510340,208.1678,false,123,true,true,true,true,true,false,false,"0:[0, 1, 2, 3, 4, 5, 6, 7, 8, 9, 10, 11, 12, 13, 14, 15, 16, 17, 18, 19, 20, 21, 22, 23, 24, 25, 26, 27, 28, 29, 30, 31, 32, 33, 34, 35, 36, 37, 38, 39, 40, 41, 42, 43, 44, 45, 46, 47, 48, 49, 50, 51, 52, 53, 54, 55, 56, 57, 58, 59, 60, 61, 62, 63, 64, 65, 66, 67, 68, 69, 70, 71, 72, 73, 74, 75, 76, 77, 78, 79, 80, 81, 82, 83, 84, 85, 86, 87, 88, 89, 90, 91, 92, 93, 94, 95, 96, 97, 98, 99, 100, 101, 102, 103, 104, 105, 106, 107, 108, 109, 110, 111, 112, 113, 114, 115, 116, 117, 118, 119, 120, 121, 122], 1:[], 2:[], 3:[], 4:[], 5:[], 6:[], 7:[], 8:[], 9:[], 10:[], 11:[], 12:[], 13:[], 14:[], 15:[], 16:[], 17:[], 18:[], 19:[], 20:[], 21:[], 22:[], 23:[], 24:[], 25:[], 26:[], 27:[], 28:[], 29:[], 30:[], 31:[], 32:[], 33:[], 34:[], 35:[], 36:[], 37:[], 38:[], 39:[], 40:[], 41:[], 42:[], 43:[], 44:[], 45:[], 46:[], 47:[], 48:[], 49:[], 50:[], 51:[], 52:[], 53:[], 54:[], 55:[], 56:[], 57:[], 58:[], 59:[], 60:[], 61:[], 62:[], 63:[], 64:[], 65:[], 66:[], 67:[], 68:[], 69:[], 70:[], 71:[], 72:[], 73:[], 74:[], 75:[], 76:[], 77:[], 78:[], 79:[], 80:[], 81:[], 82:[], 83:[], 84:[], 85:[], 86:[], 87:[], 88:[], 89:[], 90:[], 91:[], 92:[], 93:[], 94:[], 95:[], 96:[], 97:[], 98:[], 99:[], 100:[], 101:[], 102:[], 103:[], 104:[], 105:[], 106:[], 107:[], 108:[], 109:[], 110:[], 111:[], 112:[], 113:[], 114:[], 115:[], 116:[], 117:[], 118:[], 119:[], 120:[], 121:[], 122:[]",21881102544,23227486064
2969,3,10275.1746,9191848,137134906,1094112284,179.2573,false,124,true,true,true,true,true,false,false,"0:[0, 1, 2, 3, 4, 5, 6, 7, 8, 9, 10, 11, 12, 13, 14, 15, 16, 17, 18, 19, 20, 21, 22, 23, 24, 25, 26, 27, 28, 29, 30, 31, 32, 33, 34, 35, 36, 37, 38, 39, 40, 41, 42, 43, 44, 45, 46, 47, 48, 49, 50, 51, 52, 53, 54, 55, 56, 57, 58, 59, 60, 61, 62, 63, 64, 65, 66, 67, 68, 69, 70, 71, 72, 73, 74, 75, 76, 77, 78, 79, 80, 81, 82, 83, 84, 85, 86, 87, 88, 89, 90, 91, 92, 93, 94, 95, 96, 97, 98, 99, 100, 101, 102, 103, 104, 105, 106, 107, 108, 109, 110, 111, 112, 113, 114, 115, 116, 117, 118, 119, 120, 121, 122, 123], 1:[], 2:[], 3:[], 4:[], 5:[], 6:[], 7:[], 8:[], 9:[], 10:[], 11:[], 12:[], 13:[], 14:[], 15:[], 16:[], 17:[], 18:[], 19:[], 20:[], 21:[], 22:[], 23:[], 24:[], 25:[], 26:[], 27:[], 28:[], 29:[], 30:[], 31:[], 32:[], 33:[], 34:[], 35:[], 36:[], 37:[], 38:[], 39:[], 40:[], 41:[], 42:[], 43:[], 44:[], 45:[], 46:[], 47:[], 48:[], 49:[], 50:[], 51:[], 52:[], 53:[], 54:[], 55:[], 56:[], 57:[], 58:[], 59:[], 60:[], 61:[], 62:[], 63:[], 64:[], 65:[], 66:[], 67:[], 68:[], 69:[], 70:[], 71:[], 72:[], 73:[], 74:[], 75:[], 76:[], 77:[], 78:[], 79:[], 80:[], 81:[], 82:[], 83:[], 84:[], 85:[], 86:[], 87:[], 88:[], 89:[], 90:[], 91:[], 92:[], 93:[], 94:[], 95:[], 96:[], 97:[], 98:[], 99:[], 100:[], 101:[], 102:[], 103:[], 104:[], 105:[], 106:[], 107:[], 108:[], 109:[], 110:[], 111:[], 112:[], 113:[], 114:[], 115:[], 116:[], 117:[], 118:[], 119:[], 120:[], 121:[], 122:[], 123:[]",22687002928,23325808338
2971,2,10103.6551,9210323,137412033,1096327293,206.3049,false,124,true,true,true,true,true,false,false,"0:[0, 1, 2, 3, 4, 5, 6, 7, 8, 9, 10, 11, 12, 13, 14, 15, 16, 17, 18, 19, 20, 21, 22, 23, 24, 25, 26, 27, 28, 29, 30, 31, 32, 33, 34, 35, 36, 37, 38, 39, 40, 41, 42, 43, 44, 45, 46, 47, 48, 49, 50, 51, 52, 53, 54, 55, 56, 57, 58, 59, 60, 61, 62, 63, 64, 65, 66, 67, 68, 69, 70, 71, 72, 73, 74, 75, 76, 77, 78, 79, 80, 81, 82, 83, 84, 85, 86, 87, 88, 89, 90, 91, 92, 93, 94, 95, 96, 97, 98, 99, 100, 101, 102, 103, 104, 105, 106, 107, 108, 109, 110, 111, 112, 113, 114, 115, 116, 117, 118, 119, 120, 121, 122, 123], 1:[], 2:[], 3:[], 4:[], 5:[], 6:[], 7:[], 8:[], 9:[], 10:[], 11:[], 12:[], 13:[], 14:[], 15:[], 16:[], 17:[], 18:[], 19:[], 20:[], 21:[], 22:[], 23:[], 24:[], 25:[], 26:[], 27:[], 28:[], 29:[], 30:[], 31:[], 32:[], 33:[], 34:[], 35:[], 36:[], 37:[], 38:[], 39:[], 40:[], 41:[], 42:[], 43:[], 44:[], 45:[], 46:[], 47:[], 48:[], 49:[], 50:[], 51:[], 52:[], 53:[], 54:[], 55:[], 56:[], 57:[], 58:[], 59:[], 60:[], 61:[], 62:[], 63:[], 64:[], 65:[], 66:[], 67:[], 68:[], 69:[], 70:[], 71:[], 72:[], 73:[], 74:[], 75:[], 76:[], 77:[], 78:[], 79:[], 80:[], 81:[], 82:[], 83:[], 84:[], 85:[], 86:[], 87:[], 88:[], 89:[], 90:[], 91:[], 92:[], 93:[], 94:[], 95:[], 96:[], 97:[], 98:[], 99:[], 100:[], 101:[], 102:[], 103:[], 104:[], 105:[], 106:[], 107:[], 108:[], 109:[], 110:[], 111:[], 112:[], 113:[], 114:[], 115:[], 116:[], 117:[], 118:[], 119:[], 120:[], 121:[], 122:[], 123:[]",22709690388,23358734265
2999,17,10498.5269,9472352,141324407,1127556172,197.2094,false,124,true,true,true,true,true,false,false,"0:[0, 1, 2, 3, 4, 5, 6, 7, 8, 9, 10, 11, 12, 13, 14, 15, 16, 17, 18, 19, 20, 21, 22, 23, 24, 25, 26, 27, 28, 29, 30, 31, 32, 33, 34, 35, 36, 37, 38, 39, 40, 41, 42, 43, 44, 45, 46, 47, 48, 49, 50, 51, 52, 53, 54, 55, 56, 57, 58, 59, 60, 61, 62, 63, 64, 65, 66, 67, 68, 69, 70, 71, 72, 73, 74, 75, 76, 77, 78, 79, 80, 81, 82, 83, 84, 85, 86, 87, 88, 89, 90, 91, 92, 93, 94, 95, 96, 97, 98, 99, 100, 101, 102, 103, 104, 105, 106, 107, 108, 109, 110, 111, 112, 113, 114, 115, 116, 117, 118, 119, 120, 121, 122, 123], 1:[], 2:[], 3:[], 4:[], 5:[], 6:[], 7:[], 8:[], 9:[], 10:[], 11:[], 12:[], 13:[], 14:[], 15:[], 16:[], 17:[], 18:[], 19:[], 20:[], 21:[], 22:[], 23:[], 24:[], 25:[], 26:[], 27:[], 28:[], 29:[], 30:[], 31:[], 32:[], 33:[], 34:[], 35:[], 36:[], 37:[], 38:[], 39:[], 40:[], 41:[], 42:[], 43:[], 44:[], 45:[], 46:[], 47:[], 48:[], 49:[], 50:[], 51:[], 52:[], 53:[], 54:[], 55:[], 56:[], 57:[], 58:[], 59:[], 60:[], 61:[], 62:[], 63:[], 64:[], 65:[], 66:[], 67:[], 68:[], 69:[], 70:[], 71:[], 72:[], 73:[], 74:[], 75:[], 76:[], 77:[], 78:[], 79:[], 80:[], 81:[], 82:[], 83:[], 84:[], 85:[], 86:[], 87:[], 88:[], 89:[], 90:[], 91:[], 92:[], 93:[], 94:[], 95:[], 96:[], 97:[], 98:[], 99:[], 100:[], 101:[], 102:[], 103:[], 104:[], 105:[], 106:[], 107:[], 108:[], 109:[], 110:[], 111:[], 112:[], 113:[], 114:[], 115:[], 116:[], 117:[], 118:[], 119:[], 120:[], 121:[], 122:[], 123:[]",23030017120,23823664883
3001,7,11642.7478,9490950,141608718,1129848460,223.1692,false,126,true,true,true,true,true,false,false,"0:[0, 1, 2, 3, 4, 5, 6, 7, 8, 9, 10, 11, 12, 13, 14, 15, 16, 17, 18, 19, 20, 21, 22, 23, 24, 25, 26, 27, 28, 29, 30, 31, 32, 33, 34, 35, 36, 37, 38, 39, 40, 41, 42, 43, 44, 45, 46, 47, 48, 49, 50, 51, 52, 53, 54, 55, 56, 57, 58, 59, 60, 61, 62, 63, 64, 65, 66, 67, 68, 69, 70, 71, 72, 73, 74, 75, 76, 77, 78, 79, 80, 81, 82, 83, 84, 85, 86, 87, 88, 89, 90, 91, 92, 93, 94, 95, 96, 97, 98, 99, 100, 101, 102, 103, 104, 105, 106, 107, 108, 109, 110, 111, 112, 113, 114, 115, 116, 117, 118, 119, 120, 121, 122, 123, 124, 125], 1:[], 2:[], 3:[], 4:[], 5:[], 6:[], 7:[], 8:[], 9:[], 10:[], 11:[], 12:[], 13:[], 14:[], 15:[], 16:[], 17:[], 18:[], 19:[], 20:[], 21:[], 22:[], 23:[], 24:[], 25:[], 26:[], 27:[], 28:[], 29:[], 30:[], 31:[], 32:[], 33:[], 34:[], 35:[], 36:[], 37:[], 38:[], 39:[], 40:[], 41:[], 42:[], 43:[], 44:[], 45:[], 46:[], 47:[], 48:[], 49:[], 50:[], 51:[], 52:[], 53:[], 54:[], 55:[], 56:[], 57:[], 58:[], 59:[], 60:[], 61:[], 62:[], 63:[], 64:[], 65:[], 66:[], 67:[], 68:[], 69:[], 70:[], 71:[], 72:[], 73:[], 74:[], 75:[], 76:[], 77:[], 78:[], 79:[], 80:[], 81:[], 82:[], 83:[], 84:[], 85:[], 86:[], 87:[], 88:[], 89:[], 90:[], 91:[], 92:[], 93:[], 94:[], 95:[], 96:[], 97:[], 98:[], 99:[], 100:[], 101:[], 102:[], 103:[], 104:[], 105:[], 106:[], 107:[], 108:[], 109:[], 110:[], 111:[], 112:[], 113:[], 114:[], 115:[], 116:[], 117:[], 118:[], 119:[], 120:[], 121:[], 122:[], 123:[], 124:[], 125:[]",23053282744,23857531134
3011,2,9064.1454,9586080,143025069,1141141877,225.8754,false,126,true,true,true,true,true,false,false,"0:[0, 1, 2, 3, 4, 5, 6, 7, 8, 9, 10, 11, 12, 13, 14, 15, 16, 17, 18, 19, 20, 21, 22, 23, 24, 25, 26, 27, 28, 29, 30, 31, 32, 33, 34, 35, 36, 37, 38, 39, 40, 41, 42, 43, 44, 45, 46, 47, 48, 49, 50, 51, 52, 53, 54, 55, 56, 57, 58, 59, 60, 61, 62, 63, 64, 65, 66, 67, 68, 69, 70, 71, 72, 73, 74, 75, 76, 77, 78, 79, 80, 81, 82, 83, 84, 85, 86, 87, 88, 89, 90, 91, 92, 93, 94, 95, 96, 97, 98, 99, 100, 101, 102, 103, 104, 105, 106, 107, 108, 109, 110, 111, 112, 113, 114, 115, 116, 117, 118, 119, 120, 121, 122, 123, 124, 125], 1:[], 2:[], 3:[], 4:[], 5:[], 6:[], 7:[], 8:[], 9:[], 10:[], 11:[], 12:[], 13:[], 14:[], 15:[], 16:[], 17:[], 18:[], 19:[], 20:[], 21:[], 22:[], 23:[], 24:[], 25:[], 26:[], 27:[], 28:[], 29:[], 30:[], 31:[], 32:[], 33:[], 34:[], 35:[], 36:[], 37:[], 38:[], 39:[], 40:[], 41:[], 42:[], 43:[], 44:[], 45:[], 46:[], 47:[], 48:[], 49:[], 50:[], 51:[], 52:[], 53:[], 54:[], 55:[], 56:[], 57:[], 58:[], 59:[], 60:[], 61:[], 62:[], 63:[], 64:[], 65:[], 66:[], 67:[], 68:[], 69:[], 70:[], 71:[], 72:[], 73:[], 74:[], 75:[], 76:[], 77:[], 78:[], 79:[], 80:[], 81:[], 82:[], 83:[], 84:[], 85:[], 86:[], 87:[], 88:[], 89:[], 90:[], 91:[], 92:[], 93:[], 94:[], 95:[], 96:[], 97:[], 98:[], 99:[], 100:[], 101:[], 102:[], 103:[], 104:[], 105:[], 106:[], 107:[], 108:[], 109:[], 110:[], 111:[], 112:[], 113:[], 114:[], 115:[], 116:[], 117:[], 118:[], 119:[], 120:[], 121:[], 122:[], 123:[], 124:[], 125:[]",23169254464,24025778465
3019,2,9077.2188,9662235,144167392,1150278431,198.9444,false,126,true,true,true,true,true,false,false,"0:[0, 1, 2, 3, 4, 5, 6, 7, 8, 9, 10, 11, 12, 13, 14, 15, 16, 17, 18, 19, 20, 21, 22, 23, 24, 25, 26, 27, 28, 29, 30, 31, 32, 33, 34, 35, 36, 37, 38, 39, 40, 41, 42, 43, 44, 45, 46, 47, 48, 49, 50, 51, 52, 53, 54, 55, 56, 57, 58, 59, 60, 61, 62, 63, 64, 65, 66, 67, 68, 69, 70, 71, 72, 73, 74, 75, 76, 77, 78, 79, 80, 81, 82, 83, 84, 85, 86, 87, 88, 89, 90, 91, 92, 93, 94, 95, 96, 97, 98, 99, 100, 101, 102, 103, 104, 105, 106, 107, 108, 109, 110, 111, 112, 113, 114, 115, 116, 117, 118, 119, 120, 121, 122, 123, 124, 125], 1:[], 2:[], 3:[], 4:[], 5:[], 6:[], 7:[], 8:[], 9:[], 10:[], 11:[], 12:[], 13:[], 14:[], 15:[], 16:[], 17:[], 18:[], 19:[], 20:[], 21:[], 22:[], 23:[], 24:[], 25:[], 26:[], 27:[], 28:[], 29:[], 30:[], 31:[], 32:[], 33:[], 34:[], 35:[], 36:[], 37:[], 38:[], 39:[], 40:[], 41:[], 42:[], 43:[], 44:[], 45:[], 46:[], 47:[], 48:[], 49:[], 50:[], 51:[], 52:[], 53:[], 54:[], 55:[], 56:[], 57:[], 58:[], 59:[], 60:[], 61:[], 62:[], 63:[], 64:[], 65:[], 66:[], 67:[], 68:[], 69:[], 70:[], 71:[], 72:[], 73:[], 74:[], 75:[], 76:[], 77:[], 78:[], 79:[], 80:[], 81:[], 82:[], 83:[], 84:[], 85:[], 86:[], 87:[], 88:[], 89:[], 90:[], 91:[], 92:[], 93:[], 94:[], 95:[], 96:[], 97:[], 98:[], 99:[], 100:[], 101:[], 102:[], 103:[], 104:[], 105:[], 106:[], 107:[], 108:[], 109:[], 110:[], 111:[], 112:[], 113:[], 114:[], 115:[], 116:[], 117:[], 118:[], 119:[], 120:[], 121:[], 122:[], 123:[], 124:[], 125:[]",23262772644,24161570788
3023,5,10171.5275,9700716,144739279,1154835803,209.2364,false,126,true,true,true,true,true,false,false,"0:[0, 1, 2, 3, 4, 5, 6, 7, 8, 9, 10, 11, 12, 13, 14, 15, 16, 17, 18, 19, 20, 21, 22, 23, 24, 25, 26, 27, 28, 29, 30, 31, 32, 33, 34, 35, 36, 37, 38, 39, 40, 41, 42, 43, 44, 45, 46, 47, 48, 49, 50, 51, 52, 53, 54, 55, 56, 57, 58, 59, 60, 61, 62, 63, 64, 65, 66, 67, 68, 69, 70, 71, 72, 73, 74, 75, 76, 77, 78, 79, 80, 81, 82, 83, 84, 85, 86, 87, 88, 89, 90, 91, 92, 93, 94, 95, 96, 97, 98, 99, 100, 101, 102, 103, 104, 105, 106, 107, 108, 109, 110, 111, 112, 113, 114, 115, 116, 117, 118, 119, 120, 121, 122, 123, 124, 125], 1:[], 2:[], 3:[], 4:[], 5:[], 6:[], 7:[], 8:[], 9:[], 10:[], 11:[], 12:[], 13:[], 14:[], 15:[], 16:[], 17:[], 18:[], 19:[], 20:[], 21:[], 22:[], 23:[], 24:[], 25:[], 26:[], 27:[], 28:[], 29:[], 30:[], 31:[], 32:[], 33:[], 34:[], 35:[], 36:[], 37:[], 38:[], 39:[], 40:[], 41:[], 42:[], 43:[], 44:[], 45:[], 46:[], 47:[], 48:[], 49:[], 50:[], 51:[], 52:[], 53:[], 54:[], 55:[], 56:[], 57:[], 58:[], 59:[], 60:[], 61:[], 62:[], 63:[], 64:[], 65:[], 66:[], 67:[], 68:[], 69:[], 70:[], 71:[], 72:[], 73:[], 74:[], 75:[], 76:[], 77:[], 78:[], 79:[], 80:[], 81:[], 82:[], 83:[], 84:[], 85:[], 86:[], 87:[], 88:[], 89:[], 90:[], 91:[], 92:[], 93:[], 94:[], 95:[], 96:[], 97:[], 98:[], 99:[], 100:[], 101:[], 102:[], 103:[], 104:[], 105:[], 106:[], 107:[], 108:[], 109:[], 110:[], 111:[], 112:[], 113:[], 114:[], 115:[], 116:[], 117:[], 118:[], 119:[], 120:[], 121:[], 122:[], 123:[], 124:[], 125:[]",23309601072,24229502235
3037,2,10846.6175,9835312,146754446,1170932508,217.6035,false,127,true,true,true,true,true,false,false,"0:[0, 1, 2, 3, 4, 5, 6, 7, 8, 9, 10, 11, 12, 13, 14, 15, 16, 17, 18, 19, 20, 21, 22, 23, 24, 25, 26, 27, 28, 29, 30, 31, 32, 33, 34, 35, 36, 37, 38, 39, 40, 41, 42, 43, 44, 45, 46, 47, 48, 49, 50, 51, 52, 53, 54, 55, 56, 57, 58, 59, 60, 61, 62, 63, 64, 65, 66, 67, 68, 69, 70, 71, 72, 73, 74, 75, 76, 77, 78, 79, 80, 81, 82, 83, 84, 85, 86, 87, 88, 89, 90, 91, 92, 93, 94, 95, 96, 97, 98, 99, 100, 101, 102, 103, 104, 105, 106, 107, 108, 109, 110, 111, 112, 113, 114, 115, 116, 117, 118, 119, 120, 121, 122, 123, 124, 125, 126], 1:[], 2:[], 3:[], 4:[], 5:[], 6:[], 7:[], 8:[], 9:[], 10:[], 11:[], 12:[], 13:[], 14:[], 15:[], 16:[], 17:[], 18:[], 19:[], 20:[], 21:[], 22:[], 23:[], 24:[], 25:[], 26:[], 27:[], 28:[], 29:[], 30:[], 31:[], 32:[], 33:[], 34:[], 35:[], 36:[], 37:[], 38:[], 39:[], 40:[], 41:[], 42:[], 43:[], 44:[], 45:[], 46:[], 47:[], 48:[], 49:[], 50:[], 51:[], 52:[], 53:[], 54:[], 55:[], 56:[], 57:[], 58:[], 59:[], 60:[], 61:[], 62:[], 63:[], 64:[], 65:[], 66:[], 67:[], 68:[], 69:[], 70:[], 71:[], 72:[], 73:[], 74:[], 75:[], 76:[], 77:[], 78:[], 79:[], 80:[], 81:[], 82:[], 83:[], 84:[], 85:[], 86:[], 87:[], 88:[], 89:[], 90:[], 91:[], 92:[], 93:[], 94:[], 95:[], 96:[], 97:[], 98:[], 99:[], 100:[], 101:[], 102:[], 103:[], 104:[], 105:[], 106:[], 107:[], 108:[], 109:[], 110:[], 111:[], 112:[], 113:[], 114:[], 115:[], 116:[], 117:[], 118:[], 119:[], 120:[], 121:[], 122:[], 123:[], 124:[], 125:[], 126:[]",23474583120,24469077110
3041,3,12597.3842,9874250,147333926,1175555012,215.6068,false,127,true,true,true,true,true,false,false,"0:[0, 1, 2, 3, 4, 5, 6, 7, 8, 9, 10, 11, 12, 13, 14, 15, 16, 17, 18, 19, 20, 21, 22, 23, 24, 25, 26, 27, 28, 29, 30, 31, 32, 33, 34, 35, 36, 37, 38, 39, 40, 41, 42, 43, 44, 45, 46, 47, 48, 49, 50, 51, 52, 53, 54, 55, 56, 57, 58, 59, 60, 61, 62, 63, 64, 65, 66, 67, 68, 69, 70, 71, 72, 73, 74, 75, 76, 77, 78, 79, 80, 81, 82, 83, 84, 85, 86, 87, 88, 89, 90, 91, 92, 93, 94, 95, 96, 97, 98, 99, 100, 101, 102, 103, 104, 105, 106, 107, 108, 109, 110, 111, 112, 113, 114, 115, 116, 117, 118, 119, 120, 121, 122, 123, 124, 125, 126], 1:[], 2:[], 3:[], 4:[], 5:[], 6:[], 7:[], 8:[], 9:[], 10:[], 11:[], 12:[], 13:[], 14:[], 15:[], 16:[], 17:[], 18:[], 19:[], 20:[], 21:[], 22:[], 23:[], 24:[], 25:[], 26:[], 27:[], 28:[], 29:[], 30:[], 31:[], 32:[], 33:[], 34:[], 35:[], 36:[], 37:[], 38:[], 39:[], 40:[], 41:[], 42:[], 43:[], 44:[], 45:[], 46:[], 47:[], 48:[], 49:[], 50:[], 51:[], 52:[], 53:[], 54:[], 55:[], 56:[], 57:[], 58:[], 59:[], 60:[], 61:[], 62:[], 63:[], 64:[], 65:[], 66:[], 67:[], 68:[], 69:[], 70:[], 71:[], 72:[], 73:[], 74:[], 75:[], 76:[], 77:[], 78:[], 79:[], 80:[], 81:[], 82:[], 83:[], 84:[], 85:[], 86:[], 87:[], 88:[], 89:[], 90:[], 91:[], 92:[], 93:[], 94:[], 95:[], 96:[], 97:[], 98:[], 99:[], 100:[], 101:[], 102:[], 103:[], 104:[], 105:[], 106:[], 107:[], 108:[], 109:[], 110:[], 111:[], 112:[], 113:[], 114:[], 115:[], 116:[], 117:[], 118:[], 119:[], 120:[], 121:[], 122:[], 123:[], 124:[], 125:[], 126:[]",23522031784,24537909414
3049,11,13776.1698,9951924,148499779,1184884236,215.8859,false,128,true,true,true,true,true,false,false,"0:[0, 1, 2, 3, 4, 5, 6, 7, 8, 9, 10, 11, 12, 13, 14, 15, 16, 17, 18, 19, 20, 21, 22, 23, 24, 25, 26, 27, 28, 29, 30, 31, 32, 33, 34, 35, 36, 37, 38, 39, 40, 41, 42, 43, 44, 45, 46, 47, 48, 49, 50, 51, 52, 53, 54, 55, 56, 57, 58, 59, 60, 61, 62, 63, 64, 65, 66, 67, 68, 69, 70, 71, 72, 73, 74, 75, 76, 77, 78, 79, 80, 81, 82, 83, 84, 85, 86, 87, 88, 89, 90, 91, 92, 93, 94, 95, 96, 97, 98, 99, 100, 101, 102, 103, 104, 105, 106, 107, 108, 109, 110, 111, 112, 113, 114, 115, 116, 117, 118, 119, 120, 121, 122, 123, 124, 125, 126, 127], 1:[], 2:[], 3:[], 4:[], 5:[], 6:[], 7:[], 8:[], 9:[], 10:[], 11:[], 12:[], 13:[], 14:[], 15:[], 16:[], 17:[], 18:[], 19:[], 20:[], 21:[], 22:[], 23:[], 24:[], 25:[], 26:[], 27:[], 28:[], 29:[], 30:[], 31:[], 32:[], 33:[], 34:[], 35:[], 36:[], 37:[], 38:[], 39:[], 40:[], 41:[], 42:[], 43:[], 44:[], 45:[], 46:[], 47:[], 48:[], 49:[], 50:[], 51:[], 52:[], 53:[], 54:[], 55:[], 56:[], 57:[], 58:[], 59:[], 60:[], 61:[], 62:[], 63:[], 64:[], 65:[], 66:[], 67:[], 68:[], 69:[], 70:[], 71:[], 72:[], 73:[], 74:[], 75:[], 76:[], 77:[], 78:[], 79:[], 80:[], 81:[], 82:[], 83:[], 84:[], 85:[], 86:[], 87:[], 88:[], 89:[], 90:[], 91:[], 92:[], 93:[], 94:[], 95:[], 96:[], 97:[], 98:[], 99:[], 100:[], 101:[], 102:[], 103:[], 104:[], 105:[], 106:[], 107:[], 108:[], 109:[], 110:[], 111:[], 112:[], 113:[], 114:[], 115:[], 116:[], 117:[], 118:[], 119:[], 120:[], 121:[], 122:[], 123:[], 124:[], 125:[], 126:[], 127:[]",23617474896,24676497247
3061,2,9836.5487,10069453,150256586,1198914143,226.2293,false,127,true,true,true,true,true,false,false,"0:[0, 1, 2, 3, 4, 5, 6, 7, 8, 9, 10, 11, 12, 13, 14, 15, 16, 17, 18, 19, 20, 21, 22, 23, 24, 25, 26, 27, 28, 29, 30, 31, 32, 33, 34, 35, 36, 37, 38, 39, 40, 41, 42, 43, 44, 45, 46, 47, 48, 49, 50, 51, 52, 53, 54, 55, 56, 57, 58, 59, 60, 61, 62, 63, 64, 65, 66, 67, 68, 69, 70, 71, 72, 73, 74, 75, 76, 77, 78, 79, 80, 81, 82, 83, 84, 85, 86, 87, 88, 89, 90, 91, 92, 93, 94, 95, 96, 97, 98, 99, 100, 101, 102, 103, 104, 105, 106, 107, 108, 109, 110, 111, 112, 113, 114, 115, 116, 117, 118, 119, 120, 121, 122, 123, 124, 125, 126], 1:[], 2:[], 3:[], 4:[], 5:[], 6:[], 7:[], 8:[], 9:[], 10:[], 11:[], 12:[], 13:[], 14:[], 15:[], 16:[], 17:[], 18:[], 19:[], 20:[], 21:[], 22:[], 23:[], 24:[], 25:[], 26:[], 27:[], 28:[], 29:[], 30:[], 31:[], 32:[], 33:[], 34:[], 35:[], 36:[], 37:[], 38:[], 39:[], 40:[], 41:[], 42:[], 43:[], 44:[], 45:[], 46:[], 47:[], 48:[], 49:[], 50:[], 51:[], 52:[], 53:[], 54:[], 55:[], 56:[], 57:[], 58:[], 59:[], 60:[], 61:[], 62:[], 63:[], 64:[], 65:[], 66:[], 67:[], 68:[], 69:[], 70:[], 71:[], 72:[], 73:[], 74:[], 75:[], 76:[], 77:[], 78:[], 79:[], 80:[], 81:[], 82:[], 83:[], 84:[], 85:[], 86:[], 87:[], 88:[], 89:[], 90:[], 91:[], 92:[], 93:[], 94:[], 95:[], 96:[], 97:[], 98:[], 99:[], 100:[], 101:[], 102:[], 103:[], 104:[], 105:[], 106:[], 107:[], 108:[], 109:[], 110:[], 111:[], 112:[], 113:[], 114:[], 115:[], 116:[], 117:[], 118:[], 119:[], 120:[], 121:[], 122:[], 123:[], 124:[], 125:[], 126:[]",23761310268,24885285326
3067,2,9802.1726,10128691,151138285,1205938874,233.3718,false,127,true,true,true,true,true,false,false,"0:[0, 1, 2, 3, 4, 5, 6, 7, 8, 9, 10, 11, 12, 13, 14, 15, 16, 17, 18, 19, 20, 21, 22, 23, 24, 25, 26, 27, 28, 29, 30, 31, 32, 33, 34, 35, 36, 37, 38, 39, 40, 41, 42, 43, 44, 45, 46, 47, 48, 49, 50, 51, 52, 53, 54, 55, 56, 57, 58, 59, 60, 61, 62, 63, 64, 65, 66, 67, 68, 69, 70, 71, 72, 73, 74, 75, 76, 77, 78, 79, 80, 81, 82, 83, 84, 85, 86, 87, 88, 89, 90, 91, 92, 93, 94, 95, 96, 97, 98, 99, 100, 101, 102, 103, 104, 105, 106, 107, 108, 109, 110, 111, 112, 113, 114, 115, 116, 117, 118, 119, 120, 121, 122, 123, 124, 125, 126], 1:[], 2:[], 3:[], 4:[], 5:[], 6:[], 7:[], 8:[], 9:[], 10:[], 11:[], 12:[], 13:[], 14:[], 15:[], 16:[], 17:[], 18:[], 19:[], 20:[], 21:[], 22:[], 23:[], 24:[], 25:[], 26:[], 27:[], 28:[], 29:[], 30:[], 31:[], 32:[], 33:[], 34:[], 35:[], 36:[], 37:[], 38:[], 39:[], 40:[], 41:[], 42:[], 43:[], 44:[], 45:[], 46:[], 47:[], 48:[], 49:[], 50:[], 51:[], 52:[], 53:[], 54:[], 55:[], 56:[], 57:[], 58:[], 59:[], 60:[], 61:[], 62:[], 63:[], 64:[], 65:[], 66:[], 67:[], 68:[], 69:[], 70:[], 71:[], 72:[], 73:[], 74:[], 75:[], 76:[], 77:[], 78:[], 79:[], 80:[], 81:[], 82:[], 83:[], 84:[], 85:[], 86:[], 87:[], 88:[], 89:[], 90:[], 91:[], 92:[], 93:[], 94:[], 95:[], 96:[], 97:[], 98:[], 99:[], 100:[], 101:[], 102:[], 103:[], 104:[], 105:[], 106:[], 107:[], 108:[], 109:[], 110:[], 111:[], 112:[], 113:[], 114:[], 115:[], 116:[], 117:[], 118:[], 119:[], 120:[], 121:[], 122:[], 123:[], 124:[], 125:[], 126:[]",23833504852,24990029109
3079,3,10057.8042,10247606,152916530,1220144374,241.2301,false,128,true,true,true,true,true,false,false,"0:[0, 1, 2, 3, 4, 5, 6, 7, 8, 9, 10, 11, 12, 13, 14, 15, 16, 17, 18, 19, 20, 21, 22, 23, 24, 25, 26, 27, 28, 29, 30, 31, 32, 33, 34, 35, 36, 37, 38, 39, 40, 41, 42, 43, 44, 45, 46, 47, 48, 49, 50, 51, 52, 53, 54, 55, 56, 57, 58, 59, 60, 61, 62, 63, 64, 65, 66, 67, 68, 69, 70, 71, 72, 73, 74, 75, 76, 77, 78, 79, 80, 81, 82, 83, 84, 85, 86, 87, 88, 89, 90, 91, 92, 93, 94, 95, 96, 97, 98, 99, 100, 101, 102, 103, 104, 105, 106, 107, 108, 109, 110, 111, 112, 113, 114, 115, 116, 117, 118, 119, 120, 121, 122, 123, 124, 125, 126, 127], 1:[], 2:[], 3:[], 4:[], 5:[], 6:[], 7:[], 8:[], 9:[], 10:[], 11:[], 12:[], 13:[], 14:[], 15:[], 16:[], 17:[], 18:[], 19:[], 20:[], 21:[], 22:[], 23:[], 24:[], 25:[], 26:[], 27:[], 28:[], 29:[], 30:[], 31:[], 32:[], 33:[], 34:[], 35:[], 36:[], 37:[], 38:[], 39:[], 40:[], 41:[], 42:[], 43:[], 44:[], 45:[], 46:[], 47:[], 48:[], 49:[], 50:[], 51:[], 52:[], 53:[], 54:[], 55:[], 56:[], 57:[], 58:[], 59:[], 60:[], 61:[], 62:[], 63:[], 64:[], 65:[], 66:[], 67:[], 68:[], 69:[], 70:[], 71:[], 72:[], 73:[], 74:[], 75:[], 76:[], 77:[], 78:[], 79:[], 80:[], 81:[], 82:[], 83:[], 84:[], 85:[], 86:[], 87:[], 88:[], 89:[], 90:[], 91:[], 92:[], 93:[], 94:[], 95:[], 96:[], 97:[], 98:[], 99:[], 100:[], 101:[], 102:[], 103:[], 104:[], 105:[], 106:[], 107:[], 108:[], 109:[], 110:[], 111:[], 112:[], 113:[], 114:[], 115:[], 116:[], 117:[], 118:[], 119:[], 120:[], 121:[], 122:[], 123:[], 124:[], 125:[], 126:[], 127:[]",23979094072,25201363410
3083,2,10749.9642,10287621,153512154,1224896189,218.2648,false,128,true,true,true,true,true,false,false,"0:[0, 1, 2, 3, 4, 5, 6, 7, 8, 9, 10, 11, 12, 13, 14, 15, 16, 17, 18, 19, 20, 21, 22, 23, 24, 25, 26, 27, 28, 29, 30, 31, 32, 33, 34, 35, 36, 37, 38, 39, 40, 41, 42, 43, 44, 45, 46, 47, 48, 49, 50, 51, 52, 53, 54, 55, 56, 57, 58, 59, 60, 61, 62, 63, 64, 65, 66, 67, 68, 69, 70, 71, 72, 73, 74, 75, 76, 77, 78, 79, 80, 81, 82, 83, 84, 85, 86, 87, 88, 89, 90, 91, 92, 93, 94, 95, 96, 97, 98, 99, 100, 101, 102, 103, 104, 105, 106, 107, 108, 109, 110, 111, 112, 113, 114, 115, 116, 117, 118, 119, 120, 121, 122, 123, 124, 125, 126, 127], 1:[], 2:[], 3:[], 4:[], 5:[], 6:[], 7:[], 8:[], 9:[], 10:[], 11:[], 12:[], 13:[], 14:[], 15:[], 16:[], 17:[], 18:[], 19:[], 20:[], 21:[], 22:[], 23:[], 24:[], 25:[], 26:[], 27:[], 28:[], 29:[], 30:[], 31:[], 32:[], 33:[], 34:[], 35:[], 36:[], 37:[], 38:[], 39:[], 40:[], 41:[], 42:[], 43:[], 44:[], 45:[], 46:[], 47:[], 48:[], 49:[], 50:[], 51:[], 52:[], 53:[], 54:[], 55:[], 56:[], 57:[], 58:[], 59:[], 60:[], 61:[], 62:[], 63:[], 64:[], 65:[], 66:[], 67:[], 68:[], 69:[], 70:[], 71:[], 72:[], 73:[], 74:[], 75:[], 76:[], 77:[], 78:[], 79:[], 80:[], 81:[], 82:[], 83:[], 84:[], 85:[], 86:[], 87:[], 88:[], 89:[], 90:[], 91:[], 92:[], 93:[], 94:[], 95:[], 96:[], 97:[], 98:[], 99:[], 100:[], 101:[], 102:[], 103:[], 104:[], 105:[], 106:[], 107:[], 108:[], 109:[], 110:[], 111:[], 112:[], 113:[], 114:[], 115:[], 116:[], 117:[], 118:[], 119:[], 120:[], 121:[], 122:[], 123:[], 124:[], 125:[], 126:[], 127:[]",24027864412,25272114302
3089,3,12432.0912,10347452,154408068,1232054192,215.3330,false,129,true,true,true,true,true,false,false,"0:[0, 1, 2, 3, 4, 5, 6, 7, 8, 9, 10, 11, 12, 13, 14, 15, 16, 17, 18, 19, 20, 21, 22, 23, 24, 25, 26, 27, 28, 29, 30, 31, 32, 33, 34, 35, 36, 37, 38, 39, 40, 41, 42, 43, 44, 45, 46, 47, 48, 49, 50, 51, 52, 53, 54, 55, 56, 57, 58, 59, 60, 61, 62, 63, 64, 65, 66, 67, 68, 69, 70, 71, 72, 73, 74, 75, 76, 77, 78, 79, 80, 81, 82, 83, 84, 85, 86, 87, 88, 89, 90, 91, 92, 93, 94, 95, 96, 97, 98, 99, 100, 101, 102, 103, 104, 105, 106, 107, 108, 109, 110, 111, 112, 113, 114, 115, 116, 117, 118, 119, 120, 121, 122, 123, 124, 125, 126, 127, 128], 1:[], 2:[], 3:[], 4:[], 5:[], 6:[], 7:[], 8:[], 9:[], 10:[], 11:[], 12:[], 13:[], 14:[], 15:[], 16:[], 17:[], 18:[], 19:[], 20:[], 21:[], 22:[], 23:[], 24:[], 25:[], 26:[], 27:[], 28:[], 29:[], 30:[], 31:[], 32:[], 33:[], 34:[], 35:[], 36:[], 37:[], 38:[], 39:[], 40:[], 41:[], 42:[], 43:[], 44:[], 45:[], 46:[], 47:[], 48:[], 49:[], 50:[], 51:[], 52:[], 53:[], 54:[], 55:[], 56:[], 57:[], 58:[], 59:[], 60:[], 61:[], 62:[], 63:[], 64:[], 65:[], 66:[], 67:[], 68:[], 69:[], 70:[], 71:[], 72:[], 73:[], 74:[], 75:[], 76:[], 77:[], 78:[], 79:[], 80:[], 81:[], 82:[], 83:[], 84:[], 85:[], 86:[], 87:[], 88:[], 89:[], 90:[], 91:[], 92:[], 93:[], 94:[], 95:[], 96:[], 97:[], 98:[], 99:[], 100:[], 101:[], 102:[], 103:[], 104:[], 105:[], 106:[], 107:[], 108:[], 109:[], 110:[], 111:[], 112:[], 113:[], 114:[], 115:[], 116:[], 117:[], 118:[], 119:[], 120:[], 121:[], 122:[], 123:[], 124:[], 125:[], 126:[], 127:[], 128:[]",24101212800,27526122324
3109,2,11279.2878,10548825,157422416,1256141895,235.1214,false,129,true,true,true,true,true,false,false,"0:[0, 1, 2, 3, 4, 5, 6, 7, 8, 9, 10, 11, 12, 13, 14, 15, 16, 17, 18, 19, 20, 21, 22, 23, 24, 25, 26, 27, 28, 29, 30, 31, 32, 33, 34, 35, 36, 37, 38, 39, 40, 41, 42, 43, 44, 45, 46, 47, 48, 49, 50, 51, 52, 53, 54, 55, 56, 57, 58, 59, 60, 61, 62, 63, 64, 65, 66, 67, 68, 69, 70, 71, 72, 73, 74, 75, 76, 77, 78, 79, 80, 81, 82, 83, 84, 85, 86, 87, 88, 89, 90, 91, 92, 93, 94, 95, 96, 97, 98, 99, 100, 101, 102, 103, 104, 105, 106, 107, 108, 109, 110, 111, 112, 113, 114, 115, 116, 117, 118, 119, 120, 121, 122, 123, 124, 125, 126, 127, 128], 1:[], 2:[], 3:[], 4:[], 5:[], 6:[], 7:[], 8:[], 9:[], 10:[], 11:[], 12:[], 13:[], 14:[], 15:[], 16:[], 17:[], 18:[], 19:[], 20:[], 21:[], 22:[], 23:[], 24:[], 25:[], 26:[], 27:[], 28:[], 29:[], 30:[], 31:[], 32:[], 33:[], 34:[], 35:[], 36:[], 37:[], 38:[], 39:[], 40:[], 41:[], 42:[], 43:[], 44:[], 45:[], 46:[], 47:[], 48:[], 49:[], 50:[], 51:[], 52:[], 53:[], 54:[], 55:[], 56:[], 57:[], 58:[], 59:[], 60:[], 61:[], 62:[], 63:[], 64:[], 65:[], 66:[], 67:[], 68:[], 69:[], 70:[], 71:[], 72:[], 73:[], 74:[], 75:[], 76:[], 77:[], 78:[], 79:[], 80:[], 81:[], 82:[], 83:[], 84:[], 85:[], 86:[], 87:[], 88:[], 89:[], 90:[], 91:[], 92:[], 93:[], 94:[], 95:[], 96:[], 97:[], 98:[], 99:[], 100:[], 101:[], 102:[], 103:[], 104:[], 105:[], 106:[], 107:[], 108:[], 109:[], 110:[], 111:[], 112:[], 113:[], 114:[], 115:[], 116:[], 117:[], 118:[], 119:[], 120:[], 121:[], 122:[], 123:[], 124:[], 125:[], 126:[], 127:[], 128:[]",24347999084,27884397788
3119,7,10792.7096,10650876,158941411,1268250406,217.9467,false,129,true,true,true,true,true,false,false,"0:[0, 1, 2, 3, 4, 5, 6, 7, 8, 9, 10, 11, 12, 13, 14, 15, 16, 17, 18, 19, 20, 21, 22, 23, 24, 25, 26, 27, 28, 29, 30, 31, 32, 33, 34, 35, 36, 37, 38, 39, 40, 41, 42, 43, 44, 45, 46, 47, 48, 49, 50, 51, 52, 53, 54, 55, 56, 57, 58, 59, 60, 61, 62, 63, 64, 65, 66, 67, 68, 69, 70, 71, 72, 73, 74, 75, 76, 77, 78, 79, 80, 81, 82, 83, 84, 85, 86, 87, 88, 89, 90, 91, 92, 93, 94, 95, 96, 97, 98, 99, 100, 101, 102, 103, 104, 105, 106, 107, 108, 109, 110, 111, 112, 113, 114, 115, 116, 117, 118, 119, 120, 121, 122, 123, 124, 125, 126, 127, 128], 1:[], 2:[], 3:[], 4:[], 5:[], 6:[], 7:[], 8:[], 9:[], 10:[], 11:[], 12:[], 13:[], 14:[], 15:[], 16:[], 17:[], 18:[], 19:[], 20:[], 21:[], 22:[], 23:[], 24:[], 25:[], 26:[], 27:[], 28:[], 29:[], 30:[], 31:[], 32:[], 33:[], 34:[], 35:[], 36:[], 37:[], 38:[], 39:[], 40:[], 41:[], 42:[], 43:[], 44:[], 45:[], 46:[], 47:[], 48:[], 49:[], 50:[], 51:[], 52:[], 53:[], 54:[], 55:[], 56:[], 57:[], 58:[], 59:[], 60:[], 61:[], 62:[], 63:[], 64:[], 65:[], 66:[], 67:[], 68:[], 69:[], 70:[], 71:[], 72:[], 73:[], 74:[], 75:[], 76:[], 77:[], 78:[], 79:[], 80:[], 81:[], 82:[], 83:[], 84:[], 85:[], 86:[], 87:[], 88:[], 89:[], 90:[], 91:[], 92:[], 93:[], 94:[], 95:[], 96:[], 97:[], 98:[], 99:[], 100:[], 101:[], 102:[], 103:[], 104:[], 105:[], 106:[], 107:[], 108:[], 109:[], 110:[], 111:[], 112:[], 113:[], 114:[], 115:[], 116:[], 117:[], 118:[], 119:[], 120:[], 121:[], 122:[], 123:[], 124:[], 125:[], 126:[], 127:[], 128:[]",24472376112,28064843487
3121,7,14038.3263,10670998,159247992,1270716820,252.1333,false,131,true,true,true,true,true,false,false,"0:[0, 1, 2, 3, 4, 5, 6, 7, 8, 9, 10, 11, 12, 13, 14, 15, 16, 17, 18, 19, 20, 21, 22, 23, 24, 25, 26, 27, 28, 29, 30, 31, 32, 33, 34, 35, 36, 37, 38, 39, 40, 41, 42, 43, 44, 45, 46, 47, 48, 49, 50, 51, 52, 53, 54, 55, 56, 57, 58, 59, 60, 61, 62, 63, 64, 65, 66, 67, 68, 69, 70, 71, 72, 73, 74, 75, 76, 77, 78, 79, 80, 81, 82, 83, 84, 85, 86, 87, 88, 89, 90, 91, 92, 93, 94, 95, 96, 97, 98, 99, 100, 101, 102, 103, 104, 105, 106, 107, 108, 109, 110, 111, 112, 113, 114, 115, 116, 117, 118, 119, 120, 121, 122, 123, 124, 125, 126, 127, 128, 129, 130], 1:[], 2:[], 3:[], 4:[], 5:[], 6:[], 7:[], 8:[], 9:[], 10:[], 11:[], 12:[], 13:[], 14:[], 15:[], 16:[], 17:[], 18:[], 19:[], 20:[], 21:[], 22:[], 23:[], 24:[], 25:[], 26:[], 27:[], 28:[], 29:[], 30:[], 31:[], 32:[], 33:[], 34:[], 35:[], 36:[], 37:[], 38:[], 39:[], 40:[], 41:[], 42:[], 43:[], 44:[], 45:[], 46:[], 47:[], 48:[], 49:[], 50:[], 51:[], 52:[], 53:[], 54:[], 55:[], 56:[], 57:[], 58:[], 59:[], 60:[], 61:[], 62:[], 63:[], 64:[], 65:[], 66:[], 67:[], 68:[], 69:[], 70:[], 71:[], 72:[], 73:[], 74:[], 75:[], 76:[], 77:[], 78:[], 79:[], 80:[], 81:[], 82:[], 83:[], 84:[], 85:[], 86:[], 87:[], 88:[], 89:[], 90:[], 91:[], 92:[], 93:[], 94:[], 95:[], 96:[], 97:[], 98:[], 99:[], 100:[], 101:[], 102:[], 103:[], 104:[], 105:[], 106:[], 107:[], 108:[], 109:[], 110:[], 111:[], 112:[], 113:[], 114:[], 115:[], 116:[], 117:[], 118:[], 119:[], 120:[], 121:[], 122:[], 123:[], 124:[], 125:[], 126:[], 127:[], 128:[], 129:[], 130:[]",24497466008,28101360592
3137,3,11993.0986,10835534,161705852,1290345868,216.2633,false,130,true,true,true,true,true,false,false,"0:[0, 1, 2, 3, 4, 5, 6, 7, 8, 9, 10, 11, 12, 13, 14, 15, 16, 17, 18, 19, 20, 21, 22, 23, 24, 25, 26, 27, 28, 29, 30, 31, 32, 33, 34, 35, 36, 37, 38, 39, 40, 41, 42, 43, 44, 45, 46, 47, 48, 49, 50, 51, 52, 53, 54, 55, 56, 57, 58, 59, 60, 61, 62, 63, 64, 65, 66, 67, 68, 69, 70, 71, 72, 73, 74, 75, 76, 77, 78, 79, 80, 81, 82, 83, 84, 85, 86, 87, 88, 89, 90, 91, 92, 93, 94, 95, 96, 97, 98, 99, 100, 101, 102, 103, 104, 105, 106, 107, 108, 109, 110, 111, 112, 113, 114, 115, 116, 117, 118, 119, 120, 121, 122, 123, 124, 125, 126, 127, 128, 129], 1:[], 2:[], 3:[], 4:[], 5:[], 6:[], 7:[], 8:[], 9:[], 10:[], 11:[], 12:[], 13:[], 14:[], 15:[], 16:[], 17:[], 18:[], 19:[], 20:[], 21:[], 22:[], 23:[], 24:[], 25:[], 26:[], 27:[], 28:[], 29:[], 30:[], 31:[], 32:[], 33:[], 34:[], 35:[], 36:[], 37:[], 38:[], 39:[], 40:[], 41:[], 42:[], 43:[], 44:[], 45:[], 46:[], 47:[], 48:[], 49:[], 50:[], 51:[], 52:[], 53:[], 54:[], 55:[], 56:[], 57:[], 58:[], 59:[], 60:[], 61:[], 62:[], 63:[], 64:[], 65:[], 66:[], 67:[], 68:[], 69:[], 70:[], 71:[], 72:[], 73:[], 74:[], 75:[], 76:[], 77:[], 78:[], 79:[], 80:[], 81:[], 82:[], 83:[], 84:[], 85:[], 86:[], 87:[], 88:[], 89:[], 90:[], 91:[], 92:[], 93:[], 94:[], 95:[], 96:[], 97:[], 98:[], 99:[], 100:[], 101:[], 102:[], 103:[], 104:[], 105:[], 106:[], 107:[], 108:[], 109:[], 110:[], 111:[], 112:[], 113:[], 114:[], 115:[], 116:[], 117:[], 118:[], 119:[], 120:[], 121:[], 122:[], 123:[], 124:[], 125:[], 126:[], 127:[], 128:[], 129:[]",24698701816,28393428932
3163,2,10434.6275,11106163,165749468,1322623230,253.6564,false,131,true,true,true,true,true,false,false,"0:[0, 1, 2, 3, 4, 5, 6, 7, 8, 9, 10, 11, 12, 13, 14, 15, 16, 17, 18, 19, 20, 21, 22, 23, 24, 25, 26, 27, 28, 29, 30, 31, 32, 33, 34, 35, 36, 37, 38, 39, 40, 41, 42, 43, 44, 45, 46, 47, 48, 49, 50, 51, 52, 53, 54, 55, 56, 57, 58, 59, 60, 61, 62, 63, 64, 65, 66, 67, 68, 69, 70, 71, 72, 73, 74, 75, 76, 77, 78, 79, 80, 81, 82, 83, 84, 85, 86, 87, 88, 89, 90, 91, 92, 93, 94, 95, 96, 97, 98, 99, 100, 101, 102, 103, 104, 105, 106, 107, 108, 109, 110, 111, 112, 113, 114, 115, 116, 117, 118, 119, 120, 121, 122, 123, 124, 125, 126, 127, 128, 129, 130], 1:[], 2:[], 3:[], 4:[], 5:[], 6:[], 7:[], 8:[], 9:[], 10:[], 11:[], 12:[], 13:[], 14:[], 15:[], 16:[], 17:[], 18:[], 19:[], 20:[], 21:[], 22:[], 23:[], 24:[], 25:[], 26:[], 27:[], 28:[], 29:[], 30:[], 31:[], 32:[], 33:[], 34:[], 35:[], 36:[], 37:[], 38:[], 39:[], 40:[], 41:[], 42:[], 43:[], 44:[], 45:[], 46:[], 47:[], 48:[], 49:[], 50:[], 51:[], 52:[], 53:[], 54:[], 55:[], 56:[], 57:[], 58:[], 59:[], 60:[], 61:[], 62:[], 63:[], 64:[], 65:[], 66:[], 67:[], 68:[], 69:[], 70:[], 71:[], 72:[], 73:[], 74:[], 75:[], 76:[], 77:[], 78:[], 79:[], 80:[], 81:[], 82:[], 83:[], 84:[], 85:[], 86:[], 87:[], 88:[], 89:[], 90:[], 91:[], 92:[], 93:[], 94:[], 95:[], 96:[], 97:[], 98:[], 99:[], 100:[], 101:[], 102:[], 103:[], 104:[], 105:[], 106:[], 107:[], 108:[], 109:[], 110:[], 111:[], 112:[], 113:[], 114:[], 115:[], 116:[], 117:[], 118:[], 119:[], 120:[], 121:[], 122:[], 123:[], 124:[], 125:[], 126:[], 127:[], 128:[], 129:[], 130:[]",25029768708,28873990032
3167,5,11511.3705,11148378,166379486,1327658989,260.0596,false,132,true,true,true,true,true,false,false,"0:[0, 1, 2, 3, 4, 5, 6, 7, 8, 9, 10, 11, 12, 13, 14, 15, 16, 17, 18, 19, 20, 21, 22, 23, 24, 25, 26, 27, 28, 29, 30, 31, 32, 33, 34, 35, 36, 37, 38, 39, 40, 41, 42, 43, 44, 45, 46, 47, 48, 49, 50, 51, 52, 53, 54, 55, 56, 57, 58, 59, 60, 61, 62, 63, 64, 65, 66, 67, 68, 69, 70, 71, 72, 73, 74, 75, 76, 77, 78, 79, 80, 81, 82, 83, 84, 85, 86, 87, 88, 89, 90, 91, 92, 93, 94, 95, 96, 97, 98, 99, 100, 101, 102, 103, 104, 105, 106, 107, 108, 109, 110, 111, 112, 113, 114, 115, 116, 117, 118, 119, 120, 121, 122, 123, 124, 125, 126, 127, 128, 129, 130, 131], 1:[], 2:[], 3:[], 4:[], 5:[], 6:[], 7:[], 8:[], 9:[], 10:[], 11:[], 12:[], 13:[], 14:[], 15:[], 16:[], 17:[], 18:[], 19:[], 20:[], 21:[], 22:[], 23:[], 24:[], 25:[], 26:[], 27:[], 28:[], 29:[], 30:[], 31:[], 32:[], 33:[], 34:[], 35:[], 36:[], 37:[], 38:[], 39:[], 40:[], 41:[], 42:[], 43:[], 44:[], 45:[], 46:[], 47:[], 48:[], 49:[], 50:[], 51:[], 52:[], 53:[], 54:[], 55:[], 56:[], 57:[], 58:[], 59:[], 60:[], 61:[], 62:[], 63:[], 64:[], 65:[], 66:[], 67:[], 68:[], 69:[], 70:[], 71:[], 72:[], 73:[], 74:[], 75:[], 76:[], 77:[], 78:[], 79:[], 80:[], 81:[], 82:[], 83:[], 84:[], 85:[], 86:[], 87:[], 88:[], 89:[], 90:[], 91:[], 92:[], 93:[], 94:[], 95:[], 96:[], 97:[], 98:[], 99:[], 100:[], 101:[], 102:[], 103:[], 104:[], 105:[], 106:[], 107:[], 108:[], 109:[], 110:[], 111:[], 112:[], 113:[], 114:[], 115:[], 116:[], 117:[], 118:[], 119:[], 120:[], 121:[], 122:[], 123:[], 124:[], 125:[], 126:[], 127:[], 128:[], 129:[], 130:[], 131:[]",25081352168,28948825246
3169,7,13166.3936,11169128,166694666,1330189069,232.2854,false,133,true,true,true,true,true,false,false,"0:[0, 1, 2, 3, 4, 5, 6, 7, 8, 9, 10, 11, 12, 13, 14, 15, 16, 17, 18, 19, 20, 21, 22, 23, 24, 25, 26, 27, 28, 29, 30, 31, 32, 33, 34, 35, 36, 37, 38, 39, 40, 41, 42, 43, 44, 45, 46, 47, 48, 49, 50, 51, 52, 53, 54, 55, 56, 57, 58, 59, 60, 61, 62, 63, 64, 65, 66, 67, 68, 69, 70, 71, 72, 73, 74, 75, 76, 77, 78, 79, 80, 81, 82, 83, 84, 85, 86, 87, 88, 89, 90, 91, 92, 93, 94, 95, 96, 97, 98, 99, 100, 101, 102, 103, 104, 105, 106, 107, 108, 109, 110, 111, 112, 113, 114, 115, 116, 117, 118, 119, 120, 121, 122, 123, 124, 125, 126, 127, 128, 129, 130, 131, 132], 1:[], 2:[], 3:[], 4:[], 5:[], 6:[], 7:[], 8:[], 9:[], 10:[], 11:[], 12:[], 13:[], 14:[], 15:[], 16:[], 17:[], 18:[], 19:[], 20:[], 21:[], 22:[], 23:[], 24:[], 25:[], 26:[], 27:[], 28:[], 29:[], 30:[], 31:[], 32:[], 33:[], 34:[], 35:[], 36:[], 37:[], 38:[], 39:[], 40:[], 41:[], 42:[], 43:[], 44:[], 45:[], 46:[], 47:[], 48:[], 49:[], 50:[], 51:[], 52:[], 53:[], 54:[], 55:[], 56:[], 57:[], 58:[], 59:[], 60:[], 61:[], 62:[], 63:[], 64:[], 65:[], 66:[], 67:[], 68:[], 69:[], 70:[], 71:[], 72:[], 73:[], 74:[], 75:[], 76:[], 77:[], 78:[], 79:[], 80:[], 81:[], 82:[], 83:[], 84:[], 85:[], 86:[], 87:[], 88:[], 89:[], 90:[], 91:[], 92:[], 93:[], 94:[], 95:[], 96:[], 97:[], 98:[], 99:[], 100:[], 101:[], 102:[], 103:[], 104:[], 105:[], 106:[], 107:[], 108:[], 109:[], 110:[], 111:[], 112:[], 113:[], 114:[], 115:[], 116:[], 117:[], 118:[], 119:[], 120:[], 121:[], 122:[], 123:[], 124:[], 125:[], 126:[], 127:[], 128:[], 129:[], 130:[], 131:[], 132:[]",25107147568,28986365922
3181,2,10970.6455,11296036,168591964,1345342292,243.5028,false,132,true,true,true,true,true,false,false,"0:[0, 1, 2, 3, 4, 5, 6, 7, 8, 9, 10, 11, 12, 13, 14, 15, 16, 17, 18, 19, 20, 21, 22, 23, 24, 25, 26, 27, 28, 29, 30, 31, 32, 33, 34, 35, 36, 37, 38, 39, 40, 41, 42, 43, 44, 45, 46, 47, 48, 49, 50, 51, 52, 53, 54, 55, 56, 57, 58, 59, 60, 61, 62, 63, 64, 65, 66, 67, 68, 69, 70, 71, 72, 73, 74, 75, 76, 77, 78, 79, 80, 81, 82, 83, 84, 85, 86, 87, 88, 89, 90, 91, 92, 93, 94, 95, 96, 97, 98, 99, 100, 101, 102, 103, 104, 105, 106, 107, 108, 109, 110, 111, 112, 113, 114, 115, 116, 117, 118, 119, 120, 121, 122, 123, 124, 125, 126, 127, 128, 129, 130, 131], 1:[], 2:[], 3:[], 4:[], 5:[], 6:[], 7:[], 8:[], 9:[], 10:[], 11:[], 12:[], 13:[], 14:[], 15:[], 16:[], 17:[], 18:[], 19:[], 20:[], 21:[], 22:[], 23:[], 24:[], 25:[], 26:[], 27:[], 28:[], 29:[], 30:[], 31:[], 32:[], 33:[], 34:[], 35:[], 36:[], 37:[], 38:[], 39:[], 40:[], 41:[], 42:[], 43:[], 44:[], 45:[], 46:[], 47:[], 48:[], 49:[], 50:[], 51:[], 52:[], 53:[], 54:[], 55:[], 56:[], 57:[], 58:[], 59:[], 60:[], 61:[], 62:[], 63:[], 64:[], 65:[], 66:[], 67:[], 68:[], 69:[], 70:[], 71:[], 72:[], 73:[], 74:[], 75:[], 76:[], 77:[], 78:[], 79:[], 80:[], 81:[], 82:[], 83:[], 84:[], 85:[], 86:[], 87:[], 88:[], 89:[], 90:[], 91:[], 92:[], 93:[], 94:[], 95:[], 96:[], 97:[], 98:[], 99:[], 100:[], 101:[], 102:[], 103:[], 104:[], 105:[], 106:[], 107:[], 108:[], 109:[], 110:[], 111:[], 112:[], 113:[], 114:[], 115:[], 116:[], 117:[], 118:[], 119:[], 120:[], 121:[], 122:[], 123:[], 124:[], 125:[], 126:[], 127:[], 128:[], 129:[], 130:[], 131:[]",25262484832,29211852876
3187,2,12071.3335,11359982,169544792,1352939545,228.2104,false,132,true,true,true,true,true,false,false,"0:[0, 1, 2, 3, 4, 5, 6, 7, 8, 9, 10, 11, 12, 13, 14, 15, 16, 17, 18, 19, 20, 21, 22, 23, 24, 25, 26, 27, 28, 29, 30, 31, 32, 33, 34, 35, 36, 37, 38, 39, 40, 41, 42, 43, 44, 45, 46, 47, 48, 49, 50, 51, 52, 53, 54, 55, 56, 57, 58, 59, 60, 61, 62, 63, 64, 65, 66, 67, 68, 69, 70, 71, 72, 73, 74, 75, 76, 77, 78, 79, 80, 81, 82, 83, 84, 85, 86, 87, 88, 89, 90, 91, 92, 93, 94, 95, 96, 97, 98, 99, 100, 101, 102, 103, 104, 105, 106, 107, 108, 109, 110, 111, 112, 113, 114, 115, 116, 117, 118, 119, 120, 121, 122, 123, 124, 125, 126, 127, 128, 129, 130, 131], 1:[], 2:[], 3:[], 4:[], 5:[], 6:[], 7:[], 8:[], 9:[], 10:[], 11:[], 12:[], 13:[], 14:[], 15:[], 16:[], 17:[], 18:[], 19:[], 20:[], 21:[], 22:[], 23:[], 24:[], 25:[], 26:[], 27:[], 28:[], 29:[], 30:[], 31:[], 32:[], 33:[], 34:[], 35:[], 36:[], 37:[], 38:[], 39:[], 40:[], 41:[], 42:[], 43:[], 44:[], 45:[], 46:[], 47:[], 48:[], 49:[], 50:[], 51:[], 52:[], 53:[], 54:[], 55:[], 56:[], 57:[], 58:[], 59:[], 60:[], 61:[], 62:[], 63:[], 64:[], 65:[], 66:[], 67:[], 68:[], 69:[], 70:[], 71:[], 72:[], 73:[], 74:[], 75:[], 76:[], 77:[], 78:[], 79:[], 80:[], 81:[], 82:[], 83:[], 84:[], 85:[], 86:[], 87:[], 88:[], 89:[], 90:[], 91:[], 92:[], 93:[], 94:[], 95:[], 96:[], 97:[], 98:[], 99:[], 100:[], 101:[], 102:[], 103:[], 104:[], 105:[], 106:[], 107:[], 108:[], 109:[], 110:[], 111:[], 112:[], 113:[], 114:[], 115:[], 116:[], 117:[], 118:[], 119:[], 120:[], 121:[], 122:[], 123:[], 124:[], 125:[], 126:[], 127:[], 128:[], 129:[], 130:[], 131:[]",25340501560,29325047856
3191,11,12600.0496,11402836,170181937,1358017767,231.2421,false,132,true,true,true,true,true,false,false,"0:[0, 1, 2, 3, 4, 5, 6, 7, 8, 9, 10, 11, 12, 13, 14, 15, 16, 17, 18, 19, 20, 21, 22, 23, 24, 25, 26, 27, 28, 29, 30, 31, 32, 33, 34, 35, 36, 37, 38, 39, 40, 41, 42, 43, 44, 45, 46, 47, 48, 49, 50, 51, 52, 53, 54, 55, 56, 57, 58, 59, 60, 61, 62, 63, 64, 65, 66, 67, 68, 69, 70, 71, 72, 73, 74, 75, 76, 77, 78, 79, 80, 81, 82, 83, 84, 85, 86, 87, 88, 89, 90, 91, 92, 93, 94, 95, 96, 97, 98, 99, 100, 101, 102, 103, 104, 105, 106, 107, 108, 109, 110, 111, 112, 113, 114, 115, 116, 117, 118, 119, 120, 121, 122, 123, 124, 125, 126, 127, 128, 129, 130, 131], 1:[], 2:[], 3:[], 4:[], 5:[], 6:[], 7:[], 8:[], 9:[], 10:[], 11:[], 12:[], 13:[], 14:[], 15:[], 16:[], 17:[], 18:[], 19:[], 20:[], 21:[], 22:[], 23:[], 24:[], 25:[], 26:[], 27:[], 28:[], 29:[], 30:[], 31:[], 32:[], 33:[], 34:[], 35:[], 36:[], 37:[], 38:[], 39:[], 40:[], 41:[], 42:[], 43:[], 44:[], 45:[], 46:[], 47:[], 48:[], 49:[], 50:[], 51:[], 52:[], 53:[], 54:[], 55:[], 56:[], 57:[], 58:[], 59:[], 60:[], 61:[], 62:[], 63:[], 64:[], 65:[], 66:[], 67:[], 68:[], 69:[], 70:[], 71:[], 72:[], 73:[], 74:[], 75:[], 76:[], 77:[], 78:[], 79:[], 80:[], 81:[], 82:[], 83:[], 84:[], 85:[], 86:[], 87:[], 88:[], 89:[], 90:[], 91:[], 92:[], 93:[], 94:[], 95:[], 96:[], 97:[], 98:[], 99:[], 100:[], 101:[], 102:[], 103:[], 104:[], 105:[], 106:[], 107:[], 108:[], 109:[], 110:[], 111:[], 112:[], 113:[], 114:[], 115:[], 116:[], 117:[], 118:[], 119:[], 120:[], 121:[], 122:[], 123:[], 124:[], 125:[], 126:[], 127:[], 128:[], 129:[], 130:[], 131:[]",25392673072,29400732805
3203,2,11768.1855,11531504,172107953,1373414631,231.7118,false,133,true,true,true,true,true,false,false,"0:[0, 1, 2, 3, 4, 5, 6, 7, 8, 9, 10, 11, 12, 13, 14, 15, 16, 17, 18, 19, 20, 21, 22, 23, 24, 25, 26, 27, 28, 29, 30, 31, 32, 33, 34, 35, 36, 37, 38, 39, 40, 41, 42, 43, 44, 45, 46, 47, 48, 49, 50, 51, 52, 53, 54, 55, 56, 57, 58, 59, 60, 61, 62, 63, 64, 65, 66, 67, 68, 69, 70, 71, 72, 73, 74, 75, 76, 77, 78, 79, 80, 81, 82, 83, 84, 85, 86, 87, 88, 89, 90, 91, 92, 93, 94, 95, 96, 97, 98, 99, 100, 101, 102, 103, 104, 105, 106, 107, 108, 109, 110, 111, 112, 113, 114, 115, 116, 117, 118, 119, 120, 121, 122, 123, 124, 125, 126, 127, 128, 129, 130, 131, 132], 1:[], 2:[], 3:[], 4:[], 5:[], 6:[], 7:[], 8:[], 9:[], 10:[], 11:[], 12:[], 13:[], 14:[], 15:[], 16:[], 17:[], 18:[], 19:[], 20:[], 21:[], 22:[], 23:[], 24:[], 25:[], 26:[], 27:[], 28:[], 29:[], 30:[], 31:[], 32:[], 33:[], 34:[], 35:[], 36:[], 37:[], 38:[], 39:[], 40:[], 41:[], 42:[], 43:[], 44:[], 45:[], 46:[], 47:[], 48:[], 49:[], 50:[], 51:[], 52:[], 53:[], 54:[], 55:[], 56:[], 57:[], 58:[], 59:[], 60:[], 61:[], 62:[], 63:[], 64:[], 65:[], 66:[], 67:[], 68:[], 69:[], 70:[], 71:[], 72:[], 73:[], 74:[], 75:[], 76:[], 77:[], 78:[], 79:[], 80:[], 81:[], 82:[], 83:[], 84:[], 85:[], 86:[], 87:[], 88:[], 89:[], 90:[], 91:[], 92:[], 93:[], 94:[], 95:[], 96:[], 97:[], 98:[], 99:[], 100:[], 101:[], 102:[], 103:[], 104:[], 105:[], 106:[], 107:[], 108:[], 109:[], 110:[], 111:[], 112:[], 113:[], 114:[], 115:[], 116:[], 117:[], 118:[], 119:[], 120:[], 121:[], 122:[], 123:[], 124:[], 125:[], 126:[], 127:[], 128:[], 129:[], 130:[], 131:[], 132:[]",25550357056,29629628341
3209,3,12224.5808,11596066,173073137,1381116734,233.6460,false,134,true,true,true,true,true,false,false,"0:[0, 1, 2, 3, 4, 5, 6, 7, 8, 9, 10, 11, 12, 13, 14, 15, 16, 17, 18, 19, 20, 21, 22, 23, 24, 25, 26, 27, 28, 29, 30, 31, 32, 33, 34, 35, 36, 37, 38, 39, 40, 41, 42, 43, 44, 45, 46, 47, 48, 49, 50, 51, 52, 53, 54, 55, 56, 57, 58, 59, 60, 61, 62, 63, 64, 65, 66, 67, 68, 69, 70, 71, 72, 73, 74, 75, 76, 77, 78, 79, 80, 81, 82, 83, 84, 85, 86, 87, 88, 89, 90, 91, 92, 93, 94, 95, 96, 97, 98, 99, 100, 101, 102, 103, 104, 105, 106, 107, 108, 109, 110, 111, 112, 113, 114, 115, 116, 117, 118, 119, 120, 121, 122, 123, 124, 125, 126, 127, 128, 129, 130, 131, 132, 133], 1:[], 2:[], 3:[], 4:[], 5:[], 6:[], 7:[], 8:[], 9:[], 10:[], 11:[], 12:[], 13:[], 14:[], 15:[], 16:[], 17:[], 18:[], 19:[], 20:[], 21:[], 22:[], 23:[], 24:[], 25:[], 26:[], 27:[], 28:[], 29:[], 30:[], 31:[], 32:[], 33:[], 34:[], 35:[], 36:[], 37:[], 38:[], 39:[], 40:[], 41:[], 42:[], 43:[], 44:[], 45:[], 46:[], 47:[], 48:[], 49:[], 50:[], 51:[], 52:[], 53:[], 54:[], 55:[], 56:[], 57:[], 58:[], 59:[], 60:[], 61:[], 62:[], 63:[], 64:[], 65:[], 66:[], 67:[], 68:[], 69:[], 70:[], 71:[], 72:[], 73:[], 74:[], 75:[], 76:[], 77:[], 78:[], 79:[], 80:[], 81:[], 82:[], 83:[], 84:[], 85:[], 86:[], 87:[], 88:[], 89:[], 90:[], 91:[], 92:[], 93:[], 94:[], 95:[], 96:[], 97:[], 98:[], 99:[], 100:[], 101:[], 102:[], 103:[], 104:[], 105:[], 106:[], 107:[], 108:[], 109:[], 110:[], 111:[], 112:[], 113:[], 114:[], 115:[], 116:[], 117:[], 118:[], 119:[], 120:[], 121:[], 122:[], 123:[], 124:[], 125:[], 126:[], 127:[], 128:[], 129:[], 130:[], 131:[], 132:[], 133:[]",25629379512,29744386989
3217,5,13476.7270,11682522,174369213,1391478535,237.5427,false,134,true,true,true,true,true,false,false,"0:[0, 1, 2, 3, 4, 5, 6, 7, 8, 9, 10, 11, 12, 13, 14, 15, 16, 17, 18, 19, 20, 21, 22, 23, 24, 25, 26, 27, 28, 29, 30, 31, 32, 33, 34, 35, 36, 37, 38, 39, 40, 41, 42, 43, 44, 45, 46, 47, 48, 49, 50, 51, 52, 53, 54, 55, 56, 57, 58, 59, 60, 61, 62, 63, 64, 65, 66, 67, 68, 69, 70, 71, 72, 73, 74, 75, 76, 77, 78, 79, 80, 81, 82, 83, 84, 85, 86, 87, 88, 89, 90, 91, 92, 93, 94, 95, 96, 97, 98, 99, 100, 101, 102, 103, 104, 105, 106, 107, 108, 109, 110, 111, 112, 113, 114, 115, 116, 117, 118, 119, 120, 121, 122, 123, 124, 125, 126, 127, 128, 129, 130, 131, 132, 133], 1:[], 2:[], 3:[], 4:[], 5:[], 6:[], 7:[], 8:[], 9:[], 10:[], 11:[], 12:[], 13:[], 14:[], 15:[], 16:[], 17:[], 18:[], 19:[], 20:[], 21:[], 22:[], 23:[], 24:[], 25:[], 26:[], 27:[], 28:[], 29:[], 30:[], 31:[], 32:[], 33:[], 34:[], 35:[], 36:[], 37:[], 38:[], 39:[], 40:[], 41:[], 42:[], 43:[], 44:[], 45:[], 46:[], 47:[], 48:[], 49:[], 50:[], 51:[], 52:[], 53:[], 54:[], 55:[], 56:[], 57:[], 58:[], 59:[], 60:[], 61:[], 62:[], 63:[], 64:[], 65:[], 66:[], 67:[], 68:[], 69:[], 70:[], 71:[], 72:[], 73:[], 74:[], 75:[], 76:[], 77:[], 78:[], 79:[], 80:[], 81:[], 82:[], 83:[], 84:[], 85:[], 86:[], 87:[], 88:[], 89:[], 90:[], 91:[], 92:[], 93:[], 94:[], 95:[], 96:[], 97:[], 98:[], 99:[], 100:[], 101:[], 102:[], 103:[], 104:[], 105:[], 106:[], 107:[], 108:[], 109:[], 110:[], 111:[], 112:[], 113:[], 114:[], 115:[], 116:[], 117:[], 118:[], 119:[], 120:[], 121:[], 122:[], 123:[], 124:[], 125:[], 126:[], 127:[], 128:[], 129:[], 130:[], 131:[], 132:[], 133:[]",25735486360,29898458057
3221,2,12666.7733,11726181,175019212,1396664279,237.2760,false,134,true,true,true,true,true,false,false,"0:[0, 1, 2, 3, 4, 5, 6, 7, 8, 9, 10, 11, 12, 13, 14, 15, 16, 17, 18, 19, 20, 21, 22, 23, 24, 25, 26, 27, 28, 29, 30, 31, 32, 33, 34, 35, 36, 37, 38, 39, 40, 41, 42, 43, 44, 45, 46, 47, 48, 49, 50, 51, 52, 53, 54, 55, 56, 57, 58, 59, 60, 61, 62, 63, 64, 65, 66, 67, 68, 69, 70, 71, 72, 73, 74, 75, 76, 77, 78, 79, 80, 81, 82, 83, 84, 85, 86, 87, 88, 89, 90, 91, 92, 93, 94, 95, 96, 97, 98, 99, 100, 101, 102, 103, 104, 105, 106, 107, 108, 109, 110, 111, 112, 113, 114, 115, 116, 117, 118, 119, 120, 121, 122, 123, 124, 125, 126, 127, 128, 129, 130, 131, 132, 133], 1:[], 2:[], 3:[], 4:[], 5:[], 6:[], 7:[], 8:[], 9:[], 10:[], 11:[], 12:[], 13:[], 14:[], 15:[], 16:[], 17:[], 18:[], 19:[], 20:[], 21:[], 22:[], 23:[], 24:[], 25:[], 26:[], 27:[], 28:[], 29:[], 30:[], 31:[], 32:[], 33:[], 34:[], 35:[], 36:[], 37:[], 38:[], 39:[], 40:[], 41:[], 42:[], 43:[], 44:[], 45:[], 46:[], 47:[], 48:[], 49:[], 50:[], 51:[], 52:[], 53:[], 54:[], 55:[], 56:[], 57:[], 58:[], 59:[], 60:[], 61:[], 62:[], 63:[], 64:[], 65:[], 66:[], 67:[], 68:[], 69:[], 70:[], 71:[], 72:[], 73:[], 74:[], 75:[], 76:[], 77:[], 78:[], 79:[], 80:[], 81:[], 82:[], 83:[], 84:[], 85:[], 86:[], 87:[], 88:[], 89:[], 90:[], 91:[], 92:[], 93:[], 94:[], 95:[], 96:[], 97:[], 98:[], 99:[], 100:[], 101:[], 102:[], 103:[], 104:[], 105:[], 106:[], 107:[], 108:[], 109:[], 110:[], 111:[], 112:[], 113:[], 114:[], 115:[], 116:[], 117:[], 118:[], 119:[], 120:[], 121:[], 122:[], 123:[], 124:[], 125:[], 126:[], 127:[], 128:[], 129:[], 130:[], 131:[], 132:[], 133:[]",25788708732,29975669784
3229,2,11453.5936,11813284,176325761,1407114623,246.0343,false,134,true,true,true,true,true,false,false,"0:[0, 1, 2, 3, 4, 5, 6, 7, 8, 9, 10, 11, 12, 13, 14, 15, 16, 17, 18, 19, 20, 21, 22, 23, 24, 25, 26, 27, 28, 29, 30, 31, 32, 33, 34, 35, 36, 37, 38, 39, 40, 41, 42, 43, 44, 45, 46, 47, 48, 49, 50, 51, 52, 53, 54, 55, 56, 57, 58, 59, 60, 61, 62, 63, 64, 65, 66, 67, 68, 69, 70, 71, 72, 73, 74, 75, 76, 77, 78, 79, 80, 81, 82, 83, 84, 85, 86, 87, 88, 89, 90, 91, 92, 93, 94, 95, 96, 97, 98, 99, 100, 101, 102, 103, 104, 105, 106, 107, 108, 109, 110, 111, 112, 113, 114, 115, 116, 117, 118, 119, 120, 121, 122, 123, 124, 125, 126, 127, 128, 129, 130, 131, 132, 133], 1:[], 2:[], 3:[], 4:[], 5:[], 6:[], 7:[], 8:[], 9:[], 10:[], 11:[], 12:[], 13:[], 14:[], 15:[], 16:[], 17:[], 18:[], 19:[], 20:[], 21:[], 22:[], 23:[], 24:[], 25:[], 26:[], 27:[], 28:[], 29:[], 30:[], 31:[], 32:[], 33:[], 34:[], 35:[], 36:[], 37:[], 38:[], 39:[], 40:[], 41:[], 42:[], 43:[], 44:[], 45:[], 46:[], 47:[], 48:[], 49:[], 50:[], 51:[], 52:[], 53:[], 54:[], 55:[], 56:[], 57:[], 58:[], 59:[], 60:[], 61:[], 62:[], 63:[], 64:[], 65:[], 66:[], 67:[], 68:[], 69:[], 70:[], 71:[], 72:[], 73:[], 74:[], 75:[], 76:[], 77:[], 78:[], 79:[], 80:[], 81:[], 82:[], 83:[], 84:[], 85:[], 86:[], 87:[], 88:[], 89:[], 90:[], 91:[], 92:[], 93:[], 94:[], 95:[], 96:[], 97:[], 98:[], 99:[], 100:[], 101:[], 102:[], 103:[], 104:[], 105:[], 106:[], 107:[], 108:[], 109:[], 110:[], 111:[], 112:[], 113:[], 114:[], 115:[], 116:[], 117:[], 118:[], 119:[], 120:[], 121:[], 122:[], 123:[], 124:[], 125:[], 126:[], 127:[], 128:[], 129:[], 130:[], 131:[], 132:[], 133:[]",25895671536,30130983541
3251,2,11352.2159,12055856,179944764,1435990433,274.0620,false,136,true,true,true,true,true,false,false,"0:[0, 1, 2, 3, 4, 5, 6, 7, 8, 9, 10, 11, 12, 13, 14, 15, 16, 17, 18, 19, 20, 21, 22, 23, 24, 25, 26, 27, 28, 29, 30, 31, 32, 33, 34, 35, 36, 37, 38, 39, 40, 41, 42, 43, 44, 45, 46, 47, 48, 49, 50, 51, 52, 53, 54, 55, 56, 57, 58, 59, 60, 61, 62, 63, 64, 65, 66, 67, 68, 69, 70, 71, 72, 73, 74, 75, 76, 77, 78, 79, 80, 81, 82, 83, 84, 85, 86, 87, 88, 89, 90, 91, 92, 93, 94, 95, 96, 97, 98, 99, 100, 101, 102, 103, 104, 105, 106, 107, 108, 109, 110, 111, 112, 113, 114, 115, 116, 117, 118, 119, 120, 121, 122, 123, 124, 125, 126, 127, 128, 129, 130, 131, 132, 133, 134, 135], 1:[], 2:[], 3:[], 4:[], 5:[], 6:[], 7:[], 8:[], 9:[], 10:[], 11:[], 12:[], 13:[], 14:[], 15:[], 16:[], 17:[], 18:[], 19:[], 20:[], 21:[], 22:[], 23:[], 24:[], 25:[], 26:[], 27:[], 28:[], 29:[], 30:[], 31:[], 32:[], 33:[], 34:[], 35:[], 36:[], 37:[], 38:[], 39:[], 40:[], 41:[], 42:[], 43:[], 44:[], 45:[], 46:[], 47:[], 48:[], 49:[], 50:[], 51:[], 52:[], 53:[], 54:[], 55:[], 56:[], 57:[], 58:[], 59:[], 60:[], 61:[], 62:[], 63:[], 64:[], 65:[], 66:[], 67:[], 68:[], 69:[], 70:[], 71:[], 72:[], 73:[], 74:[], 75:[], 76:[], 77:[], 78:[], 79:[], 80:[], 81:[], 82:[], 83:[], 84:[], 85:[], 86:[], 87:[], 88:[], 89:[], 90:[], 91:[], 92:[], 93:[], 94:[], 95:[], 96:[], 97:[], 98:[], 99:[], 100:[], 101:[], 102:[], 103:[], 104:[], 105:[], 106:[], 107:[], 108:[], 109:[], 110:[], 111:[], 112:[], 113:[], 114:[], 115:[], 116:[], 117:[], 118:[], 119:[], 120:[], 121:[], 122:[], 123:[], 124:[], 125:[], 126:[], 127:[], 128:[], 129:[], 130:[], 131:[], 132:[], 133:[], 134:[], 135:[]",26191983792,30561006428
3253,2,11578.4062,12077725,180276949,1438657567,241.5943,false,136,true,true,true,true,true,false,false,"0:[0, 1, 2, 3, 4, 5, 6, 7, 8, 9, 10, 11, 12, 13, 14, 15, 16, 17, 18, 19, 20, 21, 22, 23, 24, 25, 26, 27, 28, 29, 30, 31, 32, 33, 34, 35, 36, 37, 38, 39, 40, 41, 42, 43, 44, 45, 46, 47, 48, 49, 50, 51, 52, 53, 54, 55, 56, 57, 58, 59, 60, 61, 62, 63, 64, 65, 66, 67, 68, 69, 70, 71, 72, 73, 74, 75, 76, 77, 78, 79, 80, 81, 82, 83, 84, 85, 86, 87, 88, 89, 90, 91, 92, 93, 94, 95, 96, 97, 98, 99, 100, 101, 102, 103, 104, 105, 106, 107, 108, 109, 110, 111, 112, 113, 114, 115, 116, 117, 118, 119, 120, 121, 122, 123, 124, 125, 126, 127, 128, 129, 130, 131, 132, 133, 134, 135], 1:[], 2:[], 3:[], 4:[], 5:[], 6:[], 7:[], 8:[], 9:[], 10:[], 11:[], 12:[], 13:[], 14:[], 15:[], 16:[], 17:[], 18:[], 19:[], 20:[], 21:[], 22:[], 23:[], 24:[], 25:[], 26:[], 27:[], 28:[], 29:[], 30:[], 31:[], 32:[], 33:[], 34:[], 35:[], 36:[], 37:[], 38:[], 39:[], 40:[], 41:[], 42:[], 43:[], 44:[], 45:[], 46:[], 47:[], 48:[], 49:[], 50:[], 51:[], 52:[], 53:[], 54:[], 55:[], 56:[], 57:[], 58:[], 59:[], 60:[], 61:[], 62:[], 63:[], 64:[], 65:[], 66:[], 67:[], 68:[], 69:[], 70:[], 71:[], 72:[], 73:[], 74:[], 75:[], 76:[], 77:[], 78:[], 79:[], 80:[], 81:[], 82:[], 83:[], 84:[], 85:[], 86:[], 87:[], 88:[], 89:[], 90:[], 91:[], 92:[], 93:[], 94:[], 95:[], 96:[], 97:[], 98:[], 99:[], 100:[], 101:[], 102:[], 103:[], 104:[], 105:[], 106:[], 107:[], 108:[], 109:[], 110:[], 111:[], 112:[], 113:[], 114:[], 115:[], 116:[], 117:[], 118:[], 119:[], 120:[], 121:[], 122:[], 123:[], 124:[], 125:[], 126:[], 127:[], 128:[], 129:[], 130:[], 131:[], 132:[], 133:[], 134:[], 135:[]",26219170924,30600571957
3257,3,13320.5369,12122360,180944037,1443994840,251.2131,false,135,true,true,true,true,true,false,false,"0:[0, 1, 2, 3, 4, 5, 6, 7, 8, 9, 10, 11, 12, 13, 14, 15, 16, 17, 18, 19, 20, 21, 22, 23, 24, 25, 26, 27, 28, 29, 30, 31, 32, 33, 34, 35, 36, 37, 38, 39, 40, 41, 42, 43, 44, 45, 46, 47, 48, 49, 50, 51, 52, 53, 54, 55, 56, 57, 58, 59, 60, 61, 62, 63, 64, 65, 66, 67, 68, 69, 70, 71, 72, 73, 74, 75, 76, 77, 78, 79, 80, 81, 82, 83, 84, 85, 86, 87, 88, 89, 90, 91, 92, 93, 94, 95, 96, 97, 98, 99, 100, 101, 102, 103, 104, 105, 106, 107, 108, 109, 110, 111, 112, 113, 114, 115, 116, 117, 118, 119, 120, 121, 122, 123, 124, 125, 126, 127, 128, 129, 130, 131, 132, 133, 134], 1:[], 2:[], 3:[], 4:[], 5:[], 6:[], 7:[], 8:[], 9:[], 10:[], 11:[], 12:[], 13:[], 14:[], 15:[], 16:[], 17:[], 18:[], 19:[], 20:[], 21:[], 22:[], 23:[], 24:[], 25:[], 26:[], 27:[], 28:[], 29:[], 30:[], 31:[], 32:[], 33:[], 34:[], 35:[], 36:[], 37:[], 38:[], 39:[], 40:[], 41:[], 42:[], 43:[], 44:[], 45:[], 46:[], 47:[], 48:[], 49:[], 50:[], 51:[], 52:[], 53:[], 54:[], 55:[], 56:[], 57:[], 58:[], 59:[], 60:[], 61:[], 62:[], 63:[], 64:[], 65:[], 66:[], 67:[], 68:[], 69:[], 70:[], 71:[], 72:[], 73:[], 74:[], 75:[], 76:[], 77:[], 78:[], 79:[], 80:[], 81:[], 82:[], 83:[], 84:[], 85:[], 86:[], 87:[], 88:[], 89:[], 90:[], 91:[], 92:[], 93:[], 94:[], 95:[], 96:[], 97:[], 98:[], 99:[], 100:[], 101:[], 102:[], 103:[], 104:[], 105:[], 106:[], 107:[], 108:[], 109:[], 110:[], 111:[], 112:[], 113:[], 114:[], 115:[], 116:[], 117:[], 118:[], 119:[], 120:[], 121:[], 122:[], 123:[], 124:[], 125:[], 126:[], 127:[], 128:[], 129:[], 130:[], 131:[], 132:[], 133:[], 134:[]",26273787744,30679810841
3259,2,11541.3838,12144583,181276542,1446647688,245.4410,false,136,true,true,true,true,true,false,false,"0:[0, 1, 2, 3, 4, 5, 6, 7, 8, 9, 10, 11, 12, 13, 14, 15, 16, 17, 18, 19, 20, 21, 22, 23, 24, 25, 26, 27, 28, 29, 30, 31, 32, 33, 34, 35, 36, 37, 38, 39, 40, 41, 42, 43, 44, 45, 46, 47, 48, 49, 50, 51, 52, 53, 54, 55, 56, 57, 58, 59, 60, 61, 62, 63, 64, 65, 66, 67, 68, 69, 70, 71, 72, 73, 74, 75, 76, 77, 78, 79, 80, 81, 82, 83, 84, 85, 86, 87, 88, 89, 90, 91, 92, 93, 94, 95, 96, 97, 98, 99, 100, 101, 102, 103, 104, 105, 106, 107, 108, 109, 110, 111, 112, 113, 114, 115, 116, 117, 118, 119, 120, 121, 122, 123, 124, 125, 126, 127, 128, 129, 130, 131, 132, 133, 134, 135], 1:[], 2:[], 3:[], 4:[], 5:[], 6:[], 7:[], 8:[], 9:[], 10:[], 11:[], 12:[], 13:[], 14:[], 15:[], 16:[], 17:[], 18:[], 19:[], 20:[], 21:[], 22:[], 23:[], 24:[], 25:[], 26:[], 27:[], 28:[], 29:[], 30:[], 31:[], 32:[], 33:[], 34:[], 35:[], 36:[], 37:[], 38:[], 39:[], 40:[], 41:[], 42:[], 43:[], 44:[], 45:[], 46:[], 47:[], 48:[], 49:[], 50:[], 51:[], 52:[], 53:[], 54:[], 55:[], 56:[], 57:[], 58:[], 59:[], 60:[], 61:[], 62:[], 63:[], 64:[], 65:[], 66:[], 67:[], 68:[], 69:[], 70:[], 71:[], 72:[], 73:[], 74:[], 75:[], 76:[], 77:[], 78:[], 79:[], 80:[], 81:[], 82:[], 83:[], 84:[], 85:[], 86:[], 87:[], 88:[], 89:[], 90:[], 91:[], 92:[], 93:[], 94:[], 95:[], 96:[], 97:[], 98:[], 99:[], 100:[], 101:[], 102:[], 103:[], 104:[], 105:[], 106:[], 107:[], 108:[], 109:[], 110:[], 111:[], 112:[], 113:[], 114:[], 115:[], 116:[], 117:[], 118:[], 119:[], 120:[], 121:[], 122:[], 123:[], 124:[], 125:[], 126:[], 127:[], 128:[], 129:[], 130:[], 131:[], 132:[], 133:[], 134:[], 135:[]",26301010388,30719318346
3271,3,13794.3808,12278762,183282671,1462670482,275.5526,false,136,true,true,true,true,true,false,false,"0:[0, 1, 2, 3, 4, 5, 6, 7, 8, 9, 10, 11, 12, 13, 14, 15, 16, 17, 18, 19, 20, 21, 22, 23, 24, 25, 26, 27, 28, 29, 30, 31, 32, 33, 34, 35, 36, 37, 38, 39, 40, 41, 42, 43, 44, 45, 46, 47, 48, 49, 50, 51, 52, 53, 54, 55, 56, 57, 58, 59, 60, 61, 62, 63, 64, 65, 66, 67, 68, 69, 70, 71, 72, 73, 74, 75, 76, 77, 78, 79, 80, 81, 82, 83, 84, 85, 86, 87, 88, 89, 90, 91, 92, 93, 94, 95, 96, 97, 98, 99, 100, 101, 102, 103, 104, 105, 106, 107, 108, 109, 110, 111, 112, 113, 114, 115, 116, 117, 118, 119, 120, 121, 122, 123, 124, 125, 126, 127, 128, 129, 130, 131, 132, 133, 134, 135], 1:[], 2:[], 3:[], 4:[], 5:[], 6:[], 7:[], 8:[], 9:[], 10:[], 11:[], 12:[], 13:[], 14:[], 15:[], 16:[], 17:[], 18:[], 19:[], 20:[], 21:[], 22:[], 23:[], 24:[], 25:[], 26:[], 27:[], 28:[], 29:[], 30:[], 31:[], 32:[], 33:[], 34:[], 35:[], 36:[], 37:[], 38:[], 39:[], 40:[], 41:[], 42:[], 43:[], 44:[], 45:[], 46:[], 47:[], 48:[], 49:[], 50:[], 51:[], 52:[], 53:[], 54:[], 55:[], 56:[], 57:[], 58:[], 59:[], 60:[], 61:[], 62:[], 63:[], 64:[], 65:[], 66:[], 67:[], 68:[], 69:[], 70:[], 71:[], 72:[], 73:[], 74:[], 75:[], 76:[], 77:[], 78:[], 79:[], 80:[], 81:[], 82:[], 83:[], 84:[], 85:[], 86:[], 87:[], 88:[], 89:[], 90:[], 91:[], 92:[], 93:[], 94:[], 95:[], 96:[], 97:[], 98:[], 99:[], 100:[], 101:[], 102:[], 103:[], 104:[], 105:[], 106:[], 107:[], 108:[], 109:[], 110:[], 111:[], 112:[], 113:[], 114:[], 115:[], 116:[], 117:[], 118:[], 119:[], 120:[], 121:[], 122:[], 123:[], 124:[], 125:[], 126:[], 127:[], 128:[], 129:[], 130:[], 131:[], 132:[], 133:[], 134:[], 135:[]",26465257720,30957739907
3299,2,13077.7673,12595868,188019440,1500487700,254.2533,false,138,true,true,true,true,true,false,false,"0:[0, 1, 2, 3, 4, 5, 6, 7, 8, 9, 10, 11, 12, 13, 14, 15, 16, 17, 18, 19, 20, 21, 22, 23, 24, 25, 26, 27, 28, 29, 30, 31, 32, 33, 34, 35, 36, 37, 38, 39, 40, 41, 42, 43, 44, 45, 46, 47, 48, 49, 50, 51, 52, 53, 54, 55, 56, 57, 58, 59, 60, 61, 62, 63, 64, 65, 66, 67, 68, 69, 70, 71, 72, 73, 74, 75, 76, 77, 78, 79, 80, 81, 82, 83, 84, 85, 86, 87, 88, 89, 90, 91, 92, 93, 94, 95, 96, 97, 98, 99, 100, 101, 102, 103, 104, 105, 106, 107, 108, 109, 110, 111, 112, 113, 114, 115, 116, 117, 118, 119, 120, 121, 122, 123, 124, 125, 126, 127, 128, 129, 130, 131, 132, 133, 134, 135, 136, 137], 1:[], 2:[], 3:[], 4:[], 5:[], 6:[], 7:[], 8:[], 9:[], 10:[], 11:[], 12:[], 13:[], 14:[], 15:[], 16:[], 17:[], 18:[], 19:[], 20:[], 21:[], 22:[], 23:[], 24:[], 25:[], 26:[], 27:[], 28:[], 29:[], 30:[], 31:[], 32:[], 33:[], 34:[], 35:[], 36:[], 37:[], 38:[], 39:[], 40:[], 41:[], 42:[], 43:[], 44:[], 45:[], 46:[], 47:[], 48:[], 49:[], 50:[], 51:[], 52:[], 53:[], 54:[], 55:[], 56:[], 57:[], 58:[], 59:[], 60:[], 61:[], 62:[], 63:[], 64:[], 65:[], 66:[], 67:[], 68:[], 69:[], 70:[], 71:[], 72:[], 73:[], 74:[], 75:[], 76:[], 77:[], 78:[], 79:[], 80:[], 81:[], 82:[], 83:[], 84:[], 85:[], 86:[], 87:[], 88:[], 89:[], 90:[], 91:[], 92:[], 93:[], 94:[], 95:[], 96:[], 97:[], 98:[], 99:[], 100:[], 101:[], 102:[], 103:[], 104:[], 105:[], 106:[], 107:[], 108:[], 109:[], 110:[], 111:[], 112:[], 113:[], 114:[], 115:[], 116:[], 117:[], 118:[], 119:[], 120:[], 121:[], 122:[], 123:[], 124:[], 125:[], 126:[], 127:[], 128:[], 129:[], 130:[], 131:[], 132:[], 133:[], 134:[], 135:[], 136:[], 137:[]",26853078208,31520652432
3301,2,13716.1448,12618389,188363073,1503256078,259.0665,false,137,true,true,true,true,true,false,false,"0:[0, 1, 2, 3, 4, 5, 6, 7, 8, 9, 10, 11, 12, 13, 14, 15, 16, 17, 18, 19, 20, 21, 22, 23, 24, 25, 26, 27, 28, 29, 30, 31, 32, 33, 34, 35, 36, 37, 38, 39, 40, 41, 42, 43, 44, 45, 46, 47, 48, 49, 50, 51, 52, 53, 54, 55, 56, 57, 58, 59, 60, 61, 62, 63, 64, 65, 66, 67, 68, 69, 70, 71, 72, 73, 74, 75, 76, 77, 78, 79, 80, 81, 82, 83, 84, 85, 86, 87, 88, 89, 90, 91, 92, 93, 94, 95, 96, 97, 98, 99, 100, 101, 102, 103, 104, 105, 106, 107, 108, 109, 110, 111, 112, 113, 114, 115, 116, 117, 118, 119, 120, 121, 122, 123, 124, 125, 126, 127, 128, 129, 130, 131, 132, 133, 134, 135, 136], 1:[], 2:[], 3:[], 4:[], 5:[], 6:[], 7:[], 8:[], 9:[], 10:[], 11:[], 12:[], 13:[], 14:[], 15:[], 16:[], 17:[], 18:[], 19:[], 20:[], 21:[], 22:[], 23:[], 24:[], 25:[], 26:[], 27:[], 28:[], 29:[], 30:[], 31:[], 32:[], 33:[], 34:[], 35:[], 36:[], 37:[], 38:[], 39:[], 40:[], 41:[], 42:[], 43:[], 44:[], 45:[], 46:[], 47:[], 48:[], 49:[], 50:[], 51:[], 52:[], 53:[], 54:[], 55:[], 56:[], 57:[], 58:[], 59:[], 60:[], 61:[], 62:[], 63:[], 64:[], 65:[], 66:[], 67:[], 68:[], 69:[], 70:[], 71:[], 72:[], 73:[], 74:[], 75:[], 76:[], 77:[], 78:[], 79:[], 80:[], 81:[], 82:[], 83:[], 84:[], 85:[], 86:[], 87:[], 88:[], 89:[], 90:[], 91:[], 92:[], 93:[], 94:[], 95:[], 96:[], 97:[], 98:[], 99:[], 100:[], 101:[], 102:[], 103:[], 104:[], 105:[], 106:[], 107:[], 108:[], 109:[], 110:[], 111:[], 112:[], 113:[], 114:[], 115:[], 116:[], 117:[], 118:[], 119:[], 120:[], 121:[], 122:[], 123:[], 124:[], 125:[], 126:[], 127:[], 128:[], 129:[], 130:[], 131:[], 132:[], 133:[], 134:[], 135:[], 136:[]",26881199436,31561576657
3307,2,11892.1727,12687223,189387289,1511413407,257.4255,false,137,true,true,true,true,true,false,false,"0:[0, 1, 2, 3, 4, 5, 6, 7, 8, 9, 10, 11, 12, 13, 14, 15, 16, 17, 18, 19, 20, 21, 22, 23, 24, 25, 26, 27, 28, 29, 30, 31, 32, 33, 34, 35, 36, 37, 38, 39, 40, 41, 42, 43, 44, 45, 46, 47, 48, 49, 50, 51, 52, 53, 54, 55, 56, 57, 58, 59, 60, 61, 62, 63, 64, 65, 66, 67, 68, 69, 70, 71, 72, 73, 74, 75, 76, 77, 78, 79, 80, 81, 82, 83, 84, 85, 86, 87, 88, 89, 90, 91, 92, 93, 94, 95, 96, 97, 98, 99, 100, 101, 102, 103, 104, 105, 106, 107, 108, 109, 110, 111, 112, 113, 114, 115, 116, 117, 118, 119, 120, 121, 122, 123, 124, 125, 126, 127, 128, 129, 130, 131, 132, 133, 134, 135, 136], 1:[], 2:[], 3:[], 4:[], 5:[], 6:[], 7:[], 8:[], 9:[], 10:[], 11:[], 12:[], 13:[], 14:[], 15:[], 16:[], 17:[], 18:[], 19:[], 20:[], 21:[], 22:[], 23:[], 24:[], 25:[], 26:[], 27:[], 28:[], 29:[], 30:[], 31:[], 32:[], 33:[], 34:[], 35:[], 36:[], 37:[], 38:[], 39:[], 40:[], 41:[], 42:[], 43:[], 44:[], 45:[], 46:[], 47:[], 48:[], 49:[], 50:[], 51:[], 52:[], 53:[], 54:[], 55:[], 56:[], 57:[], 58:[], 59:[], 60:[], 61:[], 62:[], 63:[], 64:[], 65:[], 66:[], 67:[], 68:[], 69:[], 70:[], 71:[], 72:[], 73:[], 74:[], 75:[], 76:[], 77:[], 78:[], 79:[], 80:[], 81:[], 82:[], 83:[], 84:[], 85:[], 86:[], 87:[], 88:[], 89:[], 90:[], 91:[], 92:[], 93:[], 94:[], 95:[], 96:[], 97:[], 98:[], 99:[], 100:[], 101:[], 102:[], 103:[], 104:[], 105:[], 106:[], 107:[], 108:[], 109:[], 110:[], 111:[], 112:[], 113:[], 114:[], 115:[], 116:[], 117:[], 118:[], 119:[], 120:[], 121:[], 122:[], 123:[], 124:[], 125:[], 126:[], 127:[], 128:[], 129:[], 130:[], 131:[], 132:[], 133:[], 134:[], 135:[], 136:[]",26965064068,31683257249
3313,5,15054.8393,12756030,190419376,1519669895,279.5255,false,138,true,true,true,true,true,false,false,"0:[0, 1, 2, 3, 4, 5, 6, 7, 8, 9, 10, 11, 12, 13, 14, 15, 16, 17, 18, 19, 20, 21, 22, 23, 24, 25, 26, 27, 28, 29, 30, 31, 32, 33, 34, 35, 36, 37, 38, 39, 40, 41, 42, 43, 44, 45, 46, 47, 48, 49, 50, 51, 52, 53, 54, 55, 56, 57, 58, 59, 60, 61, 62, 63, 64, 65, 66, 67, 68, 69, 70, 71, 72, 73, 74, 75, 76, 77, 78, 79, 80, 81, 82, 83, 84, 85, 86, 87, 88, 89, 90, 91, 92, 93, 94, 95, 96, 97, 98, 99, 100, 101, 102, 103, 104, 105, 106, 107, 108, 109, 110, 111, 112, 113, 114, 115, 116, 117, 118, 119, 120, 121, 122, 123, 124, 125, 126, 127, 128, 129, 130, 131, 132, 133, 134, 135, 136, 137], 1:[], 2:[], 3:[], 4:[], 5:[], 6:[], 7:[], 8:[], 9:[], 10:[], 11:[], 12:[], 13:[], 14:[], 15:[], 16:[], 17:[], 18:[], 19:[], 20:[], 21:[], 22:[], 23:[], 24:[], 25:[], 26:[], 27:[], 28:[], 29:[], 30:[], 31:[], 32:[], 33:[], 34:[], 35:[], 36:[], 37:[], 38:[], 39:[], 40:[], 41:[], 42:[], 43:[], 44:[], 45:[], 46:[], 47:[], 48:[], 49:[], 50:[], 51:[], 52:[], 53:[], 54:[], 55:[], 56:[], 57:[], 58:[], 59:[], 60:[], 61:[], 62:[], 63:[], 64:[], 65:[], 66:[], 67:[], 68:[], 69:[], 70:[], 71:[], 72:[], 73:[], 74:[], 75:[], 76:[], 77:[], 78:[], 79:[], 80:[], 81:[], 82:[], 83:[], 84:[], 85:[], 86:[], 87:[], 88:[], 89:[], 90:[], 91:[], 92:[], 93:[], 94:[], 95:[], 96:[], 97:[], 98:[], 99:[], 100:[], 101:[], 102:[], 103:[], 104:[], 105:[], 106:[], 107:[], 108:[], 109:[], 110:[], 111:[], 112:[], 113:[], 114:[], 115:[], 116:[], 117:[], 118:[], 119:[], 120:[], 121:[], 122:[], 123:[], 124:[], 125:[], 126:[], 127:[], 128:[], 129:[], 130:[], 131:[], 132:[], 133:[], 134:[], 135:[], 136:[], 137:[]",27049557624,31805964200
3319,3,13390.1332,12825364,191455196,1527944674,260.3386,false,138,true,true,true,true,true,false,false,"0:[0, 1, 2, 3, 4, 5, 6, 7, 8, 9, 10, 11, 12, 13, 14, 15, 16, 17, 18, 19, 20, 21, 22, 23, 24, 25, 26, 27, 28, 29, 30, 31, 32, 33, 34, 35, 36, 37, 38, 39, 40, 41, 42, 43, 44, 45, 46, 47, 48, 49, 50, 51, 52, 53, 54, 55, 56, 57, 58, 59, 60, 61, 62, 63, 64, 65, 66, 67, 68, 69, 70, 71, 72, 73, 74, 75, 76, 77, 78, 79, 80, 81, 82, 83, 84, 85, 86, 87, 88, 89, 90, 91, 92, 93, 94, 95, 96, 97, 98, 99, 100, 101, 102, 103, 104, 105, 106, 107, 108, 109, 110, 111, 112, 113, 114, 115, 116, 117, 118, 119, 120, 121, 122, 123, 124, 125, 126, 127, 128, 129, 130, 131, 132, 133, 134, 135, 136, 137], 1:[], 2:[], 3:[], 4:[], 5:[], 6:[], 7:[], 8:[], 9:[], 10:[], 11:[], 12:[], 13:[], 14:[], 15:[], 16:[], 17:[], 18:[], 19:[], 20:[], 21:[], 22:[], 23:[], 24:[], 25:[], 26:[], 27:[], 28:[], 29:[], 30:[], 31:[], 32:[], 33:[], 34:[], 35:[], 36:[], 37:[], 38:[], 39:[], 40:[], 41:[], 42:[], 43:[], 44:[], 45:[], 46:[], 47:[], 48:[], 49:[], 50:[], 51:[], 52:[], 53:[], 54:[], 55:[], 56:[], 57:[], 58:[], 59:[], 60:[], 61:[], 62:[], 63:[], 64:[], 65:[], 66:[], 67:[], 68:[], 69:[], 70:[], 71:[], 72:[], 73:[], 74:[], 75:[], 76:[], 77:[], 78:[], 79:[], 80:[], 81:[], 82:[], 83:[], 84:[], 85:[], 86:[], 87:[], 88:[], 89:[], 90:[], 91:[], 92:[], 93:[], 94:[], 95:[], 96:[], 97:[], 98:[], 99:[], 100:[], 101:[], 102:[], 103:[], 104:[], 105:[], 106:[], 107:[], 108:[], 109:[], 110:[], 111:[], 112:[], 113:[], 114:[], 115:[], 116:[], 117:[], 118:[], 119:[], 120:[], 121:[], 122:[], 123:[], 124:[], 125:[], 126:[], 127:[], 128:[], 129:[], 130:[], 131:[], 132:[], 133:[], 134:[], 135:[], 136:[], 137:[]",27134364576,31929016620
3323,2,12304.2187,12871817,192146181,1533453302,265.8017,false,138,true,true,true,true,true,false,false,"0:[0, 1, 2, 3, 4, 5, 6, 7, 8, 9, 10, 11, 12, 13, 14, 15, 16, 17, 18, 19, 20, 21, 22, 23, 24, 25, 26, 27, 28, 29, 30, 31, 32, 33, 34, 35, 36, 37, 38, 39, 40, 41, 42, 43, 44, 45, 46, 47, 48, 49, 50, 51, 52, 53, 54, 55, 56, 57, 58, 59, 60, 61, 62, 63, 64, 65, 66, 67, 68, 69, 70, 71, 72, 73, 74, 75, 76, 77, 78, 79, 80, 81, 82, 83, 84, 85, 86, 87, 88, 89, 90, 91, 92, 93, 94, 95, 96, 97, 98, 99, 100, 101, 102, 103, 104, 105, 106, 107, 108, 109, 110, 111, 112, 113, 114, 115, 116, 117, 118, 119, 120, 121, 122, 123, 124, 125, 126, 127, 128, 129, 130, 131, 132, 133, 134, 135, 136, 137], 1:[], 2:[], 3:[], 4:[], 5:[], 6:[], 7:[], 8:[], 9:[], 10:[], 11:[], 12:[], 13:[], 14:[], 15:[], 16:[], 17:[], 18:[], 19:[], 20:[], 21:[], 22:[], 23:[], 24:[], 25:[], 26:[], 27:[], 28:[], 29:[], 30:[], 31:[], 32:[], 33:[], 34:[], 35:[], 36:[], 37:[], 38:[], 39:[], 40:[], 41:[], 42:[], 43:[], 44:[], 45:[], 46:[], 47:[], 48:[], 49:[], 50:[], 51:[], 52:[], 53:[], 54:[], 55:[], 56:[], 57:[], 58:[], 59:[], 60:[], 61:[], 62:[], 63:[], 64:[], 65:[], 66:[], 67:[], 68:[], 69:[], 70:[], 71:[], 72:[], 73:[], 74:[], 75:[], 76:[], 77:[], 78:[], 79:[], 80:[], 81:[], 82:[], 83:[], 84:[], 85:[], 86:[], 87:[], 88:[], 89:[], 90:[], 91:[], 92:[], 93:[], 94:[], 95:[], 96:[], 97:[], 98:[], 99:[], 100:[], 101:[], 102:[], 103:[], 104:[], 105:[], 106:[], 107:[], 108:[], 109:[], 110:[], 111:[], 112:[], 113:[], 114:[], 115:[], 116:[], 117:[], 118:[], 119:[], 120:[], 121:[], 122:[], 123:[], 124:[], 125:[], 126:[], 127:[], 128:[], 129:[], 130:[], 131:[], 132:[], 133:[], 134:[], 135:[], 136:[], 137:[]",27190944060,32011100565
3329,3,16498.6314,12941290,193186604,1541766671,273.3209,false,139,true,true,true,true,true,false,false,"0:[0, 1, 2, 3, 4, 5, 6, 7, 8, 9, 10, 11, 12, 13, 14, 15, 16, 17, 18, 19, 20, 21, 22, 23, 24, 25, 26, 27, 28, 29, 30, 31, 32, 33, 34, 35, 36, 37, 38, 39, 40, 41, 42, 43, 44, 45, 46, 47, 48, 49, 50, 51, 52, 53, 54, 55, 56, 57, 58, 59, 60, 61, 62, 63, 64, 65, 66, 67, 68, 69, 70, 71, 72, 73, 74, 75, 76, 77, 78, 79, 80, 81, 82, 83, 84, 85, 86, 87, 88, 89, 90, 91, 92, 93, 94, 95, 96, 97, 98, 99, 100, 101, 102, 103, 104, 105, 106, 107, 108, 109, 110, 111, 112, 113, 114, 115, 116, 117, 118, 119, 120, 121, 122, 123, 124, 125, 126, 127, 128, 129, 130, 131, 132, 133, 134, 135, 136, 137, 138], 1:[], 2:[], 3:[], 4:[], 5:[], 6:[], 7:[], 8:[], 9:[], 10:[], 11:[], 12:[], 13:[], 14:[], 15:[], 16:[], 17:[], 18:[], 19:[], 20:[], 21:[], 22:[], 23:[], 24:[], 25:[], 26:[], 27:[], 28:[], 29:[], 30:[], 31:[], 32:[], 33:[], 34:[], 35:[], 36:[], 37:[], 38:[], 39:[], 40:[], 41:[], 42:[], 43:[], 44:[], 45:[], 46:[], 47:[], 48:[], 49:[], 50:[], 51:[], 52:[], 53:[], 54:[], 55:[], 56:[], 57:[], 58:[], 59:[], 60:[], 61:[], 62:[], 63:[], 64:[], 65:[], 66:[], 67:[], 68:[], 69:[], 70:[], 71:[], 72:[], 73:[], 74:[], 75:[], 76:[], 77:[], 78:[], 79:[], 80:[], 81:[], 82:[], 83:[], 84:[], 85:[], 86:[], 87:[], 88:[], 89:[], 90:[], 91:[], 92:[], 93:[], 94:[], 95:[], 96:[], 97:[], 98:[], 99:[], 100:[], 101:[], 102:[], 103:[], 104:[], 105:[], 106:[], 107:[], 108:[], 109:[], 110:[], 111:[], 112:[], 113:[], 114:[], 115:[], 116:[], 117:[], 118:[], 119:[], 120:[], 121:[], 122:[], 123:[], 124:[], 125:[], 126:[], 127:[], 128:[], 129:[], 130:[], 131:[], 132:[], 133:[], 134:[], 135:[], 136:[], 137:[], 138:[]",27276123144,32134801348
3331,2,11869.9427,12964502,193534789,1544549898,278.3086,false,139,true,true,true,true,true,false,false,"0:[0, 1, 2, 3, 4, 5, 6, 7, 8, 9, 10, 11, 12, 13, 14, 15, 16, 17, 18, 19, 20, 21, 22, 23, 24, 25, 26, 27, 28, 29, 30, 31, 32, 33, 34, 35, 36, 37, 38, 39, 40, 41, 42, 43, 44, 45, 46, 47, 48, 49, 50, 51, 52, 53, 54, 55, 56, 57, 58, 59, 60, 61, 62, 63, 64, 65, 66, 67, 68, 69, 70, 71, 72, 73, 74, 75, 76, 77, 78, 79, 80, 81, 82, 83, 84, 85, 86, 87, 88, 89, 90, 91, 92, 93, 94, 95, 96, 97, 98, 99, 100, 101, 102, 103, 104, 105, 106, 107, 108, 109, 110, 111, 112, 113, 114, 115, 116, 117, 118, 119, 120, 121, 122, 123, 124, 125, 126, 127, 128, 129, 130, 131, 132, 133, 134, 135, 136, 137, 138], 1:[], 2:[], 3:[], 4:[], 5:[], 6:[], 7:[], 8:[], 9:[], 10:[], 11:[], 12:[], 13:[], 14:[], 15:[], 16:[], 17:[], 18:[], 19:[], 20:[], 21:[], 22:[], 23:[], 24:[], 25:[], 26:[], 27:[], 28:[], 29:[], 30:[], 31:[], 32:[], 33:[], 34:[], 35:[], 36:[], 37:[], 38:[], 39:[], 40:[], 41:[], 42:[], 43:[], 44:[], 45:[], 46:[], 47:[], 48:[], 49:[], 50:[], 51:[], 52:[], 53:[], 54:[], 55:[], 56:[], 57:[], 58:[], 59:[], 60:[], 61:[], 62:[], 63:[], 64:[], 65:[], 66:[], 67:[], 68:[], 69:[], 70:[], 71:[], 72:[], 73:[], 74:[], 75:[], 76:[], 77:[], 78:[], 79:[], 80:[], 81:[], 82:[], 83:[], 84:[], 85:[], 86:[], 87:[], 88:[], 89:[], 90:[], 91:[], 92:[], 93:[], 94:[], 95:[], 96:[], 97:[], 98:[], 99:[], 100:[], 101:[], 102:[], 103:[], 104:[], 105:[], 106:[], 107:[], 108:[], 109:[], 110:[], 111:[], 112:[], 113:[], 114:[], 115:[], 116:[], 117:[], 118:[], 119:[], 120:[], 121:[], 122:[], 123:[], 124:[], 125:[], 126:[], 127:[], 128:[], 129:[], 130:[], 131:[], 132:[], 133:[], 134:[], 135:[], 136:[], 137:[], 138:[]",27304627880,32176171425
3343,3,13111.4059,13104644,195629413,1561275334,274.3418,false,140,true,true,true,true,true,false,false,"0:[0, 1, 2, 3, 4, 5, 6, 7, 8, 9, 10, 11, 12, 13, 14, 15, 16, 17, 18, 19, 20, 21, 22, 23, 24, 25, 26, 27, 28, 29, 30, 31, 32, 33, 34, 35, 36, 37, 38, 39, 40, 41, 42, 43, 44, 45, 46, 47, 48, 49, 50, 51, 52, 53, 54, 55, 56, 57, 58, 59, 60, 61, 62, 63, 64, 65, 66, 67, 68, 69, 70, 71, 72, 73, 74, 75, 76, 77, 78, 79, 80, 81, 82, 83, 84, 85, 86, 87, 88, 89, 90, 91, 92, 93, 94, 95, 96, 97, 98, 99, 100, 101, 102, 103, 104, 105, 106, 107, 108, 109, 110, 111, 112, 113, 114, 115, 116, 117, 118, 119, 120, 121, 122, 123, 124, 125, 126, 127, 128, 129, 130, 131, 132, 133, 134, 135, 136, 137, 138, 139], 1:[], 2:[], 3:[], 4:[], 5:[], 6:[], 7:[], 8:[], 9:[], 10:[], 11:[], 12:[], 13:[], 14:[], 15:[], 16:[], 17:[], 18:[], 19:[], 20:[], 21:[], 22:[], 23:[], 24:[], 25:[], 26:[], 27:[], 28:[], 29:[], 30:[], 31:[], 32:[], 33:[], 34:[], 35:[], 36:[], 37:[], 38:[], 39:[], 40:[], 41:[], 42:[], 43:[], 44:[], 45:[], 46:[], 47:[], 48:[], 49:[], 50:[], 51:[], 52:[], 53:[], 54:[], 55:[], 56:[], 57:[], 58:[], 59:[], 60:[], 61:[], 62:[], 63:[], 64:[], 65:[], 66:[], 67:[], 68:[], 69:[], 70:[], 71:[], 72:[], 73:[], 74:[], 75:[], 76:[], 77:[], 78:[], 79:[], 80:[], 81:[], 82:[], 83:[], 84:[], 85:[], 86:[], 87:[], 88:[], 89:[], 90:[], 91:[], 92:[], 93:[], 94:[], 95:[], 96:[], 97:[], 98:[], 99:[], 100:[], 101:[], 102:[], 103:[], 104:[], 105:[], 106:[], 107:[], 108:[], 109:[], 110:[], 111:[], 112:[], 113:[], 114:[], 115:[], 116:[], 117:[], 118:[], 119:[], 120:[], 121:[], 122:[], 123:[], 124:[], 125:[], 126:[], 127:[], 128:[], 129:[], 130:[], 131:[], 132:[], 133:[], 134:[], 135:[], 136:[], 137:[], 138:[], 139:[]",27476121776,32425112841
3347,2,14158.1248,13151768,196332891,1566898518,269.7341,false,139,true,true,true,true,true,false,false,"0:[0, 1, 2, 3, 4, 5, 6, 7, 8, 9, 10, 11, 12, 13, 14, 15, 16, 17, 18, 19, 20, 21, 22, 23, 24, 25, 26, 27, 28, 29, 30, 31, 32, 33, 34, 35, 36, 37, 38, 39, 40, 41, 42, 43, 44, 45, 46, 47, 48, 49, 50, 51, 52, 53, 54, 55, 56, 57, 58, 59, 60, 61, 62, 63, 64, 65, 66, 67, 68, 69, 70, 71, 72, 73, 74, 75, 76, 77, 78, 79, 80, 81, 82, 83, 84, 85, 86, 87, 88, 89, 90, 91, 92, 93, 94, 95, 96, 97, 98, 99, 100, 101, 102, 103, 104, 105, 106, 107, 108, 109, 110, 111, 112, 113, 114, 115, 116, 117, 118, 119, 120, 121, 122, 123, 124, 125, 126, 127, 128, 129, 130, 131, 132, 133, 134, 135, 136, 137, 138], 1:[], 2:[], 3:[], 4:[], 5:[], 6:[], 7:[], 8:[], 9:[], 10:[], 11:[], 12:[], 13:[], 14:[], 15:[], 16:[], 17:[], 18:[], 19:[], 20:[], 21:[], 22:[], 23:[], 24:[], 25:[], 26:[], 27:[], 28:[], 29:[], 30:[], 31:[], 32:[], 33:[], 34:[], 35:[], 36:[], 37:[], 38:[], 39:[], 40:[], 41:[], 42:[], 43:[], 44:[], 45:[], 46:[], 47:[], 48:[], 49:[], 50:[], 51:[], 52:[], 53:[], 54:[], 55:[], 56:[], 57:[], 58:[], 59:[], 60:[], 61:[], 62:[], 63:[], 64:[], 65:[], 66:[], 67:[], 68:[], 69:[], 70:[], 71:[], 72:[], 73:[], 74:[], 75:[], 76:[], 77:[], 78:[], 79:[], 80:[], 81:[], 82:[], 83:[], 84:[], 85:[], 86:[], 87:[], 88:[], 89:[], 90:[], 91:[], 92:[], 93:[], 94:[], 95:[], 96:[], 97:[], 98:[], 99:[], 100:[], 101:[], 102:[], 103:[], 104:[], 105:[], 106:[], 107:[], 108:[], 109:[], 110:[], 111:[], 112:[], 113:[], 114:[], 115:[], 116:[], 117:[], 118:[], 119:[], 120:[], 121:[], 122:[], 123:[], 124:[], 125:[], 126:[], 127:[], 128:[], 129:[], 130:[], 131:[], 132:[], 133:[], 134:[], 135:[], 136:[], 137:[], 138:[]",27533719488,32508676519
3359,11,15509.2478,13293254,198445857,1583759981,286.4825,false,139,true,true,true,true,true,false,false,"0:[0, 1, 2, 3, 4, 5, 6, 7, 8, 9, 10, 11, 12, 13, 14, 15, 16, 17, 18, 19, 20, 21, 22, 23, 24, 25, 26, 27, 28, 29, 30, 31, 32, 33, 34, 35, 36, 37, 38, 39, 40, 41, 42, 43, 44, 45, 46, 47, 48, 49, 50, 51, 52, 53, 54, 55, 56, 57, 58, 59, 60, 61, 62, 63, 64, 65, 66, 67, 68, 69, 70, 71, 72, 73, 74, 75, 76, 77, 78, 79, 80, 81, 82, 83, 84, 85, 86, 87, 88, 89, 90, 91, 92, 93, 94, 95, 96, 97, 98, 99, 100, 101, 102, 103, 104, 105, 106, 107, 108, 109, 110, 111, 112, 113, 114, 115, 116, 117, 118, 119, 120, 121, 122, 123, 124, 125, 126, 127, 128, 129, 130, 131, 132, 133, 134, 135, 136, 137, 138], 1:[], 2:[], 3:[], 4:[], 5:[], 6:[], 7:[], 8:[], 9:[], 10:[], 11:[], 12:[], 13:[], 14:[], 15:[], 16:[], 17:[], 18:[], 19:[], 20:[], 21:[], 22:[], 23:[], 24:[], 25:[], 26:[], 27:[], 28:[], 29:[], 30:[], 31:[], 32:[], 33:[], 34:[], 35:[], 36:[], 37:[], 38:[], 39:[], 40:[], 41:[], 42:[], 43:[], 44:[], 45:[], 46:[], 47:[], 48:[], 49:[], 50:[], 51:[], 52:[], 53:[], 54:[], 55:[], 56:[], 57:[], 58:[], 59:[], 60:[], 61:[], 62:[], 63:[], 64:[], 65:[], 66:[], 67:[], 68:[], 69:[], 70:[], 71:[], 72:[], 73:[], 74:[], 75:[], 76:[], 77:[], 78:[], 79:[], 80:[], 81:[], 82:[], 83:[], 84:[], 85:[], 86:[], 87:[], 88:[], 89:[], 90:[], 91:[], 92:[], 93:[], 94:[], 95:[], 96:[], 97:[], 98:[], 99:[], 100:[], 101:[], 102:[], 103:[], 104:[], 105:[], 106:[], 107:[], 108:[], 109:[], 110:[], 111:[], 112:[], 113:[], 114:[], 115:[], 116:[], 117:[], 118:[], 119:[], 120:[], 121:[], 122:[], 123:[], 124:[], 125:[], 126:[], 127:[], 128:[], 129:[], 130:[], 131:[], 132:[], 133:[], 134:[], 135:[], 136:[], 137:[], 138:[]",27706718376,32759799469
3361,11,17090.0663,13316604,198802877,1586640787,281.2351,false,141,true,true,true,true,true,false,false,"0:[0, 1, 2, 3, 4, 5, 6, 7, 8, 9, 10, 11, 12, 13, 14, 15, 16, 17, 18, 19, 20, 21, 22, 23, 24, 25, 26, 27, 28, 29, 30, 31, 32, 33, 34, 35, 36, 37, 38, 39, 40, 41, 42, 43, 44, 45, 46, 47, 48, 49, 50, 51, 52, 53, 54, 55, 56, 57, 58, 59, 60, 61, 62, 63, 64, 65, 66, 67, 68, 69, 70, 71, 72, 73, 74, 75, 76, 77, 78, 79, 80, 81, 82, 83, 84, 85, 86, 87, 88, 89, 90, 91, 92, 93, 94, 95, 96, 97, 98, 99, 100, 101, 102, 103, 104, 105, 106, 107, 108, 109, 110, 111, 112, 113, 114, 115, 116, 117, 118, 119, 120, 121, 122, 123, 124, 125, 126, 127, 128, 129, 130, 131, 132, 133, 134, 135, 136, 137, 138, 139, 140], 1:[], 2:[], 3:[], 4:[], 5:[], 6:[], 7:[], 8:[], 9:[], 10:[], 11:[], 12:[], 13:[], 14:[], 15:[], 16:[], 17:[], 18:[], 19:[], 20:[], 21:[], 22:[], 23:[], 24:[], 25:[], 26:[], 27:[], 28:[], 29:[], 30:[], 31:[], 32:[], 33:[], 34:[], 35:[], 36:[], 37:[], 38:[], 39:[], 40:[], 41:[], 42:[], 43:[], 44:[], 45:[], 46:[], 47:[], 48:[], 49:[], 50:[], 51:[], 52:[], 53:[], 54:[], 55:[], 56:[], 57:[], 58:[], 59:[], 60:[], 61:[], 62:[], 63:[], 64:[], 65:[], 66:[], 67:[], 68:[], 69:[], 70:[], 71:[], 72:[], 73:[], 74:[], 75:[], 76:[], 77:[], 78:[], 79:[], 80:[], 81:[], 82:[], 83:[], 84:[], 85:[], 86:[], 87:[], 88:[], 89:[], 90:[], 91:[], 92:[], 93:[], 94:[], 95:[], 96:[], 97:[], 98:[], 99:[], 100:[], 101:[], 102:[], 103:[], 104:[], 105:[], 106:[], 107:[], 108:[], 109:[], 110:[], 111:[], 112:[], 113:[], 114:[], 115:[], 116:[], 117:[], 118:[], 119:[], 120:[], 121:[], 122:[], 123:[], 124:[], 125:[], 126:[], 127:[], 128:[], 129:[], 130:[], 131:[], 132:[], 133:[], 134:[], 135:[], 136:[], 137:[], 138:[], 139:[], 140:[]",27735933776,32802315169
3371,2,14396.0970,13435749,200577405,1600790557,284.3555,false,141,true,true,true,true,true,false,false,"0:[0, 1, 2, 3, 4, 5, 6, 7, 8, 9, 10, 11, 12, 13, 14, 15, 16, 17, 18, 19, 20, 21, 22, 23, 24, 25, 26, 27, 28, 29, 30, 31, 32, 33, 34, 35, 36, 37, 38, 39, 40, 41, 42, 43, 44, 45, 46, 47, 48, 49, 50, 51, 52, 53, 54, 55, 56, 57, 58, 59, 60, 61, 62, 63, 64, 65, 66, 67, 68, 69, 70, 71, 72, 73, 74, 75, 76, 77, 78, 79, 80, 81, 82, 83, 84, 85, 86, 87, 88, 89, 90, 91, 92, 93, 94, 95, 96, 97, 98, 99, 100, 101, 102, 103, 104, 105, 106, 107, 108, 109, 110, 111, 112, 113, 114, 115, 116, 117, 118, 119, 120, 121, 122, 123, 124, 125, 126, 127, 128, 129, 130, 131, 132, 133, 134, 135, 136, 137, 138, 139, 140], 1:[], 2:[], 3:[], 4:[], 5:[], 6:[], 7:[], 8:[], 9:[], 10:[], 11:[], 12:[], 13:[], 14:[], 15:[], 16:[], 17:[], 18:[], 19:[], 20:[], 21:[], 22:[], 23:[], 24:[], 25:[], 26:[], 27:[], 28:[], 29:[], 30:[], 31:[], 32:[], 33:[], 34:[], 35:[], 36:[], 37:[], 38:[], 39:[], 40:[], 41:[], 42:[], 43:[], 44:[], 45:[], 46:[], 47:[], 48:[], 49:[], 50:[], 51:[], 52:[], 53:[], 54:[], 55:[], 56:[], 57:[], 58:[], 59:[], 60:[], 61:[], 62:[], 63:[], 64:[], 65:[], 66:[], 67:[], 68:[], 69:[], 70:[], 71:[], 72:[], 73:[], 74:[], 75:[], 76:[], 77:[], 78:[], 79:[], 80:[], 81:[], 82:[], 83:[], 84:[], 85:[], 86:[], 87:[], 88:[], 89:[], 90:[], 91:[], 92:[], 93:[], 94:[], 95:[], 96:[], 97:[], 98:[], 99:[], 100:[], 101:[], 102:[], 103:[], 104:[], 105:[], 106:[], 107:[], 108:[], 109:[], 110:[], 111:[], 112:[], 113:[], 114:[], 115:[], 116:[], 117:[], 118:[], 119:[], 120:[], 121:[], 122:[], 123:[], 124:[], 125:[], 126:[], 127:[], 128:[], 129:[], 130:[], 131:[], 132:[], 133:[], 134:[], 135:[], 136:[], 137:[], 138:[], 139:[], 140:[]",27881232076,33013126877
3373,2,13159.6790,13459268,200933576,1603644455,279.2540,false,141,true,true,true,true,true,false,false,"0:[0, 1, 2, 3, 4, 5, 6, 7, 8, 9, 10, 11, 12, 13, 14, 15, 16, 17, 18, 19, 20, 21, 22, 23, 24, 25, 26, 27, 28, 29, 30, 31, 32, 33, 34, 35, 36, 37, 38, 39, 40, 41, 42, 43, 44, 45, 46, 47, 48, 49, 50, 51, 52, 53, 54, 55, 56, 57, 58, 59, 60, 61, 62, 63, 64, 65, 66, 67, 68, 69, 70, 71, 72, 73, 74, 75, 76, 77, 78, 79, 80, 81, 82, 83, 84, 85, 86, 87, 88, 89, 90, 91, 92, 93, 94, 95, 96, 97, 98, 99, 100, 101, 102, 103, 104, 105, 106, 107, 108, 109, 110, 111, 112, 113, 114, 115, 116, 117, 118, 119, 120, 121, 122, 123, 124, 125, 126, 127, 128, 129, 130, 131, 132, 133, 134, 135, 136, 137, 138, 139, 140], 1:[], 2:[], 3:[], 4:[], 5:[], 6:[], 7:[], 8:[], 9:[], 10:[], 11:[], 12:[], 13:[], 14:[], 15:[], 16:[], 17:[], 18:[], 19:[], 20:[], 21:[], 22:[], 23:[], 24:[], 25:[], 26:[], 27:[], 28:[], 29:[], 30:[], 31:[], 32:[], 33:[], 34:[], 35:[], 36:[], 37:[], 38:[], 39:[], 40:[], 41:[], 42:[], 43:[], 44:[], 45:[], 46:[], 47:[], 48:[], 49:[], 50:[], 51:[], 52:[], 53:[], 54:[], 55:[], 56:[], 57:[], 58:[], 59:[], 60:[], 61:[], 62:[], 63:[], 64:[], 65:[], 66:[], 67:[], 68:[], 69:[], 70:[], 71:[], 72:[], 73:[], 74:[], 75:[], 76:[], 77:[], 78:[], 79:[], 80:[], 81:[], 82:[], 83:[], 84:[], 85:[], 86:[], 87:[], 88:[], 89:[], 90:[], 91:[], 92:[], 93:[], 94:[], 95:[], 96:[], 97:[], 98:[], 99:[], 100:[], 101:[], 102:[], 103:[], 104:[], 105:[], 106:[], 107:[], 108:[], 109:[], 110:[], 111:[], 112:[], 113:[], 114:[], 115:[], 116:[], 117:[], 118:[], 119:[], 120:[], 121:[], 122:[], 123:[], 124:[], 125:[], 126:[], 127:[], 128:[], 129:[], 130:[], 131:[], 132:[], 133:[], 134:[], 135:[], 136:[], 137:[], 138:[], 139:[], 140:[]",27910384288,33055547016
3389,2,14837.7846,13651256,203802343,1626557697,288.2620,false,141,true,true,true,true,true,false,false,"0:[0, 1, 2, 3, 4, 5, 6, 7, 8, 9, 10, 11, 12, 13, 14, 15, 16, 17, 18, 19, 20, 21, 22, 23, 24, 25, 26, 27, 28, 29, 30, 31, 32, 33, 34, 35, 36, 37, 38, 39, 40, 41, 42, 43, 44, 45, 46, 47, 48, 49, 50, 51, 52, 53, 54, 55, 56, 57, 58, 59, 60, 61, 62, 63, 64, 65, 66, 67, 68, 69, 70, 71, 72, 73, 74, 75, 76, 77, 78, 79, 80, 81, 82, 83, 84, 85, 86, 87, 88, 89, 90, 91, 92, 93, 94, 95, 96, 97, 98, 99, 100, 101, 102, 103, 104, 105, 106, 107, 108, 109, 110, 111, 112, 113, 114, 115, 116, 117, 118, 119, 120, 121, 122, 123, 124, 125, 126, 127, 128, 129, 130, 131, 132, 133, 134, 135, 136, 137, 138, 139, 140], 1:[], 2:[], 3:[], 4:[], 5:[], 6:[], 7:[], 8:[], 9:[], 10:[], 11:[], 12:[], 13:[], 14:[], 15:[], 16:[], 17:[], 18:[], 19:[], 20:[], 21:[], 22:[], 23:[], 24:[], 25:[], 26:[], 27:[], 28:[], 29:[], 30:[], 31:[], 32:[], 33:[], 34:[], 35:[], 36:[], 37:[], 38:[], 39:[], 40:[], 41:[], 42:[], 43:[], 44:[], 45:[], 46:[], 47:[], 48:[], 49:[], 50:[], 51:[], 52:[], 53:[], 54:[], 55:[], 56:[], 57:[], 58:[], 59:[], 60:[], 61:[], 62:[], 63:[], 64:[], 65:[], 66:[], 67:[], 68:[], 69:[], 70:[], 71:[], 72:[], 73:[], 74:[], 75:[], 76:[], 77:[], 78:[], 79:[], 80:[], 81:[], 82:[], 83:[], 84:[], 85:[], 86:[], 87:[], 88:[], 89:[], 90:[], 91:[], 92:[], 93:[], 94:[], 95:[], 96:[], 97:[], 98:[], 99:[], 100:[], 101:[], 102:[], 103:[], 104:[], 105:[], 106:[], 107:[], 108:[], 109:[], 110:[], 111:[], 112:[], 113:[], 114:[], 115:[], 116:[], 117:[], 118:[], 119:[], 120:[], 121:[], 122:[], 123:[], 124:[], 125:[], 126:[], 127:[], 128:[], 129:[], 130:[], 131:[], 132:[], 133:[], 134:[], 135:[], 136:[], 137:[], 138:[], 139:[], 140:[]",28145261312,33396450755
3391,3,15821.1170,13675310,204163120,1629441386,287.0399,false,141,true,true,true,true,true,false,false,"0:[0, 1, 2, 3, 4, 5, 6, 7, 8, 9, 10, 11, 12, 13, 14, 15, 16, 17, 18, 19, 20, 21, 22, 23, 24, 25, 26, 27, 28, 29, 30, 31, 32, 33, 34, 35, 36, 37, 38, 39, 40, 41, 42, 43, 44, 45, 46, 47, 48, 49, 50, 51, 52, 53, 54, 55, 56, 57, 58, 59, 60, 61, 62, 63, 64, 65, 66, 67, 68, 69, 70, 71, 72, 73, 74, 75, 76, 77, 78, 79, 80, 81, 82, 83, 84, 85, 86, 87, 88, 89, 90, 91, 92, 93, 94, 95, 96, 97, 98, 99, 100, 101, 102, 103, 104, 105, 106, 107, 108, 109, 110, 111, 112, 113, 114, 115, 116, 117, 118, 119, 120, 121, 122, 123, 124, 125, 126, 127, 128, 129, 130, 131, 132, 133, 134, 135, 136, 137, 138, 139, 140], 1:[], 2:[], 3:[], 4:[], 5:[], 6:[], 7:[], 8:[], 9:[], 10:[], 11:[], 12:[], 13:[], 14:[], 15:[], 16:[], 17:[], 18:[], 19:[], 20:[], 21:[], 22:[], 23:[], 24:[], 25:[], 26:[], 27:[], 28:[], 29:[], 30:[], 31:[], 32:[], 33:[], 34:[], 35:[], 36:[], 37:[], 38:[], 39:[], 40:[], 41:[], 42:[], 43:[], 44:[], 45:[], 46:[], 47:[], 48:[], 49:[], 50:[], 51:[], 52:[], 53:[], 54:[], 55:[], 56:[], 57:[], 58:[], 59:[], 60:[], 61:[], 62:[], 63:[], 64:[], 65:[], 66:[], 67:[], 68:[], 69:[], 70:[], 71:[], 72:[], 73:[], 74:[], 75:[], 76:[], 77:[], 78:[], 79:[], 80:[], 81:[], 82:[], 83:[], 84:[], 85:[], 86:[], 87:[], 88:[], 89:[], 90:[], 91:[], 92:[], 93:[], 94:[], 95:[], 96:[], 97:[], 98:[], 99:[], 100:[], 101:[], 102:[], 103:[], 104:[], 105:[], 106:[], 107:[], 108:[], 109:[], 110:[], 111:[], 112:[], 113:[], 114:[], 115:[], 116:[], 117:[], 118:[], 119:[], 120:[], 121:[], 122:[], 123:[], 124:[], 125:[], 126:[], 127:[], 128:[], 129:[], 130:[], 131:[], 132:[], 133:[], 134:[], 135:[], 136:[], 137:[], 138:[], 139:[], 140:[]",28174796984,33439317000
3407,5,16143.5766,13869340,207061606,1652587162,305.7481,false,142,true,true,true,true,true,false,false,"0:[0, 1, 2, 3, 4, 5, 6, 7, 8, 9, 10, 11, 12, 13, 14, 15, 16, 17, 18, 19, 20, 21, 22, 23, 24, 25, 26, 27, 28, 29, 30, 31, 32, 33, 34, 35, 36, 37, 38, 39, 40, 41, 42, 43, 44, 45, 46, 47, 48, 49, 50, 51, 52, 53, 54, 55, 56, 57, 58, 59, 60, 61, 62, 63, 64, 65, 66, 67, 68, 69, 70, 71, 72, 73, 74, 75, 76, 77, 78, 79, 80, 81, 82, 83, 84, 85, 86, 87, 88, 89, 90, 91, 92, 93, 94, 95, 96, 97, 98, 99, 100, 101, 102, 103, 104, 105, 106, 107, 108, 109, 110, 111, 112, 113, 114, 115, 116, 117, 118, 119, 120, 121, 122, 123, 124, 125, 126, 127, 128, 129, 130, 131, 132, 133, 134, 135, 136, 137, 138, 139, 140, 141], 1:[], 2:[], 3:[], 4:[], 5:[], 6:[], 7:[], 8:[], 9:[], 10:[], 11:[], 12:[], 13:[], 14:[], 15:[], 16:[], 17:[], 18:[], 19:[], 20:[], 21:[], 22:[], 23:[], 24:[], 25:[], 26:[], 27:[], 28:[], 29:[], 30:[], 31:[], 32:[], 33:[], 34:[], 35:[], 36:[], 37:[], 38:[], 39:[], 40:[], 41:[], 42:[], 43:[], 44:[], 45:[], 46:[], 47:[], 48:[], 49:[], 50:[], 51:[], 52:[], 53:[], 54:[], 55:[], 56:[], 57:[], 58:[], 59:[], 60:[], 61:[], 62:[], 63:[], 64:[], 65:[], 66:[], 67:[], 68:[], 69:[], 70:[], 71:[], 72:[], 73:[], 74:[], 75:[], 76:[], 77:[], 78:[], 79:[], 80:[], 81:[], 82:[], 83:[], 84:[], 85:[], 86:[], 87:[], 88:[], 89:[], 90:[], 91:[], 92:[], 93:[], 94:[], 95:[], 96:[], 97:[], 98:[], 99:[], 100:[], 101:[], 102:[], 103:[], 104:[], 105:[], 106:[], 107:[], 108:[], 109:[], 110:[], 111:[], 112:[], 113:[], 114:[], 115:[], 116:[], 117:[], 118:[], 119:[], 120:[], 121:[], 122:[], 123:[], 124:[], 125:[], 126:[], 127:[], 128:[], 129:[], 130:[], 131:[], 132:[], 133:[], 134:[], 135:[], 136:[], 137:[], 138:[], 139:[], 140:[], 141:[]",28412108704,33783753694
3413,2,15167.6648,13942357,208156932,1661350161,286.9438,false,143,true,true,true,true,true,false,false,"0:[0, 1, 2, 3, 4, 5, 6, 7, 8, 9, 10, 11, 12, 13, 14, 15, 16, 17, 18, 19, 20, 21, 22, 23, 24, 25, 26, 27, 28, 29, 30, 31, 32, 33, 34, 35, 36, 37, 38, 39, 40, 41, 42, 43, 44, 45, 46, 47, 48, 49, 50, 51, 52, 53, 54, 55, 56, 57, 58, 59, 60, 61, 62, 63, 64, 65, 66, 67, 68, 69, 70, 71, 72, 73, 74, 75, 76, 77, 78, 79, 80, 81, 82, 83, 84, 85, 86, 87, 88, 89, 90, 91, 92, 93, 94, 95, 96, 97, 98, 99, 100, 101, 102, 103, 104, 105, 106, 107, 108, 109, 110, 111, 112, 113, 114, 115, 116, 117, 118, 119, 120, 121, 122, 123, 124, 125, 126, 127, 128, 129, 130, 131, 132, 133, 134, 135, 136, 137, 138, 139, 140, 141, 142], 1:[], 2:[], 3:[], 4:[], 5:[], 6:[], 7:[], 8:[], 9:[], 10:[], 11:[], 12:[], 13:[], 14:[], 15:[], 16:[], 17:[], 18:[], 19:[], 20:[], 21:[], 22:[], 23:[], 24:[], 25:[], 26:[], 27:[], 28:[], 29:[], 30:[], 31:[], 32:[], 33:[], 34:[], 35:[], 36:[], 37:[], 38:[], 39:[], 40:[], 41:[], 42:[], 43:[], 44:[], 45:[], 46:[], 47:[], 48:[], 49:[], 50:[], 51:[], 52:[], 53:[], 54:[], 55:[], 56:[], 57:[], 58:[], 59:[], 60:[], 61:[], 62:[], 63:[], 64:[], 65:[], 66:[], 67:[], 68:[], 69:[], 70:[], 71:[], 72:[], 73:[], 74:[], 75:[], 76:[], 77:[], 78:[], 79:[], 80:[], 81:[], 82:[], 83:[], 84:[], 85:[], 86:[], 87:[], 88:[], 89:[], 90:[], 91:[], 92:[], 93:[], 94:[], 95:[], 96:[], 97:[], 98:[], 99:[], 100:[], 101:[], 102:[], 103:[], 104:[], 105:[], 106:[], 107:[], 108:[], 109:[], 110:[], 111:[], 112:[], 113:[], 114:[], 115:[], 116:[], 117:[], 118:[], 119:[], 120:[], 121:[], 122:[], 123:[], 124:[], 125:[], 126:[], 127:[], 128:[], 129:[], 130:[], 131:[], 132:[], 133:[], 134:[], 135:[], 136:[], 137:[], 138:[], 139:[], 140:[], 141:[], 142:[]",28501779260,33913979248
3433,5,18504.8017,14187888,211828677,1690668267,300.8222,false,143,true,true,true,true,true,false,false,"0:[0, 1, 2, 3, 4, 5, 6, 7, 8, 9, 10, 11, 12, 13, 14, 15, 16, 17, 18, 19, 20, 21, 22, 23, 24, 25, 26, 27, 28, 29, 30, 31, 32, 33, 34, 35, 36, 37, 38, 39, 40, 41, 42, 43, 44, 45, 46, 47, 48, 49, 50, 51, 52, 53, 54, 55, 56, 57, 58, 59, 60, 61, 62, 63, 64, 65, 66, 67, 68, 69, 70, 71, 72, 73, 74, 75, 76, 77, 78, 79, 80, 81, 82, 83, 84, 85, 86, 87, 88, 89, 90, 91, 92, 93, 94, 95, 96, 97, 98, 99, 100, 101, 102, 103, 104, 105, 106, 107, 108, 109, 110, 111, 112, 113, 114, 115, 116, 117, 118, 119, 120, 121, 122, 123, 124, 125, 126, 127, 128, 129, 130, 131, 132, 133, 134, 135, 136, 137, 138, 139, 140, 141, 142], 1:[], 2:[], 3:[], 4:[], 5:[], 6:[], 7:[], 8:[], 9:[], 10:[], 11:[], 12:[], 13:[], 14:[], 15:[], 16:[], 17:[], 18:[], 19:[], 20:[], 21:[], 22:[], 23:[], 24:[], 25:[], 26:[], 27:[], 28:[], 29:[], 30:[], 31:[], 32:[], 33:[], 34:[], 35:[], 36:[], 37:[], 38:[], 39:[], 40:[], 41:[], 42:[], 43:[], 44:[], 45:[], 46:[], 47:[], 48:[], 49:[], 50:[], 51:[], 52:[], 53:[], 54:[], 55:[], 56:[], 57:[], 58:[], 59:[], 60:[], 61:[], 62:[], 63:[], 64:[], 65:[], 66:[], 67:[], 68:[], 69:[], 70:[], 71:[], 72:[], 73:[], 74:[], 75:[], 76:[], 77:[], 78:[], 79:[], 80:[], 81:[], 82:[], 83:[], 84:[], 85:[], 86:[], 87:[], 88:[], 89:[], 90:[], 91:[], 92:[], 93:[], 94:[], 95:[], 96:[], 97:[], 98:[], 99:[], 100:[], 101:[], 102:[], 103:[], 104:[], 105:[], 106:[], 107:[], 108:[], 109:[], 110:[], 111:[], 112:[], 113:[], 114:[], 115:[], 116:[], 117:[], 118:[], 119:[], 120:[], 121:[], 122:[], 123:[], 124:[], 125:[], 126:[], 127:[], 128:[], 129:[], 130:[], 131:[], 132:[], 133:[], 134:[], 135:[], 136:[], 137:[], 138:[], 139:[], 140:[], 141:[], 142:[]",28802393728,34350400633
3449,3,18133.0419,14386724,214799104,1714389028,302.0359,false,144,true,true,true,true,true,false,false,"0:[0, 1, 2, 3, 4, 5, 6, 7, 8, 9, 10, 11, 12, 13, 14, 15, 16, 17, 18, 19, 20, 21, 22, 23, 24, 25, 26, 27, 28, 29, 30, 31, 32, 33, 34, 35, 36, 37, 38, 39, 40, 41, 42, 43, 44, 45, 46, 47, 48, 49, 50, 51, 52, 53, 54, 55, 56, 57, 58, 59, 60, 61, 62, 63, 64, 65, 66, 67, 68, 69, 70, 71, 72, 73, 74, 75, 76, 77, 78, 79, 80, 81, 82, 83, 84, 85, 86, 87, 88, 89, 90, 91, 92, 93, 94, 95, 96, 97, 98, 99, 100, 101, 102, 103, 104, 105, 106, 107, 108, 109, 110, 111, 112, 113, 114, 115, 116, 117, 118, 119, 120, 121, 122, 123, 124, 125, 126, 127, 128, 129, 130, 131, 132, 133, 134, 135, 136, 137, 138, 139, 140, 141, 142, 143], 1:[], 2:[], 3:[], 4:[], 5:[], 6:[], 7:[], 8:[], 9:[], 10:[], 11:[], 12:[], 13:[], 14:[], 15:[], 16:[], 17:[], 18:[], 19:[], 20:[], 21:[], 22:[], 23:[], 24:[], 25:[], 26:[], 27:[], 28:[], 29:[], 30:[], 31:[], 32:[], 33:[], 34:[], 35:[], 36:[], 37:[], 38:[], 39:[], 40:[], 41:[], 42:[], 43:[], 44:[], 45:[], 46:[], 47:[], 48:[], 49:[], 50:[], 51:[], 52:[], 53:[], 54:[], 55:[], 56:[], 57:[], 58:[], 59:[], 60:[], 61:[], 62:[], 63:[], 64:[], 65:[], 66:[], 67:[], 68:[], 69:[], 70:[], 71:[], 72:[], 73:[], 74:[], 75:[], 76:[], 77:[], 78:[], 79:[], 80:[], 81:[], 82:[], 83:[], 84:[], 85:[], 86:[], 87:[], 88:[], 89:[], 90:[], 91:[], 92:[], 93:[], 94:[], 95:[], 96:[], 97:[], 98:[], 99:[], 100:[], 101:[], 102:[], 103:[], 104:[], 105:[], 106:[], 107:[], 108:[], 109:[], 110:[], 111:[], 112:[], 113:[], 114:[], 115:[], 116:[], 117:[], 118:[], 119:[], 120:[], 121:[], 122:[], 123:[], 124:[], 125:[], 126:[], 127:[], 128:[], 129:[], 130:[], 131:[], 132:[], 133:[], 134:[], 135:[], 136:[], 137:[], 138:[], 139:[], 140:[], 141:[], 142:[], 143:[]",29045595296,34703388064
3457,5,17141.8598,14486544,216294714,1726341423,315.1993,false,144,true,true,true,true,true,false,false,"0:[0, 1, 2, 3, 4, 5, 6, 7, 8, 9, 10, 11, 12, 13, 14, 15, 16, 17, 18, 19, 20, 21, 22, 23, 24, 25, 26, 27, 28, 29, 30, 31, 32, 33, 34, 35, 36, 37, 38, 39, 40, 41, 42, 43, 44, 45, 46, 47, 48, 49, 50, 51, 52, 53, 54, 55, 56, 57, 58, 59, 60, 61, 62, 63, 64, 65, 66, 67, 68, 69, 70, 71, 72, 73, 74, 75, 76, 77, 78, 79, 80, 81, 82, 83, 84, 85, 86, 87, 88, 89, 90, 91, 92, 93, 94, 95, 96, 97, 98, 99, 100, 101, 102, 103, 104, 105, 106, 107, 108, 109, 110, 111, 112, 113, 114, 115, 116, 117, 118, 119, 120, 121, 122, 123, 124, 125, 126, 127, 128, 129, 130, 131, 132, 133, 134, 135, 136, 137, 138, 139, 140, 141, 142, 143], 1:[], 2:[], 3:[], 4:[], 5:[], 6:[], 7:[], 8:[], 9:[], 10:[], 11:[], 12:[], 13:[], 14:[], 15:[], 16:[], 17:[], 18:[], 19:[], 20:[], 21:[], 22:[], 23:[], 24:[], 25:[], 26:[], 27:[], 28:[], 29:[], 30:[], 31:[], 32:[], 33:[], 34:[], 35:[], 36:[], 37:[], 38:[], 39:[], 40:[], 41:[], 42:[], 43:[], 44:[], 45:[], 46:[], 47:[], 48:[], 49:[], 50:[], 51:[], 52:[], 53:[], 54:[], 55:[], 56:[], 57:[], 58:[], 59:[], 60:[], 61:[], 62:[], 63:[], 64:[], 65:[], 66:[], 67:[], 68:[], 69:[], 70:[], 71:[], 72:[], 73:[], 74:[], 75:[], 76:[], 77:[], 78:[], 79:[], 80:[], 81:[], 82:[], 83:[], 84:[], 85:[], 86:[], 87:[], 88:[], 89:[], 90:[], 91:[], 92:[], 93:[], 94:[], 95:[], 96:[], 97:[], 98:[], 99:[], 100:[], 101:[], 102:[], 103:[], 104:[], 105:[], 106:[], 107:[], 108:[], 109:[], 110:[], 111:[], 112:[], 113:[], 114:[], 115:[], 116:[], 117:[], 118:[], 119:[], 120:[], 121:[], 122:[], 123:[], 124:[], 125:[], 126:[], 127:[], 128:[], 129:[], 130:[], 131:[], 132:[], 133:[], 134:[], 135:[], 136:[], 137:[], 138:[], 139:[], 140:[], 141:[], 142:[], 143:[]",29168039056,34881178738
3461,2,13937.5232,14536917,217045068,1732329023,308.5625,false,144,true,true,true,true,true,false,false,"0:[0, 1, 2, 3, 4, 5, 6, 7, 8, 9, 10, 11, 12, 13, 14, 15, 16, 17, 18, 19, 20, 21, 22, 23, 24, 25, 26, 27, 28, 29, 30, 31, 32, 33, 34, 35, 36, 37, 38, 39, 40, 41, 42, 43, 44, 45, 46, 47, 48, 49, 50, 51, 52, 53, 54, 55, 56, 57, 58, 59, 60, 61, 62, 63, 64, 65, 66, 67, 68, 69, 70, 71, 72, 73, 74, 75, 76, 77, 78, 79, 80, 81, 82, 83, 84, 85, 86, 87, 88, 89, 90, 91, 92, 93, 94, 95, 96, 97, 98, 99, 100, 101, 102, 103, 104, 105, 106, 107, 108, 109, 110, 111, 112, 113, 114, 115, 116, 117, 118, 119, 120, 121, 122, 123, 124, 125, 126, 127, 128, 129, 130, 131, 132, 133, 134, 135, 136, 137, 138, 139, 140, 141, 142, 143], 1:[], 2:[], 3:[], 4:[], 5:[], 6:[], 7:[], 8:[], 9:[], 10:[], 11:[], 12:[], 13:[], 14:[], 15:[], 16:[], 17:[], 18:[], 19:[], 20:[], 21:[], 22:[], 23:[], 24:[], 25:[], 26:[], 27:[], 28:[], 29:[], 30:[], 31:[], 32:[], 33:[], 34:[], 35:[], 36:[], 37:[], 38:[], 39:[], 40:[], 41:[], 42:[], 43:[], 44:[], 45:[], 46:[], 47:[], 48:[], 49:[], 50:[], 51:[], 52:[], 53:[], 54:[], 55:[], 56:[], 57:[], 58:[], 59:[], 60:[], 61:[], 62:[], 63:[], 64:[], 65:[], 66:[], 67:[], 68:[], 69:[], 70:[], 71:[], 72:[], 73:[], 74:[], 75:[], 76:[], 77:[], 78:[], 79:[], 80:[], 81:[], 82:[], 83:[], 84:[], 85:[], 86:[], 87:[], 88:[], 89:[], 90:[], 91:[], 92:[], 93:[], 94:[], 95:[], 96:[], 97:[], 98:[], 99:[], 100:[], 101:[], 102:[], 103:[], 104:[], 105:[], 106:[], 107:[], 108:[], 109:[], 110:[], 111:[], 112:[], 113:[], 114:[], 115:[], 116:[], 117:[], 118:[], 119:[], 120:[], 121:[], 122:[], 123:[], 124:[], 125:[], 126:[], 127:[], 128:[], 129:[], 130:[], 131:[], 132:[], 133:[], 134:[], 135:[], 136:[], 137:[], 138:[], 139:[], 140:[], 141:[], 142:[], 143:[]",29229477820,34970315608
3463,3,14718.3688,14562002,217420486,1735324959,303.6062,false,145,true,true,true,true,true,false,false,"0:[0, 1, 2, 3, 4, 5, 6, 7, 8, 9, 10, 11, 12, 13, 14, 15, 16, 17, 18, 19, 20, 21, 22, 23, 24, 25, 26, 27, 28, 29, 30, 31, 32, 33, 34, 35, 36, 37, 38, 39, 40, 41, 42, 43, 44, 45, 46, 47, 48, 49, 50, 51, 52, 53, 54, 55, 56, 57, 58, 59, 60, 61, 62, 63, 64, 65, 66, 67, 68, 69, 70, 71, 72, 73, 74, 75, 76, 77, 78, 79, 80, 81, 82, 83, 84, 85, 86, 87, 88, 89, 90, 91, 92, 93, 94, 95, 96, 97, 98, 99, 100, 101, 102, 103, 104, 105, 106, 107, 108, 109, 110, 111, 112, 113, 114, 115, 116, 117, 118, 119, 120, 121, 122, 123, 124, 125, 126, 127, 128, 129, 130, 131, 132, 133, 134, 135, 136, 137, 138, 139, 140, 141, 142, 143, 144], 1:[], 2:[], 3:[], 4:[], 5:[], 6:[], 7:[], 8:[], 9:[], 10:[], 11:[], 12:[], 13:[], 14:[], 15:[], 16:[], 17:[], 18:[], 19:[], 20:[], 21:[], 22:[], 23:[], 24:[], 25:[], 26:[], 27:[], 28:[], 29:[], 30:[], 31:[], 32:[], 33:[], 34:[], 35:[], 36:[], 37:[], 38:[], 39:[], 40:[], 41:[], 42:[], 43:[], 44:[], 45:[], 46:[], 47:[], 48:[], 49:[], 50:[], 51:[], 52:[], 53:[], 54:[], 55:[], 56:[], 57:[], 58:[], 59:[], 60:[], 61:[], 62:[], 63:[], 64:[], 65:[], 66:[], 67:[], 68:[], 69:[], 70:[], 71:[], 72:[], 73:[], 74:[], 75:[], 76:[], 77:[], 78:[], 79:[], 80:[], 81:[], 82:[], 83:[], 84:[], 85:[], 86:[], 87:[], 88:[], 89:[], 90:[], 91:[], 92:[], 93:[], 94:[], 95:[], 96:[], 97:[], 98:[], 99:[], 100:[], 101:[], 102:[], 103:[], 104:[], 105:[], 106:[], 107:[], 108:[], 109:[], 110:[], 111:[], 112:[], 113:[], 114:[], 115:[], 116:[], 117:[], 118:[], 119:[], 120:[], 121:[], 122:[], 123:[], 124:[], 125:[], 126:[], 127:[], 128:[], 129:[], 130:[], 131:[], 132:[], 133:[], 134:[], 135:[], 136:[], 137:[], 138:[], 139:[], 140:[], 141:[], 142:[], 143:[], 144:[]",29260213640,35014923718
3467,2,13839.7332,14612549,218176110,1741370654,320.4549,false,144,true,true,true,true,true,false,false,"0:[0, 1, 2, 3, 4, 5, 6, 7, 8, 9, 10, 11, 12, 13, 14, 15, 16, 17, 18, 19, 20, 21, 22, 23, 24, 25, 26, 27, 28, 29, 30, 31, 32, 33, 34, 35, 36, 37, 38, 39, 40, 41, 42, 43, 44, 45, 46, 47, 48, 49, 50, 51, 52, 53, 54, 55, 56, 57, 58, 59, 60, 61, 62, 63, 64, 65, 66, 67, 68, 69, 70, 71, 72, 73, 74, 75, 76, 77, 78, 79, 80, 81, 82, 83, 84, 85, 86, 87, 88, 89, 90, 91, 92, 93, 94, 95, 96, 97, 98, 99, 100, 101, 102, 103, 104, 105, 106, 107, 108, 109, 110, 111, 112, 113, 114, 115, 116, 117, 118, 119, 120, 121, 122, 123, 124, 125, 126, 127, 128, 129, 130, 131, 132, 133, 134, 135, 136, 137, 138, 139, 140, 141, 142, 143], 1:[], 2:[], 3:[], 4:[], 5:[], 6:[], 7:[], 8:[], 9:[], 10:[], 11:[], 12:[], 13:[], 14:[], 15:[], 16:[], 17:[], 18:[], 19:[], 20:[], 21:[], 22:[], 23:[], 24:[], 25:[], 26:[], 27:[], 28:[], 29:[], 30:[], 31:[], 32:[], 33:[], 34:[], 35:[], 36:[], 37:[], 38:[], 39:[], 40:[], 41:[], 42:[], 43:[], 44:[], 45:[], 46:[], 47:[], 48:[], 49:[], 50:[], 51:[], 52:[], 53:[], 54:[], 55:[], 56:[], 57:[], 58:[], 59:[], 60:[], 61:[], 62:[], 63:[], 64:[], 65:[], 66:[], 67:[], 68:[], 69:[], 70:[], 71:[], 72:[], 73:[], 74:[], 75:[], 76:[], 77:[], 78:[], 79:[], 80:[], 81:[], 82:[], 83:[], 84:[], 85:[], 86:[], 87:[], 88:[], 89:[], 90:[], 91:[], 92:[], 93:[], 94:[], 95:[], 96:[], 97:[], 98:[], 99:[], 100:[], 101:[], 102:[], 103:[], 104:[], 105:[], 106:[], 107:[], 108:[], 109:[], 110:[], 111:[], 112:[], 113:[], 114:[], 115:[], 116:[], 117:[], 118:[], 119:[], 120:[], 121:[], 122:[], 123:[], 124:[], 125:[], 126:[], 127:[], 128:[], 129:[], 130:[], 131:[], 132:[], 133:[], 134:[], 135:[], 136:[], 137:[], 138:[], 139:[], 140:[], 141:[], 142:[], 143:[]",29322078876,35104682818
3469,2,16315.4266,14637432,218553637,1744400296,308.8080,false,144,true,true,true,true,true,false,false,"0:[0, 1, 2, 3, 4, 5, 6, 7, 8, 9, 10, 11, 12, 13, 14, 15, 16, 17, 18, 19, 20, 21, 22, 23, 24, 25, 26, 27, 28, 29, 30, 31, 32, 33, 34, 35, 36, 37, 38, 39, 40, 41, 42, 43, 44, 45, 46, 47, 48, 49, 50, 51, 52, 53, 54, 55, 56, 57, 58, 59, 60, 61, 62, 63, 64, 65, 66, 67, 68, 69, 70, 71, 72, 73, 74, 75, 76, 77, 78, 79, 80, 81, 82, 83, 84, 85, 86, 87, 88, 89, 90, 91, 92, 93, 94, 95, 96, 97, 98, 99, 100, 101, 102, 103, 104, 105, 106, 107, 108, 109, 110, 111, 112, 113, 114, 115, 116, 117, 118, 119, 120, 121, 122, 123, 124, 125, 126, 127, 128, 129, 130, 131, 132, 133, 134, 135, 136, 137, 138, 139, 140, 141, 142, 143], 1:[], 2:[], 3:[], 4:[], 5:[], 6:[], 7:[], 8:[], 9:[], 10:[], 11:[], 12:[], 13:[], 14:[], 15:[], 16:[], 17:[], 18:[], 19:[], 20:[], 21:[], 22:[], 23:[], 24:[], 25:[], 26:[], 27:[], 28:[], 29:[], 30:[], 31:[], 32:[], 33:[], 34:[], 35:[], 36:[], 37:[], 38:[], 39:[], 40:[], 41:[], 42:[], 43:[], 44:[], 45:[], 46:[], 47:[], 48:[], 49:[], 50:[], 51:[], 52:[], 53:[], 54:[], 55:[], 56:[], 57:[], 58:[], 59:[], 60:[], 61:[], 62:[], 63:[], 64:[], 65:[], 66:[], 67:[], 68:[], 69:[], 70:[], 71:[], 72:[], 73:[], 74:[], 75:[], 76:[], 77:[], 78:[], 79:[], 80:[], 81:[], 82:[], 83:[], 84:[], 85:[], 86:[], 87:[], 88:[], 89:[], 90:[], 91:[], 92:[], 93:[], 94:[], 95:[], 96:[], 97:[], 98:[], 99:[], 100:[], 101:[], 102:[], 103:[], 104:[], 105:[], 106:[], 107:[], 108:[], 109:[], 110:[], 111:[], 112:[], 113:[], 114:[], 115:[], 116:[], 117:[], 118:[], 119:[], 120:[], 121:[], 122:[], 123:[], 124:[], 125:[], 126:[], 127:[], 128:[], 129:[], 130:[], 131:[], 132:[], 133:[], 134:[], 135:[], 136:[], 137:[], 138:[], 139:[], 140:[], 141:[], 142:[], 143:[]",29352977760,35149641977
3491,2,14182.5061,14917112,222727906,1777713236,329.1377,false,146,true,true,true,true,true,false,false,"0:[0, 1, 2, 3, 4, 5, 6, 7, 8, 9, 10, 11, 12, 13, 14, 15, 16, 17, 18, 19, 20, 21, 22, 23, 24, 25, 26, 27, 28, 29, 30, 31, 32, 33, 34, 35, 36, 37, 38, 39, 40, 41, 42, 43, 44, 45, 46, 47, 48, 49, 50, 51, 52, 53, 54, 55, 56, 57, 58, 59, 60, 61, 62, 63, 64, 65, 66, 67, 68, 69, 70, 71, 72, 73, 74, 75, 76, 77, 78, 79, 80, 81, 82, 83, 84, 85, 86, 87, 88, 89, 90, 91, 92, 93, 94, 95, 96, 97, 98, 99, 100, 101, 102, 103, 104, 105, 106, 107, 108, 109, 110, 111, 112, 113, 114, 115, 116, 117, 118, 119, 120, 121, 122, 123, 124, 125, 126, 127, 128, 129, 130, 131, 132, 133, 134, 135, 136, 137, 138, 139, 140, 141, 142, 143, 144, 145], 1:[], 2:[], 3:[], 4:[], 5:[], 6:[], 7:[], 8:[], 9:[], 10:[], 11:[], 12:[], 13:[], 14:[], 15:[], 16:[], 17:[], 18:[], 19:[], 20:[], 21:[], 22:[], 23:[], 24:[], 25:[], 26:[], 27:[], 28:[], 29:[], 30:[], 31:[], 32:[], 33:[], 34:[], 35:[], 36:[], 37:[], 38:[], 39:[], 40:[], 41:[], 42:[], 43:[], 44:[], 45:[], 46:[], 47:[], 48:[], 49:[], 50:[], 51:[], 52:[], 53:[], 54:[], 55:[], 56:[], 57:[], 58:[], 59:[], 60:[], 61:[], 62:[], 63:[], 64:[], 65:[], 66:[], 67:[], 68:[], 69:[], 70:[], 71:[], 72:[], 73:[], 74:[], 75:[], 76:[], 77:[], 78:[], 79:[], 80:[], 81:[], 82:[], 83:[], 84:[], 85:[], 86:[], 87:[], 88:[], 89:[], 90:[], 91:[], 92:[], 93:[], 94:[], 95:[], 96:[], 97:[], 98:[], 99:[], 100:[], 101:[], 102:[], 103:[], 104:[], 105:[], 106:[], 107:[], 108:[], 109:[], 110:[], 111:[], 112:[], 113:[], 114:[], 115:[], 116:[], 117:[], 118:[], 119:[], 120:[], 121:[], 122:[], 123:[], 124:[], 125:[], 126:[], 127:[], 128:[], 129:[], 130:[], 131:[], 132:[], 133:[], 134:[], 135:[], 136:[], 137:[], 138:[], 139:[], 140:[], 141:[], 142:[], 143:[], 144:[], 145:[]",30281952880,36232859514
3499,2,14455.8217,15019371,224261802,1789982145,325.5255,false,146,true,true,true,true,true,false,false,"0:[0, 1, 2, 3, 4, 5, 6, 7, 8, 9, 10, 11, 12, 13, 14, 15, 16, 17, 18, 19, 20, 21, 22, 23, 24, 25, 26, 27, 28, 29, 30, 31, 32, 33, 34, 35, 36, 37, 38, 39, 40, 41, 42, 43, 44, 45, 46, 47, 48, 49, 50, 51, 52, 53, 54, 55, 56, 57, 58, 59, 60, 61, 62, 63, 64, 65, 66, 67, 68, 69, 70, 71, 72, 73, 74, 75, 76, 77, 78, 79, 80, 81, 82, 83, 84, 85, 86, 87, 88, 89, 90, 91, 92, 93, 94, 95, 96, 97, 98, 99, 100, 101, 102, 103, 104, 105, 106, 107, 108, 109, 110, 111, 112, 113, 114, 115, 116, 117, 118, 119, 120, 121, 122, 123, 124, 125, 126, 127, 128, 129, 130, 131, 132, 133, 134, 135, 136, 137, 138, 139, 140, 141, 142, 143, 144, 145], 1:[], 2:[], 3:[], 4:[], 5:[], 6:[], 7:[], 8:[], 9:[], 10:[], 11:[], 12:[], 13:[], 14:[], 15:[], 16:[], 17:[], 18:[], 19:[], 20:[], 21:[], 22:[], 23:[], 24:[], 25:[], 26:[], 27:[], 28:[], 29:[], 30:[], 31:[], 32:[], 33:[], 34:[], 35:[], 36:[], 37:[], 38:[], 39:[], 40:[], 41:[], 42:[], 43:[], 44:[], 45:[], 46:[], 47:[], 48:[], 49:[], 50:[], 51:[], 52:[], 53:[], 54:[], 55:[], 56:[], 57:[], 58:[], 59:[], 60:[], 61:[], 62:[], 63:[], 64:[], 65:[], 66:[], 67:[], 68:[], 69:[], 70:[], 71:[], 72:[], 73:[], 74:[], 75:[], 76:[], 77:[], 78:[], 79:[], 80:[], 81:[], 82:[], 83:[], 84:[], 85:[], 86:[], 87:[], 88:[], 89:[], 90:[], 91:[], 92:[], 93:[], 94:[], 95:[], 96:[], 97:[], 98:[], 99:[], 100:[], 101:[], 102:[], 103:[], 104:[], 105:[], 106:[], 107:[], 108:[], 109:[], 110:[], 111:[], 112:[], 113:[], 114:[], 115:[], 116:[], 117:[], 118:[], 119:[], 120:[], 121:[], 122:[], 123:[], 124:[], 125:[], 126:[], 127:[], 128:[], 129:[], 130:[], 131:[], 132:[], 133:[], 134:[], 135:[], 136:[], 137:[], 138:[], 139:[], 140:[], 141:[], 142:[], 143:[], 144:[], 145:[]",30407527812,36415198326
3511,3,17910.7561,15173928,226574018,1808457042,325.1661,false,146,true,true,true,true,true,false,false,"0:[0, 1, 2, 3, 4, 5, 6, 7, 8, 9, 10, 11, 12, 13, 14, 15, 16, 17, 18, 19, 20, 21, 22, 23, 24, 25, 26, 27, 28, 29, 30, 31, 32, 33, 34, 35, 36, 37, 38, 39, 40, 41, 42, 43, 44, 45, 46, 47, 48, 49, 50, 51, 52, 53, 54, 55, 56, 57, 58, 59, 60, 61, 62, 63, 64, 65, 66, 67, 68, 69, 70, 71, 72, 73, 74, 75, 76, 77, 78, 79, 80, 81, 82, 83, 84, 85, 86, 87, 88, 89, 90, 91, 92, 93, 94, 95, 96, 97, 98, 99, 100, 101, 102, 103, 104, 105, 106, 107, 108, 109, 110, 111, 112, 113, 114, 115, 116, 117, 118, 119, 120, 121, 122, 123, 124, 125, 126, 127, 128, 129, 130, 131, 132, 133, 134, 135, 136, 137, 138, 139, 140, 141, 142, 143, 144, 145], 1:[], 2:[], 3:[], 4:[], 5:[], 6:[], 7:[], 8:[], 9:[], 10:[], 11:[], 12:[], 13:[], 14:[], 15:[], 16:[], 17:[], 18:[], 19:[], 20:[], 21:[], 22:[], 23:[], 24:[], 25:[], 26:[], 27:[], 28:[], 29:[], 30:[], 31:[], 32:[], 33:[], 34:[], 35:[], 36:[], 37:[], 38:[], 39:[], 40:[], 41:[], 42:[], 43:[], 44:[], 45:[], 46:[], 47:[], 48:[], 49:[], 50:[], 51:[], 52:[], 53:[], 54:[], 55:[], 56:[], 57:[], 58:[], 59:[], 60:[], 61:[], 62:[], 63:[], 64:[], 65:[], 66:[], 67:[], 68:[], 69:[], 70:[], 71:[], 72:[], 73:[], 74:[], 75:[], 76:[], 77:[], 78:[], 79:[], 80:[], 81:[], 82:[], 83:[], 84:[], 85:[], 86:[], 87:[], 88:[], 89:[], 90:[], 91:[], 92:[], 93:[], 94:[], 95:[], 96:[], 97:[], 98:[], 99:[], 100:[], 101:[], 102:[], 103:[], 104:[], 105:[], 106:[], 107:[], 108:[], 109:[], 110:[], 111:[], 112:[], 113:[], 114:[], 115:[], 116:[], 117:[], 118:[], 119:[], 120:[], 121:[], 122:[], 123:[], 124:[], 125:[], 126:[], 127:[], 128:[], 129:[], 130:[], 131:[], 132:[], 133:[], 134:[], 135:[], 136:[], 137:[], 138:[], 139:[], 140:[], 141:[], 142:[], 143:[], 144:[], 145:[]",30596832688,36689998714
3517,2,14897.1361,15251456,227733390,1817710797,333.5488,false,147,true,true,true,true,true,false,false,"0:[0, 1, 2, 3, 4, 5, 6, 7, 8, 9, 10, 11, 12, 13, 14, 15, 16, 17, 18, 19, 20, 21, 22, 23, 24, 25, 26, 27, 28, 29, 30, 31, 32, 33, 34, 35, 36, 37, 38, 39, 40, 41, 42, 43, 44, 45, 46, 47, 48, 49, 50, 51, 52, 53, 54, 55, 56, 57, 58, 59, 60, 61, 62, 63, 64, 65, 66, 67, 68, 69, 70, 71, 72, 73, 74, 75, 76, 77, 78, 79, 80, 81, 82, 83, 84, 85, 86, 87, 88, 89, 90, 91, 92, 93, 94, 95, 96, 97, 98, 99, 100, 101, 102, 103, 104, 105, 106, 107, 108, 109, 110, 111, 112, 113, 114, 115, 116, 117, 118, 119, 120, 121, 122, 123, 124, 125, 126, 127, 128, 129, 130, 131, 132, 133, 134, 135, 136, 137, 138, 139, 140, 141, 142, 143, 144, 145, 146], 1:[], 2:[], 3:[], 4:[], 5:[], 6:[], 7:[], 8:[], 9:[], 10:[], 11:[], 12:[], 13:[], 14:[], 15:[], 16:[], 17:[], 18:[], 19:[], 20:[], 21:[], 22:[], 23:[], 24:[], 25:[], 26:[], 27:[], 28:[], 29:[], 30:[], 31:[], 32:[], 33:[], 34:[], 35:[], 36:[], 37:[], 38:[], 39:[], 40:[], 41:[], 42:[], 43:[], 44:[], 45:[], 46:[], 47:[], 48:[], 49:[], 50:[], 51:[], 52:[], 53:[], 54:[], 55:[], 56:[], 57:[], 58:[], 59:[], 60:[], 61:[], 62:[], 63:[], 64:[], 65:[], 66:[], 67:[], 68:[], 69:[], 70:[], 71:[], 72:[], 73:[], 74:[], 75:[], 76:[], 77:[], 78:[], 79:[], 80:[], 81:[], 82:[], 83:[], 84:[], 85:[], 86:[], 87:[], 88:[], 89:[], 90:[], 91:[], 92:[], 93:[], 94:[], 95:[], 96:[], 97:[], 98:[], 99:[], 100:[], 101:[], 102:[], 103:[], 104:[], 105:[], 106:[], 107:[], 108:[], 109:[], 110:[], 111:[], 112:[], 113:[], 114:[], 115:[], 116:[], 117:[], 118:[], 119:[], 120:[], 121:[], 122:[], 123:[], 124:[], 125:[], 126:[], 127:[], 128:[], 129:[], 130:[], 131:[], 132:[], 133:[], 134:[], 135:[], 136:[], 137:[], 138:[], 139:[], 140:[], 141:[], 142:[], 143:[], 144:[], 145:[], 146:[]",30691753232,36827843350
3527,5,15972.2708,15381846,229679431,1833250890,334.0812,false,147,true,true,true,true,true,false,false,"0:[0, 1, 2, 3, 4, 5, 6, 7, 8, 9, 10, 11, 12, 13, 14, 15, 16, 17, 18, 19, 20, 21, 22, 23, 24, 25, 26, 27, 28, 29, 30, 31, 32, 33, 34, 35, 36, 37, 38, 39, 40, 41, 42, 43, 44, 45, 46, 47, 48, 49, 50, 51, 52, 53, 54, 55, 56, 57, 58, 59, 60, 61, 62, 63, 64, 65, 66, 67, 68, 69, 70, 71, 72, 73, 74, 75, 76, 77, 78, 79, 80, 81, 82, 83, 84, 85, 86, 87, 88, 89, 90, 91, 92, 93, 94, 95, 96, 97, 98, 99, 100, 101, 102, 103, 104, 105, 106, 107, 108, 109, 110, 111, 112, 113, 114, 115, 116, 117, 118, 119, 120, 121, 122, 123, 124, 125, 126, 127, 128, 129, 130, 131, 132, 133, 134, 135, 136, 137, 138, 139, 140, 141, 142, 143, 144, 145, 146], 1:[], 2:[], 3:[], 4:[], 5:[], 6:[], 7:[], 8:[], 9:[], 10:[], 11:[], 12:[], 13:[], 14:[], 15:[], 16:[], 17:[], 18:[], 19:[], 20:[], 21:[], 22:[], 23:[], 24:[], 25:[], 26:[], 27:[], 28:[], 29:[], 30:[], 31:[], 32:[], 33:[], 34:[], 35:[], 36:[], 37:[], 38:[], 39:[], 40:[], 41:[], 42:[], 43:[], 44:[], 45:[], 46:[], 47:[], 48:[], 49:[], 50:[], 51:[], 52:[], 53:[], 54:[], 55:[], 56:[], 57:[], 58:[], 59:[], 60:[], 61:[], 62:[], 63:[], 64:[], 65:[], 66:[], 67:[], 68:[], 69:[], 70:[], 71:[], 72:[], 73:[], 74:[], 75:[], 76:[], 77:[], 78:[], 79:[], 80:[], 81:[], 82:[], 83:[], 84:[], 85:[], 86:[], 87:[], 88:[], 89:[], 90:[], 91:[], 92:[], 93:[], 94:[], 95:[], 96:[], 97:[], 98:[], 99:[], 100:[], 101:[], 102:[], 103:[], 104:[], 105:[], 106:[], 107:[], 108:[], 109:[], 110:[], 111:[], 112:[], 113:[], 114:[], 115:[], 116:[], 117:[], 118:[], 119:[], 120:[], 121:[], 122:[], 123:[], 124:[], 125:[], 126:[], 127:[], 128:[], 129:[], 130:[], 131:[], 132:[], 133:[], 134:[], 135:[], 136:[], 137:[], 138:[], 139:[], 140:[], 141:[], 142:[], 143:[], 144:[], 145:[], 146:[]",30851087432,37059029835
3529,13,20871.3411,15407600,230071099,1836399819,336.0753,false,148,true,true,true,true,true,false,false,"0:[0, 1, 2, 3, 4, 5, 6, 7, 8, 9, 10, 11, 12, 13, 14, 15, 16, 17, 18, 19, 20, 21, 22, 23, 24, 25, 26, 27, 28, 29, 30, 31, 32, 33, 34, 35, 36, 37, 38, 39, 40, 41, 42, 43, 44, 45, 46, 47, 48, 49, 50, 51, 52, 53, 54, 55, 56, 57, 58, 59, 60, 61, 62, 63, 64, 65, 66, 67, 68, 69, 70, 71, 72, 73, 74, 75, 76, 77, 78, 79, 80, 81, 82, 83, 84, 85, 86, 87, 88, 89, 90, 91, 92, 93, 94, 95, 96, 97, 98, 99, 100, 101, 102, 103, 104, 105, 106, 107, 108, 109, 110, 111, 112, 113, 114, 115, 116, 117, 118, 119, 120, 121, 122, 123, 124, 125, 126, 127, 128, 129, 130, 131, 132, 133, 134, 135, 136, 137, 138, 139, 140, 141, 142, 143, 144, 145, 146, 147], 1:[], 2:[], 3:[], 4:[], 5:[], 6:[], 7:[], 8:[], 9:[], 10:[], 11:[], 12:[], 13:[], 14:[], 15:[], 16:[], 17:[], 18:[], 19:[], 20:[], 21:[], 22:[], 23:[], 24:[], 25:[], 26:[], 27:[], 28:[], 29:[], 30:[], 31:[], 32:[], 33:[], 34:[], 35:[], 36:[], 37:[], 38:[], 39:[], 40:[], 41:[], 42:[], 43:[], 44:[], 45:[], 46:[], 47:[], 48:[], 49:[], 50:[], 51:[], 52:[], 53:[], 54:[], 55:[], 56:[], 57:[], 58:[], 59:[], 60:[], 61:[], 62:[], 63:[], 64:[], 65:[], 66:[], 67:[], 68:[], 69:[], 70:[], 71:[], 72:[], 73:[], 74:[], 75:[], 76:[], 77:[], 78:[], 79:[], 80:[], 81:[], 82:[], 83:[], 84:[], 85:[], 86:[], 87:[], 88:[], 89:[], 90:[], 91:[], 92:[], 93:[], 94:[], 95:[], 96:[], 97:[], 98:[], 99:[], 100:[], 101:[], 102:[], 103:[], 104:[], 105:[], 106:[], 107:[], 108:[], 109:[], 110:[], 111:[], 112:[], 113:[], 114:[], 115:[], 116:[], 117:[], 118:[], 119:[], 120:[], 121:[], 122:[], 123:[], 124:[], 125:[], 126:[], 127:[], 128:[], 129:[], 130:[], 131:[], 132:[], 133:[], 134:[], 135:[], 136:[], 137:[], 138:[], 139:[], 140:[], 141:[], 142:[], 143:[], 144:[], 145:[], 146:[], 147:[]",30883141984,37105670503
3533,2,15048.8782,15460080,230852129,1842627609,324.3100,false,148,true,true,true,true,true,false,false,"0:[0, 1, 2, 3, 4, 5, 6, 7, 8, 9, 10, 11, 12, 13, 14, 15, 16, 17, 18, 19, 20, 21, 22, 23, 24, 25, 26, 27, 28, 29, 30, 31, 32, 33, 34, 35, 36, 37, 38, 39, 40, 41, 42, 43, 44, 45, 46, 47, 48, 49, 50, 51, 52, 53, 54, 55, 56, 57, 58, 59, 60, 61, 62, 63, 64, 65, 66, 67, 68, 69, 70, 71, 72, 73, 74, 75, 76, 77, 78, 79, 80, 81, 82, 83, 84, 85, 86, 87, 88, 89, 90, 91, 92, 93, 94, 95, 96, 97, 98, 99, 100, 101, 102, 103, 104, 105, 106, 107, 108, 109, 110, 111, 112, 113, 114, 115, 116, 117, 118, 119, 120, 121, 122, 123, 124, 125, 126, 127, 128, 129, 130, 131, 132, 133, 134, 135, 136, 137, 138, 139, 140, 141, 142, 143, 144, 145, 146, 147], 1:[], 2:[], 3:[], 4:[], 5:[], 6:[], 7:[], 8:[], 9:[], 10:[], 11:[], 12:[], 13:[], 14:[], 15:[], 16:[], 17:[], 18:[], 19:[], 20:[], 21:[], 22:[], 23:[], 24:[], 25:[], 26:[], 27:[], 28:[], 29:[], 30:[], 31:[], 32:[], 33:[], 34:[], 35:[], 36:[], 37:[], 38:[], 39:[], 40:[], 41:[], 42:[], 43:[], 44:[], 45:[], 46:[], 47:[], 48:[], 49:[], 50:[], 51:[], 52:[], 53:[], 54:[], 55:[], 56:[], 57:[], 58:[], 59:[], 60:[], 61:[], 62:[], 63:[], 64:[], 65:[], 66:[], 67:[], 68:[], 69:[], 70:[], 71:[], 72:[], 73:[], 74:[], 75:[], 76:[], 77:[], 78:[], 79:[], 80:[], 81:[], 82:[], 83:[], 84:[], 85:[], 86:[], 87:[], 88:[], 89:[], 90:[], 91:[], 92:[], 93:[], 94:[], 95:[], 96:[], 97:[], 98:[], 99:[], 100:[], 101:[], 102:[], 103:[], 104:[], 105:[], 106:[], 107:[], 108:[], 109:[], 110:[], 111:[], 112:[], 113:[], 114:[], 115:[], 116:[], 117:[], 118:[], 119:[], 120:[], 121:[], 122:[], 123:[], 124:[], 125:[], 126:[], 127:[], 128:[], 129:[], 130:[], 131:[], 132:[], 133:[], 134:[], 135:[], 136:[], 137:[], 138:[], 139:[], 140:[], 141:[], 142:[], 143:[], 144:[], 145:[], 146:[], 147:[]",30947093824,37198455013
3539,2,16616.1406,15538876,232026924,1851997385,325.5796,false,148,true,true,true,true,true,false,false,"0:[0, 1, 2, 3, 4, 5, 6, 7, 8, 9, 10, 11, 12, 13, 14, 15, 16, 17, 18, 19, 20, 21, 22, 23, 24, 25, 26, 27, 28, 29, 30, 31, 32, 33, 34, 35, 36, 37, 38, 39, 40, 41, 42, 43, 44, 45, 46, 47, 48, 49, 50, 51, 52, 53, 54, 55, 56, 57, 58, 59, 60, 61, 62, 63, 64, 65, 66, 67, 68, 69, 70, 71, 72, 73, 74, 75, 76, 77, 78, 79, 80, 81, 82, 83, 84, 85, 86, 87, 88, 89, 90, 91, 92, 93, 94, 95, 96, 97, 98, 99, 100, 101, 102, 103, 104, 105, 106, 107, 108, 109, 110, 111, 112, 113, 114, 115, 116, 117, 118, 119, 120, 121, 122, 123, 124, 125, 126, 127, 128, 129, 130, 131, 132, 133, 134, 135, 136, 137, 138, 139, 140, 141, 142, 143, 144, 145, 146, 147], 1:[], 2:[], 3:[], 4:[], 5:[], 6:[], 7:[], 8:[], 9:[], 10:[], 11:[], 12:[], 13:[], 14:[], 15:[], 16:[], 17:[], 18:[], 19:[], 20:[], 21:[], 22:[], 23:[], 24:[], 25:[], 26:[], 27:[], 28:[], 29:[], 30:[], 31:[], 32:[], 33:[], 34:[], 35:[], 36:[], 37:[], 38:[], 39:[], 40:[], 41:[], 42:[], 43:[], 44:[], 45:[], 46:[], 47:[], 48:[], 49:[], 50:[], 51:[], 52:[], 53:[], 54:[], 55:[], 56:[], 57:[], 58:[], 59:[], 60:[], 61:[], 62:[], 63:[], 64:[], 65:[], 66:[], 67:[], 68:[], 69:[], 70:[], 71:[], 72:[], 73:[], 74:[], 75:[], 76:[], 77:[], 78:[], 79:[], 80:[], 81:[], 82:[], 83:[], 84:[], 85:[], 86:[], 87:[], 88:[], 89:[], 90:[], 91:[], 92:[], 93:[], 94:[], 95:[], 96:[], 97:[], 98:[], 99:[], 100:[], 101:[], 102:[], 103:[], 104:[], 105:[], 106:[], 107:[], 108:[], 109:[], 110:[], 111:[], 112:[], 113:[], 114:[], 115:[], 116:[], 117:[], 118:[], 119:[], 120:[], 121:[], 122:[], 123:[], 124:[], 125:[], 126:[], 127:[], 128:[], 129:[], 130:[], 131:[], 132:[], 133:[], 134:[], 135:[], 136:[], 137:[], 138:[], 139:[], 140:[], 141:[], 142:[], 143:[], 144:[], 145:[], 146:[], 147:[]",31043283712,37338026140
3541,2,15140.7962,15564805,232421239,1855167579,346.0042,false,147,true,true,true,true,true,false,false,"0:[0, 1, 2, 3, 4, 5, 6, 7, 8, 9, 10, 11, 12, 13, 14, 15, 16, 17, 18, 19, 20, 21, 22, 23, 24, 25, 26, 27, 28, 29, 30, 31, 32, 33, 34, 35, 36, 37, 38, 39, 40, 41, 42, 43, 44, 45, 46, 47, 48, 49, 50, 51, 52, 53, 54, 55, 56, 57, 58, 59, 60, 61, 62, 63, 64, 65, 66, 67, 68, 69, 70, 71, 72, 73, 74, 75, 76, 77, 78, 79, 80, 81, 82, 83, 84, 85, 86, 87, 88, 89, 90, 91, 92, 93, 94, 95, 96, 97, 98, 99, 100, 101, 102, 103, 104, 105, 106, 107, 108, 109, 110, 111, 112, 113, 114, 115, 116, 117, 118, 119, 120, 121, 122, 123, 124, 125, 126, 127, 128, 129, 130, 131, 132, 133, 134, 135, 136, 137, 138, 139, 140, 141, 142, 143, 144, 145, 146], 1:[], 2:[], 3:[], 4:[], 5:[], 6:[], 7:[], 8:[], 9:[], 10:[], 11:[], 12:[], 13:[], 14:[], 15:[], 16:[], 17:[], 18:[], 19:[], 20:[], 21:[], 22:[], 23:[], 24:[], 25:[], 26:[], 27:[], 28:[], 29:[], 30:[], 31:[], 32:[], 33:[], 34:[], 35:[], 36:[], 37:[], 38:[], 39:[], 40:[], 41:[], 42:[], 43:[], 44:[], 45:[], 46:[], 47:[], 48:[], 49:[], 50:[], 51:[], 52:[], 53:[], 54:[], 55:[], 56:[], 57:[], 58:[], 59:[], 60:[], 61:[], 62:[], 63:[], 64:[], 65:[], 66:[], 67:[], 68:[], 69:[], 70:[], 71:[], 72:[], 73:[], 74:[], 75:[], 76:[], 77:[], 78:[], 79:[], 80:[], 81:[], 82:[], 83:[], 84:[], 85:[], 86:[], 87:[], 88:[], 89:[], 90:[], 91:[], 92:[], 93:[], 94:[], 95:[], 96:[], 97:[], 98:[], 99:[], 100:[], 101:[], 102:[], 103:[], 104:[], 105:[], 106:[], 107:[], 108:[], 109:[], 110:[], 111:[], 112:[], 113:[], 114:[], 115:[], 116:[], 117:[], 118:[], 119:[], 120:[], 121:[], 122:[], 123:[], 124:[], 125:[], 126:[], 127:[], 128:[], 129:[], 130:[], 131:[], 132:[], 133:[], 134:[], 135:[], 136:[], 137:[], 138:[], 139:[], 140:[], 141:[], 142:[], 143:[], 144:[], 145:[], 146:[]",31075554924,37384982367
3547,2,14998.5243,15643955,233600487,1864567816,339.9035,false,147,true,true,true,true,true,false,false,"0:[0, 1, 2, 3, 4, 5, 6, 7, 8, 9, 10, 11, 12, 13, 14, 15, 16, 17, 18, 19, 20, 21, 22, 23, 24, 25, 26, 27, 28, 29, 30, 31, 32, 33, 34, 35, 36, 37, 38, 39, 40, 41, 42, 43, 44, 45, 46, 47, 48, 49, 50, 51, 52, 53, 54, 55, 56, 57, 58, 59, 60, 61, 62, 63, 64, 65, 66, 67, 68, 69, 70, 71, 72, 73, 74, 75, 76, 77, 78, 79, 80, 81, 82, 83, 84, 85, 86, 87, 88, 89, 90, 91, 92, 93, 94, 95, 96, 97, 98, 99, 100, 101, 102, 103, 104, 105, 106, 107, 108, 109, 110, 111, 112, 113, 114, 115, 116, 117, 118, 119, 120, 121, 122, 123, 124, 125, 126, 127, 128, 129, 130, 131, 132, 133, 134, 135, 136, 137, 138, 139, 140, 141, 142, 143, 144, 145, 146], 1:[], 2:[], 3:[], 4:[], 5:[], 6:[], 7:[], 8:[], 9:[], 10:[], 11:[], 12:[], 13:[], 14:[], 15:[], 16:[], 17:[], 18:[], 19:[], 20:[], 21:[], 22:[], 23:[], 24:[], 25:[], 26:[], 27:[], 28:[], 29:[], 30:[], 31:[], 32:[], 33:[], 34:[], 35:[], 36:[], 37:[], 38:[], 39:[], 40:[], 41:[], 42:[], 43:[], 44:[], 45:[], 46:[], 47:[], 48:[], 49:[], 50:[], 51:[], 52:[], 53:[], 54:[], 55:[], 56:[], 57:[], 58:[], 59:[], 60:[], 61:[], 62:[], 63:[], 64:[], 65:[], 66:[], 67:[], 68:[], 69:[], 70:[], 71:[], 72:[], 73:[], 74:[], 75:[], 76:[], 77:[], 78:[], 79:[], 80:[], 81:[], 82:[], 83:[], 84:[], 85:[], 86:[], 87:[], 88:[], 89:[], 90:[], 91:[], 92:[], 93:[], 94:[], 95:[], 96:[], 97:[], 98:[], 99:[], 100:[], 101:[], 102:[], 103:[], 104:[], 105:[], 106:[], 107:[], 108:[], 109:[], 110:[], 111:[], 112:[], 113:[], 114:[], 115:[], 116:[], 117:[], 118:[], 119:[], 120:[], 121:[], 122:[], 123:[], 124:[], 125:[], 126:[], 127:[], 128:[], 129:[], 130:[], 131:[], 132:[], 133:[], 134:[], 135:[], 136:[], 137:[], 138:[], 139:[], 140:[], 141:[], 142:[], 143:[], 144:[], 145:[], 146:[]",31172110964,37525084855
3557,2,17817.7505,15776269,235581646,1880412357,371.0541,false,149,true,true,true,true,true,false,false,"0:[0, 1, 2, 3, 4, 5, 6, 7, 8, 9, 10, 11, 12, 13, 14, 15, 16, 17, 18, 19, 20, 21, 22, 23, 24, 25, 26, 27, 28, 29, 30, 31, 32, 33, 34, 35, 36, 37, 38, 39, 40, 41, 42, 43, 44, 45, 46, 47, 48, 49, 50, 51, 52, 53, 54, 55, 56, 57, 58, 59, 60, 61, 62, 63, 64, 65, 66, 67, 68, 69, 70, 71, 72, 73, 74, 75, 76, 77, 78, 79, 80, 81, 82, 83, 84, 85, 86, 87, 88, 89, 90, 91, 92, 93, 94, 95, 96, 97, 98, 99, 100, 101, 102, 103, 104, 105, 106, 107, 108, 109, 110, 111, 112, 113, 114, 115, 116, 117, 118, 119, 120, 121, 122, 123, 124, 125, 126, 127, 128, 129, 130, 131, 132, 133, 134, 135, 136, 137, 138, 139, 140, 141, 142, 143, 144, 145, 146, 147, 148], 1:[], 2:[], 3:[], 4:[], 5:[], 6:[], 7:[], 8:[], 9:[], 10:[], 11:[], 12:[], 13:[], 14:[], 15:[], 16:[], 17:[], 18:[], 19:[], 20:[], 21:[], 22:[], 23:[], 24:[], 25:[], 26:[], 27:[], 28:[], 29:[], 30:[], 31:[], 32:[], 33:[], 34:[], 35:[], 36:[], 37:[], 38:[], 39:[], 40:[], 41:[], 42:[], 43:[], 44:[], 45:[], 46:[], 47:[], 48:[], 49:[], 50:[], 51:[], 52:[], 53:[], 54:[], 55:[], 56:[], 57:[], 58:[], 59:[], 60:[], 61:[], 62:[], 63:[], 64:[], 65:[], 66:[], 67:[], 68:[], 69:[], 70:[], 71:[], 72:[], 73:[], 74:[], 75:[], 76:[], 77:[], 78:[], 79:[], 80:[], 81:[], 82:[], 83:[], 84:[], 85:[], 86:[], 87:[], 88:[], 89:[], 90:[], 91:[], 92:[], 93:[], 94:[], 95:[], 96:[], 97:[], 98:[], 99:[], 100:[], 101:[], 102:[], 103:[], 104:[], 105:[], 106:[], 107:[], 108:[], 109:[], 110:[], 111:[], 112:[], 113:[], 114:[], 115:[], 116:[], 117:[], 118:[], 119:[], 120:[], 121:[], 122:[], 123:[], 124:[], 125:[], 126:[], 127:[], 128:[], 129:[], 130:[], 131:[], 132:[], 133:[], 134:[], 135:[], 136:[], 137:[], 138:[], 139:[], 140:[], 141:[], 142:[], 143:[], 144:[], 145:[], 146:[], 147:[], 148:[]",40729549436,37760547618
3559,3,16778.6169,15802762,235977216,1883563688,362.4853,false,148,true,true,true,true,true,false,false,"0:[0, 1, 2, 3, 4, 5, 6, 7, 8, 9, 10, 11, 12, 13, 14, 15, 16, 17, 18, 19, 20, 21, 22, 23, 24, 25, 26, 27, 28, 29, 30, 31, 32, 33, 34, 35, 36, 37, 38, 39, 40, 41, 42, 43, 44, 45, 46, 47, 48, 49, 50, 51, 52, 53, 54, 55, 56, 57, 58, 59, 60, 61, 62, 63, 64, 65, 66, 67, 68, 69, 70, 71, 72, 73, 74, 75, 76, 77, 78, 79, 80, 81, 82, 83, 84, 85, 86, 87, 88, 89, 90, 91, 92, 93, 94, 95, 96, 97, 98, 99, 100, 101, 102, 103, 104, 105, 106, 107, 108, 109, 110, 111, 112, 113, 114, 115, 116, 117, 118, 119, 120, 121, 122, 123, 124, 125, 126, 127, 128, 129, 130, 131, 132, 133, 134, 135, 136, 137, 138, 139, 140, 141, 142, 143, 144, 145, 146, 147], 1:[], 2:[], 3:[], 4:[], 5:[], 6:[], 7:[], 8:[], 9:[], 10:[], 11:[], 12:[], 13:[], 14:[], 15:[], 16:[], 17:[], 18:[], 19:[], 20:[], 21:[], 22:[], 23:[], 24:[], 25:[], 26:[], 27:[], 28:[], 29:[], 30:[], 31:[], 32:[], 33:[], 34:[], 35:[], 36:[], 37:[], 38:[], 39:[], 40:[], 41:[], 42:[], 43:[], 44:[], 45:[], 46:[], 47:[], 48:[], 49:[], 50:[], 51:[], 52:[], 53:[], 54:[], 55:[], 56:[], 57:[], 58:[], 59:[], 60:[], 61:[], 62:[], 63:[], 64:[], 65:[], 66:[], 67:[], 68:[], 69:[], 70:[], 71:[], 72:[], 73:[], 74:[], 75:[], 76:[], 77:[], 78:[], 79:[], 80:[], 81:[], 82:[], 83:[], 84:[], 85:[], 86:[], 87:[], 88:[], 89:[], 90:[], 91:[], 92:[], 93:[], 94:[], 95:[], 96:[], 97:[], 98:[], 99:[], 100:[], 101:[], 102:[], 103:[], 104:[], 105:[], 106:[], 107:[], 108:[], 109:[], 110:[], 111:[], 112:[], 113:[], 114:[], 115:[], 116:[], 117:[], 118:[], 119:[], 120:[], 121:[], 122:[], 123:[], 124:[], 125:[], 126:[], 127:[], 128:[], 129:[], 130:[], 131:[], 132:[], 133:[], 134:[], 135:[], 136:[], 137:[], 138:[], 139:[], 140:[], 141:[], 142:[], 143:[], 144:[], 145:[], 146:[], 147:[]",40761936840,37807551432
3571,2,15701.7911,15962638,238369139,1902675986,389.0677,false,149,true,true,true,true,true,false,false,"0:[0, 1, 2, 3, 4, 5, 6, 7, 8, 9, 10, 11, 12, 13, 14, 15, 16, 17, 18, 19, 20, 21, 22, 23, 24, 25, 26, 27, 28, 29, 30, 31, 32, 33, 34, 35, 36, 37, 38, 39, 40, 41, 42, 43, 44, 45, 46, 47, 48, 49, 50, 51, 52, 53, 54, 55, 56, 57, 58, 59, 60, 61, 62, 63, 64, 65, 66, 67, 68, 69, 70, 71, 72, 73, 74, 75, 76, 77, 78, 79, 80, 81, 82, 83, 84, 85, 86, 87, 88, 89, 90, 91, 92, 93, 94, 95, 96, 97, 98, 99, 100, 101, 102, 103, 104, 105, 106, 107, 108, 109, 110, 111, 112, 113, 114, 115, 116, 117, 118, 119, 120, 121, 122, 123, 124, 125, 126, 127, 128, 129, 130, 131, 132, 133, 134, 135, 136, 137, 138, 139, 140, 141, 142, 143, 144, 145, 146, 147, 148], 1:[], 2:[], 3:[], 4:[], 5:[], 6:[], 7:[], 8:[], 9:[], 10:[], 11:[], 12:[], 13:[], 14:[], 15:[], 16:[], 17:[], 18:[], 19:[], 20:[], 21:[], 22:[], 23:[], 24:[], 25:[], 26:[], 27:[], 28:[], 29:[], 30:[], 31:[], 32:[], 33:[], 34:[], 35:[], 36:[], 37:[], 38:[], 39:[], 40:[], 41:[], 42:[], 43:[], 44:[], 45:[], 46:[], 47:[], 48:[], 49:[], 50:[], 51:[], 52:[], 53:[], 54:[], 55:[], 56:[], 57:[], 58:[], 59:[], 60:[], 61:[], 62:[], 63:[], 64:[], 65:[], 66:[], 67:[], 68:[], 69:[], 70:[], 71:[], 72:[], 73:[], 74:[], 75:[], 76:[], 77:[], 78:[], 79:[], 80:[], 81:[], 82:[], 83:[], 84:[], 85:[], 86:[], 87:[], 88:[], 89:[], 90:[], 91:[], 92:[], 93:[], 94:[], 95:[], 96:[], 97:[], 98:[], 99:[], 100:[], 101:[], 102:[], 103:[], 104:[], 105:[], 106:[], 107:[], 108:[], 109:[], 110:[], 111:[], 112:[], 113:[], 114:[], 115:[], 116:[], 117:[], 118:[], 119:[], 120:[], 121:[], 122:[], 123:[], 124:[], 125:[], 126:[], 127:[], 128:[], 129:[], 130:[], 131:[], 132:[], 133:[], 134:[], 135:[], 136:[], 137:[], 138:[], 139:[], 140:[], 141:[], 142:[], 143:[], 144:[], 145:[], 146:[], 147:[], 148:[]",40957767208,38091825991
3581,2,17675.8622,16096740,240372577,1918671734,345.7309,false,149,true,true,true,true,true,false,false,"0:[0, 1, 2, 3, 4, 5, 6, 7, 8, 9, 10, 11, 12, 13, 14, 15, 16, 17, 18, 19, 20, 21, 22, 23, 24, 25, 26, 27, 28, 29, 30, 31, 32, 33, 34, 35, 36, 37, 38, 39, 40, 41, 42, 43, 44, 45, 46, 47, 48, 49, 50, 51, 52, 53, 54, 55, 56, 57, 58, 59, 60, 61, 62, 63, 64, 65, 66, 67, 68, 69, 70, 71, 72, 73, 74, 75, 76, 77, 78, 79, 80, 81, 82, 83, 84, 85, 86, 87, 88, 89, 90, 91, 92, 93, 94, 95, 96, 97, 98, 99, 100, 101, 102, 103, 104, 105, 106, 107, 108, 109, 110, 111, 112, 113, 114, 115, 116, 117, 118, 119, 120, 121, 122, 123, 124, 125, 126, 127, 128, 129, 130, 131, 132, 133, 134, 135, 136, 137, 138, 139, 140, 141, 142, 143, 144, 145, 146, 147, 148], 1:[], 2:[], 3:[], 4:[], 5:[], 6:[], 7:[], 8:[], 9:[], 10:[], 11:[], 12:[], 13:[], 14:[], 15:[], 16:[], 17:[], 18:[], 19:[], 20:[], 21:[], 22:[], 23:[], 24:[], 25:[], 26:[], 27:[], 28:[], 29:[], 30:[], 31:[], 32:[], 33:[], 34:[], 35:[], 36:[], 37:[], 38:[], 39:[], 40:[], 41:[], 42:[], 43:[], 44:[], 45:[], 46:[], 47:[], 48:[], 49:[], 50:[], 51:[], 52:[], 53:[], 54:[], 55:[], 56:[], 57:[], 58:[], 59:[], 60:[], 61:[], 62:[], 63:[], 64:[], 65:[], 66:[], 67:[], 68:[], 69:[], 70:[], 71:[], 72:[], 73:[], 74:[], 75:[], 76:[], 77:[], 78:[], 79:[], 80:[], 81:[], 82:[], 83:[], 84:[], 85:[], 86:[], 87:[], 88:[], 89:[], 90:[], 91:[], 92:[], 93:[], 94:[], 95:[], 96:[], 97:[], 98:[], 99:[], 100:[], 101:[], 102:[], 103:[], 104:[], 105:[], 106:[], 107:[], 108:[], 109:[], 110:[], 111:[], 112:[], 113:[], 114:[], 115:[], 116:[], 117:[], 118:[], 119:[], 120:[], 121:[], 122:[], 123:[], 124:[], 125:[], 126:[], 127:[], 128:[], 129:[], 130:[], 131:[], 132:[], 133:[], 134:[], 135:[], 136:[], 137:[], 138:[], 139:[], 140:[], 141:[], 142:[], 143:[], 144:[], 145:[], 146:[], 147:[], 148:[]",41121797104,38329943861
3583,3,19011.8620,16123590,240773487,1921865639,365.9024,false,150,true,true,true,true,true,false,false,"0:[0, 1, 2, 3, 4, 5, 6, 7, 8, 9, 10, 11, 12, 13, 14, 15, 16, 17, 18, 19, 20, 21, 22, 23, 24, 25, 26, 27, 28, 29, 30, 31, 32, 33, 34, 35, 36, 37, 38, 39, 40, 41, 42, 43, 44, 45, 46, 47, 48, 49, 50, 51, 52, 53, 54, 55, 56, 57, 58, 59, 60, 61, 62, 63, 64, 65, 66, 67, 68, 69, 70, 71, 72, 73, 74, 75, 76, 77, 78, 79, 80, 81, 82, 83, 84, 85, 86, 87, 88, 89, 90, 91, 92, 93, 94, 95, 96, 97, 98, 99, 100, 101, 102, 103, 104, 105, 106, 107, 108, 109, 110, 111, 112, 113, 114, 115, 116, 117, 118, 119, 120, 121, 122, 123, 124, 125, 126, 127, 128, 129, 130, 131, 132, 133, 134, 135, 136, 137, 138, 139, 140, 141, 142, 143, 144, 145, 146, 147, 148, 149], 1:[], 2:[], 3:[], 4:[], 5:[], 6:[], 7:[], 8:[], 9:[], 10:[], 11:[], 12:[], 13:[], 14:[], 15:[], 16:[], 17:[], 18:[], 19:[], 20:[], 21:[], 22:[], 23:[], 24:[], 25:[], 26:[], 27:[], 28:[], 29:[], 30:[], 31:[], 32:[], 33:[], 34:[], 35:[], 36:[], 37:[], 38:[], 39:[], 40:[], 41:[], 42:[], 43:[], 44:[], 45:[], 46:[], 47:[], 48:[], 49:[], 50:[], 51:[], 52:[], 53:[], 54:[], 55:[], 56:[], 57:[], 58:[], 59:[], 60:[], 61:[], 62:[], 63:[], 64:[], 65:[], 66:[], 67:[], 68:[], 69:[], 70:[], 71:[], 72:[], 73:[], 74:[], 75:[], 76:[], 77:[], 78:[], 79:[], 80:[], 81:[], 82:[], 83:[], 84:[], 85:[], 86:[], 87:[], 88:[], 89:[], 90:[], 91:[], 92:[], 93:[], 94:[], 95:[], 96:[], 97:[], 98:[], 99:[], 100:[], 101:[], 102:[], 103:[], 104:[], 105:[], 106:[], 107:[], 108:[], 109:[], 110:[], 111:[], 112:[], 113:[], 114:[], 115:[], 116:[], 117:[], 118:[], 119:[], 120:[], 121:[], 122:[], 123:[], 124:[], 125:[], 126:[], 127:[], 128:[], 129:[], 130:[], 131:[], 132:[], 133:[], 134:[], 135:[], 136:[], 137:[], 138:[], 139:[], 140:[], 141:[], 142:[], 143:[], 144:[], 145:[], 146:[], 147:[], 148:[], 149:[]",41154621704,38377582707
3593,3,17811.0834,16258590,242794922,1938032450,345.6107,false,149,true,true,true,true,true,false,false,"0:[0, 1, 2, 3, 4, 5, 6, 7, 8, 9, 10, 11, 12, 13, 14, 15, 16, 17, 18, 19, 20, 21, 22, 23, 24, 25, 26, 27, 28, 29, 30, 31, 32, 33, 34, 35, 36, 37, 38, 39, 40, 41, 42, 43, 44, 45, 46, 47, 48, 49, 50, 51, 52, 53, 54, 55, 56, 57, 58, 59, 60, 61, 62, 63, 64, 65, 66, 67, 68, 69, 70, 71, 72, 73, 74, 75, 76, 77, 78, 79, 80, 81, 82, 83, 84, 85, 86, 87, 88, 89, 90, 91, 92, 93, 94, 95, 96, 97, 98, 99, 100, 101, 102, 103, 104, 105, 106, 107, 108, 109, 110, 111, 112, 113, 114, 115, 116, 117, 118, 119, 120, 121, 122, 123, 124, 125, 126, 127, 128, 129, 130, 131, 132, 133, 134, 135, 136, 137, 138, 139, 140, 141, 142, 143, 144, 145, 146, 147, 148], 1:[], 2:[], 3:[], 4:[], 5:[], 6:[], 7:[], 8:[], 9:[], 10:[], 11:[], 12:[], 13:[], 14:[], 15:[], 16:[], 17:[], 18:[], 19:[], 20:[], 21:[], 22:[], 23:[], 24:[], 25:[], 26:[], 27:[], 28:[], 29:[], 30:[], 31:[], 32:[], 33:[], 34:[], 35:[], 36:[], 37:[], 38:[], 39:[], 40:[], 41:[], 42:[], 43:[], 44:[], 45:[], 46:[], 47:[], 48:[], 49:[], 50:[], 51:[], 52:[], 53:[], 54:[], 55:[], 56:[], 57:[], 58:[], 59:[], 60:[], 61:[], 62:[], 63:[], 64:[], 65:[], 66:[], 67:[], 68:[], 69:[], 70:[], 71:[], 72:[], 73:[], 74:[], 75:[], 76:[], 77:[], 78:[], 79:[], 80:[], 81:[], 82:[], 83:[], 84:[], 85:[], 86:[], 87:[], 88:[], 89:[], 90:[], 91:[], 92:[], 93:[], 94:[], 95:[], 96:[], 97:[], 98:[], 99:[], 100:[], 101:[], 102:[], 103:[], 104:[], 105:[], 106:[], 107:[], 108:[], 109:[], 110:[], 111:[], 112:[], 113:[], 114:[], 115:[], 116:[], 117:[], 118:[], 119:[], 120:[], 121:[], 122:[], 123:[], 124:[], 125:[], 126:[], 127:[], 128:[], 129:[], 130:[], 131:[], 132:[], 133:[], 134:[], 135:[], 136:[], 137:[], 138:[], 139:[], 140:[], 141:[], 142:[], 143:[], 144:[], 145:[], 146:[], 147:[], 148:[]",41320116504,38617832618
3607,3,16538.5897,16448732,245637126,1960722678,353.2001,false,151,true,true,true,true,true,false,false,"0:[0, 1, 2, 3, 4, 5, 6, 7, 8, 9, 10, 11, 12, 13, 14, 15, 16, 17, 18, 19, 20, 21, 22, 23, 24, 25, 26, 27, 28, 29, 30, 31, 32, 33, 34, 35, 36, 37, 38, 39, 40, 41, 42, 43, 44, 45, 46, 47, 48, 49, 50, 51, 52, 53, 54, 55, 56, 57, 58, 59, 60, 61, 62, 63, 64, 65, 66, 67, 68, 69, 70, 71, 72, 73, 74, 75, 76, 77, 78, 79, 80, 81, 82, 83, 84, 85, 86, 87, 88, 89, 90, 91, 92, 93, 94, 95, 96, 97, 98, 99, 100, 101, 102, 103, 104, 105, 106, 107, 108, 109, 110, 111, 112, 113, 114, 115, 116, 117, 118, 119, 120, 121, 122, 123, 124, 125, 126, 127, 128, 129, 130, 131, 132, 133, 134, 135, 136, 137, 138, 139, 140, 141, 142, 143, 144, 145, 146, 147, 148, 149, 150], 1:[], 2:[], 3:[], 4:[], 5:[], 6:[], 7:[], 8:[], 9:[], 10:[], 11:[], 12:[], 13:[], 14:[], 15:[], 16:[], 17:[], 18:[], 19:[], 20:[], 21:[], 22:[], 23:[], 24:[], 25:[], 26:[], 27:[], 28:[], 29:[], 30:[], 31:[], 32:[], 33:[], 34:[], 35:[], 36:[], 37:[], 38:[], 39:[], 40:[], 41:[], 42:[], 43:[], 44:[], 45:[], 46:[], 47:[], 48:[], 49:[], 50:[], 51:[], 52:[], 53:[], 54:[], 55:[], 56:[], 57:[], 58:[], 59:[], 60:[], 61:[], 62:[], 63:[], 64:[], 65:[], 66:[], 67:[], 68:[], 69:[], 70:[], 71:[], 72:[], 73:[], 74:[], 75:[], 76:[], 77:[], 78:[], 79:[], 80:[], 81:[], 82:[], 83:[], 84:[], 85:[], 86:[], 87:[], 88:[], 89:[], 90:[], 91:[], 92:[], 93:[], 94:[], 95:[], 96:[], 97:[], 98:[], 99:[], 100:[], 101:[], 102:[], 103:[], 104:[], 105:[], 106:[], 107:[], 108:[], 109:[], 110:[], 111:[], 112:[], 113:[], 114:[], 115:[], 116:[], 117:[], 118:[], 119:[], 120:[], 121:[], 122:[], 123:[], 124:[], 125:[], 126:[], 127:[], 128:[], 129:[], 130:[], 131:[], 132:[], 133:[], 134:[], 135:[], 136:[], 137:[], 138:[], 139:[], 140:[], 141:[], 142:[], 143:[], 144:[], 145:[], 146:[], 147:[], 148:[], 149:[], 150:[]",41552816800,38955617118
3613,2,18255.5167,16530544,246863401,1970527425,384.6349,false,151,true,true,true,true,true,false,false,"0:[0, 1, 2, 3, 4, 5, 6, 7, 8, 9, 10, 11, 12, 13, 14, 15, 16, 17, 18, 19, 20, 21, 22, 23, 24, 25, 26, 27, 28, 29, 30, 31, 32, 33, 34, 35, 36, 37, 38, 39, 40, 41, 42, 43, 44, 45, 46, 47, 48, 49, 50, 51, 52, 53, 54, 55, 56, 57, 58, 59, 60, 61, 62, 63, 64, 65, 66, 67, 68, 69, 70, 71, 72, 73, 74, 75, 76, 77, 78, 79, 80, 81, 82, 83, 84, 85, 86, 87, 88, 89, 90, 91, 92, 93, 94, 95, 96, 97, 98, 99, 100, 101, 102, 103, 104, 105, 106, 107, 108, 109, 110, 111, 112, 113, 114, 115, 116, 117, 118, 119, 120, 121, 122, 123, 124, 125, 126, 127, 128, 129, 130, 131, 132, 133, 134, 135, 136, 137, 138, 139, 140, 141, 142, 143, 144, 145, 146, 147, 148, 149, 150], 1:[], 2:[], 3:[], 4:[], 5:[], 6:[], 7:[], 8:[], 9:[], 10:[], 11:[], 12:[], 13:[], 14:[], 15:[], 16:[], 17:[], 18:[], 19:[], 20:[], 21:[], 22:[], 23:[], 24:[], 25:[], 26:[], 27:[], 28:[], 29:[], 30:[], 31:[], 32:[], 33:[], 34:[], 35:[], 36:[], 37:[], 38:[], 39:[], 40:[], 41:[], 42:[], 43:[], 44:[], 45:[], 46:[], 47:[], 48:[], 49:[], 50:[], 51:[], 52:[], 53:[], 54:[], 55:[], 56:[], 57:[], 58:[], 59:[], 60:[], 61:[], 62:[], 63:[], 64:[], 65:[], 66:[], 67:[], 68:[], 69:[], 70:[], 71:[], 72:[], 73:[], 74:[], 75:[], 76:[], 77:[], 78:[], 79:[], 80:[], 81:[], 82:[], 83:[], 84:[], 85:[], 86:[], 87:[], 88:[], 89:[], 90:[], 91:[], 92:[], 93:[], 94:[], 95:[], 96:[], 97:[], 98:[], 99:[], 100:[], 101:[], 102:[], 103:[], 104:[], 105:[], 106:[], 107:[], 108:[], 109:[], 110:[], 111:[], 112:[], 113:[], 114:[], 115:[], 116:[], 117:[], 118:[], 119:[], 120:[], 121:[], 122:[], 123:[], 124:[], 125:[], 126:[], 127:[], 128:[], 129:[], 130:[], 131:[], 132:[], 133:[], 134:[], 135:[], 136:[], 137:[], 138:[], 139:[], 140:[], 141:[], 142:[], 143:[], 144:[], 145:[], 146:[], 147:[], 148:[], 149:[], 150:[]",41653209536,39101410509
3617,3,21165.8261,16585538,247683763,1977079978,368.1277,false,150,true,true,true,true,true,false,false,"0:[0, 1, 2, 3, 4, 5, 6, 7, 8, 9, 10, 11, 12, 13, 14, 15, 16, 17, 18, 19, 20, 21, 22, 23, 24, 25, 26, 27, 28, 29, 30, 31, 32, 33, 34, 35, 36, 37, 38, 39, 40, 41, 42, 43, 44, 45, 46, 47, 48, 49, 50, 51, 52, 53, 54, 55, 56, 57, 58, 59, 60, 61, 62, 63, 64, 65, 66, 67, 68, 69, 70, 71, 72, 73, 74, 75, 76, 77, 78, 79, 80, 81, 82, 83, 84, 85, 86, 87, 88, 89, 90, 91, 92, 93, 94, 95, 96, 97, 98, 99, 100, 101, 102, 103, 104, 105, 106, 107, 108, 109, 110, 111, 112, 113, 114, 115, 116, 117, 118, 119, 120, 121, 122, 123, 124, 125, 126, 127, 128, 129, 130, 131, 132, 133, 134, 135, 136, 137, 138, 139, 140, 141, 142, 143, 144, 145, 146, 147, 148, 149], 1:[], 2:[], 3:[], 4:[], 5:[], 6:[], 7:[], 8:[], 9:[], 10:[], 11:[], 12:[], 13:[], 14:[], 15:[], 16:[], 17:[], 18:[], 19:[], 20:[], 21:[], 22:[], 23:[], 24:[], 25:[], 26:[], 27:[], 28:[], 29:[], 30:[], 31:[], 32:[], 33:[], 34:[], 35:[], 36:[], 37:[], 38:[], 39:[], 40:[], 41:[], 42:[], 43:[], 44:[], 45:[], 46:[], 47:[], 48:[], 49:[], 50:[], 51:[], 52:[], 53:[], 54:[], 55:[], 56:[], 57:[], 58:[], 59:[], 60:[], 61:[], 62:[], 63:[], 64:[], 65:[], 66:[], 67:[], 68:[], 69:[], 70:[], 71:[], 72:[], 73:[], 74:[], 75:[], 76:[], 77:[], 78:[], 79:[], 80:[], 81:[], 82:[], 83:[], 84:[], 85:[], 86:[], 87:[], 88:[], 89:[], 90:[], 91:[], 92:[], 93:[], 94:[], 95:[], 96:[], 97:[], 98:[], 99:[], 100:[], 101:[], 102:[], 103:[], 104:[], 105:[], 106:[], 107:[], 108:[], 109:[], 110:[], 111:[], 112:[], 113:[], 114:[], 115:[], 116:[], 117:[], 118:[], 119:[], 120:[], 121:[], 122:[], 123:[], 124:[], 125:[], 126:[], 127:[], 128:[], 129:[], 130:[], 131:[], 132:[], 133:[], 134:[], 135:[], 136:[], 137:[], 138:[], 139:[], 140:[], 141:[], 142:[], 143:[], 144:[], 145:[], 146:[], 147:[], 148:[], 149:[]",41720378328,39198865175
3623,5,17029.5119,16668106,248916813,1986926134,365.9764,false,151,true,true,true,true,true,false,false,"0:[0, 1, 2, 3, 4, 5, 6, 7, 8, 9, 10, 11, 12, 13, 14, 15, 16, 17, 18, 19, 20, 21, 22, 23, 24, 25, 26, 27, 28, 29, 30, 31, 32, 33, 34, 35, 36, 37, 38, 39, 40, 41, 42, 43, 44, 45, 46, 47, 48, 49, 50, 51, 52, 53, 54, 55, 56, 57, 58, 59, 60, 61, 62, 63, 64, 65, 66, 67, 68, 69, 70, 71, 72, 73, 74, 75, 76, 77, 78, 79, 80, 81, 82, 83, 84, 85, 86, 87, 88, 89, 90, 91, 92, 93, 94, 95, 96, 97, 98, 99, 100, 101, 102, 103, 104, 105, 106, 107, 108, 109, 110, 111, 112, 113, 114, 115, 116, 117, 118, 119, 120, 121, 122, 123, 124, 125, 126, 127, 128, 129, 130, 131, 132, 133, 134, 135, 136, 137, 138, 139, 140, 141, 142, 143, 144, 145, 146, 147, 148, 149, 150], 1:[], 2:[], 3:[], 4:[], 5:[], 6:[], 7:[], 8:[], 9:[], 10:[], 11:[], 12:[], 13:[], 14:[], 15:[], 16:[], 17:[], 18:[], 19:[], 20:[], 21:[], 22:[], 23:[], 24:[], 25:[], 26:[], 27:[], 28:[], 29:[], 30:[], 31:[], 32:[], 33:[], 34:[], 35:[], 36:[], 37:[], 38:[], 39:[], 40:[], 41:[], 42:[], 43:[], 44:[], 45:[], 46:[], 47:[], 48:[], 49:[], 50:[], 51:[], 52:[], 53:[], 54:[], 55:[], 56:[], 57:[], 58:[], 59:[], 60:[], 61:[], 62:[], 63:[], 64:[], 65:[], 66:[], 67:[], 68:[], 69:[], 70:[], 71:[], 72:[], 73:[], 74:[], 75:[], 76:[], 77:[], 78:[], 79:[], 80:[], 81:[], 82:[], 83:[], 84:[], 85:[], 86:[], 87:[], 88:[], 89:[], 90:[], 91:[], 92:[], 93:[], 94:[], 95:[], 96:[], 97:[], 98:[], 99:[], 100:[], 101:[], 102:[], 103:[], 104:[], 105:[], 106:[], 107:[], 108:[], 109:[], 110:[], 111:[], 112:[], 113:[], 114:[], 115:[], 116:[], 117:[], 118:[], 119:[], 120:[], 121:[], 122:[], 123:[], 124:[], 125:[], 126:[], 127:[], 128:[], 129:[], 130:[], 131:[], 132:[], 133:[], 134:[], 135:[], 136:[], 137:[], 138:[], 139:[], 140:[], 141:[], 142:[], 143:[], 144:[], 145:[], 146:[], 147:[], 148:[], 149:[], 150:[]",41821334232,39345356825
3631,3,17321.4547,16778216,250565720,2000098493,363.7196,false,151,true,true,true,true,true,false,false,"0:[0, 1, 2, 3, 4, 5, 6, 7, 8, 9, 10, 11, 12, 13, 14, 15, 16, 17, 18, 19, 20, 21, 22, 23, 24, 25, 26, 27, 28, 29, 30, 31, 32, 33, 34, 35, 36, 37, 38, 39, 40, 41, 42, 43, 44, 45, 46, 47, 48, 49, 50, 51, 52, 53, 54, 55, 56, 57, 58, 59, 60, 61, 62, 63, 64, 65, 66, 67, 68, 69, 70, 71, 72, 73, 74, 75, 76, 77, 78, 79, 80, 81, 82, 83, 84, 85, 86, 87, 88, 89, 90, 91, 92, 93, 94, 95, 96, 97, 98, 99, 100, 101, 102, 103, 104, 105, 106, 107, 108, 109, 110, 111, 112, 113, 114, 115, 116, 117, 118, 119, 120, 121, 122, 123, 124, 125, 126, 127, 128, 129, 130, 131, 132, 133, 134, 135, 136, 137, 138, 139, 140, 141, 142, 143, 144, 145, 146, 147, 148, 149, 150], 1:[], 2:[], 3:[], 4:[], 5:[], 6:[], 7:[], 8:[], 9:[], 10:[], 11:[], 12:[], 13:[], 14:[], 15:[], 16:[], 17:[], 18:[], 19:[], 20:[], 21:[], 22:[], 23:[], 24:[], 25:[], 26:[], 27:[], 28:[], 29:[], 30:[], 31:[], 32:[], 33:[], 34:[], 35:[], 36:[], 37:[], 38:[], 39:[], 40:[], 41:[], 42:[], 43:[], 44:[], 45:[], 46:[], 47:[], 48:[], 49:[], 50:[], 51:[], 52:[], 53:[], 54:[], 55:[], 56:[], 57:[], 58:[], 59:[], 60:[], 61:[], 62:[], 63:[], 64:[], 65:[], 66:[], 67:[], 68:[], 69:[], 70:[], 71:[], 72:[], 73:[], 74:[], 75:[], 76:[], 77:[], 78:[], 79:[], 80:[], 81:[], 82:[], 83:[], 84:[], 85:[], 86:[], 87:[], 88:[], 89:[], 90:[], 91:[], 92:[], 93:[], 94:[], 95:[], 96:[], 97:[], 98:[], 99:[], 100:[], 101:[], 102:[], 103:[], 104:[], 105:[], 106:[], 107:[], 108:[], 109:[], 110:[], 111:[], 112:[], 113:[], 114:[], 115:[], 116:[], 117:[], 118:[], 119:[], 120:[], 121:[], 122:[], 123:[], 124:[], 125:[], 126:[], 127:[], 128:[], 129:[], 130:[], 131:[], 132:[], 133:[], 134:[], 135:[], 136:[], 137:[], 138:[], 139:[], 140:[], 141:[], 142:[], 143:[], 144:[], 145:[], 146:[], 147:[], 148:[], 149:[], 150:[]",41956329872,39541370856
3637,2,16763.5107,16861117,251807427,2010021268,429.1243,false,152,true,true,true,true,true,false,false,"0:[0, 1, 2, 3, 4, 5, 6, 7, 8, 9, 10, 11, 12, 13, 14, 15, 16, 17, 18, 19, 20, 21, 22, 23, 24, 25, 26, 27, 28, 29, 30, 31, 32, 33, 34, 35, 36, 37, 38, 39, 40, 41, 42, 43, 44, 45, 46, 47, 48, 49, 50, 51, 52, 53, 54, 55, 56, 57, 58, 59, 60, 61, 62, 63, 64, 65, 66, 67, 68, 69, 70, 71, 72, 73, 74, 75, 76, 77, 78, 79, 80, 81, 82, 83, 84, 85, 86, 87, 88, 89, 90, 91, 92, 93, 94, 95, 96, 97, 98, 99, 100, 101, 102, 103, 104, 105, 106, 107, 108, 109, 110, 111, 112, 113, 114, 115, 116, 117, 118, 119, 120, 121, 122, 123, 124, 125, 126, 127, 128, 129, 130, 131, 132, 133, 134, 135, 136, 137, 138, 139, 140, 141, 142, 143, 144, 145, 146, 147, 148, 149, 150, 151], 1:[], 2:[], 3:[], 4:[], 5:[], 6:[], 7:[], 8:[], 9:[], 10:[], 11:[], 12:[], 13:[], 14:[], 15:[], 16:[], 17:[], 18:[], 19:[], 20:[], 21:[], 22:[], 23:[], 24:[], 25:[], 26:[], 27:[], 28:[], 29:[], 30:[], 31:[], 32:[], 33:[], 34:[], 35:[], 36:[], 37:[], 38:[], 39:[], 40:[], 41:[], 42:[], 43:[], 44:[], 45:[], 46:[], 47:[], 48:[], 49:[], 50:[], 51:[], 52:[], 53:[], 54:[], 55:[], 56:[], 57:[], 58:[], 59:[], 60:[], 61:[], 62:[], 63:[], 64:[], 65:[], 66:[], 67:[], 68:[], 69:[], 70:[], 71:[], 72:[], 73:[], 74:[], 75:[], 76:[], 77:[], 78:[], 79:[], 80:[], 81:[], 82:[], 83:[], 84:[], 85:[], 86:[], 87:[], 88:[], 89:[], 90:[], 91:[], 92:[], 93:[], 94:[], 95:[], 96:[], 97:[], 98:[], 99:[], 100:[], 101:[], 102:[], 103:[], 104:[], 105:[], 106:[], 107:[], 108:[], 109:[], 110:[], 111:[], 112:[], 113:[], 114:[], 115:[], 116:[], 117:[], 118:[], 119:[], 120:[], 121:[], 122:[], 123:[], 124:[], 125:[], 126:[], 127:[], 128:[], 129:[], 130:[], 131:[], 132:[], 133:[], 134:[], 135:[], 136:[], 137:[], 138:[], 139:[], 140:[], 141:[], 142:[], 143:[], 144:[], 145:[], 146:[], 147:[], 148:[], 149:[], 150:[], 151:[]",42057987660,39689000603
3643,2,18264.2201,16944595,253052306,2019951259,369.0781,false,151,true,true,true,true,true,false,false,"0:[0, 1, 2, 3, 4, 5, 6, 7, 8, 9, 10, 11, 12, 13, 14, 15, 16, 17, 18, 19, 20, 21, 22, 23, 24, 25, 26, 27, 28, 29, 30, 31, 32, 33, 34, 35, 36, 37, 38, 39, 40, 41, 42, 43, 44, 45, 46, 47, 48, 49, 50, 51, 52, 53, 54, 55, 56, 57, 58, 59, 60, 61, 62, 63, 64, 65, 66, 67, 68, 69, 70, 71, 72, 73, 74, 75, 76, 77, 78, 79, 80, 81, 82, 83, 84, 85, 86, 87, 88, 89, 90, 91, 92, 93, 94, 95, 96, 97, 98, 99, 100, 101, 102, 103, 104, 105, 106, 107, 108, 109, 110, 111, 112, 113, 114, 115, 116, 117, 118, 119, 120, 121, 122, 123, 124, 125, 126, 127, 128, 129, 130, 131, 132, 133, 134, 135, 136, 137, 138, 139, 140, 141, 142, 143, 144, 145, 146, 147, 148, 149, 150], 1:[], 2:[], 3:[], 4:[], 5:[], 6:[], 7:[], 8:[], 9:[], 10:[], 11:[], 12:[], 13:[], 14:[], 15:[], 16:[], 17:[], 18:[], 19:[], 20:[], 21:[], 22:[], 23:[], 24:[], 25:[], 26:[], 27:[], 28:[], 29:[], 30:[], 31:[], 32:[], 33:[], 34:[], 35:[], 36:[], 37:[], 38:[], 39:[], 40:[], 41:[], 42:[], 43:[], 44:[], 45:[], 46:[], 47:[], 48:[], 49:[], 50:[], 51:[], 52:[], 53:[], 54:[], 55:[], 56:[], 57:[], 58:[], 59:[], 60:[], 61:[], 62:[], 63:[], 64:[], 65:[], 66:[], 67:[], 68:[], 69:[], 70:[], 71:[], 72:[], 73:[], 74:[], 75:[], 76:[], 77:[], 78:[], 79:[], 80:[], 81:[], 82:[], 83:[], 84:[], 85:[], 86:[], 87:[], 88:[], 89:[], 90:[], 91:[], 92:[], 93:[], 94:[], 95:[], 96:[], 97:[], 98:[], 99:[], 100:[], 101:[], 102:[], 103:[], 104:[], 105:[], 106:[], 107:[], 108:[], 109:[], 110:[], 111:[], 112:[], 113:[], 114:[], 115:[], 116:[], 117:[], 118:[], 119:[], 120:[], 121:[], 122:[], 123:[], 124:[], 125:[], 126:[], 127:[], 128:[], 129:[], 130:[], 131:[], 132:[], 133:[], 134:[], 135:[], 136:[], 137:[], 138:[], 139:[], 140:[], 141:[], 142:[], 143:[], 144:[], 145:[], 146:[], 147:[], 148:[], 149:[], 150:[]",42159915364,39836901022
3659,2,18607.7958,17168345,256395608,2046651799,369.0973,false,153,true,true,true,true,true,false,false,"0:[0, 1, 2, 3, 4, 5, 6, 7, 8, 9, 10, 11, 12, 13, 14, 15, 16, 17, 18, 19, 20, 21, 22, 23, 24, 25, 26, 27, 28, 29, 30, 31, 32, 33, 34, 35, 36, 37, 38, 39, 40, 41, 42, 43, 44, 45, 46, 47, 48, 49, 50, 51, 52, 53, 54, 55, 56, 57, 58, 59, 60, 61, 62, 63, 64, 65, 66, 67, 68, 69, 70, 71, 72, 73, 74, 75, 76, 77, 78, 79, 80, 81, 82, 83, 84, 85, 86, 87, 88, 89, 90, 91, 92, 93, 94, 95, 96, 97, 98, 99, 100, 101, 102, 103, 104, 105, 106, 107, 108, 109, 110, 111, 112, 113, 114, 115, 116, 117, 118, 119, 120, 121, 122, 123, 124, 125, 126, 127, 128, 129, 130, 131, 132, 133, 134, 135, 136, 137, 138, 139, 140, 141, 142, 143, 144, 145, 146, 147, 148, 149, 150, 151, 152], 1:[], 2:[], 3:[], 4:[], 5:[], 6:[], 7:[], 8:[], 9:[], 10:[], 11:[], 12:[], 13:[], 14:[], 15:[], 16:[], 17:[], 18:[], 19:[], 20:[], 21:[], 22:[], 23:[], 24:[], 25:[], 26:[], 27:[], 28:[], 29:[], 30:[], 31:[], 32:[], 33:[], 34:[], 35:[], 36:[], 37:[], 38:[], 39:[], 40:[], 41:[], 42:[], 43:[], 44:[], 45:[], 46:[], 47:[], 48:[], 49:[], 50:[], 51:[], 52:[], 53:[], 54:[], 55:[], 56:[], 57:[], 58:[], 59:[], 60:[], 61:[], 62:[], 63:[], 64:[], 65:[], 66:[], 67:[], 68:[], 69:[], 70:[], 71:[], 72:[], 73:[], 74:[], 75:[], 76:[], 77:[], 78:[], 79:[], 80:[], 81:[], 82:[], 83:[], 84:[], 85:[], 86:[], 87:[], 88:[], 89:[], 90:[], 91:[], 92:[], 93:[], 94:[], 95:[], 96:[], 97:[], 98:[], 99:[], 100:[], 101:[], 102:[], 103:[], 104:[], 105:[], 106:[], 107:[], 108:[], 109:[], 110:[], 111:[], 112:[], 113:[], 114:[], 115:[], 116:[], 117:[], 118:[], 119:[], 120:[], 121:[], 122:[], 123:[], 124:[], 125:[], 126:[], 127:[], 128:[], 129:[], 130:[], 131:[], 132:[], 133:[], 134:[], 135:[], 136:[], 137:[], 138:[], 139:[], 140:[], 141:[], 142:[], 143:[], 144:[], 145:[], 146:[], 147:[], 148:[], 149:[], 150:[], 151:[], 152:[]",42433644524,40234203652
3671,13,18120.2110,17337288,258922405,2066836877,377.7779,false,152,true,true,true,true,true,false,false,"0:[0, 1, 2, 3, 4, 5, 6, 7, 8, 9, 10, 11, 12, 13, 14, 15, 16, 17, 18, 19, 20, 21, 22, 23, 24, 25, 26, 27, 28, 29, 30, 31, 32, 33, 34, 35, 36, 37, 38, 39, 40, 41, 42, 43, 44, 45, 46, 47, 48, 49, 50, 51, 52, 53, 54, 55, 56, 57, 58, 59, 60, 61, 62, 63, 64, 65, 66, 67, 68, 69, 70, 71, 72, 73, 74, 75, 76, 77, 78, 79, 80, 81, 82, 83, 84, 85, 86, 87, 88, 89, 90, 91, 92, 93, 94, 95, 96, 97, 98, 99, 100, 101, 102, 103, 104, 105, 106, 107, 108, 109, 110, 111, 112, 113, 114, 115, 116, 117, 118, 119, 120, 121, 122, 123, 124, 125, 126, 127, 128, 129, 130, 131, 132, 133, 134, 135, 136, 137, 138, 139, 140, 141, 142, 143, 144, 145, 146, 147, 148, 149, 150, 151], 1:[], 2:[], 3:[], 4:[], 5:[], 6:[], 7:[], 8:[], 9:[], 10:[], 11:[], 12:[], 13:[], 14:[], 15:[], 16:[], 17:[], 18:[], 19:[], 20:[], 21:[], 22:[], 23:[], 24:[], 25:[], 26:[], 27:[], 28:[], 29:[], 30:[], 31:[], 32:[], 33:[], 34:[], 35:[], 36:[], 37:[], 38:[], 39:[], 40:[], 41:[], 42:[], 43:[], 44:[], 45:[], 46:[], 47:[], 48:[], 49:[], 50:[], 51:[], 52:[], 53:[], 54:[], 55:[], 56:[], 57:[], 58:[], 59:[], 60:[], 61:[], 62:[], 63:[], 64:[], 65:[], 66:[], 67:[], 68:[], 69:[], 70:[], 71:[], 72:[], 73:[], 74:[], 75:[], 76:[], 77:[], 78:[], 79:[], 80:[], 81:[], 82:[], 83:[], 84:[], 85:[], 86:[], 87:[], 88:[], 89:[], 90:[], 91:[], 92:[], 93:[], 94:[], 95:[], 96:[], 97:[], 98:[], 99:[], 100:[], 101:[], 102:[], 103:[], 104:[], 105:[], 106:[], 107:[], 108:[], 109:[], 110:[], 111:[], 112:[], 113:[], 114:[], 115:[], 116:[], 117:[], 118:[], 119:[], 120:[], 121:[], 122:[], 123:[], 124:[], 125:[], 126:[], 127:[], 128:[], 129:[], 130:[], 131:[], 132:[], 133:[], 134:[], 135:[], 136:[], 137:[], 138:[], 139:[], 140:[], 141:[], 142:[], 143:[], 144:[], 145:[], 146:[], 147:[], 148:[], 149:[], 150:[], 151:[]",42640518688,40534510617
3673,5,23040.1494,17365194,259345634,2070233265,385.0556,false,153,true,true,true,true,true,false,false,"0:[0, 1, 2, 3, 4, 5, 6, 7, 8, 9, 10, 11, 12, 13, 14, 15, 16, 17, 18, 19, 20, 21, 22, 23, 24, 25, 26, 27, 28, 29, 30, 31, 32, 33, 34, 35, 36, 37, 38, 39, 40, 41, 42, 43, 44, 45, 46, 47, 48, 49, 50, 51, 52, 53, 54, 55, 56, 57, 58, 59, 60, 61, 62, 63, 64, 65, 66, 67, 68, 69, 70, 71, 72, 73, 74, 75, 76, 77, 78, 79, 80, 81, 82, 83, 84, 85, 86, 87, 88, 89, 90, 91, 92, 93, 94, 95, 96, 97, 98, 99, 100, 101, 102, 103, 104, 105, 106, 107, 108, 109, 110, 111, 112, 113, 114, 115, 116, 117, 118, 119, 120, 121, 122, 123, 124, 125, 126, 127, 128, 129, 130, 131, 132, 133, 134, 135, 136, 137, 138, 139, 140, 141, 142, 143, 144, 145, 146, 147, 148, 149, 150, 151, 152], 1:[], 2:[], 3:[], 4:[], 5:[], 6:[], 7:[], 8:[], 9:[], 10:[], 11:[], 12:[], 13:[], 14:[], 15:[], 16:[], 17:[], 18:[], 19:[], 20:[], 21:[], 22:[], 23:[], 24:[], 25:[], 26:[], 27:[], 28:[], 29:[], 30:[], 31:[], 32:[], 33:[], 34:[], 35:[], 36:[], 37:[], 38:[], 39:[], 40:[], 41:[], 42:[], 43:[], 44:[], 45:[], 46:[], 47:[], 48:[], 49:[], 50:[], 51:[], 52:[], 53:[], 54:[], 55:[], 56:[], 57:[], 58:[], 59:[], 60:[], 61:[], 62:[], 63:[], 64:[], 65:[], 66:[], 67:[], 68:[], 69:[], 70:[], 71:[], 72:[], 73:[], 74:[], 75:[], 76:[], 77:[], 78:[], 79:[], 80:[], 81:[], 82:[], 83:[], 84:[], 85:[], 86:[], 87:[], 88:[], 89:[], 90:[], 91:[], 92:[], 93:[], 94:[], 95:[], 96:[], 97:[], 98:[], 99:[], 100:[], 101:[], 102:[], 103:[], 104:[], 105:[], 106:[], 107:[], 108:[], 109:[], 110:[], 111:[], 112:[], 113:[], 114:[], 115:[], 116:[], 117:[], 118:[], 119:[], 120:[], 121:[], 122:[], 123:[], 124:[], 125:[], 126:[], 127:[], 128:[], 129:[], 130:[], 131:[], 132:[], 133:[], 134:[], 135:[], 136:[], 137:[], 138:[], 139:[], 140:[], 141:[], 142:[], 143:[], 144:[], 145:[], 146:[], 147:[], 148:[], 149:[], 150:[], 151:[], 152:[]",42675158376,40584907890
3677,2,16930.3700,17422020,260195309,2077031574,374.4740,false,154,true,true,true,true,true,false,false,"0:[0, 1, 2, 3, 4, 5, 6, 7, 8, 9, 10, 11, 12, 13, 14, 15, 16, 17, 18, 19, 20, 21, 22, 23, 24, 25, 26, 27, 28, 29, 30, 31, 32, 33, 34, 35, 36, 37, 38, 39, 40, 41, 42, 43, 44, 45, 46, 47, 48, 49, 50, 51, 52, 53, 54, 55, 56, 57, 58, 59, 60, 61, 62, 63, 64, 65, 66, 67, 68, 69, 70, 71, 72, 73, 74, 75, 76, 77, 78, 79, 80, 81, 82, 83, 84, 85, 86, 87, 88, 89, 90, 91, 92, 93, 94, 95, 96, 97, 98, 99, 100, 101, 102, 103, 104, 105, 106, 107, 108, 109, 110, 111, 112, 113, 114, 115, 116, 117, 118, 119, 120, 121, 122, 123, 124, 125, 126, 127, 128, 129, 130, 131, 132, 133, 134, 135, 136, 137, 138, 139, 140, 141, 142, 143, 144, 145, 146, 147, 148, 149, 150, 151, 152, 153], 1:[], 2:[], 3:[], 4:[], 5:[], 6:[], 7:[], 8:[], 9:[], 10:[], 11:[], 12:[], 13:[], 14:[], 15:[], 16:[], 17:[], 18:[], 19:[], 20:[], 21:[], 22:[], 23:[], 24:[], 25:[], 26:[], 27:[], 28:[], 29:[], 30:[], 31:[], 32:[], 33:[], 34:[], 35:[], 36:[], 37:[], 38:[], 39:[], 40:[], 41:[], 42:[], 43:[], 44:[], 45:[], 46:[], 47:[], 48:[], 49:[], 50:[], 51:[], 52:[], 53:[], 54:[], 55:[], 56:[], 57:[], 58:[], 59:[], 60:[], 61:[], 62:[], 63:[], 64:[], 65:[], 66:[], 67:[], 68:[], 69:[], 70:[], 71:[], 72:[], 73:[], 74:[], 75:[], 76:[], 77:[], 78:[], 79:[], 80:[], 81:[], 82:[], 83:[], 84:[], 85:[], 86:[], 87:[], 88:[], 89:[], 90:[], 91:[], 92:[], 93:[], 94:[], 95:[], 96:[], 97:[], 98:[], 99:[], 100:[], 101:[], 102:[], 103:[], 104:[], 105:[], 106:[], 107:[], 108:[], 109:[], 110:[], 111:[], 112:[], 113:[], 114:[], 115:[], 116:[], 117:[], 118:[], 119:[], 120:[], 121:[], 122:[], 123:[], 124:[], 125:[], 126:[], 127:[], 128:[], 129:[], 130:[], 131:[], 132:[], 133:[], 134:[], 135:[], 136:[], 137:[], 138:[], 139:[], 140:[], 141:[], 142:[], 143:[], 144:[], 145:[], 146:[], 147:[], 148:[], 149:[], 150:[], 151:[], 152:[], 153:[]",42744723504,40685843441
3691,2,16675.2215,17621111,263173342,2100818155,384.8619,false,154,true,true,true,true,true,false,false,"0:[0, 1, 2, 3, 4, 5, 6, 7, 8, 9, 10, 11, 12, 13, 14, 15, 16, 17, 18, 19, 20, 21, 22, 23, 24, 25, 26, 27, 28, 29, 30, 31, 32, 33, 34, 35, 36, 37, 38, 39, 40, 41, 42, 43, 44, 45, 46, 47, 48, 49, 50, 51, 52, 53, 54, 55, 56, 57, 58, 59, 60, 61, 62, 63, 64, 65, 66, 67, 68, 69, 70, 71, 72, 73, 74, 75, 76, 77, 78, 79, 80, 81, 82, 83, 84, 85, 86, 87, 88, 89, 90, 91, 92, 93, 94, 95, 96, 97, 98, 99, 100, 101, 102, 103, 104, 105, 106, 107, 108, 109, 110, 111, 112, 113, 114, 115, 116, 117, 118, 119, 120, 121, 122, 123, 124, 125, 126, 127, 128, 129, 130, 131, 132, 133, 134, 135, 136, 137, 138, 139, 140, 141, 142, 143, 144, 145, 146, 147, 148, 149, 150, 151, 152, 153], 1:[], 2:[], 3:[], 4:[], 5:[], 6:[], 7:[], 8:[], 9:[], 10:[], 11:[], 12:[], 13:[], 14:[], 15:[], 16:[], 17:[], 18:[], 19:[], 20:[], 21:[], 22:[], 23:[], 24:[], 25:[], 26:[], 27:[], 28:[], 29:[], 30:[], 31:[], 32:[], 33:[], 34:[], 35:[], 36:[], 37:[], 38:[], 39:[], 40:[], 41:[], 42:[], 43:[], 44:[], 45:[], 46:[], 47:[], 48:[], 49:[], 50:[], 51:[], 52:[], 53:[], 54:[], 55:[], 56:[], 57:[], 58:[], 59:[], 60:[], 61:[], 62:[], 63:[], 64:[], 65:[], 66:[], 67:[], 68:[], 69:[], 70:[], 71:[], 72:[], 73:[], 74:[], 75:[], 76:[], 77:[], 78:[], 79:[], 80:[], 81:[], 82:[], 83:[], 84:[], 85:[], 86:[], 87:[], 88:[], 89:[], 90:[], 91:[], 92:[], 93:[], 94:[], 95:[], 96:[], 97:[], 98:[], 99:[], 100:[], 101:[], 102:[], 103:[], 104:[], 105:[], 106:[], 107:[], 108:[], 109:[], 110:[], 111:[], 112:[], 113:[], 114:[], 115:[], 116:[], 117:[], 118:[], 119:[], 120:[], 121:[], 122:[], 123:[], 124:[], 125:[], 126:[], 127:[], 128:[], 129:[], 130:[], 131:[], 132:[], 133:[], 134:[], 135:[], 136:[], 137:[], 138:[], 139:[], 140:[], 141:[], 142:[], 143:[], 144:[], 145:[], 146:[], 147:[], 148:[], 149:[], 150:[], 151:[], 152:[], 153:[]",42988540692,41039768394
3697,5,23527.7381,17706766,264455317,2111056817,394.9845,false,154,true,true,true,true,true,false,false,"0:[0, 1, 2, 3, 4, 5, 6, 7, 8, 9, 10, 11, 12, 13, 14, 15, 16, 17, 18, 19, 20, 21, 22, 23, 24, 25, 26, 27, 28, 29, 30, 31, 32, 33, 34, 35, 36, 37, 38, 39, 40, 41, 42, 43, 44, 45, 46, 47, 48, 49, 50, 51, 52, 53, 54, 55, 56, 57, 58, 59, 60, 61, 62, 63, 64, 65, 66, 67, 68, 69, 70, 71, 72, 73, 74, 75, 76, 77, 78, 79, 80, 81, 82, 83, 84, 85, 86, 87, 88, 89, 90, 91, 92, 93, 94, 95, 96, 97, 98, 99, 100, 101, 102, 103, 104, 105, 106, 107, 108, 109, 110, 111, 112, 113, 114, 115, 116, 117, 118, 119, 120, 121, 122, 123, 124, 125, 126, 127, 128, 129, 130, 131, 132, 133, 134, 135, 136, 137, 138, 139, 140, 141, 142, 143, 144, 145, 146, 147, 148, 149, 150, 151, 152, 153], 1:[], 2:[], 3:[], 4:[], 5:[], 6:[], 7:[], 8:[], 9:[], 10:[], 11:[], 12:[], 13:[], 14:[], 15:[], 16:[], 17:[], 18:[], 19:[], 20:[], 21:[], 22:[], 23:[], 24:[], 25:[], 26:[], 27:[], 28:[], 29:[], 30:[], 31:[], 32:[], 33:[], 34:[], 35:[], 36:[], 37:[], 38:[], 39:[], 40:[], 41:[], 42:[], 43:[], 44:[], 45:[], 46:[], 47:[], 48:[], 49:[], 50:[], 51:[], 52:[], 53:[], 54:[], 55:[], 56:[], 57:[], 58:[], 59:[], 60:[], 61:[], 62:[], 63:[], 64:[], 65:[], 66:[], 67:[], 68:[], 69:[], 70:[], 71:[], 72:[], 73:[], 74:[], 75:[], 76:[], 77:[], 78:[], 79:[], 80:[], 81:[], 82:[], 83:[], 84:[], 85:[], 86:[], 87:[], 88:[], 89:[], 90:[], 91:[], 92:[], 93:[], 94:[], 95:[], 96:[], 97:[], 98:[], 99:[], 100:[], 101:[], 102:[], 103:[], 104:[], 105:[], 106:[], 107:[], 108:[], 109:[], 110:[], 111:[], 112:[], 113:[], 114:[], 115:[], 116:[], 117:[], 118:[], 119:[], 120:[], 121:[], 122:[], 123:[], 124:[], 125:[], 126:[], 127:[], 128:[], 129:[], 130:[], 131:[], 132:[], 133:[], 134:[], 135:[], 136:[], 137:[], 138:[], 139:[], 140:[], 141:[], 142:[], 143:[], 144:[], 145:[], 146:[], 147:[], 148:[], 149:[], 150:[], 151:[], 152:[], 153:[]",43093497032,41192186161
3701,2,20089.6179,17764333,265312366,2117891922,404.0491,false,154,true,true,true,true,true,false,false,"0:[0, 1, 2, 3, 4, 5, 6, 7, 8, 9, 10, 11, 12, 13, 14, 15, 16, 17, 18, 19, 20, 21, 22, 23, 24, 25, 26, 27, 28, 29, 30, 31, 32, 33, 34, 35, 36, 37, 38, 39, 40, 41, 42, 43, 44, 45, 46, 47, 48, 49, 50, 51, 52, 53, 54, 55, 56, 57, 58, 59, 60, 61, 62, 63, 64, 65, 66, 67, 68, 69, 70, 71, 72, 73, 74, 75, 76, 77, 78, 79, 80, 81, 82, 83, 84, 85, 86, 87, 88, 89, 90, 91, 92, 93, 94, 95, 96, 97, 98, 99, 100, 101, 102, 103, 104, 105, 106, 107, 108, 109, 110, 111, 112, 113, 114, 115, 116, 117, 118, 119, 120, 121, 122, 123, 124, 125, 126, 127, 128, 129, 130, 131, 132, 133, 134, 135, 136, 137, 138, 139, 140, 141, 142, 143, 144, 145, 146, 147, 148, 149, 150, 151, 152, 153], 1:[], 2:[], 3:[], 4:[], 5:[], 6:[], 7:[], 8:[], 9:[], 10:[], 11:[], 12:[], 13:[], 14:[], 15:[], 16:[], 17:[], 18:[], 19:[], 20:[], 21:[], 22:[], 23:[], 24:[], 25:[], 26:[], 27:[], 28:[], 29:[], 30:[], 31:[], 32:[], 33:[], 34:[], 35:[], 36:[], 37:[], 38:[], 39:[], 40:[], 41:[], 42:[], 43:[], 44:[], 45:[], 46:[], 47:[], 48:[], 49:[], 50:[], 51:[], 52:[], 53:[], 54:[], 55:[], 56:[], 57:[], 58:[], 59:[], 60:[], 61:[], 62:[], 63:[], 64:[], 65:[], 66:[], 67:[], 68:[], 69:[], 70:[], 71:[], 72:[], 73:[], 74:[], 75:[], 76:[], 77:[], 78:[], 79:[], 80:[], 81:[], 82:[], 83:[], 84:[], 85:[], 86:[], 87:[], 88:[], 89:[], 90:[], 91:[], 92:[], 93:[], 94:[], 95:[], 96:[], 97:[], 98:[], 99:[], 100:[], 101:[], 102:[], 103:[], 104:[], 105:[], 106:[], 107:[], 108:[], 109:[], 110:[], 111:[], 112:[], 113:[], 114:[], 115:[], 116:[], 117:[], 118:[], 119:[], 120:[], 121:[], 122:[], 123:[], 124:[], 125:[], 126:[], 127:[], 128:[], 129:[], 130:[], 131:[], 132:[], 133:[], 134:[], 135:[], 136:[], 137:[], 138:[], 139:[], 140:[], 141:[], 142:[], 143:[], 144:[], 145:[], 146:[], 147:[], 148:[], 149:[], 150:[], 151:[], 152:[], 153:[]",43163672828,41294003746
3709,2,17734.7353,17879220,267035666,2131675844,456.1366,false,154,true,true,true,true,true,false,false,"0:[0, 1, 2, 3, 4, 5, 6, 7, 8, 9, 10, 11, 12, 13, 14, 15, 16, 17, 18, 19, 20, 21, 22, 23, 24, 25, 26, 27, 28, 29, 30, 31, 32, 33, 34, 35, 36, 37, 38, 39, 40, 41, 42, 43, 44, 45, 46, 47, 48, 49, 50, 51, 52, 53, 54, 55, 56, 57, 58, 59, 60, 61, 62, 63, 64, 65, 66, 67, 68, 69, 70, 71, 72, 73, 74, 75, 76, 77, 78, 79, 80, 81, 82, 83, 84, 85, 86, 87, 88, 89, 90, 91, 92, 93, 94, 95, 96, 97, 98, 99, 100, 101, 102, 103, 104, 105, 106, 107, 108, 109, 110, 111, 112, 113, 114, 115, 116, 117, 118, 119, 120, 121, 122, 123, 124, 125, 126, 127, 128, 129, 130, 131, 132, 133, 134, 135, 136, 137, 138, 139, 140, 141, 142, 143, 144, 145, 146, 147, 148, 149, 150, 151, 152, 153], 1:[], 2:[], 3:[], 4:[], 5:[], 6:[], 7:[], 8:[], 9:[], 10:[], 11:[], 12:[], 13:[], 14:[], 15:[], 16:[], 17:[], 18:[], 19:[], 20:[], 21:[], 22:[], 23:[], 24:[], 25:[], 26:[], 27:[], 28:[], 29:[], 30:[], 31:[], 32:[], 33:[], 34:[], 35:[], 36:[], 37:[], 38:[], 39:[], 40:[], 41:[], 42:[], 43:[], 44:[], 45:[], 46:[], 47:[], 48:[], 49:[], 50:[], 51:[], 52:[], 53:[], 54:[], 55:[], 56:[], 57:[], 58:[], 59:[], 60:[], 61:[], 62:[], 63:[], 64:[], 65:[], 66:[], 67:[], 68:[], 69:[], 70:[], 71:[], 72:[], 73:[], 74:[], 75:[], 76:[], 77:[], 78:[], 79:[], 80:[], 81:[], 82:[], 83:[], 84:[], 85:[], 86:[], 87:[], 88:[], 89:[], 90:[], 91:[], 92:[], 93:[], 94:[], 95:[], 96:[], 97:[], 98:[], 99:[], 100:[], 101:[], 102:[], 103:[], 104:[], 105:[], 106:[], 107:[], 108:[], 109:[], 110:[], 111:[], 112:[], 113:[], 114:[], 115:[], 116:[], 117:[], 118:[], 119:[], 120:[], 121:[], 122:[], 123:[], 124:[], 125:[], 126:[], 127:[], 128:[], 129:[], 130:[], 131:[], 132:[], 133:[], 134:[], 135:[], 136:[], 137:[], 138:[], 139:[], 140:[], 141:[], 142:[], 143:[], 144:[], 145:[], 146:[], 147:[], 148:[], 149:[], 150:[], 151:[], 152:[], 153:[]",43304753664,41498856698
3719,7,21029.5711,18024146,269196491,2148916426,445.7409,false,154,true,true,true,true,true,false,false,"0:[0, 1, 2, 3, 4, 5, 6, 7, 8, 9, 10, 11, 12, 13, 14, 15, 16, 17, 18, 19, 20, 21, 22, 23, 24, 25, 26, 27, 28, 29, 30, 31, 32, 33, 34, 35, 36, 37, 38, 39, 40, 41, 42, 43, 44, 45, 46, 47, 48, 49, 50, 51, 52, 53, 54, 55, 56, 57, 58, 59, 60, 61, 62, 63, 64, 65, 66, 67, 68, 69, 70, 71, 72, 73, 74, 75, 76, 77, 78, 79, 80, 81, 82, 83, 84, 85, 86, 87, 88, 89, 90, 91, 92, 93, 94, 95, 96, 97, 98, 99, 100, 101, 102, 103, 104, 105, 106, 107, 108, 109, 110, 111, 112, 113, 114, 115, 116, 117, 118, 119, 120, 121, 122, 123, 124, 125, 126, 127, 128, 129, 130, 131, 132, 133, 134, 135, 136, 137, 138, 139, 140, 141, 142, 143, 144, 145, 146, 147, 148, 149, 150, 151, 152, 153], 1:[], 2:[], 3:[], 4:[], 5:[], 6:[], 7:[], 8:[], 9:[], 10:[], 11:[], 12:[], 13:[], 14:[], 15:[], 16:[], 17:[], 18:[], 19:[], 20:[], 21:[], 22:[], 23:[], 24:[], 25:[], 26:[], 27:[], 28:[], 29:[], 30:[], 31:[], 32:[], 33:[], 34:[], 35:[], 36:[], 37:[], 38:[], 39:[], 40:[], 41:[], 42:[], 43:[], 44:[], 45:[], 46:[], 47:[], 48:[], 49:[], 50:[], 51:[], 52:[], 53:[], 54:[], 55:[], 56:[], 57:[], 58:[], 59:[], 60:[], 61:[], 62:[], 63:[], 64:[], 65:[], 66:[], 67:[], 68:[], 69:[], 70:[], 71:[], 72:[], 73:[], 74:[], 75:[], 76:[], 77:[], 78:[], 79:[], 80:[], 81:[], 82:[], 83:[], 84:[], 85:[], 86:[], 87:[], 88:[], 89:[], 90:[], 91:[], 92:[], 93:[], 94:[], 95:[], 96:[], 97:[], 98:[], 99:[], 100:[], 101:[], 102:[], 103:[], 104:[], 105:[], 106:[], 107:[], 108:[], 109:[], 110:[], 111:[], 112:[], 113:[], 114:[], 115:[], 116:[], 117:[], 118:[], 119:[], 120:[], 121:[], 122:[], 123:[], 124:[], 125:[], 126:[], 127:[], 128:[], 129:[], 130:[], 131:[], 132:[], 133:[], 134:[], 135:[], 136:[], 137:[], 138:[], 139:[], 140:[], 141:[], 142:[], 143:[], 144:[], 145:[], 146:[], 147:[], 148:[], 149:[], 150:[], 151:[], 152:[], 153:[]",43481677592,46050539279
3727,3,18877.6412,18140148,270933716,2162794863,399.2233,false,156,true,true,true,true,true,false,false,"0:[0, 1, 2, 3, 4, 5, 6, 7, 8, 9, 10, 11, 12, 13, 14, 15, 16, 17, 18, 19, 20, 21, 22, 23, 24, 25, 26, 27, 28, 29, 30, 31, 32, 33, 34, 35, 36, 37, 38, 39, 40, 41, 42, 43, 44, 45, 46, 47, 48, 49, 50, 51, 52, 53, 54, 55, 56, 57, 58, 59, 60, 61, 62, 63, 64, 65, 66, 67, 68, 69, 70, 71, 72, 73, 74, 75, 76, 77, 78, 79, 80, 81, 82, 83, 84, 85, 86, 87, 88, 89, 90, 91, 92, 93, 94, 95, 96, 97, 98, 99, 100, 101, 102, 103, 104, 105, 106, 107, 108, 109, 110, 111, 112, 113, 114, 115, 116, 117, 118, 119, 120, 121, 122, 123, 124, 125, 126, 127, 128, 129, 130, 131, 132, 133, 134, 135, 136, 137, 138, 139, 140, 141, 142, 143, 144, 145, 146, 147, 148, 149, 150, 151, 152, 153, 154, 155], 1:[], 2:[], 3:[], 4:[], 5:[], 6:[], 7:[], 8:[], 9:[], 10:[], 11:[], 12:[], 13:[], 14:[], 15:[], 16:[], 17:[], 18:[], 19:[], 20:[], 21:[], 22:[], 23:[], 24:[], 25:[], 26:[], 27:[], 28:[], 29:[], 30:[], 31:[], 32:[], 33:[], 34:[], 35:[], 36:[], 37:[], 38:[], 39:[], 40:[], 41:[], 42:[], 43:[], 44:[], 45:[], 46:[], 47:[], 48:[], 49:[], 50:[], 51:[], 52:[], 53:[], 54:[], 55:[], 56:[], 57:[], 58:[], 59:[], 60:[], 61:[], 62:[], 63:[], 64:[], 65:[], 66:[], 67:[], 68:[], 69:[], 70:[], 71:[], 72:[], 73:[], 74:[], 75:[], 76:[], 77:[], 78:[], 79:[], 80:[], 81:[], 82:[], 83:[], 84:[], 85:[], 86:[], 87:[], 88:[], 89:[], 90:[], 91:[], 92:[], 93:[], 94:[], 95:[], 96:[], 97:[], 98:[], 99:[], 100:[], 101:[], 102:[], 103:[], 104:[], 105:[], 106:[], 107:[], 108:[], 109:[], 110:[], 111:[], 112:[], 113:[], 114:[], 115:[], 116:[], 117:[], 118:[], 119:[], 120:[], 121:[], 122:[], 123:[], 124:[], 125:[], 126:[], 127:[], 128:[], 129:[], 130:[], 131:[], 132:[], 133:[], 134:[], 135:[], 136:[], 137:[], 138:[], 139:[], 140:[], 141:[], 142:[], 143:[], 144:[], 145:[], 146:[], 147:[], 148:[], 149:[], 150:[], 151:[], 152:[], 153:[], 154:[], 155:[]",43623903648,46257051780
3733,2,20060.8890,18227477,272243704,2173275072,401.8310,false,156,true,true,true,true,true,false,false,"0:[0, 1, 2, 3, 4, 5, 6, 7, 8, 9, 10, 11, 12, 13, 14, 15, 16, 17, 18, 19, 20, 21, 22, 23, 24, 25, 26, 27, 28, 29, 30, 31, 32, 33, 34, 35, 36, 37, 38, 39, 40, 41, 42, 43, 44, 45, 46, 47, 48, 49, 50, 51, 52, 53, 54, 55, 56, 57, 58, 59, 60, 61, 62, 63, 64, 65, 66, 67, 68, 69, 70, 71, 72, 73, 74, 75, 76, 77, 78, 79, 80, 81, 82, 83, 84, 85, 86, 87, 88, 89, 90, 91, 92, 93, 94, 95, 96, 97, 98, 99, 100, 101, 102, 103, 104, 105, 106, 107, 108, 109, 110, 111, 112, 113, 114, 115, 116, 117, 118, 119, 120, 121, 122, 123, 124, 125, 126, 127, 128, 129, 130, 131, 132, 133, 134, 135, 136, 137, 138, 139, 140, 141, 142, 143, 144, 145, 146, 147, 148, 149, 150, 151, 152, 153, 154, 155], 1:[], 2:[], 3:[], 4:[], 5:[], 6:[], 7:[], 8:[], 9:[], 10:[], 11:[], 12:[], 13:[], 14:[], 15:[], 16:[], 17:[], 18:[], 19:[], 20:[], 21:[], 22:[], 23:[], 24:[], 25:[], 26:[], 27:[], 28:[], 29:[], 30:[], 31:[], 32:[], 33:[], 34:[], 35:[], 36:[], 37:[], 38:[], 39:[], 40:[], 41:[], 42:[], 43:[], 44:[], 45:[], 46:[], 47:[], 48:[], 49:[], 50:[], 51:[], 52:[], 53:[], 54:[], 55:[], 56:[], 57:[], 58:[], 59:[], 60:[], 61:[], 62:[], 63:[], 64:[], 65:[], 66:[], 67:[], 68:[], 69:[], 70:[], 71:[], 72:[], 73:[], 74:[], 75:[], 76:[], 77:[], 78:[], 79:[], 80:[], 81:[], 82:[], 83:[], 84:[], 85:[], 86:[], 87:[], 88:[], 89:[], 90:[], 91:[], 92:[], 93:[], 94:[], 95:[], 96:[], 97:[], 98:[], 99:[], 100:[], 101:[], 102:[], 103:[], 104:[], 105:[], 106:[], 107:[], 108:[], 109:[], 110:[], 111:[], 112:[], 113:[], 114:[], 115:[], 116:[], 117:[], 118:[], 119:[], 120:[], 121:[], 122:[], 123:[], 124:[], 125:[], 126:[], 127:[], 128:[], 129:[], 130:[], 131:[], 132:[], 133:[], 134:[], 135:[], 136:[], 137:[], 138:[], 139:[], 140:[], 141:[], 142:[], 143:[], 144:[], 145:[], 146:[], 147:[], 148:[], 149:[], 150:[], 151:[], 152:[], 153:[], 154:[], 155:[]",43731147900,46412796244
3739,2,19767.4931,18315399,273557811,2183774565,401.8373,false,156,true,true,true,true,true,false,false,"0:[0, 1, 2, 3, 4, 5, 6, 7, 8, 9, 10, 11, 12, 13, 14, 15, 16, 17, 18, 19, 20, 21, 22, 23, 24, 25, 26, 27, 28, 29, 30, 31, 32, 33, 34, 35, 36, 37, 38, 39, 40, 41, 42, 43, 44, 45, 46, 47, 48, 49, 50, 51, 52, 53, 54, 55, 56, 57, 58, 59, 60, 61, 62, 63, 64, 65, 66, 67, 68, 69, 70, 71, 72, 73, 74, 75, 76, 77, 78, 79, 80, 81, 82, 83, 84, 85, 86, 87, 88, 89, 90, 91, 92, 93, 94, 95, 96, 97, 98, 99, 100, 101, 102, 103, 104, 105, 106, 107, 108, 109, 110, 111, 112, 113, 114, 115, 116, 117, 118, 119, 120, 121, 122, 123, 124, 125, 126, 127, 128, 129, 130, 131, 132, 133, 134, 135, 136, 137, 138, 139, 140, 141, 142, 143, 144, 145, 146, 147, 148, 149, 150, 151, 152, 153, 154, 155], 1:[], 2:[], 3:[], 4:[], 5:[], 6:[], 7:[], 8:[], 9:[], 10:[], 11:[], 12:[], 13:[], 14:[], 15:[], 16:[], 17:[], 18:[], 19:[], 20:[], 21:[], 22:[], 23:[], 24:[], 25:[], 26:[], 27:[], 28:[], 29:[], 30:[], 31:[], 32:[], 33:[], 34:[], 35:[], 36:[], 37:[], 38:[], 39:[], 40:[], 41:[], 42:[], 43:[], 44:[], 45:[], 46:[], 47:[], 48:[], 49:[], 50:[], 51:[], 52:[], 53:[], 54:[], 55:[], 56:[], 57:[], 58:[], 59:[], 60:[], 61:[], 62:[], 63:[], 64:[], 65:[], 66:[], 67:[], 68:[], 69:[], 70:[], 71:[], 72:[], 73:[], 74:[], 75:[], 76:[], 77:[], 78:[], 79:[], 80:[], 81:[], 82:[], 83:[], 84:[], 85:[], 86:[], 87:[], 88:[], 89:[], 90:[], 91:[], 92:[], 93:[], 94:[], 95:[], 96:[], 97:[], 98:[], 99:[], 100:[], 101:[], 102:[], 103:[], 104:[], 105:[], 106:[], 107:[], 108:[], 109:[], 110:[], 111:[], 112:[], 113:[], 114:[], 115:[], 116:[], 117:[], 118:[], 119:[], 120:[], 121:[], 122:[], 123:[], 124:[], 125:[], 126:[], 127:[], 128:[], 129:[], 130:[], 131:[], 132:[], 133:[], 134:[], 135:[], 136:[], 137:[], 138:[], 139:[], 140:[], 141:[], 142:[], 143:[], 144:[], 145:[], 146:[], 147:[], 148:[], 149:[], 150:[], 151:[], 152:[], 153:[], 154:[], 155:[]",45315133284,46568918595
3761,3,24063.7078,18639668,278405801,2222494776,410.9853,false,157,true,true,true,true,true,false,false,"0:[0, 1, 2, 3, 4, 5, 6, 7, 8, 9, 10, 11, 12, 13, 14, 15, 16, 17, 18, 19, 20, 21, 22, 23, 24, 25, 26, 27, 28, 29, 30, 31, 32, 33, 34, 35, 36, 37, 38, 39, 40, 41, 42, 43, 44, 45, 46, 47, 48, 49, 50, 51, 52, 53, 54, 55, 56, 57, 58, 59, 60, 61, 62, 63, 64, 65, 66, 67, 68, 69, 70, 71, 72, 73, 74, 75, 76, 77, 78, 79, 80, 81, 82, 83, 84, 85, 86, 87, 88, 89, 90, 91, 92, 93, 94, 95, 96, 97, 98, 99, 100, 101, 102, 103, 104, 105, 106, 107, 108, 109, 110, 111, 112, 113, 114, 115, 116, 117, 118, 119, 120, 121, 122, 123, 124, 125, 126, 127, 128, 129, 130, 131, 132, 133, 134, 135, 136, 137, 138, 139, 140, 141, 142, 143, 144, 145, 146, 147, 148, 149, 150, 151, 152, 153, 154, 155, 156], 1:[], 2:[], 3:[], 4:[], 5:[], 6:[], 7:[], 8:[], 9:[], 10:[], 11:[], 12:[], 13:[], 14:[], 15:[], 16:[], 17:[], 18:[], 19:[], 20:[], 21:[], 22:[], 23:[], 24:[], 25:[], 26:[], 27:[], 28:[], 29:[], 30:[], 31:[], 32:[], 33:[], 34:[], 35:[], 36:[], 37:[], 38:[], 39:[], 40:[], 41:[], 42:[], 43:[], 44:[], 45:[], 46:[], 47:[], 48:[], 49:[], 50:[], 51:[], 52:[], 53:[], 54:[], 55:[], 56:[], 57:[], 58:[], 59:[], 60:[], 61:[], 62:[], 63:[], 64:[], 65:[], 66:[], 67:[], 68:[], 69:[], 70:[], 71:[], 72:[], 73:[], 74:[], 75:[], 76:[], 77:[], 78:[], 79:[], 80:[], 81:[], 82:[], 83:[], 84:[], 85:[], 86:[], 87:[], 88:[], 89:[], 90:[], 91:[], 92:[], 93:[], 94:[], 95:[], 96:[], 97:[], 98:[], 99:[], 100:[], 101:[], 102:[], 103:[], 104:[], 105:[], 106:[], 107:[], 108:[], 109:[], 110:[], 111:[], 112:[], 113:[], 114:[], 115:[], 116:[], 117:[], 118:[], 119:[], 120:[], 121:[], 122:[], 123:[], 124:[], 125:[], 126:[], 127:[], 128:[], 129:[], 130:[], 131:[], 132:[], 133:[], 134:[], 135:[], 136:[], 137:[], 138:[], 139:[], 140:[], 141:[], 142:[], 143:[], 144:[], 145:[], 146:[], 147:[], 148:[], 149:[], 150:[], 151:[], 152:[], 153:[], 154:[], 155:[], 156:[]",45712052016,47145111261
3767,5,22355.8161,18728908,279739717,2233153248,414.0009,false,157,true,true,true,true,true,false,false,"0:[0, 1, 2, 3, 4, 5, 6, 7, 8, 9, 10, 11, 12, 13, 14, 15, 16, 17, 18, 19, 20, 21, 22, 23, 24, 25, 26, 27, 28, 29, 30, 31, 32, 33, 34, 35, 36, 37, 38, 39, 40, 41, 42, 43, 44, 45, 46, 47, 48, 49, 50, 51, 52, 53, 54, 55, 56, 57, 58, 59, 60, 61, 62, 63, 64, 65, 66, 67, 68, 69, 70, 71, 72, 73, 74, 75, 76, 77, 78, 79, 80, 81, 82, 83, 84, 85, 86, 87, 88, 89, 90, 91, 92, 93, 94, 95, 96, 97, 98, 99, 100, 101, 102, 103, 104, 105, 106, 107, 108, 109, 110, 111, 112, 113, 114, 115, 116, 117, 118, 119, 120, 121, 122, 123, 124, 125, 126, 127, 128, 129, 130, 131, 132, 133, 134, 135, 136, 137, 138, 139, 140, 141, 142, 143, 144, 145, 146, 147, 148, 149, 150, 151, 152, 153, 154, 155, 156], 1:[], 2:[], 3:[], 4:[], 5:[], 6:[], 7:[], 8:[], 9:[], 10:[], 11:[], 12:[], 13:[], 14:[], 15:[], 16:[], 17:[], 18:[], 19:[], 20:[], 21:[], 22:[], 23:[], 24:[], 25:[], 26:[], 27:[], 28:[], 29:[], 30:[], 31:[], 32:[], 33:[], 34:[], 35:[], 36:[], 37:[], 38:[], 39:[], 40:[], 41:[], 42:[], 43:[], 44:[], 45:[], 46:[], 47:[], 48:[], 49:[], 50:[], 51:[], 52:[], 53:[], 54:[], 55:[], 56:[], 57:[], 58:[], 59:[], 60:[], 61:[], 62:[], 63:[], 64:[], 65:[], 66:[], 67:[], 68:[], 69:[], 70:[], 71:[], 72:[], 73:[], 74:[], 75:[], 76:[], 77:[], 78:[], 79:[], 80:[], 81:[], 82:[], 83:[], 84:[], 85:[], 86:[], 87:[], 88:[], 89:[], 90:[], 91:[], 92:[], 93:[], 94:[], 95:[], 96:[], 97:[], 98:[], 99:[], 100:[], 101:[], 102:[], 103:[], 104:[], 105:[], 106:[], 107:[], 108:[], 109:[], 110:[], 111:[], 112:[], 113:[], 114:[], 115:[], 116:[], 117:[], 118:[], 119:[], 120:[], 121:[], 122:[], 123:[], 124:[], 125:[], 126:[], 127:[], 128:[], 129:[], 130:[], 131:[], 132:[], 133:[], 134:[], 135:[], 136:[], 137:[], 138:[], 139:[], 140:[], 141:[], 142:[], 143:[], 144:[], 145:[], 146:[], 147:[], 148:[], 149:[], 150:[], 151:[], 152:[], 153:[], 154:[], 155:[], 156:[]",45821264016,47303588233
3769,7,23369.7853,18758298,280184330,2236715071,519.4206,false,158,true,true,true,true,true,false,false,"0:[0, 1, 2, 3, 4, 5, 6, 7, 8, 9, 10, 11, 12, 13, 14, 15, 16, 17, 18, 19, 20, 21, 22, 23, 24, 25, 26, 27, 28, 29, 30, 31, 32, 33, 34, 35, 36, 37, 38, 39, 40, 41, 42, 43, 44, 45, 46, 47, 48, 49, 50, 51, 52, 53, 54, 55, 56, 57, 58, 59, 60, 61, 62, 63, 64, 65, 66, 67, 68, 69, 70, 71, 72, 73, 74, 75, 76, 77, 78, 79, 80, 81, 82, 83, 84, 85, 86, 87, 88, 89, 90, 91, 92, 93, 94, 95, 96, 97, 98, 99, 100, 101, 102, 103, 104, 105, 106, 107, 108, 109, 110, 111, 112, 113, 114, 115, 116, 117, 118, 119, 120, 121, 122, 123, 124, 125, 126, 127, 128, 129, 130, 131, 132, 133, 134, 135, 136, 137, 138, 139, 140, 141, 142, 143, 144, 145, 146, 147, 148, 149, 150, 151, 152, 153, 154, 155, 156, 157], 1:[], 2:[], 3:[], 4:[], 5:[], 6:[], 7:[], 8:[], 9:[], 10:[], 11:[], 12:[], 13:[], 14:[], 15:[], 16:[], 17:[], 18:[], 19:[], 20:[], 21:[], 22:[], 23:[], 24:[], 25:[], 26:[], 27:[], 28:[], 29:[], 30:[], 31:[], 32:[], 33:[], 34:[], 35:[], 36:[], 37:[], 38:[], 39:[], 40:[], 41:[], 42:[], 43:[], 44:[], 45:[], 46:[], 47:[], 48:[], 49:[], 50:[], 51:[], 52:[], 53:[], 54:[], 55:[], 56:[], 57:[], 58:[], 59:[], 60:[], 61:[], 62:[], 63:[], 64:[], 65:[], 66:[], 67:[], 68:[], 69:[], 70:[], 71:[], 72:[], 73:[], 74:[], 75:[], 76:[], 77:[], 78:[], 79:[], 80:[], 81:[], 82:[], 83:[], 84:[], 85:[], 86:[], 87:[], 88:[], 89:[], 90:[], 91:[], 92:[], 93:[], 94:[], 95:[], 96:[], 97:[], 98:[], 99:[], 100:[], 101:[], 102:[], 103:[], 104:[], 105:[], 106:[], 107:[], 108:[], 109:[], 110:[], 111:[], 112:[], 113:[], 114:[], 115:[], 116:[], 117:[], 118:[], 119:[], 120:[], 121:[], 122:[], 123:[], 124:[], 125:[], 126:[], 127:[], 128:[], 129:[], 130:[], 131:[], 132:[], 133:[], 134:[], 135:[], 136:[], 137:[], 138:[], 139:[], 140:[], 141:[], 142:[], 143:[], 144:[], 145:[], 146:[], 147:[], 148:[], 149:[], 150:[], 151:[], 152:[], 153:[], 154:[], 155:[], 156:[], 157:[]",45857655976,47356530778
3779,2,18058.1574,18907924,282414454,2254503381,430.1245,false,158,true,true,true,true,true,false,false,"0:[0, 1, 2, 3, 4, 5, 6, 7, 8, 9, 10, 11, 12, 13, 14, 15, 16, 17, 18, 19, 20, 21, 22, 23, 24, 25, 26, 27, 28, 29, 30, 31, 32, 33, 34, 35, 36, 37, 38, 39, 40, 41, 42, 43, 44, 45, 46, 47, 48, 49, 50, 51, 52, 53, 54, 55, 56, 57, 58, 59, 60, 61, 62, 63, 64, 65, 66, 67, 68, 69, 70, 71, 72, 73, 74, 75, 76, 77, 78, 79, 80, 81, 82, 83, 84, 85, 86, 87, 88, 89, 90, 91, 92, 93, 94, 95, 96, 97, 98, 99, 100, 101, 102, 103, 104, 105, 106, 107, 108, 109, 110, 111, 112, 113, 114, 115, 116, 117, 118, 119, 120, 121, 122, 123, 124, 125, 126, 127, 128, 129, 130, 131, 132, 133, 134, 135, 136, 137, 138, 139, 140, 141, 142, 143, 144, 145, 146, 147, 148, 149, 150, 151, 152, 153, 154, 155, 156, 157], 1:[], 2:[], 3:[], 4:[], 5:[], 6:[], 7:[], 8:[], 9:[], 10:[], 11:[], 12:[], 13:[], 14:[], 15:[], 16:[], 17:[], 18:[], 19:[], 20:[], 21:[], 22:[], 23:[], 24:[], 25:[], 26:[], 27:[], 28:[], 29:[], 30:[], 31:[], 32:[], 33:[], 34:[], 35:[], 36:[], 37:[], 38:[], 39:[], 40:[], 41:[], 42:[], 43:[], 44:[], 45:[], 46:[], 47:[], 48:[], 49:[], 50:[], 51:[], 52:[], 53:[], 54:[], 55:[], 56:[], 57:[], 58:[], 59:[], 60:[], 61:[], 62:[], 63:[], 64:[], 65:[], 66:[], 67:[], 68:[], 69:[], 70:[], 71:[], 72:[], 73:[], 74:[], 75:[], 76:[], 77:[], 78:[], 79:[], 80:[], 81:[], 82:[], 83:[], 84:[], 85:[], 86:[], 87:[], 88:[], 89:[], 90:[], 91:[], 92:[], 93:[], 94:[], 95:[], 96:[], 97:[], 98:[], 99:[], 100:[], 101:[], 102:[], 103:[], 104:[], 105:[], 106:[], 107:[], 108:[], 109:[], 110:[], 111:[], 112:[], 113:[], 114:[], 115:[], 116:[], 117:[], 118:[], 119:[], 120:[], 121:[], 122:[], 123:[], 124:[], 125:[], 126:[], 127:[], 128:[], 129:[], 130:[], 131:[], 132:[], 133:[], 134:[], 135:[], 136:[], 137:[], 138:[], 139:[], 140:[], 141:[], 142:[], 143:[], 144:[], 145:[], 146:[], 147:[], 148:[], 149:[], 150:[], 151:[], 152:[], 153:[], 154:[], 155:[], 156:[], 157:[]",46040255424,47621482126
3793,5,25257.8330,19117842,285560402,2279651399,421.8366,false,158,true,true,true,true,true,false,false,"0:[0, 1, 2, 3, 4, 5, 6, 7, 8, 9, 10, 11, 12, 13, 14, 15, 16, 17, 18, 19, 20, 21, 22, 23, 24, 25, 26, 27, 28, 29, 30, 31, 32, 33, 34, 35, 36, 37, 38, 39, 40, 41, 42, 43, 44, 45, 46, 47, 48, 49, 50, 51, 52, 53, 54, 55, 56, 57, 58, 59, 60, 61, 62, 63, 64, 65, 66, 67, 68, 69, 70, 71, 72, 73, 74, 75, 76, 77, 78, 79, 80, 81, 82, 83, 84, 85, 86, 87, 88, 89, 90, 91, 92, 93, 94, 95, 96, 97, 98, 99, 100, 101, 102, 103, 104, 105, 106, 107, 108, 109, 110, 111, 112, 113, 114, 115, 116, 117, 118, 119, 120, 121, 122, 123, 124, 125, 126, 127, 128, 129, 130, 131, 132, 133, 134, 135, 136, 137, 138, 139, 140, 141, 142, 143, 144, 145, 146, 147, 148, 149, 150, 151, 152, 153, 154, 155, 156, 157], 1:[], 2:[], 3:[], 4:[], 5:[], 6:[], 7:[], 8:[], 9:[], 10:[], 11:[], 12:[], 13:[], 14:[], 15:[], 16:[], 17:[], 18:[], 19:[], 20:[], 21:[], 22:[], 23:[], 24:[], 25:[], 26:[], 27:[], 28:[], 29:[], 30:[], 31:[], 32:[], 33:[], 34:[], 35:[], 36:[], 37:[], 38:[], 39:[], 40:[], 41:[], 42:[], 43:[], 44:[], 45:[], 46:[], 47:[], 48:[], 49:[], 50:[], 51:[], 52:[], 53:[], 54:[], 55:[], 56:[], 57:[], 58:[], 59:[], 60:[], 61:[], 62:[], 63:[], 64:[], 65:[], 66:[], 67:[], 68:[], 69:[], 70:[], 71:[], 72:[], 73:[], 74:[], 75:[], 76:[], 77:[], 78:[], 79:[], 80:[], 81:[], 82:[], 83:[], 84:[], 85:[], 86:[], 87:[], 88:[], 89:[], 90:[], 91:[], 92:[], 93:[], 94:[], 95:[], 96:[], 97:[], 98:[], 99:[], 100:[], 101:[], 102:[], 103:[], 104:[], 105:[], 106:[], 107:[], 108:[], 109:[], 110:[], 111:[], 112:[], 113:[], 114:[], 115:[], 116:[], 117:[], 118:[], 119:[], 120:[], 121:[], 122:[], 123:[], 124:[], 125:[], 126:[], 127:[], 128:[], 129:[], 130:[], 131:[], 132:[], 133:[], 134:[], 135:[], 136:[], 137:[], 138:[], 139:[], 140:[], 141:[], 142:[], 143:[], 144:[], 145:[], 146:[], 147:[], 148:[], 149:[], 150:[], 151:[], 152:[], 153:[], 154:[], 155:[], 156:[], 157:[]",46297808968,47995475906
3797,2,19379.9313,19178421,286465335,2286886171,567.0159,false,159,true,true,true,true,true,false,false,"0:[0, 1, 2, 3, 4, 5, 6, 7, 8, 9, 10, 11, 12, 13, 14, 15, 16, 17, 18, 19, 20, 21, 22, 23, 24, 25, 26, 27, 28, 29, 30, 31, 32, 33, 34, 35, 36, 37, 38, 39, 40, 41, 42, 43, 44, 45, 46, 47, 48, 49, 50, 51, 52, 53, 54, 55, 56, 57, 58, 59, 60, 61, 62, 63, 64, 65, 66, 67, 68, 69, 70, 71, 72, 73, 74, 75, 76, 77, 78, 79, 80, 81, 82, 83, 84, 85, 86, 87, 88, 89, 90, 91, 92, 93, 94, 95, 96, 97, 98, 99, 100, 101, 102, 103, 104, 105, 106, 107, 108, 109, 110, 111, 112, 113, 114, 115, 116, 117, 118, 119, 120, 121, 122, 123, 124, 125, 126, 127, 128, 129, 130, 131, 132, 133, 134, 135, 136, 137, 138, 139, 140, 141, 142, 143, 144, 145, 146, 147, 148, 149, 150, 151, 152, 153, 154, 155, 156, 157, 158], 1:[], 2:[], 3:[], 4:[], 5:[], 6:[], 7:[], 8:[], 9:[], 10:[], 11:[], 12:[], 13:[], 14:[], 15:[], 16:[], 17:[], 18:[], 19:[], 20:[], 21:[], 22:[], 23:[], 24:[], 25:[], 26:[], 27:[], 28:[], 29:[], 30:[], 31:[], 32:[], 33:[], 34:[], 35:[], 36:[], 37:[], 38:[], 39:[], 40:[], 41:[], 42:[], 43:[], 44:[], 45:[], 46:[], 47:[], 48:[], 49:[], 50:[], 51:[], 52:[], 53:[], 54:[], 55:[], 56:[], 57:[], 58:[], 59:[], 60:[], 61:[], 62:[], 63:[], 64:[], 65:[], 66:[], 67:[], 68:[], 69:[], 70:[], 71:[], 72:[], 73:[], 74:[], 75:[], 76:[], 77:[], 78:[], 79:[], 80:[], 81:[], 82:[], 83:[], 84:[], 85:[], 86:[], 87:[], 88:[], 89:[], 90:[], 91:[], 92:[], 93:[], 94:[], 95:[], 96:[], 97:[], 98:[], 99:[], 100:[], 101:[], 102:[], 103:[], 104:[], 105:[], 106:[], 107:[], 108:[], 109:[], 110:[], 111:[], 112:[], 113:[], 114:[], 115:[], 116:[], 117:[], 118:[], 119:[], 120:[], 121:[], 122:[], 123:[], 124:[], 125:[], 126:[], 127:[], 128:[], 129:[], 130:[], 131:[], 132:[], 133:[], 134:[], 135:[], 136:[], 137:[], 138:[], 139:[], 140:[], 141:[], 142:[], 143:[], 144:[], 145:[], 146:[], 147:[], 148:[], 149:[], 150:[], 151:[], 152:[], 153:[], 154:[], 155:[], 156:[], 157:[], 158:[]",46371899820,48102979615
3803,2,21182.5142,19269369,287823856,2297735430,453.5305,false,158,true,true,true,true,true,false,false,"0:[0, 1, 2, 3, 4, 5, 6, 7, 8, 9, 10, 11, 12, 13, 14, 15, 16, 17, 18, 19, 20, 21, 22, 23, 24, 25, 26, 27, 28, 29, 30, 31, 32, 33, 34, 35, 36, 37, 38, 39, 40, 41, 42, 43, 44, 45, 46, 47, 48, 49, 50, 51, 52, 53, 54, 55, 56, 57, 58, 59, 60, 61, 62, 63, 64, 65, 66, 67, 68, 69, 70, 71, 72, 73, 74, 75, 76, 77, 78, 79, 80, 81, 82, 83, 84, 85, 86, 87, 88, 89, 90, 91, 92, 93, 94, 95, 96, 97, 98, 99, 100, 101, 102, 103, 104, 105, 106, 107, 108, 109, 110, 111, 112, 113, 114, 115, 116, 117, 118, 119, 120, 121, 122, 123, 124, 125, 126, 127, 128, 129, 130, 131, 132, 133, 134, 135, 136, 137, 138, 139, 140, 141, 142, 143, 144, 145, 146, 147, 148, 149, 150, 151, 152, 153, 154, 155, 156, 157], 1:[], 2:[], 3:[], 4:[], 5:[], 6:[], 7:[], 8:[], 9:[], 10:[], 11:[], 12:[], 13:[], 14:[], 15:[], 16:[], 17:[], 18:[], 19:[], 20:[], 21:[], 22:[], 23:[], 24:[], 25:[], 26:[], 27:[], 28:[], 29:[], 30:[], 31:[], 32:[], 33:[], 34:[], 35:[], 36:[], 37:[], 38:[], 39:[], 40:[], 41:[], 42:[], 43:[], 44:[], 45:[], 46:[], 47:[], 48:[], 49:[], 50:[], 51:[], 52:[], 53:[], 54:[], 55:[], 56:[], 57:[], 58:[], 59:[], 60:[], 61:[], 62:[], 63:[], 64:[], 65:[], 66:[], 67:[], 68:[], 69:[], 70:[], 71:[], 72:[], 73:[], 74:[], 75:[], 76:[], 77:[], 78:[], 79:[], 80:[], 81:[], 82:[], 83:[], 84:[], 85:[], 86:[], 87:[], 88:[], 89:[], 90:[], 91:[], 92:[], 93:[], 94:[], 95:[], 96:[], 97:[], 98:[], 99:[], 100:[], 101:[], 102:[], 103:[], 104:[], 105:[], 106:[], 107:[], 108:[], 109:[], 110:[], 111:[], 112:[], 113:[], 114:[], 115:[], 116:[], 117:[], 118:[], 119:[], 120:[], 121:[], 122:[], 123:[], 124:[], 125:[], 126:[], 127:[], 128:[], 129:[], 130:[], 131:[], 132:[], 133:[], 134:[], 135:[], 136:[], 137:[], 138:[], 139:[], 140:[], 141:[], 142:[], 143:[], 144:[], 145:[], 146:[], 147:[], 148:[], 149:[], 150:[], 151:[], 152:[], 153:[], 154:[], 155:[], 156:[], 157:[]",46483128044,48264381980
3821,2,21777.5450,19543296,291921243,2330460821,429.9315,false,159,true,true,true,true,true,false,false,"0:[0, 1, 2, 3, 4, 5, 6, 7, 8, 9, 10, 11, 12, 13, 14, 15, 16, 17, 18, 19, 20, 21, 22, 23, 24, 25, 26, 27, 28, 29, 30, 31, 32, 33, 34, 35, 36, 37, 38, 39, 40, 41, 42, 43, 44, 45, 46, 47, 48, 49, 50, 51, 52, 53, 54, 55, 56, 57, 58, 59, 60, 61, 62, 63, 64, 65, 66, 67, 68, 69, 70, 71, 72, 73, 74, 75, 76, 77, 78, 79, 80, 81, 82, 83, 84, 85, 86, 87, 88, 89, 90, 91, 92, 93, 94, 95, 96, 97, 98, 99, 100, 101, 102, 103, 104, 105, 106, 107, 108, 109, 110, 111, 112, 113, 114, 115, 116, 117, 118, 119, 120, 121, 122, 123, 124, 125, 126, 127, 128, 129, 130, 131, 132, 133, 134, 135, 136, 137, 138, 139, 140, 141, 142, 143, 144, 145, 146, 147, 148, 149, 150, 151, 152, 153, 154, 155, 156, 157, 158], 1:[], 2:[], 3:[], 4:[], 5:[], 6:[], 7:[], 8:[], 9:[], 10:[], 11:[], 12:[], 13:[], 14:[], 15:[], 16:[], 17:[], 18:[], 19:[], 20:[], 21:[], 22:[], 23:[], 24:[], 25:[], 26:[], 27:[], 28:[], 29:[], 30:[], 31:[], 32:[], 33:[], 34:[], 35:[], 36:[], 37:[], 38:[], 39:[], 40:[], 41:[], 42:[], 43:[], 44:[], 45:[], 46:[], 47:[], 48:[], 49:[], 50:[], 51:[], 52:[], 53:[], 54:[], 55:[], 56:[], 57:[], 58:[], 59:[], 60:[], 61:[], 62:[], 63:[], 64:[], 65:[], 66:[], 67:[], 68:[], 69:[], 70:[], 71:[], 72:[], 73:[], 74:[], 75:[], 76:[], 77:[], 78:[], 79:[], 80:[], 81:[], 82:[], 83:[], 84:[], 85:[], 86:[], 87:[], 88:[], 89:[], 90:[], 91:[], 92:[], 93:[], 94:[], 95:[], 96:[], 97:[], 98:[], 99:[], 100:[], 101:[], 102:[], 103:[], 104:[], 105:[], 106:[], 107:[], 108:[], 109:[], 110:[], 111:[], 112:[], 113:[], 114:[], 115:[], 116:[], 117:[], 118:[], 119:[], 120:[], 121:[], 122:[], 123:[], 124:[], 125:[], 126:[], 127:[], 128:[], 129:[], 130:[], 131:[], 132:[], 133:[], 134:[], 135:[], 136:[], 137:[], 138:[], 139:[], 140:[], 141:[], 142:[], 143:[], 144:[], 145:[], 146:[], 147:[], 148:[], 149:[], 150:[], 151:[], 152:[], 153:[], 154:[], 155:[], 156:[], 157:[], 158:[]",46818588960,48751413863
3823,3,20745.2879,19573856,292379637,2334125317,524.8351,false,160,true,true,true,true,true,false,false,"0:[0, 1, 2, 3, 4, 5, 6, 7, 8, 9, 10, 11, 12, 13, 14, 15, 16, 17, 18, 19, 20, 21, 22, 23, 24, 25, 26, 27, 28, 29, 30, 31, 32, 33, 34, 35, 36, 37, 38, 39, 40, 41, 42, 43, 44, 45, 46, 47, 48, 49, 50, 51, 52, 53, 54, 55, 56, 57, 58, 59, 60, 61, 62, 63, 64, 65, 66, 67, 68, 69, 70, 71, 72, 73, 74, 75, 76, 77, 78, 79, 80, 81, 82, 83, 84, 85, 86, 87, 88, 89, 90, 91, 92, 93, 94, 95, 96, 97, 98, 99, 100, 101, 102, 103, 104, 105, 106, 107, 108, 109, 110, 111, 112, 113, 114, 115, 116, 117, 118, 119, 120, 121, 122, 123, 124, 125, 126, 127, 128, 129, 130, 131, 132, 133, 134, 135, 136, 137, 138, 139, 140, 141, 142, 143, 144, 145, 146, 147, 148, 149, 150, 151, 152, 153, 154, 155, 156, 157, 158, 159], 1:[], 2:[], 3:[], 4:[], 5:[], 6:[], 7:[], 8:[], 9:[], 10:[], 11:[], 12:[], 13:[], 14:[], 15:[], 16:[], 17:[], 18:[], 19:[], 20:[], 21:[], 22:[], 23:[], 24:[], 25:[], 26:[], 27:[], 28:[], 29:[], 30:[], 31:[], 32:[], 33:[], 34:[], 35:[], 36:[], 37:[], 38:[], 39:[], 40:[], 41:[], 42:[], 43:[], 44:[], 45:[], 46:[], 47:[], 48:[], 49:[], 50:[], 51:[], 52:[], 53:[], 54:[], 55:[], 56:[], 57:[], 58:[], 59:[], 60:[], 61:[], 62:[], 63:[], 64:[], 65:[], 66:[], 67:[], 68:[], 69:[], 70:[], 71:[], 72:[], 73:[], 74:[], 75:[], 76:[], 77:[], 78:[], 79:[], 80:[], 81:[], 82:[], 83:[], 84:[], 85:[], 86:[], 87:[], 88:[], 89:[], 90:[], 91:[], 92:[], 93:[], 94:[], 95:[], 96:[], 97:[], 98:[], 99:[], 100:[], 101:[], 102:[], 103:[], 104:[], 105:[], 106:[], 107:[], 108:[], 109:[], 110:[], 111:[], 112:[], 113:[], 114:[], 115:[], 116:[], 117:[], 118:[], 119:[], 120:[], 121:[], 122:[], 123:[], 124:[], 125:[], 126:[], 127:[], 128:[], 129:[], 130:[], 131:[], 132:[], 133:[], 134:[], 135:[], 136:[], 137:[], 138:[], 139:[], 140:[], 141:[], 142:[], 143:[], 144:[], 145:[], 146:[], 147:[], 148:[], 149:[], 150:[], 151:[], 152:[], 153:[], 154:[], 155:[], 156:[], 157:[], 158:[], 159:[]",46856116160,48805881385
3833,3,22543.6215,19727456,294678867,2352508469,444.6128,false,159,true,true,true,true,true,false,false,"0:[0, 1, 2, 3, 4, 5, 6, 7, 8, 9, 10, 11, 12, 13, 14, 15, 16, 17, 18, 19, 20, 21, 22, 23, 24, 25, 26, 27, 28, 29, 30, 31, 32, 33, 34, 35, 36, 37, 38, 39, 40, 41, 42, 43, 44, 45, 46, 47, 48, 49, 50, 51, 52, 53, 54, 55, 56, 57, 58, 59, 60, 61, 62, 63, 64, 65, 66, 67, 68, 69, 70, 71, 72, 73, 74, 75, 76, 77, 78, 79, 80, 81, 82, 83, 84, 85, 86, 87, 88, 89, 90, 91, 92, 93, 94, 95, 96, 97, 98, 99, 100, 101, 102, 103, 104, 105, 106, 107, 108, 109, 110, 111, 112, 113, 114, 115, 116, 117, 118, 119, 120, 121, 122, 123, 124, 125, 126, 127, 128, 129, 130, 131, 132, 133, 134, 135, 136, 137, 138, 139, 140, 141, 142, 143, 144, 145, 146, 147, 148, 149, 150, 151, 152, 153, 154, 155, 156, 157, 158], 1:[], 2:[], 3:[], 4:[], 5:[], 6:[], 7:[], 8:[], 9:[], 10:[], 11:[], 12:[], 13:[], 14:[], 15:[], 16:[], 17:[], 18:[], 19:[], 20:[], 21:[], 22:[], 23:[], 24:[], 25:[], 26:[], 27:[], 28:[], 29:[], 30:[], 31:[], 32:[], 33:[], 34:[], 35:[], 36:[], 37:[], 38:[], 39:[], 40:[], 41:[], 42:[], 43:[], 44:[], 45:[], 46:[], 47:[], 48:[], 49:[], 50:[], 51:[], 52:[], 53:[], 54:[], 55:[], 56:[], 57:[], 58:[], 59:[], 60:[], 61:[], 62:[], 63:[], 64:[], 65:[], 66:[], 67:[], 68:[], 69:[], 70:[], 71:[], 72:[], 73:[], 74:[], 75:[], 76:[], 77:[], 78:[], 79:[], 80:[], 81:[], 82:[], 83:[], 84:[], 85:[], 86:[], 87:[], 88:[], 89:[], 90:[], 91:[], 92:[], 93:[], 94:[], 95:[], 96:[], 97:[], 98:[], 99:[], 100:[], 101:[], 102:[], 103:[], 104:[], 105:[], 106:[], 107:[], 108:[], 109:[], 110:[], 111:[], 112:[], 113:[], 114:[], 115:[], 116:[], 117:[], 118:[], 119:[], 120:[], 121:[], 122:[], 123:[], 124:[], 125:[], 126:[], 127:[], 128:[], 129:[], 130:[], 131:[], 132:[], 133:[], 134:[], 135:[], 136:[], 137:[], 138:[], 139:[], 140:[], 141:[], 142:[], 143:[], 144:[], 145:[], 146:[], 147:[], 148:[], 149:[], 150:[], 151:[], 152:[], 153:[], 154:[], 155:[], 156:[], 157:[], 158:[]",47044355360,49079151487
3847,3,20363.1608,19943714,297912139,2378323978,432.1268,false,161,true,true,true,true,true,false,false,"0:[0, 1, 2, 3, 4, 5, 6, 7, 8, 9, 10, 11, 12, 13, 14, 15, 16, 17, 18, 19, 20, 21, 22, 23, 24, 25, 26, 27, 28, 29, 30, 31, 32, 33, 34, 35, 36, 37, 38, 39, 40, 41, 42, 43, 44, 45, 46, 47, 48, 49, 50, 51, 52, 53, 54, 55, 56, 57, 58, 59, 60, 61, 62, 63, 64, 65, 66, 67, 68, 69, 70, 71, 72, 73, 74, 75, 76, 77, 78, 79, 80, 81, 82, 83, 84, 85, 86, 87, 88, 89, 90, 91, 92, 93, 94, 95, 96, 97, 98, 99, 100, 101, 102, 103, 104, 105, 106, 107, 108, 109, 110, 111, 112, 113, 114, 115, 116, 117, 118, 119, 120, 121, 122, 123, 124, 125, 126, 127, 128, 129, 130, 131, 132, 133, 134, 135, 136, 137, 138, 139, 140, 141, 142, 143, 144, 145, 146, 147, 148, 149, 150, 151, 152, 153, 154, 155, 156, 157, 158, 159, 160], 1:[], 2:[], 3:[], 4:[], 5:[], 6:[], 7:[], 8:[], 9:[], 10:[], 11:[], 12:[], 13:[], 14:[], 15:[], 16:[], 17:[], 18:[], 19:[], 20:[], 21:[], 22:[], 23:[], 24:[], 25:[], 26:[], 27:[], 28:[], 29:[], 30:[], 31:[], 32:[], 33:[], 34:[], 35:[], 36:[], 37:[], 38:[], 39:[], 40:[], 41:[], 42:[], 43:[], 44:[], 45:[], 46:[], 47:[], 48:[], 49:[], 50:[], 51:[], 52:[], 53:[], 54:[], 55:[], 56:[], 57:[], 58:[], 59:[], 60:[], 61:[], 62:[], 63:[], 64:[], 65:[], 66:[], 67:[], 68:[], 69:[], 70:[], 71:[], 72:[], 73:[], 74:[], 75:[], 76:[], 77:[], 78:[], 79:[], 80:[], 81:[], 82:[], 83:[], 84:[], 85:[], 86:[], 87:[], 88:[], 89:[], 90:[], 91:[], 92:[], 93:[], 94:[], 95:[], 96:[], 97:[], 98:[], 99:[], 100:[], 101:[], 102:[], 103:[], 104:[], 105:[], 106:[], 107:[], 108:[], 109:[], 110:[], 111:[], 112:[], 113:[], 114:[], 115:[], 116:[], 117:[], 118:[], 119:[], 120:[], 121:[], 122:[], 123:[], 124:[], 125:[], 126:[], 127:[], 128:[], 129:[], 130:[], 131:[], 132:[], 133:[], 134:[], 135:[], 136:[], 137:[], 138:[], 139:[], 140:[], 141:[], 142:[], 143:[], 144:[], 145:[], 146:[], 147:[], 148:[], 149:[], 150:[], 151:[], 152:[], 153:[], 154:[], 155:[], 156:[], 157:[], 158:[], 159:[], 160:[]",47309072344,49463416687
3851,2,18936.4773,20006021,298840923,2385737385,438.7683,false,161,true,true,true,true,true,false,false,"0:[0, 1, 2, 3, 4, 5, 6, 7, 8, 9, 10, 11, 12, 13, 14, 15, 16, 17, 18, 19, 20, 21, 22, 23, 24, 25, 26, 27, 28, 29, 30, 31, 32, 33, 34, 35, 36, 37, 38, 39, 40, 41, 42, 43, 44, 45, 46, 47, 48, 49, 50, 51, 52, 53, 54, 55, 56, 57, 58, 59, 60, 61, 62, 63, 64, 65, 66, 67, 68, 69, 70, 71, 72, 73, 74, 75, 76, 77, 78, 79, 80, 81, 82, 83, 84, 85, 86, 87, 88, 89, 90, 91, 92, 93, 94, 95, 96, 97, 98, 99, 100, 101, 102, 103, 104, 105, 106, 107, 108, 109, 110, 111, 112, 113, 114, 115, 116, 117, 118, 119, 120, 121, 122, 123, 124, 125, 126, 127, 128, 129, 130, 131, 132, 133, 134, 135, 136, 137, 138, 139, 140, 141, 142, 143, 144, 145, 146, 147, 148, 149, 150, 151, 152, 153, 154, 155, 156, 157, 158, 159, 160], 1:[], 2:[], 3:[], 4:[], 5:[], 6:[], 7:[], 8:[], 9:[], 10:[], 11:[], 12:[], 13:[], 14:[], 15:[], 16:[], 17:[], 18:[], 19:[], 20:[], 21:[], 22:[], 23:[], 24:[], 25:[], 26:[], 27:[], 28:[], 29:[], 30:[], 31:[], 32:[], 33:[], 34:[], 35:[], 36:[], 37:[], 38:[], 39:[], 40:[], 41:[], 42:[], 43:[], 44:[], 45:[], 46:[], 47:[], 48:[], 49:[], 50:[], 51:[], 52:[], 53:[], 54:[], 55:[], 56:[], 57:[], 58:[], 59:[], 60:[], 61:[], 62:[], 63:[], 64:[], 65:[], 66:[], 67:[], 68:[], 69:[], 70:[], 71:[], 72:[], 73:[], 74:[], 75:[], 76:[], 77:[], 78:[], 79:[], 80:[], 81:[], 82:[], 83:[], 84:[], 85:[], 86:[], 87:[], 88:[], 89:[], 90:[], 91:[], 92:[], 93:[], 94:[], 95:[], 96:[], 97:[], 98:[], 99:[], 100:[], 101:[], 102:[], 103:[], 104:[], 105:[], 106:[], 107:[], 108:[], 109:[], 110:[], 111:[], 112:[], 113:[], 114:[], 115:[], 116:[], 117:[], 118:[], 119:[], 120:[], 121:[], 122:[], 123:[], 124:[], 125:[], 126:[], 127:[], 128:[], 129:[], 130:[], 131:[], 132:[], 133:[], 134:[], 135:[], 136:[], 137:[], 138:[], 139:[], 140:[], 141:[], 142:[], 143:[], 144:[], 145:[], 146:[], 147:[], 148:[], 149:[], 150:[], 151:[], 152:[], 153:[], 154:[], 155:[], 156:[], 157:[], 158:[], 159:[], 160:[]",47385119660,49573756691
3853,2,22591.3281,20036740,299305549,2389459395,454.7233,false,161,true,true,true,true,true,false,false,"0:[0, 1, 2, 3, 4, 5, 6, 7, 8, 9, 10, 11, 12, 13, 14, 15, 16, 17, 18, 19, 20, 21, 22, 23, 24, 25, 26, 27, 28, 29, 30, 31, 32, 33, 34, 35, 36, 37, 38, 39, 40, 41, 42, 43, 44, 45, 46, 47, 48, 49, 50, 51, 52, 53, 54, 55, 56, 57, 58, 59, 60, 61, 62, 63, 64, 65, 66, 67, 68, 69, 70, 71, 72, 73, 74, 75, 76, 77, 78, 79, 80, 81, 82, 83, 84, 85, 86, 87, 88, 89, 90, 91, 92, 93, 94, 95, 96, 97, 98, 99, 100, 101, 102, 103, 104, 105, 106, 107, 108, 109, 110, 111, 112, 113, 114, 115, 116, 117, 118, 119, 120, 121, 122, 123, 124, 125, 126, 127, 128, 129, 130, 131, 132, 133, 134, 135, 136, 137, 138, 139, 140, 141, 142, 143, 144, 145, 146, 147, 148, 149, 150, 151, 152, 153, 154, 155, 156, 157, 158, 159, 160], 1:[], 2:[], 3:[], 4:[], 5:[], 6:[], 7:[], 8:[], 9:[], 10:[], 11:[], 12:[], 13:[], 14:[], 15:[], 16:[], 17:[], 18:[], 19:[], 20:[], 21:[], 22:[], 23:[], 24:[], 25:[], 26:[], 27:[], 28:[], 29:[], 30:[], 31:[], 32:[], 33:[], 34:[], 35:[], 36:[], 37:[], 38:[], 39:[], 40:[], 41:[], 42:[], 43:[], 44:[], 45:[], 46:[], 47:[], 48:[], 49:[], 50:[], 51:[], 52:[], 53:[], 54:[], 55:[], 56:[], 57:[], 58:[], 59:[], 60:[], 61:[], 62:[], 63:[], 64:[], 65:[], 66:[], 67:[], 68:[], 69:[], 70:[], 71:[], 72:[], 73:[], 74:[], 75:[], 76:[], 77:[], 78:[], 79:[], 80:[], 81:[], 82:[], 83:[], 84:[], 85:[], 86:[], 87:[], 88:[], 89:[], 90:[], 91:[], 92:[], 93:[], 94:[], 95:[], 96:[], 97:[], 98:[], 99:[], 100:[], 101:[], 102:[], 103:[], 104:[], 105:[], 106:[], 107:[], 108:[], 109:[], 110:[], 111:[], 112:[], 113:[], 114:[], 115:[], 116:[], 117:[], 118:[], 119:[], 120:[], 121:[], 122:[], 123:[], 124:[], 125:[], 126:[], 127:[], 128:[], 129:[], 130:[], 131:[], 132:[], 133:[], 134:[], 135:[], 136:[], 137:[], 138:[], 139:[], 140:[], 141:[], 142:[], 143:[], 144:[], 145:[], 146:[], 147:[], 148:[], 149:[], 150:[], 151:[], 152:[], 153:[], 154:[], 155:[], 156:[], 157:[], 158:[], 159:[], 160:[]",47423149872,49629080113
3863,5,21637.4100,20193072,301639898,2408104011,442.5624,false,161,true,true,true,true,true,false,false,"0:[0, 1, 2, 3, 4, 5, 6, 7, 8, 9, 10, 11, 12, 13, 14, 15, 16, 17, 18, 19, 20, 21, 22, 23, 24, 25, 26, 27, 28, 29, 30, 31, 32, 33, 34, 35, 36, 37, 38, 39, 40, 41, 42, 43, 44, 45, 46, 47, 48, 49, 50, 51, 52, 53, 54, 55, 56, 57, 58, 59, 60, 61, 62, 63, 64, 65, 66, 67, 68, 69, 70, 71, 72, 73, 74, 75, 76, 77, 78, 79, 80, 81, 82, 83, 84, 85, 86, 87, 88, 89, 90, 91, 92, 93, 94, 95, 96, 97, 98, 99, 100, 101, 102, 103, 104, 105, 106, 107, 108, 109, 110, 111, 112, 113, 114, 115, 116, 117, 118, 119, 120, 121, 122, 123, 124, 125, 126, 127, 128, 129, 130, 131, 132, 133, 134, 135, 136, 137, 138, 139, 140, 141, 142, 143, 144, 145, 146, 147, 148, 149, 150, 151, 152, 153, 154, 155, 156, 157, 158, 159, 160], 1:[], 2:[], 3:[], 4:[], 5:[], 6:[], 7:[], 8:[], 9:[], 10:[], 11:[], 12:[], 13:[], 14:[], 15:[], 16:[], 17:[], 18:[], 19:[], 20:[], 21:[], 22:[], 23:[], 24:[], 25:[], 26:[], 27:[], 28:[], 29:[], 30:[], 31:[], 32:[], 33:[], 34:[], 35:[], 36:[], 37:[], 38:[], 39:[], 40:[], 41:[], 42:[], 43:[], 44:[], 45:[], 46:[], 47:[], 48:[], 49:[], 50:[], 51:[], 52:[], 53:[], 54:[], 55:[], 56:[], 57:[], 58:[], 59:[], 60:[], 61:[], 62:[], 63:[], 64:[], 65:[], 66:[], 67:[], 68:[], 69:[], 70:[], 71:[], 72:[], 73:[], 74:[], 75:[], 76:[], 77:[], 78:[], 79:[], 80:[], 81:[], 82:[], 83:[], 84:[], 85:[], 86:[], 87:[], 88:[], 89:[], 90:[], 91:[], 92:[], 93:[], 94:[], 95:[], 96:[], 97:[], 98:[], 99:[], 100:[], 101:[], 102:[], 103:[], 104:[], 105:[], 106:[], 107:[], 108:[], 109:[], 110:[], 111:[], 112:[], 113:[], 114:[], 115:[], 116:[], 117:[], 118:[], 119:[], 120:[], 121:[], 122:[], 123:[], 124:[], 125:[], 126:[], 127:[], 128:[], 129:[], 130:[], 131:[], 132:[], 133:[], 134:[], 135:[], 136:[], 137:[], 138:[], 139:[], 140:[], 141:[], 142:[], 143:[], 144:[], 145:[], 146:[], 147:[], 148:[], 149:[], 150:[], 151:[], 152:[], 153:[], 154:[], 155:[], 156:[], 157:[], 158:[], 159:[], 160:[]",47614275088,49906412114
3877,2,22334.4890,20412389,304924766,2434351002,517.8822,false,162,true,true,true,true,true,false,false,"0:[0, 1, 2, 3, 4, 5, 6, 7, 8, 9, 10, 11, 12, 13, 14, 15, 16, 17, 18, 19, 20, 21, 22, 23, 24, 25, 26, 27, 28, 29, 30, 31, 32, 33, 34, 35, 36, 37, 38, 39, 40, 41, 42, 43, 44, 45, 46, 47, 48, 49, 50, 51, 52, 53, 54, 55, 56, 57, 58, 59, 60, 61, 62, 63, 64, 65, 66, 67, 68, 69, 70, 71, 72, 73, 74, 75, 76, 77, 78, 79, 80, 81, 82, 83, 84, 85, 86, 87, 88, 89, 90, 91, 92, 93, 94, 95, 96, 97, 98, 99, 100, 101, 102, 103, 104, 105, 106, 107, 108, 109, 110, 111, 112, 113, 114, 115, 116, 117, 118, 119, 120, 121, 122, 123, 124, 125, 126, 127, 128, 129, 130, 131, 132, 133, 134, 135, 136, 137, 138, 139, 140, 141, 142, 143, 144, 145, 146, 147, 148, 149, 150, 151, 152, 153, 154, 155, 156, 157, 158, 159, 160, 161], 1:[], 2:[], 3:[], 4:[], 5:[], 6:[], 7:[], 8:[], 9:[], 10:[], 11:[], 12:[], 13:[], 14:[], 15:[], 16:[], 17:[], 18:[], 19:[], 20:[], 21:[], 22:[], 23:[], 24:[], 25:[], 26:[], 27:[], 28:[], 29:[], 30:[], 31:[], 32:[], 33:[], 34:[], 35:[], 36:[], 37:[], 38:[], 39:[], 40:[], 41:[], 42:[], 43:[], 44:[], 45:[], 46:[], 47:[], 48:[], 49:[], 50:[], 51:[], 52:[], 53:[], 54:[], 55:[], 56:[], 57:[], 58:[], 59:[], 60:[], 61:[], 62:[], 63:[], 64:[], 65:[], 66:[], 67:[], 68:[], 69:[], 70:[], 71:[], 72:[], 73:[], 74:[], 75:[], 76:[], 77:[], 78:[], 79:[], 80:[], 81:[], 82:[], 83:[], 84:[], 85:[], 86:[], 87:[], 88:[], 89:[], 90:[], 91:[], 92:[], 93:[], 94:[], 95:[], 96:[], 97:[], 98:[], 99:[], 100:[], 101:[], 102:[], 103:[], 104:[], 105:[], 106:[], 107:[], 108:[], 109:[], 110:[], 111:[], 112:[], 113:[], 114:[], 115:[], 116:[], 117:[], 118:[], 119:[], 120:[], 121:[], 122:[], 123:[], 124:[], 125:[], 126:[], 127:[], 128:[], 129:[], 130:[], 131:[], 132:[], 133:[], 134:[], 135:[], 136:[], 137:[], 138:[], 139:[], 140:[], 141:[], 142:[], 143:[], 144:[], 145:[], 146:[], 147:[], 148:[], 149:[], 150:[], 151:[], 152:[], 153:[], 154:[], 155:[], 156:[], 157:[], 158:[], 159:[], 160:[], 161:[]",47883205404,50296922226
3881,3,23377.4909,20475666,305868083,2441880665,551.3884,false,162,true,true,true,true,true,false,false,"0:[0, 1, 2, 3, 4, 5, 6, 7, 8, 9, 10, 11, 12, 13, 14, 15, 16, 17, 18, 19, 20, 21, 22, 23, 24, 25, 26, 27, 28, 29, 30, 31, 32, 33, 34, 35, 36, 37, 38, 39, 40, 41, 42, 43, 44, 45, 46, 47, 48, 49, 50, 51, 52, 53, 54, 55, 56, 57, 58, 59, 60, 61, 62, 63, 64, 65, 66, 67, 68, 69, 70, 71, 72, 73, 74, 75, 76, 77, 78, 79, 80, 81, 82, 83, 84, 85, 86, 87, 88, 89, 90, 91, 92, 93, 94, 95, 96, 97, 98, 99, 100, 101, 102, 103, 104, 105, 106, 107, 108, 109, 110, 111, 112, 113, 114, 115, 116, 117, 118, 119, 120, 121, 122, 123, 124, 125, 126, 127, 128, 129, 130, 131, 132, 133, 134, 135, 136, 137, 138, 139, 140, 141, 142, 143, 144, 145, 146, 147, 148, 149, 150, 151, 152, 153, 154, 155, 156, 157, 158, 159, 160, 161], 1:[], 2:[], 3:[], 4:[], 5:[], 6:[], 7:[], 8:[], 9:[], 10:[], 11:[], 12:[], 13:[], 14:[], 15:[], 16:[], 17:[], 18:[], 19:[], 20:[], 21:[], 22:[], 23:[], 24:[], 25:[], 26:[], 27:[], 28:[], 29:[], 30:[], 31:[], 32:[], 33:[], 34:[], 35:[], 36:[], 37:[], 38:[], 39:[], 40:[], 41:[], 42:[], 43:[], 44:[], 45:[], 46:[], 47:[], 48:[], 49:[], 50:[], 51:[], 52:[], 53:[], 54:[], 55:[], 56:[], 57:[], 58:[], 59:[], 60:[], 61:[], 62:[], 63:[], 64:[], 65:[], 66:[], 67:[], 68:[], 69:[], 70:[], 71:[], 72:[], 73:[], 74:[], 75:[], 76:[], 77:[], 78:[], 79:[], 80:[], 81:[], 82:[], 83:[], 84:[], 85:[], 86:[], 87:[], 88:[], 89:[], 90:[], 91:[], 92:[], 93:[], 94:[], 95:[], 96:[], 97:[], 98:[], 99:[], 100:[], 101:[], 102:[], 103:[], 104:[], 105:[], 106:[], 107:[], 108:[], 109:[], 110:[], 111:[], 112:[], 113:[], 114:[], 115:[], 116:[], 117:[], 118:[], 119:[], 120:[], 121:[], 122:[], 123:[], 124:[], 125:[], 126:[], 127:[], 128:[], 129:[], 130:[], 131:[], 132:[], 133:[], 134:[], 135:[], 136:[], 137:[], 138:[], 139:[], 140:[], 141:[], 142:[], 143:[], 144:[], 145:[], 146:[], 147:[], 148:[], 149:[], 150:[], 151:[], 152:[], 153:[], 154:[], 155:[], 156:[], 157:[], 158:[], 159:[], 160:[], 161:[]",47960442520,50408989591
3889,11,28634.0319,20601962,307763463,2457046722,473.3394,false,163,true,true,true,true,true,false,false,"0:[0, 1, 2, 3, 4, 5, 6, 7, 8, 9, 10, 11, 12, 13, 14, 15, 16, 17, 18, 19, 20, 21, 22, 23, 24, 25, 26, 27, 28, 29, 30, 31, 32, 33, 34, 35, 36, 37, 38, 39, 40, 41, 42, 43, 44, 45, 46, 47, 48, 49, 50, 51, 52, 53, 54, 55, 56, 57, 58, 59, 60, 61, 62, 63, 64, 65, 66, 67, 68, 69, 70, 71, 72, 73, 74, 75, 76, 77, 78, 79, 80, 81, 82, 83, 84, 85, 86, 87, 88, 89, 90, 91, 92, 93, 94, 95, 96, 97, 98, 99, 100, 101, 102, 103, 104, 105, 106, 107, 108, 109, 110, 111, 112, 113, 114, 115, 116, 117, 118, 119, 120, 121, 122, 123, 124, 125, 126, 127, 128, 129, 130, 131, 132, 133, 134, 135, 136, 137, 138, 139, 140, 141, 142, 143, 144, 145, 146, 147, 148, 149, 150, 151, 152, 153, 154, 155, 156, 157, 158, 159, 160, 161, 162], 1:[], 2:[], 3:[], 4:[], 5:[], 6:[], 7:[], 8:[], 9:[], 10:[], 11:[], 12:[], 13:[], 14:[], 15:[], 16:[], 17:[], 18:[], 19:[], 20:[], 21:[], 22:[], 23:[], 24:[], 25:[], 26:[], 27:[], 28:[], 29:[], 30:[], 31:[], 32:[], 33:[], 34:[], 35:[], 36:[], 37:[], 38:[], 39:[], 40:[], 41:[], 42:[], 43:[], 44:[], 45:[], 46:[], 47:[], 48:[], 49:[], 50:[], 51:[], 52:[], 53:[], 54:[], 55:[], 56:[], 57:[], 58:[], 59:[], 60:[], 61:[], 62:[], 63:[], 64:[], 65:[], 66:[], 67:[], 68:[], 69:[], 70:[], 71:[], 72:[], 73:[], 74:[], 75:[], 76:[], 77:[], 78:[], 79:[], 80:[], 81:[], 82:[], 83:[], 84:[], 85:[], 86:[], 87:[], 88:[], 89:[], 90:[], 91:[], 92:[], 93:[], 94:[], 95:[], 96:[], 97:[], 98:[], 99:[], 100:[], 101:[], 102:[], 103:[], 104:[], 105:[], 106:[], 107:[], 108:[], 109:[], 110:[], 111:[], 112:[], 113:[], 114:[], 115:[], 116:[], 117:[], 118:[], 119:[], 120:[], 121:[], 122:[], 123:[], 124:[], 125:[], 126:[], 127:[], 128:[], 129:[], 130:[], 131:[], 132:[], 133:[], 134:[], 135:[], 136:[], 137:[], 138:[], 139:[], 140:[], 141:[], 142:[], 143:[], 144:[], 145:[], 146:[], 147:[], 148:[], 149:[], 150:[], 151:[], 152:[], 153:[], 154:[], 155:[], 156:[], 157:[], 158:[], 159:[], 160:[], 161:[], 162:[]",48115609208,50634295739
3907,2,19970.2718,20888678,312047685,2491252752,458.1027,false,162,true,true,true,true,true,false,false,"0:[0, 1, 2, 3, 4, 5, 6, 7, 8, 9, 10, 11, 12, 13, 14, 15, 16, 17, 18, 19, 20, 21, 22, 23, 24, 25, 26, 27, 28, 29, 30, 31, 32, 33, 34, 35, 36, 37, 38, 39, 40, 41, 42, 43, 44, 45, 46, 47, 48, 49, 50, 51, 52, 53, 54, 55, 56, 57, 58, 59, 60, 61, 62, 63, 64, 65, 66, 67, 68, 69, 70, 71, 72, 73, 74, 75, 76, 77, 78, 79, 80, 81, 82, 83, 84, 85, 86, 87, 88, 89, 90, 91, 92, 93, 94, 95, 96, 97, 98, 99, 100, 101, 102, 103, 104, 105, 106, 107, 108, 109, 110, 111, 112, 113, 114, 115, 116, 117, 118, 119, 120, 121, 122, 123, 124, 125, 126, 127, 128, 129, 130, 131, 132, 133, 134, 135, 136, 137, 138, 139, 140, 141, 142, 143, 144, 145, 146, 147, 148, 149, 150, 151, 152, 153, 154, 155, 156, 157, 158, 159, 160, 161], 1:[], 2:[], 3:[], 4:[], 5:[], 6:[], 7:[], 8:[], 9:[], 10:[], 11:[], 12:[], 13:[], 14:[], 15:[], 16:[], 17:[], 18:[], 19:[], 20:[], 21:[], 22:[], 23:[], 24:[], 25:[], 26:[], 27:[], 28:[], 29:[], 30:[], 31:[], 32:[], 33:[], 34:[], 35:[], 36:[], 37:[], 38:[], 39:[], 40:[], 41:[], 42:[], 43:[], 44:[], 45:[], 46:[], 47:[], 48:[], 49:[], 50:[], 51:[], 52:[], 53:[], 54:[], 55:[], 56:[], 57:[], 58:[], 59:[], 60:[], 61:[], 62:[], 63:[], 64:[], 65:[], 66:[], 67:[], 68:[], 69:[], 70:[], 71:[], 72:[], 73:[], 74:[], 75:[], 76:[], 77:[], 78:[], 79:[], 80:[], 81:[], 82:[], 83:[], 84:[], 85:[], 86:[], 87:[], 88:[], 89:[], 90:[], 91:[], 92:[], 93:[], 94:[], 95:[], 96:[], 97:[], 98:[], 99:[], 100:[], 101:[], 102:[], 103:[], 104:[], 105:[], 106:[], 107:[], 108:[], 109:[], 110:[], 111:[], 112:[], 113:[], 114:[], 115:[], 116:[], 117:[], 118:[], 119:[], 120:[], 121:[], 122:[], 123:[], 124:[], 125:[], 126:[], 127:[], 128:[], 129:[], 130:[], 131:[], 132:[], 133:[], 134:[], 135:[], 136:[], 137:[], 138:[], 139:[], 140:[], 141:[], 142:[], 143:[], 144:[], 145:[], 146:[], 147:[], 148:[], 149:[], 150:[], 151:[], 152:[], 153:[], 154:[], 155:[], 156:[], 157:[], 158:[], 159:[], 160:[], 161:[]",48466375016,55438389281
3911,13,23933.5382,20952934,313004587,2498884738,489.3227,false,162,true,true,true,true,true,false,false,"0:[0, 1, 2, 3, 4, 5, 6, 7, 8, 9, 10, 11, 12, 13, 14, 15, 16, 17, 18, 19, 20, 21, 22, 23, 24, 25, 26, 27, 28, 29, 30, 31, 32, 33, 34, 35, 36, 37, 38, 39, 40, 41, 42, 43, 44, 45, 46, 47, 48, 49, 50, 51, 52, 53, 54, 55, 56, 57, 58, 59, 60, 61, 62, 63, 64, 65, 66, 67, 68, 69, 70, 71, 72, 73, 74, 75, 76, 77, 78, 79, 80, 81, 82, 83, 84, 85, 86, 87, 88, 89, 90, 91, 92, 93, 94, 95, 96, 97, 98, 99, 100, 101, 102, 103, 104, 105, 106, 107, 108, 109, 110, 111, 112, 113, 114, 115, 116, 117, 118, 119, 120, 121, 122, 123, 124, 125, 126, 127, 128, 129, 130, 131, 132, 133, 134, 135, 136, 137, 138, 139, 140, 141, 142, 143, 144, 145, 146, 147, 148, 149, 150, 151, 152, 153, 154, 155, 156, 157, 158, 159, 160, 161], 1:[], 2:[], 3:[], 4:[], 5:[], 6:[], 7:[], 8:[], 9:[], 10:[], 11:[], 12:[], 13:[], 14:[], 15:[], 16:[], 17:[], 18:[], 19:[], 20:[], 21:[], 22:[], 23:[], 24:[], 25:[], 26:[], 27:[], 28:[], 29:[], 30:[], 31:[], 32:[], 33:[], 34:[], 35:[], 36:[], 37:[], 38:[], 39:[], 40:[], 41:[], 42:[], 43:[], 44:[], 45:[], 46:[], 47:[], 48:[], 49:[], 50:[], 51:[], 52:[], 53:[], 54:[], 55:[], 56:[], 57:[], 58:[], 59:[], 60:[], 61:[], 62:[], 63:[], 64:[], 65:[], 66:[], 67:[], 68:[], 69:[], 70:[], 71:[], 72:[], 73:[], 74:[], 75:[], 76:[], 77:[], 78:[], 79:[], 80:[], 81:[], 82:[], 83:[], 84:[], 85:[], 86:[], 87:[], 88:[], 89:[], 90:[], 91:[], 92:[], 93:[], 94:[], 95:[], 96:[], 97:[], 98:[], 99:[], 100:[], 101:[], 102:[], 103:[], 104:[], 105:[], 106:[], 107:[], 108:[], 109:[], 110:[], 111:[], 112:[], 113:[], 114:[], 115:[], 116:[], 117:[], 118:[], 119:[], 120:[], 121:[], 122:[], 123:[], 124:[], 125:[], 126:[], 127:[], 128:[], 129:[], 130:[], 131:[], 132:[], 133:[], 134:[], 135:[], 136:[], 137:[], 138:[], 139:[], 140:[], 141:[], 142:[], 143:[], 144:[], 145:[], 146:[], 147:[], 148:[], 149:[], 150:[], 151:[], 152:[], 153:[], 154:[], 155:[], 156:[], 157:[], 158:[], 159:[], 160:[], 161:[]",48544726344,55552071679
3917,2,23317.7357,21049072,314448663,2510449283,537.0999,false,164,true,true,true,true,true,false,false,"0:[0, 1, 2, 3, 4, 5, 6, 7, 8, 9, 10, 11, 12, 13, 14, 15, 16, 17, 18, 19, 20, 21, 22, 23, 24, 25, 26, 27, 28, 29, 30, 31, 32, 33, 34, 35, 36, 37, 38, 39, 40, 41, 42, 43, 44, 45, 46, 47, 48, 49, 50, 51, 52, 53, 54, 55, 56, 57, 58, 59, 60, 61, 62, 63, 64, 65, 66, 67, 68, 69, 70, 71, 72, 73, 74, 75, 76, 77, 78, 79, 80, 81, 82, 83, 84, 85, 86, 87, 88, 89, 90, 91, 92, 93, 94, 95, 96, 97, 98, 99, 100, 101, 102, 103, 104, 105, 106, 107, 108, 109, 110, 111, 112, 113, 114, 115, 116, 117, 118, 119, 120, 121, 122, 123, 124, 125, 126, 127, 128, 129, 130, 131, 132, 133, 134, 135, 136, 137, 138, 139, 140, 141, 142, 143, 144, 145, 146, 147, 148, 149, 150, 151, 152, 153, 154, 155, 156, 157, 158, 159, 160, 161, 162, 163], 1:[], 2:[], 3:[], 4:[], 5:[], 6:[], 7:[], 8:[], 9:[], 10:[], 11:[], 12:[], 13:[], 14:[], 15:[], 16:[], 17:[], 18:[], 19:[], 20:[], 21:[], 22:[], 23:[], 24:[], 25:[], 26:[], 27:[], 28:[], 29:[], 30:[], 31:[], 32:[], 33:[], 34:[], 35:[], 36:[], 37:[], 38:[], 39:[], 40:[], 41:[], 42:[], 43:[], 44:[], 45:[], 46:[], 47:[], 48:[], 49:[], 50:[], 51:[], 52:[], 53:[], 54:[], 55:[], 56:[], 57:[], 58:[], 59:[], 60:[], 61:[], 62:[], 63:[], 64:[], 65:[], 66:[], 67:[], 68:[], 69:[], 70:[], 71:[], 72:[], 73:[], 74:[], 75:[], 76:[], 77:[], 78:[], 79:[], 80:[], 81:[], 82:[], 83:[], 84:[], 85:[], 86:[], 87:[], 88:[], 89:[], 90:[], 91:[], 92:[], 93:[], 94:[], 95:[], 96:[], 97:[], 98:[], 99:[], 100:[], 101:[], 102:[], 103:[], 104:[], 105:[], 106:[], 107:[], 108:[], 109:[], 110:[], 111:[], 112:[], 113:[], 114:[], 115:[], 116:[], 117:[], 118:[], 119:[], 120:[], 121:[], 122:[], 123:[], 124:[], 125:[], 126:[], 127:[], 128:[], 129:[], 130:[], 131:[], 132:[], 133:[], 134:[], 135:[], 136:[], 137:[], 138:[], 139:[], 140:[], 141:[], 142:[], 143:[], 144:[], 145:[], 146:[], 147:[], 148:[], 149:[], 150:[], 151:[], 152:[], 153:[], 154:[], 155:[], 156:[], 157:[], 158:[], 159:[], 160:[], 161:[], 162:[], 163:[]",48662944288,55723752659
3919,3,25465.7733,21081184,314928330,2514271995,498.7976,false,163,true,true,true,true,true,false,false,"0:[0, 1, 2, 3, 4, 5, 6, 7, 8, 9, 10, 11, 12, 13, 14, 15, 16, 17, 18, 19, 20, 21, 22, 23, 24, 25, 26, 27, 28, 29, 30, 31, 32, 33, 34, 35, 36, 37, 38, 39, 40, 41, 42, 43, 44, 45, 46, 47, 48, 49, 50, 51, 52, 53, 54, 55, 56, 57, 58, 59, 60, 61, 62, 63, 64, 65, 66, 67, 68, 69, 70, 71, 72, 73, 74, 75, 76, 77, 78, 79, 80, 81, 82, 83, 84, 85, 86, 87, 88, 89, 90, 91, 92, 93, 94, 95, 96, 97, 98, 99, 100, 101, 102, 103, 104, 105, 106, 107, 108, 109, 110, 111, 112, 113, 114, 115, 116, 117, 118, 119, 120, 121, 122, 123, 124, 125, 126, 127, 128, 129, 130, 131, 132, 133, 134, 135, 136, 137, 138, 139, 140, 141, 142, 143, 144, 145, 146, 147, 148, 149, 150, 151, 152, 153, 154, 155, 156, 157, 158, 159, 160, 161, 162], 1:[], 2:[], 3:[], 4:[], 5:[], 6:[], 7:[], 8:[], 9:[], 10:[], 11:[], 12:[], 13:[], 14:[], 15:[], 16:[], 17:[], 18:[], 19:[], 20:[], 21:[], 22:[], 23:[], 24:[], 25:[], 26:[], 27:[], 28:[], 29:[], 30:[], 31:[], 32:[], 33:[], 34:[], 35:[], 36:[], 37:[], 38:[], 39:[], 40:[], 41:[], 42:[], 43:[], 44:[], 45:[], 46:[], 47:[], 48:[], 49:[], 50:[], 51:[], 52:[], 53:[], 54:[], 55:[], 56:[], 57:[], 58:[], 59:[], 60:[], 61:[], 62:[], 63:[], 64:[], 65:[], 66:[], 67:[], 68:[], 69:[], 70:[], 71:[], 72:[], 73:[], 74:[], 75:[], 76:[], 77:[], 78:[], 79:[], 80:[], 81:[], 82:[], 83:[], 84:[], 85:[], 86:[], 87:[], 88:[], 89:[], 90:[], 91:[], 92:[], 93:[], 94:[], 95:[], 96:[], 97:[], 98:[], 99:[], 100:[], 101:[], 102:[], 103:[], 104:[], 105:[], 106:[], 107:[], 108:[], 109:[], 110:[], 111:[], 112:[], 113:[], 114:[], 115:[], 116:[], 117:[], 118:[], 119:[], 120:[], 121:[], 122:[], 123:[], 124:[], 125:[], 126:[], 127:[], 128:[], 129:[], 130:[], 131:[], 132:[], 133:[], 134:[], 135:[], 136:[], 137:[], 138:[], 139:[], 140:[], 141:[], 142:[], 143:[], 144:[], 145:[], 146:[], 147:[], 148:[], 149:[], 150:[], 151:[], 152:[], 153:[], 154:[], 155:[], 156:[], 157:[], 158:[], 159:[], 160:[], 161:[], 162:[]",48702216784,55780751298
3923,2,23523.3242,21145832,315892118,2521965004,550.9575,false,163,true,true,true,true,true,false,false,"0:[0, 1, 2, 3, 4, 5, 6, 7, 8, 9, 10, 11, 12, 13, 14, 15, 16, 17, 18, 19, 20, 21, 22, 23, 24, 25, 26, 27, 28, 29, 30, 31, 32, 33, 34, 35, 36, 37, 38, 39, 40, 41, 42, 43, 44, 45, 46, 47, 48, 49, 50, 51, 52, 53, 54, 55, 56, 57, 58, 59, 60, 61, 62, 63, 64, 65, 66, 67, 68, 69, 70, 71, 72, 73, 74, 75, 76, 77, 78, 79, 80, 81, 82, 83, 84, 85, 86, 87, 88, 89, 90, 91, 92, 93, 94, 95, 96, 97, 98, 99, 100, 101, 102, 103, 104, 105, 106, 107, 108, 109, 110, 111, 112, 113, 114, 115, 116, 117, 118, 119, 120, 121, 122, 123, 124, 125, 126, 127, 128, 129, 130, 131, 132, 133, 134, 135, 136, 137, 138, 139, 140, 141, 142, 143, 144, 145, 146, 147, 148, 149, 150, 151, 152, 153, 154, 155, 156, 157, 158, 159, 160, 161, 162], 1:[], 2:[], 3:[], 4:[], 5:[], 6:[], 7:[], 8:[], 9:[], 10:[], 11:[], 12:[], 13:[], 14:[], 15:[], 16:[], 17:[], 18:[], 19:[], 20:[], 21:[], 22:[], 23:[], 24:[], 25:[], 26:[], 27:[], 28:[], 29:[], 30:[], 31:[], 32:[], 33:[], 34:[], 35:[], 36:[], 37:[], 38:[], 39:[], 40:[], 41:[], 42:[], 43:[], 44:[], 45:[], 46:[], 47:[], 48:[], 49:[], 50:[], 51:[], 52:[], 53:[], 54:[], 55:[], 56:[], 57:[], 58:[], 59:[], 60:[], 61:[], 62:[], 63:[], 64:[], 65:[], 66:[], 67:[], 68:[], 69:[], 70:[], 71:[], 72:[], 73:[], 74:[], 75:[], 76:[], 77:[], 78:[], 79:[], 80:[], 81:[], 82:[], 83:[], 84:[], 85:[], 86:[], 87:[], 88:[], 89:[], 90:[], 91:[], 92:[], 93:[], 94:[], 95:[], 96:[], 97:[], 98:[], 99:[], 100:[], 101:[], 102:[], 103:[], 104:[], 105:[], 106:[], 107:[], 108:[], 109:[], 110:[], 111:[], 112:[], 113:[], 114:[], 115:[], 116:[], 117:[], 118:[], 119:[], 120:[], 121:[], 122:[], 123:[], 124:[], 125:[], 126:[], 127:[], 128:[], 129:[], 130:[], 131:[], 132:[], 133:[], 134:[], 135:[], 136:[], 137:[], 138:[], 139:[], 140:[], 141:[], 142:[], 143:[], 144:[], 145:[], 146:[], 147:[], 148:[], 149:[], 150:[], 151:[], 152:[], 153:[], 154:[], 155:[], 156:[], 157:[], 158:[], 159:[], 160:[], 161:[], 162:[]",48781129968,55895250622
3929,3,24442.3846,21242560,317341051,2533544546,558.2017,false,164,true,true,true,true,true,false,false,"0:[0, 1, 2, 3, 4, 5, 6, 7, 8, 9, 10, 11, 12, 13, 14, 15, 16, 17, 18, 19, 20, 21, 22, 23, 24, 25, 26, 27, 28, 29, 30, 31, 32, 33, 34, 35, 36, 37, 38, 39, 40, 41, 42, 43, 44, 45, 46, 47, 48, 49, 50, 51, 52, 53, 54, 55, 56, 57, 58, 59, 60, 61, 62, 63, 64, 65, 66, 67, 68, 69, 70, 71, 72, 73, 74, 75, 76, 77, 78, 79, 80, 81, 82, 83, 84, 85, 86, 87, 88, 89, 90, 91, 92, 93, 94, 95, 96, 97, 98, 99, 100, 101, 102, 103, 104, 105, 106, 107, 108, 109, 110, 111, 112, 113, 114, 115, 116, 117, 118, 119, 120, 121, 122, 123, 124, 125, 126, 127, 128, 129, 130, 131, 132, 133, 134, 135, 136, 137, 138, 139, 140, 141, 142, 143, 144, 145, 146, 147, 148, 149, 150, 151, 152, 153, 154, 155, 156, 157, 158, 159, 160, 161, 162, 163], 1:[], 2:[], 3:[], 4:[], 5:[], 6:[], 7:[], 8:[], 9:[], 10:[], 11:[], 12:[], 13:[], 14:[], 15:[], 16:[], 17:[], 18:[], 19:[], 20:[], 21:[], 22:[], 23:[], 24:[], 25:[], 26:[], 27:[], 28:[], 29:[], 30:[], 31:[], 32:[], 33:[], 34:[], 35:[], 36:[], 37:[], 38:[], 39:[], 40:[], 41:[], 42:[], 43:[], 44:[], 45:[], 46:[], 47:[], 48:[], 49:[], 50:[], 51:[], 52:[], 53:[], 54:[], 55:[], 56:[], 57:[], 58:[], 59:[], 60:[], 61:[], 62:[], 63:[], 64:[], 65:[], 66:[], 67:[], 68:[], 69:[], 70:[], 71:[], 72:[], 73:[], 74:[], 75:[], 76:[], 77:[], 78:[], 79:[], 80:[], 81:[], 82:[], 83:[], 84:[], 85:[], 86:[], 87:[], 88:[], 89:[], 90:[], 91:[], 92:[], 93:[], 94:[], 95:[], 96:[], 97:[], 98:[], 99:[], 100:[], 101:[], 102:[], 103:[], 104:[], 105:[], 106:[], 107:[], 108:[], 109:[], 110:[], 111:[], 112:[], 113:[], 114:[], 115:[], 116:[], 117:[], 118:[], 119:[], 120:[], 121:[], 122:[], 123:[], 124:[], 125:[], 126:[], 127:[], 128:[], 129:[], 130:[], 131:[], 132:[], 133:[], 134:[], 135:[], 136:[], 137:[], 138:[], 139:[], 140:[], 141:[], 142:[], 143:[], 144:[], 145:[], 146:[], 147:[], 148:[], 149:[], 150:[], 151:[], 152:[], 153:[], 154:[], 155:[], 156:[], 157:[], 158:[], 159:[], 160:[], 161:[], 162:[], 163:[]",48899752992,56067515111
3931,2,20755.9303,21274867,317826709,2537433479,490.2533,false,164,true,true,true,true,true,false,false,"0:[0, 1, 2, 3, 4, 5, 6, 7, 8, 9, 10, 11, 12, 13, 14, 15, 16, 17, 18, 19, 20, 21, 22, 23, 24, 25, 26, 27, 28, 29, 30, 31, 32, 33, 34, 35, 36, 37, 38, 39, 40, 41, 42, 43, 44, 45, 46, 47, 48, 49, 50, 51, 52, 53, 54, 55, 56, 57, 58, 59, 60, 61, 62, 63, 64, 65, 66, 67, 68, 69, 70, 71, 72, 73, 74, 75, 76, 77, 78, 79, 80, 81, 82, 83, 84, 85, 86, 87, 88, 89, 90, 91, 92, 93, 94, 95, 96, 97, 98, 99, 100, 101, 102, 103, 104, 105, 106, 107, 108, 109, 110, 111, 112, 113, 114, 115, 116, 117, 118, 119, 120, 121, 122, 123, 124, 125, 126, 127, 128, 129, 130, 131, 132, 133, 134, 135, 136, 137, 138, 139, 140, 141, 142, 143, 144, 145, 146, 147, 148, 149, 150, 151, 152, 153, 154, 155, 156, 157, 158, 159, 160, 161, 162, 163], 1:[], 2:[], 3:[], 4:[], 5:[], 6:[], 7:[], 8:[], 9:[], 10:[], 11:[], 12:[], 13:[], 14:[], 15:[], 16:[], 17:[], 18:[], 19:[], 20:[], 21:[], 22:[], 23:[], 24:[], 25:[], 26:[], 27:[], 28:[], 29:[], 30:[], 31:[], 32:[], 33:[], 34:[], 35:[], 36:[], 37:[], 38:[], 39:[], 40:[], 41:[], 42:[], 43:[], 44:[], 45:[], 46:[], 47:[], 48:[], 49:[], 50:[], 51:[], 52:[], 53:[], 54:[], 55:[], 56:[], 57:[], 58:[], 59:[], 60:[], 61:[], 62:[], 63:[], 64:[], 65:[], 66:[], 67:[], 68:[], 69:[], 70:[], 71:[], 72:[], 73:[], 74:[], 75:[], 76:[], 77:[], 78:[], 79:[], 80:[], 81:[], 82:[], 83:[], 84:[], 85:[], 86:[], 87:[], 88:[], 89:[], 90:[], 91:[], 92:[], 93:[], 94:[], 95:[], 96:[], 97:[], 98:[], 99:[], 100:[], 101:[], 102:[], 103:[], 104:[], 105:[], 106:[], 107:[], 108:[], 109:[], 110:[], 111:[], 112:[], 113:[], 114:[], 115:[], 116:[], 117:[], 118:[], 119:[], 120:[], 121:[], 122:[], 123:[], 124:[], 125:[], 126:[], 127:[], 128:[], 129:[], 130:[], 131:[], 132:[], 133:[], 134:[], 135:[], 136:[], 137:[], 138:[], 139:[], 140:[], 141:[], 142:[], 143:[], 144:[], 145:[], 146:[], 147:[], 148:[], 149:[], 150:[], 151:[], 152:[], 153:[], 154:[], 155:[], 156:[], 157:[], 158:[], 159:[], 160:[], 161:[], 162:[], 163:[]",48939510228,56125221981
3943,3,25391.8865,21469734,320739812,2560694728,624.0507,false,165,true,true,true,true,true,false,false,"0:[0, 1, 2, 3, 4, 5, 6, 7, 8, 9, 10, 11, 12, 13, 14, 15, 16, 17, 18, 19, 20, 21, 22, 23, 24, 25, 26, 27, 28, 29, 30, 31, 32, 33, 34, 35, 36, 37, 38, 39, 40, 41, 42, 43, 44, 45, 46, 47, 48, 49, 50, 51, 52, 53, 54, 55, 56, 57, 58, 59, 60, 61, 62, 63, 64, 65, 66, 67, 68, 69, 70, 71, 72, 73, 74, 75, 76, 77, 78, 79, 80, 81, 82, 83, 84, 85, 86, 87, 88, 89, 90, 91, 92, 93, 94, 95, 96, 97, 98, 99, 100, 101, 102, 103, 104, 105, 106, 107, 108, 109, 110, 111, 112, 113, 114, 115, 116, 117, 118, 119, 120, 121, 122, 123, 124, 125, 126, 127, 128, 129, 130, 131, 132, 133, 134, 135, 136, 137, 138, 139, 140, 141, 142, 143, 144, 145, 146, 147, 148, 149, 150, 151, 152, 153, 154, 155, 156, 157, 158, 159, 160, 161, 162, 163, 164], 1:[], 2:[], 3:[], 4:[], 5:[], 6:[], 7:[], 8:[], 9:[], 10:[], 11:[], 12:[], 13:[], 14:[], 15:[], 16:[], 17:[], 18:[], 19:[], 20:[], 21:[], 22:[], 23:[], 24:[], 25:[], 26:[], 27:[], 28:[], 29:[], 30:[], 31:[], 32:[], 33:[], 34:[], 35:[], 36:[], 37:[], 38:[], 39:[], 40:[], 41:[], 42:[], 43:[], 44:[], 45:[], 46:[], 47:[], 48:[], 49:[], 50:[], 51:[], 52:[], 53:[], 54:[], 55:[], 56:[], 57:[], 58:[], 59:[], 60:[], 61:[], 62:[], 63:[], 64:[], 65:[], 66:[], 67:[], 68:[], 69:[], 70:[], 71:[], 72:[], 73:[], 74:[], 75:[], 76:[], 77:[], 78:[], 79:[], 80:[], 81:[], 82:[], 83:[], 84:[], 85:[], 86:[], 87:[], 88:[], 89:[], 90:[], 91:[], 92:[], 93:[], 94:[], 95:[], 96:[], 97:[], 98:[], 99:[], 100:[], 101:[], 102:[], 103:[], 104:[], 105:[], 106:[], 107:[], 108:[], 109:[], 110:[], 111:[], 112:[], 113:[], 114:[], 115:[], 116:[], 117:[], 118:[], 119:[], 120:[], 121:[], 122:[], 123:[], 124:[], 125:[], 126:[], 127:[], 128:[], 129:[], 130:[], 131:[], 132:[], 133:[], 134:[], 135:[], 136:[], 137:[], 138:[], 139:[], 140:[], 141:[], 142:[], 143:[], 144:[], 145:[], 146:[], 147:[], 148:[], 149:[], 150:[], 151:[], 152:[], 153:[], 154:[], 155:[], 156:[], 157:[], 158:[], 159:[], 160:[], 161:[], 162:[], 163:[], 164:[]",49178014744,56471446796
3947,2,22955.0883,21535173,321716461,2568496862,544.0454,false,164,true,true,true,true,true,false,false,"0:[0, 1, 2, 3, 4, 5, 6, 7, 8, 9, 10, 11, 12, 13, 14, 15, 16, 17, 18, 19, 20, 21, 22, 23, 24, 25, 26, 27, 28, 29, 30, 31, 32, 33, 34, 35, 36, 37, 38, 39, 40, 41, 42, 43, 44, 45, 46, 47, 48, 49, 50, 51, 52, 53, 54, 55, 56, 57, 58, 59, 60, 61, 62, 63, 64, 65, 66, 67, 68, 69, 70, 71, 72, 73, 74, 75, 76, 77, 78, 79, 80, 81, 82, 83, 84, 85, 86, 87, 88, 89, 90, 91, 92, 93, 94, 95, 96, 97, 98, 99, 100, 101, 102, 103, 104, 105, 106, 107, 108, 109, 110, 111, 112, 113, 114, 115, 116, 117, 118, 119, 120, 121, 122, 123, 124, 125, 126, 127, 128, 129, 130, 131, 132, 133, 134, 135, 136, 137, 138, 139, 140, 141, 142, 143, 144, 145, 146, 147, 148, 149, 150, 151, 152, 153, 154, 155, 156, 157, 158, 159, 160, 161, 162, 163], 1:[], 2:[], 3:[], 4:[], 5:[], 6:[], 7:[], 8:[], 9:[], 10:[], 11:[], 12:[], 13:[], 14:[], 15:[], 16:[], 17:[], 18:[], 19:[], 20:[], 21:[], 22:[], 23:[], 24:[], 25:[], 26:[], 27:[], 28:[], 29:[], 30:[], 31:[], 32:[], 33:[], 34:[], 35:[], 36:[], 37:[], 38:[], 39:[], 40:[], 41:[], 42:[], 43:[], 44:[], 45:[], 46:[], 47:[], 48:[], 49:[], 50:[], 51:[], 52:[], 53:[], 54:[], 55:[], 56:[], 57:[], 58:[], 59:[], 60:[], 61:[], 62:[], 63:[], 64:[], 65:[], 66:[], 67:[], 68:[], 69:[], 70:[], 71:[], 72:[], 73:[], 74:[], 75:[], 76:[], 77:[], 78:[], 79:[], 80:[], 81:[], 82:[], 83:[], 84:[], 85:[], 86:[], 87:[], 88:[], 89:[], 90:[], 91:[], 92:[], 93:[], 94:[], 95:[], 96:[], 97:[], 98:[], 99:[], 100:[], 101:[], 102:[], 103:[], 104:[], 105:[], 106:[], 107:[], 108:[], 109:[], 110:[], 111:[], 112:[], 113:[], 114:[], 115:[], 116:[], 117:[], 118:[], 119:[], 120:[], 121:[], 122:[], 123:[], 124:[], 125:[], 126:[], 127:[], 128:[], 129:[], 130:[], 131:[], 132:[], 133:[], 134:[], 135:[], 136:[], 137:[], 138:[], 139:[], 140:[], 141:[], 142:[], 143:[], 144:[], 145:[], 146:[], 147:[], 148:[], 149:[], 150:[], 151:[], 152:[], 153:[], 154:[], 155:[], 156:[], 157:[], 158:[], 159:[], 160:[], 161:[], 162:[], 163:[]",49257978956,56587473581
3967,3,25315.8221,21863030,326622389,2607686048,606.1793,false,166,true,true,true,true,true,false,false,"0:[0, 1, 2, 3, 4, 5, 6, 7, 8, 9, 10, 11, 12, 13, 14, 15, 16, 17, 18, 19, 20, 21, 22, 23, 24, 25, 26, 27, 28, 29, 30, 31, 32, 33, 34, 35, 36, 37, 38, 39, 40, 41, 42, 43, 44, 45, 46, 47, 48, 49, 50, 51, 52, 53, 54, 55, 56, 57, 58, 59, 60, 61, 62, 63, 64, 65, 66, 67, 68, 69, 70, 71, 72, 73, 74, 75, 76, 77, 78, 79, 80, 81, 82, 83, 84, 85, 86, 87, 88, 89, 90, 91, 92, 93, 94, 95, 96, 97, 98, 99, 100, 101, 102, 103, 104, 105, 106, 107, 108, 109, 110, 111, 112, 113, 114, 115, 116, 117, 118, 119, 120, 121, 122, 123, 124, 125, 126, 127, 128, 129, 130, 131, 132, 133, 134, 135, 136, 137, 138, 139, 140, 141, 142, 143, 144, 145, 146, 147, 148, 149, 150, 151, 152, 153, 154, 155, 156, 157, 158, 159, 160, 161, 162, 163, 164, 165], 1:[], 2:[], 3:[], 4:[], 5:[], 6:[], 7:[], 8:[], 9:[], 10:[], 11:[], 12:[], 13:[], 14:[], 15:[], 16:[], 17:[], 18:[], 19:[], 20:[], 21:[], 22:[], 23:[], 24:[], 25:[], 26:[], 27:[], 28:[], 29:[], 30:[], 31:[], 32:[], 33:[], 34:[], 35:[], 36:[], 37:[], 38:[], 39:[], 40:[], 41:[], 42:[], 43:[], 44:[], 45:[], 46:[], 47:[], 48:[], 49:[], 50:[], 51:[], 52:[], 53:[], 54:[], 55:[], 56:[], 57:[], 58:[], 59:[], 60:[], 61:[], 62:[], 63:[], 64:[], 65:[], 66:[], 67:[], 68:[], 69:[], 70:[], 71:[], 72:[], 73:[], 74:[], 75:[], 76:[], 77:[], 78:[], 79:[], 80:[], 81:[], 82:[], 83:[], 84:[], 85:[], 86:[], 87:[], 88:[], 89:[], 90:[], 91:[], 92:[], 93:[], 94:[], 95:[], 96:[], 97:[], 98:[], 99:[], 100:[], 101:[], 102:[], 103:[], 104:[], 105:[], 106:[], 107:[], 108:[], 109:[], 110:[], 111:[], 112:[], 113:[], 114:[], 115:[], 116:[], 117:[], 118:[], 119:[], 120:[], 121:[], 122:[], 123:[], 124:[], 125:[], 126:[], 127:[], 128:[], 129:[], 130:[], 131:[], 132:[], 133:[], 134:[], 135:[], 136:[], 137:[], 138:[], 139:[], 140:[], 141:[], 142:[], 143:[], 144:[], 145:[], 146:[], 147:[], 148:[], 149:[], 150:[], 151:[], 152:[], 153:[], 154:[], 155:[], 156:[], 157:[], 158:[], 159:[], 160:[], 161:[], 162:[], 163:[], 164:[], 165:[]",49659633192,57170593201
3989,2,21429.0605,22227801,332078936,2651282941,495.6181,false,166,true,true,true,true,true,false,false,"0:[0, 1, 2, 3, 4, 5, 6, 7, 8, 9, 10, 11, 12, 13, 14, 15, 16, 17, 18, 19, 20, 21, 22, 23, 24, 25, 26, 27, 28, 29, 30, 31, 32, 33, 34, 35, 36, 37, 38, 39, 40, 41, 42, 43, 44, 45, 46, 47, 48, 49, 50, 51, 52, 53, 54, 55, 56, 57, 58, 59, 60, 61, 62, 63, 64, 65, 66, 67, 68, 69, 70, 71, 72, 73, 74, 75, 76, 77, 78, 79, 80, 81, 82, 83, 84, 85, 86, 87, 88, 89, 90, 91, 92, 93, 94, 95, 96, 97, 98, 99, 100, 101, 102, 103, 104, 105, 106, 107, 108, 109, 110, 111, 112, 113, 114, 115, 116, 117, 118, 119, 120, 121, 122, 123, 124, 125, 126, 127, 128, 129, 130, 131, 132, 133, 134, 135, 136, 137, 138, 139, 140, 141, 142, 143, 144, 145, 146, 147, 148, 149, 150, 151, 152, 153, 154, 155, 156, 157, 158, 159, 160, 161, 162, 163, 164, 165], 1:[], 2:[], 3:[], 4:[], 5:[], 6:[], 7:[], 8:[], 9:[], 10:[], 11:[], 12:[], 13:[], 14:[], 15:[], 16:[], 17:[], 18:[], 19:[], 20:[], 21:[], 22:[], 23:[], 24:[], 25:[], 26:[], 27:[], 28:[], 29:[], 30:[], 31:[], 32:[], 33:[], 34:[], 35:[], 36:[], 37:[], 38:[], 39:[], 40:[], 41:[], 42:[], 43:[], 44:[], 45:[], 46:[], 47:[], 48:[], 49:[], 50:[], 51:[], 52:[], 53:[], 54:[], 55:[], 56:[], 57:[], 58:[], 59:[], 60:[], 61:[], 62:[], 63:[], 64:[], 65:[], 66:[], 67:[], 68:[], 69:[], 70:[], 71:[], 72:[], 73:[], 74:[], 75:[], 76:[], 77:[], 78:[], 79:[], 80:[], 81:[], 82:[], 83:[], 84:[], 85:[], 86:[], 87:[], 88:[], 89:[], 90:[], 91:[], 92:[], 93:[], 94:[], 95:[], 96:[], 97:[], 98:[], 99:[], 100:[], 101:[], 102:[], 103:[], 104:[], 105:[], 106:[], 107:[], 108:[], 109:[], 110:[], 111:[], 112:[], 113:[], 114:[], 115:[], 116:[], 117:[], 118:[], 119:[], 120:[], 121:[], 122:[], 123:[], 124:[], 125:[], 126:[], 127:[], 128:[], 129:[], 130:[], 131:[], 132:[], 133:[], 134:[], 135:[], 136:[], 137:[], 138:[], 139:[], 140:[], 141:[], 142:[], 143:[], 144:[], 145:[], 146:[], 147:[], 148:[], 149:[], 150:[], 151:[], 152:[], 153:[], 154:[], 155:[], 156:[], 157:[], 158:[], 159:[], 160:[], 161:[], 162:[], 163:[], 164:[], 165:[]",50106370540,57819114884
4001,3,29264.1038,22428434,335081444,2675277043,613.9013,false,167,true,true,true,true,true,false,false,"0:[0, 1, 2, 3, 4, 5, 6, 7, 8, 9, 10, 11, 12, 13, 14, 15, 16, 17, 18, 19, 20, 21, 22, 23, 24, 25, 26, 27, 28, 29, 30, 31, 32, 33, 34, 35, 36, 37, 38, 39, 40, 41, 42, 43, 44, 45, 46, 47, 48, 49, 50, 51, 52, 53, 54, 55, 56, 57, 58, 59, 60, 61, 62, 63, 64, 65, 66, 67, 68, 69, 70, 71, 72, 73, 74, 75, 76, 77, 78, 79, 80, 81, 82, 83, 84, 85, 86, 87, 88, 89, 90, 91, 92, 93, 94, 95, 96, 97, 98, 99, 100, 101, 102, 103, 104, 105, 106, 107, 108, 109, 110, 111, 112, 113, 114, 115, 116, 117, 118, 119, 120, 121, 122, 123, 124, 125, 126, 127, 128, 129, 130, 131, 132, 133, 134, 135, 136, 137, 138, 139, 140, 141, 142, 143, 144, 145, 146, 147, 148, 149, 150, 151, 152, 153, 154, 155, 156, 157, 158, 159, 160, 161, 162, 163, 164, 165, 166], 1:[], 2:[], 3:[], 4:[], 5:[], 6:[], 7:[], 8:[], 9:[], 10:[], 11:[], 12:[], 13:[], 14:[], 15:[], 16:[], 17:[], 18:[], 19:[], 20:[], 21:[], 22:[], 23:[], 24:[], 25:[], 26:[], 27:[], 28:[], 29:[], 30:[], 31:[], 32:[], 33:[], 34:[], 35:[], 36:[], 37:[], 38:[], 39:[], 40:[], 41:[], 42:[], 43:[], 44:[], 45:[], 46:[], 47:[], 48:[], 49:[], 50:[], 51:[], 52:[], 53:[], 54:[], 55:[], 56:[], 57:[], 58:[], 59:[], 60:[], 61:[], 62:[], 63:[], 64:[], 65:[], 66:[], 67:[], 68:[], 69:[], 70:[], 71:[], 72:[], 73:[], 74:[], 75:[], 76:[], 77:[], 78:[], 79:[], 80:[], 81:[], 82:[], 83:[], 84:[], 85:[], 86:[], 87:[], 88:[], 89:[], 90:[], 91:[], 92:[], 93:[], 94:[], 95:[], 96:[], 97:[], 98:[], 99:[], 100:[], 101:[], 102:[], 103:[], 104:[], 105:[], 106:[], 107:[], 108:[], 109:[], 110:[], 111:[], 112:[], 113:[], 114:[], 115:[], 116:[], 117:[], 118:[], 119:[], 120:[], 121:[], 122:[], 123:[], 124:[], 125:[], 126:[], 127:[], 128:[], 129:[], 130:[], 131:[], 132:[], 133:[], 134:[], 135:[], 136:[], 137:[], 138:[], 139:[], 140:[], 141:[], 142:[], 143:[], 144:[], 145:[], 146:[], 147:[], 148:[], 149:[], 150:[], 151:[], 152:[], 153:[], 154:[], 155:[], 156:[], 157:[], 158:[], 159:[], 160:[], 161:[], 162:[], 163:[], 164:[], 165:[], 166:[]",50352188904,58175962428
4003,2,21637.8112,22461934,335581963,2679266735,496.6258,false,166,true,true,true,true,true,false,false,"0:[0, 1, 2, 3, 4, 5, 6, 7, 8, 9, 10, 11, 12, 13, 14, 15, 16, 17, 18, 19, 20, 21, 22, 23, 24, 25, 26, 27, 28, 29, 30, 31, 32, 33, 34, 35, 36, 37, 38, 39, 40, 41, 42, 43, 44, 45, 46, 47, 48, 49, 50, 51, 52, 53, 54, 55, 56, 57, 58, 59, 60, 61, 62, 63, 64, 65, 66, 67, 68, 69, 70, 71, 72, 73, 74, 75, 76, 77, 78, 79, 80, 81, 82, 83, 84, 85, 86, 87, 88, 89, 90, 91, 92, 93, 94, 95, 96, 97, 98, 99, 100, 101, 102, 103, 104, 105, 106, 107, 108, 109, 110, 111, 112, 113, 114, 115, 116, 117, 118, 119, 120, 121, 122, 123, 124, 125, 126, 127, 128, 129, 130, 131, 132, 133, 134, 135, 136, 137, 138, 139, 140, 141, 142, 143, 144, 145, 146, 147, 148, 149, 150, 151, 152, 153, 154, 155, 156, 157, 158, 159, 160, 161, 162, 163, 164, 165], 1:[], 2:[], 3:[], 4:[], 5:[], 6:[], 7:[], 8:[], 9:[], 10:[], 11:[], 12:[], 13:[], 14:[], 15:[], 16:[], 17:[], 18:[], 19:[], 20:[], 21:[], 22:[], 23:[], 24:[], 25:[], 26:[], 27:[], 28:[], 29:[], 30:[], 31:[], 32:[], 33:[], 34:[], 35:[], 36:[], 37:[], 38:[], 39:[], 40:[], 41:[], 42:[], 43:[], 44:[], 45:[], 46:[], 47:[], 48:[], 49:[], 50:[], 51:[], 52:[], 53:[], 54:[], 55:[], 56:[], 57:[], 58:[], 59:[], 60:[], 61:[], 62:[], 63:[], 64:[], 65:[], 66:[], 67:[], 68:[], 69:[], 70:[], 71:[], 72:[], 73:[], 74:[], 75:[], 76:[], 77:[], 78:[], 79:[], 80:[], 81:[], 82:[], 83:[], 84:[], 85:[], 86:[], 87:[], 88:[], 89:[], 90:[], 91:[], 92:[], 93:[], 94:[], 95:[], 96:[], 97:[], 98:[], 99:[], 100:[], 101:[], 102:[], 103:[], 104:[], 105:[], 106:[], 107:[], 108:[], 109:[], 110:[], 111:[], 112:[], 113:[], 114:[], 115:[], 116:[], 117:[], 118:[], 119:[], 120:[], 121:[], 122:[], 123:[], 124:[], 125:[], 126:[], 127:[], 128:[], 129:[], 130:[], 131:[], 132:[], 133:[], 134:[], 135:[], 136:[], 137:[], 138:[], 139:[], 140:[], 141:[], 142:[], 143:[], 144:[], 145:[], 146:[], 147:[], 148:[], 149:[], 150:[], 151:[], 152:[], 153:[], 154:[], 155:[], 156:[], 157:[], 158:[], 159:[], 160:[], 161:[], 162:[], 163:[], 164:[], 165:[]",50393168424,58235439647
4007,5,26511.9546,22529370,336589421,2687320673,498.1673,false,167,true,true,true,true,true,false,false,"0:[0, 1, 2, 3, 4, 5, 6, 7, 8, 9, 10, 11, 12, 13, 14, 15, 16, 17, 18, 19, 20, 21, 22, 23, 24, 25, 26, 27, 28, 29, 30, 31, 32, 33, 34, 35, 36, 37, 38, 39, 40, 41, 42, 43, 44, 45, 46, 47, 48, 49, 50, 51, 52, 53, 54, 55, 56, 57, 58, 59, 60, 61, 62, 63, 64, 65, 66, 67, 68, 69, 70, 71, 72, 73, 74, 75, 76, 77, 78, 79, 80, 81, 82, 83, 84, 85, 86, 87, 88, 89, 90, 91, 92, 93, 94, 95, 96, 97, 98, 99, 100, 101, 102, 103, 104, 105, 106, 107, 108, 109, 110, 111, 112, 113, 114, 115, 116, 117, 118, 119, 120, 121, 122, 123, 124, 125, 126, 127, 128, 129, 130, 131, 132, 133, 134, 135, 136, 137, 138, 139, 140, 141, 142, 143, 144, 145, 146, 147, 148, 149, 150, 151, 152, 153, 154, 155, 156, 157, 158, 159, 160, 161, 162, 163, 164, 165, 166], 1:[], 2:[], 3:[], 4:[], 5:[], 6:[], 7:[], 8:[], 9:[], 10:[], 11:[], 12:[], 13:[], 14:[], 15:[], 16:[], 17:[], 18:[], 19:[], 20:[], 21:[], 22:[], 23:[], 24:[], 25:[], 26:[], 27:[], 28:[], 29:[], 30:[], 31:[], 32:[], 33:[], 34:[], 35:[], 36:[], 37:[], 38:[], 39:[], 40:[], 41:[], 42:[], 43:[], 44:[], 45:[], 46:[], 47:[], 48:[], 49:[], 50:[], 51:[], 52:[], 53:[], 54:[], 55:[], 56:[], 57:[], 58:[], 59:[], 60:[], 61:[], 62:[], 63:[], 64:[], 65:[], 66:[], 67:[], 68:[], 69:[], 70:[], 71:[], 72:[], 73:[], 74:[], 75:[], 76:[], 77:[], 78:[], 79:[], 80:[], 81:[], 82:[], 83:[], 84:[], 85:[], 86:[], 87:[], 88:[], 89:[], 90:[], 91:[], 92:[], 93:[], 94:[], 95:[], 96:[], 97:[], 98:[], 99:[], 100:[], 101:[], 102:[], 103:[], 104:[], 105:[], 106:[], 107:[], 108:[], 109:[], 110:[], 111:[], 112:[], 113:[], 114:[], 115:[], 116:[], 117:[], 118:[], 119:[], 120:[], 121:[], 122:[], 123:[], 124:[], 125:[], 126:[], 127:[], 128:[], 129:[], 130:[], 131:[], 132:[], 133:[], 134:[], 135:[], 136:[], 137:[], 138:[], 139:[], 140:[], 141:[], 142:[], 143:[], 144:[], 145:[], 146:[], 147:[], 148:[], 149:[], 150:[], 151:[], 152:[], 153:[], 154:[], 155:[], 156:[], 157:[], 158:[], 159:[], 160:[], 161:[], 162:[], 163:[], 164:[], 165:[], 166:[]",50475653272,58355125529
4013,2,22288.1353,22630272,338102986,2699429327,498.7034,false,168,true,true,true,true,true,false,false,"0:[0, 1, 2, 3, 4, 5, 6, 7, 8, 9, 10, 11, 12, 13, 14, 15, 16, 17, 18, 19, 20, 21, 22, 23, 24, 25, 26, 27, 28, 29, 30, 31, 32, 33, 34, 35, 36, 37, 38, 39, 40, 41, 42, 43, 44, 45, 46, 47, 48, 49, 50, 51, 52, 53, 54, 55, 56, 57, 58, 59, 60, 61, 62, 63, 64, 65, 66, 67, 68, 69, 70, 71, 72, 73, 74, 75, 76, 77, 78, 79, 80, 81, 82, 83, 84, 85, 86, 87, 88, 89, 90, 91, 92, 93, 94, 95, 96, 97, 98, 99, 100, 101, 102, 103, 104, 105, 106, 107, 108, 109, 110, 111, 112, 113, 114, 115, 116, 117, 118, 119, 120, 121, 122, 123, 124, 125, 126, 127, 128, 129, 130, 131, 132, 133, 134, 135, 136, 137, 138, 139, 140, 141, 142, 143, 144, 145, 146, 147, 148, 149, 150, 151, 152, 153, 154, 155, 156, 157, 158, 159, 160, 161, 162, 163, 164, 165, 166, 167], 1:[], 2:[], 3:[], 4:[], 5:[], 6:[], 7:[], 8:[], 9:[], 10:[], 11:[], 12:[], 13:[], 14:[], 15:[], 16:[], 17:[], 18:[], 19:[], 20:[], 21:[], 22:[], 23:[], 24:[], 25:[], 26:[], 27:[], 28:[], 29:[], 30:[], 31:[], 32:[], 33:[], 34:[], 35:[], 36:[], 37:[], 38:[], 39:[], 40:[], 41:[], 42:[], 43:[], 44:[], 45:[], 46:[], 47:[], 48:[], 49:[], 50:[], 51:[], 52:[], 53:[], 54:[], 55:[], 56:[], 57:[], 58:[], 59:[], 60:[], 61:[], 62:[], 63:[], 64:[], 65:[], 66:[], 67:[], 68:[], 69:[], 70:[], 71:[], 72:[], 73:[], 74:[], 75:[], 76:[], 77:[], 78:[], 79:[], 80:[], 81:[], 82:[], 83:[], 84:[], 85:[], 86:[], 87:[], 88:[], 89:[], 90:[], 91:[], 92:[], 93:[], 94:[], 95:[], 96:[], 97:[], 98:[], 99:[], 100:[], 101:[], 102:[], 103:[], 104:[], 105:[], 106:[], 107:[], 108:[], 109:[], 110:[], 111:[], 112:[], 113:[], 114:[], 115:[], 116:[], 117:[], 118:[], 119:[], 120:[], 121:[], 122:[], 123:[], 124:[], 125:[], 126:[], 127:[], 128:[], 129:[], 130:[], 131:[], 132:[], 133:[], 134:[], 135:[], 136:[], 137:[], 138:[], 139:[], 140:[], 141:[], 142:[], 143:[], 144:[], 145:[], 146:[], 147:[], 148:[], 149:[], 150:[], 151:[], 152:[], 153:[], 154:[], 155:[], 156:[], 157:[], 158:[], 159:[], 160:[], 161:[], 162:[], 163:[], 164:[], 165:[], 166:[], 167:[]",50599563728,58535070274
4019,2,24112.2526,22731812,339617008,2711503286,504.7058,false,168,true,true,true,true,true,false,false,"0:[0, 1, 2, 3, 4, 5, 6, 7, 8, 9, 10, 11, 12, 13, 14, 15, 16, 17, 18, 19, 20, 21, 22, 23, 24, 25, 26, 27, 28, 29, 30, 31, 32, 33, 34, 35, 36, 37, 38, 39, 40, 41, 42, 43, 44, 45, 46, 47, 48, 49, 50, 51, 52, 53, 54, 55, 56, 57, 58, 59, 60, 61, 62, 63, 64, 65, 66, 67, 68, 69, 70, 71, 72, 73, 74, 75, 76, 77, 78, 79, 80, 81, 82, 83, 84, 85, 86, 87, 88, 89, 90, 91, 92, 93, 94, 95, 96, 97, 98, 99, 100, 101, 102, 103, 104, 105, 106, 107, 108, 109, 110, 111, 112, 113, 114, 115, 116, 117, 118, 119, 120, 121, 122, 123, 124, 125, 126, 127, 128, 129, 130, 131, 132, 133, 134, 135, 136, 137, 138, 139, 140, 141, 142, 143, 144, 145, 146, 147, 148, 149, 150, 151, 152, 153, 154, 155, 156, 157, 158, 159, 160, 161, 162, 163, 164, 165, 166, 167], 1:[], 2:[], 3:[], 4:[], 5:[], 6:[], 7:[], 8:[], 9:[], 10:[], 11:[], 12:[], 13:[], 14:[], 15:[], 16:[], 17:[], 18:[], 19:[], 20:[], 21:[], 22:[], 23:[], 24:[], 25:[], 26:[], 27:[], 28:[], 29:[], 30:[], 31:[], 32:[], 33:[], 34:[], 35:[], 36:[], 37:[], 38:[], 39:[], 40:[], 41:[], 42:[], 43:[], 44:[], 45:[], 46:[], 47:[], 48:[], 49:[], 50:[], 51:[], 52:[], 53:[], 54:[], 55:[], 56:[], 57:[], 58:[], 59:[], 60:[], 61:[], 62:[], 63:[], 64:[], 65:[], 66:[], 67:[], 68:[], 69:[], 70:[], 71:[], 72:[], 73:[], 74:[], 75:[], 76:[], 77:[], 78:[], 79:[], 80:[], 81:[], 82:[], 83:[], 84:[], 85:[], 86:[], 87:[], 88:[], 89:[], 90:[], 91:[], 92:[], 93:[], 94:[], 95:[], 96:[], 97:[], 98:[], 99:[], 100:[], 101:[], 102:[], 103:[], 104:[], 105:[], 106:[], 107:[], 108:[], 109:[], 110:[], 111:[], 112:[], 113:[], 114:[], 115:[], 116:[], 117:[], 118:[], 119:[], 120:[], 121:[], 122:[], 123:[], 124:[], 125:[], 126:[], 127:[], 128:[], 129:[], 130:[], 131:[], 132:[], 133:[], 134:[], 135:[], 136:[], 137:[], 138:[], 139:[], 140:[], 141:[], 142:[], 143:[], 144:[], 145:[], 146:[], 147:[], 148:[], 149:[], 150:[], 151:[], 152:[], 153:[], 154:[], 155:[], 156:[], 157:[], 158:[], 159:[], 160:[], 161:[], 162:[], 163:[], 164:[], 165:[], 166:[], 167:[]",50723528608,58714956528
4021,2,22242.6839,22765277,340125041,2715585007,493.8823,false,167,true,true,true,true,true,false,false,"0:[0, 1, 2, 3, 4, 5, 6, 7, 8, 9, 10, 11, 12, 13, 14, 15, 16, 17, 18, 19, 20, 21, 22, 23, 24, 25, 26, 27, 28, 29, 30, 31, 32, 33, 34, 35, 36, 37, 38, 39, 40, 41, 42, 43, 44, 45, 46, 47, 48, 49, 50, 51, 52, 53, 54, 55, 56, 57, 58, 59, 60, 61, 62, 63, 64, 65, 66, 67, 68, 69, 70, 71, 72, 73, 74, 75, 76, 77, 78, 79, 80, 81, 82, 83, 84, 85, 86, 87, 88, 89, 90, 91, 92, 93, 94, 95, 96, 97, 98, 99, 100, 101, 102, 103, 104, 105, 106, 107, 108, 109, 110, 111, 112, 113, 114, 115, 116, 117, 118, 119, 120, 121, 122, 123, 124, 125, 126, 127, 128, 129, 130, 131, 132, 133, 134, 135, 136, 137, 138, 139, 140, 141, 142, 143, 144, 145, 146, 147, 148, 149, 150, 151, 152, 153, 154, 155, 156, 157, 158, 159, 160, 161, 162, 163, 164, 165, 166], 1:[], 2:[], 3:[], 4:[], 5:[], 6:[], 7:[], 8:[], 9:[], 10:[], 11:[], 12:[], 13:[], 14:[], 15:[], 16:[], 17:[], 18:[], 19:[], 20:[], 21:[], 22:[], 23:[], 24:[], 25:[], 26:[], 27:[], 28:[], 29:[], 30:[], 31:[], 32:[], 33:[], 34:[], 35:[], 36:[], 37:[], 38:[], 39:[], 40:[], 41:[], 42:[], 43:[], 44:[], 45:[], 46:[], 47:[], 48:[], 49:[], 50:[], 51:[], 52:[], 53:[], 54:[], 55:[], 56:[], 57:[], 58:[], 59:[], 60:[], 61:[], 62:[], 63:[], 64:[], 65:[], 66:[], 67:[], 68:[], 69:[], 70:[], 71:[], 72:[], 73:[], 74:[], 75:[], 76:[], 77:[], 78:[], 79:[], 80:[], 81:[], 82:[], 83:[], 84:[], 85:[], 86:[], 87:[], 88:[], 89:[], 90:[], 91:[], 92:[], 93:[], 94:[], 95:[], 96:[], 97:[], 98:[], 99:[], 100:[], 101:[], 102:[], 103:[], 104:[], 105:[], 106:[], 107:[], 108:[], 109:[], 110:[], 111:[], 112:[], 113:[], 114:[], 115:[], 116:[], 117:[], 118:[], 119:[], 120:[], 121:[], 122:[], 123:[], 124:[], 125:[], 126:[], 127:[], 128:[], 129:[], 130:[], 131:[], 132:[], 133:[], 134:[], 135:[], 136:[], 137:[], 138:[], 139:[], 140:[], 141:[], 142:[], 143:[], 144:[], 145:[], 146:[], 147:[], 148:[], 149:[], 150:[], 151:[], 152:[], 153:[], 154:[], 155:[], 156:[], 157:[], 158:[], 159:[], 160:[], 161:[], 162:[], 163:[], 164:[], 165:[], 166:[]",50765108268,58775441025
4027,2,24516.7865,22867219,341646127,2727721585,507.9550,false,167,true,true,true,true,true,false,false,"0:[0, 1, 2, 3, 4, 5, 6, 7, 8, 9, 10, 11, 12, 13, 14, 15, 16, 17, 18, 19, 20, 21, 22, 23, 24, 25, 26, 27, 28, 29, 30, 31, 32, 33, 34, 35, 36, 37, 38, 39, 40, 41, 42, 43, 44, 45, 46, 47, 48, 49, 50, 51, 52, 53, 54, 55, 56, 57, 58, 59, 60, 61, 62, 63, 64, 65, 66, 67, 68, 69, 70, 71, 72, 73, 74, 75, 76, 77, 78, 79, 80, 81, 82, 83, 84, 85, 86, 87, 88, 89, 90, 91, 92, 93, 94, 95, 96, 97, 98, 99, 100, 101, 102, 103, 104, 105, 106, 107, 108, 109, 110, 111, 112, 113, 114, 115, 116, 117, 118, 119, 120, 121, 122, 123, 124, 125, 126, 127, 128, 129, 130, 131, 132, 133, 134, 135, 136, 137, 138, 139, 140, 141, 142, 143, 144, 145, 146, 147, 148, 149, 150, 151, 152, 153, 154, 155, 156, 157, 158, 159, 160, 161, 162, 163, 164, 165, 166], 1:[], 2:[], 3:[], 4:[], 5:[], 6:[], 7:[], 8:[], 9:[], 10:[], 11:[], 12:[], 13:[], 14:[], 15:[], 16:[], 17:[], 18:[], 19:[], 20:[], 21:[], 22:[], 23:[], 24:[], 25:[], 26:[], 27:[], 28:[], 29:[], 30:[], 31:[], 32:[], 33:[], 34:[], 35:[], 36:[], 37:[], 38:[], 39:[], 40:[], 41:[], 42:[], 43:[], 44:[], 45:[], 46:[], 47:[], 48:[], 49:[], 50:[], 51:[], 52:[], 53:[], 54:[], 55:[], 56:[], 57:[], 58:[], 59:[], 60:[], 61:[], 62:[], 63:[], 64:[], 65:[], 66:[], 67:[], 68:[], 69:[], 70:[], 71:[], 72:[], 73:[], 74:[], 75:[], 76:[], 77:[], 78:[], 79:[], 80:[], 81:[], 82:[], 83:[], 84:[], 85:[], 86:[], 87:[], 88:[], 89:[], 90:[], 91:[], 92:[], 93:[], 94:[], 95:[], 96:[], 97:[], 98:[], 99:[], 100:[], 101:[], 102:[], 103:[], 104:[], 105:[], 106:[], 107:[], 108:[], 109:[], 110:[], 111:[], 112:[], 113:[], 114:[], 115:[], 116:[], 117:[], 118:[], 119:[], 120:[], 121:[], 122:[], 123:[], 124:[], 125:[], 126:[], 127:[], 128:[], 129:[], 130:[], 131:[], 132:[], 133:[], 134:[], 135:[], 136:[], 137:[], 138:[], 139:[], 140:[], 141:[], 142:[], 143:[], 144:[], 145:[], 146:[], 147:[], 148:[], 149:[], 150:[], 151:[], 152:[], 153:[], 154:[], 155:[], 156:[], 157:[], 158:[], 159:[], 160:[], 161:[], 162:[], 163:[], 164:[], 165:[], 166:[]",50889649524,58956165631
4049,3,26856.1594,23243044,347267213,2772627724,572.7143,false,169,true,true,true,true,true,false,false,"0:[0, 1, 2, 3, 4, 5, 6, 7, 8, 9, 10, 11, 12, 13, 14, 15, 16, 17, 18, 19, 20, 21, 22, 23, 24, 25, 26, 27, 28, 29, 30, 31, 32, 33, 34, 35, 36, 37, 38, 39, 40, 41, 42, 43, 44, 45, 46, 47, 48, 49, 50, 51, 52, 53, 54, 55, 56, 57, 58, 59, 60, 61, 62, 63, 64, 65, 66, 67, 68, 69, 70, 71, 72, 73, 74, 75, 76, 77, 78, 79, 80, 81, 82, 83, 84, 85, 86, 87, 88, 89, 90, 91, 92, 93, 94, 95, 96, 97, 98, 99, 100, 101, 102, 103, 104, 105, 106, 107, 108, 109, 110, 111, 112, 113, 114, 115, 116, 117, 118, 119, 120, 121, 122, 123, 124, 125, 126, 127, 128, 129, 130, 131, 132, 133, 134, 135, 136, 137, 138, 139, 140, 141, 142, 143, 144, 145, 146, 147, 148, 149, 150, 151, 152, 153, 154, 155, 156, 157, 158, 159, 160, 161, 162, 163, 164, 165, 166, 167, 168], 1:[], 2:[], 3:[], 4:[], 5:[], 6:[], 7:[], 8:[], 9:[], 10:[], 11:[], 12:[], 13:[], 14:[], 15:[], 16:[], 17:[], 18:[], 19:[], 20:[], 21:[], 22:[], 23:[], 24:[], 25:[], 26:[], 27:[], 28:[], 29:[], 30:[], 31:[], 32:[], 33:[], 34:[], 35:[], 36:[], 37:[], 38:[], 39:[], 40:[], 41:[], 42:[], 43:[], 44:[], 45:[], 46:[], 47:[], 48:[], 49:[], 50:[], 51:[], 52:[], 53:[], 54:[], 55:[], 56:[], 57:[], 58:[], 59:[], 60:[], 61:[], 62:[], 63:[], 64:[], 65:[], 66:[], 67:[], 68:[], 69:[], 70:[], 71:[], 72:[], 73:[], 74:[], 75:[], 76:[], 77:[], 78:[], 79:[], 80:[], 81:[], 82:[], 83:[], 84:[], 85:[], 86:[], 87:[], 88:[], 89:[], 90:[], 91:[], 92:[], 93:[], 94:[], 95:[], 96:[], 97:[], 98:[], 99:[], 100:[], 101:[], 102:[], 103:[], 104:[], 105:[], 106:[], 107:[], 108:[], 109:[], 110:[], 111:[], 112:[], 113:[], 114:[], 115:[], 116:[], 117:[], 118:[], 119:[], 120:[], 121:[], 122:[], 123:[], 124:[], 125:[], 126:[], 127:[], 128:[], 129:[], 130:[], 131:[], 132:[], 133:[], 134:[], 135:[], 136:[], 137:[], 138:[], 139:[], 140:[], 141:[], 142:[], 143:[], 144:[], 145:[], 146:[], 147:[], 148:[], 149:[], 150:[], 151:[], 152:[], 153:[], 154:[], 155:[], 156:[], 157:[], 158:[], 159:[], 160:[], 161:[], 162:[], 163:[], 164:[], 165:[], 166:[], 167:[], 168:[]",51349859504,59624246033
4051,2,22482.3727,23277350,347782865,2776756568,524.6340,false,169,true,true,true,true,true,false,false,"0:[0, 1, 2, 3, 4, 5, 6, 7, 8, 9, 10, 11, 12, 13, 14, 15, 16, 17, 18, 19, 20, 21, 22, 23, 24, 25, 26, 27, 28, 29, 30, 31, 32, 33, 34, 35, 36, 37, 38, 39, 40, 41, 42, 43, 44, 45, 46, 47, 48, 49, 50, 51, 52, 53, 54, 55, 56, 57, 58, 59, 60, 61, 62, 63, 64, 65, 66, 67, 68, 69, 70, 71, 72, 73, 74, 75, 76, 77, 78, 79, 80, 81, 82, 83, 84, 85, 86, 87, 88, 89, 90, 91, 92, 93, 94, 95, 96, 97, 98, 99, 100, 101, 102, 103, 104, 105, 106, 107, 108, 109, 110, 111, 112, 113, 114, 115, 116, 117, 118, 119, 120, 121, 122, 123, 124, 125, 126, 127, 128, 129, 130, 131, 132, 133, 134, 135, 136, 137, 138, 139, 140, 141, 142, 143, 144, 145, 146, 147, 148, 149, 150, 151, 152, 153, 154, 155, 156, 157, 158, 159, 160, 161, 162, 163, 164, 165, 166, 167, 168], 1:[], 2:[], 3:[], 4:[], 5:[], 6:[], 7:[], 8:[], 9:[], 10:[], 11:[], 12:[], 13:[], 14:[], 15:[], 16:[], 17:[], 18:[], 19:[], 20:[], 21:[], 22:[], 23:[], 24:[], 25:[], 26:[], 27:[], 28:[], 29:[], 30:[], 31:[], 32:[], 33:[], 34:[], 35:[], 36:[], 37:[], 38:[], 39:[], 40:[], 41:[], 42:[], 43:[], 44:[], 45:[], 46:[], 47:[], 48:[], 49:[], 50:[], 51:[], 52:[], 53:[], 54:[], 55:[], 56:[], 57:[], 58:[], 59:[], 60:[], 61:[], 62:[], 63:[], 64:[], 65:[], 66:[], 67:[], 68:[], 69:[], 70:[], 71:[], 72:[], 73:[], 74:[], 75:[], 76:[], 77:[], 78:[], 79:[], 80:[], 81:[], 82:[], 83:[], 84:[], 85:[], 86:[], 87:[], 88:[], 89:[], 90:[], 91:[], 92:[], 93:[], 94:[], 95:[], 96:[], 97:[], 98:[], 99:[], 100:[], 101:[], 102:[], 103:[], 104:[], 105:[], 106:[], 107:[], 108:[], 109:[], 110:[], 111:[], 112:[], 113:[], 114:[], 115:[], 116:[], 117:[], 118:[], 119:[], 120:[], 121:[], 122:[], 123:[], 124:[], 125:[], 126:[], 127:[], 128:[], 129:[], 130:[], 131:[], 132:[], 133:[], 134:[], 135:[], 136:[], 137:[], 138:[], 139:[], 140:[], 141:[], 142:[], 143:[], 144:[], 145:[], 146:[], 147:[], 148:[], 149:[], 150:[], 151:[], 152:[], 153:[], 154:[], 155:[], 156:[], 157:[], 158:[], 159:[], 160:[], 161:[], 162:[], 163:[], 164:[], 165:[], 166:[], 167:[], 168:[]",51392072232,59685517597
4057,5,31387.0638,23380474,349327660,2789102453,571.5017,false,169,true,true,true,true,true,false,false,"0:[0, 1, 2, 3, 4, 5, 6, 7, 8, 9, 10, 11, 12, 13, 14, 15, 16, 17, 18, 19, 20, 21, 22, 23, 24, 25, 26, 27, 28, 29, 30, 31, 32, 33, 34, 35, 36, 37, 38, 39, 40, 41, 42, 43, 44, 45, 46, 47, 48, 49, 50, 51, 52, 53, 54, 55, 56, 57, 58, 59, 60, 61, 62, 63, 64, 65, 66, 67, 68, 69, 70, 71, 72, 73, 74, 75, 76, 77, 78, 79, 80, 81, 82, 83, 84, 85, 86, 87, 88, 89, 90, 91, 92, 93, 94, 95, 96, 97, 98, 99, 100, 101, 102, 103, 104, 105, 106, 107, 108, 109, 110, 111, 112, 113, 114, 115, 116, 117, 118, 119, 120, 121, 122, 123, 124, 125, 126, 127, 128, 129, 130, 131, 132, 133, 134, 135, 136, 137, 138, 139, 140, 141, 142, 143, 144, 145, 146, 147, 148, 149, 150, 151, 152, 153, 154, 155, 156, 157, 158, 159, 160, 161, 162, 163, 164, 165, 166, 167, 168], 1:[], 2:[], 3:[], 4:[], 5:[], 6:[], 7:[], 8:[], 9:[], 10:[], 11:[], 12:[], 13:[], 14:[], 15:[], 16:[], 17:[], 18:[], 19:[], 20:[], 21:[], 22:[], 23:[], 24:[], 25:[], 26:[], 27:[], 28:[], 29:[], 30:[], 31:[], 32:[], 33:[], 34:[], 35:[], 36:[], 37:[], 38:[], 39:[], 40:[], 41:[], 42:[], 43:[], 44:[], 45:[], 46:[], 47:[], 48:[], 49:[], 50:[], 51:[], 52:[], 53:[], 54:[], 55:[], 56:[], 57:[], 58:[], 59:[], 60:[], 61:[], 62:[], 63:[], 64:[], 65:[], 66:[], 67:[], 68:[], 69:[], 70:[], 71:[], 72:[], 73:[], 74:[], 75:[], 76:[], 77:[], 78:[], 79:[], 80:[], 81:[], 82:[], 83:[], 84:[], 85:[], 86:[], 87:[], 88:[], 89:[], 90:[], 91:[], 92:[], 93:[], 94:[], 95:[], 96:[], 97:[], 98:[], 99:[], 100:[], 101:[], 102:[], 103:[], 104:[], 105:[], 106:[], 107:[], 108:[], 109:[], 110:[], 111:[], 112:[], 113:[], 114:[], 115:[], 116:[], 117:[], 118:[], 119:[], 120:[], 121:[], 122:[], 123:[], 124:[], 125:[], 126:[], 127:[], 128:[], 129:[], 130:[], 131:[], 132:[], 133:[], 134:[], 135:[], 136:[], 137:[], 138:[], 139:[], 140:[], 141:[], 142:[], 143:[], 144:[], 145:[], 146:[], 147:[], 148:[], 149:[], 150:[], 151:[], 152:[], 153:[], 154:[], 155:[], 156:[], 157:[], 158:[], 159:[], 160:[], 161:[], 162:[], 163:[], 164:[], 165:[], 166:[], 167:[], 168:[]",51518543304,59869177348
4073,3,30632.8504,23657642,353471947,2822212793,649.6639,false,169,true,true,true,true,true,false,false,"0:[0, 1, 2, 3, 4, 5, 6, 7, 8, 9, 10, 11, 12, 13, 14, 15, 16, 17, 18, 19, 20, 21, 22, 23, 24, 25, 26, 27, 28, 29, 30, 31, 32, 33, 34, 35, 36, 37, 38, 39, 40, 41, 42, 43, 44, 45, 46, 47, 48, 49, 50, 51, 52, 53, 54, 55, 56, 57, 58, 59, 60, 61, 62, 63, 64, 65, 66, 67, 68, 69, 70, 71, 72, 73, 74, 75, 76, 77, 78, 79, 80, 81, 82, 83, 84, 85, 86, 87, 88, 89, 90, 91, 92, 93, 94, 95, 96, 97, 98, 99, 100, 101, 102, 103, 104, 105, 106, 107, 108, 109, 110, 111, 112, 113, 114, 115, 116, 117, 118, 119, 120, 121, 122, 123, 124, 125, 126, 127, 128, 129, 130, 131, 132, 133, 134, 135, 136, 137, 138, 139, 140, 141, 142, 143, 144, 145, 146, 147, 148, 149, 150, 151, 152, 153, 154, 155, 156, 157, 158, 159, 160, 161, 162, 163, 164, 165, 166, 167, 168], 1:[], 2:[], 3:[], 4:[], 5:[], 6:[], 7:[], 8:[], 9:[], 10:[], 11:[], 12:[], 13:[], 14:[], 15:[], 16:[], 17:[], 18:[], 19:[], 20:[], 21:[], 22:[], 23:[], 24:[], 25:[], 26:[], 27:[], 28:[], 29:[], 30:[], 31:[], 32:[], 33:[], 34:[], 35:[], 36:[], 37:[], 38:[], 39:[], 40:[], 41:[], 42:[], 43:[], 44:[], 45:[], 46:[], 47:[], 48:[], 49:[], 50:[], 51:[], 52:[], 53:[], 54:[], 55:[], 56:[], 57:[], 58:[], 59:[], 60:[], 61:[], 62:[], 63:[], 64:[], 65:[], 66:[], 67:[], 68:[], 69:[], 70:[], 71:[], 72:[], 73:[], 74:[], 75:[], 76:[], 77:[], 78:[], 79:[], 80:[], 81:[], 82:[], 83:[], 84:[], 85:[], 86:[], 87:[], 88:[], 89:[], 90:[], 91:[], 92:[], 93:[], 94:[], 95:[], 96:[], 97:[], 98:[], 99:[], 100:[], 101:[], 102:[], 103:[], 104:[], 105:[], 106:[], 107:[], 108:[], 109:[], 110:[], 111:[], 112:[], 113:[], 114:[], 115:[], 116:[], 117:[], 118:[], 119:[], 120:[], 121:[], 122:[], 123:[], 124:[], 125:[], 126:[], 127:[], 128:[], 129:[], 130:[], 131:[], 132:[], 133:[], 134:[], 135:[], 136:[], 137:[], 138:[], 139:[], 140:[], 141:[], 142:[], 143:[], 144:[], 145:[], 146:[], 147:[], 148:[], 149:[], 150:[], 151:[], 152:[], 153:[], 154:[], 155:[], 156:[], 157:[], 158:[], 159:[], 160:[], 161:[], 162:[], 163:[], 164:[], 165:[], 166:[], 167:[], 168:[]",51857846968,60361678767
4079,11,28629.7949,23762228,355031476,2834649998,539.8804,false,169,true,true,true,true,true,false,false,"0:[0, 1, 2, 3, 4, 5, 6, 7, 8, 9, 10, 11, 12, 13, 14, 15, 16, 17, 18, 19, 20, 21, 22, 23, 24, 25, 26, 27, 28, 29, 30, 31, 32, 33, 34, 35, 36, 37, 38, 39, 40, 41, 42, 43, 44, 45, 46, 47, 48, 49, 50, 51, 52, 53, 54, 55, 56, 57, 58, 59, 60, 61, 62, 63, 64, 65, 66, 67, 68, 69, 70, 71, 72, 73, 74, 75, 76, 77, 78, 79, 80, 81, 82, 83, 84, 85, 86, 87, 88, 89, 90, 91, 92, 93, 94, 95, 96, 97, 98, 99, 100, 101, 102, 103, 104, 105, 106, 107, 108, 109, 110, 111, 112, 113, 114, 115, 116, 117, 118, 119, 120, 121, 122, 123, 124, 125, 126, 127, 128, 129, 130, 131, 132, 133, 134, 135, 136, 137, 138, 139, 140, 141, 142, 143, 144, 145, 146, 147, 148, 149, 150, 151, 152, 153, 154, 155, 156, 157, 158, 159, 160, 161, 162, 163, 164, 165, 166, 167, 168], 1:[], 2:[], 3:[], 4:[], 5:[], 6:[], 7:[], 8:[], 9:[], 10:[], 11:[], 12:[], 13:[], 14:[], 15:[], 16:[], 17:[], 18:[], 19:[], 20:[], 21:[], 22:[], 23:[], 24:[], 25:[], 26:[], 27:[], 28:[], 29:[], 30:[], 31:[], 32:[], 33:[], 34:[], 35:[], 36:[], 37:[], 38:[], 39:[], 40:[], 41:[], 42:[], 43:[], 44:[], 45:[], 46:[], 47:[], 48:[], 49:[], 50:[], 51:[], 52:[], 53:[], 54:[], 55:[], 56:[], 57:[], 58:[], 59:[], 60:[], 61:[], 62:[], 63:[], 64:[], 65:[], 66:[], 67:[], 68:[], 69:[], 70:[], 71:[], 72:[], 73:[], 74:[], 75:[], 76:[], 77:[], 78:[], 79:[], 80:[], 81:[], 82:[], 83:[], 84:[], 85:[], 86:[], 87:[], 88:[], 89:[], 90:[], 91:[], 92:[], 93:[], 94:[], 95:[], 96:[], 97:[], 98:[], 99:[], 100:[], 101:[], 102:[], 103:[], 104:[], 105:[], 106:[], 107:[], 108:[], 109:[], 110:[], 111:[], 112:[], 113:[], 114:[], 115:[], 116:[], 117:[], 118:[], 119:[], 120:[], 121:[], 122:[], 123:[], 124:[], 125:[], 126:[], 127:[], 128:[], 129:[], 130:[], 131:[], 132:[], 133:[], 134:[], 135:[], 136:[], 137:[], 138:[], 139:[], 140:[], 141:[], 142:[], 143:[], 144:[], 145:[], 146:[], 147:[], 148:[], 149:[], 150:[], 151:[], 152:[], 153:[], 154:[], 155:[], 156:[], 157:[], 158:[], 159:[], 160:[], 161:[], 162:[], 163:[], 164:[], 165:[], 166:[], 167:[], 168:[]",51985537696,60546972868
4091,2,23446.3254,23971977,358169521,2859721584,538.7058,false,171,true,true,true,true,true,false,false,"0:[0, 1, 2, 3, 4, 5, 6, 7, 8, 9, 10, 11, 12, 13, 14, 15, 16, 17, 18, 19, 20, 21, 22, 23, 24, 25, 26, 27, 28, 29, 30, 31, 32, 33, 34, 35, 36, 37, 38, 39, 40, 41, 42, 43, 44, 45, 46, 47, 48, 49, 50, 51, 52, 53, 54, 55, 56, 57, 58, 59, 60, 61, 62, 63, 64, 65, 66, 67, 68, 69, 70, 71, 72, 73, 74, 75, 76, 77, 78, 79, 80, 81, 82, 83, 84, 85, 86, 87, 88, 89, 90, 91, 92, 93, 94, 95, 96, 97, 98, 99, 100, 101, 102, 103, 104, 105, 106, 107, 108, 109, 110, 111, 112, 113, 114, 115, 116, 117, 118, 119, 120, 121, 122, 123, 124, 125, 126, 127, 128, 129, 130, 131, 132, 133, 134, 135, 136, 137, 138, 139, 140, 141, 142, 143, 144, 145, 146, 147, 148, 149, 150, 151, 152, 153, 154, 155, 156, 157, 158, 159, 160, 161, 162, 163, 164, 165, 166, 167, 168, 169, 170], 1:[], 2:[], 3:[], 4:[], 5:[], 6:[], 7:[], 8:[], 9:[], 10:[], 11:[], 12:[], 13:[], 14:[], 15:[], 16:[], 17:[], 18:[], 19:[], 20:[], 21:[], 22:[], 23:[], 24:[], 25:[], 26:[], 27:[], 28:[], 29:[], 30:[], 31:[], 32:[], 33:[], 34:[], 35:[], 36:[], 37:[], 38:[], 39:[], 40:[], 41:[], 42:[], 43:[], 44:[], 45:[], 46:[], 47:[], 48:[], 49:[], 50:[], 51:[], 52:[], 53:[], 54:[], 55:[], 56:[], 57:[], 58:[], 59:[], 60:[], 61:[], 62:[], 63:[], 64:[], 65:[], 66:[], 67:[], 68:[], 69:[], 70:[], 71:[], 72:[], 73:[], 74:[], 75:[], 76:[], 77:[], 78:[], 79:[], 80:[], 81:[], 82:[], 83:[], 84:[], 85:[], 86:[], 87:[], 88:[], 89:[], 90:[], 91:[], 92:[], 93:[], 94:[], 95:[], 96:[], 97:[], 98:[], 99:[], 100:[], 101:[], 102:[], 103:[], 104:[], 105:[], 106:[], 107:[], 108:[], 109:[], 110:[], 111:[], 112:[], 113:[], 114:[], 115:[], 116:[], 117:[], 118:[], 119:[], 120:[], 121:[], 122:[], 123:[], 124:[], 125:[], 126:[], 127:[], 128:[], 129:[], 130:[], 131:[], 132:[], 133:[], 134:[], 135:[], 136:[], 137:[], 138:[], 139:[], 140:[], 141:[], 142:[], 143:[], 144:[], 145:[], 146:[], 147:[], 148:[], 149:[], 150:[], 151:[], 152:[], 153:[], 154:[], 155:[], 156:[], 157:[], 158:[], 159:[], 160:[], 161:[], 162:[], 163:[], 164:[], 165:[], 166:[], 167:[], 168:[], 169:[], 170:[]",52242454268,60919931313
4093,2,26692.0157,24006656,358694869,2863936167,541.2551,false,171,true,true,true,true,true,false,false,"0:[0, 1, 2, 3, 4, 5, 6, 7, 8, 9, 10, 11, 12, 13, 14, 15, 16, 17, 18, 19, 20, 21, 22, 23, 24, 25, 26, 27, 28, 29, 30, 31, 32, 33, 34, 35, 36, 37, 38, 39, 40, 41, 42, 43, 44, 45, 46, 47, 48, 49, 50, 51, 52, 53, 54, 55, 56, 57, 58, 59, 60, 61, 62, 63, 64, 65, 66, 67, 68, 69, 70, 71, 72, 73, 74, 75, 76, 77, 78, 79, 80, 81, 82, 83, 84, 85, 86, 87, 88, 89, 90, 91, 92, 93, 94, 95, 96, 97, 98, 99, 100, 101, 102, 103, 104, 105, 106, 107, 108, 109, 110, 111, 112, 113, 114, 115, 116, 117, 118, 119, 120, 121, 122, 123, 124, 125, 126, 127, 128, 129, 130, 131, 132, 133, 134, 135, 136, 137, 138, 139, 140, 141, 142, 143, 144, 145, 146, 147, 148, 149, 150, 151, 152, 153, 154, 155, 156, 157, 158, 159, 160, 161, 162, 163, 164, 165, 166, 167, 168, 169, 170], 1:[], 2:[], 3:[], 4:[], 5:[], 6:[], 7:[], 8:[], 9:[], 10:[], 11:[], 12:[], 13:[], 14:[], 15:[], 16:[], 17:[], 18:[], 19:[], 20:[], 21:[], 22:[], 23:[], 24:[], 25:[], 26:[], 27:[], 28:[], 29:[], 30:[], 31:[], 32:[], 33:[], 34:[], 35:[], 36:[], 37:[], 38:[], 39:[], 40:[], 41:[], 42:[], 43:[], 44:[], 45:[], 46:[], 47:[], 48:[], 49:[], 50:[], 51:[], 52:[], 53:[], 54:[], 55:[], 56:[], 57:[], 58:[], 59:[], 60:[], 61:[], 62:[], 63:[], 64:[], 65:[], 66:[], 67:[], 68:[], 69:[], 70:[], 71:[], 72:[], 73:[], 74:[], 75:[], 76:[], 77:[], 78:[], 79:[], 80:[], 81:[], 82:[], 83:[], 84:[], 85:[], 86:[], 87:[], 88:[], 89:[], 90:[], 91:[], 92:[], 93:[], 94:[], 95:[], 96:[], 97:[], 98:[], 99:[], 100:[], 101:[], 102:[], 103:[], 104:[], 105:[], 106:[], 107:[], 108:[], 109:[], 110:[], 111:[], 112:[], 113:[], 114:[], 115:[], 116:[], 117:[], 118:[], 119:[], 120:[], 121:[], 122:[], 123:[], 124:[], 125:[], 126:[], 127:[], 128:[], 129:[], 130:[], 131:[], 132:[], 133:[], 134:[], 135:[], 136:[], 137:[], 138:[], 139:[], 140:[], 141:[], 142:[], 143:[], 144:[], 145:[], 146:[], 147:[], 148:[], 149:[], 150:[], 151:[], 152:[], 153:[], 154:[], 155:[], 156:[], 157:[], 158:[], 159:[], 160:[], 161:[], 162:[], 163:[], 164:[], 165:[], 166:[], 167:[], 168:[], 169:[], 170:[]",52285453120,60982477545
4099,2,21684.9582,24112266,360274899,2876568063,540.5700,false,171,true,true,true,true,true,false,false,"0:[0, 1, 2, 3, 4, 5, 6, 7, 8, 9, 10, 11, 12, 13, 14, 15, 16, 17, 18, 19, 20, 21, 22, 23, 24, 25, 26, 27, 28, 29, 30, 31, 32, 33, 34, 35, 36, 37, 38, 39, 40, 41, 42, 43, 44, 45, 46, 47, 48, 49, 50, 51, 52, 53, 54, 55, 56, 57, 58, 59, 60, 61, 62, 63, 64, 65, 66, 67, 68, 69, 70, 71, 72, 73, 74, 75, 76, 77, 78, 79, 80, 81, 82, 83, 84, 85, 86, 87, 88, 89, 90, 91, 92, 93, 94, 95, 96, 97, 98, 99, 100, 101, 102, 103, 104, 105, 106, 107, 108, 109, 110, 111, 112, 113, 114, 115, 116, 117, 118, 119, 120, 121, 122, 123, 124, 125, 126, 127, 128, 129, 130, 131, 132, 133, 134, 135, 136, 137, 138, 139, 140, 141, 142, 143, 144, 145, 146, 147, 148, 149, 150, 151, 152, 153, 154, 155, 156, 157, 158, 159, 160, 161, 162, 163, 164, 165, 166, 167, 168, 169, 170], 1:[], 2:[], 3:[], 4:[], 5:[], 6:[], 7:[], 8:[], 9:[], 10:[], 11:[], 12:[], 13:[], 14:[], 15:[], 16:[], 17:[], 18:[], 19:[], 20:[], 21:[], 22:[], 23:[], 24:[], 25:[], 26:[], 27:[], 28:[], 29:[], 30:[], 31:[], 32:[], 33:[], 34:[], 35:[], 36:[], 37:[], 38:[], 39:[], 40:[], 41:[], 42:[], 43:[], 44:[], 45:[], 46:[], 47:[], 48:[], 49:[], 50:[], 51:[], 52:[], 53:[], 54:[], 55:[], 56:[], 57:[], 58:[], 59:[], 60:[], 61:[], 62:[], 63:[], 64:[], 65:[], 66:[], 67:[], 68:[], 69:[], 70:[], 71:[], 72:[], 73:[], 74:[], 75:[], 76:[], 77:[], 78:[], 79:[], 80:[], 81:[], 82:[], 83:[], 84:[], 85:[], 86:[], 87:[], 88:[], 89:[], 90:[], 91:[], 92:[], 93:[], 94:[], 95:[], 96:[], 97:[], 98:[], 99:[], 100:[], 101:[], 102:[], 103:[], 104:[], 105:[], 106:[], 107:[], 108:[], 109:[], 110:[], 111:[], 112:[], 113:[], 114:[], 115:[], 116:[], 117:[], 118:[], 119:[], 120:[], 121:[], 122:[], 123:[], 124:[], 125:[], 126:[], 127:[], 128:[], 129:[], 130:[], 131:[], 132:[], 133:[], 134:[], 135:[], 136:[], 137:[], 138:[], 139:[], 140:[], 141:[], 142:[], 143:[], 144:[], 145:[], 146:[], 147:[], 148:[], 149:[], 150:[], 151:[], 152:[], 153:[], 154:[], 155:[], 156:[], 157:[], 158:[], 159:[], 160:[], 161:[], 162:[], 163:[], 164:[], 165:[], 166:[], 167:[], 168:[], 169:[], 170:[]",52414812600,61170199895
4111,3,23965.8802,24324068,363443703,2901885600,546.7499,false,171,true,true,true,true,true,false,false,"0:[0, 1, 2, 3, 4, 5, 6, 7, 8, 9, 10, 11, 12, 13, 14, 15, 16, 17, 18, 19, 20, 21, 22, 23, 24, 25, 26, 27, 28, 29, 30, 31, 32, 33, 34, 35, 36, 37, 38, 39, 40, 41, 42, 43, 44, 45, 46, 47, 48, 49, 50, 51, 52, 53, 54, 55, 56, 57, 58, 59, 60, 61, 62, 63, 64, 65, 66, 67, 68, 69, 70, 71, 72, 73, 74, 75, 76, 77, 78, 79, 80, 81, 82, 83, 84, 85, 86, 87, 88, 89, 90, 91, 92, 93, 94, 95, 96, 97, 98, 99, 100, 101, 102, 103, 104, 105, 106, 107, 108, 109, 110, 111, 112, 113, 114, 115, 116, 117, 118, 119, 120, 121, 122, 123, 124, 125, 126, 127, 128, 129, 130, 131, 132, 133, 134, 135, 136, 137, 138, 139, 140, 141, 142, 143, 144, 145, 146, 147, 148, 149, 150, 151, 152, 153, 154, 155, 156, 157, 158, 159, 160, 161, 162, 163, 164, 165, 166, 167, 168, 169, 170], 1:[], 2:[], 3:[], 4:[], 5:[], 6:[], 7:[], 8:[], 9:[], 10:[], 11:[], 12:[], 13:[], 14:[], 15:[], 16:[], 17:[], 18:[], 19:[], 20:[], 21:[], 22:[], 23:[], 24:[], 25:[], 26:[], 27:[], 28:[], 29:[], 30:[], 31:[], 32:[], 33:[], 34:[], 35:[], 36:[], 37:[], 38:[], 39:[], 40:[], 41:[], 42:[], 43:[], 44:[], 45:[], 46:[], 47:[], 48:[], 49:[], 50:[], 51:[], 52:[], 53:[], 54:[], 55:[], 56:[], 57:[], 58:[], 59:[], 60:[], 61:[], 62:[], 63:[], 64:[], 65:[], 66:[], 67:[], 68:[], 69:[], 70:[], 71:[], 72:[], 73:[], 74:[], 75:[], 76:[], 77:[], 78:[], 79:[], 80:[], 81:[], 82:[], 83:[], 84:[], 85:[], 86:[], 87:[], 88:[], 89:[], 90:[], 91:[], 92:[], 93:[], 94:[], 95:[], 96:[], 97:[], 98:[], 99:[], 100:[], 101:[], 102:[], 103:[], 104:[], 105:[], 106:[], 107:[], 108:[], 109:[], 110:[], 111:[], 112:[], 113:[], 114:[], 115:[], 116:[], 117:[], 118:[], 119:[], 120:[], 121:[], 122:[], 123:[], 124:[], 125:[], 126:[], 127:[], 128:[], 129:[], 130:[], 131:[], 132:[], 133:[], 134:[], 135:[], 136:[], 137:[], 138:[], 139:[], 140:[], 141:[], 142:[], 143:[], 144:[], 145:[], 146:[], 147:[], 148:[], 149:[], 150:[], 151:[], 152:[], 153:[], 154:[], 155:[], 156:[], 157:[], 158:[], 159:[], 160:[], 161:[], 162:[], 163:[], 164:[], 165:[], 166:[], 167:[], 168:[], 169:[], 170:[]",52674247376,61546814339
4127,5,24429.1183,24608626,367697560,2935865241,546.7887,false,172,true,true,true,true,true,false,false,"0:[0, 1, 2, 3, 4, 5, 6, 7, 8, 9, 10, 11, 12, 13, 14, 15, 16, 17, 18, 19, 20, 21, 22, 23, 24, 25, 26, 27, 28, 29, 30, 31, 32, 33, 34, 35, 36, 37, 38, 39, 40, 41, 42, 43, 44, 45, 46, 47, 48, 49, 50, 51, 52, 53, 54, 55, 56, 57, 58, 59, 60, 61, 62, 63, 64, 65, 66, 67, 68, 69, 70, 71, 72, 73, 74, 75, 76, 77, 78, 79, 80, 81, 82, 83, 84, 85, 86, 87, 88, 89, 90, 91, 92, 93, 94, 95, 96, 97, 98, 99, 100, 101, 102, 103, 104, 105, 106, 107, 108, 109, 110, 111, 112, 113, 114, 115, 116, 117, 118, 119, 120, 121, 122, 123, 124, 125, 126, 127, 128, 129, 130, 131, 132, 133, 134, 135, 136, 137, 138, 139, 140, 141, 142, 143, 144, 145, 146, 147, 148, 149, 150, 151, 152, 153, 154, 155, 156, 157, 158, 159, 160, 161, 162, 163, 164, 165, 166, 167, 168, 169, 170, 171], 1:[], 2:[], 3:[], 4:[], 5:[], 6:[], 7:[], 8:[], 9:[], 10:[], 11:[], 12:[], 13:[], 14:[], 15:[], 16:[], 17:[], 18:[], 19:[], 20:[], 21:[], 22:[], 23:[], 24:[], 25:[], 26:[], 27:[], 28:[], 29:[], 30:[], 31:[], 32:[], 33:[], 34:[], 35:[], 36:[], 37:[], 38:[], 39:[], 40:[], 41:[], 42:[], 43:[], 44:[], 45:[], 46:[], 47:[], 48:[], 49:[], 50:[], 51:[], 52:[], 53:[], 54:[], 55:[], 56:[], 57:[], 58:[], 59:[], 60:[], 61:[], 62:[], 63:[], 64:[], 65:[], 66:[], 67:[], 68:[], 69:[], 70:[], 71:[], 72:[], 73:[], 74:[], 75:[], 76:[], 77:[], 78:[], 79:[], 80:[], 81:[], 82:[], 83:[], 84:[], 85:[], 86:[], 87:[], 88:[], 89:[], 90:[], 91:[], 92:[], 93:[], 94:[], 95:[], 96:[], 97:[], 98:[], 99:[], 100:[], 101:[], 102:[], 103:[], 104:[], 105:[], 106:[], 107:[], 108:[], 109:[], 110:[], 111:[], 112:[], 113:[], 114:[], 115:[], 116:[], 117:[], 118:[], 119:[], 120:[], 121:[], 122:[], 123:[], 124:[], 125:[], 126:[], 127:[], 128:[], 129:[], 130:[], 131:[], 132:[], 133:[], 134:[], 135:[], 136:[], 137:[], 138:[], 139:[], 140:[], 141:[], 142:[], 143:[], 144:[], 145:[], 146:[], 147:[], 148:[], 149:[], 150:[], 151:[], 152:[], 153:[], 154:[], 155:[], 156:[], 157:[], 158:[], 159:[], 160:[], 161:[], 162:[], 163:[], 164:[], 165:[], 166:[], 167:[], 168:[], 169:[], 170:[], 171:[]",53022523560,62052339136
4129,7,29532.6999,24643920,368231110,2940139187,567.1993,false,173,true,true,true,true,true,false,false,"0:[0, 1, 2, 3, 4, 5, 6, 7, 8, 9, 10, 11, 12, 13, 14, 15, 16, 17, 18, 19, 20, 21, 22, 23, 24, 25, 26, 27, 28, 29, 30, 31, 32, 33, 34, 35, 36, 37, 38, 39, 40, 41, 42, 43, 44, 45, 46, 47, 48, 49, 50, 51, 52, 53, 54, 55, 56, 57, 58, 59, 60, 61, 62, 63, 64, 65, 66, 67, 68, 69, 70, 71, 72, 73, 74, 75, 76, 77, 78, 79, 80, 81, 82, 83, 84, 85, 86, 87, 88, 89, 90, 91, 92, 93, 94, 95, 96, 97, 98, 99, 100, 101, 102, 103, 104, 105, 106, 107, 108, 109, 110, 111, 112, 113, 114, 115, 116, 117, 118, 119, 120, 121, 122, 123, 124, 125, 126, 127, 128, 129, 130, 131, 132, 133, 134, 135, 136, 137, 138, 139, 140, 141, 142, 143, 144, 145, 146, 147, 148, 149, 150, 151, 152, 153, 154, 155, 156, 157, 158, 159, 160, 161, 162, 163, 164, 165, 166, 167, 168, 169, 170, 171, 172], 1:[], 2:[], 3:[], 4:[], 5:[], 6:[], 7:[], 8:[], 9:[], 10:[], 11:[], 12:[], 13:[], 14:[], 15:[], 16:[], 17:[], 18:[], 19:[], 20:[], 21:[], 22:[], 23:[], 24:[], 25:[], 26:[], 27:[], 28:[], 29:[], 30:[], 31:[], 32:[], 33:[], 34:[], 35:[], 36:[], 37:[], 38:[], 39:[], 40:[], 41:[], 42:[], 43:[], 44:[], 45:[], 46:[], 47:[], 48:[], 49:[], 50:[], 51:[], 52:[], 53:[], 54:[], 55:[], 56:[], 57:[], 58:[], 59:[], 60:[], 61:[], 62:[], 63:[], 64:[], 65:[], 66:[], 67:[], 68:[], 69:[], 70:[], 71:[], 72:[], 73:[], 74:[], 75:[], 76:[], 77:[], 78:[], 79:[], 80:[], 81:[], 82:[], 83:[], 84:[], 85:[], 86:[], 87:[], 88:[], 89:[], 90:[], 91:[], 92:[], 93:[], 94:[], 95:[], 96:[], 97:[], 98:[], 99:[], 100:[], 101:[], 102:[], 103:[], 104:[], 105:[], 106:[], 107:[], 108:[], 109:[], 110:[], 111:[], 112:[], 113:[], 114:[], 115:[], 116:[], 117:[], 118:[], 119:[], 120:[], 121:[], 122:[], 123:[], 124:[], 125:[], 126:[], 127:[], 128:[], 129:[], 130:[], 131:[], 132:[], 133:[], 134:[], 135:[], 136:[], 137:[], 138:[], 139:[], 140:[], 141:[], 142:[], 143:[], 144:[], 145:[], 146:[], 147:[], 148:[], 149:[], 150:[], 151:[], 152:[], 153:[], 154:[], 155:[], 156:[], 157:[], 158:[], 159:[], 160:[], 161:[], 162:[], 163:[], 164:[], 165:[], 166:[], 167:[], 168:[], 169:[], 170:[], 171:[], 172:[]",53066195792,62115862542
4133,2,23940.6323,24715645,369300785,2948678694,637.5068,false,173,true,true,true,true,true,false,false,"0:[0, 1, 2, 3, 4, 5, 6, 7, 8, 9, 10, 11, 12, 13, 14, 15, 16, 17, 18, 19, 20, 21, 22, 23, 24, 25, 26, 27, 28, 29, 30, 31, 32, 33, 34, 35, 36, 37, 38, 39, 40, 41, 42, 43, 44, 45, 46, 47, 48, 49, 50, 51, 52, 53, 54, 55, 56, 57, 58, 59, 60, 61, 62, 63, 64, 65, 66, 67, 68, 69, 70, 71, 72, 73, 74, 75, 76, 77, 78, 79, 80, 81, 82, 83, 84, 85, 86, 87, 88, 89, 90, 91, 92, 93, 94, 95, 96, 97, 98, 99, 100, 101, 102, 103, 104, 105, 106, 107, 108, 109, 110, 111, 112, 113, 114, 115, 116, 117, 118, 119, 120, 121, 122, 123, 124, 125, 126, 127, 128, 129, 130, 131, 132, 133, 134, 135, 136, 137, 138, 139, 140, 141, 142, 143, 144, 145, 146, 147, 148, 149, 150, 151, 152, 153, 154, 155, 156, 157, 158, 159, 160, 161, 162, 163, 164, 165, 166, 167, 168, 169, 170, 171, 172], 1:[], 2:[], 3:[], 4:[], 5:[], 6:[], 7:[], 8:[], 9:[], 10:[], 11:[], 12:[], 13:[], 14:[], 15:[], 16:[], 17:[], 18:[], 19:[], 20:[], 21:[], 22:[], 23:[], 24:[], 25:[], 26:[], 27:[], 28:[], 29:[], 30:[], 31:[], 32:[], 33:[], 34:[], 35:[], 36:[], 37:[], 38:[], 39:[], 40:[], 41:[], 42:[], 43:[], 44:[], 45:[], 46:[], 47:[], 48:[], 49:[], 50:[], 51:[], 52:[], 53:[], 54:[], 55:[], 56:[], 57:[], 58:[], 59:[], 60:[], 61:[], 62:[], 63:[], 64:[], 65:[], 66:[], 67:[], 68:[], 69:[], 70:[], 71:[], 72:[], 73:[], 74:[], 75:[], 76:[], 77:[], 78:[], 79:[], 80:[], 81:[], 82:[], 83:[], 84:[], 85:[], 86:[], 87:[], 88:[], 89:[], 90:[], 91:[], 92:[], 93:[], 94:[], 95:[], 96:[], 97:[], 98:[], 99:[], 100:[], 101:[], 102:[], 103:[], 104:[], 105:[], 106:[], 107:[], 108:[], 109:[], 110:[], 111:[], 112:[], 113:[], 114:[], 115:[], 116:[], 117:[], 118:[], 119:[], 120:[], 121:[], 122:[], 123:[], 124:[], 125:[], 126:[], 127:[], 128:[], 129:[], 130:[], 131:[], 132:[], 133:[], 134:[], 135:[], 136:[], 137:[], 138:[], 139:[], 140:[], 141:[], 142:[], 143:[], 144:[], 145:[], 146:[], 147:[], 148:[], 149:[], 150:[], 151:[], 152:[], 153:[], 154:[], 155:[], 156:[], 157:[], 158:[], 159:[], 160:[], 161:[], 162:[], 163:[], 164:[], 165:[], 166:[], 167:[], 168:[], 169:[], 170:[], 171:[], 172:[]",53153778092,62242946017
4139,2,23184.8508,24823321,370907638,2961500524,569.5774,false,173,true,true,true,true,true,false,false,"0:[0, 1, 2, 3, 4, 5, 6, 7, 8, 9, 10, 11, 12, 13, 14, 15, 16, 17, 18, 19, 20, 21, 22, 23, 24, 25, 26, 27, 28, 29, 30, 31, 32, 33, 34, 35, 36, 37, 38, 39, 40, 41, 42, 43, 44, 45, 46, 47, 48, 49, 50, 51, 52, 53, 54, 55, 56, 57, 58, 59, 60, 61, 62, 63, 64, 65, 66, 67, 68, 69, 70, 71, 72, 73, 74, 75, 76, 77, 78, 79, 80, 81, 82, 83, 84, 85, 86, 87, 88, 89, 90, 91, 92, 93, 94, 95, 96, 97, 98, 99, 100, 101, 102, 103, 104, 105, 106, 107, 108, 109, 110, 111, 112, 113, 114, 115, 116, 117, 118, 119, 120, 121, 122, 123, 124, 125, 126, 127, 128, 129, 130, 131, 132, 133, 134, 135, 136, 137, 138, 139, 140, 141, 142, 143, 144, 145, 146, 147, 148, 149, 150, 151, 152, 153, 154, 155, 156, 157, 158, 159, 160, 161, 162, 163, 164, 165, 166, 167, 168, 169, 170, 171, 172], 1:[], 2:[], 3:[], 4:[], 5:[], 6:[], 7:[], 8:[], 9:[], 10:[], 11:[], 12:[], 13:[], 14:[], 15:[], 16:[], 17:[], 18:[], 19:[], 20:[], 21:[], 22:[], 23:[], 24:[], 25:[], 26:[], 27:[], 28:[], 29:[], 30:[], 31:[], 32:[], 33:[], 34:[], 35:[], 36:[], 37:[], 38:[], 39:[], 40:[], 41:[], 42:[], 43:[], 44:[], 45:[], 46:[], 47:[], 48:[], 49:[], 50:[], 51:[], 52:[], 53:[], 54:[], 55:[], 56:[], 57:[], 58:[], 59:[], 60:[], 61:[], 62:[], 63:[], 64:[], 65:[], 66:[], 67:[], 68:[], 69:[], 70:[], 71:[], 72:[], 73:[], 74:[], 75:[], 76:[], 77:[], 78:[], 79:[], 80:[], 81:[], 82:[], 83:[], 84:[], 85:[], 86:[], 87:[], 88:[], 89:[], 90:[], 91:[], 92:[], 93:[], 94:[], 95:[], 96:[], 97:[], 98:[], 99:[], 100:[], 101:[], 102:[], 103:[], 104:[], 105:[], 106:[], 107:[], 108:[], 109:[], 110:[], 111:[], 112:[], 113:[], 114:[], 115:[], 116:[], 117:[], 118:[], 119:[], 120:[], 121:[], 122:[], 123:[], 124:[], 125:[], 126:[], 127:[], 128:[], 129:[], 130:[], 131:[], 132:[], 133:[], 134:[], 135:[], 136:[], 137:[], 138:[], 139:[], 140:[], 141:[], 142:[], 143:[], 144:[], 145:[], 146:[], 147:[], 148:[], 149:[], 150:[], 151:[], 152:[], 153:[], 154:[], 155:[], 156:[], 157:[], 158:[], 159:[], 160:[], 161:[], 162:[], 163:[], 164:[], 165:[], 166:[], 167:[], 168:[], 169:[], 170:[], 171:[], 172:[]",53285341260,62433862746
4153,5,28513.8068,25074966,374679207,2991651594,572.3280,false,173,true,true,true,true,true,false,false,"0:[0, 1, 2, 3, 4, 5, 6, 7, 8, 9, 10, 11, 12, 13, 14, 15, 16, 17, 18, 19, 20, 21, 22, 23, 24, 25, 26, 27, 28, 29, 30, 31, 32, 33, 34, 35, 36, 37, 38, 39, 40, 41, 42, 43, 44, 45, 46, 47, 48, 49, 50, 51, 52, 53, 54, 55, 56, 57, 58, 59, 60, 61, 62, 63, 64, 65, 66, 67, 68, 69, 70, 71, 72, 73, 74, 75, 76, 77, 78, 79, 80, 81, 82, 83, 84, 85, 86, 87, 88, 89, 90, 91, 92, 93, 94, 95, 96, 97, 98, 99, 100, 101, 102, 103, 104, 105, 106, 107, 108, 109, 110, 111, 112, 113, 114, 115, 116, 117, 118, 119, 120, 121, 122, 123, 124, 125, 126, 127, 128, 129, 130, 131, 132, 133, 134, 135, 136, 137, 138, 139, 140, 141, 142, 143, 144, 145, 146, 147, 148, 149, 150, 151, 152, 153, 154, 155, 156, 157, 158, 159, 160, 161, 162, 163, 164, 165, 166, 167, 168, 169, 170, 171, 172], 1:[], 2:[], 3:[], 4:[], 5:[], 6:[], 7:[], 8:[], 9:[], 10:[], 11:[], 12:[], 13:[], 14:[], 15:[], 16:[], 17:[], 18:[], 19:[], 20:[], 21:[], 22:[], 23:[], 24:[], 25:[], 26:[], 27:[], 28:[], 29:[], 30:[], 31:[], 32:[], 33:[], 34:[], 35:[], 36:[], 37:[], 38:[], 39:[], 40:[], 41:[], 42:[], 43:[], 44:[], 45:[], 46:[], 47:[], 48:[], 49:[], 50:[], 51:[], 52:[], 53:[], 54:[], 55:[], 56:[], 57:[], 58:[], 59:[], 60:[], 61:[], 62:[], 63:[], 64:[], 65:[], 66:[], 67:[], 68:[], 69:[], 70:[], 71:[], 72:[], 73:[], 74:[], 75:[], 76:[], 77:[], 78:[], 79:[], 80:[], 81:[], 82:[], 83:[], 84:[], 85:[], 86:[], 87:[], 88:[], 89:[], 90:[], 91:[], 92:[], 93:[], 94:[], 95:[], 96:[], 97:[], 98:[], 99:[], 100:[], 101:[], 102:[], 103:[], 104:[], 105:[], 106:[], 107:[], 108:[], 109:[], 110:[], 111:[], 112:[], 113:[], 114:[], 115:[], 116:[], 117:[], 118:[], 119:[], 120:[], 121:[], 122:[], 123:[], 124:[], 125:[], 126:[], 127:[], 128:[], 129:[], 130:[], 131:[], 132:[], 133:[], 134:[], 135:[], 136:[], 137:[], 138:[], 139:[], 140:[], 141:[], 142:[], 143:[], 144:[], 145:[], 146:[], 147:[], 148:[], 149:[], 150:[], 151:[], 152:[], 153:[], 154:[], 155:[], 156:[], 157:[], 158:[], 159:[], 160:[], 161:[], 162:[], 163:[], 164:[], 165:[], 166:[], 167:[], 168:[], 169:[], 170:[], 171:[], 172:[]",53594112840,62882226443
4157,2,24609.2669,25147524,375762354,3000304907,562.1214,false,174,true,true,true,true,true,false,false,"0:[0, 1, 2, 3, 4, 5, 6, 7, 8, 9, 10, 11, 12, 13, 14, 15, 16, 17, 18, 19, 20, 21, 22, 23, 24, 25, 26, 27, 28, 29, 30, 31, 32, 33, 34, 35, 36, 37, 38, 39, 40, 41, 42, 43, 44, 45, 46, 47, 48, 49, 50, 51, 52, 53, 54, 55, 56, 57, 58, 59, 60, 61, 62, 63, 64, 65, 66, 67, 68, 69, 70, 71, 72, 73, 74, 75, 76, 77, 78, 79, 80, 81, 82, 83, 84, 85, 86, 87, 88, 89, 90, 91, 92, 93, 94, 95, 96, 97, 98, 99, 100, 101, 102, 103, 104, 105, 106, 107, 108, 109, 110, 111, 112, 113, 114, 115, 116, 117, 118, 119, 120, 121, 122, 123, 124, 125, 126, 127, 128, 129, 130, 131, 132, 133, 134, 135, 136, 137, 138, 139, 140, 141, 142, 143, 144, 145, 146, 147, 148, 149, 150, 151, 152, 153, 154, 155, 156, 157, 158, 159, 160, 161, 162, 163, 164, 165, 166, 167, 168, 169, 170, 171, 172, 173], 1:[], 2:[], 3:[], 4:[], 5:[], 6:[], 7:[], 8:[], 9:[], 10:[], 11:[], 12:[], 13:[], 14:[], 15:[], 16:[], 17:[], 18:[], 19:[], 20:[], 21:[], 22:[], 23:[], 24:[], 25:[], 26:[], 27:[], 28:[], 29:[], 30:[], 31:[], 32:[], 33:[], 34:[], 35:[], 36:[], 37:[], 38:[], 39:[], 40:[], 41:[], 42:[], 43:[], 44:[], 45:[], 46:[], 47:[], 48:[], 49:[], 50:[], 51:[], 52:[], 53:[], 54:[], 55:[], 56:[], 57:[], 58:[], 59:[], 60:[], 61:[], 62:[], 63:[], 64:[], 65:[], 66:[], 67:[], 68:[], 69:[], 70:[], 71:[], 72:[], 73:[], 74:[], 75:[], 76:[], 77:[], 78:[], 79:[], 80:[], 81:[], 82:[], 83:[], 84:[], 85:[], 86:[], 87:[], 88:[], 89:[], 90:[], 91:[], 92:[], 93:[], 94:[], 95:[], 96:[], 97:[], 98:[], 99:[], 100:[], 101:[], 102:[], 103:[], 104:[], 105:[], 106:[], 107:[], 108:[], 109:[], 110:[], 111:[], 112:[], 113:[], 114:[], 115:[], 116:[], 117:[], 118:[], 119:[], 120:[], 121:[], 122:[], 123:[], 124:[], 125:[], 126:[], 127:[], 128:[], 129:[], 130:[], 131:[], 132:[], 133:[], 134:[], 135:[], 136:[], 137:[], 138:[], 139:[], 140:[], 141:[], 142:[], 143:[], 144:[], 145:[], 146:[], 147:[], 148:[], 149:[], 150:[], 151:[], 152:[], 153:[], 154:[], 155:[], 156:[], 157:[], 158:[], 159:[], 160:[], 161:[], 162:[], 163:[], 164:[], 165:[], 166:[], 167:[], 168:[], 169:[], 170:[], 171:[], 172:[], 173:[]",53682796224,63010908730
4159,3,26173.7462,25183682,376304705,3004640825,651.8954,false,173,true,true,true,true,true,false,false,"0:[0, 1, 2, 3, 4, 5, 6, 7, 8, 9, 10, 11, 12, 13, 14, 15, 16, 17, 18, 19, 20, 21, 22, 23, 24, 25, 26, 27, 28, 29, 30, 31, 32, 33, 34, 35, 36, 37, 38, 39, 40, 41, 42, 43, 44, 45, 46, 47, 48, 49, 50, 51, 52, 53, 54, 55, 56, 57, 58, 59, 60, 61, 62, 63, 64, 65, 66, 67, 68, 69, 70, 71, 72, 73, 74, 75, 76, 77, 78, 79, 80, 81, 82, 83, 84, 85, 86, 87, 88, 89, 90, 91, 92, 93, 94, 95, 96, 97, 98, 99, 100, 101, 102, 103, 104, 105, 106, 107, 108, 109, 110, 111, 112, 113, 114, 115, 116, 117, 118, 119, 120, 121, 122, 123, 124, 125, 126, 127, 128, 129, 130, 131, 132, 133, 134, 135, 136, 137, 138, 139, 140, 141, 142, 143, 144, 145, 146, 147, 148, 149, 150, 151, 152, 153, 154, 155, 156, 157, 158, 159, 160, 161, 162, 163, 164, 165, 166, 167, 168, 169, 170, 171, 172], 1:[], 2:[], 3:[], 4:[], 5:[], 6:[], 7:[], 8:[], 9:[], 10:[], 11:[], 12:[], 13:[], 14:[], 15:[], 16:[], 17:[], 18:[], 19:[], 20:[], 21:[], 22:[], 23:[], 24:[], 25:[], 26:[], 27:[], 28:[], 29:[], 30:[], 31:[], 32:[], 33:[], 34:[], 35:[], 36:[], 37:[], 38:[], 39:[], 40:[], 41:[], 42:[], 43:[], 44:[], 45:[], 46:[], 47:[], 48:[], 49:[], 50:[], 51:[], 52:[], 53:[], 54:[], 55:[], 56:[], 57:[], 58:[], 59:[], 60:[], 61:[], 62:[], 63:[], 64:[], 65:[], 66:[], 67:[], 68:[], 69:[], 70:[], 71:[], 72:[], 73:[], 74:[], 75:[], 76:[], 77:[], 78:[], 79:[], 80:[], 81:[], 82:[], 83:[], 84:[], 85:[], 86:[], 87:[], 88:[], 89:[], 90:[], 91:[], 92:[], 93:[], 94:[], 95:[], 96:[], 97:[], 98:[], 99:[], 100:[], 101:[], 102:[], 103:[], 104:[], 105:[], 106:[], 107:[], 108:[], 109:[], 110:[], 111:[], 112:[], 113:[], 114:[], 115:[], 116:[], 117:[], 118:[], 119:[], 120:[], 121:[], 122:[], 123:[], 124:[], 125:[], 126:[], 127:[], 128:[], 129:[], 130:[], 131:[], 132:[], 133:[], 134:[], 135:[], 136:[], 137:[], 138:[], 139:[], 140:[], 141:[], 142:[], 143:[], 144:[], 145:[], 146:[], 147:[], 148:[], 149:[], 150:[], 151:[], 152:[], 153:[], 154:[], 155:[], 156:[], 157:[], 158:[], 159:[], 160:[], 161:[], 162:[], 163:[], 164:[], 165:[], 166:[], 167:[], 168:[], 169:[], 170:[], 171:[], 172:[]",53727196728,63075353533
4177,5,29749.4694,25511010,381202105,3043761645,573.4614,false,174,true,true,true,true,true,false,false,"0:[0, 1, 2, 3, 4, 5, 6, 7, 8, 9, 10, 11, 12, 13, 14, 15, 16, 17, 18, 19, 20, 21, 22, 23, 24, 25, 26, 27, 28, 29, 30, 31, 32, 33, 34, 35, 36, 37, 38, 39, 40, 41, 42, 43, 44, 45, 46, 47, 48, 49, 50, 51, 52, 53, 54, 55, 56, 57, 58, 59, 60, 61, 62, 63, 64, 65, 66, 67, 68, 69, 70, 71, 72, 73, 74, 75, 76, 77, 78, 79, 80, 81, 82, 83, 84, 85, 86, 87, 88, 89, 90, 91, 92, 93, 94, 95, 96, 97, 98, 99, 100, 101, 102, 103, 104, 105, 106, 107, 108, 109, 110, 111, 112, 113, 114, 115, 116, 117, 118, 119, 120, 121, 122, 123, 124, 125, 126, 127, 128, 129, 130, 131, 132, 133, 134, 135, 136, 137, 138, 139, 140, 141, 142, 143, 144, 145, 146, 147, 148, 149, 150, 151, 152, 153, 154, 155, 156, 157, 158, 159, 160, 161, 162, 163, 164, 165, 166, 167, 168, 169, 170, 171, 172, 173], 1:[], 2:[], 3:[], 4:[], 5:[], 6:[], 7:[], 8:[], 9:[], 10:[], 11:[], 12:[], 13:[], 14:[], 15:[], 16:[], 17:[], 18:[], 19:[], 20:[], 21:[], 22:[], 23:[], 24:[], 25:[], 26:[], 27:[], 28:[], 29:[], 30:[], 31:[], 32:[], 33:[], 34:[], 35:[], 36:[], 37:[], 38:[], 39:[], 40:[], 41:[], 42:[], 43:[], 44:[], 45:[], 46:[], 47:[], 48:[], 49:[], 50:[], 51:[], 52:[], 53:[], 54:[], 55:[], 56:[], 57:[], 58:[], 59:[], 60:[], 61:[], 62:[], 63:[], 64:[], 65:[], 66:[], 67:[], 68:[], 69:[], 70:[], 71:[], 72:[], 73:[], 74:[], 75:[], 76:[], 77:[], 78:[], 79:[], 80:[], 81:[], 82:[], 83:[], 84:[], 85:[], 86:[], 87:[], 88:[], 89:[], 90:[], 91:[], 92:[], 93:[], 94:[], 95:[], 96:[], 97:[], 98:[], 99:[], 100:[], 101:[], 102:[], 103:[], 104:[], 105:[], 106:[], 107:[], 108:[], 109:[], 110:[], 111:[], 112:[], 113:[], 114:[], 115:[], 116:[], 117:[], 118:[], 119:[], 120:[], 121:[], 122:[], 123:[], 124:[], 125:[], 126:[], 127:[], 128:[], 129:[], 130:[], 131:[], 132:[], 133:[], 134:[], 135:[], 136:[], 137:[], 138:[], 139:[], 140:[], 141:[], 142:[], 143:[], 144:[], 145:[], 146:[], 147:[], 148:[], 149:[], 150:[], 151:[], 152:[], 153:[], 154:[], 155:[], 156:[], 157:[], 158:[], 159:[], 160:[], 161:[], 162:[], 163:[], 164:[], 165:[], 166:[], 167:[], 168:[], 169:[], 170:[], 171:[], 172:[], 173:[]",54128153912,63657480213
4201,11,33392.2215,25952080,387804471,3096531976,585.0367,false,176,true,true,true,true,true,false,false,"0:[0, 1, 2, 3, 4, 5, 6, 7, 8, 9, 10, 11, 12, 13, 14, 15, 16, 17, 18, 19, 20, 21, 22, 23, 24, 25, 26, 27, 28, 29, 30, 31, 32, 33, 34, 35, 36, 37, 38, 39, 40, 41, 42, 43, 44, 45, 46, 47, 48, 49, 50, 51, 52, 53, 54, 55, 56, 57, 58, 59, 60, 61, 62, 63, 64, 65, 66, 67, 68, 69, 70, 71, 72, 73, 74, 75, 76, 77, 78, 79, 80, 81, 82, 83, 84, 85, 86, 87, 88, 89, 90, 91, 92, 93, 94, 95, 96, 97, 98, 99, 100, 101, 102, 103, 104, 105, 106, 107, 108, 109, 110, 111, 112, 113, 114, 115, 116, 117, 118, 119, 120, 121, 122, 123, 124, 125, 126, 127, 128, 129, 130, 131, 132, 133, 134, 135, 136, 137, 138, 139, 140, 141, 142, 143, 144, 145, 146, 147, 148, 149, 150, 151, 152, 153, 154, 155, 156, 157, 158, 159, 160, 161, 162, 163, 164, 165, 166, 167, 168, 169, 170, 171, 172, 173, 174, 175], 1:[], 2:[], 3:[], 4:[], 5:[], 6:[], 7:[], 8:[], 9:[], 10:[], 11:[], 12:[], 13:[], 14:[], 15:[], 16:[], 17:[], 18:[], 19:[], 20:[], 21:[], 22:[], 23:[], 24:[], 25:[], 26:[], 27:[], 28:[], 29:[], 30:[], 31:[], 32:[], 33:[], 34:[], 35:[], 36:[], 37:[], 38:[], 39:[], 40:[], 41:[], 42:[], 43:[], 44:[], 45:[], 46:[], 47:[], 48:[], 49:[], 50:[], 51:[], 52:[], 53:[], 54:[], 55:[], 56:[], 57:[], 58:[], 59:[], 60:[], 61:[], 62:[], 63:[], 64:[], 65:[], 66:[], 67:[], 68:[], 69:[], 70:[], 71:[], 72:[], 73:[], 74:[], 75:[], 76:[], 77:[], 78:[], 79:[], 80:[], 81:[], 82:[], 83:[], 84:[], 85:[], 86:[], 87:[], 88:[], 89:[], 90:[], 91:[], 92:[], 93:[], 94:[], 95:[], 96:[], 97:[], 98:[], 99:[], 100:[], 101:[], 102:[], 103:[], 104:[], 105:[], 106:[], 107:[], 108:[], 109:[], 110:[], 111:[], 112:[], 113:[], 114:[], 115:[], 116:[], 117:[], 118:[], 119:[], 120:[], 121:[], 122:[], 123:[], 124:[], 125:[], 126:[], 127:[], 128:[], 129:[], 130:[], 131:[], 132:[], 133:[], 134:[], 135:[], 136:[], 137:[], 138:[], 139:[], 140:[], 141:[], 142:[], 143:[], 144:[], 145:[], 146:[], 147:[], 148:[], 149:[], 150:[], 151:[], 152:[], 153:[], 154:[], 155:[], 156:[], 157:[], 158:[], 159:[], 160:[], 161:[], 162:[], 163:[], 164:[], 165:[], 166:[], 167:[], 168:[], 169:[], 170:[], 171:[], 172:[], 173:[], 174:[], 175:[]",54668693152,64442172627
4211,2,24195.3261,26137760,390573884,3118629269,597.2978,false,176,true,true,true,true,true,false,false,"0:[0, 1, 2, 3, 4, 5, 6, 7, 8, 9, 10, 11, 12, 13, 14, 15, 16, 17, 18, 19, 20, 21, 22, 23, 24, 25, 26, 27, 28, 29, 30, 31, 32, 33, 34, 35, 36, 37, 38, 39, 40, 41, 42, 43, 44, 45, 46, 47, 48, 49, 50, 51, 52, 53, 54, 55, 56, 57, 58, 59, 60, 61, 62, 63, 64, 65, 66, 67, 68, 69, 70, 71, 72, 73, 74, 75, 76, 77, 78, 79, 80, 81, 82, 83, 84, 85, 86, 87, 88, 89, 90, 91, 92, 93, 94, 95, 96, 97, 98, 99, 100, 101, 102, 103, 104, 105, 106, 107, 108, 109, 110, 111, 112, 113, 114, 115, 116, 117, 118, 119, 120, 121, 122, 123, 124, 125, 126, 127, 128, 129, 130, 131, 132, 133, 134, 135, 136, 137, 138, 139, 140, 141, 142, 143, 144, 145, 146, 147, 148, 149, 150, 151, 152, 153, 154, 155, 156, 157, 158, 159, 160, 161, 162, 163, 164, 165, 166, 167, 168, 169, 170, 171, 172, 173, 174, 175], 1:[], 2:[], 3:[], 4:[], 5:[], 6:[], 7:[], 8:[], 9:[], 10:[], 11:[], 12:[], 13:[], 14:[], 15:[], 16:[], 17:[], 18:[], 19:[], 20:[], 21:[], 22:[], 23:[], 24:[], 25:[], 26:[], 27:[], 28:[], 29:[], 30:[], 31:[], 32:[], 33:[], 34:[], 35:[], 36:[], 37:[], 38:[], 39:[], 40:[], 41:[], 42:[], 43:[], 44:[], 45:[], 46:[], 47:[], 48:[], 49:[], 50:[], 51:[], 52:[], 53:[], 54:[], 55:[], 56:[], 57:[], 58:[], 59:[], 60:[], 61:[], 62:[], 63:[], 64:[], 65:[], 66:[], 67:[], 68:[], 69:[], 70:[], 71:[], 72:[], 73:[], 74:[], 75:[], 76:[], 77:[], 78:[], 79:[], 80:[], 81:[], 82:[], 83:[], 84:[], 85:[], 86:[], 87:[], 88:[], 89:[], 90:[], 91:[], 92:[], 93:[], 94:[], 95:[], 96:[], 97:[], 98:[], 99:[], 100:[], 101:[], 102:[], 103:[], 104:[], 105:[], 106:[], 107:[], 108:[], 109:[], 110:[], 111:[], 112:[], 113:[], 114:[], 115:[], 116:[], 117:[], 118:[], 119:[], 120:[], 121:[], 122:[], 123:[], 124:[], 125:[], 126:[], 127:[], 128:[], 129:[], 130:[], 131:[], 132:[], 133:[], 134:[], 135:[], 136:[], 137:[], 138:[], 139:[], 140:[], 141:[], 142:[], 143:[], 144:[], 145:[], 146:[], 147:[], 148:[], 149:[], 150:[], 151:[], 152:[], 153:[], 154:[], 155:[], 156:[], 157:[], 158:[], 159:[], 160:[], 161:[], 162:[], 163:[], 164:[], 165:[], 166:[], 167:[], 168:[], 169:[], 170:[], 171:[], 172:[], 173:[], 174:[], 175:[]",54895445232,64771213084
4217,3,30082.8589,26249168,392245013,3131998341,636.9777,false,175,true,true,true,true,true,false,false,"0:[0, 1, 2, 3, 4, 5, 6, 7, 8, 9, 10, 11, 12, 13, 14, 15, 16, 17, 18, 19, 20, 21, 22, 23, 24, 25, 26, 27, 28, 29, 30, 31, 32, 33, 34, 35, 36, 37, 38, 39, 40, 41, 42, 43, 44, 45, 46, 47, 48, 49, 50, 51, 52, 53, 54, 55, 56, 57, 58, 59, 60, 61, 62, 63, 64, 65, 66, 67, 68, 69, 70, 71, 72, 73, 74, 75, 76, 77, 78, 79, 80, 81, 82, 83, 84, 85, 86, 87, 88, 89, 90, 91, 92, 93, 94, 95, 96, 97, 98, 99, 100, 101, 102, 103, 104, 105, 106, 107, 108, 109, 110, 111, 112, 113, 114, 115, 116, 117, 118, 119, 120, 121, 122, 123, 124, 125, 126, 127, 128, 129, 130, 131, 132, 133, 134, 135, 136, 137, 138, 139, 140, 141, 142, 143, 144, 145, 146, 147, 148, 149, 150, 151, 152, 153, 154, 155, 156, 157, 158, 159, 160, 161, 162, 163, 164, 165, 166, 167, 168, 169, 170, 171, 172, 173, 174], 1:[], 2:[], 3:[], 4:[], 5:[], 6:[], 7:[], 8:[], 9:[], 10:[], 11:[], 12:[], 13:[], 14:[], 15:[], 16:[], 17:[], 18:[], 19:[], 20:[], 21:[], 22:[], 23:[], 24:[], 25:[], 26:[], 27:[], 28:[], 29:[], 30:[], 31:[], 32:[], 33:[], 34:[], 35:[], 36:[], 37:[], 38:[], 39:[], 40:[], 41:[], 42:[], 43:[], 44:[], 45:[], 46:[], 47:[], 48:[], 49:[], 50:[], 51:[], 52:[], 53:[], 54:[], 55:[], 56:[], 57:[], 58:[], 59:[], 60:[], 61:[], 62:[], 63:[], 64:[], 65:[], 66:[], 67:[], 68:[], 69:[], 70:[], 71:[], 72:[], 73:[], 74:[], 75:[], 76:[], 77:[], 78:[], 79:[], 80:[], 81:[], 82:[], 83:[], 84:[], 85:[], 86:[], 87:[], 88:[], 89:[], 90:[], 91:[], 92:[], 93:[], 94:[], 95:[], 96:[], 97:[], 98:[], 99:[], 100:[], 101:[], 102:[], 103:[], 104:[], 105:[], 106:[], 107:[], 108:[], 109:[], 110:[], 111:[], 112:[], 113:[], 114:[], 115:[], 116:[], 117:[], 118:[], 119:[], 120:[], 121:[], 122:[], 123:[], 124:[], 125:[], 126:[], 127:[], 128:[], 129:[], 130:[], 131:[], 132:[], 133:[], 134:[], 135:[], 136:[], 137:[], 138:[], 139:[], 140:[], 141:[], 142:[], 143:[], 144:[], 145:[], 146:[], 147:[], 148:[], 149:[], 150:[], 151:[], 152:[], 153:[], 154:[], 155:[], 156:[], 157:[], 158:[], 159:[], 160:[], 161:[], 162:[], 163:[], 164:[], 165:[], 166:[], 167:[], 168:[], 169:[], 170:[], 171:[], 172:[], 173:[], 174:[]",55032254976,64969888329
4219,2,24986.8988,26286375,392802044,3136445397,655.2209,false,176,true,true,true,true,true,false,false,"0:[0, 1, 2, 3, 4, 5, 6, 7, 8, 9, 10, 11, 12, 13, 14, 15, 16, 17, 18, 19, 20, 21, 22, 23, 24, 25, 26, 27, 28, 29, 30, 31, 32, 33, 34, 35, 36, 37, 38, 39, 40, 41, 42, 43, 44, 45, 46, 47, 48, 49, 50, 51, 52, 53, 54, 55, 56, 57, 58, 59, 60, 61, 62, 63, 64, 65, 66, 67, 68, 69, 70, 71, 72, 73, 74, 75, 76, 77, 78, 79, 80, 81, 82, 83, 84, 85, 86, 87, 88, 89, 90, 91, 92, 93, 94, 95, 96, 97, 98, 99, 100, 101, 102, 103, 104, 105, 106, 107, 108, 109, 110, 111, 112, 113, 114, 115, 116, 117, 118, 119, 120, 121, 122, 123, 124, 125, 126, 127, 128, 129, 130, 131, 132, 133, 134, 135, 136, 137, 138, 139, 140, 141, 142, 143, 144, 145, 146, 147, 148, 149, 150, 151, 152, 153, 154, 155, 156, 157, 158, 159, 160, 161, 162, 163, 164, 165, 166, 167, 168, 169, 170, 171, 172, 173, 174, 175], 1:[], 2:[], 3:[], 4:[], 5:[], 6:[], 7:[], 8:[], 9:[], 10:[], 11:[], 12:[], 13:[], 14:[], 15:[], 16:[], 17:[], 18:[], 19:[], 20:[], 21:[], 22:[], 23:[], 24:[], 25:[], 26:[], 27:[], 28:[], 29:[], 30:[], 31:[], 32:[], 33:[], 34:[], 35:[], 36:[], 37:[], 38:[], 39:[], 40:[], 41:[], 42:[], 43:[], 44:[], 45:[], 46:[], 47:[], 48:[], 49:[], 50:[], 51:[], 52:[], 53:[], 54:[], 55:[], 56:[], 57:[], 58:[], 59:[], 60:[], 61:[], 62:[], 63:[], 64:[], 65:[], 66:[], 67:[], 68:[], 69:[], 70:[], 71:[], 72:[], 73:[], 74:[], 75:[], 76:[], 77:[], 78:[], 79:[], 80:[], 81:[], 82:[], 83:[], 84:[], 85:[], 86:[], 87:[], 88:[], 89:[], 90:[], 91:[], 92:[], 93:[], 94:[], 95:[], 96:[], 97:[], 98:[], 99:[], 100:[], 101:[], 102:[], 103:[], 104:[], 105:[], 106:[], 107:[], 108:[], 109:[], 110:[], 111:[], 112:[], 113:[], 114:[], 115:[], 116:[], 117:[], 118:[], 119:[], 120:[], 121:[], 122:[], 123:[], 124:[], 125:[], 126:[], 127:[], 128:[], 129:[], 130:[], 131:[], 132:[], 133:[], 134:[], 135:[], 136:[], 137:[], 138:[], 139:[], 140:[], 141:[], 142:[], 143:[], 144:[], 145:[], 146:[], 147:[], 148:[], 149:[], 150:[], 151:[], 152:[], 153:[], 154:[], 155:[], 156:[], 157:[], 158:[], 159:[], 160:[], 161:[], 162:[], 163:[], 164:[], 165:[], 166:[], 167:[], 168:[], 169:[], 170:[], 171:[], 172:[], 173:[], 174:[], 175:[]",55077859252,65036080192
4229,2,25066.0871,26473289,395597258,3158775887,604.3198,false,176,true,true,true,true,true,false,false,"0:[0, 1, 2, 3, 4, 5, 6, 7, 8, 9, 10, 11, 12, 13, 14, 15, 16, 17, 18, 19, 20, 21, 22, 23, 24, 25, 26, 27, 28, 29, 30, 31, 32, 33, 34, 35, 36, 37, 38, 39, 40, 41, 42, 43, 44, 45, 46, 47, 48, 49, 50, 51, 52, 53, 54, 55, 56, 57, 58, 59, 60, 61, 62, 63, 64, 65, 66, 67, 68, 69, 70, 71, 72, 73, 74, 75, 76, 77, 78, 79, 80, 81, 82, 83, 84, 85, 86, 87, 88, 89, 90, 91, 92, 93, 94, 95, 96, 97, 98, 99, 100, 101, 102, 103, 104, 105, 106, 107, 108, 109, 110, 111, 112, 113, 114, 115, 116, 117, 118, 119, 120, 121, 122, 123, 124, 125, 126, 127, 128, 129, 130, 131, 132, 133, 134, 135, 136, 137, 138, 139, 140, 141, 142, 143, 144, 145, 146, 147, 148, 149, 150, 151, 152, 153, 154, 155, 156, 157, 158, 159, 160, 161, 162, 163, 164, 165, 166, 167, 168, 169, 170, 171, 172, 173, 174, 175], 1:[], 2:[], 3:[], 4:[], 5:[], 6:[], 7:[], 8:[], 9:[], 10:[], 11:[], 12:[], 13:[], 14:[], 15:[], 16:[], 17:[], 18:[], 19:[], 20:[], 21:[], 22:[], 23:[], 24:[], 25:[], 26:[], 27:[], 28:[], 29:[], 30:[], 31:[], 32:[], 33:[], 34:[], 35:[], 36:[], 37:[], 38:[], 39:[], 40:[], 41:[], 42:[], 43:[], 44:[], 45:[], 46:[], 47:[], 48:[], 49:[], 50:[], 51:[], 52:[], 53:[], 54:[], 55:[], 56:[], 57:[], 58:[], 59:[], 60:[], 61:[], 62:[], 63:[], 64:[], 65:[], 66:[], 67:[], 68:[], 69:[], 70:[], 71:[], 72:[], 73:[], 74:[], 75:[], 76:[], 77:[], 78:[], 79:[], 80:[], 81:[], 82:[], 83:[], 84:[], 85:[], 86:[], 87:[], 88:[], 89:[], 90:[], 91:[], 92:[], 93:[], 94:[], 95:[], 96:[], 97:[], 98:[], 99:[], 100:[], 101:[], 102:[], 103:[], 104:[], 105:[], 106:[], 107:[], 108:[], 109:[], 110:[], 111:[], 112:[], 113:[], 114:[], 115:[], 116:[], 117:[], 118:[], 119:[], 120:[], 121:[], 122:[], 123:[], 124:[], 125:[], 126:[], 127:[], 128:[], 129:[], 130:[], 131:[], 132:[], 133:[], 134:[], 135:[], 136:[], 137:[], 138:[], 139:[], 140:[], 141:[], 142:[], 143:[], 144:[], 145:[], 146:[], 147:[], 148:[], 149:[], 150:[], 151:[], 152:[], 153:[], 154:[], 155:[], 156:[], 157:[], 158:[], 159:[], 160:[], 161:[], 162:[], 163:[], 164:[], 165:[], 166:[], 167:[], 168:[], 169:[], 170:[], 171:[], 172:[], 173:[], 174:[], 175:[]",55306709964,65368307806
4231,3,26746.3650,26510706,396158548,3163263613,644.4077,false,176,true,true,true,true,true,false,false,"0:[0, 1, 2, 3, 4, 5, 6, 7, 8, 9, 10, 11, 12, 13, 14, 15, 16, 17, 18, 19, 20, 21, 22, 23, 24, 25, 26, 27, 28, 29, 30, 31, 32, 33, 34, 35, 36, 37, 38, 39, 40, 41, 42, 43, 44, 45, 46, 47, 48, 49, 50, 51, 52, 53, 54, 55, 56, 57, 58, 59, 60, 61, 62, 63, 64, 65, 66, 67, 68, 69, 70, 71, 72, 73, 74, 75, 76, 77, 78, 79, 80, 81, 82, 83, 84, 85, 86, 87, 88, 89, 90, 91, 92, 93, 94, 95, 96, 97, 98, 99, 100, 101, 102, 103, 104, 105, 106, 107, 108, 109, 110, 111, 112, 113, 114, 115, 116, 117, 118, 119, 120, 121, 122, 123, 124, 125, 126, 127, 128, 129, 130, 131, 132, 133, 134, 135, 136, 137, 138, 139, 140, 141, 142, 143, 144, 145, 146, 147, 148, 149, 150, 151, 152, 153, 154, 155, 156, 157, 158, 159, 160, 161, 162, 163, 164, 165, 166, 167, 168, 169, 170, 171, 172, 173, 174, 175], 1:[], 2:[], 3:[], 4:[], 5:[], 6:[], 7:[], 8:[], 9:[], 10:[], 11:[], 12:[], 13:[], 14:[], 15:[], 16:[], 17:[], 18:[], 19:[], 20:[], 21:[], 22:[], 23:[], 24:[], 25:[], 26:[], 27:[], 28:[], 29:[], 30:[], 31:[], 32:[], 33:[], 34:[], 35:[], 36:[], 37:[], 38:[], 39:[], 40:[], 41:[], 42:[], 43:[], 44:[], 45:[], 46:[], 47:[], 48:[], 49:[], 50:[], 51:[], 52:[], 53:[], 54:[], 55:[], 56:[], 57:[], 58:[], 59:[], 60:[], 61:[], 62:[], 63:[], 64:[], 65:[], 66:[], 67:[], 68:[], 69:[], 70:[], 71:[], 72:[], 73:[], 74:[], 75:[], 76:[], 77:[], 78:[], 79:[], 80:[], 81:[], 82:[], 83:[], 84:[], 85:[], 86:[], 87:[], 88:[], 89:[], 90:[], 91:[], 92:[], 93:[], 94:[], 95:[], 96:[], 97:[], 98:[], 99:[], 100:[], 101:[], 102:[], 103:[], 104:[], 105:[], 106:[], 107:[], 108:[], 109:[], 110:[], 111:[], 112:[], 113:[], 114:[], 115:[], 116:[], 117:[], 118:[], 119:[], 120:[], 121:[], 122:[], 123:[], 124:[], 125:[], 126:[], 127:[], 128:[], 129:[], 130:[], 131:[], 132:[], 133:[], 134:[], 135:[], 136:[], 137:[], 138:[], 139:[], 140:[], 141:[], 142:[], 143:[], 144:[], 145:[], 146:[], 147:[], 148:[], 149:[], 150:[], 151:[], 152:[], 153:[], 154:[], 155:[], 156:[], 157:[], 158:[], 159:[], 160:[], 161:[], 162:[], 163:[], 164:[], 165:[], 166:[], 167:[], 168:[], 169:[], 170:[], 171:[], 172:[], 173:[], 174:[], 175:[]",55352660840,65435004492
4241,3,30008.6669,26698680,398968540,3185705620,631.7834,false,177,true,true,true,true,true,false,false,"0:[0, 1, 2, 3, 4, 5, 6, 7, 8, 9, 10, 11, 12, 13, 14, 15, 16, 17, 18, 19, 20, 21, 22, 23, 24, 25, 26, 27, 28, 29, 30, 31, 32, 33, 34, 35, 36, 37, 38, 39, 40, 41, 42, 43, 44, 45, 46, 47, 48, 49, 50, 51, 52, 53, 54, 55, 56, 57, 58, 59, 60, 61, 62, 63, 64, 65, 66, 67, 68, 69, 70, 71, 72, 73, 74, 75, 76, 77, 78, 79, 80, 81, 82, 83, 84, 85, 86, 87, 88, 89, 90, 91, 92, 93, 94, 95, 96, 97, 98, 99, 100, 101, 102, 103, 104, 105, 106, 107, 108, 109, 110, 111, 112, 113, 114, 115, 116, 117, 118, 119, 120, 121, 122, 123, 124, 125, 126, 127, 128, 129, 130, 131, 132, 133, 134, 135, 136, 137, 138, 139, 140, 141, 142, 143, 144, 145, 146, 147, 148, 149, 150, 151, 152, 153, 154, 155, 156, 157, 158, 159, 160, 161, 162, 163, 164, 165, 166, 167, 168, 169, 170, 171, 172, 173, 174, 175, 176], 1:[], 2:[], 3:[], 4:[], 5:[], 6:[], 7:[], 8:[], 9:[], 10:[], 11:[], 12:[], 13:[], 14:[], 15:[], 16:[], 17:[], 18:[], 19:[], 20:[], 21:[], 22:[], 23:[], 24:[], 25:[], 26:[], 27:[], 28:[], 29:[], 30:[], 31:[], 32:[], 33:[], 34:[], 35:[], 36:[], 37:[], 38:[], 39:[], 40:[], 41:[], 42:[], 43:[], 44:[], 45:[], 46:[], 47:[], 48:[], 49:[], 50:[], 51:[], 52:[], 53:[], 54:[], 55:[], 56:[], 57:[], 58:[], 59:[], 60:[], 61:[], 62:[], 63:[], 64:[], 65:[], 66:[], 67:[], 68:[], 69:[], 70:[], 71:[], 72:[], 73:[], 74:[], 75:[], 76:[], 77:[], 78:[], 79:[], 80:[], 81:[], 82:[], 83:[], 84:[], 85:[], 86:[], 87:[], 88:[], 89:[], 90:[], 91:[], 92:[], 93:[], 94:[], 95:[], 96:[], 97:[], 98:[], 99:[], 100:[], 101:[], 102:[], 103:[], 104:[], 105:[], 106:[], 107:[], 108:[], 109:[], 110:[], 111:[], 112:[], 113:[], 114:[], 115:[], 116:[], 117:[], 118:[], 119:[], 120:[], 121:[], 122:[], 123:[], 124:[], 125:[], 126:[], 127:[], 128:[], 129:[], 130:[], 131:[], 132:[], 133:[], 134:[], 135:[], 136:[], 137:[], 138:[], 139:[], 140:[], 141:[], 142:[], 143:[], 144:[], 145:[], 146:[], 147:[], 148:[], 149:[], 150:[], 151:[], 152:[], 153:[], 154:[], 155:[], 156:[], 157:[], 158:[], 159:[], 160:[], 161:[], 162:[], 163:[], 164:[], 165:[], 166:[], 167:[], 168:[], 169:[], 170:[], 171:[], 172:[], 173:[], 174:[], 175:[], 176:[]",55582723472,65768989916
4243,2,24964.2582,26736310,399533066,3190219493,606.3459,false,176,true,true,true,true,true,false,false,"0:[0, 1, 2, 3, 4, 5, 6, 7, 8, 9, 10, 11, 12, 13, 14, 15, 16, 17, 18, 19, 20, 21, 22, 23, 24, 25, 26, 27, 28, 29, 30, 31, 32, 33, 34, 35, 36, 37, 38, 39, 40, 41, 42, 43, 44, 45, 46, 47, 48, 49, 50, 51, 52, 53, 54, 55, 56, 57, 58, 59, 60, 61, 62, 63, 64, 65, 66, 67, 68, 69, 70, 71, 72, 73, 74, 75, 76, 77, 78, 79, 80, 81, 82, 83, 84, 85, 86, 87, 88, 89, 90, 91, 92, 93, 94, 95, 96, 97, 98, 99, 100, 101, 102, 103, 104, 105, 106, 107, 108, 109, 110, 111, 112, 113, 114, 115, 116, 117, 118, 119, 120, 121, 122, 123, 124, 125, 126, 127, 128, 129, 130, 131, 132, 133, 134, 135, 136, 137, 138, 139, 140, 141, 142, 143, 144, 145, 146, 147, 148, 149, 150, 151, 152, 153, 154, 155, 156, 157, 158, 159, 160, 161, 162, 163, 164, 165, 166, 167, 168, 169, 170, 171, 172, 173, 174, 175], 1:[], 2:[], 3:[], 4:[], 5:[], 6:[], 7:[], 8:[], 9:[], 10:[], 11:[], 12:[], 13:[], 14:[], 15:[], 16:[], 17:[], 18:[], 19:[], 20:[], 21:[], 22:[], 23:[], 24:[], 25:[], 26:[], 27:[], 28:[], 29:[], 30:[], 31:[], 32:[], 33:[], 34:[], 35:[], 36:[], 37:[], 38:[], 39:[], 40:[], 41:[], 42:[], 43:[], 44:[], 45:[], 46:[], 47:[], 48:[], 49:[], 50:[], 51:[], 52:[], 53:[], 54:[], 55:[], 56:[], 57:[], 58:[], 59:[], 60:[], 61:[], 62:[], 63:[], 64:[], 65:[], 66:[], 67:[], 68:[], 69:[], 70:[], 71:[], 72:[], 73:[], 74:[], 75:[], 76:[], 77:[], 78:[], 79:[], 80:[], 81:[], 82:[], 83:[], 84:[], 85:[], 86:[], 87:[], 88:[], 89:[], 90:[], 91:[], 92:[], 93:[], 94:[], 95:[], 96:[], 97:[], 98:[], 99:[], 100:[], 101:[], 102:[], 103:[], 104:[], 105:[], 106:[], 107:[], 108:[], 109:[], 110:[], 111:[], 112:[], 113:[], 114:[], 115:[], 116:[], 117:[], 118:[], 119:[], 120:[], 121:[], 122:[], 123:[], 124:[], 125:[], 126:[], 127:[], 128:[], 129:[], 130:[], 131:[], 132:[], 133:[], 134:[], 135:[], 136:[], 137:[], 138:[], 139:[], 140:[], 141:[], 142:[], 143:[], 144:[], 145:[], 146:[], 147:[], 148:[], 149:[], 150:[], 151:[], 152:[], 153:[], 154:[], 155:[], 156:[], 157:[], 158:[], 159:[], 160:[], 161:[], 162:[], 163:[], 164:[], 165:[], 166:[], 167:[], 168:[], 169:[], 170:[], 171:[], 172:[], 173:[], 174:[], 175:[]",55628939192,65836071722
4253,2,25928.8939,26925348,402363291,3212849073,604.8952,false,178,true,true,true,true,true,false,false,"0:[0, 1, 2, 3, 4, 5, 6, 7, 8, 9, 10, 11, 12, 13, 14, 15, 16, 17, 18, 19, 20, 21, 22, 23, 24, 25, 26, 27, 28, 29, 30, 31, 32, 33, 34, 35, 36, 37, 38, 39, 40, 41, 42, 43, 44, 45, 46, 47, 48, 49, 50, 51, 52, 53, 54, 55, 56, 57, 58, 59, 60, 61, 62, 63, 64, 65, 66, 67, 68, 69, 70, 71, 72, 73, 74, 75, 76, 77, 78, 79, 80, 81, 82, 83, 84, 85, 86, 87, 88, 89, 90, 91, 92, 93, 94, 95, 96, 97, 98, 99, 100, 101, 102, 103, 104, 105, 106, 107, 108, 109, 110, 111, 112, 113, 114, 115, 116, 117, 118, 119, 120, 121, 122, 123, 124, 125, 126, 127, 128, 129, 130, 131, 132, 133, 134, 135, 136, 137, 138, 139, 140, 141, 142, 143, 144, 145, 146, 147, 148, 149, 150, 151, 152, 153, 154, 155, 156, 157, 158, 159, 160, 161, 162, 163, 164, 165, 166, 167, 168, 169, 170, 171, 172, 173, 174, 175, 176, 177], 1:[], 2:[], 3:[], 4:[], 5:[], 6:[], 7:[], 8:[], 9:[], 10:[], 11:[], 12:[], 13:[], 14:[], 15:[], 16:[], 17:[], 18:[], 19:[], 20:[], 21:[], 22:[], 23:[], 24:[], 25:[], 26:[], 27:[], 28:[], 29:[], 30:[], 31:[], 32:[], 33:[], 34:[], 35:[], 36:[], 37:[], 38:[], 39:[], 40:[], 41:[], 42:[], 43:[], 44:[], 45:[], 46:[], 47:[], 48:[], 49:[], 50:[], 51:[], 52:[], 53:[], 54:[], 55:[], 56:[], 57:[], 58:[], 59:[], 60:[], 61:[], 62:[], 63:[], 64:[], 65:[], 66:[], 67:[], 68:[], 69:[], 70:[], 71:[], 72:[], 73:[], 74:[], 75:[], 76:[], 77:[], 78:[], 79:[], 80:[], 81:[], 82:[], 83:[], 84:[], 85:[], 86:[], 87:[], 88:[], 89:[], 90:[], 91:[], 92:[], 93:[], 94:[], 95:[], 96:[], 97:[], 98:[], 99:[], 100:[], 101:[], 102:[], 103:[], 104:[], 105:[], 106:[], 107:[], 108:[], 109:[], 110:[], 111:[], 112:[], 113:[], 114:[], 115:[], 116:[], 117:[], 118:[], 119:[], 120:[], 121:[], 122:[], 123:[], 124:[], 125:[], 126:[], 127:[], 128:[], 129:[], 130:[], 131:[], 132:[], 133:[], 134:[], 135:[], 136:[], 137:[], 138:[], 139:[], 140:[], 141:[], 142:[], 143:[], 144:[], 145:[], 146:[], 147:[], 148:[], 149:[], 150:[], 151:[], 152:[], 153:[], 154:[], 155:[], 156:[], 157:[], 158:[], 159:[], 160:[], 161:[], 162:[], 163:[], 164:[], 165:[], 166:[], 167:[], 168:[], 169:[], 170:[], 171:[], 172:[], 173:[], 174:[], 175:[], 176:[], 177:[]",55860650256,66172455319
4259,2,25717.3066,27039340,404062413,3226394734,612.9001,false,178,true,true,true,true,true,false,false,"0:[0, 1, 2, 3, 4, 5, 6, 7, 8, 9, 10, 11, 12, 13, 14, 15, 16, 17, 18, 19, 20, 21, 22, 23, 24, 25, 26, 27, 28, 29, 30, 31, 32, 33, 34, 35, 36, 37, 38, 39, 40, 41, 42, 43, 44, 45, 46, 47, 48, 49, 50, 51, 52, 53, 54, 55, 56, 57, 58, 59, 60, 61, 62, 63, 64, 65, 66, 67, 68, 69, 70, 71, 72, 73, 74, 75, 76, 77, 78, 79, 80, 81, 82, 83, 84, 85, 86, 87, 88, 89, 90, 91, 92, 93, 94, 95, 96, 97, 98, 99, 100, 101, 102, 103, 104, 105, 106, 107, 108, 109, 110, 111, 112, 113, 114, 115, 116, 117, 118, 119, 120, 121, 122, 123, 124, 125, 126, 127, 128, 129, 130, 131, 132, 133, 134, 135, 136, 137, 138, 139, 140, 141, 142, 143, 144, 145, 146, 147, 148, 149, 150, 151, 152, 153, 154, 155, 156, 157, 158, 159, 160, 161, 162, 163, 164, 165, 166, 167, 168, 169, 170, 171, 172, 173, 174, 175, 176, 177], 1:[], 2:[], 3:[], 4:[], 5:[], 6:[], 7:[], 8:[], 9:[], 10:[], 11:[], 12:[], 13:[], 14:[], 15:[], 16:[], 17:[], 18:[], 19:[], 20:[], 21:[], 22:[], 23:[], 24:[], 25:[], 26:[], 27:[], 28:[], 29:[], 30:[], 31:[], 32:[], 33:[], 34:[], 35:[], 36:[], 37:[], 38:[], 39:[], 40:[], 41:[], 42:[], 43:[], 44:[], 45:[], 46:[], 47:[], 48:[], 49:[], 50:[], 51:[], 52:[], 53:[], 54:[], 55:[], 56:[], 57:[], 58:[], 59:[], 60:[], 61:[], 62:[], 63:[], 64:[], 65:[], 66:[], 67:[], 68:[], 69:[], 70:[], 71:[], 72:[], 73:[], 74:[], 75:[], 76:[], 77:[], 78:[], 79:[], 80:[], 81:[], 82:[], 83:[], 84:[], 85:[], 86:[], 87:[], 88:[], 89:[], 90:[], 91:[], 92:[], 93:[], 94:[], 95:[], 96:[], 97:[], 98:[], 99:[], 100:[], 101:[], 102:[], 103:[], 104:[], 105:[], 106:[], 107:[], 108:[], 109:[], 110:[], 111:[], 112:[], 113:[], 114:[], 115:[], 116:[], 117:[], 118:[], 119:[], 120:[], 121:[], 122:[], 123:[], 124:[], 125:[], 126:[], 127:[], 128:[], 129:[], 130:[], 131:[], 132:[], 133:[], 134:[], 135:[], 136:[], 137:[], 138:[], 139:[], 140:[], 141:[], 142:[], 143:[], 144:[], 145:[], 146:[], 147:[], 148:[], 149:[], 150:[], 151:[], 152:[], 153:[], 154:[], 155:[], 156:[], 157:[], 158:[], 159:[], 160:[], 161:[], 162:[], 163:[], 164:[], 165:[], 166:[], 167:[], 168:[], 169:[], 170:[], 171:[], 172:[], 173:[], 174:[], 175:[], 176:[], 177:[]",55999771792,66374340593
4261,2,26269.6334,27076933,404633853,3230991489,635.9609,false,177,true,true,true,true,true,false,false,"0:[0, 1, 2, 3, 4, 5, 6, 7, 8, 9, 10, 11, 12, 13, 14, 15, 16, 17, 18, 19, 20, 21, 22, 23, 24, 25, 26, 27, 28, 29, 30, 31, 32, 33, 34, 35, 36, 37, 38, 39, 40, 41, 42, 43, 44, 45, 46, 47, 48, 49, 50, 51, 52, 53, 54, 55, 56, 57, 58, 59, 60, 61, 62, 63, 64, 65, 66, 67, 68, 69, 70, 71, 72, 73, 74, 75, 76, 77, 78, 79, 80, 81, 82, 83, 84, 85, 86, 87, 88, 89, 90, 91, 92, 93, 94, 95, 96, 97, 98, 99, 100, 101, 102, 103, 104, 105, 106, 107, 108, 109, 110, 111, 112, 113, 114, 115, 116, 117, 118, 119, 120, 121, 122, 123, 124, 125, 126, 127, 128, 129, 130, 131, 132, 133, 134, 135, 136, 137, 138, 139, 140, 141, 142, 143, 144, 145, 146, 147, 148, 149, 150, 151, 152, 153, 154, 155, 156, 157, 158, 159, 160, 161, 162, 163, 164, 165, 166, 167, 168, 169, 170, 171, 172, 173, 174, 175, 176], 1:[], 2:[], 3:[], 4:[], 5:[], 6:[], 7:[], 8:[], 9:[], 10:[], 11:[], 12:[], 13:[], 14:[], 15:[], 16:[], 17:[], 18:[], 19:[], 20:[], 21:[], 22:[], 23:[], 24:[], 25:[], 26:[], 27:[], 28:[], 29:[], 30:[], 31:[], 32:[], 33:[], 34:[], 35:[], 36:[], 37:[], 38:[], 39:[], 40:[], 41:[], 42:[], 43:[], 44:[], 45:[], 46:[], 47:[], 48:[], 49:[], 50:[], 51:[], 52:[], 53:[], 54:[], 55:[], 56:[], 57:[], 58:[], 59:[], 60:[], 61:[], 62:[], 63:[], 64:[], 65:[], 66:[], 67:[], 68:[], 69:[], 70:[], 71:[], 72:[], 73:[], 74:[], 75:[], 76:[], 77:[], 78:[], 79:[], 80:[], 81:[], 82:[], 83:[], 84:[], 85:[], 86:[], 87:[], 88:[], 89:[], 90:[], 91:[], 92:[], 93:[], 94:[], 95:[], 96:[], 97:[], 98:[], 99:[], 100:[], 101:[], 102:[], 103:[], 104:[], 105:[], 106:[], 107:[], 108:[], 109:[], 110:[], 111:[], 112:[], 113:[], 114:[], 115:[], 116:[], 117:[], 118:[], 119:[], 120:[], 121:[], 122:[], 123:[], 124:[], 125:[], 126:[], 127:[], 128:[], 129:[], 130:[], 131:[], 132:[], 133:[], 134:[], 135:[], 136:[], 137:[], 138:[], 139:[], 140:[], 141:[], 142:[], 143:[], 144:[], 145:[], 146:[], 147:[], 148:[], 149:[], 150:[], 151:[], 152:[], 153:[], 154:[], 155:[], 156:[], 157:[], 158:[], 159:[], 160:[], 161:[], 162:[], 163:[], 164:[], 165:[], 166:[], 167:[], 168:[], 169:[], 170:[], 171:[], 172:[], 173:[], 174:[], 175:[], 176:[]",56046539596,66442366429
4271,7,28503.7006,27267928,407483756,3253737711,763.1950,false,177,true,true,true,true,true,false,false,"0:[0, 1, 2, 3, 4, 5, 6, 7, 8, 9, 10, 11, 12, 13, 14, 15, 16, 17, 18, 19, 20, 21, 22, 23, 24, 25, 26, 27, 28, 29, 30, 31, 32, 33, 34, 35, 36, 37, 38, 39, 40, 41, 42, 43, 44, 45, 46, 47, 48, 49, 50, 51, 52, 53, 54, 55, 56, 57, 58, 59, 60, 61, 62, 63, 64, 65, 66, 67, 68, 69, 70, 71, 72, 73, 74, 75, 76, 77, 78, 79, 80, 81, 82, 83, 84, 85, 86, 87, 88, 89, 90, 91, 92, 93, 94, 95, 96, 97, 98, 99, 100, 101, 102, 103, 104, 105, 106, 107, 108, 109, 110, 111, 112, 113, 114, 115, 116, 117, 118, 119, 120, 121, 122, 123, 124, 125, 126, 127, 128, 129, 130, 131, 132, 133, 134, 135, 136, 137, 138, 139, 140, 141, 142, 143, 144, 145, 146, 147, 148, 149, 150, 151, 152, 153, 154, 155, 156, 157, 158, 159, 160, 161, 162, 163, 164, 165, 166, 167, 168, 169, 170, 171, 172, 173, 174, 175, 176], 1:[], 2:[], 3:[], 4:[], 5:[], 6:[], 7:[], 8:[], 9:[], 10:[], 11:[], 12:[], 13:[], 14:[], 15:[], 16:[], 17:[], 18:[], 19:[], 20:[], 21:[], 22:[], 23:[], 24:[], 25:[], 26:[], 27:[], 28:[], 29:[], 30:[], 31:[], 32:[], 33:[], 34:[], 35:[], 36:[], 37:[], 38:[], 39:[], 40:[], 41:[], 42:[], 43:[], 44:[], 45:[], 46:[], 47:[], 48:[], 49:[], 50:[], 51:[], 52:[], 53:[], 54:[], 55:[], 56:[], 57:[], 58:[], 59:[], 60:[], 61:[], 62:[], 63:[], 64:[], 65:[], 66:[], 67:[], 68:[], 69:[], 70:[], 71:[], 72:[], 73:[], 74:[], 75:[], 76:[], 77:[], 78:[], 79:[], 80:[], 81:[], 82:[], 83:[], 84:[], 85:[], 86:[], 87:[], 88:[], 89:[], 90:[], 91:[], 92:[], 93:[], 94:[], 95:[], 96:[], 97:[], 98:[], 99:[], 100:[], 101:[], 102:[], 103:[], 104:[], 105:[], 106:[], 107:[], 108:[], 109:[], 110:[], 111:[], 112:[], 113:[], 114:[], 115:[], 116:[], 117:[], 118:[], 119:[], 120:[], 121:[], 122:[], 123:[], 124:[], 125:[], 126:[], 127:[], 128:[], 129:[], 130:[], 131:[], 132:[], 133:[], 134:[], 135:[], 136:[], 137:[], 138:[], 139:[], 140:[], 141:[], 142:[], 143:[], 144:[], 145:[], 146:[], 147:[], 148:[], 149:[], 150:[], 151:[], 152:[], 153:[], 154:[], 155:[], 156:[], 157:[], 158:[], 159:[], 160:[], 161:[], 162:[], 163:[], 164:[], 165:[], 166:[], 167:[], 168:[], 169:[], 170:[], 171:[], 172:[], 173:[], 174:[], 175:[], 176:[]",56279879696,66780969804
4273,5,32227.8938,27305734,408055153,3258314704,650.2585,false,178,true,true,true,true,true,false,false,"0:[0, 1, 2, 3, 4, 5, 6, 7, 8, 9, 10, 11, 12, 13, 14, 15, 16, 17, 18, 19, 20, 21, 22, 23, 24, 25, 26, 27, 28, 29, 30, 31, 32, 33, 34, 35, 36, 37, 38, 39, 40, 41, 42, 43, 44, 45, 46, 47, 48, 49, 50, 51, 52, 53, 54, 55, 56, 57, 58, 59, 60, 61, 62, 63, 64, 65, 66, 67, 68, 69, 70, 71, 72, 73, 74, 75, 76, 77, 78, 79, 80, 81, 82, 83, 84, 85, 86, 87, 88, 89, 90, 91, 92, 93, 94, 95, 96, 97, 98, 99, 100, 101, 102, 103, 104, 105, 106, 107, 108, 109, 110, 111, 112, 113, 114, 115, 116, 117, 118, 119, 120, 121, 122, 123, 124, 125, 126, 127, 128, 129, 130, 131, 132, 133, 134, 135, 136, 137, 138, 139, 140, 141, 142, 143, 144, 145, 146, 147, 148, 149, 150, 151, 152, 153, 154, 155, 156, 157, 158, 159, 160, 161, 162, 163, 164, 165, 166, 167, 168, 169, 170, 171, 172, 173, 174, 175, 176, 177], 1:[], 2:[], 3:[], 4:[], 5:[], 6:[], 7:[], 8:[], 9:[], 10:[], 11:[], 12:[], 13:[], 14:[], 15:[], 16:[], 17:[], 18:[], 19:[], 20:[], 21:[], 22:[], 23:[], 24:[], 25:[], 26:[], 27:[], 28:[], 29:[], 30:[], 31:[], 32:[], 33:[], 34:[], 35:[], 36:[], 37:[], 38:[], 39:[], 40:[], 41:[], 42:[], 43:[], 44:[], 45:[], 46:[], 47:[], 48:[], 49:[], 50:[], 51:[], 52:[], 53:[], 54:[], 55:[], 56:[], 57:[], 58:[], 59:[], 60:[], 61:[], 62:[], 63:[], 64:[], 65:[], 66:[], 67:[], 68:[], 69:[], 70:[], 71:[], 72:[], 73:[], 74:[], 75:[], 76:[], 77:[], 78:[], 79:[], 80:[], 81:[], 82:[], 83:[], 84:[], 85:[], 86:[], 87:[], 88:[], 89:[], 90:[], 91:[], 92:[], 93:[], 94:[], 95:[], 96:[], 97:[], 98:[], 99:[], 100:[], 101:[], 102:[], 103:[], 104:[], 105:[], 106:[], 107:[], 108:[], 109:[], 110:[], 111:[], 112:[], 113:[], 114:[], 115:[], 116:[], 117:[], 118:[], 119:[], 120:[], 121:[], 122:[], 123:[], 124:[], 125:[], 126:[], 127:[], 128:[], 129:[], 130:[], 131:[], 132:[], 133:[], 134:[], 135:[], 136:[], 137:[], 138:[], 139:[], 140:[], 141:[], 142:[], 143:[], 144:[], 145:[], 146:[], 147:[], 148:[], 149:[], 150:[], 151:[], 152:[], 153:[], 154:[], 155:[], 156:[], 157:[], 158:[], 159:[], 160:[], 161:[], 162:[], 163:[], 164:[], 165:[], 166:[], 167:[], 168:[], 169:[], 170:[], 171:[], 172:[], 173:[], 174:[], 175:[], 176:[], 177:[]",56326650024,66848995517
4283,2,25756.9575,27497801,410924344,3281234587,620.2626,false,178,true,true,true,true,true,false,false,"0:[0, 1, 2, 3, 4, 5, 6, 7, 8, 9, 10, 11, 12, 13, 14, 15, 16, 17, 18, 19, 20, 21, 22, 23, 24, 25, 26, 27, 28, 29, 30, 31, 32, 33, 34, 35, 36, 37, 38, 39, 40, 41, 42, 43, 44, 45, 46, 47, 48, 49, 50, 51, 52, 53, 54, 55, 56, 57, 58, 59, 60, 61, 62, 63, 64, 65, 66, 67, 68, 69, 70, 71, 72, 73, 74, 75, 76, 77, 78, 79, 80, 81, 82, 83, 84, 85, 86, 87, 88, 89, 90, 91, 92, 93, 94, 95, 96, 97, 98, 99, 100, 101, 102, 103, 104, 105, 106, 107, 108, 109, 110, 111, 112, 113, 114, 115, 116, 117, 118, 119, 120, 121, 122, 123, 124, 125, 126, 127, 128, 129, 130, 131, 132, 133, 134, 135, 136, 137, 138, 139, 140, 141, 142, 143, 144, 145, 146, 147, 148, 149, 150, 151, 152, 153, 154, 155, 156, 157, 158, 159, 160, 161, 162, 163, 164, 165, 166, 167, 168, 169, 170, 171, 172, 173, 174, 175, 176, 177], 1:[], 2:[], 3:[], 4:[], 5:[], 6:[], 7:[], 8:[], 9:[], 10:[], 11:[], 12:[], 13:[], 14:[], 15:[], 16:[], 17:[], 18:[], 19:[], 20:[], 21:[], 22:[], 23:[], 24:[], 25:[], 26:[], 27:[], 28:[], 29:[], 30:[], 31:[], 32:[], 33:[], 34:[], 35:[], 36:[], 37:[], 38:[], 39:[], 40:[], 41:[], 42:[], 43:[], 44:[], 45:[], 46:[], 47:[], 48:[], 49:[], 50:[], 51:[], 52:[], 53:[], 54:[], 55:[], 56:[], 57:[], 58:[], 59:[], 60:[], 61:[], 62:[], 63:[], 64:[], 65:[], 66:[], 67:[], 68:[], 69:[], 70:[], 71:[], 72:[], 73:[], 74:[], 75:[], 76:[], 77:[], 78:[], 79:[], 80:[], 81:[], 82:[], 83:[], 84:[], 85:[], 86:[], 87:[], 88:[], 89:[], 90:[], 91:[], 92:[], 93:[], 94:[], 95:[], 96:[], 97:[], 98:[], 99:[], 100:[], 101:[], 102:[], 103:[], 104:[], 105:[], 106:[], 107:[], 108:[], 109:[], 110:[], 111:[], 112:[], 113:[], 114:[], 115:[], 116:[], 117:[], 118:[], 119:[], 120:[], 121:[], 122:[], 123:[], 124:[], 125:[], 126:[], 127:[], 128:[], 129:[], 130:[], 131:[], 132:[], 133:[], 134:[], 135:[], 136:[], 137:[], 138:[], 139:[], 140:[], 141:[], 142:[], 143:[], 144:[], 145:[], 146:[], 147:[], 148:[], 149:[], 150:[], 151:[], 152:[], 153:[], 154:[], 155:[], 156:[], 157:[], 158:[], 159:[], 160:[], 161:[], 162:[], 163:[], 164:[], 165:[], 166:[], 167:[], 168:[], 169:[], 170:[], 171:[], 172:[], 173:[], 174:[], 175:[], 176:[], 177:[]",56561563180,67189886180
4289,3,31900.8247,27613042,412649699,3295017916,667.9309,false,179,true,true,true,true,true,false,false,"0:[0, 1, 2, 3, 4, 5, 6, 7, 8, 9, 10, 11, 12, 13, 14, 15, 16, 17, 18, 19, 20, 21, 22, 23, 24, 25, 26, 27, 28, 29, 30, 31, 32, 33, 34, 35, 36, 37, 38, 39, 40, 41, 42, 43, 44, 45, 46, 47, 48, 49, 50, 51, 52, 53, 54, 55, 56, 57, 58, 59, 60, 61, 62, 63, 64, 65, 66, 67, 68, 69, 70, 71, 72, 73, 74, 75, 76, 77, 78, 79, 80, 81, 82, 83, 84, 85, 86, 87, 88, 89, 90, 91, 92, 93, 94, 95, 96, 97, 98, 99, 100, 101, 102, 103, 104, 105, 106, 107, 108, 109, 110, 111, 112, 113, 114, 115, 116, 117, 118, 119, 120, 121, 122, 123, 124, 125, 126, 127, 128, 129, 130, 131, 132, 133, 134, 135, 136, 137, 138, 139, 140, 141, 142, 143, 144, 145, 146, 147, 148, 149, 150, 151, 152, 153, 154, 155, 156, 157, 158, 159, 160, 161, 162, 163, 164, 165, 166, 167, 168, 169, 170, 171, 172, 173, 174, 175, 176, 177, 178], 1:[], 2:[], 3:[], 4:[], 5:[], 6:[], 7:[], 8:[], 9:[], 10:[], 11:[], 12:[], 13:[], 14:[], 15:[], 16:[], 17:[], 18:[], 19:[], 20:[], 21:[], 22:[], 23:[], 24:[], 25:[], 26:[], 27:[], 28:[], 29:[], 30:[], 31:[], 32:[], 33:[], 34:[], 35:[], 36:[], 37:[], 38:[], 39:[], 40:[], 41:[], 42:[], 43:[], 44:[], 45:[], 46:[], 47:[], 48:[], 49:[], 50:[], 51:[], 52:[], 53:[], 54:[], 55:[], 56:[], 57:[], 58:[], 59:[], 60:[], 61:[], 62:[], 63:[], 64:[], 65:[], 66:[], 67:[], 68:[], 69:[], 70:[], 71:[], 72:[], 73:[], 74:[], 75:[], 76:[], 77:[], 78:[], 79:[], 80:[], 81:[], 82:[], 83:[], 84:[], 85:[], 86:[], 87:[], 88:[], 89:[], 90:[], 91:[], 92:[], 93:[], 94:[], 95:[], 96:[], 97:[], 98:[], 99:[], 100:[], 101:[], 102:[], 103:[], 104:[], 105:[], 106:[], 107:[], 108:[], 109:[], 110:[], 111:[], 112:[], 113:[], 114:[], 115:[], 116:[], 117:[], 118:[], 119:[], 120:[], 121:[], 122:[], 123:[], 124:[], 125:[], 126:[], 127:[], 128:[], 129:[], 130:[], 131:[], 132:[], 133:[], 134:[], 135:[], 136:[], 137:[], 138:[], 139:[], 140:[], 141:[], 142:[], 143:[], 144:[], 145:[], 146:[], 147:[], 148:[], 149:[], 150:[], 151:[], 152:[], 153:[], 154:[], 155:[], 156:[], 157:[], 158:[], 159:[], 160:[], 161:[], 162:[], 163:[], 164:[], 165:[], 166:[], 167:[], 168:[], 169:[], 170:[], 171:[], 172:[], 173:[], 174:[], 175:[], 176:[], 177:[], 178:[]",56702818328,67395012583
4297,5,32702.7569,27767196,414959873,3313483574,652.8299,false,179,true,true,true,true,true,false,false,"0:[0, 1, 2, 3, 4, 5, 6, 7, 8, 9, 10, 11, 12, 13, 14, 15, 16, 17, 18, 19, 20, 21, 22, 23, 24, 25, 26, 27, 28, 29, 30, 31, 32, 33, 34, 35, 36, 37, 38, 39, 40, 41, 42, 43, 44, 45, 46, 47, 48, 49, 50, 51, 52, 53, 54, 55, 56, 57, 58, 59, 60, 61, 62, 63, 64, 65, 66, 67, 68, 69, 70, 71, 72, 73, 74, 75, 76, 77, 78, 79, 80, 81, 82, 83, 84, 85, 86, 87, 88, 89, 90, 91, 92, 93, 94, 95, 96, 97, 98, 99, 100, 101, 102, 103, 104, 105, 106, 107, 108, 109, 110, 111, 112, 113, 114, 115, 116, 117, 118, 119, 120, 121, 122, 123, 124, 125, 126, 127, 128, 129, 130, 131, 132, 133, 134, 135, 136, 137, 138, 139, 140, 141, 142, 143, 144, 145, 146, 147, 148, 149, 150, 151, 152, 153, 154, 155, 156, 157, 158, 159, 160, 161, 162, 163, 164, 165, 166, 167, 168, 169, 170, 171, 172, 173, 174, 175, 176, 177, 178], 1:[], 2:[], 3:[], 4:[], 5:[], 6:[], 7:[], 8:[], 9:[], 10:[], 11:[], 12:[], 13:[], 14:[], 15:[], 16:[], 17:[], 18:[], 19:[], 20:[], 21:[], 22:[], 23:[], 24:[], 25:[], 26:[], 27:[], 28:[], 29:[], 30:[], 31:[], 32:[], 33:[], 34:[], 35:[], 36:[], 37:[], 38:[], 39:[], 40:[], 41:[], 42:[], 43:[], 44:[], 45:[], 46:[], 47:[], 48:[], 49:[], 50:[], 51:[], 52:[], 53:[], 54:[], 55:[], 56:[], 57:[], 58:[], 59:[], 60:[], 61:[], 62:[], 63:[], 64:[], 65:[], 66:[], 67:[], 68:[], 69:[], 70:[], 71:[], 72:[], 73:[], 74:[], 75:[], 76:[], 77:[], 78:[], 79:[], 80:[], 81:[], 82:[], 83:[], 84:[], 85:[], 86:[], 87:[], 88:[], 89:[], 90:[], 91:[], 92:[], 93:[], 94:[], 95:[], 96:[], 97:[], 98:[], 99:[], 100:[], 101:[], 102:[], 103:[], 104:[], 105:[], 106:[], 107:[], 108:[], 109:[], 110:[], 111:[], 112:[], 113:[], 114:[], 115:[], 116:[], 117:[], 118:[], 119:[], 120:[], 121:[], 122:[], 123:[], 124:[], 125:[], 126:[], 127:[], 128:[], 129:[], 130:[], 131:[], 132:[], 133:[], 134:[], 135:[], 136:[], 137:[], 138:[], 139:[], 140:[], 141:[], 142:[], 143:[], 144:[], 145:[], 146:[], 147:[], 148:[], 149:[], 150:[], 151:[], 152:[], 153:[], 154:[], 155:[], 156:[], 157:[], 158:[], 159:[], 160:[], 161:[], 162:[], 163:[], 164:[], 165:[], 166:[], 167:[], 168:[], 169:[], 170:[], 171:[], 172:[], 173:[], 174:[], 175:[], 176:[], 177:[], 178:[]",56891948560,67669630677
4327,3,29708.2362,28351478,423700357,3383316899,647.7065,false,181,true,true,true,true,true,false,false,"0:[0, 1, 2, 3, 4, 5, 6, 7, 8, 9, 10, 11, 12, 13, 14, 15, 16, 17, 18, 19, 20, 21, 22, 23, 24, 25, 26, 27, 28, 29, 30, 31, 32, 33, 34, 35, 36, 37, 38, 39, 40, 41, 42, 43, 44, 45, 46, 47, 48, 49, 50, 51, 52, 53, 54, 55, 56, 57, 58, 59, 60, 61, 62, 63, 64, 65, 66, 67, 68, 69, 70, 71, 72, 73, 74, 75, 76, 77, 78, 79, 80, 81, 82, 83, 84, 85, 86, 87, 88, 89, 90, 91, 92, 93, 94, 95, 96, 97, 98, 99, 100, 101, 102, 103, 104, 105, 106, 107, 108, 109, 110, 111, 112, 113, 114, 115, 116, 117, 118, 119, 120, 121, 122, 123, 124, 125, 126, 127, 128, 129, 130, 131, 132, 133, 134, 135, 136, 137, 138, 139, 140, 141, 142, 143, 144, 145, 146, 147, 148, 149, 150, 151, 152, 153, 154, 155, 156, 157, 158, 159, 160, 161, 162, 163, 164, 165, 166, 167, 168, 169, 170, 171, 172, 173, 174, 175, 176, 177, 178, 179, 180], 1:[], 2:[], 3:[], 4:[], 5:[], 6:[], 7:[], 8:[], 9:[], 10:[], 11:[], 12:[], 13:[], 14:[], 15:[], 16:[], 17:[], 18:[], 19:[], 20:[], 21:[], 22:[], 23:[], 24:[], 25:[], 26:[], 27:[], 28:[], 29:[], 30:[], 31:[], 32:[], 33:[], 34:[], 35:[], 36:[], 37:[], 38:[], 39:[], 40:[], 41:[], 42:[], 43:[], 44:[], 45:[], 46:[], 47:[], 48:[], 49:[], 50:[], 51:[], 52:[], 53:[], 54:[], 55:[], 56:[], 57:[], 58:[], 59:[], 60:[], 61:[], 62:[], 63:[], 64:[], 65:[], 66:[], 67:[], 68:[], 69:[], 70:[], 71:[], 72:[], 73:[], 74:[], 75:[], 76:[], 77:[], 78:[], 79:[], 80:[], 81:[], 82:[], 83:[], 84:[], 85:[], 86:[], 87:[], 88:[], 89:[], 90:[], 91:[], 92:[], 93:[], 94:[], 95:[], 96:[], 97:[], 98:[], 99:[], 100:[], 101:[], 102:[], 103:[], 104:[], 105:[], 106:[], 107:[], 108:[], 109:[], 110:[], 111:[], 112:[], 113:[], 114:[], 115:[], 116:[], 117:[], 118:[], 119:[], 120:[], 121:[], 122:[], 123:[], 124:[], 125:[], 126:[], 127:[], 128:[], 129:[], 130:[], 131:[], 132:[], 133:[], 134:[], 135:[], 136:[], 137:[], 138:[], 139:[], 140:[], 141:[], 142:[], 143:[], 144:[], 145:[], 146:[], 147:[], 148:[], 149:[], 150:[], 151:[], 152:[], 153:[], 154:[], 155:[], 156:[], 157:[], 158:[], 159:[], 160:[], 161:[], 162:[], 163:[], 164:[], 165:[], 166:[], 167:[], 168:[], 169:[], 170:[], 171:[], 172:[], 173:[], 174:[], 175:[], 176:[], 177:[], 178:[], 179:[], 180:[]",57607547176,68708385569
4337,3,32821.4445,28548044,426643381,3406848506,667.9853,false,180,true,true,true,true,true,false,false,"0:[0, 1, 2, 3, 4, 5, 6, 7, 8, 9, 10, 11, 12, 13, 14, 15, 16, 17, 18, 19, 20, 21, 22, 23, 24, 25, 26, 27, 28, 29, 30, 31, 32, 33, 34, 35, 36, 37, 38, 39, 40, 41, 42, 43, 44, 45, 46, 47, 48, 49, 50, 51, 52, 53, 54, 55, 56, 57, 58, 59, 60, 61, 62, 63, 64, 65, 66, 67, 68, 69, 70, 71, 72, 73, 74, 75, 76, 77, 78, 79, 80, 81, 82, 83, 84, 85, 86, 87, 88, 89, 90, 91, 92, 93, 94, 95, 96, 97, 98, 99, 100, 101, 102, 103, 104, 105, 106, 107, 108, 109, 110, 111, 112, 113, 114, 115, 116, 117, 118, 119, 120, 121, 122, 123, 124, 125, 126, 127, 128, 129, 130, 131, 132, 133, 134, 135, 136, 137, 138, 139, 140, 141, 142, 143, 144, 145, 146, 147, 148, 149, 150, 151, 152, 153, 154, 155, 156, 157, 158, 159, 160, 161, 162, 163, 164, 165, 166, 167, 168, 169, 170, 171, 172, 173, 174, 175, 176, 177, 178, 179], 1:[], 2:[], 3:[], 4:[], 5:[], 6:[], 7:[], 8:[], 9:[], 10:[], 11:[], 12:[], 13:[], 14:[], 15:[], 16:[], 17:[], 18:[], 19:[], 20:[], 21:[], 22:[], 23:[], 24:[], 25:[], 26:[], 27:[], 28:[], 29:[], 30:[], 31:[], 32:[], 33:[], 34:[], 35:[], 36:[], 37:[], 38:[], 39:[], 40:[], 41:[], 42:[], 43:[], 44:[], 45:[], 46:[], 47:[], 48:[], 49:[], 50:[], 51:[], 52:[], 53:[], 54:[], 55:[], 56:[], 57:[], 58:[], 59:[], 60:[], 61:[], 62:[], 63:[], 64:[], 65:[], 66:[], 67:[], 68:[], 69:[], 70:[], 71:[], 72:[], 73:[], 74:[], 75:[], 76:[], 77:[], 78:[], 79:[], 80:[], 81:[], 82:[], 83:[], 84:[], 85:[], 86:[], 87:[], 88:[], 89:[], 90:[], 91:[], 92:[], 93:[], 94:[], 95:[], 96:[], 97:[], 98:[], 99:[], 100:[], 101:[], 102:[], 103:[], 104:[], 105:[], 106:[], 107:[], 108:[], 109:[], 110:[], 111:[], 112:[], 113:[], 114:[], 115:[], 116:[], 117:[], 118:[], 119:[], 120:[], 121:[], 122:[], 123:[], 124:[], 125:[], 126:[], 127:[], 128:[], 129:[], 130:[], 131:[], 132:[], 133:[], 134:[], 135:[], 136:[], 137:[], 138:[], 139:[], 140:[], 141:[], 142:[], 143:[], 144:[], 145:[], 146:[], 147:[], 148:[], 149:[], 150:[], 151:[], 152:[], 153:[], 154:[], 155:[], 156:[], 157:[], 158:[], 159:[], 160:[], 161:[], 162:[], 163:[], 164:[], 165:[], 166:[], 167:[], 168:[], 169:[], 170:[], 171:[], 172:[], 173:[], 174:[], 175:[], 176:[], 177:[], 178:[], 179:[]",57848492944,69058176377
4339,2,27167.0027,28587394,427231443,3411537066,651.5990,false,181,true,true,true,true,true,false,false,"0:[0, 1, 2, 3, 4, 5, 6, 7, 8, 9, 10, 11, 12, 13, 14, 15, 16, 17, 18, 19, 20, 21, 22, 23, 24, 25, 26, 27, 28, 29, 30, 31, 32, 33, 34, 35, 36, 37, 38, 39, 40, 41, 42, 43, 44, 45, 46, 47, 48, 49, 50, 51, 52, 53, 54, 55, 56, 57, 58, 59, 60, 61, 62, 63, 64, 65, 66, 67, 68, 69, 70, 71, 72, 73, 74, 75, 76, 77, 78, 79, 80, 81, 82, 83, 84, 85, 86, 87, 88, 89, 90, 91, 92, 93, 94, 95, 96, 97, 98, 99, 100, 101, 102, 103, 104, 105, 106, 107, 108, 109, 110, 111, 112, 113, 114, 115, 116, 117, 118, 119, 120, 121, 122, 123, 124, 125, 126, 127, 128, 129, 130, 131, 132, 133, 134, 135, 136, 137, 138, 139, 140, 141, 142, 143, 144, 145, 146, 147, 148, 149, 150, 151, 152, 153, 154, 155, 156, 157, 158, 159, 160, 161, 162, 163, 164, 165, 166, 167, 168, 169, 170, 171, 172, 173, 174, 175, 176, 177, 178, 179, 180], 1:[], 2:[], 3:[], 4:[], 5:[], 6:[], 7:[], 8:[], 9:[], 10:[], 11:[], 12:[], 13:[], 14:[], 15:[], 16:[], 17:[], 18:[], 19:[], 20:[], 21:[], 22:[], 23:[], 24:[], 25:[], 26:[], 27:[], 28:[], 29:[], 30:[], 31:[], 32:[], 33:[], 34:[], 35:[], 36:[], 37:[], 38:[], 39:[], 40:[], 41:[], 42:[], 43:[], 44:[], 45:[], 46:[], 47:[], 48:[], 49:[], 50:[], 51:[], 52:[], 53:[], 54:[], 55:[], 56:[], 57:[], 58:[], 59:[], 60:[], 61:[], 62:[], 63:[], 64:[], 65:[], 66:[], 67:[], 68:[], 69:[], 70:[], 71:[], 72:[], 73:[], 74:[], 75:[], 76:[], 77:[], 78:[], 79:[], 80:[], 81:[], 82:[], 83:[], 84:[], 85:[], 86:[], 87:[], 88:[], 89:[], 90:[], 91:[], 92:[], 93:[], 94:[], 95:[], 96:[], 97:[], 98:[], 99:[], 100:[], 101:[], 102:[], 103:[], 104:[], 105:[], 106:[], 107:[], 108:[], 109:[], 110:[], 111:[], 112:[], 113:[], 114:[], 115:[], 116:[], 117:[], 118:[], 119:[], 120:[], 121:[], 122:[], 123:[], 124:[], 125:[], 126:[], 127:[], 128:[], 129:[], 130:[], 131:[], 132:[], 133:[], 134:[], 135:[], 136:[], 137:[], 138:[], 139:[], 140:[], 141:[], 142:[], 143:[], 144:[], 145:[], 146:[], 147:[], 148:[], 149:[], 150:[], 151:[], 152:[], 153:[], 154:[], 155:[], 156:[], 157:[], 158:[], 159:[], 160:[], 161:[], 162:[], 163:[], 164:[], 165:[], 166:[], 167:[], 168:[], 169:[], 170:[], 171:[], 172:[], 173:[], 174:[], 175:[], 176:[], 177:[], 178:[], 179:[], 180:[]",57896639704,69128058007
4349,2,28343.8759,28785048,430187555,3435154148,653.0242,false,181,true,true,true,true,true,false,false,"0:[0, 1, 2, 3, 4, 5, 6, 7, 8, 9, 10, 11, 12, 13, 14, 15, 16, 17, 18, 19, 20, 21, 22, 23, 24, 25, 26, 27, 28, 29, 30, 31, 32, 33, 34, 35, 36, 37, 38, 39, 40, 41, 42, 43, 44, 45, 46, 47, 48, 49, 50, 51, 52, 53, 54, 55, 56, 57, 58, 59, 60, 61, 62, 63, 64, 65, 66, 67, 68, 69, 70, 71, 72, 73, 74, 75, 76, 77, 78, 79, 80, 81, 82, 83, 84, 85, 86, 87, 88, 89, 90, 91, 92, 93, 94, 95, 96, 97, 98, 99, 100, 101, 102, 103, 104, 105, 106, 107, 108, 109, 110, 111, 112, 113, 114, 115, 116, 117, 118, 119, 120, 121, 122, 123, 124, 125, 126, 127, 128, 129, 130, 131, 132, 133, 134, 135, 136, 137, 138, 139, 140, 141, 142, 143, 144, 145, 146, 147, 148, 149, 150, 151, 152, 153, 154, 155, 156, 157, 158, 159, 160, 161, 162, 163, 164, 165, 166, 167, 168, 169, 170, 171, 172, 173, 174, 175, 176, 177, 178, 179, 180], 1:[], 2:[], 3:[], 4:[], 5:[], 6:[], 7:[], 8:[], 9:[], 10:[], 11:[], 12:[], 13:[], 14:[], 15:[], 16:[], 17:[], 18:[], 19:[], 20:[], 21:[], 22:[], 23:[], 24:[], 25:[], 26:[], 27:[], 28:[], 29:[], 30:[], 31:[], 32:[], 33:[], 34:[], 35:[], 36:[], 37:[], 38:[], 39:[], 40:[], 41:[], 42:[], 43:[], 44:[], 45:[], 46:[], 47:[], 48:[], 49:[], 50:[], 51:[], 52:[], 53:[], 54:[], 55:[], 56:[], 57:[], 58:[], 59:[], 60:[], 61:[], 62:[], 63:[], 64:[], 65:[], 66:[], 67:[], 68:[], 69:[], 70:[], 71:[], 72:[], 73:[], 74:[], 75:[], 76:[], 77:[], 78:[], 79:[], 80:[], 81:[], 82:[], 83:[], 84:[], 85:[], 86:[], 87:[], 88:[], 89:[], 90:[], 91:[], 92:[], 93:[], 94:[], 95:[], 96:[], 97:[], 98:[], 99:[], 100:[], 101:[], 102:[], 103:[], 104:[], 105:[], 106:[], 107:[], 108:[], 109:[], 110:[], 111:[], 112:[], 113:[], 114:[], 115:[], 116:[], 117:[], 118:[], 119:[], 120:[], 121:[], 122:[], 123:[], 124:[], 125:[], 126:[], 127:[], 128:[], 129:[], 130:[], 131:[], 132:[], 133:[], 134:[], 135:[], 136:[], 137:[], 138:[], 139:[], 140:[], 141:[], 142:[], 143:[], 144:[], 145:[], 146:[], 147:[], 148:[], 149:[], 150:[], 151:[], 152:[], 153:[], 154:[], 155:[], 156:[], 157:[], 158:[], 159:[], 160:[], 161:[], 162:[], 163:[], 164:[], 165:[], 166:[], 167:[], 168:[], 169:[], 170:[], 171:[], 172:[], 173:[], 174:[], 175:[], 176:[], 177:[], 178:[], 179:[], 180:[]",58138662976,69479410575
4357,2,28522.4355,28943533,432561553,3454123573,738.3118,false,182,true,true,true,true,true,false,false,"0:[0, 1, 2, 3, 4, 5, 6, 7, 8, 9, 10, 11, 12, 13, 14, 15, 16, 17, 18, 19, 20, 21, 22, 23, 24, 25, 26, 27, 28, 29, 30, 31, 32, 33, 34, 35, 36, 37, 38, 39, 40, 41, 42, 43, 44, 45, 46, 47, 48, 49, 50, 51, 52, 53, 54, 55, 56, 57, 58, 59, 60, 61, 62, 63, 64, 65, 66, 67, 68, 69, 70, 71, 72, 73, 74, 75, 76, 77, 78, 79, 80, 81, 82, 83, 84, 85, 86, 87, 88, 89, 90, 91, 92, 93, 94, 95, 96, 97, 98, 99, 100, 101, 102, 103, 104, 105, 106, 107, 108, 109, 110, 111, 112, 113, 114, 115, 116, 117, 118, 119, 120, 121, 122, 123, 124, 125, 126, 127, 128, 129, 130, 131, 132, 133, 134, 135, 136, 137, 138, 139, 140, 141, 142, 143, 144, 145, 146, 147, 148, 149, 150, 151, 152, 153, 154, 155, 156, 157, 158, 159, 160, 161, 162, 163, 164, 165, 166, 167, 168, 169, 170, 171, 172, 173, 174, 175, 176, 177, 178, 179, 180, 181], 1:[], 2:[], 3:[], 4:[], 5:[], 6:[], 7:[], 8:[], 9:[], 10:[], 11:[], 12:[], 13:[], 14:[], 15:[], 16:[], 17:[], 18:[], 19:[], 20:[], 21:[], 22:[], 23:[], 24:[], 25:[], 26:[], 27:[], 28:[], 29:[], 30:[], 31:[], 32:[], 33:[], 34:[], 35:[], 36:[], 37:[], 38:[], 39:[], 40:[], 41:[], 42:[], 43:[], 44:[], 45:[], 46:[], 47:[], 48:[], 49:[], 50:[], 51:[], 52:[], 53:[], 54:[], 55:[], 56:[], 57:[], 58:[], 59:[], 60:[], 61:[], 62:[], 63:[], 64:[], 65:[], 66:[], 67:[], 68:[], 69:[], 70:[], 71:[], 72:[], 73:[], 74:[], 75:[], 76:[], 77:[], 78:[], 79:[], 80:[], 81:[], 82:[], 83:[], 84:[], 85:[], 86:[], 87:[], 88:[], 89:[], 90:[], 91:[], 92:[], 93:[], 94:[], 95:[], 96:[], 97:[], 98:[], 99:[], 100:[], 101:[], 102:[], 103:[], 104:[], 105:[], 106:[], 107:[], 108:[], 109:[], 110:[], 111:[], 112:[], 113:[], 114:[], 115:[], 116:[], 117:[], 118:[], 119:[], 120:[], 121:[], 122:[], 123:[], 124:[], 125:[], 126:[], 127:[], 128:[], 129:[], 130:[], 131:[], 132:[], 133:[], 134:[], 135:[], 136:[], 137:[], 138:[], 139:[], 140:[], 141:[], 142:[], 143:[], 144:[], 145:[], 146:[], 147:[], 148:[], 149:[], 150:[], 151:[], 152:[], 153:[], 154:[], 155:[], 156:[], 157:[], 158:[], 159:[], 160:[], 161:[], 162:[], 163:[], 164:[], 165:[], 166:[], 167:[], 168:[], 169:[], 170:[], 171:[], 172:[], 173:[], 174:[], 175:[], 176:[], 177:[], 178:[], 179:[], 180:[], 181:[]",58333020396,69761617249
4363,2,27999.3362,29063143,434349180,3468402913,750.0234,false,181,true,true,true,true,true,false,false,"0:[0, 1, 2, 3, 4, 5, 6, 7, 8, 9, 10, 11, 12, 13, 14, 15, 16, 17, 18, 19, 20, 21, 22, 23, 24, 25, 26, 27, 28, 29, 30, 31, 32, 33, 34, 35, 36, 37, 38, 39, 40, 41, 42, 43, 44, 45, 46, 47, 48, 49, 50, 51, 52, 53, 54, 55, 56, 57, 58, 59, 60, 61, 62, 63, 64, 65, 66, 67, 68, 69, 70, 71, 72, 73, 74, 75, 76, 77, 78, 79, 80, 81, 82, 83, 84, 85, 86, 87, 88, 89, 90, 91, 92, 93, 94, 95, 96, 97, 98, 99, 100, 101, 102, 103, 104, 105, 106, 107, 108, 109, 110, 111, 112, 113, 114, 115, 116, 117, 118, 119, 120, 121, 122, 123, 124, 125, 126, 127, 128, 129, 130, 131, 132, 133, 134, 135, 136, 137, 138, 139, 140, 141, 142, 143, 144, 145, 146, 147, 148, 149, 150, 151, 152, 153, 154, 155, 156, 157, 158, 159, 160, 161, 162, 163, 164, 165, 166, 167, 168, 169, 170, 171, 172, 173, 174, 175, 176, 177, 178, 179, 180], 1:[], 2:[], 3:[], 4:[], 5:[], 6:[], 7:[], 8:[], 9:[], 10:[], 11:[], 12:[], 13:[], 14:[], 15:[], 16:[], 17:[], 18:[], 19:[], 20:[], 21:[], 22:[], 23:[], 24:[], 25:[], 26:[], 27:[], 28:[], 29:[], 30:[], 31:[], 32:[], 33:[], 34:[], 35:[], 36:[], 37:[], 38:[], 39:[], 40:[], 41:[], 42:[], 43:[], 44:[], 45:[], 46:[], 47:[], 48:[], 49:[], 50:[], 51:[], 52:[], 53:[], 54:[], 55:[], 56:[], 57:[], 58:[], 59:[], 60:[], 61:[], 62:[], 63:[], 64:[], 65:[], 66:[], 67:[], 68:[], 69:[], 70:[], 71:[], 72:[], 73:[], 74:[], 75:[], 76:[], 77:[], 78:[], 79:[], 80:[], 81:[], 82:[], 83:[], 84:[], 85:[], 86:[], 87:[], 88:[], 89:[], 90:[], 91:[], 92:[], 93:[], 94:[], 95:[], 96:[], 97:[], 98:[], 99:[], 100:[], 101:[], 102:[], 103:[], 104:[], 105:[], 106:[], 107:[], 108:[], 109:[], 110:[], 111:[], 112:[], 113:[], 114:[], 115:[], 116:[], 117:[], 118:[], 119:[], 120:[], 121:[], 122:[], 123:[], 124:[], 125:[], 126:[], 127:[], 128:[], 129:[], 130:[], 131:[], 132:[], 133:[], 134:[], 135:[], 136:[], 137:[], 138:[], 139:[], 140:[], 141:[], 142:[], 143:[], 144:[], 145:[], 146:[], 147:[], 148:[], 149:[], 150:[], 151:[], 152:[], 153:[], 154:[], 155:[], 156:[], 157:[], 158:[], 159:[], 160:[], 161:[], 162:[], 163:[], 164:[], 165:[], 166:[], 167:[], 168:[], 169:[], 170:[], 171:[], 172:[], 173:[], 174:[], 175:[], 176:[], 177:[], 178:[], 179:[], 180:[]",58479379636,69974014464
4373,2,32206.9717,29262981,437340141,3492311378,705.6395,false,183,true,true,true,true,true,false,false,"0:[0, 1, 2, 3, 4, 5, 6, 7, 8, 9, 10, 11, 12, 13, 14, 15, 16, 17, 18, 19, 20, 21, 22, 23, 24, 25, 26, 27, 28, 29, 30, 31, 32, 33, 34, 35, 36, 37, 38, 39, 40, 41, 42, 43, 44, 45, 46, 47, 48, 49, 50, 51, 52, 53, 54, 55, 56, 57, 58, 59, 60, 61, 62, 63, 64, 65, 66, 67, 68, 69, 70, 71, 72, 73, 74, 75, 76, 77, 78, 79, 80, 81, 82, 83, 84, 85, 86, 87, 88, 89, 90, 91, 92, 93, 94, 95, 96, 97, 98, 99, 100, 101, 102, 103, 104, 105, 106, 107, 108, 109, 110, 111, 112, 113, 114, 115, 116, 117, 118, 119, 120, 121, 122, 123, 124, 125, 126, 127, 128, 129, 130, 131, 132, 133, 134, 135, 136, 137, 138, 139, 140, 141, 142, 143, 144, 145, 146, 147, 148, 149, 150, 151, 152, 153, 154, 155, 156, 157, 158, 159, 160, 161, 162, 163, 164, 165, 166, 167, 168, 169, 170, 171, 172, 173, 174, 175, 176, 177, 178, 179, 180, 181, 182], 1:[], 2:[], 3:[], 4:[], 5:[], 6:[], 7:[], 8:[], 9:[], 10:[], 11:[], 12:[], 13:[], 14:[], 15:[], 16:[], 17:[], 18:[], 19:[], 20:[], 21:[], 22:[], 23:[], 24:[], 25:[], 26:[], 27:[], 28:[], 29:[], 30:[], 31:[], 32:[], 33:[], 34:[], 35:[], 36:[], 37:[], 38:[], 39:[], 40:[], 41:[], 42:[], 43:[], 44:[], 45:[], 46:[], 47:[], 48:[], 49:[], 50:[], 51:[], 52:[], 53:[], 54:[], 55:[], 56:[], 57:[], 58:[], 59:[], 60:[], 61:[], 62:[], 63:[], 64:[], 65:[], 66:[], 67:[], 68:[], 69:[], 70:[], 71:[], 72:[], 73:[], 74:[], 75:[], 76:[], 77:[], 78:[], 79:[], 80:[], 81:[], 82:[], 83:[], 84:[], 85:[], 86:[], 87:[], 88:[], 89:[], 90:[], 91:[], 92:[], 93:[], 94:[], 95:[], 96:[], 97:[], 98:[], 99:[], 100:[], 101:[], 102:[], 103:[], 104:[], 105:[], 106:[], 107:[], 108:[], 109:[], 110:[], 111:[], 112:[], 113:[], 114:[], 115:[], 116:[], 117:[], 118:[], 119:[], 120:[], 121:[], 122:[], 123:[], 124:[], 125:[], 126:[], 127:[], 128:[], 129:[], 130:[], 131:[], 132:[], 133:[], 134:[], 135:[], 136:[], 137:[], 138:[], 139:[], 140:[], 141:[], 142:[], 143:[], 144:[], 145:[], 146:[], 147:[], 148:[], 149:[], 150:[], 151:[], 152:[], 153:[], 154:[], 155:[], 156:[], 157:[], 158:[], 159:[], 160:[], 161:[], 162:[], 163:[], 164:[], 165:[], 166:[], 167:[], 168:[], 169:[], 170:[], 171:[], 172:[], 173:[], 174:[], 175:[], 176:[], 177:[], 178:[], 179:[], 180:[], 181:[], 182:[]",58724251980,70329504941
4391,7,31053.7888,29625066,442753794,3535550168,843.7948,false,182,true,true,true,true,true,false,false,"0:[0, 1, 2, 3, 4, 5, 6, 7, 8, 9, 10, 11, 12, 13, 14, 15, 16, 17, 18, 19, 20, 21, 22, 23, 24, 25, 26, 27, 28, 29, 30, 31, 32, 33, 34, 35, 36, 37, 38, 39, 40, 41, 42, 43, 44, 45, 46, 47, 48, 49, 50, 51, 52, 53, 54, 55, 56, 57, 58, 59, 60, 61, 62, 63, 64, 65, 66, 67, 68, 69, 70, 71, 72, 73, 74, 75, 76, 77, 78, 79, 80, 81, 82, 83, 84, 85, 86, 87, 88, 89, 90, 91, 92, 93, 94, 95, 96, 97, 98, 99, 100, 101, 102, 103, 104, 105, 106, 107, 108, 109, 110, 111, 112, 113, 114, 115, 116, 117, 118, 119, 120, 121, 122, 123, 124, 125, 126, 127, 128, 129, 130, 131, 132, 133, 134, 135, 136, 137, 138, 139, 140, 141, 142, 143, 144, 145, 146, 147, 148, 149, 150, 151, 152, 153, 154, 155, 156, 157, 158, 159, 160, 161, 162, 163, 164, 165, 166, 167, 168, 169, 170, 171, 172, 173, 174, 175, 176, 177, 178, 179, 180, 181], 1:[], 2:[], 3:[], 4:[], 5:[], 6:[], 7:[], 8:[], 9:[], 10:[], 11:[], 12:[], 13:[], 14:[], 15:[], 16:[], 17:[], 18:[], 19:[], 20:[], 21:[], 22:[], 23:[], 24:[], 25:[], 26:[], 27:[], 28:[], 29:[], 30:[], 31:[], 32:[], 33:[], 34:[], 35:[], 36:[], 37:[], 38:[], 39:[], 40:[], 41:[], 42:[], 43:[], 44:[], 45:[], 46:[], 47:[], 48:[], 49:[], 50:[], 51:[], 52:[], 53:[], 54:[], 55:[], 56:[], 57:[], 58:[], 59:[], 60:[], 61:[], 62:[], 63:[], 64:[], 65:[], 66:[], 67:[], 68:[], 69:[], 70:[], 71:[], 72:[], 73:[], 74:[], 75:[], 76:[], 77:[], 78:[], 79:[], 80:[], 81:[], 82:[], 83:[], 84:[], 85:[], 86:[], 87:[], 88:[], 89:[], 90:[], 91:[], 92:[], 93:[], 94:[], 95:[], 96:[], 97:[], 98:[], 99:[], 100:[], 101:[], 102:[], 103:[], 104:[], 105:[], 106:[], 107:[], 108:[], 109:[], 110:[], 111:[], 112:[], 113:[], 114:[], 115:[], 116:[], 117:[], 118:[], 119:[], 120:[], 121:[], 122:[], 123:[], 124:[], 125:[], 126:[], 127:[], 128:[], 129:[], 130:[], 131:[], 132:[], 133:[], 134:[], 135:[], 136:[], 137:[], 138:[], 139:[], 140:[], 141:[], 142:[], 143:[], 144:[], 145:[], 146:[], 147:[], 148:[], 149:[], 150:[], 151:[], 152:[], 153:[], 154:[], 155:[], 156:[], 157:[], 158:[], 159:[], 160:[], 161:[], 162:[], 163:[], 164:[], 165:[], 166:[], 167:[], 168:[], 169:[], 170:[], 171:[], 172:[], 173:[], 174:[], 175:[], 176:[], 177:[], 178:[], 179:[], 180:[], 181:[]",60341887720,72147269394
4397,2,29390.1291,29746176,444571570,3550099053,853.5326,false,184,true,true,true,true,true,false,false,"0:[0, 1, 2, 3, 4, 5, 6, 7, 8, 9, 10, 11, 12, 13, 14, 15, 16, 17, 18, 19, 20, 21, 22, 23, 24, 25, 26, 27, 28, 29, 30, 31, 32, 33, 34, 35, 36, 37, 38, 39, 40, 41, 42, 43, 44, 45, 46, 47, 48, 49, 50, 51, 52, 53, 54, 55, 56, 57, 58, 59, 60, 61, 62, 63, 64, 65, 66, 67, 68, 69, 70, 71, 72, 73, 74, 75, 76, 77, 78, 79, 80, 81, 82, 83, 84, 85, 86, 87, 88, 89, 90, 91, 92, 93, 94, 95, 96, 97, 98, 99, 100, 101, 102, 103, 104, 105, 106, 107, 108, 109, 110, 111, 112, 113, 114, 115, 116, 117, 118, 119, 120, 121, 122, 123, 124, 125, 126, 127, 128, 129, 130, 131, 132, 133, 134, 135, 136, 137, 138, 139, 140, 141, 142, 143, 144, 145, 146, 147, 148, 149, 150, 151, 152, 153, 154, 155, 156, 157, 158, 159, 160, 161, 162, 163, 164, 165, 166, 167, 168, 169, 170, 171, 172, 173, 174, 175, 176, 177, 178, 179, 180, 181, 182, 183], 1:[], 2:[], 3:[], 4:[], 5:[], 6:[], 7:[], 8:[], 9:[], 10:[], 11:[], 12:[], 13:[], 14:[], 15:[], 16:[], 17:[], 18:[], 19:[], 20:[], 21:[], 22:[], 23:[], 24:[], 25:[], 26:[], 27:[], 28:[], 29:[], 30:[], 31:[], 32:[], 33:[], 34:[], 35:[], 36:[], 37:[], 38:[], 39:[], 40:[], 41:[], 42:[], 43:[], 44:[], 45:[], 46:[], 47:[], 48:[], 49:[], 50:[], 51:[], 52:[], 53:[], 54:[], 55:[], 56:[], 57:[], 58:[], 59:[], 60:[], 61:[], 62:[], 63:[], 64:[], 65:[], 66:[], 67:[], 68:[], 69:[], 70:[], 71:[], 72:[], 73:[], 74:[], 75:[], 76:[], 77:[], 78:[], 79:[], 80:[], 81:[], 82:[], 83:[], 84:[], 85:[], 86:[], 87:[], 88:[], 89:[], 90:[], 91:[], 92:[], 93:[], 94:[], 95:[], 96:[], 97:[], 98:[], 99:[], 100:[], 101:[], 102:[], 103:[], 104:[], 105:[], 106:[], 107:[], 108:[], 109:[], 110:[], 111:[], 112:[], 113:[], 114:[], 115:[], 116:[], 117:[], 118:[], 119:[], 120:[], 121:[], 122:[], 123:[], 124:[], 125:[], 126:[], 127:[], 128:[], 129:[], 130:[], 131:[], 132:[], 133:[], 134:[], 135:[], 136:[], 137:[], 138:[], 139:[], 140:[], 141:[], 142:[], 143:[], 144:[], 145:[], 146:[], 147:[], 148:[], 149:[], 150:[], 151:[], 152:[], 153:[], 154:[], 155:[], 156:[], 157:[], 158:[], 159:[], 160:[], 161:[], 162:[], 163:[], 164:[], 165:[], 166:[], 167:[], 168:[], 169:[], 170:[], 171:[], 172:[], 173:[], 174:[], 175:[], 176:[], 177:[], 178:[], 179:[], 180:[], 181:[], 182:[], 183:[]",60490700880,72363375754
4409,3,33846.2700,29989756,448213081,3579175792,699.7865,false,184,true,true,true,true,true,false,false,"0:[0, 1, 2, 3, 4, 5, 6, 7, 8, 9, 10, 11, 12, 13, 14, 15, 16, 17, 18, 19, 20, 21, 22, 23, 24, 25, 26, 27, 28, 29, 30, 31, 32, 33, 34, 35, 36, 37, 38, 39, 40, 41, 42, 43, 44, 45, 46, 47, 48, 49, 50, 51, 52, 53, 54, 55, 56, 57, 58, 59, 60, 61, 62, 63, 64, 65, 66, 67, 68, 69, 70, 71, 72, 73, 74, 75, 76, 77, 78, 79, 80, 81, 82, 83, 84, 85, 86, 87, 88, 89, 90, 91, 92, 93, 94, 95, 96, 97, 98, 99, 100, 101, 102, 103, 104, 105, 106, 107, 108, 109, 110, 111, 112, 113, 114, 115, 116, 117, 118, 119, 120, 121, 122, 123, 124, 125, 126, 127, 128, 129, 130, 131, 132, 133, 134, 135, 136, 137, 138, 139, 140, 141, 142, 143, 144, 145, 146, 147, 148, 149, 150, 151, 152, 153, 154, 155, 156, 157, 158, 159, 160, 161, 162, 163, 164, 165, 166, 167, 168, 169, 170, 171, 172, 173, 174, 175, 176, 177, 178, 179, 180, 181, 182, 183], 1:[], 2:[], 3:[], 4:[], 5:[], 6:[], 7:[], 8:[], 9:[], 10:[], 11:[], 12:[], 13:[], 14:[], 15:[], 16:[], 17:[], 18:[], 19:[], 20:[], 21:[], 22:[], 23:[], 24:[], 25:[], 26:[], 27:[], 28:[], 29:[], 30:[], 31:[], 32:[], 33:[], 34:[], 35:[], 36:[], 37:[], 38:[], 39:[], 40:[], 41:[], 42:[], 43:[], 44:[], 45:[], 46:[], 47:[], 48:[], 49:[], 50:[], 51:[], 52:[], 53:[], 54:[], 55:[], 56:[], 57:[], 58:[], 59:[], 60:[], 61:[], 62:[], 63:[], 64:[], 65:[], 66:[], 67:[], 68:[], 69:[], 70:[], 71:[], 72:[], 73:[], 74:[], 75:[], 76:[], 77:[], 78:[], 79:[], 80:[], 81:[], 82:[], 83:[], 84:[], 85:[], 86:[], 87:[], 88:[], 89:[], 90:[], 91:[], 92:[], 93:[], 94:[], 95:[], 96:[], 97:[], 98:[], 99:[], 100:[], 101:[], 102:[], 103:[], 104:[], 105:[], 106:[], 107:[], 108:[], 109:[], 110:[], 111:[], 112:[], 113:[], 114:[], 115:[], 116:[], 117:[], 118:[], 119:[], 120:[], 121:[], 122:[], 123:[], 124:[], 125:[], 126:[], 127:[], 128:[], 129:[], 130:[], 131:[], 132:[], 133:[], 134:[], 135:[], 136:[], 137:[], 138:[], 139:[], 140:[], 141:[], 142:[], 143:[], 144:[], 145:[], 146:[], 147:[], 148:[], 149:[], 150:[], 151:[], 152:[], 153:[], 154:[], 155:[], 156:[], 157:[], 158:[], 159:[], 160:[], 161:[], 162:[], 163:[], 164:[], 165:[], 166:[], 167:[], 168:[], 169:[], 170:[], 171:[], 172:[], 173:[], 174:[], 175:[], 176:[], 177:[], 178:[], 179:[], 180:[], 181:[], 182:[], 183:[]",60788842000,72796180461
4421,2,30051.1409,30234661,451878908,3608473573,743.6406,false,184,true,true,true,true,true,false,false,"0:[0, 1, 2, 3, 4, 5, 6, 7, 8, 9, 10, 11, 12, 13, 14, 15, 16, 17, 18, 19, 20, 21, 22, 23, 24, 25, 26, 27, 28, 29, 30, 31, 32, 33, 34, 35, 36, 37, 38, 39, 40, 41, 42, 43, 44, 45, 46, 47, 48, 49, 50, 51, 52, 53, 54, 55, 56, 57, 58, 59, 60, 61, 62, 63, 64, 65, 66, 67, 68, 69, 70, 71, 72, 73, 74, 75, 76, 77, 78, 79, 80, 81, 82, 83, 84, 85, 86, 87, 88, 89, 90, 91, 92, 93, 94, 95, 96, 97, 98, 99, 100, 101, 102, 103, 104, 105, 106, 107, 108, 109, 110, 111, 112, 113, 114, 115, 116, 117, 118, 119, 120, 121, 122, 123, 124, 125, 126, 127, 128, 129, 130, 131, 132, 133, 134, 135, 136, 137, 138, 139, 140, 141, 142, 143, 144, 145, 146, 147, 148, 149, 150, 151, 152, 153, 154, 155, 156, 157, 158, 159, 160, 161, 162, 163, 164, 165, 166, 167, 168, 169, 170, 171, 172, 173, 174, 175, 176, 177, 178, 179, 180, 181, 182, 183], 1:[], 2:[], 3:[], 4:[], 5:[], 6:[], 7:[], 8:[], 9:[], 10:[], 11:[], 12:[], 13:[], 14:[], 15:[], 16:[], 17:[], 18:[], 19:[], 20:[], 21:[], 22:[], 23:[], 24:[], 25:[], 26:[], 27:[], 28:[], 29:[], 30:[], 31:[], 32:[], 33:[], 34:[], 35:[], 36:[], 37:[], 38:[], 39:[], 40:[], 41:[], 42:[], 43:[], 44:[], 45:[], 46:[], 47:[], 48:[], 49:[], 50:[], 51:[], 52:[], 53:[], 54:[], 55:[], 56:[], 57:[], 58:[], 59:[], 60:[], 61:[], 62:[], 63:[], 64:[], 65:[], 66:[], 67:[], 68:[], 69:[], 70:[], 71:[], 72:[], 73:[], 74:[], 75:[], 76:[], 77:[], 78:[], 79:[], 80:[], 81:[], 82:[], 83:[], 84:[], 85:[], 86:[], 87:[], 88:[], 89:[], 90:[], 91:[], 92:[], 93:[], 94:[], 95:[], 96:[], 97:[], 98:[], 99:[], 100:[], 101:[], 102:[], 103:[], 104:[], 105:[], 106:[], 107:[], 108:[], 109:[], 110:[], 111:[], 112:[], 113:[], 114:[], 115:[], 116:[], 117:[], 118:[], 119:[], 120:[], 121:[], 122:[], 123:[], 124:[], 125:[], 126:[], 127:[], 128:[], 129:[], 130:[], 131:[], 132:[], 133:[], 134:[], 135:[], 136:[], 137:[], 138:[], 139:[], 140:[], 141:[], 142:[], 143:[], 144:[], 145:[], 146:[], 147:[], 148:[], 149:[], 150:[], 151:[], 152:[], 153:[], 154:[], 155:[], 156:[], 157:[], 158:[], 159:[], 160:[], 161:[], 162:[], 163:[], 164:[], 165:[], 166:[], 167:[], 168:[], 169:[], 170:[], 171:[], 172:[], 173:[], 174:[], 175:[], 176:[], 177:[], 178:[], 179:[], 180:[], 181:[], 182:[], 183:[]",61088965500,73231869000
4423,3,29975.4442,30275546,452489965,3613345849,710.7557,false,185,true,true,true,true,true,false,false,"0:[0, 1, 2, 3, 4, 5, 6, 7, 8, 9, 10, 11, 12, 13, 14, 15, 16, 17, 18, 19, 20, 21, 22, 23, 24, 25, 26, 27, 28, 29, 30, 31, 32, 33, 34, 35, 36, 37, 38, 39, 40, 41, 42, 43, 44, 45, 46, 47, 48, 49, 50, 51, 52, 53, 54, 55, 56, 57, 58, 59, 60, 61, 62, 63, 64, 65, 66, 67, 68, 69, 70, 71, 72, 73, 74, 75, 76, 77, 78, 79, 80, 81, 82, 83, 84, 85, 86, 87, 88, 89, 90, 91, 92, 93, 94, 95, 96, 97, 98, 99, 100, 101, 102, 103, 104, 105, 106, 107, 108, 109, 110, 111, 112, 113, 114, 115, 116, 117, 118, 119, 120, 121, 122, 123, 124, 125, 126, 127, 128, 129, 130, 131, 132, 133, 134, 135, 136, 137, 138, 139, 140, 141, 142, 143, 144, 145, 146, 147, 148, 149, 150, 151, 152, 153, 154, 155, 156, 157, 158, 159, 160, 161, 162, 163, 164, 165, 166, 167, 168, 169, 170, 171, 172, 173, 174, 175, 176, 177, 178, 179, 180, 181, 182, 183, 184], 1:[], 2:[], 3:[], 4:[], 5:[], 6:[], 7:[], 8:[], 9:[], 10:[], 11:[], 12:[], 13:[], 14:[], 15:[], 16:[], 17:[], 18:[], 19:[], 20:[], 21:[], 22:[], 23:[], 24:[], 25:[], 26:[], 27:[], 28:[], 29:[], 30:[], 31:[], 32:[], 33:[], 34:[], 35:[], 36:[], 37:[], 38:[], 39:[], 40:[], 41:[], 42:[], 43:[], 44:[], 45:[], 46:[], 47:[], 48:[], 49:[], 50:[], 51:[], 52:[], 53:[], 54:[], 55:[], 56:[], 57:[], 58:[], 59:[], 60:[], 61:[], 62:[], 63:[], 64:[], 65:[], 66:[], 67:[], 68:[], 69:[], 70:[], 71:[], 72:[], 73:[], 74:[], 75:[], 76:[], 77:[], 78:[], 79:[], 80:[], 81:[], 82:[], 83:[], 84:[], 85:[], 86:[], 87:[], 88:[], 89:[], 90:[], 91:[], 92:[], 93:[], 94:[], 95:[], 96:[], 97:[], 98:[], 99:[], 100:[], 101:[], 102:[], 103:[], 104:[], 105:[], 106:[], 107:[], 108:[], 109:[], 110:[], 111:[], 112:[], 113:[], 114:[], 115:[], 116:[], 117:[], 118:[], 119:[], 120:[], 121:[], 122:[], 123:[], 124:[], 125:[], 126:[], 127:[], 128:[], 129:[], 130:[], 131:[], 132:[], 133:[], 134:[], 135:[], 136:[], 137:[], 138:[], 139:[], 140:[], 141:[], 142:[], 143:[], 144:[], 145:[], 146:[], 147:[], 148:[], 149:[], 150:[], 151:[], 152:[], 153:[], 154:[], 155:[], 156:[], 157:[], 158:[], 159:[], 160:[], 161:[], 162:[], 163:[], 164:[], 165:[], 166:[], 167:[], 168:[], 169:[], 170:[], 171:[], 172:[], 173:[], 174:[], 175:[], 176:[], 177:[], 178:[], 179:[], 180:[], 181:[], 182:[], 183:[], 184:[]",61138994840,73304483481
4441,7,37505.5141,30645546,458032208,3657654986,712.8169,false,186,true,true,true,true,true,false,false,"0:[0, 1, 2, 3, 4, 5, 6, 7, 8, 9, 10, 11, 12, 13, 14, 15, 16, 17, 18, 19, 20, 21, 22, 23, 24, 25, 26, 27, 28, 29, 30, 31, 32, 33, 34, 35, 36, 37, 38, 39, 40, 41, 42, 43, 44, 45, 46, 47, 48, 49, 50, 51, 52, 53, 54, 55, 56, 57, 58, 59, 60, 61, 62, 63, 64, 65, 66, 67, 68, 69, 70, 71, 72, 73, 74, 75, 76, 77, 78, 79, 80, 81, 82, 83, 84, 85, 86, 87, 88, 89, 90, 91, 92, 93, 94, 95, 96, 97, 98, 99, 100, 101, 102, 103, 104, 105, 106, 107, 108, 109, 110, 111, 112, 113, 114, 115, 116, 117, 118, 119, 120, 121, 122, 123, 124, 125, 126, 127, 128, 129, 130, 131, 132, 133, 134, 135, 136, 137, 138, 139, 140, 141, 142, 143, 144, 145, 146, 147, 148, 149, 150, 151, 152, 153, 154, 155, 156, 157, 158, 159, 160, 161, 162, 163, 164, 165, 166, 167, 168, 169, 170, 171, 172, 173, 174, 175, 176, 177, 178, 179, 180, 181, 182, 183, 184, 185], 1:[], 2:[], 3:[], 4:[], 5:[], 6:[], 7:[], 8:[], 9:[], 10:[], 11:[], 12:[], 13:[], 14:[], 15:[], 16:[], 17:[], 18:[], 19:[], 20:[], 21:[], 22:[], 23:[], 24:[], 25:[], 26:[], 27:[], 28:[], 29:[], 30:[], 31:[], 32:[], 33:[], 34:[], 35:[], 36:[], 37:[], 38:[], 39:[], 40:[], 41:[], 42:[], 43:[], 44:[], 45:[], 46:[], 47:[], 48:[], 49:[], 50:[], 51:[], 52:[], 53:[], 54:[], 55:[], 56:[], 57:[], 58:[], 59:[], 60:[], 61:[], 62:[], 63:[], 64:[], 65:[], 66:[], 67:[], 68:[], 69:[], 70:[], 71:[], 72:[], 73:[], 74:[], 75:[], 76:[], 77:[], 78:[], 79:[], 80:[], 81:[], 82:[], 83:[], 84:[], 85:[], 86:[], 87:[], 88:[], 89:[], 90:[], 91:[], 92:[], 93:[], 94:[], 95:[], 96:[], 97:[], 98:[], 99:[], 100:[], 101:[], 102:[], 103:[], 104:[], 105:[], 106:[], 107:[], 108:[], 109:[], 110:[], 111:[], 112:[], 113:[], 114:[], 115:[], 116:[], 117:[], 118:[], 119:[], 120:[], 121:[], 122:[], 123:[], 124:[], 125:[], 126:[], 127:[], 128:[], 129:[], 130:[], 131:[], 132:[], 133:[], 134:[], 135:[], 136:[], 137:[], 138:[], 139:[], 140:[], 141:[], 142:[], 143:[], 144:[], 145:[], 146:[], 147:[], 148:[], 149:[], 150:[], 151:[], 152:[], 153:[], 154:[], 155:[], 156:[], 157:[], 158:[], 159:[], 160:[], 161:[], 162:[], 163:[], 164:[], 165:[], 166:[], 167:[], 168:[], 169:[], 170:[], 171:[], 172:[], 173:[], 174:[], 175:[], 176:[], 177:[], 178:[], 179:[], 180:[], 181:[], 182:[], 183:[], 184:[], 185:[]",61592734280,73963250520
4447,3,32825.4793,30769794,459887017,3672457824,733.9513,false,186,true,true,true,true,true,false,false,"0:[0, 1, 2, 3, 4, 5, 6, 7, 8, 9, 10, 11, 12, 13, 14, 15, 16, 17, 18, 19, 20, 21, 22, 23, 24, 25, 26, 27, 28, 29, 30, 31, 32, 33, 34, 35, 36, 37, 38, 39, 40, 41, 42, 43, 44, 45, 46, 47, 48, 49, 50, 51, 52, 53, 54, 55, 56, 57, 58, 59, 60, 61, 62, 63, 64, 65, 66, 67, 68, 69, 70, 71, 72, 73, 74, 75, 76, 77, 78, 79, 80, 81, 82, 83, 84, 85, 86, 87, 88, 89, 90, 91, 92, 93, 94, 95, 96, 97, 98, 99, 100, 101, 102, 103, 104, 105, 106, 107, 108, 109, 110, 111, 112, 113, 114, 115, 116, 117, 118, 119, 120, 121, 122, 123, 124, 125, 126, 127, 128, 129, 130, 131, 132, 133, 134, 135, 136, 137, 138, 139, 140, 141, 142, 143, 144, 145, 146, 147, 148, 149, 150, 151, 152, 153, 154, 155, 156, 157, 158, 159, 160, 161, 162, 163, 164, 165, 166, 167, 168, 169, 170, 171, 172, 173, 174, 175, 176, 177, 178, 179, 180, 181, 182, 183, 184, 185], 1:[], 2:[], 3:[], 4:[], 5:[], 6:[], 7:[], 8:[], 9:[], 10:[], 11:[], 12:[], 13:[], 14:[], 15:[], 16:[], 17:[], 18:[], 19:[], 20:[], 21:[], 22:[], 23:[], 24:[], 25:[], 26:[], 27:[], 28:[], 29:[], 30:[], 31:[], 32:[], 33:[], 34:[], 35:[], 36:[], 37:[], 38:[], 39:[], 40:[], 41:[], 42:[], 43:[], 44:[], 45:[], 46:[], 47:[], 48:[], 49:[], 50:[], 51:[], 52:[], 53:[], 54:[], 55:[], 56:[], 57:[], 58:[], 59:[], 60:[], 61:[], 62:[], 63:[], 64:[], 65:[], 66:[], 67:[], 68:[], 69:[], 70:[], 71:[], 72:[], 73:[], 74:[], 75:[], 76:[], 77:[], 78:[], 79:[], 80:[], 81:[], 82:[], 83:[], 84:[], 85:[], 86:[], 87:[], 88:[], 89:[], 90:[], 91:[], 92:[], 93:[], 94:[], 95:[], 96:[], 97:[], 98:[], 99:[], 100:[], 101:[], 102:[], 103:[], 104:[], 105:[], 106:[], 107:[], 108:[], 109:[], 110:[], 111:[], 112:[], 113:[], 114:[], 115:[], 116:[], 117:[], 118:[], 119:[], 120:[], 121:[], 122:[], 123:[], 124:[], 125:[], 126:[], 127:[], 128:[], 129:[], 130:[], 131:[], 132:[], 133:[], 134:[], 135:[], 136:[], 137:[], 138:[], 139:[], 140:[], 141:[], 142:[], 143:[], 144:[], 145:[], 146:[], 147:[], 148:[], 149:[], 150:[], 151:[], 152:[], 153:[], 154:[], 155:[], 156:[], 157:[], 158:[], 159:[], 160:[], 161:[], 162:[], 163:[], 164:[], 165:[], 166:[], 167:[], 168:[], 169:[], 170:[], 171:[], 172:[], 173:[], 174:[], 175:[], 176:[], 177:[], 178:[], 179:[], 180:[], 181:[], 182:[], 183:[], 184:[], 185:[]",61744597944,74183635045
4451,2,29230.9495,30852936,461126278,3682345578,712.2677,false,186,true,true,true,true,true,false,false,"0:[0, 1, 2, 3, 4, 5, 6, 7, 8, 9, 10, 11, 12, 13, 14, 15, 16, 17, 18, 19, 20, 21, 22, 23, 24, 25, 26, 27, 28, 29, 30, 31, 32, 33, 34, 35, 36, 37, 38, 39, 40, 41, 42, 43, 44, 45, 46, 47, 48, 49, 50, 51, 52, 53, 54, 55, 56, 57, 58, 59, 60, 61, 62, 63, 64, 65, 66, 67, 68, 69, 70, 71, 72, 73, 74, 75, 76, 77, 78, 79, 80, 81, 82, 83, 84, 85, 86, 87, 88, 89, 90, 91, 92, 93, 94, 95, 96, 97, 98, 99, 100, 101, 102, 103, 104, 105, 106, 107, 108, 109, 110, 111, 112, 113, 114, 115, 116, 117, 118, 119, 120, 121, 122, 123, 124, 125, 126, 127, 128, 129, 130, 131, 132, 133, 134, 135, 136, 137, 138, 139, 140, 141, 142, 143, 144, 145, 146, 147, 148, 149, 150, 151, 152, 153, 154, 155, 156, 157, 158, 159, 160, 161, 162, 163, 164, 165, 166, 167, 168, 169, 170, 171, 172, 173, 174, 175, 176, 177, 178, 179, 180, 181, 182, 183, 184, 185], 1:[], 2:[], 3:[], 4:[], 5:[], 6:[], 7:[], 8:[], 9:[], 10:[], 11:[], 12:[], 13:[], 14:[], 15:[], 16:[], 17:[], 18:[], 19:[], 20:[], 21:[], 22:[], 23:[], 24:[], 25:[], 26:[], 27:[], 28:[], 29:[], 30:[], 31:[], 32:[], 33:[], 34:[], 35:[], 36:[], 37:[], 38:[], 39:[], 40:[], 41:[], 42:[], 43:[], 44:[], 45:[], 46:[], 47:[], 48:[], 49:[], 50:[], 51:[], 52:[], 53:[], 54:[], 55:[], 56:[], 57:[], 58:[], 59:[], 60:[], 61:[], 62:[], 63:[], 64:[], 65:[], 66:[], 67:[], 68:[], 69:[], 70:[], 71:[], 72:[], 73:[], 74:[], 75:[], 76:[], 77:[], 78:[], 79:[], 80:[], 81:[], 82:[], 83:[], 84:[], 85:[], 86:[], 87:[], 88:[], 89:[], 90:[], 91:[], 92:[], 93:[], 94:[], 95:[], 96:[], 97:[], 98:[], 99:[], 100:[], 101:[], 102:[], 103:[], 104:[], 105:[], 106:[], 107:[], 108:[], 109:[], 110:[], 111:[], 112:[], 113:[], 114:[], 115:[], 116:[], 117:[], 118:[], 119:[], 120:[], 121:[], 122:[], 123:[], 124:[], 125:[], 126:[], 127:[], 128:[], 129:[], 130:[], 131:[], 132:[], 133:[], 134:[], 135:[], 136:[], 137:[], 138:[], 139:[], 140:[], 141:[], 142:[], 143:[], 144:[], 145:[], 146:[], 147:[], 148:[], 149:[], 150:[], 151:[], 152:[], 153:[], 154:[], 155:[], 156:[], 157:[], 158:[], 159:[], 160:[], 161:[], 162:[], 163:[], 164:[], 165:[], 166:[], 167:[], 168:[], 169:[], 170:[], 171:[], 172:[], 173:[], 174:[], 175:[], 176:[], 177:[], 178:[], 179:[], 180:[], 181:[], 182:[], 183:[], 184:[], 185:[]",61846066800,74330872238
4457,3,35447.1253,30977370,462993959,3697294027,735.3145,false,185,true,true,true,true,true,false,false,"0:[0, 1, 2, 3, 4, 5, 6, 7, 8, 9, 10, 11, 12, 13, 14, 15, 16, 17, 18, 19, 20, 21, 22, 23, 24, 25, 26, 27, 28, 29, 30, 31, 32, 33, 34, 35, 36, 37, 38, 39, 40, 41, 42, 43, 44, 45, 46, 47, 48, 49, 50, 51, 52, 53, 54, 55, 56, 57, 58, 59, 60, 61, 62, 63, 64, 65, 66, 67, 68, 69, 70, 71, 72, 73, 74, 75, 76, 77, 78, 79, 80, 81, 82, 83, 84, 85, 86, 87, 88, 89, 90, 91, 92, 93, 94, 95, 96, 97, 98, 99, 100, 101, 102, 103, 104, 105, 106, 107, 108, 109, 110, 111, 112, 113, 114, 115, 116, 117, 118, 119, 120, 121, 122, 123, 124, 125, 126, 127, 128, 129, 130, 131, 132, 133, 134, 135, 136, 137, 138, 139, 140, 141, 142, 143, 144, 145, 146, 147, 148, 149, 150, 151, 152, 153, 154, 155, 156, 157, 158, 159, 160, 161, 162, 163, 164, 165, 166, 167, 168, 169, 170, 171, 172, 173, 174, 175, 176, 177, 178, 179, 180, 181, 182, 183, 184], 1:[], 2:[], 3:[], 4:[], 5:[], 6:[], 7:[], 8:[], 9:[], 10:[], 11:[], 12:[], 13:[], 14:[], 15:[], 16:[], 17:[], 18:[], 19:[], 20:[], 21:[], 22:[], 23:[], 24:[], 25:[], 26:[], 27:[], 28:[], 29:[], 30:[], 31:[], 32:[], 33:[], 34:[], 35:[], 36:[], 37:[], 38:[], 39:[], 40:[], 41:[], 42:[], 43:[], 44:[], 45:[], 46:[], 47:[], 48:[], 49:[], 50:[], 51:[], 52:[], 53:[], 54:[], 55:[], 56:[], 57:[], 58:[], 59:[], 60:[], 61:[], 62:[], 63:[], 64:[], 65:[], 66:[], 67:[], 68:[], 69:[], 70:[], 71:[], 72:[], 73:[], 74:[], 75:[], 76:[], 77:[], 78:[], 79:[], 80:[], 81:[], 82:[], 83:[], 84:[], 85:[], 86:[], 87:[], 88:[], 89:[], 90:[], 91:[], 92:[], 93:[], 94:[], 95:[], 96:[], 97:[], 98:[], 99:[], 100:[], 101:[], 102:[], 103:[], 104:[], 105:[], 106:[], 107:[], 108:[], 109:[], 110:[], 111:[], 112:[], 113:[], 114:[], 115:[], 116:[], 117:[], 118:[], 119:[], 120:[], 121:[], 122:[], 123:[], 124:[], 125:[], 126:[], 127:[], 128:[], 129:[], 130:[], 131:[], 132:[], 133:[], 134:[], 135:[], 136:[], 137:[], 138:[], 139:[], 140:[], 141:[], 142:[], 143:[], 144:[], 145:[], 146:[], 147:[], 148:[], 149:[], 150:[], 151:[], 152:[], 153:[], 154:[], 155:[], 156:[], 157:[], 158:[], 159:[], 160:[], 161:[], 162:[], 163:[], 164:[], 165:[], 166:[], 167:[], 168:[], 169:[], 170:[], 171:[], 172:[], 173:[], 174:[], 175:[], 176:[], 177:[], 178:[], 179:[], 180:[], 181:[], 182:[], 183:[], 184:[]",61998965432,74552911547
4463,5,33198.2385,31102512,464864331,3712234372,734.3454,false,186,true,true,true,true,true,false,false,"0:[0, 1, 2, 3, 4, 5, 6, 7, 8, 9, 10, 11, 12, 13, 14, 15, 16, 17, 18, 19, 20, 21, 22, 23, 24, 25, 26, 27, 28, 29, 30, 31, 32, 33, 34, 35, 36, 37, 38, 39, 40, 41, 42, 43, 44, 45, 46, 47, 48, 49, 50, 51, 52, 53, 54, 55, 56, 57, 58, 59, 60, 61, 62, 63, 64, 65, 66, 67, 68, 69, 70, 71, 72, 73, 74, 75, 76, 77, 78, 79, 80, 81, 82, 83, 84, 85, 86, 87, 88, 89, 90, 91, 92, 93, 94, 95, 96, 97, 98, 99, 100, 101, 102, 103, 104, 105, 106, 107, 108, 109, 110, 111, 112, 113, 114, 115, 116, 117, 118, 119, 120, 121, 122, 123, 124, 125, 126, 127, 128, 129, 130, 131, 132, 133, 134, 135, 136, 137, 138, 139, 140, 141, 142, 143, 144, 145, 146, 147, 148, 149, 150, 151, 152, 153, 154, 155, 156, 157, 158, 159, 160, 161, 162, 163, 164, 165, 166, 167, 168, 169, 170, 171, 172, 173, 174, 175, 176, 177, 178, 179, 180, 181, 182, 183, 184, 185], 1:[], 2:[], 3:[], 4:[], 5:[], 6:[], 7:[], 8:[], 9:[], 10:[], 11:[], 12:[], 13:[], 14:[], 15:[], 16:[], 17:[], 18:[], 19:[], 20:[], 21:[], 22:[], 23:[], 24:[], 25:[], 26:[], 27:[], 28:[], 29:[], 30:[], 31:[], 32:[], 33:[], 34:[], 35:[], 36:[], 37:[], 38:[], 39:[], 40:[], 41:[], 42:[], 43:[], 44:[], 45:[], 46:[], 47:[], 48:[], 49:[], 50:[], 51:[], 52:[], 53:[], 54:[], 55:[], 56:[], 57:[], 58:[], 59:[], 60:[], 61:[], 62:[], 63:[], 64:[], 65:[], 66:[], 67:[], 68:[], 69:[], 70:[], 71:[], 72:[], 73:[], 74:[], 75:[], 76:[], 77:[], 78:[], 79:[], 80:[], 81:[], 82:[], 83:[], 84:[], 85:[], 86:[], 87:[], 88:[], 89:[], 90:[], 91:[], 92:[], 93:[], 94:[], 95:[], 96:[], 97:[], 98:[], 99:[], 100:[], 101:[], 102:[], 103:[], 104:[], 105:[], 106:[], 107:[], 108:[], 109:[], 110:[], 111:[], 112:[], 113:[], 114:[], 115:[], 116:[], 117:[], 118:[], 119:[], 120:[], 121:[], 122:[], 123:[], 124:[], 125:[], 126:[], 127:[], 128:[], 129:[], 130:[], 131:[], 132:[], 133:[], 134:[], 135:[], 136:[], 137:[], 138:[], 139:[], 140:[], 141:[], 142:[], 143:[], 144:[], 145:[], 146:[], 147:[], 148:[], 149:[], 150:[], 151:[], 152:[], 153:[], 154:[], 155:[], 156:[], 157:[], 158:[], 159:[], 160:[], 161:[], 162:[], 163:[], 164:[], 165:[], 166:[], 167:[], 168:[], 169:[], 170:[], 171:[], 172:[], 173:[], 174:[], 175:[], 176:[], 177:[], 178:[], 179:[], 180:[], 181:[], 182:[], 183:[], 184:[], 185:[]",62152099168,74775141719
4481,3,37176.5494,31479206,470502436,3757283356,764.9559,false,187,true,true,true,true,true,false,false,"0:[0, 1, 2, 3, 4, 5, 6, 7, 8, 9, 10, 11, 12, 13, 14, 15, 16, 17, 18, 19, 20, 21, 22, 23, 24, 25, 26, 27, 28, 29, 30, 31, 32, 33, 34, 35, 36, 37, 38, 39, 40, 41, 42, 43, 44, 45, 46, 47, 48, 49, 50, 51, 52, 53, 54, 55, 56, 57, 58, 59, 60, 61, 62, 63, 64, 65, 66, 67, 68, 69, 70, 71, 72, 73, 74, 75, 76, 77, 78, 79, 80, 81, 82, 83, 84, 85, 86, 87, 88, 89, 90, 91, 92, 93, 94, 95, 96, 97, 98, 99, 100, 101, 102, 103, 104, 105, 106, 107, 108, 109, 110, 111, 112, 113, 114, 115, 116, 117, 118, 119, 120, 121, 122, 123, 124, 125, 126, 127, 128, 129, 130, 131, 132, 133, 134, 135, 136, 137, 138, 139, 140, 141, 142, 143, 144, 145, 146, 147, 148, 149, 150, 151, 152, 153, 154, 155, 156, 157, 158, 159, 160, 161, 162, 163, 164, 165, 166, 167, 168, 169, 170, 171, 172, 173, 174, 175, 176, 177, 178, 179, 180, 181, 182, 183, 184, 185, 186], 1:[], 2:[], 3:[], 4:[], 5:[], 6:[], 7:[], 8:[], 9:[], 10:[], 11:[], 12:[], 13:[], 14:[], 15:[], 16:[], 17:[], 18:[], 19:[], 20:[], 21:[], 22:[], 23:[], 24:[], 25:[], 26:[], 27:[], 28:[], 29:[], 30:[], 31:[], 32:[], 33:[], 34:[], 35:[], 36:[], 37:[], 38:[], 39:[], 40:[], 41:[], 42:[], 43:[], 44:[], 45:[], 46:[], 47:[], 48:[], 49:[], 50:[], 51:[], 52:[], 53:[], 54:[], 55:[], 56:[], 57:[], 58:[], 59:[], 60:[], 61:[], 62:[], 63:[], 64:[], 65:[], 66:[], 67:[], 68:[], 69:[], 70:[], 71:[], 72:[], 73:[], 74:[], 75:[], 76:[], 77:[], 78:[], 79:[], 80:[], 81:[], 82:[], 83:[], 84:[], 85:[], 86:[], 87:[], 88:[], 89:[], 90:[], 91:[], 92:[], 93:[], 94:[], 95:[], 96:[], 97:[], 98:[], 99:[], 100:[], 101:[], 102:[], 103:[], 104:[], 105:[], 106:[], 107:[], 108:[], 109:[], 110:[], 111:[], 112:[], 113:[], 114:[], 115:[], 116:[], 117:[], 118:[], 119:[], 120:[], 121:[], 122:[], 123:[], 124:[], 125:[], 126:[], 127:[], 128:[], 129:[], 130:[], 131:[], 132:[], 133:[], 134:[], 135:[], 136:[], 137:[], 138:[], 139:[], 140:[], 141:[], 142:[], 143:[], 144:[], 145:[], 146:[], 147:[], 148:[], 149:[], 150:[], 151:[], 152:[], 153:[], 154:[], 155:[], 156:[], 157:[], 158:[], 159:[], 160:[], 161:[], 162:[], 163:[], 164:[], 165:[], 166:[], 167:[], 168:[], 169:[], 170:[], 171:[], 172:[], 173:[], 174:[], 175:[], 176:[], 177:[], 178:[], 179:[], 180:[], 181:[], 182:[], 183:[], 184:[], 185:[], 186:[]",81404176920,75445310668
4483,2,30723.8833,31521206,471130195,3762289089,1017.1672,false,186,true,true,true,true,true,false,false,"0:[0, 1, 2, 3, 4, 5, 6, 7, 8, 9, 10, 11, 12, 13, 14, 15, 16, 17, 18, 19, 20, 21, 22, 23, 24, 25, 26, 27, 28, 29, 30, 31, 32, 33, 34, 35, 36, 37, 38, 39, 40, 41, 42, 43, 44, 45, 46, 47, 48, 49, 50, 51, 52, 53, 54, 55, 56, 57, 58, 59, 60, 61, 62, 63, 64, 65, 66, 67, 68, 69, 70, 71, 72, 73, 74, 75, 76, 77, 78, 79, 80, 81, 82, 83, 84, 85, 86, 87, 88, 89, 90, 91, 92, 93, 94, 95, 96, 97, 98, 99, 100, 101, 102, 103, 104, 105, 106, 107, 108, 109, 110, 111, 112, 113, 114, 115, 116, 117, 118, 119, 120, 121, 122, 123, 124, 125, 126, 127, 128, 129, 130, 131, 132, 133, 134, 135, 136, 137, 138, 139, 140, 141, 142, 143, 144, 145, 146, 147, 148, 149, 150, 151, 152, 153, 154, 155, 156, 157, 158, 159, 160, 161, 162, 163, 164, 165, 166, 167, 168, 169, 170, 171, 172, 173, 174, 175, 176, 177, 178, 179, 180, 181, 182, 183, 184, 185], 1:[], 2:[], 3:[], 4:[], 5:[], 6:[], 7:[], 8:[], 9:[], 10:[], 11:[], 12:[], 13:[], 14:[], 15:[], 16:[], 17:[], 18:[], 19:[], 20:[], 21:[], 22:[], 23:[], 24:[], 25:[], 26:[], 27:[], 28:[], 29:[], 30:[], 31:[], 32:[], 33:[], 34:[], 35:[], 36:[], 37:[], 38:[], 39:[], 40:[], 41:[], 42:[], 43:[], 44:[], 45:[], 46:[], 47:[], 48:[], 49:[], 50:[], 51:[], 52:[], 53:[], 54:[], 55:[], 56:[], 57:[], 58:[], 59:[], 60:[], 61:[], 62:[], 63:[], 64:[], 65:[], 66:[], 67:[], 68:[], 69:[], 70:[], 71:[], 72:[], 73:[], 74:[], 75:[], 76:[], 77:[], 78:[], 79:[], 80:[], 81:[], 82:[], 83:[], 84:[], 85:[], 86:[], 87:[], 88:[], 89:[], 90:[], 91:[], 92:[], 93:[], 94:[], 95:[], 96:[], 97:[], 98:[], 99:[], 100:[], 101:[], 102:[], 103:[], 104:[], 105:[], 106:[], 107:[], 108:[], 109:[], 110:[], 111:[], 112:[], 113:[], 114:[], 115:[], 116:[], 117:[], 118:[], 119:[], 120:[], 121:[], 122:[], 123:[], 124:[], 125:[], 126:[], 127:[], 128:[], 129:[], 130:[], 131:[], 132:[], 133:[], 134:[], 135:[], 136:[], 137:[], 138:[], 139:[], 140:[], 141:[], 142:[], 143:[], 144:[], 145:[], 146:[], 147:[], 148:[], 149:[], 150:[], 151:[], 152:[], 153:[], 154:[], 155:[], 156:[], 157:[], 158:[], 159:[], 160:[], 161:[], 162:[], 163:[], 164:[], 165:[], 166:[], 167:[], 168:[], 169:[], 170:[], 171:[], 172:[], 173:[], 174:[], 175:[], 176:[], 177:[], 178:[], 179:[], 180:[], 181:[], 182:[], 183:[], 184:[], 185:[]",81455573640,75519910439
4493,2,31418.2294,31732144,474288635,3787543805,885.1135,false,188,true,true,true,true,true,false,false,"0:[0, 1, 2, 3, 4, 5, 6, 7, 8, 9, 10, 11, 12, 13, 14, 15, 16, 17, 18, 19, 20, 21, 22, 23, 24, 25, 26, 27, 28, 29, 30, 31, 32, 33, 34, 35, 36, 37, 38, 39, 40, 41, 42, 43, 44, 45, 46, 47, 48, 49, 50, 51, 52, 53, 54, 55, 56, 57, 58, 59, 60, 61, 62, 63, 64, 65, 66, 67, 68, 69, 70, 71, 72, 73, 74, 75, 76, 77, 78, 79, 80, 81, 82, 83, 84, 85, 86, 87, 88, 89, 90, 91, 92, 93, 94, 95, 96, 97, 98, 99, 100, 101, 102, 103, 104, 105, 106, 107, 108, 109, 110, 111, 112, 113, 114, 115, 116, 117, 118, 119, 120, 121, 122, 123, 124, 125, 126, 127, 128, 129, 130, 131, 132, 133, 134, 135, 136, 137, 138, 139, 140, 141, 142, 143, 144, 145, 146, 147, 148, 149, 150, 151, 152, 153, 154, 155, 156, 157, 158, 159, 160, 161, 162, 163, 164, 165, 166, 167, 168, 169, 170, 171, 172, 173, 174, 175, 176, 177, 178, 179, 180, 181, 182, 183, 184, 185, 186, 187], 1:[], 2:[], 3:[], 4:[], 5:[], 6:[], 7:[], 8:[], 9:[], 10:[], 11:[], 12:[], 13:[], 14:[], 15:[], 16:[], 17:[], 18:[], 19:[], 20:[], 21:[], 22:[], 23:[], 24:[], 25:[], 26:[], 27:[], 28:[], 29:[], 30:[], 31:[], 32:[], 33:[], 34:[], 35:[], 36:[], 37:[], 38:[], 39:[], 40:[], 41:[], 42:[], 43:[], 44:[], 45:[], 46:[], 47:[], 48:[], 49:[], 50:[], 51:[], 52:[], 53:[], 54:[], 55:[], 56:[], 57:[], 58:[], 59:[], 60:[], 61:[], 62:[], 63:[], 64:[], 65:[], 66:[], 67:[], 68:[], 69:[], 70:[], 71:[], 72:[], 73:[], 74:[], 75:[], 76:[], 77:[], 78:[], 79:[], 80:[], 81:[], 82:[], 83:[], 84:[], 85:[], 86:[], 87:[], 88:[], 89:[], 90:[], 91:[], 92:[], 93:[], 94:[], 95:[], 96:[], 97:[], 98:[], 99:[], 100:[], 101:[], 102:[], 103:[], 104:[], 105:[], 106:[], 107:[], 108:[], 109:[], 110:[], 111:[], 112:[], 113:[], 114:[], 115:[], 116:[], 117:[], 118:[], 119:[], 120:[], 121:[], 122:[], 123:[], 124:[], 125:[], 126:[], 127:[], 128:[], 129:[], 130:[], 131:[], 132:[], 133:[], 134:[], 135:[], 136:[], 137:[], 138:[], 139:[], 140:[], 141:[], 142:[], 143:[], 144:[], 145:[], 146:[], 147:[], 148:[], 149:[], 150:[], 151:[], 152:[], 153:[], 154:[], 155:[], 156:[], 157:[], 158:[], 159:[], 160:[], 161:[], 162:[], 163:[], 164:[], 165:[], 166:[], 167:[], 168:[], 169:[], 170:[], 171:[], 172:[], 173:[], 174:[], 175:[], 176:[], 177:[], 178:[], 179:[], 180:[], 181:[], 182:[], 183:[], 184:[], 185:[], 186:[], 187:[]",81714155104,75895306183
4507,2,31484.7479,32028883,478727278,3822993374,879.7005,false,187,true,true,true,true,true,false,false,"0:[0, 1, 2, 3, 4, 5, 6, 7, 8, 9, 10, 11, 12, 13, 14, 15, 16, 17, 18, 19, 20, 21, 22, 23, 24, 25, 26, 27, 28, 29, 30, 31, 32, 33, 34, 35, 36, 37, 38, 39, 40, 41, 42, 43, 44, 45, 46, 47, 48, 49, 50, 51, 52, 53, 54, 55, 56, 57, 58, 59, 60, 61, 62, 63, 64, 65, 66, 67, 68, 69, 70, 71, 72, 73, 74, 75, 76, 77, 78, 79, 80, 81, 82, 83, 84, 85, 86, 87, 88, 89, 90, 91, 92, 93, 94, 95, 96, 97, 98, 99, 100, 101, 102, 103, 104, 105, 106, 107, 108, 109, 110, 111, 112, 113, 114, 115, 116, 117, 118, 119, 120, 121, 122, 123, 124, 125, 126, 127, 128, 129, 130, 131, 132, 133, 134, 135, 136, 137, 138, 139, 140, 141, 142, 143, 144, 145, 146, 147, 148, 149, 150, 151, 152, 153, 154, 155, 156, 157, 158, 159, 160, 161, 162, 163, 164, 165, 166, 167, 168, 169, 170, 171, 172, 173, 174, 175, 176, 177, 178, 179, 180, 181, 182, 183, 184, 185, 186], 1:[], 2:[], 3:[], 4:[], 5:[], 6:[], 7:[], 8:[], 9:[], 10:[], 11:[], 12:[], 13:[], 14:[], 15:[], 16:[], 17:[], 18:[], 19:[], 20:[], 21:[], 22:[], 23:[], 24:[], 25:[], 26:[], 27:[], 28:[], 29:[], 30:[], 31:[], 32:[], 33:[], 34:[], 35:[], 36:[], 37:[], 38:[], 39:[], 40:[], 41:[], 42:[], 43:[], 44:[], 45:[], 46:[], 47:[], 48:[], 49:[], 50:[], 51:[], 52:[], 53:[], 54:[], 55:[], 56:[], 57:[], 58:[], 59:[], 60:[], 61:[], 62:[], 63:[], 64:[], 65:[], 66:[], 67:[], 68:[], 69:[], 70:[], 71:[], 72:[], 73:[], 74:[], 75:[], 76:[], 77:[], 78:[], 79:[], 80:[], 81:[], 82:[], 83:[], 84:[], 85:[], 86:[], 87:[], 88:[], 89:[], 90:[], 91:[], 92:[], 93:[], 94:[], 95:[], 96:[], 97:[], 98:[], 99:[], 100:[], 101:[], 102:[], 103:[], 104:[], 105:[], 106:[], 107:[], 108:[], 109:[], 110:[], 111:[], 112:[], 113:[], 114:[], 115:[], 116:[], 117:[], 118:[], 119:[], 120:[], 121:[], 122:[], 123:[], 124:[], 125:[], 126:[], 127:[], 128:[], 129:[], 130:[], 131:[], 132:[], 133:[], 134:[], 135:[], 136:[], 137:[], 138:[], 139:[], 140:[], 141:[], 142:[], 143:[], 144:[], 145:[], 146:[], 147:[], 148:[], 149:[], 150:[], 151:[], 152:[], 153:[], 154:[], 155:[], 156:[], 157:[], 158:[], 159:[], 160:[], 161:[], 162:[], 163:[], 164:[], 165:[], 166:[], 167:[], 168:[], 169:[], 170:[], 171:[], 172:[], 173:[], 174:[], 175:[], 176:[], 177:[], 178:[], 179:[], 180:[], 181:[], 182:[], 183:[], 184:[], 185:[], 186:[]",82077555236,76422838794
4513,5,38701.0586,32156460,480639820,3838287047,871.7054,false,188,true,true,true,true,true,false,false,"0:[0, 1, 2, 3, 4, 5, 6, 7, 8, 9, 10, 11, 12, 13, 14, 15, 16, 17, 18, 19, 20, 21, 22, 23, 24, 25, 26, 27, 28, 29, 30, 31, 32, 33, 34, 35, 36, 37, 38, 39, 40, 41, 42, 43, 44, 45, 46, 47, 48, 49, 50, 51, 52, 53, 54, 55, 56, 57, 58, 59, 60, 61, 62, 63, 64, 65, 66, 67, 68, 69, 70, 71, 72, 73, 74, 75, 76, 77, 78, 79, 80, 81, 82, 83, 84, 85, 86, 87, 88, 89, 90, 91, 92, 93, 94, 95, 96, 97, 98, 99, 100, 101, 102, 103, 104, 105, 106, 107, 108, 109, 110, 111, 112, 113, 114, 115, 116, 117, 118, 119, 120, 121, 122, 123, 124, 125, 126, 127, 128, 129, 130, 131, 132, 133, 134, 135, 136, 137, 138, 139, 140, 141, 142, 143, 144, 145, 146, 147, 148, 149, 150, 151, 152, 153, 154, 155, 156, 157, 158, 159, 160, 161, 162, 163, 164, 165, 166, 167, 168, 169, 170, 171, 172, 173, 174, 175, 176, 177, 178, 179, 180, 181, 182, 183, 184, 185, 186, 187], 1:[], 2:[], 3:[], 4:[], 5:[], 6:[], 7:[], 8:[], 9:[], 10:[], 11:[], 12:[], 13:[], 14:[], 15:[], 16:[], 17:[], 18:[], 19:[], 20:[], 21:[], 22:[], 23:[], 24:[], 25:[], 26:[], 27:[], 28:[], 29:[], 30:[], 31:[], 32:[], 33:[], 34:[], 35:[], 36:[], 37:[], 38:[], 39:[], 40:[], 41:[], 42:[], 43:[], 44:[], 45:[], 46:[], 47:[], 48:[], 49:[], 50:[], 51:[], 52:[], 53:[], 54:[], 55:[], 56:[], 57:[], 58:[], 59:[], 60:[], 61:[], 62:[], 63:[], 64:[], 65:[], 66:[], 67:[], 68:[], 69:[], 70:[], 71:[], 72:[], 73:[], 74:[], 75:[], 76:[], 77:[], 78:[], 79:[], 80:[], 81:[], 82:[], 83:[], 84:[], 85:[], 86:[], 87:[], 88:[], 89:[], 90:[], 91:[], 92:[], 93:[], 94:[], 95:[], 96:[], 97:[], 98:[], 99:[], 100:[], 101:[], 102:[], 103:[], 104:[], 105:[], 106:[], 107:[], 108:[], 109:[], 110:[], 111:[], 112:[], 113:[], 114:[], 115:[], 116:[], 117:[], 118:[], 119:[], 120:[], 121:[], 122:[], 123:[], 124:[], 125:[], 126:[], 127:[], 128:[], 129:[], 130:[], 131:[], 132:[], 133:[], 134:[], 135:[], 136:[], 137:[], 138:[], 139:[], 140:[], 141:[], 142:[], 143:[], 144:[], 145:[], 146:[], 147:[], 148:[], 149:[], 150:[], 151:[], 152:[], 153:[], 154:[], 155:[], 156:[], 157:[], 158:[], 159:[], 160:[], 161:[], 162:[], 163:[], 164:[], 165:[], 166:[], 167:[], 168:[], 169:[], 170:[], 171:[], 172:[], 173:[], 174:[], 175:[], 176:[], 177:[], 178:[], 179:[], 180:[], 181:[], 182:[], 183:[], 184:[], 185:[], 186:[], 187:[]",82234130752,76650214428
4517,2,32626.7469,32242077,481920692,3848534794,898.6436,false,189,true,true,true,true,true,false,false,"0:[0, 1, 2, 3, 4, 5, 6, 7, 8, 9, 10, 11, 12, 13, 14, 15, 16, 17, 18, 19, 20, 21, 22, 23, 24, 25, 26, 27, 28, 29, 30, 31, 32, 33, 34, 35, 36, 37, 38, 39, 40, 41, 42, 43, 44, 45, 46, 47, 48, 49, 50, 51, 52, 53, 54, 55, 56, 57, 58, 59, 60, 61, 62, 63, 64, 65, 66, 67, 68, 69, 70, 71, 72, 73, 74, 75, 76, 77, 78, 79, 80, 81, 82, 83, 84, 85, 86, 87, 88, 89, 90, 91, 92, 93, 94, 95, 96, 97, 98, 99, 100, 101, 102, 103, 104, 105, 106, 107, 108, 109, 110, 111, 112, 113, 114, 115, 116, 117, 118, 119, 120, 121, 122, 123, 124, 125, 126, 127, 128, 129, 130, 131, 132, 133, 134, 135, 136, 137, 138, 139, 140, 141, 142, 143, 144, 145, 146, 147, 148, 149, 150, 151, 152, 153, 154, 155, 156, 157, 158, 159, 160, 161, 162, 163, 164, 165, 166, 167, 168, 169, 170, 171, 172, 173, 174, 175, 176, 177, 178, 179, 180, 181, 182, 183, 184, 185, 186, 187, 188], 1:[], 2:[], 3:[], 4:[], 5:[], 6:[], 7:[], 8:[], 9:[], 10:[], 11:[], 12:[], 13:[], 14:[], 15:[], 16:[], 17:[], 18:[], 19:[], 20:[], 21:[], 22:[], 23:[], 24:[], 25:[], 26:[], 27:[], 28:[], 29:[], 30:[], 31:[], 32:[], 33:[], 34:[], 35:[], 36:[], 37:[], 38:[], 39:[], 40:[], 41:[], 42:[], 43:[], 44:[], 45:[], 46:[], 47:[], 48:[], 49:[], 50:[], 51:[], 52:[], 53:[], 54:[], 55:[], 56:[], 57:[], 58:[], 59:[], 60:[], 61:[], 62:[], 63:[], 64:[], 65:[], 66:[], 67:[], 68:[], 69:[], 70:[], 71:[], 72:[], 73:[], 74:[], 75:[], 76:[], 77:[], 78:[], 79:[], 80:[], 81:[], 82:[], 83:[], 84:[], 85:[], 86:[], 87:[], 88:[], 89:[], 90:[], 91:[], 92:[], 93:[], 94:[], 95:[], 96:[], 97:[], 98:[], 99:[], 100:[], 101:[], 102:[], 103:[], 104:[], 105:[], 106:[], 107:[], 108:[], 109:[], 110:[], 111:[], 112:[], 113:[], 114:[], 115:[], 116:[], 117:[], 118:[], 119:[], 120:[], 121:[], 122:[], 123:[], 124:[], 125:[], 126:[], 127:[], 128:[], 129:[], 130:[], 131:[], 132:[], 133:[], 134:[], 135:[], 136:[], 137:[], 138:[], 139:[], 140:[], 141:[], 142:[], 143:[], 144:[], 145:[], 146:[], 147:[], 148:[], 149:[], 150:[], 151:[], 152:[], 153:[], 154:[], 155:[], 156:[], 157:[], 158:[], 159:[], 160:[], 161:[], 162:[], 163:[], 164:[], 165:[], 166:[], 167:[], 168:[], 169:[], 170:[], 171:[], 172:[], 173:[], 174:[], 175:[], 176:[], 177:[], 178:[], 179:[], 180:[], 181:[], 182:[], 183:[], 184:[], 185:[], 186:[], 187:[], 188:[]",82338997788,76802389984
4519,3,34616.0129,32284754,482559663,3853636475,851.6694,false,188,true,true,true,true,true,false,false,"0:[0, 1, 2, 3, 4, 5, 6, 7, 8, 9, 10, 11, 12, 13, 14, 15, 16, 17, 18, 19, 20, 21, 22, 23, 24, 25, 26, 27, 28, 29, 30, 31, 32, 33, 34, 35, 36, 37, 38, 39, 40, 41, 42, 43, 44, 45, 46, 47, 48, 49, 50, 51, 52, 53, 54, 55, 56, 57, 58, 59, 60, 61, 62, 63, 64, 65, 66, 67, 68, 69, 70, 71, 72, 73, 74, 75, 76, 77, 78, 79, 80, 81, 82, 83, 84, 85, 86, 87, 88, 89, 90, 91, 92, 93, 94, 95, 96, 97, 98, 99, 100, 101, 102, 103, 104, 105, 106, 107, 108, 109, 110, 111, 112, 113, 114, 115, 116, 117, 118, 119, 120, 121, 122, 123, 124, 125, 126, 127, 128, 129, 130, 131, 132, 133, 134, 135, 136, 137, 138, 139, 140, 141, 142, 143, 144, 145, 146, 147, 148, 149, 150, 151, 152, 153, 154, 155, 156, 157, 158, 159, 160, 161, 162, 163, 164, 165, 166, 167, 168, 169, 170, 171, 172, 173, 174, 175, 176, 177, 178, 179, 180, 181, 182, 183, 184, 185, 186, 187], 1:[], 2:[], 3:[], 4:[], 5:[], 6:[], 7:[], 8:[], 9:[], 10:[], 11:[], 12:[], 13:[], 14:[], 15:[], 16:[], 17:[], 18:[], 19:[], 20:[], 21:[], 22:[], 23:[], 24:[], 25:[], 26:[], 27:[], 28:[], 29:[], 30:[], 31:[], 32:[], 33:[], 34:[], 35:[], 36:[], 37:[], 38:[], 39:[], 40:[], 41:[], 42:[], 43:[], 44:[], 45:[], 46:[], 47:[], 48:[], 49:[], 50:[], 51:[], 52:[], 53:[], 54:[], 55:[], 56:[], 57:[], 58:[], 59:[], 60:[], 61:[], 62:[], 63:[], 64:[], 65:[], 66:[], 67:[], 68:[], 69:[], 70:[], 71:[], 72:[], 73:[], 74:[], 75:[], 76:[], 77:[], 78:[], 79:[], 80:[], 81:[], 82:[], 83:[], 84:[], 85:[], 86:[], 87:[], 88:[], 89:[], 90:[], 91:[], 92:[], 93:[], 94:[], 95:[], 96:[], 97:[], 98:[], 99:[], 100:[], 101:[], 102:[], 103:[], 104:[], 105:[], 106:[], 107:[], 108:[], 109:[], 110:[], 111:[], 112:[], 113:[], 114:[], 115:[], 116:[], 117:[], 118:[], 119:[], 120:[], 121:[], 122:[], 123:[], 124:[], 125:[], 126:[], 127:[], 128:[], 129:[], 130:[], 131:[], 132:[], 133:[], 134:[], 135:[], 136:[], 137:[], 138:[], 139:[], 140:[], 141:[], 142:[], 143:[], 144:[], 145:[], 146:[], 147:[], 148:[], 149:[], 150:[], 151:[], 152:[], 153:[], 154:[], 155:[], 156:[], 157:[], 158:[], 159:[], 160:[], 161:[], 162:[], 163:[], 164:[], 165:[], 166:[], 167:[], 168:[], 169:[], 170:[], 171:[], 172:[], 173:[], 174:[], 175:[], 176:[], 177:[], 178:[], 179:[], 180:[], 181:[], 182:[], 183:[], 184:[], 185:[], 186:[], 187:[]",82391310424,76878319939
4523,2,31921.5144,32370597,483840539,3863864037,820.3813,false,188,true,true,true,true,true,false,false,"0:[0, 1, 2, 3, 4, 5, 6, 7, 8, 9, 10, 11, 12, 13, 14, 15, 16, 17, 18, 19, 20, 21, 22, 23, 24, 25, 26, 27, 28, 29, 30, 31, 32, 33, 34, 35, 36, 37, 38, 39, 40, 41, 42, 43, 44, 45, 46, 47, 48, 49, 50, 51, 52, 53, 54, 55, 56, 57, 58, 59, 60, 61, 62, 63, 64, 65, 66, 67, 68, 69, 70, 71, 72, 73, 74, 75, 76, 77, 78, 79, 80, 81, 82, 83, 84, 85, 86, 87, 88, 89, 90, 91, 92, 93, 94, 95, 96, 97, 98, 99, 100, 101, 102, 103, 104, 105, 106, 107, 108, 109, 110, 111, 112, 113, 114, 115, 116, 117, 118, 119, 120, 121, 122, 123, 124, 125, 126, 127, 128, 129, 130, 131, 132, 133, 134, 135, 136, 137, 138, 139, 140, 141, 142, 143, 144, 145, 146, 147, 148, 149, 150, 151, 152, 153, 154, 155, 156, 157, 158, 159, 160, 161, 162, 163, 164, 165, 166, 167, 168, 169, 170, 171, 172, 173, 174, 175, 176, 177, 178, 179, 180, 181, 182, 183, 184, 185, 186, 187], 1:[], 2:[], 3:[], 4:[], 5:[], 6:[], 7:[], 8:[], 9:[], 10:[], 11:[], 12:[], 13:[], 14:[], 15:[], 16:[], 17:[], 18:[], 19:[], 20:[], 21:[], 22:[], 23:[], 24:[], 25:[], 26:[], 27:[], 28:[], 29:[], 30:[], 31:[], 32:[], 33:[], 34:[], 35:[], 36:[], 37:[], 38:[], 39:[], 40:[], 41:[], 42:[], 43:[], 44:[], 45:[], 46:[], 47:[], 48:[], 49:[], 50:[], 51:[], 52:[], 53:[], 54:[], 55:[], 56:[], 57:[], 58:[], 59:[], 60:[], 61:[], 62:[], 63:[], 64:[], 65:[], 66:[], 67:[], 68:[], 69:[], 70:[], 71:[], 72:[], 73:[], 74:[], 75:[], 76:[], 77:[], 78:[], 79:[], 80:[], 81:[], 82:[], 83:[], 84:[], 85:[], 86:[], 87:[], 88:[], 89:[], 90:[], 91:[], 92:[], 93:[], 94:[], 95:[], 96:[], 97:[], 98:[], 99:[], 100:[], 101:[], 102:[], 103:[], 104:[], 105:[], 106:[], 107:[], 108:[], 109:[], 110:[], 111:[], 112:[], 113:[], 114:[], 115:[], 116:[], 117:[], 118:[], 119:[], 120:[], 121:[], 122:[], 123:[], 124:[], 125:[], 126:[], 127:[], 128:[], 129:[], 130:[], 131:[], 132:[], 133:[], 134:[], 135:[], 136:[], 137:[], 138:[], 139:[], 140:[], 141:[], 142:[], 143:[], 144:[], 145:[], 146:[], 147:[], 148:[], 149:[], 150:[], 151:[], 152:[], 153:[], 154:[], 155:[], 156:[], 157:[], 158:[], 159:[], 160:[], 161:[], 162:[], 163:[], 164:[], 165:[], 166:[], 167:[], 168:[], 169:[], 170:[], 171:[], 172:[], 173:[], 174:[], 175:[], 176:[], 177:[], 178:[], 179:[], 180:[], 181:[], 182:[], 183:[], 184:[], 185:[], 186:[], 187:[]",82496184108,77030501715
4547,2,32258.4390,32887328,491573293,3925653318,870.6427,false,189,true,true,true,true,true,false,false,"0:[0, 1, 2, 3, 4, 5, 6, 7, 8, 9, 10, 11, 12, 13, 14, 15, 16, 17, 18, 19, 20, 21, 22, 23, 24, 25, 26, 27, 28, 29, 30, 31, 32, 33, 34, 35, 36, 37, 38, 39, 40, 41, 42, 43, 44, 45, 46, 47, 48, 49, 50, 51, 52, 53, 54, 55, 56, 57, 58, 59, 60, 61, 62, 63, 64, 65, 66, 67, 68, 69, 70, 71, 72, 73, 74, 75, 76, 77, 78, 79, 80, 81, 82, 83, 84, 85, 86, 87, 88, 89, 90, 91, 92, 93, 94, 95, 96, 97, 98, 99, 100, 101, 102, 103, 104, 105, 106, 107, 108, 109, 110, 111, 112, 113, 114, 115, 116, 117, 118, 119, 120, 121, 122, 123, 124, 125, 126, 127, 128, 129, 130, 131, 132, 133, 134, 135, 136, 137, 138, 139, 140, 141, 142, 143, 144, 145, 146, 147, 148, 149, 150, 151, 152, 153, 154, 155, 156, 157, 158, 159, 160, 161, 162, 163, 164, 165, 166, 167, 168, 169, 170, 171, 172, 173, 174, 175, 176, 177, 178, 179, 180, 181, 182, 183, 184, 185, 186, 187, 188], 1:[], 2:[], 3:[], 4:[], 5:[], 6:[], 7:[], 8:[], 9:[], 10:[], 11:[], 12:[], 13:[], 14:[], 15:[], 16:[], 17:[], 18:[], 19:[], 20:[], 21:[], 22:[], 23:[], 24:[], 25:[], 26:[], 27:[], 28:[], 29:[], 30:[], 31:[], 32:[], 33:[], 34:[], 35:[], 36:[], 37:[], 38:[], 39:[], 40:[], 41:[], 42:[], 43:[], 44:[], 45:[], 46:[], 47:[], 48:[], 49:[], 50:[], 51:[], 52:[], 53:[], 54:[], 55:[], 56:[], 57:[], 58:[], 59:[], 60:[], 61:[], 62:[], 63:[], 64:[], 65:[], 66:[], 67:[], 68:[], 69:[], 70:[], 71:[], 72:[], 73:[], 74:[], 75:[], 76:[], 77:[], 78:[], 79:[], 80:[], 81:[], 82:[], 83:[], 84:[], 85:[], 86:[], 87:[], 88:[], 89:[], 90:[], 91:[], 92:[], 93:[], 94:[], 95:[], 96:[], 97:[], 98:[], 99:[], 100:[], 101:[], 102:[], 103:[], 104:[], 105:[], 106:[], 107:[], 108:[], 109:[], 110:[], 111:[], 112:[], 113:[], 114:[], 115:[], 116:[], 117:[], 118:[], 119:[], 120:[], 121:[], 122:[], 123:[], 124:[], 125:[], 126:[], 127:[], 128:[], 129:[], 130:[], 131:[], 132:[], 133:[], 134:[], 135:[], 136:[], 137:[], 138:[], 139:[], 140:[], 141:[], 142:[], 143:[], 144:[], 145:[], 146:[], 147:[], 148:[], 149:[], 150:[], 151:[], 152:[], 153:[], 154:[], 155:[], 156:[], 157:[], 158:[], 159:[], 160:[], 161:[], 162:[], 163:[], 164:[], 165:[], 166:[], 167:[], 168:[], 169:[], 170:[], 171:[], 172:[], 173:[], 174:[], 175:[], 176:[], 177:[], 178:[], 179:[], 180:[], 181:[], 182:[], 183:[], 184:[], 185:[], 186:[], 187:[], 188:[]",83129272896,77949555905
4549,2,33068.3770,32930193,492220787,3930839116,838.4708,false,189,true,true,true,true,true,false,false,"0:[0, 1, 2, 3, 4, 5, 6, 7, 8, 9, 10, 11, 12, 13, 14, 15, 16, 17, 18, 19, 20, 21, 22, 23, 24, 25, 26, 27, 28, 29, 30, 31, 32, 33, 34, 35, 36, 37, 38, 39, 40, 41, 42, 43, 44, 45, 46, 47, 48, 49, 50, 51, 52, 53, 54, 55, 56, 57, 58, 59, 60, 61, 62, 63, 64, 65, 66, 67, 68, 69, 70, 71, 72, 73, 74, 75, 76, 77, 78, 79, 80, 81, 82, 83, 84, 85, 86, 87, 88, 89, 90, 91, 92, 93, 94, 95, 96, 97, 98, 99, 100, 101, 102, 103, 104, 105, 106, 107, 108, 109, 110, 111, 112, 113, 114, 115, 116, 117, 118, 119, 120, 121, 122, 123, 124, 125, 126, 127, 128, 129, 130, 131, 132, 133, 134, 135, 136, 137, 138, 139, 140, 141, 142, 143, 144, 145, 146, 147, 148, 149, 150, 151, 152, 153, 154, 155, 156, 157, 158, 159, 160, 161, 162, 163, 164, 165, 166, 167, 168, 169, 170, 171, 172, 173, 174, 175, 176, 177, 178, 179, 180, 181, 182, 183, 184, 185, 186, 187, 188], 1:[], 2:[], 3:[], 4:[], 5:[], 6:[], 7:[], 8:[], 9:[], 10:[], 11:[], 12:[], 13:[], 14:[], 15:[], 16:[], 17:[], 18:[], 19:[], 20:[], 21:[], 22:[], 23:[], 24:[], 25:[], 26:[], 27:[], 28:[], 29:[], 30:[], 31:[], 32:[], 33:[], 34:[], 35:[], 36:[], 37:[], 38:[], 39:[], 40:[], 41:[], 42:[], 43:[], 44:[], 45:[], 46:[], 47:[], 48:[], 49:[], 50:[], 51:[], 52:[], 53:[], 54:[], 55:[], 56:[], 57:[], 58:[], 59:[], 60:[], 61:[], 62:[], 63:[], 64:[], 65:[], 66:[], 67:[], 68:[], 69:[], 70:[], 71:[], 72:[], 73:[], 74:[], 75:[], 76:[], 77:[], 78:[], 79:[], 80:[], 81:[], 82:[], 83:[], 84:[], 85:[], 86:[], 87:[], 88:[], 89:[], 90:[], 91:[], 92:[], 93:[], 94:[], 95:[], 96:[], 97:[], 98:[], 99:[], 100:[], 101:[], 102:[], 103:[], 104:[], 105:[], 106:[], 107:[], 108:[], 109:[], 110:[], 111:[], 112:[], 113:[], 114:[], 115:[], 116:[], 117:[], 118:[], 119:[], 120:[], 121:[], 122:[], 123:[], 124:[], 125:[], 126:[], 127:[], 128:[], 129:[], 130:[], 131:[], 132:[], 133:[], 134:[], 135:[], 136:[], 137:[], 138:[], 139:[], 140:[], 141:[], 142:[], 143:[], 144:[], 145:[], 146:[], 147:[], 148:[], 149:[], 150:[], 151:[], 152:[], 153:[], 154:[], 155:[], 156:[], 157:[], 158:[], 159:[], 160:[], 161:[], 162:[], 163:[], 164:[], 165:[], 166:[], 167:[], 168:[], 169:[], 170:[], 171:[], 172:[], 173:[], 174:[], 175:[], 176:[], 177:[], 178:[], 179:[], 180:[], 181:[], 182:[], 183:[], 184:[], 185:[], 186:[], 187:[], 188:[]",83182272636,78026633595
4561,11,44787.3329,33190834,496122443,3962022777,868.5677,false,191,true,true,true,true,true,false,false,"0:[0, 1, 2, 3, 4, 5, 6, 7, 8, 9, 10, 11, 12, 13, 14, 15, 16, 17, 18, 19, 20, 21, 22, 23, 24, 25, 26, 27, 28, 29, 30, 31, 32, 33, 34, 35, 36, 37, 38, 39, 40, 41, 42, 43, 44, 45, 46, 47, 48, 49, 50, 51, 52, 53, 54, 55, 56, 57, 58, 59, 60, 61, 62, 63, 64, 65, 66, 67, 68, 69, 70, 71, 72, 73, 74, 75, 76, 77, 78, 79, 80, 81, 82, 83, 84, 85, 86, 87, 88, 89, 90, 91, 92, 93, 94, 95, 96, 97, 98, 99, 100, 101, 102, 103, 104, 105, 106, 107, 108, 109, 110, 111, 112, 113, 114, 115, 116, 117, 118, 119, 120, 121, 122, 123, 124, 125, 126, 127, 128, 129, 130, 131, 132, 133, 134, 135, 136, 137, 138, 139, 140, 141, 142, 143, 144, 145, 146, 147, 148, 149, 150, 151, 152, 153, 154, 155, 156, 157, 158, 159, 160, 161, 162, 163, 164, 165, 166, 167, 168, 169, 170, 171, 172, 173, 174, 175, 176, 177, 178, 179, 180, 181, 182, 183, 184, 185, 186, 187, 188, 189, 190], 1:[], 2:[], 3:[], 4:[], 5:[], 6:[], 7:[], 8:[], 9:[], 10:[], 11:[], 12:[], 13:[], 14:[], 15:[], 16:[], 17:[], 18:[], 19:[], 20:[], 21:[], 22:[], 23:[], 24:[], 25:[], 26:[], 27:[], 28:[], 29:[], 30:[], 31:[], 32:[], 33:[], 34:[], 35:[], 36:[], 37:[], 38:[], 39:[], 40:[], 41:[], 42:[], 43:[], 44:[], 45:[], 46:[], 47:[], 48:[], 49:[], 50:[], 51:[], 52:[], 53:[], 54:[], 55:[], 56:[], 57:[], 58:[], 59:[], 60:[], 61:[], 62:[], 63:[], 64:[], 65:[], 66:[], 67:[], 68:[], 69:[], 70:[], 71:[], 72:[], 73:[], 74:[], 75:[], 76:[], 77:[], 78:[], 79:[], 80:[], 81:[], 82:[], 83:[], 84:[], 85:[], 86:[], 87:[], 88:[], 89:[], 90:[], 91:[], 92:[], 93:[], 94:[], 95:[], 96:[], 97:[], 98:[], 99:[], 100:[], 101:[], 102:[], 103:[], 104:[], 105:[], 106:[], 107:[], 108:[], 109:[], 110:[], 111:[], 112:[], 113:[], 114:[], 115:[], 116:[], 117:[], 118:[], 119:[], 120:[], 121:[], 122:[], 123:[], 124:[], 125:[], 126:[], 127:[], 128:[], 129:[], 130:[], 131:[], 132:[], 133:[], 134:[], 135:[], 136:[], 137:[], 138:[], 139:[], 140:[], 141:[], 142:[], 143:[], 144:[], 145:[], 146:[], 147:[], 148:[], 149:[], 150:[], 151:[], 152:[], 153:[], 154:[], 155:[], 156:[], 157:[], 158:[], 159:[], 160:[], 161:[], 162:[], 163:[], 164:[], 165:[], 166:[], 167:[], 168:[], 169:[], 170:[], 171:[], 172:[], 173:[], 174:[], 175:[], 176:[], 177:[], 178:[], 179:[], 180:[], 181:[], 182:[], 183:[], 184:[], 185:[], 186:[], 187:[], 188:[], 189:[], 190:[]",83501703064,78490352303
4567,3,35599.2127,33321860,498076397,3977604228,928.5021,false,191,true,true,true,true,true,false,false,"0:[0, 1, 2, 3, 4, 5, 6, 7, 8, 9, 10, 11, 12, 13, 14, 15, 16, 17, 18, 19, 20, 21, 22, 23, 24, 25, 26, 27, 28, 29, 30, 31, 32, 33, 34, 35, 36, 37, 38, 39, 40, 41, 42, 43, 44, 45, 46, 47, 48, 49, 50, 51, 52, 53, 54, 55, 56, 57, 58, 59, 60, 61, 62, 63, 64, 65, 66, 67, 68, 69, 70, 71, 72, 73, 74, 75, 76, 77, 78, 79, 80, 81, 82, 83, 84, 85, 86, 87, 88, 89, 90, 91, 92, 93, 94, 95, 96, 97, 98, 99, 100, 101, 102, 103, 104, 105, 106, 107, 108, 109, 110, 111, 112, 113, 114, 115, 116, 117, 118, 119, 120, 121, 122, 123, 124, 125, 126, 127, 128, 129, 130, 131, 132, 133, 134, 135, 136, 137, 138, 139, 140, 141, 142, 143, 144, 145, 146, 147, 148, 149, 150, 151, 152, 153, 154, 155, 156, 157, 158, 159, 160, 161, 162, 163, 164, 165, 166, 167, 168, 169, 170, 171, 172, 173, 174, 175, 176, 177, 178, 179, 180, 181, 182, 183, 184, 185, 186, 187, 188, 189, 190], 1:[], 2:[], 3:[], 4:[], 5:[], 6:[], 7:[], 8:[], 9:[], 10:[], 11:[], 12:[], 13:[], 14:[], 15:[], 16:[], 17:[], 18:[], 19:[], 20:[], 21:[], 22:[], 23:[], 24:[], 25:[], 26:[], 27:[], 28:[], 29:[], 30:[], 31:[], 32:[], 33:[], 34:[], 35:[], 36:[], 37:[], 38:[], 39:[], 40:[], 41:[], 42:[], 43:[], 44:[], 45:[], 46:[], 47:[], 48:[], 49:[], 50:[], 51:[], 52:[], 53:[], 54:[], 55:[], 56:[], 57:[], 58:[], 59:[], 60:[], 61:[], 62:[], 63:[], 64:[], 65:[], 66:[], 67:[], 68:[], 69:[], 70:[], 71:[], 72:[], 73:[], 74:[], 75:[], 76:[], 77:[], 78:[], 79:[], 80:[], 81:[], 82:[], 83:[], 84:[], 85:[], 86:[], 87:[], 88:[], 89:[], 90:[], 91:[], 92:[], 93:[], 94:[], 95:[], 96:[], 97:[], 98:[], 99:[], 100:[], 101:[], 102:[], 103:[], 104:[], 105:[], 106:[], 107:[], 108:[], 109:[], 110:[], 111:[], 112:[], 113:[], 114:[], 115:[], 116:[], 117:[], 118:[], 119:[], 120:[], 121:[], 122:[], 123:[], 124:[], 125:[], 126:[], 127:[], 128:[], 129:[], 130:[], 131:[], 132:[], 133:[], 134:[], 135:[], 136:[], 137:[], 138:[], 139:[], 140:[], 141:[], 142:[], 143:[], 144:[], 145:[], 146:[], 147:[], 148:[], 149:[], 150:[], 151:[], 152:[], 153:[], 154:[], 155:[], 156:[], 157:[], 158:[], 159:[], 160:[], 161:[], 162:[], 163:[], 164:[], 165:[], 166:[], 167:[], 168:[], 169:[], 170:[], 171:[], 172:[], 173:[], 174:[], 175:[], 176:[], 177:[], 178:[], 179:[], 180:[], 181:[], 182:[], 183:[], 184:[], 185:[], 186:[], 187:[], 188:[], 189:[], 190:[]",83661688112,78722523473
4583,5,36603.7585,33672690,503325026,4019550112,900.5289,false,191,true,true,true,true,true,false,false,"0:[0, 1, 2, 3, 4, 5, 6, 7, 8, 9, 10, 11, 12, 13, 14, 15, 16, 17, 18, 19, 20, 21, 22, 23, 24, 25, 26, 27, 28, 29, 30, 31, 32, 33, 34, 35, 36, 37, 38, 39, 40, 41, 42, 43, 44, 45, 46, 47, 48, 49, 50, 51, 52, 53, 54, 55, 56, 57, 58, 59, 60, 61, 62, 63, 64, 65, 66, 67, 68, 69, 70, 71, 72, 73, 74, 75, 76, 77, 78, 79, 80, 81, 82, 83, 84, 85, 86, 87, 88, 89, 90, 91, 92, 93, 94, 95, 96, 97, 98, 99, 100, 101, 102, 103, 104, 105, 106, 107, 108, 109, 110, 111, 112, 113, 114, 115, 116, 117, 118, 119, 120, 121, 122, 123, 124, 125, 126, 127, 128, 129, 130, 131, 132, 133, 134, 135, 136, 137, 138, 139, 140, 141, 142, 143, 144, 145, 146, 147, 148, 149, 150, 151, 152, 153, 154, 155, 156, 157, 158, 159, 160, 161, 162, 163, 164, 165, 166, 167, 168, 169, 170, 171, 172, 173, 174, 175, 176, 177, 178, 179, 180, 181, 182, 183, 184, 185, 186, 187, 188, 189, 190], 1:[], 2:[], 3:[], 4:[], 5:[], 6:[], 7:[], 8:[], 9:[], 10:[], 11:[], 12:[], 13:[], 14:[], 15:[], 16:[], 17:[], 18:[], 19:[], 20:[], 21:[], 22:[], 23:[], 24:[], 25:[], 26:[], 27:[], 28:[], 29:[], 30:[], 31:[], 32:[], 33:[], 34:[], 35:[], 36:[], 37:[], 38:[], 39:[], 40:[], 41:[], 42:[], 43:[], 44:[], 45:[], 46:[], 47:[], 48:[], 49:[], 50:[], 51:[], 52:[], 53:[], 54:[], 55:[], 56:[], 57:[], 58:[], 59:[], 60:[], 61:[], 62:[], 63:[], 64:[], 65:[], 66:[], 67:[], 68:[], 69:[], 70:[], 71:[], 72:[], 73:[], 74:[], 75:[], 76:[], 77:[], 78:[], 79:[], 80:[], 81:[], 82:[], 83:[], 84:[], 85:[], 86:[], 87:[], 88:[], 89:[], 90:[], 91:[], 92:[], 93:[], 94:[], 95:[], 96:[], 97:[], 98:[], 99:[], 100:[], 101:[], 102:[], 103:[], 104:[], 105:[], 106:[], 107:[], 108:[], 109:[], 110:[], 111:[], 112:[], 113:[], 114:[], 115:[], 116:[], 117:[], 118:[], 119:[], 120:[], 121:[], 122:[], 123:[], 124:[], 125:[], 126:[], 127:[], 128:[], 129:[], 130:[], 131:[], 132:[], 133:[], 134:[], 135:[], 136:[], 137:[], 138:[], 139:[], 140:[], 141:[], 142:[], 143:[], 144:[], 145:[], 146:[], 147:[], 148:[], 149:[], 150:[], 151:[], 152:[], 153:[], 154:[], 155:[], 156:[], 157:[], 158:[], 159:[], 160:[], 161:[], 162:[], 163:[], 164:[], 165:[], 166:[], 167:[], 168:[], 169:[], 170:[], 171:[], 172:[], 173:[], 174:[], 175:[], 176:[], 177:[], 178:[], 179:[], 180:[], 181:[], 182:[], 183:[], 184:[], 185:[], 186:[], 187:[], 188:[], 189:[], 190:[]",84091401672,79346276850
4591,3,41045.0807,33848640,505962008,4040629303,824.1000,false,191,true,true,true,true,true,false,false,"0:[0, 1, 2, 3, 4, 5, 6, 7, 8, 9, 10, 11, 12, 13, 14, 15, 16, 17, 18, 19, 20, 21, 22, 23, 24, 25, 26, 27, 28, 29, 30, 31, 32, 33, 34, 35, 36, 37, 38, 39, 40, 41, 42, 43, 44, 45, 46, 47, 48, 49, 50, 51, 52, 53, 54, 55, 56, 57, 58, 59, 60, 61, 62, 63, 64, 65, 66, 67, 68, 69, 70, 71, 72, 73, 74, 75, 76, 77, 78, 79, 80, 81, 82, 83, 84, 85, 86, 87, 88, 89, 90, 91, 92, 93, 94, 95, 96, 97, 98, 99, 100, 101, 102, 103, 104, 105, 106, 107, 108, 109, 110, 111, 112, 113, 114, 115, 116, 117, 118, 119, 120, 121, 122, 123, 124, 125, 126, 127, 128, 129, 130, 131, 132, 133, 134, 135, 136, 137, 138, 139, 140, 141, 142, 143, 144, 145, 146, 147, 148, 149, 150, 151, 152, 153, 154, 155, 156, 157, 158, 159, 160, 161, 162, 163, 164, 165, 166, 167, 168, 169, 170, 171, 172, 173, 174, 175, 176, 177, 178, 179, 180, 181, 182, 183, 184, 185, 186, 187, 188, 189, 190], 1:[], 2:[], 3:[], 4:[], 5:[], 6:[], 7:[], 8:[], 9:[], 10:[], 11:[], 12:[], 13:[], 14:[], 15:[], 16:[], 17:[], 18:[], 19:[], 20:[], 21:[], 22:[], 23:[], 24:[], 25:[], 26:[], 27:[], 28:[], 29:[], 30:[], 31:[], 32:[], 33:[], 34:[], 35:[], 36:[], 37:[], 38:[], 39:[], 40:[], 41:[], 42:[], 43:[], 44:[], 45:[], 46:[], 47:[], 48:[], 49:[], 50:[], 51:[], 52:[], 53:[], 54:[], 55:[], 56:[], 57:[], 58:[], 59:[], 60:[], 61:[], 62:[], 63:[], 64:[], 65:[], 66:[], 67:[], 68:[], 69:[], 70:[], 71:[], 72:[], 73:[], 74:[], 75:[], 76:[], 77:[], 78:[], 79:[], 80:[], 81:[], 82:[], 83:[], 84:[], 85:[], 86:[], 87:[], 88:[], 89:[], 90:[], 91:[], 92:[], 93:[], 94:[], 95:[], 96:[], 97:[], 98:[], 99:[], 100:[], 101:[], 102:[], 103:[], 104:[], 105:[], 106:[], 107:[], 108:[], 109:[], 110:[], 111:[], 112:[], 113:[], 114:[], 115:[], 116:[], 117:[], 118:[], 119:[], 120:[], 121:[], 122:[], 123:[], 124:[], 125:[], 126:[], 127:[], 128:[], 129:[], 130:[], 131:[], 132:[], 133:[], 134:[], 135:[], 136:[], 137:[], 138:[], 139:[], 140:[], 141:[], 142:[], 143:[], 144:[], 145:[], 146:[], 147:[], 148:[], 149:[], 150:[], 151:[], 152:[], 153:[], 154:[], 155:[], 156:[], 157:[], 158:[], 159:[], 160:[], 161:[], 162:[], 163:[], 164:[], 165:[], 166:[], 167:[], 168:[], 169:[], 170:[], 171:[], 172:[], 173:[], 174:[], 175:[], 176:[], 177:[], 178:[], 179:[], 180:[], 181:[], 182:[], 183:[], 184:[], 185:[], 186:[], 187:[], 188:[], 189:[], 190:[]",84307286832,79659742888
4597,2,38638.1519,33981005,507944034,4056464849,826.7040,false,192,true,true,true,true,true,false,false,"0:[0, 1, 2, 3, 4, 5, 6, 7, 8, 9, 10, 11, 12, 13, 14, 15, 16, 17, 18, 19, 20, 21, 22, 23, 24, 25, 26, 27, 28, 29, 30, 31, 32, 33, 34, 35, 36, 37, 38, 39, 40, 41, 42, 43, 44, 45, 46, 47, 48, 49, 50, 51, 52, 53, 54, 55, 56, 57, 58, 59, 60, 61, 62, 63, 64, 65, 66, 67, 68, 69, 70, 71, 72, 73, 74, 75, 76, 77, 78, 79, 80, 81, 82, 83, 84, 85, 86, 87, 88, 89, 90, 91, 92, 93, 94, 95, 96, 97, 98, 99, 100, 101, 102, 103, 104, 105, 106, 107, 108, 109, 110, 111, 112, 113, 114, 115, 116, 117, 118, 119, 120, 121, 122, 123, 124, 125, 126, 127, 128, 129, 130, 131, 132, 133, 134, 135, 136, 137, 138, 139, 140, 141, 142, 143, 144, 145, 146, 147, 148, 149, 150, 151, 152, 153, 154, 155, 156, 157, 158, 159, 160, 161, 162, 163, 164, 165, 166, 167, 168, 169, 170, 171, 172, 173, 174, 175, 176, 177, 178, 179, 180, 181, 182, 183, 184, 185, 186, 187, 188, 189, 190, 191], 1:[], 2:[], 3:[], 4:[], 5:[], 6:[], 7:[], 8:[], 9:[], 10:[], 11:[], 12:[], 13:[], 14:[], 15:[], 16:[], 17:[], 18:[], 19:[], 20:[], 21:[], 22:[], 23:[], 24:[], 25:[], 26:[], 27:[], 28:[], 29:[], 30:[], 31:[], 32:[], 33:[], 34:[], 35:[], 36:[], 37:[], 38:[], 39:[], 40:[], 41:[], 42:[], 43:[], 44:[], 45:[], 46:[], 47:[], 48:[], 49:[], 50:[], 51:[], 52:[], 53:[], 54:[], 55:[], 56:[], 57:[], 58:[], 59:[], 60:[], 61:[], 62:[], 63:[], 64:[], 65:[], 66:[], 67:[], 68:[], 69:[], 70:[], 71:[], 72:[], 73:[], 74:[], 75:[], 76:[], 77:[], 78:[], 79:[], 80:[], 81:[], 82:[], 83:[], 84:[], 85:[], 86:[], 87:[], 88:[], 89:[], 90:[], 91:[], 92:[], 93:[], 94:[], 95:[], 96:[], 97:[], 98:[], 99:[], 100:[], 101:[], 102:[], 103:[], 104:[], 105:[], 106:[], 107:[], 108:[], 109:[], 110:[], 111:[], 112:[], 113:[], 114:[], 115:[], 116:[], 117:[], 118:[], 119:[], 120:[], 121:[], 122:[], 123:[], 124:[], 125:[], 126:[], 127:[], 128:[], 129:[], 130:[], 131:[], 132:[], 133:[], 134:[], 135:[], 136:[], 137:[], 138:[], 139:[], 140:[], 141:[], 142:[], 143:[], 144:[], 145:[], 146:[], 147:[], 148:[], 149:[], 150:[], 151:[], 152:[], 153:[], 154:[], 155:[], 156:[], 157:[], 158:[], 159:[], 160:[], 161:[], 162:[], 163:[], 164:[], 165:[], 166:[], 167:[], 168:[], 169:[], 170:[], 171:[], 172:[], 173:[], 174:[], 175:[], 176:[], 177:[], 178:[], 179:[], 180:[], 181:[], 182:[], 183:[], 184:[], 185:[], 186:[], 187:[], 188:[], 189:[], 190:[], 191:[]",84469555132,79895382086
4603,2,33389.5167,34114099,509933540,4072357876,811.0321,false,191,true,true,true,true,true,false,false,"0:[0, 1, 2, 3, 4, 5, 6, 7, 8, 9, 10, 11, 12, 13, 14, 15, 16, 17, 18, 19, 20, 21, 22, 23, 24, 25, 26, 27, 28, 29, 30, 31, 32, 33, 34, 35, 36, 37, 38, 39, 40, 41, 42, 43, 44, 45, 46, 47, 48, 49, 50, 51, 52, 53, 54, 55, 56, 57, 58, 59, 60, 61, 62, 63, 64, 65, 66, 67, 68, 69, 70, 71, 72, 73, 74, 75, 76, 77, 78, 79, 80, 81, 82, 83, 84, 85, 86, 87, 88, 89, 90, 91, 92, 93, 94, 95, 96, 97, 98, 99, 100, 101, 102, 103, 104, 105, 106, 107, 108, 109, 110, 111, 112, 113, 114, 115, 116, 117, 118, 119, 120, 121, 122, 123, 124, 125, 126, 127, 128, 129, 130, 131, 132, 133, 134, 135, 136, 137, 138, 139, 140, 141, 142, 143, 144, 145, 146, 147, 148, 149, 150, 151, 152, 153, 154, 155, 156, 157, 158, 159, 160, 161, 162, 163, 164, 165, 166, 167, 168, 169, 170, 171, 172, 173, 174, 175, 176, 177, 178, 179, 180, 181, 182, 183, 184, 185, 186, 187, 188, 189, 190], 1:[], 2:[], 3:[], 4:[], 5:[], 6:[], 7:[], 8:[], 9:[], 10:[], 11:[], 12:[], 13:[], 14:[], 15:[], 16:[], 17:[], 18:[], 19:[], 20:[], 21:[], 22:[], 23:[], 24:[], 25:[], 26:[], 27:[], 28:[], 29:[], 30:[], 31:[], 32:[], 33:[], 34:[], 35:[], 36:[], 37:[], 38:[], 39:[], 40:[], 41:[], 42:[], 43:[], 44:[], 45:[], 46:[], 47:[], 48:[], 49:[], 50:[], 51:[], 52:[], 53:[], 54:[], 55:[], 56:[], 57:[], 58:[], 59:[], 60:[], 61:[], 62:[], 63:[], 64:[], 65:[], 66:[], 67:[], 68:[], 69:[], 70:[], 71:[], 72:[], 73:[], 74:[], 75:[], 76:[], 77:[], 78:[], 79:[], 80:[], 81:[], 82:[], 83:[], 84:[], 85:[], 86:[], 87:[], 88:[], 89:[], 90:[], 91:[], 92:[], 93:[], 94:[], 95:[], 96:[], 97:[], 98:[], 99:[], 100:[], 101:[], 102:[], 103:[], 104:[], 105:[], 106:[], 107:[], 108:[], 109:[], 110:[], 111:[], 112:[], 113:[], 114:[], 115:[], 116:[], 117:[], 118:[], 119:[], 120:[], 121:[], 122:[], 123:[], 124:[], 125:[], 126:[], 127:[], 128:[], 129:[], 130:[], 131:[], 132:[], 133:[], 134:[], 135:[], 136:[], 137:[], 138:[], 139:[], 140:[], 141:[], 142:[], 143:[], 144:[], 145:[], 146:[], 147:[], 148:[], 149:[], 150:[], 151:[], 152:[], 153:[], 154:[], 155:[], 156:[], 157:[], 158:[], 159:[], 160:[], 161:[], 162:[], 163:[], 164:[], 165:[], 166:[], 167:[], 168:[], 169:[], 170:[], 171:[], 172:[], 173:[], 174:[], 175:[], 176:[], 177:[], 178:[], 179:[], 180:[], 181:[], 182:[], 183:[], 184:[], 185:[], 186:[], 187:[], 188:[], 189:[], 190:[]",84632442244,80131770680
4621,2,36756.5490,34514692,515934338,4120334179,784.9121,false,192,true,true,true,true,true,false,false,"0:[0, 1, 2, 3, 4, 5, 6, 7, 8, 9, 10, 11, 12, 13, 14, 15, 16, 17, 18, 19, 20, 21, 22, 23, 24, 25, 26, 27, 28, 29, 30, 31, 32, 33, 34, 35, 36, 37, 38, 39, 40, 41, 42, 43, 44, 45, 46, 47, 48, 49, 50, 51, 52, 53, 54, 55, 56, 57, 58, 59, 60, 61, 62, 63, 64, 65, 66, 67, 68, 69, 70, 71, 72, 73, 74, 75, 76, 77, 78, 79, 80, 81, 82, 83, 84, 85, 86, 87, 88, 89, 90, 91, 92, 93, 94, 95, 96, 97, 98, 99, 100, 101, 102, 103, 104, 105, 106, 107, 108, 109, 110, 111, 112, 113, 114, 115, 116, 117, 118, 119, 120, 121, 122, 123, 124, 125, 126, 127, 128, 129, 130, 131, 132, 133, 134, 135, 136, 137, 138, 139, 140, 141, 142, 143, 144, 145, 146, 147, 148, 149, 150, 151, 152, 153, 154, 155, 156, 157, 158, 159, 160, 161, 162, 163, 164, 165, 166, 167, 168, 169, 170, 171, 172, 173, 174, 175, 176, 177, 178, 179, 180, 181, 182, 183, 184, 185, 186, 187, 188, 189, 190, 191], 1:[], 2:[], 3:[], 4:[], 5:[], 6:[], 7:[], 8:[], 9:[], 10:[], 11:[], 12:[], 13:[], 14:[], 15:[], 16:[], 17:[], 18:[], 19:[], 20:[], 21:[], 22:[], 23:[], 24:[], 25:[], 26:[], 27:[], 28:[], 29:[], 30:[], 31:[], 32:[], 33:[], 34:[], 35:[], 36:[], 37:[], 38:[], 39:[], 40:[], 41:[], 42:[], 43:[], 44:[], 45:[], 46:[], 47:[], 48:[], 49:[], 50:[], 51:[], 52:[], 53:[], 54:[], 55:[], 56:[], 57:[], 58:[], 59:[], 60:[], 61:[], 62:[], 63:[], 64:[], 65:[], 66:[], 67:[], 68:[], 69:[], 70:[], 71:[], 72:[], 73:[], 74:[], 75:[], 76:[], 77:[], 78:[], 79:[], 80:[], 81:[], 82:[], 83:[], 84:[], 85:[], 86:[], 87:[], 88:[], 89:[], 90:[], 91:[], 92:[], 93:[], 94:[], 95:[], 96:[], 97:[], 98:[], 99:[], 100:[], 101:[], 102:[], 103:[], 104:[], 105:[], 106:[], 107:[], 108:[], 109:[], 110:[], 111:[], 112:[], 113:[], 114:[], 115:[], 116:[], 117:[], 118:[], 119:[], 120:[], 121:[], 122:[], 123:[], 124:[], 125:[], 126:[], 127:[], 128:[], 129:[], 130:[], 131:[], 132:[], 133:[], 134:[], 135:[], 136:[], 137:[], 138:[], 139:[], 140:[], 141:[], 142:[], 143:[], 144:[], 145:[], 146:[], 147:[], 148:[], 149:[], 150:[], 151:[], 152:[], 153:[], 154:[], 155:[], 156:[], 157:[], 158:[], 159:[], 160:[], 161:[], 162:[], 163:[], 164:[], 165:[], 166:[], 167:[], 168:[], 169:[], 170:[], 171:[], 172:[], 173:[], 174:[], 175:[], 176:[], 177:[], 178:[], 179:[], 180:[], 181:[], 182:[], 183:[], 184:[], 185:[], 186:[], 187:[], 188:[], 189:[], 190:[], 191:[]",85123722688,80845043530
4637,2,38999.4766,34873828,521303958,4163226867,867.8656,false,194,true,true,true,true,true,false,false,"0:[0, 1, 2, 3, 4, 5, 6, 7, 8, 9, 10, 11, 12, 13, 14, 15, 16, 17, 18, 19, 20, 21, 22, 23, 24, 25, 26, 27, 28, 29, 30, 31, 32, 33, 34, 35, 36, 37, 38, 39, 40, 41, 42, 43, 44, 45, 46, 47, 48, 49, 50, 51, 52, 53, 54, 55, 56, 57, 58, 59, 60, 61, 62, 63, 64, 65, 66, 67, 68, 69, 70, 71, 72, 73, 74, 75, 76, 77, 78, 79, 80, 81, 82, 83, 84, 85, 86, 87, 88, 89, 90, 91, 92, 93, 94, 95, 96, 97, 98, 99, 100, 101, 102, 103, 104, 105, 106, 107, 108, 109, 110, 111, 112, 113, 114, 115, 116, 117, 118, 119, 120, 121, 122, 123, 124, 125, 126, 127, 128, 129, 130, 131, 132, 133, 134, 135, 136, 137, 138, 139, 140, 141, 142, 143, 144, 145, 146, 147, 148, 149, 150, 151, 152, 153, 154, 155, 156, 157, 158, 159, 160, 161, 162, 163, 164, 165, 166, 167, 168, 169, 170, 171, 172, 173, 174, 175, 176, 177, 178, 179, 180, 181, 182, 183, 184, 185, 186, 187, 188, 189, 190, 191, 192, 193], 1:[], 2:[], 3:[], 4:[], 5:[], 6:[], 7:[], 8:[], 9:[], 10:[], 11:[], 12:[], 13:[], 14:[], 15:[], 16:[], 17:[], 18:[], 19:[], 20:[], 21:[], 22:[], 23:[], 24:[], 25:[], 26:[], 27:[], 28:[], 29:[], 30:[], 31:[], 32:[], 33:[], 34:[], 35:[], 36:[], 37:[], 38:[], 39:[], 40:[], 41:[], 42:[], 43:[], 44:[], 45:[], 46:[], 47:[], 48:[], 49:[], 50:[], 51:[], 52:[], 53:[], 54:[], 55:[], 56:[], 57:[], 58:[], 59:[], 60:[], 61:[], 62:[], 63:[], 64:[], 65:[], 66:[], 67:[], 68:[], 69:[], 70:[], 71:[], 72:[], 73:[], 74:[], 75:[], 76:[], 77:[], 78:[], 79:[], 80:[], 81:[], 82:[], 83:[], 84:[], 85:[], 86:[], 87:[], 88:[], 89:[], 90:[], 91:[], 92:[], 93:[], 94:[], 95:[], 96:[], 97:[], 98:[], 99:[], 100:[], 101:[], 102:[], 103:[], 104:[], 105:[], 106:[], 107:[], 108:[], 109:[], 110:[], 111:[], 112:[], 113:[], 114:[], 115:[], 116:[], 117:[], 118:[], 119:[], 120:[], 121:[], 122:[], 123:[], 124:[], 125:[], 126:[], 127:[], 128:[], 129:[], 130:[], 131:[], 132:[], 133:[], 134:[], 135:[], 136:[], 137:[], 138:[], 139:[], 140:[], 141:[], 142:[], 143:[], 144:[], 145:[], 146:[], 147:[], 148:[], 149:[], 150:[], 151:[], 152:[], 153:[], 154:[], 155:[], 156:[], 157:[], 158:[], 159:[], 160:[], 161:[], 162:[], 163:[], 164:[], 165:[], 166:[], 167:[], 168:[], 169:[], 170:[], 171:[], 172:[], 173:[], 174:[], 175:[], 176:[], 177:[], 178:[], 179:[], 180:[], 181:[], 182:[], 183:[], 184:[], 185:[], 186:[], 187:[], 188:[], 189:[], 190:[], 191:[], 192:[], 193:[]",85563348096,81483183470
4639,3,36649.3339,34918798,521977290,4168603176,814.3678,false,193,true,true,true,true,true,false,false,"0:[0, 1, 2, 3, 4, 5, 6, 7, 8, 9, 10, 11, 12, 13, 14, 15, 16, 17, 18, 19, 20, 21, 22, 23, 24, 25, 26, 27, 28, 29, 30, 31, 32, 33, 34, 35, 36, 37, 38, 39, 40, 41, 42, 43, 44, 45, 46, 47, 48, 49, 50, 51, 52, 53, 54, 55, 56, 57, 58, 59, 60, 61, 62, 63, 64, 65, 66, 67, 68, 69, 70, 71, 72, 73, 74, 75, 76, 77, 78, 79, 80, 81, 82, 83, 84, 85, 86, 87, 88, 89, 90, 91, 92, 93, 94, 95, 96, 97, 98, 99, 100, 101, 102, 103, 104, 105, 106, 107, 108, 109, 110, 111, 112, 113, 114, 115, 116, 117, 118, 119, 120, 121, 122, 123, 124, 125, 126, 127, 128, 129, 130, 131, 132, 133, 134, 135, 136, 137, 138, 139, 140, 141, 142, 143, 144, 145, 146, 147, 148, 149, 150, 151, 152, 153, 154, 155, 156, 157, 158, 159, 160, 161, 162, 163, 164, 165, 166, 167, 168, 169, 170, 171, 172, 173, 174, 175, 176, 177, 178, 179, 180, 181, 182, 183, 184, 185, 186, 187, 188, 189, 190, 191, 192], 1:[], 2:[], 3:[], 4:[], 5:[], 6:[], 7:[], 8:[], 9:[], 10:[], 11:[], 12:[], 13:[], 14:[], 15:[], 16:[], 17:[], 18:[], 19:[], 20:[], 21:[], 22:[], 23:[], 24:[], 25:[], 26:[], 27:[], 28:[], 29:[], 30:[], 31:[], 32:[], 33:[], 34:[], 35:[], 36:[], 37:[], 38:[], 39:[], 40:[], 41:[], 42:[], 43:[], 44:[], 45:[], 46:[], 47:[], 48:[], 49:[], 50:[], 51:[], 52:[], 53:[], 54:[], 55:[], 56:[], 57:[], 58:[], 59:[], 60:[], 61:[], 62:[], 63:[], 64:[], 65:[], 66:[], 67:[], 68:[], 69:[], 70:[], 71:[], 72:[], 73:[], 74:[], 75:[], 76:[], 77:[], 78:[], 79:[], 80:[], 81:[], 82:[], 83:[], 84:[], 85:[], 86:[], 87:[], 88:[], 89:[], 90:[], 91:[], 92:[], 93:[], 94:[], 95:[], 96:[], 97:[], 98:[], 99:[], 100:[], 101:[], 102:[], 103:[], 104:[], 105:[], 106:[], 107:[], 108:[], 109:[], 110:[], 111:[], 112:[], 113:[], 114:[], 115:[], 116:[], 117:[], 118:[], 119:[], 120:[], 121:[], 122:[], 123:[], 124:[], 125:[], 126:[], 127:[], 128:[], 129:[], 130:[], 131:[], 132:[], 133:[], 134:[], 135:[], 136:[], 137:[], 138:[], 139:[], 140:[], 141:[], 142:[], 143:[], 144:[], 145:[], 146:[], 147:[], 148:[], 149:[], 150:[], 151:[], 152:[], 153:[], 154:[], 155:[], 156:[], 157:[], 158:[], 159:[], 160:[], 161:[], 162:[], 163:[], 164:[], 165:[], 166:[], 167:[], 168:[], 169:[], 170:[], 171:[], 172:[], 173:[], 174:[], 175:[], 176:[], 177:[], 178:[], 179:[], 180:[], 181:[], 182:[], 183:[], 184:[], 185:[], 186:[], 187:[], 188:[], 189:[], 190:[], 191:[], 192:[]",85618473816,81563197162
4643,2,32943.6770,35009240,523328168,4179397371,808.1904,false,193,true,true,true,true,true,false,false,"0:[0, 1, 2, 3, 4, 5, 6, 7, 8, 9, 10, 11, 12, 13, 14, 15, 16, 17, 18, 19, 20, 21, 22, 23, 24, 25, 26, 27, 28, 29, 30, 31, 32, 33, 34, 35, 36, 37, 38, 39, 40, 41, 42, 43, 44, 45, 46, 47, 48, 49, 50, 51, 52, 53, 54, 55, 56, 57, 58, 59, 60, 61, 62, 63, 64, 65, 66, 67, 68, 69, 70, 71, 72, 73, 74, 75, 76, 77, 78, 79, 80, 81, 82, 83, 84, 85, 86, 87, 88, 89, 90, 91, 92, 93, 94, 95, 96, 97, 98, 99, 100, 101, 102, 103, 104, 105, 106, 107, 108, 109, 110, 111, 112, 113, 114, 115, 116, 117, 118, 119, 120, 121, 122, 123, 124, 125, 126, 127, 128, 129, 130, 131, 132, 133, 134, 135, 136, 137, 138, 139, 140, 141, 142, 143, 144, 145, 146, 147, 148, 149, 150, 151, 152, 153, 154, 155, 156, 157, 158, 159, 160, 161, 162, 163, 164, 165, 166, 167, 168, 169, 170, 171, 172, 173, 174, 175, 176, 177, 178, 179, 180, 181, 182, 183, 184, 185, 186, 187, 188, 189, 190, 191, 192], 1:[], 2:[], 3:[], 4:[], 5:[], 6:[], 7:[], 8:[], 9:[], 10:[], 11:[], 12:[], 13:[], 14:[], 15:[], 16:[], 17:[], 18:[], 19:[], 20:[], 21:[], 22:[], 23:[], 24:[], 25:[], 26:[], 27:[], 28:[], 29:[], 30:[], 31:[], 32:[], 33:[], 34:[], 35:[], 36:[], 37:[], 38:[], 39:[], 40:[], 41:[], 42:[], 43:[], 44:[], 45:[], 46:[], 47:[], 48:[], 49:[], 50:[], 51:[], 52:[], 53:[], 54:[], 55:[], 56:[], 57:[], 58:[], 59:[], 60:[], 61:[], 62:[], 63:[], 64:[], 65:[], 66:[], 67:[], 68:[], 69:[], 70:[], 71:[], 72:[], 73:[], 74:[], 75:[], 76:[], 77:[], 78:[], 79:[], 80:[], 81:[], 82:[], 83:[], 84:[], 85:[], 86:[], 87:[], 88:[], 89:[], 90:[], 91:[], 92:[], 93:[], 94:[], 95:[], 96:[], 97:[], 98:[], 99:[], 100:[], 101:[], 102:[], 103:[], 104:[], 105:[], 106:[], 107:[], 108:[], 109:[], 110:[], 111:[], 112:[], 113:[], 114:[], 115:[], 116:[], 117:[], 118:[], 119:[], 120:[], 121:[], 122:[], 123:[], 124:[], 125:[], 126:[], 127:[], 128:[], 129:[], 130:[], 131:[], 132:[], 133:[], 134:[], 135:[], 136:[], 137:[], 138:[], 139:[], 140:[], 141:[], 142:[], 143:[], 144:[], 145:[], 146:[], 147:[], 148:[], 149:[], 150:[], 151:[], 152:[], 153:[], 154:[], 155:[], 156:[], 157:[], 158:[], 159:[], 160:[], 161:[], 162:[], 163:[], 164:[], 165:[], 166:[], 167:[], 168:[], 169:[], 170:[], 171:[], 172:[], 173:[], 174:[], 175:[], 176:[], 177:[], 178:[], 179:[], 180:[], 181:[], 182:[], 183:[], 184:[], 185:[], 186:[], 187:[], 188:[], 189:[], 190:[], 191:[], 192:[]",85729076432,81723696024
4649,3,41038.1319,35144614,525355266,4195593122,874.3195,false,194,true,true,true,true,true,false,false,"0:[0, 1, 2, 3, 4, 5, 6, 7, 8, 9, 10, 11, 12, 13, 14, 15, 16, 17, 18, 19, 20, 21, 22, 23, 24, 25, 26, 27, 28, 29, 30, 31, 32, 33, 34, 35, 36, 37, 38, 39, 40, 41, 42, 43, 44, 45, 46, 47, 48, 49, 50, 51, 52, 53, 54, 55, 56, 57, 58, 59, 60, 61, 62, 63, 64, 65, 66, 67, 68, 69, 70, 71, 72, 73, 74, 75, 76, 77, 78, 79, 80, 81, 82, 83, 84, 85, 86, 87, 88, 89, 90, 91, 92, 93, 94, 95, 96, 97, 98, 99, 100, 101, 102, 103, 104, 105, 106, 107, 108, 109, 110, 111, 112, 113, 114, 115, 116, 117, 118, 119, 120, 121, 122, 123, 124, 125, 126, 127, 128, 129, 130, 131, 132, 133, 134, 135, 136, 137, 138, 139, 140, 141, 142, 143, 144, 145, 146, 147, 148, 149, 150, 151, 152, 153, 154, 155, 156, 157, 158, 159, 160, 161, 162, 163, 164, 165, 166, 167, 168, 169, 170, 171, 172, 173, 174, 175, 176, 177, 178, 179, 180, 181, 182, 183, 184, 185, 186, 187, 188, 189, 190, 191, 192, 193], 1:[], 2:[], 3:[], 4:[], 5:[], 6:[], 7:[], 8:[], 9:[], 10:[], 11:[], 12:[], 13:[], 14:[], 15:[], 16:[], 17:[], 18:[], 19:[], 20:[], 21:[], 22:[], 23:[], 24:[], 25:[], 26:[], 27:[], 28:[], 29:[], 30:[], 31:[], 32:[], 33:[], 34:[], 35:[], 36:[], 37:[], 38:[], 39:[], 40:[], 41:[], 42:[], 43:[], 44:[], 45:[], 46:[], 47:[], 48:[], 49:[], 50:[], 51:[], 52:[], 53:[], 54:[], 55:[], 56:[], 57:[], 58:[], 59:[], 60:[], 61:[], 62:[], 63:[], 64:[], 65:[], 66:[], 67:[], 68:[], 69:[], 70:[], 71:[], 72:[], 73:[], 74:[], 75:[], 76:[], 77:[], 78:[], 79:[], 80:[], 81:[], 82:[], 83:[], 84:[], 85:[], 86:[], 87:[], 88:[], 89:[], 90:[], 91:[], 92:[], 93:[], 94:[], 95:[], 96:[], 97:[], 98:[], 99:[], 100:[], 101:[], 102:[], 103:[], 104:[], 105:[], 106:[], 107:[], 108:[], 109:[], 110:[], 111:[], 112:[], 113:[], 114:[], 115:[], 116:[], 117:[], 118:[], 119:[], 120:[], 121:[], 122:[], 123:[], 124:[], 125:[], 126:[], 127:[], 128:[], 129:[], 130:[], 131:[], 132:[], 133:[], 134:[], 135:[], 136:[], 137:[], 138:[], 139:[], 140:[], 141:[], 142:[], 143:[], 144:[], 145:[], 146:[], 147:[], 148:[], 149:[], 150:[], 151:[], 152:[], 153:[], 154:[], 155:[], 156:[], 157:[], 158:[], 159:[], 160:[], 161:[], 162:[], 163:[], 164:[], 165:[], 166:[], 167:[], 168:[], 169:[], 170:[], 171:[], 172:[], 173:[], 174:[], 175:[], 176:[], 177:[], 178:[], 179:[], 180:[], 181:[], 182:[], 183:[], 184:[], 185:[], 186:[], 187:[], 188:[], 189:[], 190:[], 191:[], 192:[], 193:[]",85895034744,81964693282
4651,2,32841.9740,35189815,526033294,4201014288,941.7965,false,194,true,true,true,true,true,false,false,"0:[0, 1, 2, 3, 4, 5, 6, 7, 8, 9, 10, 11, 12, 13, 14, 15, 16, 17, 18, 19, 20, 21, 22, 23, 24, 25, 26, 27, 28, 29, 30, 31, 32, 33, 34, 35, 36, 37, 38, 39, 40, 41, 42, 43, 44, 45, 46, 47, 48, 49, 50, 51, 52, 53, 54, 55, 56, 57, 58, 59, 60, 61, 62, 63, 64, 65, 66, 67, 68, 69, 70, 71, 72, 73, 74, 75, 76, 77, 78, 79, 80, 81, 82, 83, 84, 85, 86, 87, 88, 89, 90, 91, 92, 93, 94, 95, 96, 97, 98, 99, 100, 101, 102, 103, 104, 105, 106, 107, 108, 109, 110, 111, 112, 113, 114, 115, 116, 117, 118, 119, 120, 121, 122, 123, 124, 125, 126, 127, 128, 129, 130, 131, 132, 133, 134, 135, 136, 137, 138, 139, 140, 141, 142, 143, 144, 145, 146, 147, 148, 149, 150, 151, 152, 153, 154, 155, 156, 157, 158, 159, 160, 161, 162, 163, 164, 165, 166, 167, 168, 169, 170, 171, 172, 173, 174, 175, 176, 177, 178, 179, 180, 181, 182, 183, 184, 185, 186, 187, 188, 189, 190, 191, 192, 193], 1:[], 2:[], 3:[], 4:[], 5:[], 6:[], 7:[], 8:[], 9:[], 10:[], 11:[], 12:[], 13:[], 14:[], 15:[], 16:[], 17:[], 18:[], 19:[], 20:[], 21:[], 22:[], 23:[], 24:[], 25:[], 26:[], 27:[], 28:[], 29:[], 30:[], 31:[], 32:[], 33:[], 34:[], 35:[], 36:[], 37:[], 38:[], 39:[], 40:[], 41:[], 42:[], 43:[], 44:[], 45:[], 46:[], 47:[], 48:[], 49:[], 50:[], 51:[], 52:[], 53:[], 54:[], 55:[], 56:[], 57:[], 58:[], 59:[], 60:[], 61:[], 62:[], 63:[], 64:[], 65:[], 66:[], 67:[], 68:[], 69:[], 70:[], 71:[], 72:[], 73:[], 74:[], 75:[], 76:[], 77:[], 78:[], 79:[], 80:[], 81:[], 82:[], 83:[], 84:[], 85:[], 86:[], 87:[], 88:[], 89:[], 90:[], 91:[], 92:[], 93:[], 94:[], 95:[], 96:[], 97:[], 98:[], 99:[], 100:[], 101:[], 102:[], 103:[], 104:[], 105:[], 106:[], 107:[], 108:[], 109:[], 110:[], 111:[], 112:[], 113:[], 114:[], 115:[], 116:[], 117:[], 118:[], 119:[], 120:[], 121:[], 122:[], 123:[], 124:[], 125:[], 126:[], 127:[], 128:[], 129:[], 130:[], 131:[], 132:[], 133:[], 134:[], 135:[], 136:[], 137:[], 138:[], 139:[], 140:[], 141:[], 142:[], 143:[], 144:[], 145:[], 146:[], 147:[], 148:[], 149:[], 150:[], 151:[], 152:[], 153:[], 154:[], 155:[], 156:[], 157:[], 158:[], 159:[], 160:[], 161:[], 162:[], 163:[], 164:[], 165:[], 166:[], 167:[], 168:[], 169:[], 170:[], 171:[], 172:[], 173:[], 174:[], 175:[], 176:[], 177:[], 178:[], 179:[], 180:[], 181:[], 182:[], 183:[], 184:[], 185:[], 186:[], 187:[], 188:[], 189:[], 190:[], 191:[], 192:[], 193:[]",85950542612,82045263706
4657,5,42695.5430,35325654,528068536,4217282126,921.8022,false,194,true,true,true,true,true,false,false,"0:[0, 1, 2, 3, 4, 5, 6, 7, 8, 9, 10, 11, 12, 13, 14, 15, 16, 17, 18, 19, 20, 21, 22, 23, 24, 25, 26, 27, 28, 29, 30, 31, 32, 33, 34, 35, 36, 37, 38, 39, 40, 41, 42, 43, 44, 45, 46, 47, 48, 49, 50, 51, 52, 53, 54, 55, 56, 57, 58, 59, 60, 61, 62, 63, 64, 65, 66, 67, 68, 69, 70, 71, 72, 73, 74, 75, 76, 77, 78, 79, 80, 81, 82, 83, 84, 85, 86, 87, 88, 89, 90, 91, 92, 93, 94, 95, 96, 97, 98, 99, 100, 101, 102, 103, 104, 105, 106, 107, 108, 109, 110, 111, 112, 113, 114, 115, 116, 117, 118, 119, 120, 121, 122, 123, 124, 125, 126, 127, 128, 129, 130, 131, 132, 133, 134, 135, 136, 137, 138, 139, 140, 141, 142, 143, 144, 145, 146, 147, 148, 149, 150, 151, 152, 153, 154, 155, 156, 157, 158, 159, 160, 161, 162, 163, 164, 165, 166, 167, 168, 169, 170, 171, 172, 173, 174, 175, 176, 177, 178, 179, 180, 181, 182, 183, 184, 185, 186, 187, 188, 189, 190, 191, 192, 193], 1:[], 2:[], 3:[], 4:[], 5:[], 6:[], 7:[], 8:[], 9:[], 10:[], 11:[], 12:[], 13:[], 14:[], 15:[], 16:[], 17:[], 18:[], 19:[], 20:[], 21:[], 22:[], 23:[], 24:[], 25:[], 26:[], 27:[], 28:[], 29:[], 30:[], 31:[], 32:[], 33:[], 34:[], 35:[], 36:[], 37:[], 38:[], 39:[], 40:[], 41:[], 42:[], 43:[], 44:[], 45:[], 46:[], 47:[], 48:[], 49:[], 50:[], 51:[], 52:[], 53:[], 54:[], 55:[], 56:[], 57:[], 58:[], 59:[], 60:[], 61:[], 62:[], 63:[], 64:[], 65:[], 66:[], 67:[], 68:[], 69:[], 70:[], 71:[], 72:[], 73:[], 74:[], 75:[], 76:[], 77:[], 78:[], 79:[], 80:[], 81:[], 82:[], 83:[], 84:[], 85:[], 86:[], 87:[], 88:[], 89:[], 90:[], 91:[], 92:[], 93:[], 94:[], 95:[], 96:[], 97:[], 98:[], 99:[], 100:[], 101:[], 102:[], 103:[], 104:[], 105:[], 106:[], 107:[], 108:[], 109:[], 110:[], 111:[], 112:[], 113:[], 114:[], 115:[], 116:[], 117:[], 118:[], 119:[], 120:[], 121:[], 122:[], 123:[], 124:[], 125:[], 126:[], 127:[], 128:[], 129:[], 130:[], 131:[], 132:[], 133:[], 134:[], 135:[], 136:[], 137:[], 138:[], 139:[], 140:[], 141:[], 142:[], 143:[], 144:[], 145:[], 146:[], 147:[], 148:[], 149:[], 150:[], 151:[], 152:[], 153:[], 154:[], 155:[], 156:[], 157:[], 158:[], 159:[], 160:[], 161:[], 162:[], 163:[], 164:[], 165:[], 166:[], 167:[], 168:[], 169:[], 170:[], 171:[], 172:[], 173:[], 174:[], 175:[], 176:[], 177:[], 178:[], 179:[], 180:[], 181:[], 182:[], 183:[], 184:[], 185:[], 186:[], 187:[], 188:[], 189:[], 190:[], 191:[], 192:[], 193:[]",86117165464,82287227152
4663,3,39769.6960,35462232,530109057,4233576164,821.8656,false,195,true,true,true,true,true,false,false,"0:[0, 1, 2, 3, 4, 5, 6, 7, 8, 9, 10, 11, 12, 13, 14, 15, 16, 17, 18, 19, 20, 21, 22, 23, 24, 25, 26, 27, 28, 29, 30, 31, 32, 33, 34, 35, 36, 37, 38, 39, 40, 41, 42, 43, 44, 45, 46, 47, 48, 49, 50, 51, 52, 53, 54, 55, 56, 57, 58, 59, 60, 61, 62, 63, 64, 65, 66, 67, 68, 69, 70, 71, 72, 73, 74, 75, 76, 77, 78, 79, 80, 81, 82, 83, 84, 85, 86, 87, 88, 89, 90, 91, 92, 93, 94, 95, 96, 97, 98, 99, 100, 101, 102, 103, 104, 105, 106, 107, 108, 109, 110, 111, 112, 113, 114, 115, 116, 117, 118, 119, 120, 121, 122, 123, 124, 125, 126, 127, 128, 129, 130, 131, 132, 133, 134, 135, 136, 137, 138, 139, 140, 141, 142, 143, 144, 145, 146, 147, 148, 149, 150, 151, 152, 153, 154, 155, 156, 157, 158, 159, 160, 161, 162, 163, 164, 165, 166, 167, 168, 169, 170, 171, 172, 173, 174, 175, 176, 177, 178, 179, 180, 181, 182, 183, 184, 185, 186, 187, 188, 189, 190, 191, 192, 193, 194], 1:[], 2:[], 3:[], 4:[], 5:[], 6:[], 7:[], 8:[], 9:[], 10:[], 11:[], 12:[], 13:[], 14:[], 15:[], 16:[], 17:[], 18:[], 19:[], 20:[], 21:[], 22:[], 23:[], 24:[], 25:[], 26:[], 27:[], 28:[], 29:[], 30:[], 31:[], 32:[], 33:[], 34:[], 35:[], 36:[], 37:[], 38:[], 39:[], 40:[], 41:[], 42:[], 43:[], 44:[], 45:[], 46:[], 47:[], 48:[], 49:[], 50:[], 51:[], 52:[], 53:[], 54:[], 55:[], 56:[], 57:[], 58:[], 59:[], 60:[], 61:[], 62:[], 63:[], 64:[], 65:[], 66:[], 67:[], 68:[], 69:[], 70:[], 71:[], 72:[], 73:[], 74:[], 75:[], 76:[], 77:[], 78:[], 79:[], 80:[], 81:[], 82:[], 83:[], 84:[], 85:[], 86:[], 87:[], 88:[], 89:[], 90:[], 91:[], 92:[], 93:[], 94:[], 95:[], 96:[], 97:[], 98:[], 99:[], 100:[], 101:[], 102:[], 103:[], 104:[], 105:[], 106:[], 107:[], 108:[], 109:[], 110:[], 111:[], 112:[], 113:[], 114:[], 115:[], 116:[], 117:[], 118:[], 119:[], 120:[], 121:[], 122:[], 123:[], 124:[], 125:[], 126:[], 127:[], 128:[], 129:[], 130:[], 131:[], 132:[], 133:[], 134:[], 135:[], 136:[], 137:[], 138:[], 139:[], 140:[], 141:[], 142:[], 143:[], 144:[], 145:[], 146:[], 147:[], 148:[], 149:[], 150:[], 151:[], 152:[], 153:[], 154:[], 155:[], 156:[], 157:[], 158:[], 159:[], 160:[], 161:[], 162:[], 163:[], 164:[], 165:[], 166:[], 167:[], 168:[], 169:[], 170:[], 171:[], 172:[], 173:[], 174:[], 175:[], 176:[], 177:[], 178:[], 179:[], 180:[], 181:[], 182:[], 183:[], 184:[], 185:[], 186:[], 187:[], 188:[], 189:[], 190:[], 191:[], 192:[], 193:[], 194:[]",86284231328,82529680581
4673,3,41479.5751,35690382,533525447,4260893934,841.0023,false,194,true,true,true,true,true,false,false,"0:[0, 1, 2, 3, 4, 5, 6, 7, 8, 9, 10, 11, 12, 13, 14, 15, 16, 17, 18, 19, 20, 21, 22, 23, 24, 25, 26, 27, 28, 29, 30, 31, 32, 33, 34, 35, 36, 37, 38, 39, 40, 41, 42, 43, 44, 45, 46, 47, 48, 49, 50, 51, 52, 53, 54, 55, 56, 57, 58, 59, 60, 61, 62, 63, 64, 65, 66, 67, 68, 69, 70, 71, 72, 73, 74, 75, 76, 77, 78, 79, 80, 81, 82, 83, 84, 85, 86, 87, 88, 89, 90, 91, 92, 93, 94, 95, 96, 97, 98, 99, 100, 101, 102, 103, 104, 105, 106, 107, 108, 109, 110, 111, 112, 113, 114, 115, 116, 117, 118, 119, 120, 121, 122, 123, 124, 125, 126, 127, 128, 129, 130, 131, 132, 133, 134, 135, 136, 137, 138, 139, 140, 141, 142, 143, 144, 145, 146, 147, 148, 149, 150, 151, 152, 153, 154, 155, 156, 157, 158, 159, 160, 161, 162, 163, 164, 165, 166, 167, 168, 169, 170, 171, 172, 173, 174, 175, 176, 177, 178, 179, 180, 181, 182, 183, 184, 185, 186, 187, 188, 189, 190, 191, 192, 193], 1:[], 2:[], 3:[], 4:[], 5:[], 6:[], 7:[], 8:[], 9:[], 10:[], 11:[], 12:[], 13:[], 14:[], 15:[], 16:[], 17:[], 18:[], 19:[], 20:[], 21:[], 22:[], 23:[], 24:[], 25:[], 26:[], 27:[], 28:[], 29:[], 30:[], 31:[], 32:[], 33:[], 34:[], 35:[], 36:[], 37:[], 38:[], 39:[], 40:[], 41:[], 42:[], 43:[], 44:[], 45:[], 46:[], 47:[], 48:[], 49:[], 50:[], 51:[], 52:[], 53:[], 54:[], 55:[], 56:[], 57:[], 58:[], 59:[], 60:[], 61:[], 62:[], 63:[], 64:[], 65:[], 66:[], 67:[], 68:[], 69:[], 70:[], 71:[], 72:[], 73:[], 74:[], 75:[], 76:[], 77:[], 78:[], 79:[], 80:[], 81:[], 82:[], 83:[], 84:[], 85:[], 86:[], 87:[], 88:[], 89:[], 90:[], 91:[], 92:[], 93:[], 94:[], 95:[], 96:[], 97:[], 98:[], 99:[], 100:[], 101:[], 102:[], 103:[], 104:[], 105:[], 106:[], 107:[], 108:[], 109:[], 110:[], 111:[], 112:[], 113:[], 114:[], 115:[], 116:[], 117:[], 118:[], 119:[], 120:[], 121:[], 122:[], 123:[], 124:[], 125:[], 126:[], 127:[], 128:[], 129:[], 130:[], 131:[], 132:[], 133:[], 134:[], 135:[], 136:[], 137:[], 138:[], 139:[], 140:[], 141:[], 142:[], 143:[], 144:[], 145:[], 146:[], 147:[], 148:[], 149:[], 150:[], 151:[], 152:[], 153:[], 154:[], 155:[], 156:[], 157:[], 158:[], 159:[], 160:[], 161:[], 162:[], 163:[], 164:[], 165:[], 166:[], 167:[], 168:[], 169:[], 170:[], 171:[], 172:[], 173:[], 174:[], 175:[], 176:[], 177:[], 178:[], 179:[], 180:[], 181:[], 182:[], 183:[], 184:[], 185:[], 186:[], 187:[], 188:[], 189:[], 190:[], 191:[], 192:[], 193:[]",86563930728,82935736491
4679,11,37318.3873,35827898,535576360,4277249245,843.6591,false,194,true,true,true,true,true,false,false,"0:[0, 1, 2, 3, 4, 5, 6, 7, 8, 9, 10, 11, 12, 13, 14, 15, 16, 17, 18, 19, 20, 21, 22, 23, 24, 25, 26, 27, 28, 29, 30, 31, 32, 33, 34, 35, 36, 37, 38, 39, 40, 41, 42, 43, 44, 45, 46, 47, 48, 49, 50, 51, 52, 53, 54, 55, 56, 57, 58, 59, 60, 61, 62, 63, 64, 65, 66, 67, 68, 69, 70, 71, 72, 73, 74, 75, 76, 77, 78, 79, 80, 81, 82, 83, 84, 85, 86, 87, 88, 89, 90, 91, 92, 93, 94, 95, 96, 97, 98, 99, 100, 101, 102, 103, 104, 105, 106, 107, 108, 109, 110, 111, 112, 113, 114, 115, 116, 117, 118, 119, 120, 121, 122, 123, 124, 125, 126, 127, 128, 129, 130, 131, 132, 133, 134, 135, 136, 137, 138, 139, 140, 141, 142, 143, 144, 145, 146, 147, 148, 149, 150, 151, 152, 153, 154, 155, 156, 157, 158, 159, 160, 161, 162, 163, 164, 165, 166, 167, 168, 169, 170, 171, 172, 173, 174, 175, 176, 177, 178, 179, 180, 181, 182, 183, 184, 185, 186, 187, 188, 189, 190, 191, 192, 193], 1:[], 2:[], 3:[], 4:[], 5:[], 6:[], 7:[], 8:[], 9:[], 10:[], 11:[], 12:[], 13:[], 14:[], 15:[], 16:[], 17:[], 18:[], 19:[], 20:[], 21:[], 22:[], 23:[], 24:[], 25:[], 26:[], 27:[], 28:[], 29:[], 30:[], 31:[], 32:[], 33:[], 34:[], 35:[], 36:[], 37:[], 38:[], 39:[], 40:[], 41:[], 42:[], 43:[], 44:[], 45:[], 46:[], 47:[], 48:[], 49:[], 50:[], 51:[], 52:[], 53:[], 54:[], 55:[], 56:[], 57:[], 58:[], 59:[], 60:[], 61:[], 62:[], 63:[], 64:[], 65:[], 66:[], 67:[], 68:[], 69:[], 70:[], 71:[], 72:[], 73:[], 74:[], 75:[], 76:[], 77:[], 78:[], 79:[], 80:[], 81:[], 82:[], 83:[], 84:[], 85:[], 86:[], 87:[], 88:[], 89:[], 90:[], 91:[], 92:[], 93:[], 94:[], 95:[], 96:[], 97:[], 98:[], 99:[], 100:[], 101:[], 102:[], 103:[], 104:[], 105:[], 106:[], 107:[], 108:[], 109:[], 110:[], 111:[], 112:[], 113:[], 114:[], 115:[], 116:[], 117:[], 118:[], 119:[], 120:[], 121:[], 122:[], 123:[], 124:[], 125:[], 126:[], 127:[], 128:[], 129:[], 130:[], 131:[], 132:[], 133:[], 134:[], 135:[], 136:[], 137:[], 138:[], 139:[], 140:[], 141:[], 142:[], 143:[], 144:[], 145:[], 146:[], 147:[], 148:[], 149:[], 150:[], 151:[], 152:[], 153:[], 154:[], 155:[], 156:[], 157:[], 158:[], 159:[], 160:[], 161:[], 162:[], 163:[], 164:[], 165:[], 166:[], 167:[], 168:[], 169:[], 170:[], 171:[], 172:[], 173:[], 174:[], 175:[], 176:[], 177:[], 178:[], 179:[], 180:[], 181:[], 182:[], 183:[], 184:[], 185:[], 186:[], 187:[], 188:[], 189:[], 190:[], 191:[], 192:[], 193:[]",86731854216,83179429584
4691,2,32920.2234,36103592,539703615,4310237075,856.4717,false,196,true,true,true,true,true,false,false,"0:[0, 1, 2, 3, 4, 5, 6, 7, 8, 9, 10, 11, 12, 13, 14, 15, 16, 17, 18, 19, 20, 21, 22, 23, 24, 25, 26, 27, 28, 29, 30, 31, 32, 33, 34, 35, 36, 37, 38, 39, 40, 41, 42, 43, 44, 45, 46, 47, 48, 49, 50, 51, 52, 53, 54, 55, 56, 57, 58, 59, 60, 61, 62, 63, 64, 65, 66, 67, 68, 69, 70, 71, 72, 73, 74, 75, 76, 77, 78, 79, 80, 81, 82, 83, 84, 85, 86, 87, 88, 89, 90, 91, 92, 93, 94, 95, 96, 97, 98, 99, 100, 101, 102, 103, 104, 105, 106, 107, 108, 109, 110, 111, 112, 113, 114, 115, 116, 117, 118, 119, 120, 121, 122, 123, 124, 125, 126, 127, 128, 129, 130, 131, 132, 133, 134, 135, 136, 137, 138, 139, 140, 141, 142, 143, 144, 145, 146, 147, 148, 149, 150, 151, 152, 153, 154, 155, 156, 157, 158, 159, 160, 161, 162, 163, 164, 165, 166, 167, 168, 169, 170, 171, 172, 173, 174, 175, 176, 177, 178, 179, 180, 181, 182, 183, 184, 185, 186, 187, 188, 189, 190, 191, 192, 193, 194, 195], 1:[], 2:[], 3:[], 4:[], 5:[], 6:[], 7:[], 8:[], 9:[], 10:[], 11:[], 12:[], 13:[], 14:[], 15:[], 16:[], 17:[], 18:[], 19:[], 20:[], 21:[], 22:[], 23:[], 24:[], 25:[], 26:[], 27:[], 28:[], 29:[], 30:[], 31:[], 32:[], 33:[], 34:[], 35:[], 36:[], 37:[], 38:[], 39:[], 40:[], 41:[], 42:[], 43:[], 44:[], 45:[], 46:[], 47:[], 48:[], 49:[], 50:[], 51:[], 52:[], 53:[], 54:[], 55:[], 56:[], 57:[], 58:[], 59:[], 60:[], 61:[], 62:[], 63:[], 64:[], 65:[], 66:[], 67:[], 68:[], 69:[], 70:[], 71:[], 72:[], 73:[], 74:[], 75:[], 76:[], 77:[], 78:[], 79:[], 80:[], 81:[], 82:[], 83:[], 84:[], 85:[], 86:[], 87:[], 88:[], 89:[], 90:[], 91:[], 92:[], 93:[], 94:[], 95:[], 96:[], 97:[], 98:[], 99:[], 100:[], 101:[], 102:[], 103:[], 104:[], 105:[], 106:[], 107:[], 108:[], 109:[], 110:[], 111:[], 112:[], 113:[], 114:[], 115:[], 116:[], 117:[], 118:[], 119:[], 120:[], 121:[], 122:[], 123:[], 124:[], 125:[], 126:[], 127:[], 128:[], 129:[], 130:[], 131:[], 132:[], 133:[], 134:[], 135:[], 136:[], 137:[], 138:[], 139:[], 140:[], 141:[], 142:[], 143:[], 144:[], 145:[], 146:[], 147:[], 148:[], 149:[], 150:[], 151:[], 152:[], 153:[], 154:[], 155:[], 156:[], 157:[], 158:[], 159:[], 160:[], 161:[], 162:[], 163:[], 164:[], 165:[], 166:[], 167:[], 168:[], 169:[], 170:[], 171:[], 172:[], 173:[], 174:[], 175:[], 176:[], 177:[], 178:[], 179:[], 180:[], 181:[], 182:[], 183:[], 184:[], 185:[], 186:[], 187:[], 188:[], 189:[], 190:[], 191:[], 192:[], 193:[], 194:[], 195:[]",87069754048,92259897851
4703,5,36299.1901,36380698,543851913,4343392643,877.6437,false,196,true,true,true,true,true,false,false,"0:[0, 1, 2, 3, 4, 5, 6, 7, 8, 9, 10, 11, 12, 13, 14, 15, 16, 17, 18, 19, 20, 21, 22, 23, 24, 25, 26, 27, 28, 29, 30, 31, 32, 33, 34, 35, 36, 37, 38, 39, 40, 41, 42, 43, 44, 45, 46, 47, 48, 49, 50, 51, 52, 53, 54, 55, 56, 57, 58, 59, 60, 61, 62, 63, 64, 65, 66, 67, 68, 69, 70, 71, 72, 73, 74, 75, 76, 77, 78, 79, 80, 81, 82, 83, 84, 85, 86, 87, 88, 89, 90, 91, 92, 93, 94, 95, 96, 97, 98, 99, 100, 101, 102, 103, 104, 105, 106, 107, 108, 109, 110, 111, 112, 113, 114, 115, 116, 117, 118, 119, 120, 121, 122, 123, 124, 125, 126, 127, 128, 129, 130, 131, 132, 133, 134, 135, 136, 137, 138, 139, 140, 141, 142, 143, 144, 145, 146, 147, 148, 149, 150, 151, 152, 153, 154, 155, 156, 157, 158, 159, 160, 161, 162, 163, 164, 165, 166, 167, 168, 169, 170, 171, 172, 173, 174, 175, 176, 177, 178, 179, 180, 181, 182, 183, 184, 185, 186, 187, 188, 189, 190, 191, 192, 193, 194, 195], 1:[], 2:[], 3:[], 4:[], 5:[], 6:[], 7:[], 8:[], 9:[], 10:[], 11:[], 12:[], 13:[], 14:[], 15:[], 16:[], 17:[], 18:[], 19:[], 20:[], 21:[], 22:[], 23:[], 24:[], 25:[], 26:[], 27:[], 28:[], 29:[], 30:[], 31:[], 32:[], 33:[], 34:[], 35:[], 36:[], 37:[], 38:[], 39:[], 40:[], 41:[], 42:[], 43:[], 44:[], 45:[], 46:[], 47:[], 48:[], 49:[], 50:[], 51:[], 52:[], 53:[], 54:[], 55:[], 56:[], 57:[], 58:[], 59:[], 60:[], 61:[], 62:[], 63:[], 64:[], 65:[], 66:[], 67:[], 68:[], 69:[], 70:[], 71:[], 72:[], 73:[], 74:[], 75:[], 76:[], 77:[], 78:[], 79:[], 80:[], 81:[], 82:[], 83:[], 84:[], 85:[], 86:[], 87:[], 88:[], 89:[], 90:[], 91:[], 92:[], 93:[], 94:[], 95:[], 96:[], 97:[], 98:[], 99:[], 100:[], 101:[], 102:[], 103:[], 104:[], 105:[], 106:[], 107:[], 108:[], 109:[], 110:[], 111:[], 112:[], 113:[], 114:[], 115:[], 116:[], 117:[], 118:[], 119:[], 120:[], 121:[], 122:[], 123:[], 124:[], 125:[], 126:[], 127:[], 128:[], 129:[], 130:[], 131:[], 132:[], 133:[], 134:[], 135:[], 136:[], 137:[], 138:[], 139:[], 140:[], 141:[], 142:[], 143:[], 144:[], 145:[], 146:[], 147:[], 148:[], 149:[], 150:[], 151:[], 152:[], 153:[], 154:[], 155:[], 156:[], 157:[], 158:[], 159:[], 160:[], 161:[], 162:[], 163:[], 164:[], 165:[], 166:[], 167:[], 168:[], 169:[], 170:[], 171:[], 172:[], 173:[], 174:[], 175:[], 176:[], 177:[], 178:[], 179:[], 180:[], 181:[], 182:[], 183:[], 184:[], 185:[], 186:[], 187:[], 188:[], 189:[], 190:[], 191:[], 192:[], 193:[], 194:[], 195:[]",87409376856,92752931941
4721,3,42608.5072,36798812,550110611,4393403047,881.9428,false,197,true,true,true,true,true,false,false,"0:[0, 1, 2, 3, 4, 5, 6, 7, 8, 9, 10, 11, 12, 13, 14, 15, 16, 17, 18, 19, 20, 21, 22, 23, 24, 25, 26, 27, 28, 29, 30, 31, 32, 33, 34, 35, 36, 37, 38, 39, 40, 41, 42, 43, 44, 45, 46, 47, 48, 49, 50, 51, 52, 53, 54, 55, 56, 57, 58, 59, 60, 61, 62, 63, 64, 65, 66, 67, 68, 69, 70, 71, 72, 73, 74, 75, 76, 77, 78, 79, 80, 81, 82, 83, 84, 85, 86, 87, 88, 89, 90, 91, 92, 93, 94, 95, 96, 97, 98, 99, 100, 101, 102, 103, 104, 105, 106, 107, 108, 109, 110, 111, 112, 113, 114, 115, 116, 117, 118, 119, 120, 121, 122, 123, 124, 125, 126, 127, 128, 129, 130, 131, 132, 133, 134, 135, 136, 137, 138, 139, 140, 141, 142, 143, 144, 145, 146, 147, 148, 149, 150, 151, 152, 153, 154, 155, 156, 157, 158, 159, 160, 161, 162, 163, 164, 165, 166, 167, 168, 169, 170, 171, 172, 173, 174, 175, 176, 177, 178, 179, 180, 181, 182, 183, 184, 185, 186, 187, 188, 189, 190, 191, 192, 193, 194, 195, 196], 1:[], 2:[], 3:[], 4:[], 5:[], 6:[], 7:[], 8:[], 9:[], 10:[], 11:[], 12:[], 13:[], 14:[], 15:[], 16:[], 17:[], 18:[], 19:[], 20:[], 21:[], 22:[], 23:[], 24:[], 25:[], 26:[], 27:[], 28:[], 29:[], 30:[], 31:[], 32:[], 33:[], 34:[], 35:[], 36:[], 37:[], 38:[], 39:[], 40:[], 41:[], 42:[], 43:[], 44:[], 45:[], 46:[], 47:[], 48:[], 49:[], 50:[], 51:[], 52:[], 53:[], 54:[], 55:[], 56:[], 57:[], 58:[], 59:[], 60:[], 61:[], 62:[], 63:[], 64:[], 65:[], 66:[], 67:[], 68:[], 69:[], 70:[], 71:[], 72:[], 73:[], 74:[], 75:[], 76:[], 77:[], 78:[], 79:[], 80:[], 81:[], 82:[], 83:[], 84:[], 85:[], 86:[], 87:[], 88:[], 89:[], 90:[], 91:[], 92:[], 93:[], 94:[], 95:[], 96:[], 97:[], 98:[], 99:[], 100:[], 101:[], 102:[], 103:[], 104:[], 105:[], 106:[], 107:[], 108:[], 109:[], 110:[], 111:[], 112:[], 113:[], 114:[], 115:[], 116:[], 117:[], 118:[], 119:[], 120:[], 121:[], 122:[], 123:[], 124:[], 125:[], 126:[], 127:[], 128:[], 129:[], 130:[], 131:[], 132:[], 133:[], 134:[], 135:[], 136:[], 137:[], 138:[], 139:[], 140:[], 141:[], 142:[], 143:[], 144:[], 145:[], 146:[], 147:[], 148:[], 149:[], 150:[], 151:[], 152:[], 153:[], 154:[], 155:[], 156:[], 157:[], 158:[], 159:[], 160:[], 161:[], 162:[], 163:[], 164:[], 165:[], 166:[], 167:[], 168:[], 169:[], 170:[], 171:[], 172:[], 173:[], 174:[], 175:[], 176:[], 177:[], 178:[], 179:[], 180:[], 181:[], 182:[], 183:[], 184:[], 185:[], 186:[], 187:[], 188:[], 189:[], 190:[], 191:[], 192:[], 193:[], 194:[], 195:[], 196:[]",90874569904,93496867343
4723,2,35410.6922,36845422,550808600,4398976886,875.1806,false,196,true,true,true,true,true,false,false,"0:[0, 1, 2, 3, 4, 5, 6, 7, 8, 9, 10, 11, 12, 13, 14, 15, 16, 17, 18, 19, 20, 21, 22, 23, 24, 25, 26, 27, 28, 29, 30, 31, 32, 33, 34, 35, 36, 37, 38, 39, 40, 41, 42, 43, 44, 45, 46, 47, 48, 49, 50, 51, 52, 53, 54, 55, 56, 57, 58, 59, 60, 61, 62, 63, 64, 65, 66, 67, 68, 69, 70, 71, 72, 73, 74, 75, 76, 77, 78, 79, 80, 81, 82, 83, 84, 85, 86, 87, 88, 89, 90, 91, 92, 93, 94, 95, 96, 97, 98, 99, 100, 101, 102, 103, 104, 105, 106, 107, 108, 109, 110, 111, 112, 113, 114, 115, 116, 117, 118, 119, 120, 121, 122, 123, 124, 125, 126, 127, 128, 129, 130, 131, 132, 133, 134, 135, 136, 137, 138, 139, 140, 141, 142, 143, 144, 145, 146, 147, 148, 149, 150, 151, 152, 153, 154, 155, 156, 157, 158, 159, 160, 161, 162, 163, 164, 165, 166, 167, 168, 169, 170, 171, 172, 173, 174, 175, 176, 177, 178, 179, 180, 181, 182, 183, 184, 185, 186, 187, 188, 189, 190, 191, 192, 193, 194, 195], 1:[], 2:[], 3:[], 4:[], 5:[], 6:[], 7:[], 8:[], 9:[], 10:[], 11:[], 12:[], 13:[], 14:[], 15:[], 16:[], 17:[], 18:[], 19:[], 20:[], 21:[], 22:[], 23:[], 24:[], 25:[], 26:[], 27:[], 28:[], 29:[], 30:[], 31:[], 32:[], 33:[], 34:[], 35:[], 36:[], 37:[], 38:[], 39:[], 40:[], 41:[], 42:[], 43:[], 44:[], 45:[], 46:[], 47:[], 48:[], 49:[], 50:[], 51:[], 52:[], 53:[], 54:[], 55:[], 56:[], 57:[], 58:[], 59:[], 60:[], 61:[], 62:[], 63:[], 64:[], 65:[], 66:[], 67:[], 68:[], 69:[], 70:[], 71:[], 72:[], 73:[], 74:[], 75:[], 76:[], 77:[], 78:[], 79:[], 80:[], 81:[], 82:[], 83:[], 84:[], 85:[], 86:[], 87:[], 88:[], 89:[], 90:[], 91:[], 92:[], 93:[], 94:[], 95:[], 96:[], 97:[], 98:[], 99:[], 100:[], 101:[], 102:[], 103:[], 104:[], 105:[], 106:[], 107:[], 108:[], 109:[], 110:[], 111:[], 112:[], 113:[], 114:[], 115:[], 116:[], 117:[], 118:[], 119:[], 120:[], 121:[], 122:[], 123:[], 124:[], 125:[], 126:[], 127:[], 128:[], 129:[], 130:[], 131:[], 132:[], 133:[], 134:[], 135:[], 136:[], 137:[], 138:[], 139:[], 140:[], 141:[], 142:[], 143:[], 144:[], 145:[], 146:[], 147:[], 148:[], 149:[], 150:[], 151:[], 152:[], 153:[], 154:[], 155:[], 156:[], 157:[], 158:[], 159:[], 160:[], 161:[], 162:[], 163:[], 164:[], 165:[], 166:[], 167:[], 168:[], 169:[], 170:[], 171:[], 172:[], 173:[], 174:[], 175:[], 176:[], 177:[], 178:[], 179:[], 180:[], 181:[], 182:[], 183:[], 184:[], 185:[], 186:[], 187:[], 188:[], 189:[], 190:[], 191:[], 192:[], 193:[], 194:[], 195:[]",90931714104,93579812240
4729,11,49452.2110,36985490,552911963,4415817773,899.1602,false,198,true,true,true,true,true,false,false,"0:[0, 1, 2, 3, 4, 5, 6, 7, 8, 9, 10, 11, 12, 13, 14, 15, 16, 17, 18, 19, 20, 21, 22, 23, 24, 25, 26, 27, 28, 29, 30, 31, 32, 33, 34, 35, 36, 37, 38, 39, 40, 41, 42, 43, 44, 45, 46, 47, 48, 49, 50, 51, 52, 53, 54, 55, 56, 57, 58, 59, 60, 61, 62, 63, 64, 65, 66, 67, 68, 69, 70, 71, 72, 73, 74, 75, 76, 77, 78, 79, 80, 81, 82, 83, 84, 85, 86, 87, 88, 89, 90, 91, 92, 93, 94, 95, 96, 97, 98, 99, 100, 101, 102, 103, 104, 105, 106, 107, 108, 109, 110, 111, 112, 113, 114, 115, 116, 117, 118, 119, 120, 121, 122, 123, 124, 125, 126, 127, 128, 129, 130, 131, 132, 133, 134, 135, 136, 137, 138, 139, 140, 141, 142, 143, 144, 145, 146, 147, 148, 149, 150, 151, 152, 153, 154, 155, 156, 157, 158, 159, 160, 161, 162, 163, 164, 165, 166, 167, 168, 169, 170, 171, 172, 173, 174, 175, 176, 177, 178, 179, 180, 181, 182, 183, 184, 185, 186, 187, 188, 189, 190, 191, 192, 193, 194, 195, 196, 197], 1:[], 2:[], 3:[], 4:[], 5:[], 6:[], 7:[], 8:[], 9:[], 10:[], 11:[], 12:[], 13:[], 14:[], 15:[], 16:[], 17:[], 18:[], 19:[], 20:[], 21:[], 22:[], 23:[], 24:[], 25:[], 26:[], 27:[], 28:[], 29:[], 30:[], 31:[], 32:[], 33:[], 34:[], 35:[], 36:[], 37:[], 38:[], 39:[], 40:[], 41:[], 42:[], 43:[], 44:[], 45:[], 46:[], 47:[], 48:[], 49:[], 50:[], 51:[], 52:[], 53:[], 54:[], 55:[], 56:[], 57:[], 58:[], 59:[], 60:[], 61:[], 62:[], 63:[], 64:[], 65:[], 66:[], 67:[], 68:[], 69:[], 70:[], 71:[], 72:[], 73:[], 74:[], 75:[], 76:[], 77:[], 78:[], 79:[], 80:[], 81:[], 82:[], 83:[], 84:[], 85:[], 86:[], 87:[], 88:[], 89:[], 90:[], 91:[], 92:[], 93:[], 94:[], 95:[], 96:[], 97:[], 98:[], 99:[], 100:[], 101:[], 102:[], 103:[], 104:[], 105:[], 106:[], 107:[], 108:[], 109:[], 110:[], 111:[], 112:[], 113:[], 114:[], 115:[], 116:[], 117:[], 118:[], 119:[], 120:[], 121:[], 122:[], 123:[], 124:[], 125:[], 126:[], 127:[], 128:[], 129:[], 130:[], 131:[], 132:[], 133:[], 134:[], 135:[], 136:[], 137:[], 138:[], 139:[], 140:[], 141:[], 142:[], 143:[], 144:[], 145:[], 146:[], 147:[], 148:[], 149:[], 150:[], 151:[], 152:[], 153:[], 154:[], 155:[], 156:[], 157:[], 158:[], 159:[], 160:[], 161:[], 162:[], 163:[], 164:[], 165:[], 166:[], 167:[], 168:[], 169:[], 170:[], 171:[], 172:[], 173:[], 174:[], 175:[], 176:[], 177:[], 178:[], 179:[], 180:[], 181:[], 182:[], 183:[], 184:[], 185:[], 186:[], 187:[], 188:[], 189:[], 190:[], 191:[], 192:[], 193:[], 194:[], 195:[], 196:[], 197:[]",91103905048,93829865471
4733,2,34501.8146,37079460,554314444,4427017372,876.0331,false,198,true,true,true,true,true,false,false,"0:[0, 1, 2, 3, 4, 5, 6, 7, 8, 9, 10, 11, 12, 13, 14, 15, 16, 17, 18, 19, 20, 21, 22, 23, 24, 25, 26, 27, 28, 29, 30, 31, 32, 33, 34, 35, 36, 37, 38, 39, 40, 41, 42, 43, 44, 45, 46, 47, 48, 49, 50, 51, 52, 53, 54, 55, 56, 57, 58, 59, 60, 61, 62, 63, 64, 65, 66, 67, 68, 69, 70, 71, 72, 73, 74, 75, 76, 77, 78, 79, 80, 81, 82, 83, 84, 85, 86, 87, 88, 89, 90, 91, 92, 93, 94, 95, 96, 97, 98, 99, 100, 101, 102, 103, 104, 105, 106, 107, 108, 109, 110, 111, 112, 113, 114, 115, 116, 117, 118, 119, 120, 121, 122, 123, 124, 125, 126, 127, 128, 129, 130, 131, 132, 133, 134, 135, 136, 137, 138, 139, 140, 141, 142, 143, 144, 145, 146, 147, 148, 149, 150, 151, 152, 153, 154, 155, 156, 157, 158, 159, 160, 161, 162, 163, 164, 165, 166, 167, 168, 169, 170, 171, 172, 173, 174, 175, 176, 177, 178, 179, 180, 181, 182, 183, 184, 185, 186, 187, 188, 189, 190, 191, 192, 193, 194, 195, 196, 197], 1:[], 2:[], 3:[], 4:[], 5:[], 6:[], 7:[], 8:[], 9:[], 10:[], 11:[], 12:[], 13:[], 14:[], 15:[], 16:[], 17:[], 18:[], 19:[], 20:[], 21:[], 22:[], 23:[], 24:[], 25:[], 26:[], 27:[], 28:[], 29:[], 30:[], 31:[], 32:[], 33:[], 34:[], 35:[], 36:[], 37:[], 38:[], 39:[], 40:[], 41:[], 42:[], 43:[], 44:[], 45:[], 46:[], 47:[], 48:[], 49:[], 50:[], 51:[], 52:[], 53:[], 54:[], 55:[], 56:[], 57:[], 58:[], 59:[], 60:[], 61:[], 62:[], 63:[], 64:[], 65:[], 66:[], 67:[], 68:[], 69:[], 70:[], 71:[], 72:[], 73:[], 74:[], 75:[], 76:[], 77:[], 78:[], 79:[], 80:[], 81:[], 82:[], 83:[], 84:[], 85:[], 86:[], 87:[], 88:[], 89:[], 90:[], 91:[], 92:[], 93:[], 94:[], 95:[], 96:[], 97:[], 98:[], 99:[], 100:[], 101:[], 102:[], 103:[], 104:[], 105:[], 106:[], 107:[], 108:[], 109:[], 110:[], 111:[], 112:[], 113:[], 114:[], 115:[], 116:[], 117:[], 118:[], 119:[], 120:[], 121:[], 122:[], 123:[], 124:[], 125:[], 126:[], 127:[], 128:[], 129:[], 130:[], 131:[], 132:[], 133:[], 134:[], 135:[], 136:[], 137:[], 138:[], 139:[], 140:[], 141:[], 142:[], 143:[], 144:[], 145:[], 146:[], 147:[], 148:[], 149:[], 150:[], 151:[], 152:[], 153:[], 154:[], 155:[], 156:[], 157:[], 158:[], 159:[], 160:[], 161:[], 162:[], 163:[], 164:[], 165:[], 166:[], 167:[], 168:[], 169:[], 170:[], 171:[], 172:[], 173:[], 174:[], 175:[], 176:[], 177:[], 178:[], 179:[], 180:[], 181:[], 182:[], 183:[], 184:[], 185:[], 186:[], 187:[], 188:[], 189:[], 190:[], 191:[], 192:[], 193:[], 194:[], 195:[], 196:[], 197:[]",91218734688,93996499196
4751,13,37968.5626,37503300,560650525,4477615081,877.9689,false,197,true,true,true,true,true,false,false,"0:[0, 1, 2, 3, 4, 5, 6, 7, 8, 9, 10, 11, 12, 13, 14, 15, 16, 17, 18, 19, 20, 21, 22, 23, 24, 25, 26, 27, 28, 29, 30, 31, 32, 33, 34, 35, 36, 37, 38, 39, 40, 41, 42, 43, 44, 45, 46, 47, 48, 49, 50, 51, 52, 53, 54, 55, 56, 57, 58, 59, 60, 61, 62, 63, 64, 65, 66, 67, 68, 69, 70, 71, 72, 73, 74, 75, 76, 77, 78, 79, 80, 81, 82, 83, 84, 85, 86, 87, 88, 89, 90, 91, 92, 93, 94, 95, 96, 97, 98, 99, 100, 101, 102, 103, 104, 105, 106, 107, 108, 109, 110, 111, 112, 113, 114, 115, 116, 117, 118, 119, 120, 121, 122, 123, 124, 125, 126, 127, 128, 129, 130, 131, 132, 133, 134, 135, 136, 137, 138, 139, 140, 141, 142, 143, 144, 145, 146, 147, 148, 149, 150, 151, 152, 153, 154, 155, 156, 157, 158, 159, 160, 161, 162, 163, 164, 165, 166, 167, 168, 169, 170, 171, 172, 173, 174, 175, 176, 177, 178, 179, 180, 181, 182, 183, 184, 185, 186, 187, 188, 189, 190, 191, 192, 193, 194, 195, 196], 1:[], 2:[], 3:[], 4:[], 5:[], 6:[], 7:[], 8:[], 9:[], 10:[], 11:[], 12:[], 13:[], 14:[], 15:[], 16:[], 17:[], 18:[], 19:[], 20:[], 21:[], 22:[], 23:[], 24:[], 25:[], 26:[], 27:[], 28:[], 29:[], 30:[], 31:[], 32:[], 33:[], 34:[], 35:[], 36:[], 37:[], 38:[], 39:[], 40:[], 41:[], 42:[], 43:[], 44:[], 45:[], 46:[], 47:[], 48:[], 49:[], 50:[], 51:[], 52:[], 53:[], 54:[], 55:[], 56:[], 57:[], 58:[], 59:[], 60:[], 61:[], 62:[], 63:[], 64:[], 65:[], 66:[], 67:[], 68:[], 69:[], 70:[], 71:[], 72:[], 73:[], 74:[], 75:[], 76:[], 77:[], 78:[], 79:[], 80:[], 81:[], 82:[], 83:[], 84:[], 85:[], 86:[], 87:[], 88:[], 89:[], 90:[], 91:[], 92:[], 93:[], 94:[], 95:[], 96:[], 97:[], 98:[], 99:[], 100:[], 101:[], 102:[], 103:[], 104:[], 105:[], 106:[], 107:[], 108:[], 109:[], 110:[], 111:[], 112:[], 113:[], 114:[], 115:[], 116:[], 117:[], 118:[], 119:[], 120:[], 121:[], 122:[], 123:[], 124:[], 125:[], 126:[], 127:[], 128:[], 129:[], 130:[], 131:[], 132:[], 133:[], 134:[], 135:[], 136:[], 137:[], 138:[], 139:[], 140:[], 141:[], 142:[], 143:[], 144:[], 145:[], 146:[], 147:[], 148:[], 149:[], 150:[], 151:[], 152:[], 153:[], 154:[], 155:[], 156:[], 157:[], 158:[], 159:[], 160:[], 161:[], 162:[], 163:[], 164:[], 165:[], 166:[], 167:[], 168:[], 169:[], 170:[], 171:[], 172:[], 173:[], 174:[], 175:[], 176:[], 177:[], 178:[], 179:[], 180:[], 181:[], 182:[], 183:[], 184:[], 185:[], 186:[], 187:[], 188:[], 189:[], 190:[], 191:[], 192:[], 193:[], 194:[], 195:[], 196:[]",91737488688,94749495681
4759,3,37721.2640,37692352,563486341,4500298664,882.3580,false,198,true,true,true,true,true,false,false,"0:[0, 1, 2, 3, 4, 5, 6, 7, 8, 9, 10, 11, 12, 13, 14, 15, 16, 17, 18, 19, 20, 21, 22, 23, 24, 25, 26, 27, 28, 29, 30, 31, 32, 33, 34, 35, 36, 37, 38, 39, 40, 41, 42, 43, 44, 45, 46, 47, 48, 49, 50, 51, 52, 53, 54, 55, 56, 57, 58, 59, 60, 61, 62, 63, 64, 65, 66, 67, 68, 69, 70, 71, 72, 73, 74, 75, 76, 77, 78, 79, 80, 81, 82, 83, 84, 85, 86, 87, 88, 89, 90, 91, 92, 93, 94, 95, 96, 97, 98, 99, 100, 101, 102, 103, 104, 105, 106, 107, 108, 109, 110, 111, 112, 113, 114, 115, 116, 117, 118, 119, 120, 121, 122, 123, 124, 125, 126, 127, 128, 129, 130, 131, 132, 133, 134, 135, 136, 137, 138, 139, 140, 141, 142, 143, 144, 145, 146, 147, 148, 149, 150, 151, 152, 153, 154, 155, 156, 157, 158, 159, 160, 161, 162, 163, 164, 165, 166, 167, 168, 169, 170, 171, 172, 173, 174, 175, 176, 177, 178, 179, 180, 181, 182, 183, 184, 185, 186, 187, 188, 189, 190, 191, 192, 193, 194, 195, 196, 197], 1:[], 2:[], 3:[], 4:[], 5:[], 6:[], 7:[], 8:[], 9:[], 10:[], 11:[], 12:[], 13:[], 14:[], 15:[], 16:[], 17:[], 18:[], 19:[], 20:[], 21:[], 22:[], 23:[], 24:[], 25:[], 26:[], 27:[], 28:[], 29:[], 30:[], 31:[], 32:[], 33:[], 34:[], 35:[], 36:[], 37:[], 38:[], 39:[], 40:[], 41:[], 42:[], 43:[], 44:[], 45:[], 46:[], 47:[], 48:[], 49:[], 50:[], 51:[], 52:[], 53:[], 54:[], 55:[], 56:[], 57:[], 58:[], 59:[], 60:[], 61:[], 62:[], 63:[], 64:[], 65:[], 66:[], 67:[], 68:[], 69:[], 70:[], 71:[], 72:[], 73:[], 74:[], 75:[], 76:[], 77:[], 78:[], 79:[], 80:[], 81:[], 82:[], 83:[], 84:[], 85:[], 86:[], 87:[], 88:[], 89:[], 90:[], 91:[], 92:[], 93:[], 94:[], 95:[], 96:[], 97:[], 98:[], 99:[], 100:[], 101:[], 102:[], 103:[], 104:[], 105:[], 106:[], 107:[], 108:[], 109:[], 110:[], 111:[], 112:[], 113:[], 114:[], 115:[], 116:[], 117:[], 118:[], 119:[], 120:[], 121:[], 122:[], 123:[], 124:[], 125:[], 126:[], 127:[], 128:[], 129:[], 130:[], 131:[], 132:[], 133:[], 134:[], 135:[], 136:[], 137:[], 138:[], 139:[], 140:[], 141:[], 142:[], 143:[], 144:[], 145:[], 146:[], 147:[], 148:[], 149:[], 150:[], 151:[], 152:[], 153:[], 154:[], 155:[], 156:[], 157:[], 158:[], 159:[], 160:[], 161:[], 162:[], 163:[], 164:[], 165:[], 166:[], 167:[], 168:[], 169:[], 170:[], 171:[], 172:[], 173:[], 174:[], 175:[], 176:[], 177:[], 178:[], 179:[], 180:[], 181:[], 182:[], 183:[], 184:[], 185:[], 186:[], 187:[], 188:[], 189:[], 190:[], 191:[], 192:[], 193:[], 194:[], 195:[], 196:[], 197:[]",91969647424,95086592825
4783,3,39977.1046,38264120,572042581,4568665160,897.0892,false,200,true,true,true,true,true,false,false,"0:[0, 1, 2, 3, 4, 5, 6, 7, 8, 9, 10, 11, 12, 13, 14, 15, 16, 17, 18, 19, 20, 21, 22, 23, 24, 25, 26, 27, 28, 29, 30, 31, 32, 33, 34, 35, 36, 37, 38, 39, 40, 41, 42, 43, 44, 45, 46, 47, 48, 49, 50, 51, 52, 53, 54, 55, 56, 57, 58, 59, 60, 61, 62, 63, 64, 65, 66, 67, 68, 69, 70, 71, 72, 73, 74, 75, 76, 77, 78, 79, 80, 81, 82, 83, 84, 85, 86, 87, 88, 89, 90, 91, 92, 93, 94, 95, 96, 97, 98, 99, 100, 101, 102, 103, 104, 105, 106, 107, 108, 109, 110, 111, 112, 113, 114, 115, 116, 117, 118, 119, 120, 121, 122, 123, 124, 125, 126, 127, 128, 129, 130, 131, 132, 133, 134, 135, 136, 137, 138, 139, 140, 141, 142, 143, 144, 145, 146, 147, 148, 149, 150, 151, 152, 153, 154, 155, 156, 157, 158, 159, 160, 161, 162, 163, 164, 165, 166, 167, 168, 169, 170, 171, 172, 173, 174, 175, 176, 177, 178, 179, 180, 181, 182, 183, 184, 185, 186, 187, 188, 189, 190, 191, 192, 193, 194, 195, 196, 197, 198, 199], 1:[], 2:[], 3:[], 4:[], 5:[], 6:[], 7:[], 8:[], 9:[], 10:[], 11:[], 12:[], 13:[], 14:[], 15:[], 16:[], 17:[], 18:[], 19:[], 20:[], 21:[], 22:[], 23:[], 24:[], 25:[], 26:[], 27:[], 28:[], 29:[], 30:[], 31:[], 32:[], 33:[], 34:[], 35:[], 36:[], 37:[], 38:[], 39:[], 40:[], 41:[], 42:[], 43:[], 44:[], 45:[], 46:[], 47:[], 48:[], 49:[], 50:[], 51:[], 52:[], 53:[], 54:[], 55:[], 56:[], 57:[], 58:[], 59:[], 60:[], 61:[], 62:[], 63:[], 64:[], 65:[], 66:[], 67:[], 68:[], 69:[], 70:[], 71:[], 72:[], 73:[], 74:[], 75:[], 76:[], 77:[], 78:[], 79:[], 80:[], 81:[], 82:[], 83:[], 84:[], 85:[], 86:[], 87:[], 88:[], 89:[], 90:[], 91:[], 92:[], 93:[], 94:[], 95:[], 96:[], 97:[], 98:[], 99:[], 100:[], 101:[], 102:[], 103:[], 104:[], 105:[], 106:[], 107:[], 108:[], 109:[], 110:[], 111:[], 112:[], 113:[], 114:[], 115:[], 116:[], 117:[], 118:[], 119:[], 120:[], 121:[], 122:[], 123:[], 124:[], 125:[], 126:[], 127:[], 128:[], 129:[], 130:[], 131:[], 132:[], 133:[], 134:[], 135:[], 136:[], 137:[], 138:[], 139:[], 140:[], 141:[], 142:[], 143:[], 144:[], 145:[], 146:[], 147:[], 148:[], 149:[], 150:[], 151:[], 152:[], 153:[], 154:[], 155:[], 156:[], 157:[], 158:[], 159:[], 160:[], 161:[], 162:[], 163:[], 164:[], 165:[], 166:[], 167:[], 168:[], 169:[], 170:[], 171:[], 172:[], 173:[], 174:[], 175:[], 176:[], 177:[], 178:[], 179:[], 180:[], 181:[], 182:[], 183:[], 184:[], 185:[], 186:[], 187:[], 188:[], 189:[], 190:[], 191:[], 192:[], 193:[], 194:[], 195:[], 196:[], 197:[], 198:[], 199:[]",92670156128,96103529001
4787,2,36193.4157,38360240,573478323,4580137152,933.6919,false,199,true,true,true,true,true,false,false,"0:[0, 1, 2, 3, 4, 5, 6, 7, 8, 9, 10, 11, 12, 13, 14, 15, 16, 17, 18, 19, 20, 21, 22, 23, 24, 25, 26, 27, 28, 29, 30, 31, 32, 33, 34, 35, 36, 37, 38, 39, 40, 41, 42, 43, 44, 45, 46, 47, 48, 49, 50, 51, 52, 53, 54, 55, 56, 57, 58, 59, 60, 61, 62, 63, 64, 65, 66, 67, 68, 69, 70, 71, 72, 73, 74, 75, 76, 77, 78, 79, 80, 81, 82, 83, 84, 85, 86, 87, 88, 89, 90, 91, 92, 93, 94, 95, 96, 97, 98, 99, 100, 101, 102, 103, 104, 105, 106, 107, 108, 109, 110, 111, 112, 113, 114, 115, 116, 117, 118, 119, 120, 121, 122, 123, 124, 125, 126, 127, 128, 129, 130, 131, 132, 133, 134, 135, 136, 137, 138, 139, 140, 141, 142, 143, 144, 145, 146, 147, 148, 149, 150, 151, 152, 153, 154, 155, 156, 157, 158, 159, 160, 161, 162, 163, 164, 165, 166, 167, 168, 169, 170, 171, 172, 173, 174, 175, 176, 177, 178, 179, 180, 181, 182, 183, 184, 185, 186, 187, 188, 189, 190, 191, 192, 193, 194, 195, 196, 197, 198], 1:[], 2:[], 3:[], 4:[], 5:[], 6:[], 7:[], 8:[], 9:[], 10:[], 11:[], 12:[], 13:[], 14:[], 15:[], 16:[], 17:[], 18:[], 19:[], 20:[], 21:[], 22:[], 23:[], 24:[], 25:[], 26:[], 27:[], 28:[], 29:[], 30:[], 31:[], 32:[], 33:[], 34:[], 35:[], 36:[], 37:[], 38:[], 39:[], 40:[], 41:[], 42:[], 43:[], 44:[], 45:[], 46:[], 47:[], 48:[], 49:[], 50:[], 51:[], 52:[], 53:[], 54:[], 55:[], 56:[], 57:[], 58:[], 59:[], 60:[], 61:[], 62:[], 63:[], 64:[], 65:[], 66:[], 67:[], 68:[], 69:[], 70:[], 71:[], 72:[], 73:[], 74:[], 75:[], 76:[], 77:[], 78:[], 79:[], 80:[], 81:[], 82:[], 83:[], 84:[], 85:[], 86:[], 87:[], 88:[], 89:[], 90:[], 91:[], 92:[], 93:[], 94:[], 95:[], 96:[], 97:[], 98:[], 99:[], 100:[], 101:[], 102:[], 103:[], 104:[], 105:[], 106:[], 107:[], 108:[], 109:[], 110:[], 111:[], 112:[], 113:[], 114:[], 115:[], 116:[], 117:[], 118:[], 119:[], 120:[], 121:[], 122:[], 123:[], 124:[], 125:[], 126:[], 127:[], 128:[], 129:[], 130:[], 131:[], 132:[], 133:[], 134:[], 135:[], 136:[], 137:[], 138:[], 139:[], 140:[], 141:[], 142:[], 143:[], 144:[], 145:[], 146:[], 147:[], 148:[], 149:[], 150:[], 151:[], 152:[], 153:[], 154:[], 155:[], 156:[], 157:[], 158:[], 159:[], 160:[], 161:[], 162:[], 163:[], 164:[], 165:[], 166:[], 167:[], 168:[], 169:[], 170:[], 171:[], 172:[], 173:[], 174:[], 175:[], 176:[], 177:[], 178:[], 179:[], 180:[], 181:[], 182:[], 183:[], 184:[], 185:[], 186:[], 187:[], 188:[], 189:[], 190:[], 191:[], 192:[], 193:[], 194:[], 195:[], 196:[], 197:[], 198:[]",92787706848,96274112255
4789,2,38197.8068,38407761,574198345,4585918174,909.6126,false,199,true,true,true,true,true,false,false,"0:[0, 1, 2, 3, 4, 5, 6, 7, 8, 9, 10, 11, 12, 13, 14, 15, 16, 17, 18, 19, 20, 21, 22, 23, 24, 25, 26, 27, 28, 29, 30, 31, 32, 33, 34, 35, 36, 37, 38, 39, 40, 41, 42, 43, 44, 45, 46, 47, 48, 49, 50, 51, 52, 53, 54, 55, 56, 57, 58, 59, 60, 61, 62, 63, 64, 65, 66, 67, 68, 69, 70, 71, 72, 73, 74, 75, 76, 77, 78, 79, 80, 81, 82, 83, 84, 85, 86, 87, 88, 89, 90, 91, 92, 93, 94, 95, 96, 97, 98, 99, 100, 101, 102, 103, 104, 105, 106, 107, 108, 109, 110, 111, 112, 113, 114, 115, 116, 117, 118, 119, 120, 121, 122, 123, 124, 125, 126, 127, 128, 129, 130, 131, 132, 133, 134, 135, 136, 137, 138, 139, 140, 141, 142, 143, 144, 145, 146, 147, 148, 149, 150, 151, 152, 153, 154, 155, 156, 157, 158, 159, 160, 161, 162, 163, 164, 165, 166, 167, 168, 169, 170, 171, 172, 173, 174, 175, 176, 177, 178, 179, 180, 181, 182, 183, 184, 185, 186, 187, 188, 189, 190, 191, 192, 193, 194, 195, 196, 197, 198], 1:[], 2:[], 3:[], 4:[], 5:[], 6:[], 7:[], 8:[], 9:[], 10:[], 11:[], 12:[], 13:[], 14:[], 15:[], 16:[], 17:[], 18:[], 19:[], 20:[], 21:[], 22:[], 23:[], 24:[], 25:[], 26:[], 27:[], 28:[], 29:[], 30:[], 31:[], 32:[], 33:[], 34:[], 35:[], 36:[], 37:[], 38:[], 39:[], 40:[], 41:[], 42:[], 43:[], 44:[], 45:[], 46:[], 47:[], 48:[], 49:[], 50:[], 51:[], 52:[], 53:[], 54:[], 55:[], 56:[], 57:[], 58:[], 59:[], 60:[], 61:[], 62:[], 63:[], 64:[], 65:[], 66:[], 67:[], 68:[], 69:[], 70:[], 71:[], 72:[], 73:[], 74:[], 75:[], 76:[], 77:[], 78:[], 79:[], 80:[], 81:[], 82:[], 83:[], 84:[], 85:[], 86:[], 87:[], 88:[], 89:[], 90:[], 91:[], 92:[], 93:[], 94:[], 95:[], 96:[], 97:[], 98:[], 99:[], 100:[], 101:[], 102:[], 103:[], 104:[], 105:[], 106:[], 107:[], 108:[], 109:[], 110:[], 111:[], 112:[], 113:[], 114:[], 115:[], 116:[], 117:[], 118:[], 119:[], 120:[], 121:[], 122:[], 123:[], 124:[], 125:[], 126:[], 127:[], 128:[], 129:[], 130:[], 131:[], 132:[], 133:[], 134:[], 135:[], 136:[], 137:[], 138:[], 139:[], 140:[], 141:[], 142:[], 143:[], 144:[], 145:[], 146:[], 147:[], 148:[], 149:[], 150:[], 151:[], 152:[], 153:[], 154:[], 155:[], 156:[], 157:[], 158:[], 159:[], 160:[], 161:[], 162:[], 163:[], 164:[], 165:[], 166:[], 167:[], 168:[], 169:[], 170:[], 171:[], 172:[], 173:[], 174:[], 175:[], 176:[], 177:[], 178:[], 179:[], 180:[], 181:[], 182:[], 183:[], 184:[], 185:[], 186:[], 187:[], 188:[], 189:[], 190:[], 191:[], 192:[], 193:[], 194:[], 195:[], 196:[], 197:[], 198:[]",92846639196,96359813385
4793,3,44537.9322,38504120,575635317,4597385832,1115.1652,false,199,true,true,true,true,true,false,false,"0:[0, 1, 2, 3, 4, 5, 6, 7, 8, 9, 10, 11, 12, 13, 14, 15, 16, 17, 18, 19, 20, 21, 22, 23, 24, 25, 26, 27, 28, 29, 30, 31, 32, 33, 34, 35, 36, 37, 38, 39, 40, 41, 42, 43, 44, 45, 46, 47, 48, 49, 50, 51, 52, 53, 54, 55, 56, 57, 58, 59, 60, 61, 62, 63, 64, 65, 66, 67, 68, 69, 70, 71, 72, 73, 74, 75, 76, 77, 78, 79, 80, 81, 82, 83, 84, 85, 86, 87, 88, 89, 90, 91, 92, 93, 94, 95, 96, 97, 98, 99, 100, 101, 102, 103, 104, 105, 106, 107, 108, 109, 110, 111, 112, 113, 114, 115, 116, 117, 118, 119, 120, 121, 122, 123, 124, 125, 126, 127, 128, 129, 130, 131, 132, 133, 134, 135, 136, 137, 138, 139, 140, 141, 142, 143, 144, 145, 146, 147, 148, 149, 150, 151, 152, 153, 154, 155, 156, 157, 158, 159, 160, 161, 162, 163, 164, 165, 166, 167, 168, 169, 170, 171, 172, 173, 174, 175, 176, 177, 178, 179, 180, 181, 182, 183, 184, 185, 186, 187, 188, 189, 190, 191, 192, 193, 194, 195, 196, 197, 198], 1:[], 2:[], 3:[], 4:[], 5:[], 6:[], 7:[], 8:[], 9:[], 10:[], 11:[], 12:[], 13:[], 14:[], 15:[], 16:[], 17:[], 18:[], 19:[], 20:[], 21:[], 22:[], 23:[], 24:[], 25:[], 26:[], 27:[], 28:[], 29:[], 30:[], 31:[], 32:[], 33:[], 34:[], 35:[], 36:[], 37:[], 38:[], 39:[], 40:[], 41:[], 42:[], 43:[], 44:[], 45:[], 46:[], 47:[], 48:[], 49:[], 50:[], 51:[], 52:[], 53:[], 54:[], 55:[], 56:[], 57:[], 58:[], 59:[], 60:[], 61:[], 62:[], 63:[], 64:[], 65:[], 66:[], 67:[], 68:[], 69:[], 70:[], 71:[], 72:[], 73:[], 74:[], 75:[], 76:[], 77:[], 78:[], 79:[], 80:[], 81:[], 82:[], 83:[], 84:[], 85:[], 86:[], 87:[], 88:[], 89:[], 90:[], 91:[], 92:[], 93:[], 94:[], 95:[], 96:[], 97:[], 98:[], 99:[], 100:[], 101:[], 102:[], 103:[], 104:[], 105:[], 106:[], 107:[], 108:[], 109:[], 110:[], 111:[], 112:[], 113:[], 114:[], 115:[], 116:[], 117:[], 118:[], 119:[], 120:[], 121:[], 122:[], 123:[], 124:[], 125:[], 126:[], 127:[], 128:[], 129:[], 130:[], 131:[], 132:[], 133:[], 134:[], 135:[], 136:[], 137:[], 138:[], 139:[], 140:[], 141:[], 142:[], 143:[], 144:[], 145:[], 146:[], 147:[], 148:[], 149:[], 150:[], 151:[], 152:[], 153:[], 154:[], 155:[], 156:[], 157:[], 158:[], 159:[], 160:[], 161:[], 162:[], 163:[], 164:[], 165:[], 166:[], 167:[], 168:[], 169:[], 170:[], 171:[], 172:[], 173:[], 174:[], 175:[], 176:[], 177:[], 178:[], 179:[], 180:[], 181:[], 182:[], 183:[], 184:[], 185:[], 186:[], 187:[], 188:[], 189:[], 190:[], 191:[], 192:[], 193:[], 194:[], 195:[], 196:[], 197:[], 198:[]",92964295008,96530547369
4799,7,41703.6057,38648762,577795356,4614628030,934.3354,false,199,true,true,true,true,true,false,false,"0:[0, 1, 2, 3, 4, 5, 6, 7, 8, 9, 10, 11, 12, 13, 14, 15, 16, 17, 18, 19, 20, 21, 22, 23, 24, 25, 26, 27, 28, 29, 30, 31, 32, 33, 34, 35, 36, 37, 38, 39, 40, 41, 42, 43, 44, 45, 46, 47, 48, 49, 50, 51, 52, 53, 54, 55, 56, 57, 58, 59, 60, 61, 62, 63, 64, 65, 66, 67, 68, 69, 70, 71, 72, 73, 74, 75, 76, 77, 78, 79, 80, 81, 82, 83, 84, 85, 86, 87, 88, 89, 90, 91, 92, 93, 94, 95, 96, 97, 98, 99, 100, 101, 102, 103, 104, 105, 106, 107, 108, 109, 110, 111, 112, 113, 114, 115, 116, 117, 118, 119, 120, 121, 122, 123, 124, 125, 126, 127, 128, 129, 130, 131, 132, 133, 134, 135, 136, 137, 138, 139, 140, 141, 142, 143, 144, 145, 146, 147, 148, 149, 150, 151, 152, 153, 154, 155, 156, 157, 158, 159, 160, 161, 162, 163, 164, 165, 166, 167, 168, 169, 170, 171, 172, 173, 174, 175, 176, 177, 178, 179, 180, 181, 182, 183, 184, 185, 186, 187, 188, 189, 190, 191, 192, 193, 194, 195, 196, 197, 198], 1:[], 2:[], 3:[], 4:[], 5:[], 6:[], 7:[], 8:[], 9:[], 10:[], 11:[], 12:[], 13:[], 14:[], 15:[], 16:[], 17:[], 18:[], 19:[], 20:[], 21:[], 22:[], 23:[], 24:[], 25:[], 26:[], 27:[], 28:[], 29:[], 30:[], 31:[], 32:[], 33:[], 34:[], 35:[], 36:[], 37:[], 38:[], 39:[], 40:[], 41:[], 42:[], 43:[], 44:[], 45:[], 46:[], 47:[], 48:[], 49:[], 50:[], 51:[], 52:[], 53:[], 54:[], 55:[], 56:[], 57:[], 58:[], 59:[], 60:[], 61:[], 62:[], 63:[], 64:[], 65:[], 66:[], 67:[], 68:[], 69:[], 70:[], 71:[], 72:[], 73:[], 74:[], 75:[], 76:[], 77:[], 78:[], 79:[], 80:[], 81:[], 82:[], 83:[], 84:[], 85:[], 86:[], 87:[], 88:[], 89:[], 90:[], 91:[], 92:[], 93:[], 94:[], 95:[], 96:[], 97:[], 98:[], 99:[], 100:[], 101:[], 102:[], 103:[], 104:[], 105:[], 106:[], 107:[], 108:[], 109:[], 110:[], 111:[], 112:[], 113:[], 114:[], 115:[], 116:[], 117:[], 118:[], 119:[], 120:[], 121:[], 122:[], 123:[], 124:[], 125:[], 126:[], 127:[], 128:[], 129:[], 130:[], 131:[], 132:[], 133:[], 134:[], 135:[], 136:[], 137:[], 138:[], 139:[], 140:[], 141:[], 142:[], 143:[], 144:[], 145:[], 146:[], 147:[], 148:[], 149:[], 150:[], 151:[], 152:[], 153:[], 154:[], 155:[], 156:[], 157:[], 158:[], 159:[], 160:[], 161:[], 162:[], 163:[], 164:[], 165:[], 166:[], 167:[], 168:[], 169:[], 170:[], 171:[], 172:[], 173:[], 174:[], 175:[], 176:[], 177:[], 178:[], 179:[], 180:[], 181:[], 182:[], 183:[], 184:[], 185:[], 186:[], 187:[], 188:[], 189:[], 190:[], 191:[], 192:[], 193:[], 194:[], 195:[], 196:[], 197:[], 198:[]",93141148104,96787206580
4801,7,49531.6213,38696520,578518946,4620437437,1067.2342,false,201,true,true,true,true,true,false,false,"0:[0, 1, 2, 3, 4, 5, 6, 7, 8, 9, 10, 11, 12, 13, 14, 15, 16, 17, 18, 19, 20, 21, 22, 23, 24, 25, 26, 27, 28, 29, 30, 31, 32, 33, 34, 35, 36, 37, 38, 39, 40, 41, 42, 43, 44, 45, 46, 47, 48, 49, 50, 51, 52, 53, 54, 55, 56, 57, 58, 59, 60, 61, 62, 63, 64, 65, 66, 67, 68, 69, 70, 71, 72, 73, 74, 75, 76, 77, 78, 79, 80, 81, 82, 83, 84, 85, 86, 87, 88, 89, 90, 91, 92, 93, 94, 95, 96, 97, 98, 99, 100, 101, 102, 103, 104, 105, 106, 107, 108, 109, 110, 111, 112, 113, 114, 115, 116, 117, 118, 119, 120, 121, 122, 123, 124, 125, 126, 127, 128, 129, 130, 131, 132, 133, 134, 135, 136, 137, 138, 139, 140, 141, 142, 143, 144, 145, 146, 147, 148, 149, 150, 151, 152, 153, 154, 155, 156, 157, 158, 159, 160, 161, 162, 163, 164, 165, 166, 167, 168, 169, 170, 171, 172, 173, 174, 175, 176, 177, 178, 179, 180, 181, 182, 183, 184, 185, 186, 187, 188, 189, 190, 191, 192, 193, 194, 195, 196, 197, 198, 199, 200], 1:[], 2:[], 3:[], 4:[], 5:[], 6:[], 7:[], 8:[], 9:[], 10:[], 11:[], 12:[], 13:[], 14:[], 15:[], 16:[], 17:[], 18:[], 19:[], 20:[], 21:[], 22:[], 23:[], 24:[], 25:[], 26:[], 27:[], 28:[], 29:[], 30:[], 31:[], 32:[], 33:[], 34:[], 35:[], 36:[], 37:[], 38:[], 39:[], 40:[], 41:[], 42:[], 43:[], 44:[], 45:[], 46:[], 47:[], 48:[], 49:[], 50:[], 51:[], 52:[], 53:[], 54:[], 55:[], 56:[], 57:[], 58:[], 59:[], 60:[], 61:[], 62:[], 63:[], 64:[], 65:[], 66:[], 67:[], 68:[], 69:[], 70:[], 71:[], 72:[], 73:[], 74:[], 75:[], 76:[], 77:[], 78:[], 79:[], 80:[], 81:[], 82:[], 83:[], 84:[], 85:[], 86:[], 87:[], 88:[], 89:[], 90:[], 91:[], 92:[], 93:[], 94:[], 95:[], 96:[], 97:[], 98:[], 99:[], 100:[], 101:[], 102:[], 103:[], 104:[], 105:[], 106:[], 107:[], 108:[], 109:[], 110:[], 111:[], 112:[], 113:[], 114:[], 115:[], 116:[], 117:[], 118:[], 119:[], 120:[], 121:[], 122:[], 123:[], 124:[], 125:[], 126:[], 127:[], 128:[], 129:[], 130:[], 131:[], 132:[], 133:[], 134:[], 135:[], 136:[], 137:[], 138:[], 139:[], 140:[], 141:[], 142:[], 143:[], 144:[], 145:[], 146:[], 147:[], 148:[], 149:[], 150:[], 151:[], 152:[], 153:[], 154:[], 155:[], 156:[], 157:[], 158:[], 159:[], 160:[], 161:[], 162:[], 163:[], 164:[], 165:[], 166:[], 167:[], 168:[], 169:[], 170:[], 171:[], 172:[], 173:[], 174:[], 175:[], 176:[], 177:[], 178:[], 179:[], 180:[], 181:[], 182:[], 183:[], 184:[], 185:[], 186:[], 187:[], 188:[], 189:[], 190:[], 191:[], 192:[], 193:[], 194:[], 195:[], 196:[], 197:[], 198:[], 199:[], 200:[]",93200372528,96873331930
4813,2,39185.5846,38986724,582861195,4655129876,922.3101,false,201,true,true,true,true,true,false,false,"0:[0, 1, 2, 3, 4, 5, 6, 7, 8, 9, 10, 11, 12, 13, 14, 15, 16, 17, 18, 19, 20, 21, 22, 23, 24, 25, 26, 27, 28, 29, 30, 31, 32, 33, 34, 35, 36, 37, 38, 39, 40, 41, 42, 43, 44, 45, 46, 47, 48, 49, 50, 51, 52, 53, 54, 55, 56, 57, 58, 59, 60, 61, 62, 63, 64, 65, 66, 67, 68, 69, 70, 71, 72, 73, 74, 75, 76, 77, 78, 79, 80, 81, 82, 83, 84, 85, 86, 87, 88, 89, 90, 91, 92, 93, 94, 95, 96, 97, 98, 99, 100, 101, 102, 103, 104, 105, 106, 107, 108, 109, 110, 111, 112, 113, 114, 115, 116, 117, 118, 119, 120, 121, 122, 123, 124, 125, 126, 127, 128, 129, 130, 131, 132, 133, 134, 135, 136, 137, 138, 139, 140, 141, 142, 143, 144, 145, 146, 147, 148, 149, 150, 151, 152, 153, 154, 155, 156, 157, 158, 159, 160, 161, 162, 163, 164, 165, 166, 167, 168, 169, 170, 171, 172, 173, 174, 175, 176, 177, 178, 179, 180, 181, 182, 183, 184, 185, 186, 187, 188, 189, 190, 191, 192, 193, 194, 195, 196, 197, 198, 199, 200], 1:[], 2:[], 3:[], 4:[], 5:[], 6:[], 7:[], 8:[], 9:[], 10:[], 11:[], 12:[], 13:[], 14:[], 15:[], 16:[], 17:[], 18:[], 19:[], 20:[], 21:[], 22:[], 23:[], 24:[], 25:[], 26:[], 27:[], 28:[], 29:[], 30:[], 31:[], 32:[], 33:[], 34:[], 35:[], 36:[], 37:[], 38:[], 39:[], 40:[], 41:[], 42:[], 43:[], 44:[], 45:[], 46:[], 47:[], 48:[], 49:[], 50:[], 51:[], 52:[], 53:[], 54:[], 55:[], 56:[], 57:[], 58:[], 59:[], 60:[], 61:[], 62:[], 63:[], 64:[], 65:[], 66:[], 67:[], 68:[], 69:[], 70:[], 71:[], 72:[], 73:[], 74:[], 75:[], 76:[], 77:[], 78:[], 79:[], 80:[], 81:[], 82:[], 83:[], 84:[], 85:[], 86:[], 87:[], 88:[], 89:[], 90:[], 91:[], 92:[], 93:[], 94:[], 95:[], 96:[], 97:[], 98:[], 99:[], 100:[], 101:[], 102:[], 103:[], 104:[], 105:[], 106:[], 107:[], 108:[], 109:[], 110:[], 111:[], 112:[], 113:[], 114:[], 115:[], 116:[], 117:[], 118:[], 119:[], 120:[], 121:[], 122:[], 123:[], 124:[], 125:[], 126:[], 127:[], 128:[], 129:[], 130:[], 131:[], 132:[], 133:[], 134:[], 135:[], 136:[], 137:[], 138:[], 139:[], 140:[], 141:[], 142:[], 143:[], 144:[], 145:[], 146:[], 147:[], 148:[], 149:[], 150:[], 151:[], 152:[], 153:[], 154:[], 155:[], 156:[], 157:[], 158:[], 159:[], 160:[], 161:[], 162:[], 163:[], 164:[], 165:[], 166:[], 167:[], 168:[], 169:[], 170:[], 171:[], 172:[], 173:[], 174:[], 175:[], 176:[], 177:[], 178:[], 179:[], 180:[], 181:[], 182:[], 183:[], 184:[], 185:[], 186:[], 187:[], 188:[], 189:[], 190:[], 191:[], 192:[], 193:[], 194:[], 195:[], 196:[], 197:[], 198:[], 199:[], 200:[]",93555878160,97389423655
4817,3,51107.7799,39084048,584316221,4666763576,931.0363,false,200,true,true,true,true,true,false,false,"0:[0, 1, 2, 3, 4, 5, 6, 7, 8, 9, 10, 11, 12, 13, 14, 15, 16, 17, 18, 19, 20, 21, 22, 23, 24, 25, 26, 27, 28, 29, 30, 31, 32, 33, 34, 35, 36, 37, 38, 39, 40, 41, 42, 43, 44, 45, 46, 47, 48, 49, 50, 51, 52, 53, 54, 55, 56, 57, 58, 59, 60, 61, 62, 63, 64, 65, 66, 67, 68, 69, 70, 71, 72, 73, 74, 75, 76, 77, 78, 79, 80, 81, 82, 83, 84, 85, 86, 87, 88, 89, 90, 91, 92, 93, 94, 95, 96, 97, 98, 99, 100, 101, 102, 103, 104, 105, 106, 107, 108, 109, 110, 111, 112, 113, 114, 115, 116, 117, 118, 119, 120, 121, 122, 123, 124, 125, 126, 127, 128, 129, 130, 131, 132, 133, 134, 135, 136, 137, 138, 139, 140, 141, 142, 143, 144, 145, 146, 147, 148, 149, 150, 151, 152, 153, 154, 155, 156, 157, 158, 159, 160, 161, 162, 163, 164, 165, 166, 167, 168, 169, 170, 171, 172, 173, 174, 175, 176, 177, 178, 179, 180, 181, 182, 183, 184, 185, 186, 187, 188, 189, 190, 191, 192, 193, 194, 195, 196, 197, 198, 199], 1:[], 2:[], 3:[], 4:[], 5:[], 6:[], 7:[], 8:[], 9:[], 10:[], 11:[], 12:[], 13:[], 14:[], 15:[], 16:[], 17:[], 18:[], 19:[], 20:[], 21:[], 22:[], 23:[], 24:[], 25:[], 26:[], 27:[], 28:[], 29:[], 30:[], 31:[], 32:[], 33:[], 34:[], 35:[], 36:[], 37:[], 38:[], 39:[], 40:[], 41:[], 42:[], 43:[], 44:[], 45:[], 46:[], 47:[], 48:[], 49:[], 50:[], 51:[], 52:[], 53:[], 54:[], 55:[], 56:[], 57:[], 58:[], 59:[], 60:[], 61:[], 62:[], 63:[], 64:[], 65:[], 66:[], 67:[], 68:[], 69:[], 70:[], 71:[], 72:[], 73:[], 74:[], 75:[], 76:[], 77:[], 78:[], 79:[], 80:[], 81:[], 82:[], 83:[], 84:[], 85:[], 86:[], 87:[], 88:[], 89:[], 90:[], 91:[], 92:[], 93:[], 94:[], 95:[], 96:[], 97:[], 98:[], 99:[], 100:[], 101:[], 102:[], 103:[], 104:[], 105:[], 106:[], 107:[], 108:[], 109:[], 110:[], 111:[], 112:[], 113:[], 114:[], 115:[], 116:[], 117:[], 118:[], 119:[], 120:[], 121:[], 122:[], 123:[], 124:[], 125:[], 126:[], 127:[], 128:[], 129:[], 130:[], 131:[], 132:[], 133:[], 134:[], 135:[], 136:[], 137:[], 138:[], 139:[], 140:[], 141:[], 142:[], 143:[], 144:[], 145:[], 146:[], 147:[], 148:[], 149:[], 150:[], 151:[], 152:[], 153:[], 154:[], 155:[], 156:[], 157:[], 158:[], 159:[], 160:[], 161:[], 162:[], 163:[], 164:[], 165:[], 166:[], 167:[], 168:[], 169:[], 170:[], 171:[], 172:[], 173:[], 174:[], 175:[], 176:[], 177:[], 178:[], 179:[], 180:[], 181:[], 182:[], 183:[], 184:[], 185:[], 186:[], 187:[], 188:[], 189:[], 190:[], 191:[], 192:[], 193:[], 194:[], 195:[], 196:[], 197:[], 198:[], 199:[]",93675005312,97562296945
4831,3,42107.9418,39424946,589418789,4707534885,944.3903,false,201,true,true,true,true,true,false,false,"0:[0, 1, 2, 3, 4, 5, 6, 7, 8, 9, 10, 11, 12, 13, 14, 15, 16, 17, 18, 19, 20, 21, 22, 23, 24, 25, 26, 27, 28, 29, 30, 31, 32, 33, 34, 35, 36, 37, 38, 39, 40, 41, 42, 43, 44, 45, 46, 47, 48, 49, 50, 51, 52, 53, 54, 55, 56, 57, 58, 59, 60, 61, 62, 63, 64, 65, 66, 67, 68, 69, 70, 71, 72, 73, 74, 75, 76, 77, 78, 79, 80, 81, 82, 83, 84, 85, 86, 87, 88, 89, 90, 91, 92, 93, 94, 95, 96, 97, 98, 99, 100, 101, 102, 103, 104, 105, 106, 107, 108, 109, 110, 111, 112, 113, 114, 115, 116, 117, 118, 119, 120, 121, 122, 123, 124, 125, 126, 127, 128, 129, 130, 131, 132, 133, 134, 135, 136, 137, 138, 139, 140, 141, 142, 143, 144, 145, 146, 147, 148, 149, 150, 151, 152, 153, 154, 155, 156, 157, 158, 159, 160, 161, 162, 163, 164, 165, 166, 167, 168, 169, 170, 171, 172, 173, 174, 175, 176, 177, 178, 179, 180, 181, 182, 183, 184, 185, 186, 187, 188, 189, 190, 191, 192, 193, 194, 195, 196, 197, 198, 199, 200], 1:[], 2:[], 3:[], 4:[], 5:[], 6:[], 7:[], 8:[], 9:[], 10:[], 11:[], 12:[], 13:[], 14:[], 15:[], 16:[], 17:[], 18:[], 19:[], 20:[], 21:[], 22:[], 23:[], 24:[], 25:[], 26:[], 27:[], 28:[], 29:[], 30:[], 31:[], 32:[], 33:[], 34:[], 35:[], 36:[], 37:[], 38:[], 39:[], 40:[], 41:[], 42:[], 43:[], 44:[], 45:[], 46:[], 47:[], 48:[], 49:[], 50:[], 51:[], 52:[], 53:[], 54:[], 55:[], 56:[], 57:[], 58:[], 59:[], 60:[], 61:[], 62:[], 63:[], 64:[], 65:[], 66:[], 67:[], 68:[], 69:[], 70:[], 71:[], 72:[], 73:[], 74:[], 75:[], 76:[], 77:[], 78:[], 79:[], 80:[], 81:[], 82:[], 83:[], 84:[], 85:[], 86:[], 87:[], 88:[], 89:[], 90:[], 91:[], 92:[], 93:[], 94:[], 95:[], 96:[], 97:[], 98:[], 99:[], 100:[], 101:[], 102:[], 103:[], 104:[], 105:[], 106:[], 107:[], 108:[], 109:[], 110:[], 111:[], 112:[], 113:[], 114:[], 115:[], 116:[], 117:[], 118:[], 119:[], 120:[], 121:[], 122:[], 123:[], 124:[], 125:[], 126:[], 127:[], 128:[], 129:[], 130:[], 131:[], 132:[], 133:[], 134:[], 135:[], 136:[], 137:[], 138:[], 139:[], 140:[], 141:[], 142:[], 143:[], 144:[], 145:[], 146:[], 147:[], 148:[], 149:[], 150:[], 151:[], 152:[], 153:[], 154:[], 155:[], 156:[], 157:[], 158:[], 159:[], 160:[], 161:[], 162:[], 163:[], 164:[], 165:[], 166:[], 167:[], 168:[], 169:[], 170:[], 171:[], 172:[], 173:[], 174:[], 175:[], 176:[], 177:[], 178:[], 179:[], 180:[], 181:[], 182:[], 183:[], 184:[], 185:[], 186:[], 187:[], 188:[], 189:[], 190:[], 191:[], 192:[], 193:[], 194:[], 195:[], 196:[], 197:[], 198:[], 199:[], 200:[]",94092755896,98168739121
4861,2,41262.5021,40162048,600453458,4795719969,1077.8051,false,202,true,true,true,true,true,false,false,"0:[0, 1, 2, 3, 4, 5, 6, 7, 8, 9, 10, 11, 12, 13, 14, 15, 16, 17, 18, 19, 20, 21, 22, 23, 24, 25, 26, 27, 28, 29, 30, 31, 32, 33, 34, 35, 36, 37, 38, 39, 40, 41, 42, 43, 44, 45, 46, 47, 48, 49, 50, 51, 52, 53, 54, 55, 56, 57, 58, 59, 60, 61, 62, 63, 64, 65, 66, 67, 68, 69, 70, 71, 72, 73, 74, 75, 76, 77, 78, 79, 80, 81, 82, 83, 84, 85, 86, 87, 88, 89, 90, 91, 92, 93, 94, 95, 96, 97, 98, 99, 100, 101, 102, 103, 104, 105, 106, 107, 108, 109, 110, 111, 112, 113, 114, 115, 116, 117, 118, 119, 120, 121, 122, 123, 124, 125, 126, 127, 128, 129, 130, 131, 132, 133, 134, 135, 136, 137, 138, 139, 140, 141, 142, 143, 144, 145, 146, 147, 148, 149, 150, 151, 152, 153, 154, 155, 156, 157, 158, 159, 160, 161, 162, 163, 164, 165, 166, 167, 168, 169, 170, 171, 172, 173, 174, 175, 176, 177, 178, 179, 180, 181, 182, 183, 184, 185, 186, 187, 188, 189, 190, 191, 192, 193, 194, 195, 196, 197, 198, 199, 200, 201], 1:[], 2:[], 3:[], 4:[], 5:[], 6:[], 7:[], 8:[], 9:[], 10:[], 11:[], 12:[], 13:[], 14:[], 15:[], 16:[], 17:[], 18:[], 19:[], 20:[], 21:[], 22:[], 23:[], 24:[], 25:[], 26:[], 27:[], 28:[], 29:[], 30:[], 31:[], 32:[], 33:[], 34:[], 35:[], 36:[], 37:[], 38:[], 39:[], 40:[], 41:[], 42:[], 43:[], 44:[], 45:[], 46:[], 47:[], 48:[], 49:[], 50:[], 51:[], 52:[], 53:[], 54:[], 55:[], 56:[], 57:[], 58:[], 59:[], 60:[], 61:[], 62:[], 63:[], 64:[], 65:[], 66:[], 67:[], 68:[], 69:[], 70:[], 71:[], 72:[], 73:[], 74:[], 75:[], 76:[], 77:[], 78:[], 79:[], 80:[], 81:[], 82:[], 83:[], 84:[], 85:[], 86:[], 87:[], 88:[], 89:[], 90:[], 91:[], 92:[], 93:[], 94:[], 95:[], 96:[], 97:[], 98:[], 99:[], 100:[], 101:[], 102:[], 103:[], 104:[], 105:[], 106:[], 107:[], 108:[], 109:[], 110:[], 111:[], 112:[], 113:[], 114:[], 115:[], 116:[], 117:[], 118:[], 119:[], 120:[], 121:[], 122:[], 123:[], 124:[], 125:[], 126:[], 127:[], 128:[], 129:[], 130:[], 131:[], 132:[], 133:[], 134:[], 135:[], 136:[], 137:[], 138:[], 139:[], 140:[], 141:[], 142:[], 143:[], 144:[], 145:[], 146:[], 147:[], 148:[], 149:[], 150:[], 151:[], 152:[], 153:[], 154:[], 155:[], 156:[], 157:[], 158:[], 159:[], 160:[], 161:[], 162:[], 163:[], 164:[], 165:[], 166:[], 167:[], 168:[], 169:[], 170:[], 171:[], 172:[], 173:[], 174:[], 175:[], 176:[], 177:[], 178:[], 179:[], 180:[], 181:[], 182:[], 183:[], 184:[], 185:[], 186:[], 187:[], 188:[], 189:[], 190:[], 191:[], 192:[], 193:[], 194:[], 195:[], 196:[], 197:[], 198:[], 199:[], 200:[], 201:[]",94996168272,99480316458
4871,11,42855.6870,40410318,604159132,4825297490,1061.9131,false,202,true,true,true,true,true,false,false,"0:[0, 1, 2, 3, 4, 5, 6, 7, 8, 9, 10, 11, 12, 13, 14, 15, 16, 17, 18, 19, 20, 21, 22, 23, 24, 25, 26, 27, 28, 29, 30, 31, 32, 33, 34, 35, 36, 37, 38, 39, 40, 41, 42, 43, 44, 45, 46, 47, 48, 49, 50, 51, 52, 53, 54, 55, 56, 57, 58, 59, 60, 61, 62, 63, 64, 65, 66, 67, 68, 69, 70, 71, 72, 73, 74, 75, 76, 77, 78, 79, 80, 81, 82, 83, 84, 85, 86, 87, 88, 89, 90, 91, 92, 93, 94, 95, 96, 97, 98, 99, 100, 101, 102, 103, 104, 105, 106, 107, 108, 109, 110, 111, 112, 113, 114, 115, 116, 117, 118, 119, 120, 121, 122, 123, 124, 125, 126, 127, 128, 129, 130, 131, 132, 133, 134, 135, 136, 137, 138, 139, 140, 141, 142, 143, 144, 145, 146, 147, 148, 149, 150, 151, 152, 153, 154, 155, 156, 157, 158, 159, 160, 161, 162, 163, 164, 165, 166, 167, 168, 169, 170, 171, 172, 173, 174, 175, 176, 177, 178, 179, 180, 181, 182, 183, 184, 185, 186, 187, 188, 189, 190, 191, 192, 193, 194, 195, 196, 197, 198, 199, 200, 201], 1:[], 2:[], 3:[], 4:[], 5:[], 6:[], 7:[], 8:[], 9:[], 10:[], 11:[], 12:[], 13:[], 14:[], 15:[], 16:[], 17:[], 18:[], 19:[], 20:[], 21:[], 22:[], 23:[], 24:[], 25:[], 26:[], 27:[], 28:[], 29:[], 30:[], 31:[], 32:[], 33:[], 34:[], 35:[], 36:[], 37:[], 38:[], 39:[], 40:[], 41:[], 42:[], 43:[], 44:[], 45:[], 46:[], 47:[], 48:[], 49:[], 50:[], 51:[], 52:[], 53:[], 54:[], 55:[], 56:[], 57:[], 58:[], 59:[], 60:[], 61:[], 62:[], 63:[], 64:[], 65:[], 66:[], 67:[], 68:[], 69:[], 70:[], 71:[], 72:[], 73:[], 74:[], 75:[], 76:[], 77:[], 78:[], 79:[], 80:[], 81:[], 82:[], 83:[], 84:[], 85:[], 86:[], 87:[], 88:[], 89:[], 90:[], 91:[], 92:[], 93:[], 94:[], 95:[], 96:[], 97:[], 98:[], 99:[], 100:[], 101:[], 102:[], 103:[], 104:[], 105:[], 106:[], 107:[], 108:[], 109:[], 110:[], 111:[], 112:[], 113:[], 114:[], 115:[], 116:[], 117:[], 118:[], 119:[], 120:[], 121:[], 122:[], 123:[], 124:[], 125:[], 126:[], 127:[], 128:[], 129:[], 130:[], 131:[], 132:[], 133:[], 134:[], 135:[], 136:[], 137:[], 138:[], 139:[], 140:[], 141:[], 142:[], 143:[], 144:[], 145:[], 146:[], 147:[], 148:[], 149:[], 150:[], 151:[], 152:[], 153:[], 154:[], 155:[], 156:[], 157:[], 158:[], 159:[], 160:[], 161:[], 162:[], 163:[], 164:[], 165:[], 166:[], 167:[], 168:[], 169:[], 170:[], 171:[], 172:[], 173:[], 174:[], 175:[], 176:[], 177:[], 178:[], 179:[], 180:[], 181:[], 182:[], 183:[], 184:[], 185:[], 186:[], 187:[], 188:[], 189:[], 190:[], 191:[], 192:[], 193:[], 194:[], 195:[], 196:[], 197:[], 198:[], 199:[], 200:[], 201:[]",95299573752,99920622628
4877,2,40866.8607,40559280,606394863,4843191095,975.7368,false,204,true,true,true,true,true,false,false,"0:[0, 1, 2, 3, 4, 5, 6, 7, 8, 9, 10, 11, 12, 13, 14, 15, 16, 17, 18, 19, 20, 21, 22, 23, 24, 25, 26, 27, 28, 29, 30, 31, 32, 33, 34, 35, 36, 37, 38, 39, 40, 41, 42, 43, 44, 45, 46, 47, 48, 49, 50, 51, 52, 53, 54, 55, 56, 57, 58, 59, 60, 61, 62, 63, 64, 65, 66, 67, 68, 69, 70, 71, 72, 73, 74, 75, 76, 77, 78, 79, 80, 81, 82, 83, 84, 85, 86, 87, 88, 89, 90, 91, 92, 93, 94, 95, 96, 97, 98, 99, 100, 101, 102, 103, 104, 105, 106, 107, 108, 109, 110, 111, 112, 113, 114, 115, 116, 117, 118, 119, 120, 121, 122, 123, 124, 125, 126, 127, 128, 129, 130, 131, 132, 133, 134, 135, 136, 137, 138, 139, 140, 141, 142, 143, 144, 145, 146, 147, 148, 149, 150, 151, 152, 153, 154, 155, 156, 157, 158, 159, 160, 161, 162, 163, 164, 165, 166, 167, 168, 169, 170, 171, 172, 173, 174, 175, 176, 177, 178, 179, 180, 181, 182, 183, 184, 185, 186, 187, 188, 189, 190, 191, 192, 193, 194, 195, 196, 197, 198, 199, 200, 201, 202, 203], 1:[], 2:[], 3:[], 4:[], 5:[], 6:[], 7:[], 8:[], 9:[], 10:[], 11:[], 12:[], 13:[], 14:[], 15:[], 16:[], 17:[], 18:[], 19:[], 20:[], 21:[], 22:[], 23:[], 24:[], 25:[], 26:[], 27:[], 28:[], 29:[], 30:[], 31:[], 32:[], 33:[], 34:[], 35:[], 36:[], 37:[], 38:[], 39:[], 40:[], 41:[], 42:[], 43:[], 44:[], 45:[], 46:[], 47:[], 48:[], 49:[], 50:[], 51:[], 52:[], 53:[], 54:[], 55:[], 56:[], 57:[], 58:[], 59:[], 60:[], 61:[], 62:[], 63:[], 64:[], 65:[], 66:[], 67:[], 68:[], 69:[], 70:[], 71:[], 72:[], 73:[], 74:[], 75:[], 76:[], 77:[], 78:[], 79:[], 80:[], 81:[], 82:[], 83:[], 84:[], 85:[], 86:[], 87:[], 88:[], 89:[], 90:[], 91:[], 92:[], 93:[], 94:[], 95:[], 96:[], 97:[], 98:[], 99:[], 100:[], 101:[], 102:[], 103:[], 104:[], 105:[], 106:[], 107:[], 108:[], 109:[], 110:[], 111:[], 112:[], 113:[], 114:[], 115:[], 116:[], 117:[], 118:[], 119:[], 120:[], 121:[], 122:[], 123:[], 124:[], 125:[], 126:[], 127:[], 128:[], 129:[], 130:[], 131:[], 132:[], 133:[], 134:[], 135:[], 136:[], 137:[], 138:[], 139:[], 140:[], 141:[], 142:[], 143:[], 144:[], 145:[], 146:[], 147:[], 148:[], 149:[], 150:[], 151:[], 152:[], 153:[], 154:[], 155:[], 156:[], 157:[], 158:[], 159:[], 160:[], 161:[], 162:[], 163:[], 164:[], 165:[], 166:[], 167:[], 168:[], 169:[], 170:[], 171:[], 172:[], 173:[], 174:[], 175:[], 176:[], 177:[], 178:[], 179:[], 180:[], 181:[], 182:[], 183:[], 184:[], 185:[], 186:[], 187:[], 188:[], 189:[], 190:[], 191:[], 192:[], 193:[], 194:[], 195:[], 196:[], 197:[], 198:[], 199:[], 200:[], 201:[], 202:[], 203:[]",95482603168,100186414091
4889,3,47429.0323,40858712,610874043,4878970388,993.0853,false,204,true,true,true,true,true,false,false,"0:[0, 1, 2, 3, 4, 5, 6, 7, 8, 9, 10, 11, 12, 13, 14, 15, 16, 17, 18, 19, 20, 21, 22, 23, 24, 25, 26, 27, 28, 29, 30, 31, 32, 33, 34, 35, 36, 37, 38, 39, 40, 41, 42, 43, 44, 45, 46, 47, 48, 49, 50, 51, 52, 53, 54, 55, 56, 57, 58, 59, 60, 61, 62, 63, 64, 65, 66, 67, 68, 69, 70, 71, 72, 73, 74, 75, 76, 77, 78, 79, 80, 81, 82, 83, 84, 85, 86, 87, 88, 89, 90, 91, 92, 93, 94, 95, 96, 97, 98, 99, 100, 101, 102, 103, 104, 105, 106, 107, 108, 109, 110, 111, 112, 113, 114, 115, 116, 117, 118, 119, 120, 121, 122, 123, 124, 125, 126, 127, 128, 129, 130, 131, 132, 133, 134, 135, 136, 137, 138, 139, 140, 141, 142, 143, 144, 145, 146, 147, 148, 149, 150, 151, 152, 153, 154, 155, 156, 157, 158, 159, 160, 161, 162, 163, 164, 165, 166, 167, 168, 169, 170, 171, 172, 173, 174, 175, 176, 177, 178, 179, 180, 181, 182, 183, 184, 185, 186, 187, 188, 189, 190, 191, 192, 193, 194, 195, 196, 197, 198, 199, 200, 201, 202, 203], 1:[], 2:[], 3:[], 4:[], 5:[], 6:[], 7:[], 8:[], 9:[], 10:[], 11:[], 12:[], 13:[], 14:[], 15:[], 16:[], 17:[], 18:[], 19:[], 20:[], 21:[], 22:[], 23:[], 24:[], 25:[], 26:[], 27:[], 28:[], 29:[], 30:[], 31:[], 32:[], 33:[], 34:[], 35:[], 36:[], 37:[], 38:[], 39:[], 40:[], 41:[], 42:[], 43:[], 44:[], 45:[], 46:[], 47:[], 48:[], 49:[], 50:[], 51:[], 52:[], 53:[], 54:[], 55:[], 56:[], 57:[], 58:[], 59:[], 60:[], 61:[], 62:[], 63:[], 64:[], 65:[], 66:[], 67:[], 68:[], 69:[], 70:[], 71:[], 72:[], 73:[], 74:[], 75:[], 76:[], 77:[], 78:[], 79:[], 80:[], 81:[], 82:[], 83:[], 84:[], 85:[], 86:[], 87:[], 88:[], 89:[], 90:[], 91:[], 92:[], 93:[], 94:[], 95:[], 96:[], 97:[], 98:[], 99:[], 100:[], 101:[], 102:[], 103:[], 104:[], 105:[], 106:[], 107:[], 108:[], 109:[], 110:[], 111:[], 112:[], 113:[], 114:[], 115:[], 116:[], 117:[], 118:[], 119:[], 120:[], 121:[], 122:[], 123:[], 124:[], 125:[], 126:[], 127:[], 128:[], 129:[], 130:[], 131:[], 132:[], 133:[], 134:[], 135:[], 136:[], 137:[], 138:[], 139:[], 140:[], 141:[], 142:[], 143:[], 144:[], 145:[], 146:[], 147:[], 148:[], 149:[], 150:[], 151:[], 152:[], 153:[], 154:[], 155:[], 156:[], 157:[], 158:[], 159:[], 160:[], 161:[], 162:[], 163:[], 164:[], 165:[], 166:[], 167:[], 168:[], 169:[], 170:[], 171:[], 172:[], 173:[], 174:[], 175:[], 176:[], 177:[], 178:[], 179:[], 180:[], 181:[], 182:[], 183:[], 184:[], 185:[], 186:[], 187:[], 188:[], 189:[], 190:[], 191:[], 192:[], 193:[], 194:[], 195:[], 196:[], 197:[], 198:[], 199:[], 200:[], 201:[], 202:[], 203:[]",95849321664,100718782471
4903,3,43343.7250,41209838,616129926,4920967838,990.4204,false,205,true,true,true,true,true,false,false,"0:[0, 1, 2, 3, 4, 5, 6, 7, 8, 9, 10, 11, 12, 13, 14, 15, 16, 17, 18, 19, 20, 21, 22, 23, 24, 25, 26, 27, 28, 29, 30, 31, 32, 33, 34, 35, 36, 37, 38, 39, 40, 41, 42, 43, 44, 45, 46, 47, 48, 49, 50, 51, 52, 53, 54, 55, 56, 57, 58, 59, 60, 61, 62, 63, 64, 65, 66, 67, 68, 69, 70, 71, 72, 73, 74, 75, 76, 77, 78, 79, 80, 81, 82, 83, 84, 85, 86, 87, 88, 89, 90, 91, 92, 93, 94, 95, 96, 97, 98, 99, 100, 101, 102, 103, 104, 105, 106, 107, 108, 109, 110, 111, 112, 113, 114, 115, 116, 117, 118, 119, 120, 121, 122, 123, 124, 125, 126, 127, 128, 129, 130, 131, 132, 133, 134, 135, 136, 137, 138, 139, 140, 141, 142, 143, 144, 145, 146, 147, 148, 149, 150, 151, 152, 153, 154, 155, 156, 157, 158, 159, 160, 161, 162, 163, 164, 165, 166, 167, 168, 169, 170, 171, 172, 173, 174, 175, 176, 177, 178, 179, 180, 181, 182, 183, 184, 185, 186, 187, 188, 189, 190, 191, 192, 193, 194, 195, 196, 197, 198, 199, 200, 201, 202, 203, 204], 1:[], 2:[], 3:[], 4:[], 5:[], 6:[], 7:[], 8:[], 9:[], 10:[], 11:[], 12:[], 13:[], 14:[], 15:[], 16:[], 17:[], 18:[], 19:[], 20:[], 21:[], 22:[], 23:[], 24:[], 25:[], 26:[], 27:[], 28:[], 29:[], 30:[], 31:[], 32:[], 33:[], 34:[], 35:[], 36:[], 37:[], 38:[], 39:[], 40:[], 41:[], 42:[], 43:[], 44:[], 45:[], 46:[], 47:[], 48:[], 49:[], 50:[], 51:[], 52:[], 53:[], 54:[], 55:[], 56:[], 57:[], 58:[], 59:[], 60:[], 61:[], 62:[], 63:[], 64:[], 65:[], 66:[], 67:[], 68:[], 69:[], 70:[], 71:[], 72:[], 73:[], 74:[], 75:[], 76:[], 77:[], 78:[], 79:[], 80:[], 81:[], 82:[], 83:[], 84:[], 85:[], 86:[], 87:[], 88:[], 89:[], 90:[], 91:[], 92:[], 93:[], 94:[], 95:[], 96:[], 97:[], 98:[], 99:[], 100:[], 101:[], 102:[], 103:[], 104:[], 105:[], 106:[], 107:[], 108:[], 109:[], 110:[], 111:[], 112:[], 113:[], 114:[], 115:[], 116:[], 117:[], 118:[], 119:[], 120:[], 121:[], 122:[], 123:[], 124:[], 125:[], 126:[], 127:[], 128:[], 129:[], 130:[], 131:[], 132:[], 133:[], 134:[], 135:[], 136:[], 137:[], 138:[], 139:[], 140:[], 141:[], 142:[], 143:[], 144:[], 145:[], 146:[], 147:[], 148:[], 149:[], 150:[], 151:[], 152:[], 153:[], 154:[], 155:[], 156:[], 157:[], 158:[], 159:[], 160:[], 161:[], 162:[], 163:[], 164:[], 165:[], 166:[], 167:[], 168:[], 169:[], 170:[], 171:[], 172:[], 173:[], 174:[], 175:[], 176:[], 177:[], 178:[], 179:[], 180:[], 181:[], 182:[], 183:[], 184:[], 185:[], 186:[], 187:[], 188:[], 189:[], 190:[], 191:[], 192:[], 193:[], 194:[], 195:[], 196:[], 197:[], 198:[], 199:[], 200:[], 201:[], 202:[], 203:[], 204:[]",96279623832,109933382646
4909,2,41652.4451,41360760,618396165,4939112119,996.2352,false,204,true,true,true,true,true,false,false,"0:[0, 1, 2, 3, 4, 5, 6, 7, 8, 9, 10, 11, 12, 13, 14, 15, 16, 17, 18, 19, 20, 21, 22, 23, 24, 25, 26, 27, 28, 29, 30, 31, 32, 33, 34, 35, 36, 37, 38, 39, 40, 41, 42, 43, 44, 45, 46, 47, 48, 49, 50, 51, 52, 53, 54, 55, 56, 57, 58, 59, 60, 61, 62, 63, 64, 65, 66, 67, 68, 69, 70, 71, 72, 73, 74, 75, 76, 77, 78, 79, 80, 81, 82, 83, 84, 85, 86, 87, 88, 89, 90, 91, 92, 93, 94, 95, 96, 97, 98, 99, 100, 101, 102, 103, 104, 105, 106, 107, 108, 109, 110, 111, 112, 113, 114, 115, 116, 117, 118, 119, 120, 121, 122, 123, 124, 125, 126, 127, 128, 129, 130, 131, 132, 133, 134, 135, 136, 137, 138, 139, 140, 141, 142, 143, 144, 145, 146, 147, 148, 149, 150, 151, 152, 153, 154, 155, 156, 157, 158, 159, 160, 161, 162, 163, 164, 165, 166, 167, 168, 169, 170, 171, 172, 173, 174, 175, 176, 177, 178, 179, 180, 181, 182, 183, 184, 185, 186, 187, 188, 189, 190, 191, 192, 193, 194, 195, 196, 197, 198, 199, 200, 201, 202, 203], 1:[], 2:[], 3:[], 4:[], 5:[], 6:[], 7:[], 8:[], 9:[], 10:[], 11:[], 12:[], 13:[], 14:[], 15:[], 16:[], 17:[], 18:[], 19:[], 20:[], 21:[], 22:[], 23:[], 24:[], 25:[], 26:[], 27:[], 28:[], 29:[], 30:[], 31:[], 32:[], 33:[], 34:[], 35:[], 36:[], 37:[], 38:[], 39:[], 40:[], 41:[], 42:[], 43:[], 44:[], 45:[], 46:[], 47:[], 48:[], 49:[], 50:[], 51:[], 52:[], 53:[], 54:[], 55:[], 56:[], 57:[], 58:[], 59:[], 60:[], 61:[], 62:[], 63:[], 64:[], 65:[], 66:[], 67:[], 68:[], 69:[], 70:[], 71:[], 72:[], 73:[], 74:[], 75:[], 76:[], 77:[], 78:[], 79:[], 80:[], 81:[], 82:[], 83:[], 84:[], 85:[], 86:[], 87:[], 88:[], 89:[], 90:[], 91:[], 92:[], 93:[], 94:[], 95:[], 96:[], 97:[], 98:[], 99:[], 100:[], 101:[], 102:[], 103:[], 104:[], 105:[], 106:[], 107:[], 108:[], 109:[], 110:[], 111:[], 112:[], 113:[], 114:[], 115:[], 116:[], 117:[], 118:[], 119:[], 120:[], 121:[], 122:[], 123:[], 124:[], 125:[], 126:[], 127:[], 128:[], 129:[], 130:[], 131:[], 132:[], 133:[], 134:[], 135:[], 136:[], 137:[], 138:[], 139:[], 140:[], 141:[], 142:[], 143:[], 144:[], 145:[], 146:[], 147:[], 148:[], 149:[], 150:[], 151:[], 152:[], 153:[], 154:[], 155:[], 156:[], 157:[], 158:[], 159:[], 160:[], 161:[], 162:[], 163:[], 164:[], 165:[], 166:[], 167:[], 168:[], 169:[], 170:[], 171:[], 172:[], 173:[], 174:[], 175:[], 176:[], 177:[], 178:[], 179:[], 180:[], 181:[], 182:[], 183:[], 184:[], 185:[], 186:[], 187:[], 188:[], 189:[], 190:[], 191:[], 192:[], 193:[], 194:[], 195:[], 196:[], 197:[], 198:[], 199:[], 200:[], 201:[], 202:[], 203:[]",96465148768,110202797369
4919,13,50420.9165,41613936,622174099,4969260258,1056.7830,false,204,true,true,true,true,true,false,false,"0:[0, 1, 2, 3, 4, 5, 6, 7, 8, 9, 10, 11, 12, 13, 14, 15, 16, 17, 18, 19, 20, 21, 22, 23, 24, 25, 26, 27, 28, 29, 30, 31, 32, 33, 34, 35, 36, 37, 38, 39, 40, 41, 42, 43, 44, 45, 46, 47, 48, 49, 50, 51, 52, 53, 54, 55, 56, 57, 58, 59, 60, 61, 62, 63, 64, 65, 66, 67, 68, 69, 70, 71, 72, 73, 74, 75, 76, 77, 78, 79, 80, 81, 82, 83, 84, 85, 86, 87, 88, 89, 90, 91, 92, 93, 94, 95, 96, 97, 98, 99, 100, 101, 102, 103, 104, 105, 106, 107, 108, 109, 110, 111, 112, 113, 114, 115, 116, 117, 118, 119, 120, 121, 122, 123, 124, 125, 126, 127, 128, 129, 130, 131, 132, 133, 134, 135, 136, 137, 138, 139, 140, 141, 142, 143, 144, 145, 146, 147, 148, 149, 150, 151, 152, 153, 154, 155, 156, 157, 158, 159, 160, 161, 162, 163, 164, 165, 166, 167, 168, 169, 170, 171, 172, 173, 174, 175, 176, 177, 178, 179, 180, 181, 182, 183, 184, 185, 186, 187, 188, 189, 190, 191, 192, 193, 194, 195, 196, 197, 198, 199, 200, 201, 202, 203], 1:[], 2:[], 3:[], 4:[], 5:[], 6:[], 7:[], 8:[], 9:[], 10:[], 11:[], 12:[], 13:[], 14:[], 15:[], 16:[], 17:[], 18:[], 19:[], 20:[], 21:[], 22:[], 23:[], 24:[], 25:[], 26:[], 27:[], 28:[], 29:[], 30:[], 31:[], 32:[], 33:[], 34:[], 35:[], 36:[], 37:[], 38:[], 39:[], 40:[], 41:[], 42:[], 43:[], 44:[], 45:[], 46:[], 47:[], 48:[], 49:[], 50:[], 51:[], 52:[], 53:[], 54:[], 55:[], 56:[], 57:[], 58:[], 59:[], 60:[], 61:[], 62:[], 63:[], 64:[], 65:[], 66:[], 67:[], 68:[], 69:[], 70:[], 71:[], 72:[], 73:[], 74:[], 75:[], 76:[], 77:[], 78:[], 79:[], 80:[], 81:[], 82:[], 83:[], 84:[], 85:[], 86:[], 87:[], 88:[], 89:[], 90:[], 91:[], 92:[], 93:[], 94:[], 95:[], 96:[], 97:[], 98:[], 99:[], 100:[], 101:[], 102:[], 103:[], 104:[], 105:[], 106:[], 107:[], 108:[], 109:[], 110:[], 111:[], 112:[], 113:[], 114:[], 115:[], 116:[], 117:[], 118:[], 119:[], 120:[], 121:[], 122:[], 123:[], 124:[], 125:[], 126:[], 127:[], 128:[], 129:[], 130:[], 131:[], 132:[], 133:[], 134:[], 135:[], 136:[], 137:[], 138:[], 139:[], 140:[], 141:[], 142:[], 143:[], 144:[], 145:[], 146:[], 147:[], 148:[], 149:[], 150:[], 151:[], 152:[], 153:[], 154:[], 155:[], 156:[], 157:[], 158:[], 159:[], 160:[], 161:[], 162:[], 163:[], 164:[], 165:[], 166:[], 167:[], 168:[], 169:[], 170:[], 171:[], 172:[], 173:[], 174:[], 175:[], 176:[], 177:[], 178:[], 179:[], 180:[], 181:[], 182:[], 183:[], 184:[], 185:[], 186:[], 187:[], 188:[], 189:[], 190:[], 191:[], 192:[], 193:[], 194:[], 195:[], 196:[], 197:[], 198:[], 199:[], 200:[], 201:[], 202:[], 203:[]",96774472416,110651693887
4931,2,41386.1567,41918528,626733076,5005692338,1077.9168,false,206,true,true,true,true,true,false,false,"0:[0, 1, 2, 3, 4, 5, 6, 7, 8, 9, 10, 11, 12, 13, 14, 15, 16, 17, 18, 19, 20, 21, 22, 23, 24, 25, 26, 27, 28, 29, 30, 31, 32, 33, 34, 35, 36, 37, 38, 39, 40, 41, 42, 43, 44, 45, 46, 47, 48, 49, 50, 51, 52, 53, 54, 55, 56, 57, 58, 59, 60, 61, 62, 63, 64, 65, 66, 67, 68, 69, 70, 71, 72, 73, 74, 75, 76, 77, 78, 79, 80, 81, 82, 83, 84, 85, 86, 87, 88, 89, 90, 91, 92, 93, 94, 95, 96, 97, 98, 99, 100, 101, 102, 103, 104, 105, 106, 107, 108, 109, 110, 111, 112, 113, 114, 115, 116, 117, 118, 119, 120, 121, 122, 123, 124, 125, 126, 127, 128, 129, 130, 131, 132, 133, 134, 135, 136, 137, 138, 139, 140, 141, 142, 143, 144, 145, 146, 147, 148, 149, 150, 151, 152, 153, 154, 155, 156, 157, 158, 159, 160, 161, 162, 163, 164, 165, 166, 167, 168, 169, 170, 171, 172, 173, 174, 175, 176, 177, 178, 179, 180, 181, 182, 183, 184, 185, 186, 187, 188, 189, 190, 191, 192, 193, 194, 195, 196, 197, 198, 199, 200, 201, 202, 203, 204, 205], 1:[], 2:[], 3:[], 4:[], 5:[], 6:[], 7:[], 8:[], 9:[], 10:[], 11:[], 12:[], 13:[], 14:[], 15:[], 16:[], 17:[], 18:[], 19:[], 20:[], 21:[], 22:[], 23:[], 24:[], 25:[], 26:[], 27:[], 28:[], 29:[], 30:[], 31:[], 32:[], 33:[], 34:[], 35:[], 36:[], 37:[], 38:[], 39:[], 40:[], 41:[], 42:[], 43:[], 44:[], 45:[], 46:[], 47:[], 48:[], 49:[], 50:[], 51:[], 52:[], 53:[], 54:[], 55:[], 56:[], 57:[], 58:[], 59:[], 60:[], 61:[], 62:[], 63:[], 64:[], 65:[], 66:[], 67:[], 68:[], 69:[], 70:[], 71:[], 72:[], 73:[], 74:[], 75:[], 76:[], 77:[], 78:[], 79:[], 80:[], 81:[], 82:[], 83:[], 84:[], 85:[], 86:[], 87:[], 88:[], 89:[], 90:[], 91:[], 92:[], 93:[], 94:[], 95:[], 96:[], 97:[], 98:[], 99:[], 100:[], 101:[], 102:[], 103:[], 104:[], 105:[], 106:[], 107:[], 108:[], 109:[], 110:[], 111:[], 112:[], 113:[], 114:[], 115:[], 116:[], 117:[], 118:[], 119:[], 120:[], 121:[], 122:[], 123:[], 124:[], 125:[], 126:[], 127:[], 128:[], 129:[], 130:[], 131:[], 132:[], 133:[], 134:[], 135:[], 136:[], 137:[], 138:[], 139:[], 140:[], 141:[], 142:[], 143:[], 144:[], 145:[], 146:[], 147:[], 148:[], 149:[], 150:[], 151:[], 152:[], 153:[], 154:[], 155:[], 156:[], 157:[], 158:[], 159:[], 160:[], 161:[], 162:[], 163:[], 164:[], 165:[], 166:[], 167:[], 168:[], 169:[], 170:[], 171:[], 172:[], 173:[], 174:[], 175:[], 176:[], 177:[], 178:[], 179:[], 180:[], 181:[], 182:[], 183:[], 184:[], 185:[], 186:[], 187:[], 188:[], 189:[], 190:[], 191:[], 192:[], 193:[], 194:[], 195:[], 196:[], 197:[], 198:[], 199:[], 200:[], 201:[], 202:[], 203:[], 204:[], 205:[]",97147719152,111193543092
4933,2,41896.3993,41968957,627495751,5011808119,1041.1795,false,206,true,true,true,true,true,false,false,"0:[0, 1, 2, 3, 4, 5, 6, 7, 8, 9, 10, 11, 12, 13, 14, 15, 16, 17, 18, 19, 20, 21, 22, 23, 24, 25, 26, 27, 28, 29, 30, 31, 32, 33, 34, 35, 36, 37, 38, 39, 40, 41, 42, 43, 44, 45, 46, 47, 48, 49, 50, 51, 52, 53, 54, 55, 56, 57, 58, 59, 60, 61, 62, 63, 64, 65, 66, 67, 68, 69, 70, 71, 72, 73, 74, 75, 76, 77, 78, 79, 80, 81, 82, 83, 84, 85, 86, 87, 88, 89, 90, 91, 92, 93, 94, 95, 96, 97, 98, 99, 100, 101, 102, 103, 104, 105, 106, 107, 108, 109, 110, 111, 112, 113, 114, 115, 116, 117, 118, 119, 120, 121, 122, 123, 124, 125, 126, 127, 128, 129, 130, 131, 132, 133, 134, 135, 136, 137, 138, 139, 140, 141, 142, 143, 144, 145, 146, 147, 148, 149, 150, 151, 152, 153, 154, 155, 156, 157, 158, 159, 160, 161, 162, 163, 164, 165, 166, 167, 168, 169, 170, 171, 172, 173, 174, 175, 176, 177, 178, 179, 180, 181, 182, 183, 184, 185, 186, 187, 188, 189, 190, 191, 192, 193, 194, 195, 196, 197, 198, 199, 200, 201, 202, 203, 204, 205], 1:[], 2:[], 3:[], 4:[], 5:[], 6:[], 7:[], 8:[], 9:[], 10:[], 11:[], 12:[], 13:[], 14:[], 15:[], 16:[], 17:[], 18:[], 19:[], 20:[], 21:[], 22:[], 23:[], 24:[], 25:[], 26:[], 27:[], 28:[], 29:[], 30:[], 31:[], 32:[], 33:[], 34:[], 35:[], 36:[], 37:[], 38:[], 39:[], 40:[], 41:[], 42:[], 43:[], 44:[], 45:[], 46:[], 47:[], 48:[], 49:[], 50:[], 51:[], 52:[], 53:[], 54:[], 55:[], 56:[], 57:[], 58:[], 59:[], 60:[], 61:[], 62:[], 63:[], 64:[], 65:[], 66:[], 67:[], 68:[], 69:[], 70:[], 71:[], 72:[], 73:[], 74:[], 75:[], 76:[], 77:[], 78:[], 79:[], 80:[], 81:[], 82:[], 83:[], 84:[], 85:[], 86:[], 87:[], 88:[], 89:[], 90:[], 91:[], 92:[], 93:[], 94:[], 95:[], 96:[], 97:[], 98:[], 99:[], 100:[], 101:[], 102:[], 103:[], 104:[], 105:[], 106:[], 107:[], 108:[], 109:[], 110:[], 111:[], 112:[], 113:[], 114:[], 115:[], 116:[], 117:[], 118:[], 119:[], 120:[], 121:[], 122:[], 123:[], 124:[], 125:[], 126:[], 127:[], 128:[], 129:[], 130:[], 131:[], 132:[], 133:[], 134:[], 135:[], 136:[], 137:[], 138:[], 139:[], 140:[], 141:[], 142:[], 143:[], 144:[], 145:[], 146:[], 147:[], 148:[], 149:[], 150:[], 151:[], 152:[], 153:[], 154:[], 155:[], 156:[], 157:[], 158:[], 159:[], 160:[], 161:[], 162:[], 163:[], 164:[], 165:[], 166:[], 167:[], 168:[], 169:[], 170:[], 171:[], 172:[], 173:[], 174:[], 175:[], 176:[], 177:[], 178:[], 179:[], 180:[], 181:[], 182:[], 183:[], 184:[], 185:[], 186:[], 187:[], 188:[], 189:[], 190:[], 191:[], 192:[], 193:[], 194:[], 195:[], 196:[], 197:[], 198:[], 199:[], 200:[], 201:[], 202:[], 203:[], 204:[], 205:[]",97210145164,111284320335
4937,3,48936.6051,42071174,629025298,5024045244,1484.3992,false,205,true,true,true,true,true,false,false,"0:[0, 1, 2, 3, 4, 5, 6, 7, 8, 9, 10, 11, 12, 13, 14, 15, 16, 17, 18, 19, 20, 21, 22, 23, 24, 25, 26, 27, 28, 29, 30, 31, 32, 33, 34, 35, 36, 37, 38, 39, 40, 41, 42, 43, 44, 45, 46, 47, 48, 49, 50, 51, 52, 53, 54, 55, 56, 57, 58, 59, 60, 61, 62, 63, 64, 65, 66, 67, 68, 69, 70, 71, 72, 73, 74, 75, 76, 77, 78, 79, 80, 81, 82, 83, 84, 85, 86, 87, 88, 89, 90, 91, 92, 93, 94, 95, 96, 97, 98, 99, 100, 101, 102, 103, 104, 105, 106, 107, 108, 109, 110, 111, 112, 113, 114, 115, 116, 117, 118, 119, 120, 121, 122, 123, 124, 125, 126, 127, 128, 129, 130, 131, 132, 133, 134, 135, 136, 137, 138, 139, 140, 141, 142, 143, 144, 145, 146, 147, 148, 149, 150, 151, 152, 153, 154, 155, 156, 157, 158, 159, 160, 161, 162, 163, 164, 165, 166, 167, 168, 169, 170, 171, 172, 173, 174, 175, 176, 177, 178, 179, 180, 181, 182, 183, 184, 185, 186, 187, 188, 189, 190, 191, 192, 193, 194, 195, 196, 197, 198, 199, 200, 201, 202, 203, 204], 1:[], 2:[], 3:[], 4:[], 5:[], 6:[], 7:[], 8:[], 9:[], 10:[], 11:[], 12:[], 13:[], 14:[], 15:[], 16:[], 17:[], 18:[], 19:[], 20:[], 21:[], 22:[], 23:[], 24:[], 25:[], 26:[], 27:[], 28:[], 29:[], 30:[], 31:[], 32:[], 33:[], 34:[], 35:[], 36:[], 37:[], 38:[], 39:[], 40:[], 41:[], 42:[], 43:[], 44:[], 45:[], 46:[], 47:[], 48:[], 49:[], 50:[], 51:[], 52:[], 53:[], 54:[], 55:[], 56:[], 57:[], 58:[], 59:[], 60:[], 61:[], 62:[], 63:[], 64:[], 65:[], 66:[], 67:[], 68:[], 69:[], 70:[], 71:[], 72:[], 73:[], 74:[], 75:[], 76:[], 77:[], 78:[], 79:[], 80:[], 81:[], 82:[], 83:[], 84:[], 85:[], 86:[], 87:[], 88:[], 89:[], 90:[], 91:[], 92:[], 93:[], 94:[], 95:[], 96:[], 97:[], 98:[], 99:[], 100:[], 101:[], 102:[], 103:[], 104:[], 105:[], 106:[], 107:[], 108:[], 109:[], 110:[], 111:[], 112:[], 113:[], 114:[], 115:[], 116:[], 117:[], 118:[], 119:[], 120:[], 121:[], 122:[], 123:[], 124:[], 125:[], 126:[], 127:[], 128:[], 129:[], 130:[], 131:[], 132:[], 133:[], 134:[], 135:[], 136:[], 137:[], 138:[], 139:[], 140:[], 141:[], 142:[], 143:[], 144:[], 145:[], 146:[], 147:[], 148:[], 149:[], 150:[], 151:[], 152:[], 153:[], 154:[], 155:[], 156:[], 157:[], 158:[], 159:[], 160:[], 161:[], 162:[], 163:[], 164:[], 165:[], 166:[], 167:[], 168:[], 169:[], 170:[], 171:[], 172:[], 173:[], 174:[], 175:[], 176:[], 177:[], 178:[], 179:[], 180:[], 181:[], 182:[], 183:[], 184:[], 185:[], 186:[], 187:[], 188:[], 189:[], 190:[], 191:[], 192:[], 193:[], 194:[], 195:[], 196:[], 197:[], 198:[], 199:[], 200:[], 201:[], 202:[], 203:[], 204:[]",97335371000,111466047698
4943,5,44311.2288,42224604,631318034,5042354730,1105.4225,false,206,true,true,true,true,true,false,false,"0:[0, 1, 2, 3, 4, 5, 6, 7, 8, 9, 10, 11, 12, 13, 14, 15, 16, 17, 18, 19, 20, 21, 22, 23, 24, 25, 26, 27, 28, 29, 30, 31, 32, 33, 34, 35, 36, 37, 38, 39, 40, 41, 42, 43, 44, 45, 46, 47, 48, 49, 50, 51, 52, 53, 54, 55, 56, 57, 58, 59, 60, 61, 62, 63, 64, 65, 66, 67, 68, 69, 70, 71, 72, 73, 74, 75, 76, 77, 78, 79, 80, 81, 82, 83, 84, 85, 86, 87, 88, 89, 90, 91, 92, 93, 94, 95, 96, 97, 98, 99, 100, 101, 102, 103, 104, 105, 106, 107, 108, 109, 110, 111, 112, 113, 114, 115, 116, 117, 118, 119, 120, 121, 122, 123, 124, 125, 126, 127, 128, 129, 130, 131, 132, 133, 134, 135, 136, 137, 138, 139, 140, 141, 142, 143, 144, 145, 146, 147, 148, 149, 150, 151, 152, 153, 154, 155, 156, 157, 158, 159, 160, 161, 162, 163, 164, 165, 166, 167, 168, 169, 170, 171, 172, 173, 174, 175, 176, 177, 178, 179, 180, 181, 182, 183, 184, 185, 186, 187, 188, 189, 190, 191, 192, 193, 194, 195, 196, 197, 198, 199, 200, 201, 202, 203, 204, 205], 1:[], 2:[], 3:[], 4:[], 5:[], 6:[], 7:[], 8:[], 9:[], 10:[], 11:[], 12:[], 13:[], 14:[], 15:[], 16:[], 17:[], 18:[], 19:[], 20:[], 21:[], 22:[], 23:[], 24:[], 25:[], 26:[], 27:[], 28:[], 29:[], 30:[], 31:[], 32:[], 33:[], 34:[], 35:[], 36:[], 37:[], 38:[], 39:[], 40:[], 41:[], 42:[], 43:[], 44:[], 45:[], 46:[], 47:[], 48:[], 49:[], 50:[], 51:[], 52:[], 53:[], 54:[], 55:[], 56:[], 57:[], 58:[], 59:[], 60:[], 61:[], 62:[], 63:[], 64:[], 65:[], 66:[], 67:[], 68:[], 69:[], 70:[], 71:[], 72:[], 73:[], 74:[], 75:[], 76:[], 77:[], 78:[], 79:[], 80:[], 81:[], 82:[], 83:[], 84:[], 85:[], 86:[], 87:[], 88:[], 89:[], 90:[], 91:[], 92:[], 93:[], 94:[], 95:[], 96:[], 97:[], 98:[], 99:[], 100:[], 101:[], 102:[], 103:[], 104:[], 105:[], 106:[], 107:[], 108:[], 109:[], 110:[], 111:[], 112:[], 113:[], 114:[], 115:[], 116:[], 117:[], 118:[], 119:[], 120:[], 121:[], 122:[], 123:[], 124:[], 125:[], 126:[], 127:[], 128:[], 129:[], 130:[], 131:[], 132:[], 133:[], 134:[], 135:[], 136:[], 137:[], 138:[], 139:[], 140:[], 141:[], 142:[], 143:[], 144:[], 145:[], 146:[], 147:[], 148:[], 149:[], 150:[], 151:[], 152:[], 153:[], 154:[], 155:[], 156:[], 157:[], 158:[], 159:[], 160:[], 161:[], 162:[], 163:[], 164:[], 165:[], 166:[], 167:[], 168:[], 169:[], 170:[], 171:[], 172:[], 173:[], 174:[], 175:[], 176:[], 177:[], 178:[], 179:[], 180:[], 181:[], 182:[], 183:[], 184:[], 185:[], 186:[], 187:[], 188:[], 189:[], 190:[], 191:[], 192:[], 193:[], 194:[], 195:[], 196:[], 197:[], 198:[], 199:[], 200:[], 201:[], 202:[], 203:[], 204:[], 205:[]",97523085920,111738474618
4951,3,51000.1851,42429204,634384549,5066868579,1015.8688,false,206,true,true,true,true,true,false,false,"0:[0, 1, 2, 3, 4, 5, 6, 7, 8, 9, 10, 11, 12, 13, 14, 15, 16, 17, 18, 19, 20, 21, 22, 23, 24, 25, 26, 27, 28, 29, 30, 31, 32, 33, 34, 35, 36, 37, 38, 39, 40, 41, 42, 43, 44, 45, 46, 47, 48, 49, 50, 51, 52, 53, 54, 55, 56, 57, 58, 59, 60, 61, 62, 63, 64, 65, 66, 67, 68, 69, 70, 71, 72, 73, 74, 75, 76, 77, 78, 79, 80, 81, 82, 83, 84, 85, 86, 87, 88, 89, 90, 91, 92, 93, 94, 95, 96, 97, 98, 99, 100, 101, 102, 103, 104, 105, 106, 107, 108, 109, 110, 111, 112, 113, 114, 115, 116, 117, 118, 119, 120, 121, 122, 123, 124, 125, 126, 127, 128, 129, 130, 131, 132, 133, 134, 135, 136, 137, 138, 139, 140, 141, 142, 143, 144, 145, 146, 147, 148, 149, 150, 151, 152, 153, 154, 155, 156, 157, 158, 159, 160, 161, 162, 163, 164, 165, 166, 167, 168, 169, 170, 171, 172, 173, 174, 175, 176, 177, 178, 179, 180, 181, 182, 183, 184, 185, 186, 187, 188, 189, 190, 191, 192, 193, 194, 195, 196, 197, 198, 199, 200, 201, 202, 203, 204, 205], 1:[], 2:[], 3:[], 4:[], 5:[], 6:[], 7:[], 8:[], 9:[], 10:[], 11:[], 12:[], 13:[], 14:[], 15:[], 16:[], 17:[], 18:[], 19:[], 20:[], 21:[], 22:[], 23:[], 24:[], 25:[], 26:[], 27:[], 28:[], 29:[], 30:[], 31:[], 32:[], 33:[], 34:[], 35:[], 36:[], 37:[], 38:[], 39:[], 40:[], 41:[], 42:[], 43:[], 44:[], 45:[], 46:[], 47:[], 48:[], 49:[], 50:[], 51:[], 52:[], 53:[], 54:[], 55:[], 56:[], 57:[], 58:[], 59:[], 60:[], 61:[], 62:[], 63:[], 64:[], 65:[], 66:[], 67:[], 68:[], 69:[], 70:[], 71:[], 72:[], 73:[], 74:[], 75:[], 76:[], 77:[], 78:[], 79:[], 80:[], 81:[], 82:[], 83:[], 84:[], 85:[], 86:[], 87:[], 88:[], 89:[], 90:[], 91:[], 92:[], 93:[], 94:[], 95:[], 96:[], 97:[], 98:[], 99:[], 100:[], 101:[], 102:[], 103:[], 104:[], 105:[], 106:[], 107:[], 108:[], 109:[], 110:[], 111:[], 112:[], 113:[], 114:[], 115:[], 116:[], 117:[], 118:[], 119:[], 120:[], 121:[], 122:[], 123:[], 124:[], 125:[], 126:[], 127:[], 128:[], 129:[], 130:[], 131:[], 132:[], 133:[], 134:[], 135:[], 136:[], 137:[], 138:[], 139:[], 140:[], 141:[], 142:[], 143:[], 144:[], 145:[], 146:[], 147:[], 148:[], 149:[], 150:[], 151:[], 152:[], 153:[], 154:[], 155:[], 156:[], 157:[], 158:[], 159:[], 160:[], 161:[], 162:[], 163:[], 164:[], 165:[], 166:[], 167:[], 168:[], 169:[], 170:[], 171:[], 172:[], 173:[], 174:[], 175:[], 176:[], 177:[], 178:[], 179:[], 180:[], 181:[], 182:[], 183:[], 184:[], 185:[], 186:[], 187:[], 188:[], 189:[], 190:[], 191:[], 192:[], 193:[], 194:[], 195:[], 196:[], 197:[], 198:[], 199:[], 200:[], 201:[], 202:[], 203:[], 204:[], 205:[]",97774135920,112102998601
4957,2,42709.7385,42583088,636689137,5085283303,1124.2066,false,207,true,true,true,true,true,false,false,"0:[0, 1, 2, 3, 4, 5, 6, 7, 8, 9, 10, 11, 12, 13, 14, 15, 16, 17, 18, 19, 20, 21, 22, 23, 24, 25, 26, 27, 28, 29, 30, 31, 32, 33, 34, 35, 36, 37, 38, 39, 40, 41, 42, 43, 44, 45, 46, 47, 48, 49, 50, 51, 52, 53, 54, 55, 56, 57, 58, 59, 60, 61, 62, 63, 64, 65, 66, 67, 68, 69, 70, 71, 72, 73, 74, 75, 76, 77, 78, 79, 80, 81, 82, 83, 84, 85, 86, 87, 88, 89, 90, 91, 92, 93, 94, 95, 96, 97, 98, 99, 100, 101, 102, 103, 104, 105, 106, 107, 108, 109, 110, 111, 112, 113, 114, 115, 116, 117, 118, 119, 120, 121, 122, 123, 124, 125, 126, 127, 128, 129, 130, 131, 132, 133, 134, 135, 136, 137, 138, 139, 140, 141, 142, 143, 144, 145, 146, 147, 148, 149, 150, 151, 152, 153, 154, 155, 156, 157, 158, 159, 160, 161, 162, 163, 164, 165, 166, 167, 168, 169, 170, 171, 172, 173, 174, 175, 176, 177, 178, 179, 180, 181, 182, 183, 184, 185, 186, 187, 188, 189, 190, 191, 192, 193, 194, 195, 196, 197, 198, 199, 200, 201, 202, 203, 204, 205, 206], 1:[], 2:[], 3:[], 4:[], 5:[], 6:[], 7:[], 8:[], 9:[], 10:[], 11:[], 12:[], 13:[], 14:[], 15:[], 16:[], 17:[], 18:[], 19:[], 20:[], 21:[], 22:[], 23:[], 24:[], 25:[], 26:[], 27:[], 28:[], 29:[], 30:[], 31:[], 32:[], 33:[], 34:[], 35:[], 36:[], 37:[], 38:[], 39:[], 40:[], 41:[], 42:[], 43:[], 44:[], 45:[], 46:[], 47:[], 48:[], 49:[], 50:[], 51:[], 52:[], 53:[], 54:[], 55:[], 56:[], 57:[], 58:[], 59:[], 60:[], 61:[], 62:[], 63:[], 64:[], 65:[], 66:[], 67:[], 68:[], 69:[], 70:[], 71:[], 72:[], 73:[], 74:[], 75:[], 76:[], 77:[], 78:[], 79:[], 80:[], 81:[], 82:[], 83:[], 84:[], 85:[], 86:[], 87:[], 88:[], 89:[], 90:[], 91:[], 92:[], 93:[], 94:[], 95:[], 96:[], 97:[], 98:[], 99:[], 100:[], 101:[], 102:[], 103:[], 104:[], 105:[], 106:[], 107:[], 108:[], 109:[], 110:[], 111:[], 112:[], 113:[], 114:[], 115:[], 116:[], 117:[], 118:[], 119:[], 120:[], 121:[], 122:[], 123:[], 124:[], 125:[], 126:[], 127:[], 128:[], 129:[], 130:[], 131:[], 132:[], 133:[], 134:[], 135:[], 136:[], 137:[], 138:[], 139:[], 140:[], 141:[], 142:[], 143:[], 144:[], 145:[], 146:[], 147:[], 148:[], 149:[], 150:[], 151:[], 152:[], 153:[], 154:[], 155:[], 156:[], 157:[], 158:[], 159:[], 160:[], 161:[], 162:[], 163:[], 164:[], 165:[], 166:[], 167:[], 168:[], 169:[], 170:[], 171:[], 172:[], 173:[], 174:[], 175:[], 176:[], 177:[], 178:[], 179:[], 180:[], 181:[], 182:[], 183:[], 184:[], 185:[], 186:[], 187:[], 188:[], 189:[], 190:[], 191:[], 192:[], 193:[], 194:[], 195:[], 196:[], 197:[], 198:[], 199:[], 200:[], 201:[], 202:[], 203:[], 204:[], 205:[], 206:[]",97962811712,112376983477
4967,5,45401.5762,42841218,640547358,5116109852,1096.9201,false,207,true,true,true,true,true,false,false,"0:[0, 1, 2, 3, 4, 5, 6, 7, 8, 9, 10, 11, 12, 13, 14, 15, 16, 17, 18, 19, 20, 21, 22, 23, 24, 25, 26, 27, 28, 29, 30, 31, 32, 33, 34, 35, 36, 37, 38, 39, 40, 41, 42, 43, 44, 45, 46, 47, 48, 49, 50, 51, 52, 53, 54, 55, 56, 57, 58, 59, 60, 61, 62, 63, 64, 65, 66, 67, 68, 69, 70, 71, 72, 73, 74, 75, 76, 77, 78, 79, 80, 81, 82, 83, 84, 85, 86, 87, 88, 89, 90, 91, 92, 93, 94, 95, 96, 97, 98, 99, 100, 101, 102, 103, 104, 105, 106, 107, 108, 109, 110, 111, 112, 113, 114, 115, 116, 117, 118, 119, 120, 121, 122, 123, 124, 125, 126, 127, 128, 129, 130, 131, 132, 133, 134, 135, 136, 137, 138, 139, 140, 141, 142, 143, 144, 145, 146, 147, 148, 149, 150, 151, 152, 153, 154, 155, 156, 157, 158, 159, 160, 161, 162, 163, 164, 165, 166, 167, 168, 169, 170, 171, 172, 173, 174, 175, 176, 177, 178, 179, 180, 181, 182, 183, 184, 185, 186, 187, 188, 189, 190, 191, 192, 193, 194, 195, 196, 197, 198, 199, 200, 201, 202, 203, 204, 205, 206], 1:[], 2:[], 3:[], 4:[], 5:[], 6:[], 7:[], 8:[], 9:[], 10:[], 11:[], 12:[], 13:[], 14:[], 15:[], 16:[], 17:[], 18:[], 19:[], 20:[], 21:[], 22:[], 23:[], 24:[], 25:[], 26:[], 27:[], 28:[], 29:[], 30:[], 31:[], 32:[], 33:[], 34:[], 35:[], 36:[], 37:[], 38:[], 39:[], 40:[], 41:[], 42:[], 43:[], 44:[], 45:[], 46:[], 47:[], 48:[], 49:[], 50:[], 51:[], 52:[], 53:[], 54:[], 55:[], 56:[], 57:[], 58:[], 59:[], 60:[], 61:[], 62:[], 63:[], 64:[], 65:[], 66:[], 67:[], 68:[], 69:[], 70:[], 71:[], 72:[], 73:[], 74:[], 75:[], 76:[], 77:[], 78:[], 79:[], 80:[], 81:[], 82:[], 83:[], 84:[], 85:[], 86:[], 87:[], 88:[], 89:[], 90:[], 91:[], 92:[], 93:[], 94:[], 95:[], 96:[], 97:[], 98:[], 99:[], 100:[], 101:[], 102:[], 103:[], 104:[], 105:[], 106:[], 107:[], 108:[], 109:[], 110:[], 111:[], 112:[], 113:[], 114:[], 115:[], 116:[], 117:[], 118:[], 119:[], 120:[], 121:[], 122:[], 123:[], 124:[], 125:[], 126:[], 127:[], 128:[], 129:[], 130:[], 131:[], 132:[], 133:[], 134:[], 135:[], 136:[], 137:[], 138:[], 139:[], 140:[], 141:[], 142:[], 143:[], 144:[], 145:[], 146:[], 147:[], 148:[], 149:[], 150:[], 151:[], 152:[], 153:[], 154:[], 155:[], 156:[], 157:[], 158:[], 159:[], 160:[], 161:[], 162:[], 163:[], 164:[], 165:[], 166:[], 167:[], 168:[], 169:[], 170:[], 171:[], 172:[], 173:[], 174:[], 175:[], 176:[], 177:[], 178:[], 179:[], 180:[], 181:[], 182:[], 183:[], 184:[], 185:[], 186:[], 187:[], 188:[], 189:[], 190:[], 191:[], 192:[], 193:[], 194:[], 195:[], 196:[], 197:[], 198:[], 199:[], 200:[], 201:[], 202:[], 203:[], 204:[], 205:[], 206:[]",98278697032,112835410622
4969,7,58211.5771,42892388,641319892,5122296804,1052.0926,false,208,true,true,true,true,true,false,false,"0:[0, 1, 2, 3, 4, 5, 6, 7, 8, 9, 10, 11, 12, 13, 14, 15, 16, 17, 18, 19, 20, 21, 22, 23, 24, 25, 26, 27, 28, 29, 30, 31, 32, 33, 34, 35, 36, 37, 38, 39, 40, 41, 42, 43, 44, 45, 46, 47, 48, 49, 50, 51, 52, 53, 54, 55, 56, 57, 58, 59, 60, 61, 62, 63, 64, 65, 66, 67, 68, 69, 70, 71, 72, 73, 74, 75, 76, 77, 78, 79, 80, 81, 82, 83, 84, 85, 86, 87, 88, 89, 90, 91, 92, 93, 94, 95, 96, 97, 98, 99, 100, 101, 102, 103, 104, 105, 106, 107, 108, 109, 110, 111, 112, 113, 114, 115, 116, 117, 118, 119, 120, 121, 122, 123, 124, 125, 126, 127, 128, 129, 130, 131, 132, 133, 134, 135, 136, 137, 138, 139, 140, 141, 142, 143, 144, 145, 146, 147, 148, 149, 150, 151, 152, 153, 154, 155, 156, 157, 158, 159, 160, 161, 162, 163, 164, 165, 166, 167, 168, 169, 170, 171, 172, 173, 174, 175, 176, 177, 178, 179, 180, 181, 182, 183, 184, 185, 186, 187, 188, 189, 190, 191, 192, 193, 194, 195, 196, 197, 198, 199, 200, 201, 202, 203, 204, 205, 206, 207], 1:[], 2:[], 3:[], 4:[], 5:[], 6:[], 7:[], 8:[], 9:[], 10:[], 11:[], 12:[], 13:[], 14:[], 15:[], 16:[], 17:[], 18:[], 19:[], 20:[], 21:[], 22:[], 23:[], 24:[], 25:[], 26:[], 27:[], 28:[], 29:[], 30:[], 31:[], 32:[], 33:[], 34:[], 35:[], 36:[], 37:[], 38:[], 39:[], 40:[], 41:[], 42:[], 43:[], 44:[], 45:[], 46:[], 47:[], 48:[], 49:[], 50:[], 51:[], 52:[], 53:[], 54:[], 55:[], 56:[], 57:[], 58:[], 59:[], 60:[], 61:[], 62:[], 63:[], 64:[], 65:[], 66:[], 67:[], 68:[], 69:[], 70:[], 71:[], 72:[], 73:[], 74:[], 75:[], 76:[], 77:[], 78:[], 79:[], 80:[], 81:[], 82:[], 83:[], 84:[], 85:[], 86:[], 87:[], 88:[], 89:[], 90:[], 91:[], 92:[], 93:[], 94:[], 95:[], 96:[], 97:[], 98:[], 99:[], 100:[], 101:[], 102:[], 103:[], 104:[], 105:[], 106:[], 107:[], 108:[], 109:[], 110:[], 111:[], 112:[], 113:[], 114:[], 115:[], 116:[], 117:[], 118:[], 119:[], 120:[], 121:[], 122:[], 123:[], 124:[], 125:[], 126:[], 127:[], 128:[], 129:[], 130:[], 131:[], 132:[], 133:[], 134:[], 135:[], 136:[], 137:[], 138:[], 139:[], 140:[], 141:[], 142:[], 143:[], 144:[], 145:[], 146:[], 147:[], 148:[], 149:[], 150:[], 151:[], 152:[], 153:[], 154:[], 155:[], 156:[], 157:[], 158:[], 159:[], 160:[], 161:[], 162:[], 163:[], 164:[], 165:[], 166:[], 167:[], 168:[], 169:[], 170:[], 171:[], 172:[], 173:[], 174:[], 175:[], 176:[], 177:[], 178:[], 179:[], 180:[], 181:[], 182:[], 183:[], 184:[], 185:[], 186:[], 187:[], 188:[], 189:[], 190:[], 191:[], 192:[], 193:[], 194:[], 195:[], 196:[], 197:[], 198:[], 199:[], 200:[], 201:[], 202:[], 203:[], 204:[], 205:[], 206:[], 207:[]",98341932512,112927362148
4973,2,48076.3392,42996096,642868064,5134660738,1008.9106,false,208,true,true,true,true,true,false,false,"0:[0, 1, 2, 3, 4, 5, 6, 7, 8, 9, 10, 11, 12, 13, 14, 15, 16, 17, 18, 19, 20, 21, 22, 23, 24, 25, 26, 27, 28, 29, 30, 31, 32, 33, 34, 35, 36, 37, 38, 39, 40, 41, 42, 43, 44, 45, 46, 47, 48, 49, 50, 51, 52, 53, 54, 55, 56, 57, 58, 59, 60, 61, 62, 63, 64, 65, 66, 67, 68, 69, 70, 71, 72, 73, 74, 75, 76, 77, 78, 79, 80, 81, 82, 83, 84, 85, 86, 87, 88, 89, 90, 91, 92, 93, 94, 95, 96, 97, 98, 99, 100, 101, 102, 103, 104, 105, 106, 107, 108, 109, 110, 111, 112, 113, 114, 115, 116, 117, 118, 119, 120, 121, 122, 123, 124, 125, 126, 127, 128, 129, 130, 131, 132, 133, 134, 135, 136, 137, 138, 139, 140, 141, 142, 143, 144, 145, 146, 147, 148, 149, 150, 151, 152, 153, 154, 155, 156, 157, 158, 159, 160, 161, 162, 163, 164, 165, 166, 167, 168, 169, 170, 171, 172, 173, 174, 175, 176, 177, 178, 179, 180, 181, 182, 183, 184, 185, 186, 187, 188, 189, 190, 191, 192, 193, 194, 195, 196, 197, 198, 199, 200, 201, 202, 203, 204, 205, 206, 207], 1:[], 2:[], 3:[], 4:[], 5:[], 6:[], 7:[], 8:[], 9:[], 10:[], 11:[], 12:[], 13:[], 14:[], 15:[], 16:[], 17:[], 18:[], 19:[], 20:[], 21:[], 22:[], 23:[], 24:[], 25:[], 26:[], 27:[], 28:[], 29:[], 30:[], 31:[], 32:[], 33:[], 34:[], 35:[], 36:[], 37:[], 38:[], 39:[], 40:[], 41:[], 42:[], 43:[], 44:[], 45:[], 46:[], 47:[], 48:[], 49:[], 50:[], 51:[], 52:[], 53:[], 54:[], 55:[], 56:[], 57:[], 58:[], 59:[], 60:[], 61:[], 62:[], 63:[], 64:[], 65:[], 66:[], 67:[], 68:[], 69:[], 70:[], 71:[], 72:[], 73:[], 74:[], 75:[], 76:[], 77:[], 78:[], 79:[], 80:[], 81:[], 82:[], 83:[], 84:[], 85:[], 86:[], 87:[], 88:[], 89:[], 90:[], 91:[], 92:[], 93:[], 94:[], 95:[], 96:[], 97:[], 98:[], 99:[], 100:[], 101:[], 102:[], 103:[], 104:[], 105:[], 106:[], 107:[], 108:[], 109:[], 110:[], 111:[], 112:[], 113:[], 114:[], 115:[], 116:[], 117:[], 118:[], 119:[], 120:[], 121:[], 122:[], 123:[], 124:[], 125:[], 126:[], 127:[], 128:[], 129:[], 130:[], 131:[], 132:[], 133:[], 134:[], 135:[], 136:[], 137:[], 138:[], 139:[], 140:[], 141:[], 142:[], 143:[], 144:[], 145:[], 146:[], 147:[], 148:[], 149:[], 150:[], 151:[], 152:[], 153:[], 154:[], 155:[], 156:[], 157:[], 158:[], 159:[], 160:[], 161:[], 162:[], 163:[], 164:[], 165:[], 166:[], 167:[], 168:[], 169:[], 170:[], 171:[], 172:[], 173:[], 174:[], 175:[], 176:[], 177:[], 178:[], 179:[], 180:[], 181:[], 182:[], 183:[], 184:[], 185:[], 186:[], 187:[], 188:[], 189:[], 190:[], 191:[], 192:[], 193:[], 194:[], 195:[], 196:[], 197:[], 198:[], 199:[], 200:[], 201:[], 202:[], 203:[], 204:[], 205:[], 206:[], 207:[]",98468690096,113111309552
4987,2,42828.8640,43359347,648303090,5178075241,1053.6139,false,207,true,true,true,true,true,false,false,"0:[0, 1, 2, 3, 4, 5, 6, 7, 8, 9, 10, 11, 12, 13, 14, 15, 16, 17, 18, 19, 20, 21, 22, 23, 24, 25, 26, 27, 28, 29, 30, 31, 32, 33, 34, 35, 36, 37, 38, 39, 40, 41, 42, 43, 44, 45, 46, 47, 48, 49, 50, 51, 52, 53, 54, 55, 56, 57, 58, 59, 60, 61, 62, 63, 64, 65, 66, 67, 68, 69, 70, 71, 72, 73, 74, 75, 76, 77, 78, 79, 80, 81, 82, 83, 84, 85, 86, 87, 88, 89, 90, 91, 92, 93, 94, 95, 96, 97, 98, 99, 100, 101, 102, 103, 104, 105, 106, 107, 108, 109, 110, 111, 112, 113, 114, 115, 116, 117, 118, 119, 120, 121, 122, 123, 124, 125, 126, 127, 128, 129, 130, 131, 132, 133, 134, 135, 136, 137, 138, 139, 140, 141, 142, 143, 144, 145, 146, 147, 148, 149, 150, 151, 152, 153, 154, 155, 156, 157, 158, 159, 160, 161, 162, 163, 164, 165, 166, 167, 168, 169, 170, 171, 172, 173, 174, 175, 176, 177, 178, 179, 180, 181, 182, 183, 184, 185, 186, 187, 188, 189, 190, 191, 192, 193, 194, 195, 196, 197, 198, 199, 200, 201, 202, 203, 204, 205, 206], 1:[], 2:[], 3:[], 4:[], 5:[], 6:[], 7:[], 8:[], 9:[], 10:[], 11:[], 12:[], 13:[], 14:[], 15:[], 16:[], 17:[], 18:[], 19:[], 20:[], 21:[], 22:[], 23:[], 24:[], 25:[], 26:[], 27:[], 28:[], 29:[], 30:[], 31:[], 32:[], 33:[], 34:[], 35:[], 36:[], 37:[], 38:[], 39:[], 40:[], 41:[], 42:[], 43:[], 44:[], 45:[], 46:[], 47:[], 48:[], 49:[], 50:[], 51:[], 52:[], 53:[], 54:[], 55:[], 56:[], 57:[], 58:[], 59:[], 60:[], 61:[], 62:[], 63:[], 64:[], 65:[], 66:[], 67:[], 68:[], 69:[], 70:[], 71:[], 72:[], 73:[], 74:[], 75:[], 76:[], 77:[], 78:[], 79:[], 80:[], 81:[], 82:[], 83:[], 84:[], 85:[], 86:[], 87:[], 88:[], 89:[], 90:[], 91:[], 92:[], 93:[], 94:[], 95:[], 96:[], 97:[], 98:[], 99:[], 100:[], 101:[], 102:[], 103:[], 104:[], 105:[], 106:[], 107:[], 108:[], 109:[], 110:[], 111:[], 112:[], 113:[], 114:[], 115:[], 116:[], 117:[], 118:[], 119:[], 120:[], 121:[], 122:[], 123:[], 124:[], 125:[], 126:[], 127:[], 128:[], 129:[], 130:[], 131:[], 132:[], 133:[], 134:[], 135:[], 136:[], 137:[], 138:[], 139:[], 140:[], 141:[], 142:[], 143:[], 144:[], 145:[], 146:[], 147:[], 148:[], 149:[], 150:[], 151:[], 152:[], 153:[], 154:[], 155:[], 156:[], 157:[], 158:[], 159:[], 160:[], 161:[], 162:[], 163:[], 164:[], 165:[], 166:[], 167:[], 168:[], 169:[], 170:[], 171:[], 172:[], 173:[], 174:[], 175:[], 176:[], 177:[], 178:[], 179:[], 180:[], 181:[], 182:[], 183:[], 184:[], 185:[], 186:[], 187:[], 188:[], 189:[], 190:[], 191:[], 192:[], 193:[], 194:[], 195:[], 196:[], 197:[], 198:[], 199:[], 200:[], 201:[], 202:[], 203:[], 204:[], 205:[], 206:[]",98913663204,113757271358
4993,5,58740.7649,43515472,650644972,5196810231,1459.1357,false,208,true,true,true,true,true,false,false,"0:[0, 1, 2, 3, 4, 5, 6, 7, 8, 9, 10, 11, 12, 13, 14, 15, 16, 17, 18, 19, 20, 21, 22, 23, 24, 25, 26, 27, 28, 29, 30, 31, 32, 33, 34, 35, 36, 37, 38, 39, 40, 41, 42, 43, 44, 45, 46, 47, 48, 49, 50, 51, 52, 53, 54, 55, 56, 57, 58, 59, 60, 61, 62, 63, 64, 65, 66, 67, 68, 69, 70, 71, 72, 73, 74, 75, 76, 77, 78, 79, 80, 81, 82, 83, 84, 85, 86, 87, 88, 89, 90, 91, 92, 93, 94, 95, 96, 97, 98, 99, 100, 101, 102, 103, 104, 105, 106, 107, 108, 109, 110, 111, 112, 113, 114, 115, 116, 117, 118, 119, 120, 121, 122, 123, 124, 125, 126, 127, 128, 129, 130, 131, 132, 133, 134, 135, 136, 137, 138, 139, 140, 141, 142, 143, 144, 145, 146, 147, 148, 149, 150, 151, 152, 153, 154, 155, 156, 157, 158, 159, 160, 161, 162, 163, 164, 165, 166, 167, 168, 169, 170, 171, 172, 173, 174, 175, 176, 177, 178, 179, 180, 181, 182, 183, 184, 185, 186, 187, 188, 189, 190, 191, 192, 193, 194, 195, 196, 197, 198, 199, 200, 201, 202, 203, 204, 205, 206, 207], 1:[], 2:[], 3:[], 4:[], 5:[], 6:[], 7:[], 8:[], 9:[], 10:[], 11:[], 12:[], 13:[], 14:[], 15:[], 16:[], 17:[], 18:[], 19:[], 20:[], 21:[], 22:[], 23:[], 24:[], 25:[], 26:[], 27:[], 28:[], 29:[], 30:[], 31:[], 32:[], 33:[], 34:[], 35:[], 36:[], 37:[], 38:[], 39:[], 40:[], 41:[], 42:[], 43:[], 44:[], 45:[], 46:[], 47:[], 48:[], 49:[], 50:[], 51:[], 52:[], 53:[], 54:[], 55:[], 56:[], 57:[], 58:[], 59:[], 60:[], 61:[], 62:[], 63:[], 64:[], 65:[], 66:[], 67:[], 68:[], 69:[], 70:[], 71:[], 72:[], 73:[], 74:[], 75:[], 76:[], 77:[], 78:[], 79:[], 80:[], 81:[], 82:[], 83:[], 84:[], 85:[], 86:[], 87:[], 88:[], 89:[], 90:[], 91:[], 92:[], 93:[], 94:[], 95:[], 96:[], 97:[], 98:[], 99:[], 100:[], 101:[], 102:[], 103:[], 104:[], 105:[], 106:[], 107:[], 108:[], 109:[], 110:[], 111:[], 112:[], 113:[], 114:[], 115:[], 116:[], 117:[], 118:[], 119:[], 120:[], 121:[], 122:[], 123:[], 124:[], 125:[], 126:[], 127:[], 128:[], 129:[], 130:[], 131:[], 132:[], 133:[], 134:[], 135:[], 136:[], 137:[], 138:[], 139:[], 140:[], 141:[], 142:[], 143:[], 144:[], 145:[], 146:[], 147:[], 148:[], 149:[], 150:[], 151:[], 152:[], 153:[], 154:[], 155:[], 156:[], 157:[], 158:[], 159:[], 160:[], 161:[], 162:[], 163:[], 164:[], 165:[], 166:[], 167:[], 168:[], 169:[], 170:[], 171:[], 172:[], 173:[], 174:[], 175:[], 176:[], 177:[], 178:[], 179:[], 180:[], 181:[], 182:[], 183:[], 184:[], 185:[], 186:[], 187:[], 188:[], 189:[], 190:[], 191:[], 192:[], 193:[], 194:[], 195:[], 196:[], 197:[], 198:[], 199:[], 200:[], 201:[], 202:[], 203:[], 204:[], 205:[], 206:[], 207:[]",99105385264,114035682924
4999,3,45739.7382,43672390,652992459,5215572533,1033.3869,false,208,true,true,true,true,true,false,false,"0:[0, 1, 2, 3, 4, 5, 6, 7, 8, 9, 10, 11, 12, 13, 14, 15, 16, 17, 18, 19, 20, 21, 22, 23, 24, 25, 26, 27, 28, 29, 30, 31, 32, 33, 34, 35, 36, 37, 38, 39, 40, 41, 42, 43, 44, 45, 46, 47, 48, 49, 50, 51, 52, 53, 54, 55, 56, 57, 58, 59, 60, 61, 62, 63, 64, 65, 66, 67, 68, 69, 70, 71, 72, 73, 74, 75, 76, 77, 78, 79, 80, 81, 82, 83, 84, 85, 86, 87, 88, 89, 90, 91, 92, 93, 94, 95, 96, 97, 98, 99, 100, 101, 102, 103, 104, 105, 106, 107, 108, 109, 110, 111, 112, 113, 114, 115, 116, 117, 118, 119, 120, 121, 122, 123, 124, 125, 126, 127, 128, 129, 130, 131, 132, 133, 134, 135, 136, 137, 138, 139, 140, 141, 142, 143, 144, 145, 146, 147, 148, 149, 150, 151, 152, 153, 154, 155, 156, 157, 158, 159, 160, 161, 162, 163, 164, 165, 166, 167, 168, 169, 170, 171, 172, 173, 174, 175, 176, 177, 178, 179, 180, 181, 182, 183, 184, 185, 186, 187, 188, 189, 190, 191, 192, 193, 194, 195, 196, 197, 198, 199, 200, 201, 202, 203, 204, 205, 206, 207], 1:[], 2:[], 3:[], 4:[], 5:[], 6:[], 7:[], 8:[], 9:[], 10:[], 11:[], 12:[], 13:[], 14:[], 15:[], 16:[], 17:[], 18:[], 19:[], 20:[], 21:[], 22:[], 23:[], 24:[], 25:[], 26:[], 27:[], 28:[], 29:[], 30:[], 31:[], 32:[], 33:[], 34:[], 35:[], 36:[], 37:[], 38:[], 39:[], 40:[], 41:[], 42:[], 43:[], 44:[], 45:[], 46:[], 47:[], 48:[], 49:[], 50:[], 51:[], 52:[], 53:[], 54:[], 55:[], 56:[], 57:[], 58:[], 59:[], 60:[], 61:[], 62:[], 63:[], 64:[], 65:[], 66:[], 67:[], 68:[], 69:[], 70:[], 71:[], 72:[], 73:[], 74:[], 75:[], 76:[], 77:[], 78:[], 79:[], 80:[], 81:[], 82:[], 83:[], 84:[], 85:[], 86:[], 87:[], 88:[], 89:[], 90:[], 91:[], 92:[], 93:[], 94:[], 95:[], 96:[], 97:[], 98:[], 99:[], 100:[], 101:[], 102:[], 103:[], 104:[], 105:[], 106:[], 107:[], 108:[], 109:[], 110:[], 111:[], 112:[], 113:[], 114:[], 115:[], 116:[], 117:[], 118:[], 119:[], 120:[], 121:[], 122:[], 123:[], 124:[], 125:[], 126:[], 127:[], 128:[], 129:[], 130:[], 131:[], 132:[], 133:[], 134:[], 135:[], 136:[], 137:[], 138:[], 139:[], 140:[], 141:[], 142:[], 143:[], 144:[], 145:[], 146:[], 147:[], 148:[], 149:[], 150:[], 151:[], 152:[], 153:[], 154:[], 155:[], 156:[], 157:[], 158:[], 159:[], 160:[], 161:[], 162:[], 163:[], 164:[], 165:[], 166:[], 167:[], 168:[], 169:[], 170:[], 171:[], 172:[], 173:[], 174:[], 175:[], 176:[], 177:[], 178:[], 179:[], 180:[], 181:[], 182:[], 183:[], 184:[], 185:[], 186:[], 187:[], 188:[], 189:[], 190:[], 191:[], 192:[], 193:[], 194:[], 195:[], 196:[], 197:[], 198:[], 199:[], 200:[], 201:[], 202:[], 203:[], 204:[], 205:[], 206:[], 207:[]",99297577928,114314612767
5003,2,37903.2995,43777349,654558074,5228068269,996.4331,false,208,true,true,true,true,true,false,false,"0:[0, 1, 2, 3, 4, 5, 6, 7, 8, 9, 10, 11, 12, 13, 14, 15, 16, 17, 18, 19, 20, 21, 22, 23, 24, 25, 26, 27, 28, 29, 30, 31, 32, 33, 34, 35, 36, 37, 38, 39, 40, 41, 42, 43, 44, 45, 46, 47, 48, 49, 50, 51, 52, 53, 54, 55, 56, 57, 58, 59, 60, 61, 62, 63, 64, 65, 66, 67, 68, 69, 70, 71, 72, 73, 74, 75, 76, 77, 78, 79, 80, 81, 82, 83, 84, 85, 86, 87, 88, 89, 90, 91, 92, 93, 94, 95, 96, 97, 98, 99, 100, 101, 102, 103, 104, 105, 106, 107, 108, 109, 110, 111, 112, 113, 114, 115, 116, 117, 118, 119, 120, 121, 122, 123, 124, 125, 126, 127, 128, 129, 130, 131, 132, 133, 134, 135, 136, 137, 138, 139, 140, 141, 142, 143, 144, 145, 146, 147, 148, 149, 150, 151, 152, 153, 154, 155, 156, 157, 158, 159, 160, 161, 162, 163, 164, 165, 166, 167, 168, 169, 170, 171, 172, 173, 174, 175, 176, 177, 178, 179, 180, 181, 182, 183, 184, 185, 186, 187, 188, 189, 190, 191, 192, 193, 194, 195, 196, 197, 198, 199, 200, 201, 202, 203, 204, 205, 206, 207], 1:[], 2:[], 3:[], 4:[], 5:[], 6:[], 7:[], 8:[], 9:[], 10:[], 11:[], 12:[], 13:[], 14:[], 15:[], 16:[], 17:[], 18:[], 19:[], 20:[], 21:[], 22:[], 23:[], 24:[], 25:[], 26:[], 27:[], 28:[], 29:[], 30:[], 31:[], 32:[], 33:[], 34:[], 35:[], 36:[], 37:[], 38:[], 39:[], 40:[], 41:[], 42:[], 43:[], 44:[], 45:[], 46:[], 47:[], 48:[], 49:[], 50:[], 51:[], 52:[], 53:[], 54:[], 55:[], 56:[], 57:[], 58:[], 59:[], 60:[], 61:[], 62:[], 63:[], 64:[], 65:[], 66:[], 67:[], 68:[], 69:[], 70:[], 71:[], 72:[], 73:[], 74:[], 75:[], 76:[], 77:[], 78:[], 79:[], 80:[], 81:[], 82:[], 83:[], 84:[], 85:[], 86:[], 87:[], 88:[], 89:[], 90:[], 91:[], 92:[], 93:[], 94:[], 95:[], 96:[], 97:[], 98:[], 99:[], 100:[], 101:[], 102:[], 103:[], 104:[], 105:[], 106:[], 107:[], 108:[], 109:[], 110:[], 111:[], 112:[], 113:[], 114:[], 115:[], 116:[], 117:[], 118:[], 119:[], 120:[], 121:[], 122:[], 123:[], 124:[], 125:[], 126:[], 127:[], 128:[], 129:[], 130:[], 131:[], 132:[], 133:[], 134:[], 135:[], 136:[], 137:[], 138:[], 139:[], 140:[], 141:[], 142:[], 143:[], 144:[], 145:[], 146:[], 147:[], 148:[], 149:[], 150:[], 151:[], 152:[], 153:[], 154:[], 155:[], 156:[], 157:[], 158:[], 159:[], 160:[], 161:[], 162:[], 163:[], 164:[], 165:[], 166:[], 167:[], 168:[], 169:[], 170:[], 171:[], 172:[], 173:[], 174:[], 175:[], 176:[], 177:[], 178:[], 179:[], 180:[], 181:[], 182:[], 183:[], 184:[], 185:[], 186:[], 187:[], 188:[], 189:[], 190:[], 191:[], 192:[], 193:[], 194:[], 195:[], 196:[], 197:[], 198:[], 199:[], 200:[], 201:[], 202:[], 203:[], 204:[], 205:[], 206:[], 207:[]",99425765980,114500634782
5009,3,45327.0130,43934476,656912454,5246888151,1000.3940,false,209,true,true,true,true,true,false,false,"0:[0, 1, 2, 3, 4, 5, 6, 7, 8, 9, 10, 11, 12, 13, 14, 15, 16, 17, 18, 19, 20, 21, 22, 23, 24, 25, 26, 27, 28, 29, 30, 31, 32, 33, 34, 35, 36, 37, 38, 39, 40, 41, 42, 43, 44, 45, 46, 47, 48, 49, 50, 51, 52, 53, 54, 55, 56, 57, 58, 59, 60, 61, 62, 63, 64, 65, 66, 67, 68, 69, 70, 71, 72, 73, 74, 75, 76, 77, 78, 79, 80, 81, 82, 83, 84, 85, 86, 87, 88, 89, 90, 91, 92, 93, 94, 95, 96, 97, 98, 99, 100, 101, 102, 103, 104, 105, 106, 107, 108, 109, 110, 111, 112, 113, 114, 115, 116, 117, 118, 119, 120, 121, 122, 123, 124, 125, 126, 127, 128, 129, 130, 131, 132, 133, 134, 135, 136, 137, 138, 139, 140, 141, 142, 143, 144, 145, 146, 147, 148, 149, 150, 151, 152, 153, 154, 155, 156, 157, 158, 159, 160, 161, 162, 163, 164, 165, 166, 167, 168, 169, 170, 171, 172, 173, 174, 175, 176, 177, 178, 179, 180, 181, 182, 183, 184, 185, 186, 187, 188, 189, 190, 191, 192, 193, 194, 195, 196, 197, 198, 199, 200, 201, 202, 203, 204, 205, 206, 207, 208], 1:[], 2:[], 3:[], 4:[], 5:[], 6:[], 7:[], 8:[], 9:[], 10:[], 11:[], 12:[], 13:[], 14:[], 15:[], 16:[], 17:[], 18:[], 19:[], 20:[], 21:[], 22:[], 23:[], 24:[], 25:[], 26:[], 27:[], 28:[], 29:[], 30:[], 31:[], 32:[], 33:[], 34:[], 35:[], 36:[], 37:[], 38:[], 39:[], 40:[], 41:[], 42:[], 43:[], 44:[], 45:[], 46:[], 47:[], 48:[], 49:[], 50:[], 51:[], 52:[], 53:[], 54:[], 55:[], 56:[], 57:[], 58:[], 59:[], 60:[], 61:[], 62:[], 63:[], 64:[], 65:[], 66:[], 67:[], 68:[], 69:[], 70:[], 71:[], 72:[], 73:[], 74:[], 75:[], 76:[], 77:[], 78:[], 79:[], 80:[], 81:[], 82:[], 83:[], 84:[], 85:[], 86:[], 87:[], 88:[], 89:[], 90:[], 91:[], 92:[], 93:[], 94:[], 95:[], 96:[], 97:[], 98:[], 99:[], 100:[], 101:[], 102:[], 103:[], 104:[], 105:[], 106:[], 107:[], 108:[], 109:[], 110:[], 111:[], 112:[], 113:[], 114:[], 115:[], 116:[], 117:[], 118:[], 119:[], 120:[], 121:[], 122:[], 123:[], 124:[], 125:[], 126:[], 127:[], 128:[], 129:[], 130:[], 131:[], 132:[], 133:[], 134:[], 135:[], 136:[], 137:[], 138:[], 139:[], 140:[], 141:[], 142:[], 143:[], 144:[], 145:[], 146:[], 147:[], 148:[], 149:[], 150:[], 151:[], 152:[], 153:[], 154:[], 155:[], 156:[], 157:[], 158:[], 159:[], 160:[], 161:[], 162:[], 163:[], 164:[], 165:[], 166:[], 167:[], 168:[], 169:[], 170:[], 171:[], 172:[], 173:[], 174:[], 175:[], 176:[], 177:[], 178:[], 179:[], 180:[], 181:[], 182:[], 183:[], 184:[], 185:[], 186:[], 187:[], 188:[], 189:[], 190:[], 191:[], 192:[], 193:[], 194:[], 195:[], 196:[], 197:[], 198:[], 199:[], 200:[], 201:[], 202:[], 203:[], 204:[], 205:[], 206:[], 207:[], 208:[]",99618515936,114780536286
5011,2,42506.1508,43986934,657699328,5253179794,1001.4148,false,209,true,true,true,true,true,false,false,"0:[0, 1, 2, 3, 4, 5, 6, 7, 8, 9, 10, 11, 12, 13, 14, 15, 16, 17, 18, 19, 20, 21, 22, 23, 24, 25, 26, 27, 28, 29, 30, 31, 32, 33, 34, 35, 36, 37, 38, 39, 40, 41, 42, 43, 44, 45, 46, 47, 48, 49, 50, 51, 52, 53, 54, 55, 56, 57, 58, 59, 60, 61, 62, 63, 64, 65, 66, 67, 68, 69, 70, 71, 72, 73, 74, 75, 76, 77, 78, 79, 80, 81, 82, 83, 84, 85, 86, 87, 88, 89, 90, 91, 92, 93, 94, 95, 96, 97, 98, 99, 100, 101, 102, 103, 104, 105, 106, 107, 108, 109, 110, 111, 112, 113, 114, 115, 116, 117, 118, 119, 120, 121, 122, 123, 124, 125, 126, 127, 128, 129, 130, 131, 132, 133, 134, 135, 136, 137, 138, 139, 140, 141, 142, 143, 144, 145, 146, 147, 148, 149, 150, 151, 152, 153, 154, 155, 156, 157, 158, 159, 160, 161, 162, 163, 164, 165, 166, 167, 168, 169, 170, 171, 172, 173, 174, 175, 176, 177, 178, 179, 180, 181, 182, 183, 184, 185, 186, 187, 188, 189, 190, 191, 192, 193, 194, 195, 196, 197, 198, 199, 200, 201, 202, 203, 204, 205, 206, 207, 208], 1:[], 2:[], 3:[], 4:[], 5:[], 6:[], 7:[], 8:[], 9:[], 10:[], 11:[], 12:[], 13:[], 14:[], 15:[], 16:[], 17:[], 18:[], 19:[], 20:[], 21:[], 22:[], 23:[], 24:[], 25:[], 26:[], 27:[], 28:[], 29:[], 30:[], 31:[], 32:[], 33:[], 34:[], 35:[], 36:[], 37:[], 38:[], 39:[], 40:[], 41:[], 42:[], 43:[], 44:[], 45:[], 46:[], 47:[], 48:[], 49:[], 50:[], 51:[], 52:[], 53:[], 54:[], 55:[], 56:[], 57:[], 58:[], 59:[], 60:[], 61:[], 62:[], 63:[], 64:[], 65:[], 66:[], 67:[], 68:[], 69:[], 70:[], 71:[], 72:[], 73:[], 74:[], 75:[], 76:[], 77:[], 78:[], 79:[], 80:[], 81:[], 82:[], 83:[], 84:[], 85:[], 86:[], 87:[], 88:[], 89:[], 90:[], 91:[], 92:[], 93:[], 94:[], 95:[], 96:[], 97:[], 98:[], 99:[], 100:[], 101:[], 102:[], 103:[], 104:[], 105:[], 106:[], 107:[], 108:[], 109:[], 110:[], 111:[], 112:[], 113:[], 114:[], 115:[], 116:[], 117:[], 118:[], 119:[], 120:[], 121:[], 122:[], 123:[], 124:[], 125:[], 126:[], 127:[], 128:[], 129:[], 130:[], 131:[], 132:[], 133:[], 134:[], 135:[], 136:[], 137:[], 138:[], 139:[], 140:[], 141:[], 142:[], 143:[], 144:[], 145:[], 146:[], 147:[], 148:[], 149:[], 150:[], 151:[], 152:[], 153:[], 154:[], 155:[], 156:[], 157:[], 158:[], 159:[], 160:[], 161:[], 162:[], 163:[], 164:[], 165:[], 166:[], 167:[], 168:[], 169:[], 170:[], 171:[], 172:[], 173:[], 174:[], 175:[], 176:[], 177:[], 178:[], 179:[], 180:[], 181:[], 182:[], 183:[], 184:[], 185:[], 186:[], 187:[], 188:[], 189:[], 190:[], 191:[], 192:[], 193:[], 194:[], 195:[], 196:[], 197:[], 198:[], 199:[], 200:[], 201:[], 202:[], 203:[], 204:[], 205:[], 206:[], 207:[], 208:[]",99682934680,114874043000
5021,2,39671.4708,44250276,661639427,5284663912,1007.7990,false,209,true,true,true,true,true,false,false,"0:[0, 1, 2, 3, 4, 5, 6, 7, 8, 9, 10, 11, 12, 13, 14, 15, 16, 17, 18, 19, 20, 21, 22, 23, 24, 25, 26, 27, 28, 29, 30, 31, 32, 33, 34, 35, 36, 37, 38, 39, 40, 41, 42, 43, 44, 45, 46, 47, 48, 49, 50, 51, 52, 53, 54, 55, 56, 57, 58, 59, 60, 61, 62, 63, 64, 65, 66, 67, 68, 69, 70, 71, 72, 73, 74, 75, 76, 77, 78, 79, 80, 81, 82, 83, 84, 85, 86, 87, 88, 89, 90, 91, 92, 93, 94, 95, 96, 97, 98, 99, 100, 101, 102, 103, 104, 105, 106, 107, 108, 109, 110, 111, 112, 113, 114, 115, 116, 117, 118, 119, 120, 121, 122, 123, 124, 125, 126, 127, 128, 129, 130, 131, 132, 133, 134, 135, 136, 137, 138, 139, 140, 141, 142, 143, 144, 145, 146, 147, 148, 149, 150, 151, 152, 153, 154, 155, 156, 157, 158, 159, 160, 161, 162, 163, 164, 165, 166, 167, 168, 169, 170, 171, 172, 173, 174, 175, 176, 177, 178, 179, 180, 181, 182, 183, 184, 185, 186, 187, 188, 189, 190, 191, 192, 193, 194, 195, 196, 197, 198, 199, 200, 201, 202, 203, 204, 205, 206, 207, 208], 1:[], 2:[], 3:[], 4:[], 5:[], 6:[], 7:[], 8:[], 9:[], 10:[], 11:[], 12:[], 13:[], 14:[], 15:[], 16:[], 17:[], 18:[], 19:[], 20:[], 21:[], 22:[], 23:[], 24:[], 25:[], 26:[], 27:[], 28:[], 29:[], 30:[], 31:[], 32:[], 33:[], 34:[], 35:[], 36:[], 37:[], 38:[], 39:[], 40:[], 41:[], 42:[], 43:[], 44:[], 45:[], 46:[], 47:[], 48:[], 49:[], 50:[], 51:[], 52:[], 53:[], 54:[], 55:[], 56:[], 57:[], 58:[], 59:[], 60:[], 61:[], 62:[], 63:[], 64:[], 65:[], 66:[], 67:[], 68:[], 69:[], 70:[], 71:[], 72:[], 73:[], 74:[], 75:[], 76:[], 77:[], 78:[], 79:[], 80:[], 81:[], 82:[], 83:[], 84:[], 85:[], 86:[], 87:[], 88:[], 89:[], 90:[], 91:[], 92:[], 93:[], 94:[], 95:[], 96:[], 97:[], 98:[], 99:[], 100:[], 101:[], 102:[], 103:[], 104:[], 105:[], 106:[], 107:[], 108:[], 109:[], 110:[], 111:[], 112:[], 113:[], 114:[], 115:[], 116:[], 117:[], 118:[], 119:[], 120:[], 121:[], 122:[], 123:[], 124:[], 125:[], 126:[], 127:[], 128:[], 129:[], 130:[], 131:[], 132:[], 133:[], 134:[], 135:[], 136:[], 137:[], 138:[], 139:[], 140:[], 141:[], 142:[], 143:[], 144:[], 145:[], 146:[], 147:[], 148:[], 149:[], 150:[], 151:[], 152:[], 153:[], 154:[], 155:[], 156:[], 157:[], 158:[], 159:[], 160:[], 161:[], 162:[], 163:[], 164:[], 165:[], 166:[], 167:[], 168:[], 169:[], 170:[], 171:[], 172:[], 173:[], 174:[], 175:[], 176:[], 177:[], 178:[], 179:[], 180:[], 181:[], 182:[], 183:[], 184:[], 185:[], 186:[], 187:[], 188:[], 189:[], 190:[], 191:[], 192:[], 193:[], 194:[], 195:[], 196:[], 197:[], 198:[], 199:[], 200:[], 201:[], 202:[], 203:[], 204:[], 205:[], 206:[], 207:[], 208:[]",100005516176,115342354111
5023,3,41354.4748,44302986,662428830,5290968324,985.3421,false,210,true,true,true,true,true,false,false,"0:[0, 1, 2, 3, 4, 5, 6, 7, 8, 9, 10, 11, 12, 13, 14, 15, 16, 17, 18, 19, 20, 21, 22, 23, 24, 25, 26, 27, 28, 29, 30, 31, 32, 33, 34, 35, 36, 37, 38, 39, 40, 41, 42, 43, 44, 45, 46, 47, 48, 49, 50, 51, 52, 53, 54, 55, 56, 57, 58, 59, 60, 61, 62, 63, 64, 65, 66, 67, 68, 69, 70, 71, 72, 73, 74, 75, 76, 77, 78, 79, 80, 81, 82, 83, 84, 85, 86, 87, 88, 89, 90, 91, 92, 93, 94, 95, 96, 97, 98, 99, 100, 101, 102, 103, 104, 105, 106, 107, 108, 109, 110, 111, 112, 113, 114, 115, 116, 117, 118, 119, 120, 121, 122, 123, 124, 125, 126, 127, 128, 129, 130, 131, 132, 133, 134, 135, 136, 137, 138, 139, 140, 141, 142, 143, 144, 145, 146, 147, 148, 149, 150, 151, 152, 153, 154, 155, 156, 157, 158, 159, 160, 161, 162, 163, 164, 165, 166, 167, 168, 169, 170, 171, 172, 173, 174, 175, 176, 177, 178, 179, 180, 181, 182, 183, 184, 185, 186, 187, 188, 189, 190, 191, 192, 193, 194, 195, 196, 197, 198, 199, 200, 201, 202, 203, 204, 205, 206, 207, 208, 209], 1:[], 2:[], 3:[], 4:[], 5:[], 6:[], 7:[], 8:[], 9:[], 10:[], 11:[], 12:[], 13:[], 14:[], 15:[], 16:[], 17:[], 18:[], 19:[], 20:[], 21:[], 22:[], 23:[], 24:[], 25:[], 26:[], 27:[], 28:[], 29:[], 30:[], 31:[], 32:[], 33:[], 34:[], 35:[], 36:[], 37:[], 38:[], 39:[], 40:[], 41:[], 42:[], 43:[], 44:[], 45:[], 46:[], 47:[], 48:[], 49:[], 50:[], 51:[], 52:[], 53:[], 54:[], 55:[], 56:[], 57:[], 58:[], 59:[], 60:[], 61:[], 62:[], 63:[], 64:[], 65:[], 66:[], 67:[], 68:[], 69:[], 70:[], 71:[], 72:[], 73:[], 74:[], 75:[], 76:[], 77:[], 78:[], 79:[], 80:[], 81:[], 82:[], 83:[], 84:[], 85:[], 86:[], 87:[], 88:[], 89:[], 90:[], 91:[], 92:[], 93:[], 94:[], 95:[], 96:[], 97:[], 98:[], 99:[], 100:[], 101:[], 102:[], 103:[], 104:[], 105:[], 106:[], 107:[], 108:[], 109:[], 110:[], 111:[], 112:[], 113:[], 114:[], 115:[], 116:[], 117:[], 118:[], 119:[], 120:[], 121:[], 122:[], 123:[], 124:[], 125:[], 126:[], 127:[], 128:[], 129:[], 130:[], 131:[], 132:[], 133:[], 134:[], 135:[], 136:[], 137:[], 138:[], 139:[], 140:[], 141:[], 142:[], 143:[], 144:[], 145:[], 146:[], 147:[], 148:[], 149:[], 150:[], 151:[], 152:[], 153:[], 154:[], 155:[], 156:[], 157:[], 158:[], 159:[], 160:[], 161:[], 162:[], 163:[], 164:[], 165:[], 166:[], 167:[], 168:[], 169:[], 170:[], 171:[], 172:[], 173:[], 174:[], 175:[], 176:[], 177:[], 178:[], 179:[], 180:[], 181:[], 182:[], 183:[], 184:[], 185:[], 186:[], 187:[], 188:[], 189:[], 190:[], 191:[], 192:[], 193:[], 194:[], 195:[], 196:[], 197:[], 198:[], 199:[], 200:[], 201:[], 202:[], 203:[], 204:[], 205:[], 206:[], 207:[], 208:[], 209:[]",100070144296,115436163710
5039,11,41798.8536,44727020,668770321,5341630024,1012.5691,false,209,true,true,true,true,true,false,false,"0:[0, 1, 2, 3, 4, 5, 6, 7, 8, 9, 10, 11, 12, 13, 14, 15, 16, 17, 18, 19, 20, 21, 22, 23, 24, 25, 26, 27, 28, 29, 30, 31, 32, 33, 34, 35, 36, 37, 38, 39, 40, 41, 42, 43, 44, 45, 46, 47, 48, 49, 50, 51, 52, 53, 54, 55, 56, 57, 58, 59, 60, 61, 62, 63, 64, 65, 66, 67, 68, 69, 70, 71, 72, 73, 74, 75, 76, 77, 78, 79, 80, 81, 82, 83, 84, 85, 86, 87, 88, 89, 90, 91, 92, 93, 94, 95, 96, 97, 98, 99, 100, 101, 102, 103, 104, 105, 106, 107, 108, 109, 110, 111, 112, 113, 114, 115, 116, 117, 118, 119, 120, 121, 122, 123, 124, 125, 126, 127, 128, 129, 130, 131, 132, 133, 134, 135, 136, 137, 138, 139, 140, 141, 142, 143, 144, 145, 146, 147, 148, 149, 150, 151, 152, 153, 154, 155, 156, 157, 158, 159, 160, 161, 162, 163, 164, 165, 166, 167, 168, 169, 170, 171, 172, 173, 174, 175, 176, 177, 178, 179, 180, 181, 182, 183, 184, 185, 186, 187, 188, 189, 190, 191, 192, 193, 194, 195, 196, 197, 198, 199, 200, 201, 202, 203, 204, 205, 206, 207, 208], 1:[], 2:[], 3:[], 4:[], 5:[], 6:[], 7:[], 8:[], 9:[], 10:[], 11:[], 12:[], 13:[], 14:[], 15:[], 16:[], 17:[], 18:[], 19:[], 20:[], 21:[], 22:[], 23:[], 24:[], 25:[], 26:[], 27:[], 28:[], 29:[], 30:[], 31:[], 32:[], 33:[], 34:[], 35:[], 36:[], 37:[], 38:[], 39:[], 40:[], 41:[], 42:[], 43:[], 44:[], 45:[], 46:[], 47:[], 48:[], 49:[], 50:[], 51:[], 52:[], 53:[], 54:[], 55:[], 56:[], 57:[], 58:[], 59:[], 60:[], 61:[], 62:[], 63:[], 64:[], 65:[], 66:[], 67:[], 68:[], 69:[], 70:[], 71:[], 72:[], 73:[], 74:[], 75:[], 76:[], 77:[], 78:[], 79:[], 80:[], 81:[], 82:[], 83:[], 84:[], 85:[], 86:[], 87:[], 88:[], 89:[], 90:[], 91:[], 92:[], 93:[], 94:[], 95:[], 96:[], 97:[], 98:[], 99:[], 100:[], 101:[], 102:[], 103:[], 104:[], 105:[], 106:[], 107:[], 108:[], 109:[], 110:[], 111:[], 112:[], 113:[], 114:[], 115:[], 116:[], 117:[], 118:[], 119:[], 120:[], 121:[], 122:[], 123:[], 124:[], 125:[], 126:[], 127:[], 128:[], 129:[], 130:[], 131:[], 132:[], 133:[], 134:[], 135:[], 136:[], 137:[], 138:[], 139:[], 140:[], 141:[], 142:[], 143:[], 144:[], 145:[], 146:[], 147:[], 148:[], 149:[], 150:[], 151:[], 152:[], 153:[], 154:[], 155:[], 156:[], 157:[], 158:[], 159:[], 160:[], 161:[], 162:[], 163:[], 164:[], 165:[], 166:[], 167:[], 168:[], 169:[], 170:[], 171:[], 172:[], 173:[], 174:[], 175:[], 176:[], 177:[], 178:[], 179:[], 180:[], 181:[], 182:[], 183:[], 184:[], 185:[], 186:[], 187:[], 188:[], 189:[], 190:[], 191:[], 192:[], 193:[], 194:[], 195:[], 196:[], 197:[], 198:[], 199:[], 200:[], 201:[], 202:[], 203:[], 204:[], 205:[], 206:[], 207:[], 208:[]",100589336528,116189814437
5051,2,44137.5672,45046601,673555226,5379876560,1058.0383,false,211,true,true,true,true,true,false,false,"0:[0, 1, 2, 3, 4, 5, 6, 7, 8, 9, 10, 11, 12, 13, 14, 15, 16, 17, 18, 19, 20, 21, 22, 23, 24, 25, 26, 27, 28, 29, 30, 31, 32, 33, 34, 35, 36, 37, 38, 39, 40, 41, 42, 43, 44, 45, 46, 47, 48, 49, 50, 51, 52, 53, 54, 55, 56, 57, 58, 59, 60, 61, 62, 63, 64, 65, 66, 67, 68, 69, 70, 71, 72, 73, 74, 75, 76, 77, 78, 79, 80, 81, 82, 83, 84, 85, 86, 87, 88, 89, 90, 91, 92, 93, 94, 95, 96, 97, 98, 99, 100, 101, 102, 103, 104, 105, 106, 107, 108, 109, 110, 111, 112, 113, 114, 115, 116, 117, 118, 119, 120, 121, 122, 123, 124, 125, 126, 127, 128, 129, 130, 131, 132, 133, 134, 135, 136, 137, 138, 139, 140, 141, 142, 143, 144, 145, 146, 147, 148, 149, 150, 151, 152, 153, 154, 155, 156, 157, 158, 159, 160, 161, 162, 163, 164, 165, 166, 167, 168, 169, 170, 171, 172, 173, 174, 175, 176, 177, 178, 179, 180, 181, 182, 183, 184, 185, 186, 187, 188, 189, 190, 191, 192, 193, 194, 195, 196, 197, 198, 199, 200, 201, 202, 203, 204, 205, 206, 207, 208, 209, 210], 1:[], 2:[], 3:[], 4:[], 5:[], 6:[], 7:[], 8:[], 9:[], 10:[], 11:[], 12:[], 13:[], 14:[], 15:[], 16:[], 17:[], 18:[], 19:[], 20:[], 21:[], 22:[], 23:[], 24:[], 25:[], 26:[], 27:[], 28:[], 29:[], 30:[], 31:[], 32:[], 33:[], 34:[], 35:[], 36:[], 37:[], 38:[], 39:[], 40:[], 41:[], 42:[], 43:[], 44:[], 45:[], 46:[], 47:[], 48:[], 49:[], 50:[], 51:[], 52:[], 53:[], 54:[], 55:[], 56:[], 57:[], 58:[], 59:[], 60:[], 61:[], 62:[], 63:[], 64:[], 65:[], 66:[], 67:[], 68:[], 69:[], 70:[], 71:[], 72:[], 73:[], 74:[], 75:[], 76:[], 77:[], 78:[], 79:[], 80:[], 81:[], 82:[], 83:[], 84:[], 85:[], 86:[], 87:[], 88:[], 89:[], 90:[], 91:[], 92:[], 93:[], 94:[], 95:[], 96:[], 97:[], 98:[], 99:[], 100:[], 101:[], 102:[], 103:[], 104:[], 105:[], 106:[], 107:[], 108:[], 109:[], 110:[], 111:[], 112:[], 113:[], 114:[], 115:[], 116:[], 117:[], 118:[], 119:[], 120:[], 121:[], 122:[], 123:[], 124:[], 125:[], 126:[], 127:[], 128:[], 129:[], 130:[], 131:[], 132:[], 133:[], 134:[], 135:[], 136:[], 137:[], 138:[], 139:[], 140:[], 141:[], 142:[], 143:[], 144:[], 145:[], 146:[], 147:[], 148:[], 149:[], 150:[], 151:[], 152:[], 153:[], 154:[], 155:[], 156:[], 157:[], 158:[], 159:[], 160:[], 161:[], 162:[], 163:[], 164:[], 165:[], 166:[], 167:[], 168:[], 169:[], 170:[], 171:[], 172:[], 173:[], 174:[], 175:[], 176:[], 177:[], 178:[], 179:[], 180:[], 181:[], 182:[], 183:[], 184:[], 185:[], 186:[], 187:[], 188:[], 189:[], 190:[], 191:[], 192:[], 193:[], 194:[], 195:[], 196:[], 197:[], 198:[], 199:[], 200:[], 201:[], 202:[], 203:[], 204:[], 205:[], 206:[], 207:[], 208:[], 209:[], 210:[]",100981077196,116758515918
5059,2,39712.2375,45260218,676758185,5405489126,1027.1083,false,211,true,true,true,true,true,false,false,"0:[0, 1, 2, 3, 4, 5, 6, 7, 8, 9, 10, 11, 12, 13, 14, 15, 16, 17, 18, 19, 20, 21, 22, 23, 24, 25, 26, 27, 28, 29, 30, 31, 32, 33, 34, 35, 36, 37, 38, 39, 40, 41, 42, 43, 44, 45, 46, 47, 48, 49, 50, 51, 52, 53, 54, 55, 56, 57, 58, 59, 60, 61, 62, 63, 64, 65, 66, 67, 68, 69, 70, 71, 72, 73, 74, 75, 76, 77, 78, 79, 80, 81, 82, 83, 84, 85, 86, 87, 88, 89, 90, 91, 92, 93, 94, 95, 96, 97, 98, 99, 100, 101, 102, 103, 104, 105, 106, 107, 108, 109, 110, 111, 112, 113, 114, 115, 116, 117, 118, 119, 120, 121, 122, 123, 124, 125, 126, 127, 128, 129, 130, 131, 132, 133, 134, 135, 136, 137, 138, 139, 140, 141, 142, 143, 144, 145, 146, 147, 148, 149, 150, 151, 152, 153, 154, 155, 156, 157, 158, 159, 160, 161, 162, 163, 164, 165, 166, 167, 168, 169, 170, 171, 172, 173, 174, 175, 176, 177, 178, 179, 180, 181, 182, 183, 184, 185, 186, 187, 188, 189, 190, 191, 192, 193, 194, 195, 196, 197, 198, 199, 200, 201, 202, 203, 204, 205, 206, 207, 208, 209, 210], 1:[], 2:[], 3:[], 4:[], 5:[], 6:[], 7:[], 8:[], 9:[], 10:[], 11:[], 12:[], 13:[], 14:[], 15:[], 16:[], 17:[], 18:[], 19:[], 20:[], 21:[], 22:[], 23:[], 24:[], 25:[], 26:[], 27:[], 28:[], 29:[], 30:[], 31:[], 32:[], 33:[], 34:[], 35:[], 36:[], 37:[], 38:[], 39:[], 40:[], 41:[], 42:[], 43:[], 44:[], 45:[], 46:[], 47:[], 48:[], 49:[], 50:[], 51:[], 52:[], 53:[], 54:[], 55:[], 56:[], 57:[], 58:[], 59:[], 60:[], 61:[], 62:[], 63:[], 64:[], 65:[], 66:[], 67:[], 68:[], 69:[], 70:[], 71:[], 72:[], 73:[], 74:[], 75:[], 76:[], 77:[], 78:[], 79:[], 80:[], 81:[], 82:[], 83:[], 84:[], 85:[], 86:[], 87:[], 88:[], 89:[], 90:[], 91:[], 92:[], 93:[], 94:[], 95:[], 96:[], 97:[], 98:[], 99:[], 100:[], 101:[], 102:[], 103:[], 104:[], 105:[], 106:[], 107:[], 108:[], 109:[], 110:[], 111:[], 112:[], 113:[], 114:[], 115:[], 116:[], 117:[], 118:[], 119:[], 120:[], 121:[], 122:[], 123:[], 124:[], 125:[], 126:[], 127:[], 128:[], 129:[], 130:[], 131:[], 132:[], 133:[], 134:[], 135:[], 136:[], 137:[], 138:[], 139:[], 140:[], 141:[], 142:[], 143:[], 144:[], 145:[], 146:[], 147:[], 148:[], 149:[], 150:[], 151:[], 152:[], 153:[], 154:[], 155:[], 156:[], 157:[], 158:[], 159:[], 160:[], 161:[], 162:[], 163:[], 164:[], 165:[], 166:[], 167:[], 168:[], 169:[], 170:[], 171:[], 172:[], 173:[], 174:[], 175:[], 176:[], 177:[], 178:[], 179:[], 180:[], 181:[], 182:[], 183:[], 184:[], 185:[], 186:[], 187:[], 188:[], 189:[], 190:[], 191:[], 192:[], 193:[], 194:[], 195:[], 196:[], 197:[], 198:[], 199:[], 200:[], 201:[], 202:[], 203:[], 204:[], 205:[], 206:[], 207:[], 208:[], 209:[], 210:[]",101243295192,117139256645
5077,2,40513.2553,45743749,683998485,5463355826,1054.8536,false,212,true,true,true,true,true,false,false,"0:[0, 1, 2, 3, 4, 5, 6, 7, 8, 9, 10, 11, 12, 13, 14, 15, 16, 17, 18, 19, 20, 21, 22, 23, 24, 25, 26, 27, 28, 29, 30, 31, 32, 33, 34, 35, 36, 37, 38, 39, 40, 41, 42, 43, 44, 45, 46, 47, 48, 49, 50, 51, 52, 53, 54, 55, 56, 57, 58, 59, 60, 61, 62, 63, 64, 65, 66, 67, 68, 69, 70, 71, 72, 73, 74, 75, 76, 77, 78, 79, 80, 81, 82, 83, 84, 85, 86, 87, 88, 89, 90, 91, 92, 93, 94, 95, 96, 97, 98, 99, 100, 101, 102, 103, 104, 105, 106, 107, 108, 109, 110, 111, 112, 113, 114, 115, 116, 117, 118, 119, 120, 121, 122, 123, 124, 125, 126, 127, 128, 129, 130, 131, 132, 133, 134, 135, 136, 137, 138, 139, 140, 141, 142, 143, 144, 145, 146, 147, 148, 149, 150, 151, 152, 153, 154, 155, 156, 157, 158, 159, 160, 161, 162, 163, 164, 165, 166, 167, 168, 169, 170, 171, 172, 173, 174, 175, 176, 177, 178, 179, 180, 181, 182, 183, 184, 185, 186, 187, 188, 189, 190, 191, 192, 193, 194, 195, 196, 197, 198, 199, 200, 201, 202, 203, 204, 205, 206, 207, 208, 209, 210, 211], 1:[], 2:[], 3:[], 4:[], 5:[], 6:[], 7:[], 8:[], 9:[], 10:[], 11:[], 12:[], 13:[], 14:[], 15:[], 16:[], 17:[], 18:[], 19:[], 20:[], 21:[], 22:[], 23:[], 24:[], 25:[], 26:[], 27:[], 28:[], 29:[], 30:[], 31:[], 32:[], 33:[], 34:[], 35:[], 36:[], 37:[], 38:[], 39:[], 40:[], 41:[], 42:[], 43:[], 44:[], 45:[], 46:[], 47:[], 48:[], 49:[], 50:[], 51:[], 52:[], 53:[], 54:[], 55:[], 56:[], 57:[], 58:[], 59:[], 60:[], 61:[], 62:[], 63:[], 64:[], 65:[], 66:[], 67:[], 68:[], 69:[], 70:[], 71:[], 72:[], 73:[], 74:[], 75:[], 76:[], 77:[], 78:[], 79:[], 80:[], 81:[], 82:[], 83:[], 84:[], 85:[], 86:[], 87:[], 88:[], 89:[], 90:[], 91:[], 92:[], 93:[], 94:[], 95:[], 96:[], 97:[], 98:[], 99:[], 100:[], 101:[], 102:[], 103:[], 104:[], 105:[], 106:[], 107:[], 108:[], 109:[], 110:[], 111:[], 112:[], 113:[], 114:[], 115:[], 116:[], 117:[], 118:[], 119:[], 120:[], 121:[], 122:[], 123:[], 124:[], 125:[], 126:[], 127:[], 128:[], 129:[], 130:[], 131:[], 132:[], 133:[], 134:[], 135:[], 136:[], 137:[], 138:[], 139:[], 140:[], 141:[], 142:[], 143:[], 144:[], 145:[], 146:[], 147:[], 148:[], 149:[], 150:[], 151:[], 152:[], 153:[], 154:[], 155:[], 156:[], 157:[], 158:[], 159:[], 160:[], 161:[], 162:[], 163:[], 164:[], 165:[], 166:[], 167:[], 168:[], 169:[], 170:[], 171:[], 172:[], 173:[], 174:[], 175:[], 176:[], 177:[], 178:[], 179:[], 180:[], 181:[], 182:[], 183:[], 184:[], 185:[], 186:[], 187:[], 188:[], 189:[], 190:[], 191:[], 192:[], 193:[], 194:[], 195:[], 196:[], 197:[], 198:[], 199:[], 200:[], 201:[], 202:[], 203:[], 204:[], 205:[], 206:[], 207:[], 208:[], 209:[], 210:[], 211:[]",101836058060,117999869557
5081,3,46912.6458,45851996,685613243,5476243967,1061.3918,false,212,true,true,true,true,true,false,false,"0:[0, 1, 2, 3, 4, 5, 6, 7, 8, 9, 10, 11, 12, 13, 14, 15, 16, 17, 18, 19, 20, 21, 22, 23, 24, 25, 26, 27, 28, 29, 30, 31, 32, 33, 34, 35, 36, 37, 38, 39, 40, 41, 42, 43, 44, 45, 46, 47, 48, 49, 50, 51, 52, 53, 54, 55, 56, 57, 58, 59, 60, 61, 62, 63, 64, 65, 66, 67, 68, 69, 70, 71, 72, 73, 74, 75, 76, 77, 78, 79, 80, 81, 82, 83, 84, 85, 86, 87, 88, 89, 90, 91, 92, 93, 94, 95, 96, 97, 98, 99, 100, 101, 102, 103, 104, 105, 106, 107, 108, 109, 110, 111, 112, 113, 114, 115, 116, 117, 118, 119, 120, 121, 122, 123, 124, 125, 126, 127, 128, 129, 130, 131, 132, 133, 134, 135, 136, 137, 138, 139, 140, 141, 142, 143, 144, 145, 146, 147, 148, 149, 150, 151, 152, 153, 154, 155, 156, 157, 158, 159, 160, 161, 162, 163, 164, 165, 166, 167, 168, 169, 170, 171, 172, 173, 174, 175, 176, 177, 178, 179, 180, 181, 182, 183, 184, 185, 186, 187, 188, 189, 190, 191, 192, 193, 194, 195, 196, 197, 198, 199, 200, 201, 202, 203, 204, 205, 206, 207, 208, 209, 210, 211], 1:[], 2:[], 3:[], 4:[], 5:[], 6:[], 7:[], 8:[], 9:[], 10:[], 11:[], 12:[], 13:[], 14:[], 15:[], 16:[], 17:[], 18:[], 19:[], 20:[], 21:[], 22:[], 23:[], 24:[], 25:[], 26:[], 27:[], 28:[], 29:[], 30:[], 31:[], 32:[], 33:[], 34:[], 35:[], 36:[], 37:[], 38:[], 39:[], 40:[], 41:[], 42:[], 43:[], 44:[], 45:[], 46:[], 47:[], 48:[], 49:[], 50:[], 51:[], 52:[], 53:[], 54:[], 55:[], 56:[], 57:[], 58:[], 59:[], 60:[], 61:[], 62:[], 63:[], 64:[], 65:[], 66:[], 67:[], 68:[], 69:[], 70:[], 71:[], 72:[], 73:[], 74:[], 75:[], 76:[], 77:[], 78:[], 79:[], 80:[], 81:[], 82:[], 83:[], 84:[], 85:[], 86:[], 87:[], 88:[], 89:[], 90:[], 91:[], 92:[], 93:[], 94:[], 95:[], 96:[], 97:[], 98:[], 99:[], 100:[], 101:[], 102:[], 103:[], 104:[], 105:[], 106:[], 107:[], 108:[], 109:[], 110:[], 111:[], 112:[], 113:[], 114:[], 115:[], 116:[], 117:[], 118:[], 119:[], 120:[], 121:[], 122:[], 123:[], 124:[], 125:[], 126:[], 127:[], 128:[], 129:[], 130:[], 131:[], 132:[], 133:[], 134:[], 135:[], 136:[], 137:[], 138:[], 139:[], 140:[], 141:[], 142:[], 143:[], 144:[], 145:[], 146:[], 147:[], 148:[], 149:[], 150:[], 151:[], 152:[], 153:[], 154:[], 155:[], 156:[], 157:[], 158:[], 159:[], 160:[], 161:[], 162:[], 163:[], 164:[], 165:[], 166:[], 167:[], 168:[], 169:[], 170:[], 171:[], 172:[], 173:[], 174:[], 175:[], 176:[], 177:[], 178:[], 179:[], 180:[], 181:[], 182:[], 183:[], 184:[], 185:[], 186:[], 187:[], 188:[], 189:[], 190:[], 191:[], 192:[], 193:[], 194:[], 195:[], 196:[], 197:[], 198:[], 199:[], 200:[], 201:[], 202:[], 203:[], 204:[], 205:[], 206:[], 207:[], 208:[], 209:[], 210:[], 211:[]",101968269616,118191731319
5087,5,48491.5505,46014474,688043992,5495671887,1051.1527,false,212,true,true,true,true,true,false,false,"0:[0, 1, 2, 3, 4, 5, 6, 7, 8, 9, 10, 11, 12, 13, 14, 15, 16, 17, 18, 19, 20, 21, 22, 23, 24, 25, 26, 27, 28, 29, 30, 31, 32, 33, 34, 35, 36, 37, 38, 39, 40, 41, 42, 43, 44, 45, 46, 47, 48, 49, 50, 51, 52, 53, 54, 55, 56, 57, 58, 59, 60, 61, 62, 63, 64, 65, 66, 67, 68, 69, 70, 71, 72, 73, 74, 75, 76, 77, 78, 79, 80, 81, 82, 83, 84, 85, 86, 87, 88, 89, 90, 91, 92, 93, 94, 95, 96, 97, 98, 99, 100, 101, 102, 103, 104, 105, 106, 107, 108, 109, 110, 111, 112, 113, 114, 115, 116, 117, 118, 119, 120, 121, 122, 123, 124, 125, 126, 127, 128, 129, 130, 131, 132, 133, 134, 135, 136, 137, 138, 139, 140, 141, 142, 143, 144, 145, 146, 147, 148, 149, 150, 151, 152, 153, 154, 155, 156, 157, 158, 159, 160, 161, 162, 163, 164, 165, 166, 167, 168, 169, 170, 171, 172, 173, 174, 175, 176, 177, 178, 179, 180, 181, 182, 183, 184, 185, 186, 187, 188, 189, 190, 191, 192, 193, 194, 195, 196, 197, 198, 199, 200, 201, 202, 203, 204, 205, 206, 207, 208, 209, 210, 211], 1:[], 2:[], 3:[], 4:[], 5:[], 6:[], 7:[], 8:[], 9:[], 10:[], 11:[], 12:[], 13:[], 14:[], 15:[], 16:[], 17:[], 18:[], 19:[], 20:[], 21:[], 22:[], 23:[], 24:[], 25:[], 26:[], 27:[], 28:[], 29:[], 30:[], 31:[], 32:[], 33:[], 34:[], 35:[], 36:[], 37:[], 38:[], 39:[], 40:[], 41:[], 42:[], 43:[], 44:[], 45:[], 46:[], 47:[], 48:[], 49:[], 50:[], 51:[], 52:[], 53:[], 54:[], 55:[], 56:[], 57:[], 58:[], 59:[], 60:[], 61:[], 62:[], 63:[], 64:[], 65:[], 66:[], 67:[], 68:[], 69:[], 70:[], 71:[], 72:[], 73:[], 74:[], 75:[], 76:[], 77:[], 78:[], 79:[], 80:[], 81:[], 82:[], 83:[], 84:[], 85:[], 86:[], 87:[], 88:[], 89:[], 90:[], 91:[], 92:[], 93:[], 94:[], 95:[], 96:[], 97:[], 98:[], 99:[], 100:[], 101:[], 102:[], 103:[], 104:[], 105:[], 106:[], 107:[], 108:[], 109:[], 110:[], 111:[], 112:[], 113:[], 114:[], 115:[], 116:[], 117:[], 118:[], 119:[], 120:[], 121:[], 122:[], 123:[], 124:[], 125:[], 126:[], 127:[], 128:[], 129:[], 130:[], 131:[], 132:[], 133:[], 134:[], 135:[], 136:[], 137:[], 138:[], 139:[], 140:[], 141:[], 142:[], 143:[], 144:[], 145:[], 146:[], 147:[], 148:[], 149:[], 150:[], 151:[], 152:[], 153:[], 154:[], 155:[], 156:[], 157:[], 158:[], 159:[], 160:[], 161:[], 162:[], 163:[], 164:[], 165:[], 166:[], 167:[], 168:[], 169:[], 170:[], 171:[], 172:[], 173:[], 174:[], 175:[], 176:[], 177:[], 178:[], 179:[], 180:[], 181:[], 182:[], 183:[], 184:[], 185:[], 186:[], 187:[], 188:[], 189:[], 190:[], 191:[], 192:[], 193:[], 194:[], 195:[], 196:[], 197:[], 198:[], 199:[], 200:[], 201:[], 202:[], 203:[], 204:[], 205:[], 206:[], 207:[], 208:[], 209:[], 210:[], 211:[]",102167278920,118480556352
5099,2,41494.4047,46340153,692916401,5534595061,1064.5349,false,213,true,true,true,true,true,false,false,"0:[0, 1, 2, 3, 4, 5, 6, 7, 8, 9, 10, 11, 12, 13, 14, 15, 16, 17, 18, 19, 20, 21, 22, 23, 24, 25, 26, 27, 28, 29, 30, 31, 32, 33, 34, 35, 36, 37, 38, 39, 40, 41, 42, 43, 44, 45, 46, 47, 48, 49, 50, 51, 52, 53, 54, 55, 56, 57, 58, 59, 60, 61, 62, 63, 64, 65, 66, 67, 68, 69, 70, 71, 72, 73, 74, 75, 76, 77, 78, 79, 80, 81, 82, 83, 84, 85, 86, 87, 88, 89, 90, 91, 92, 93, 94, 95, 96, 97, 98, 99, 100, 101, 102, 103, 104, 105, 106, 107, 108, 109, 110, 111, 112, 113, 114, 115, 116, 117, 118, 119, 120, 121, 122, 123, 124, 125, 126, 127, 128, 129, 130, 131, 132, 133, 134, 135, 136, 137, 138, 139, 140, 141, 142, 143, 144, 145, 146, 147, 148, 149, 150, 151, 152, 153, 154, 155, 156, 157, 158, 159, 160, 161, 162, 163, 164, 165, 166, 167, 168, 169, 170, 171, 172, 173, 174, 175, 176, 177, 178, 179, 180, 181, 182, 183, 184, 185, 186, 187, 188, 189, 190, 191, 192, 193, 194, 195, 196, 197, 198, 199, 200, 201, 202, 203, 204, 205, 206, 207, 208, 209, 210, 211, 212], 1:[], 2:[], 3:[], 4:[], 5:[], 6:[], 7:[], 8:[], 9:[], 10:[], 11:[], 12:[], 13:[], 14:[], 15:[], 16:[], 17:[], 18:[], 19:[], 20:[], 21:[], 22:[], 23:[], 24:[], 25:[], 26:[], 27:[], 28:[], 29:[], 30:[], 31:[], 32:[], 33:[], 34:[], 35:[], 36:[], 37:[], 38:[], 39:[], 40:[], 41:[], 42:[], 43:[], 44:[], 45:[], 46:[], 47:[], 48:[], 49:[], 50:[], 51:[], 52:[], 53:[], 54:[], 55:[], 56:[], 57:[], 58:[], 59:[], 60:[], 61:[], 62:[], 63:[], 64:[], 65:[], 66:[], 67:[], 68:[], 69:[], 70:[], 71:[], 72:[], 73:[], 74:[], 75:[], 76:[], 77:[], 78:[], 79:[], 80:[], 81:[], 82:[], 83:[], 84:[], 85:[], 86:[], 87:[], 88:[], 89:[], 90:[], 91:[], 92:[], 93:[], 94:[], 95:[], 96:[], 97:[], 98:[], 99:[], 100:[], 101:[], 102:[], 103:[], 104:[], 105:[], 106:[], 107:[], 108:[], 109:[], 110:[], 111:[], 112:[], 113:[], 114:[], 115:[], 116:[], 117:[], 118:[], 119:[], 120:[], 121:[], 122:[], 123:[], 124:[], 125:[], 126:[], 127:[], 128:[], 129:[], 130:[], 131:[], 132:[], 133:[], 134:[], 135:[], 136:[], 137:[], 138:[], 139:[], 140:[], 141:[], 142:[], 143:[], 144:[], 145:[], 146:[], 147:[], 148:[], 149:[], 150:[], 151:[], 152:[], 153:[], 154:[], 155:[], 156:[], 157:[], 158:[], 159:[], 160:[], 161:[], 162:[], 163:[], 164:[], 165:[], 166:[], 167:[], 168:[], 169:[], 170:[], 171:[], 172:[], 173:[], 174:[], 175:[], 176:[], 177:[], 178:[], 179:[], 180:[], 181:[], 182:[], 183:[], 184:[], 185:[], 186:[], 187:[], 188:[], 189:[], 190:[], 191:[], 192:[], 193:[], 194:[], 195:[], 196:[], 197:[], 198:[], 199:[], 200:[], 201:[], 202:[], 203:[], 204:[], 205:[], 206:[], 207:[], 208:[], 209:[], 210:[], 211:[], 212:[]",102566190652,119059664401
5101,2,41575.8057,46394084,693734359,5541168717,1094.3381,false,212,true,true,true,true,true,false,false,"0:[0, 1, 2, 3, 4, 5, 6, 7, 8, 9, 10, 11, 12, 13, 14, 15, 16, 17, 18, 19, 20, 21, 22, 23, 24, 25, 26, 27, 28, 29, 30, 31, 32, 33, 34, 35, 36, 37, 38, 39, 40, 41, 42, 43, 44, 45, 46, 47, 48, 49, 50, 51, 52, 53, 54, 55, 56, 57, 58, 59, 60, 61, 62, 63, 64, 65, 66, 67, 68, 69, 70, 71, 72, 73, 74, 75, 76, 77, 78, 79, 80, 81, 82, 83, 84, 85, 86, 87, 88, 89, 90, 91, 92, 93, 94, 95, 96, 97, 98, 99, 100, 101, 102, 103, 104, 105, 106, 107, 108, 109, 110, 111, 112, 113, 114, 115, 116, 117, 118, 119, 120, 121, 122, 123, 124, 125, 126, 127, 128, 129, 130, 131, 132, 133, 134, 135, 136, 137, 138, 139, 140, 141, 142, 143, 144, 145, 146, 147, 148, 149, 150, 151, 152, 153, 154, 155, 156, 157, 158, 159, 160, 161, 162, 163, 164, 165, 166, 167, 168, 169, 170, 171, 172, 173, 174, 175, 176, 177, 178, 179, 180, 181, 182, 183, 184, 185, 186, 187, 188, 189, 190, 191, 192, 193, 194, 195, 196, 197, 198, 199, 200, 201, 202, 203, 204, 205, 206, 207, 208, 209, 210, 211], 1:[], 2:[], 3:[], 4:[], 5:[], 6:[], 7:[], 8:[], 9:[], 10:[], 11:[], 12:[], 13:[], 14:[], 15:[], 16:[], 17:[], 18:[], 19:[], 20:[], 21:[], 22:[], 23:[], 24:[], 25:[], 26:[], 27:[], 28:[], 29:[], 30:[], 31:[], 32:[], 33:[], 34:[], 35:[], 36:[], 37:[], 38:[], 39:[], 40:[], 41:[], 42:[], 43:[], 44:[], 45:[], 46:[], 47:[], 48:[], 49:[], 50:[], 51:[], 52:[], 53:[], 54:[], 55:[], 56:[], 57:[], 58:[], 59:[], 60:[], 61:[], 62:[], 63:[], 64:[], 65:[], 66:[], 67:[], 68:[], 69:[], 70:[], 71:[], 72:[], 73:[], 74:[], 75:[], 76:[], 77:[], 78:[], 79:[], 80:[], 81:[], 82:[], 83:[], 84:[], 85:[], 86:[], 87:[], 88:[], 89:[], 90:[], 91:[], 92:[], 93:[], 94:[], 95:[], 96:[], 97:[], 98:[], 99:[], 100:[], 101:[], 102:[], 103:[], 104:[], 105:[], 106:[], 107:[], 108:[], 109:[], 110:[], 111:[], 112:[], 113:[], 114:[], 115:[], 116:[], 117:[], 118:[], 119:[], 120:[], 121:[], 122:[], 123:[], 124:[], 125:[], 126:[], 127:[], 128:[], 129:[], 130:[], 131:[], 132:[], 133:[], 134:[], 135:[], 136:[], 137:[], 138:[], 139:[], 140:[], 141:[], 142:[], 143:[], 144:[], 145:[], 146:[], 147:[], 148:[], 149:[], 150:[], 151:[], 152:[], 153:[], 154:[], 155:[], 156:[], 157:[], 158:[], 159:[], 160:[], 161:[], 162:[], 163:[], 164:[], 165:[], 166:[], 167:[], 168:[], 169:[], 170:[], 171:[], 172:[], 173:[], 174:[], 175:[], 176:[], 177:[], 178:[], 179:[], 180:[], 181:[], 182:[], 183:[], 184:[], 185:[], 186:[], 187:[], 188:[], 189:[], 190:[], 191:[], 192:[], 193:[], 194:[], 195:[], 196:[], 197:[], 198:[], 199:[], 200:[], 201:[], 202:[], 203:[], 204:[], 205:[], 206:[], 207:[], 208:[], 209:[], 210:[], 211:[]",102633137360,119157012611
5107,2,40170.2234,46557838,696180466,5560696824,1075.9141,false,212,true,true,true,true,true,false,false,"0:[0, 1, 2, 3, 4, 5, 6, 7, 8, 9, 10, 11, 12, 13, 14, 15, 16, 17, 18, 19, 20, 21, 22, 23, 24, 25, 26, 27, 28, 29, 30, 31, 32, 33, 34, 35, 36, 37, 38, 39, 40, 41, 42, 43, 44, 45, 46, 47, 48, 49, 50, 51, 52, 53, 54, 55, 56, 57, 58, 59, 60, 61, 62, 63, 64, 65, 66, 67, 68, 69, 70, 71, 72, 73, 74, 75, 76, 77, 78, 79, 80, 81, 82, 83, 84, 85, 86, 87, 88, 89, 90, 91, 92, 93, 94, 95, 96, 97, 98, 99, 100, 101, 102, 103, 104, 105, 106, 107, 108, 109, 110, 111, 112, 113, 114, 115, 116, 117, 118, 119, 120, 121, 122, 123, 124, 125, 126, 127, 128, 129, 130, 131, 132, 133, 134, 135, 136, 137, 138, 139, 140, 141, 142, 143, 144, 145, 146, 147, 148, 149, 150, 151, 152, 153, 154, 155, 156, 157, 158, 159, 160, 161, 162, 163, 164, 165, 166, 167, 168, 169, 170, 171, 172, 173, 174, 175, 176, 177, 178, 179, 180, 181, 182, 183, 184, 185, 186, 187, 188, 189, 190, 191, 192, 193, 194, 195, 196, 197, 198, 199, 200, 201, 202, 203, 204, 205, 206, 207, 208, 209, 210, 211], 1:[], 2:[], 3:[], 4:[], 5:[], 6:[], 7:[], 8:[], 9:[], 10:[], 11:[], 12:[], 13:[], 14:[], 15:[], 16:[], 17:[], 18:[], 19:[], 20:[], 21:[], 22:[], 23:[], 24:[], 25:[], 26:[], 27:[], 28:[], 29:[], 30:[], 31:[], 32:[], 33:[], 34:[], 35:[], 36:[], 37:[], 38:[], 39:[], 40:[], 41:[], 42:[], 43:[], 44:[], 45:[], 46:[], 47:[], 48:[], 49:[], 50:[], 51:[], 52:[], 53:[], 54:[], 55:[], 56:[], 57:[], 58:[], 59:[], 60:[], 61:[], 62:[], 63:[], 64:[], 65:[], 66:[], 67:[], 68:[], 69:[], 70:[], 71:[], 72:[], 73:[], 74:[], 75:[], 76:[], 77:[], 78:[], 79:[], 80:[], 81:[], 82:[], 83:[], 84:[], 85:[], 86:[], 87:[], 88:[], 89:[], 90:[], 91:[], 92:[], 93:[], 94:[], 95:[], 96:[], 97:[], 98:[], 99:[], 100:[], 101:[], 102:[], 103:[], 104:[], 105:[], 106:[], 107:[], 108:[], 109:[], 110:[], 111:[], 112:[], 113:[], 114:[], 115:[], 116:[], 117:[], 118:[], 119:[], 120:[], 121:[], 122:[], 123:[], 124:[], 125:[], 126:[], 127:[], 128:[], 129:[], 130:[], 131:[], 132:[], 133:[], 134:[], 135:[], 136:[], 137:[], 138:[], 139:[], 140:[], 141:[], 142:[], 143:[], 144:[], 145:[], 146:[], 147:[], 148:[], 149:[], 150:[], 151:[], 152:[], 153:[], 154:[], 155:[], 156:[], 157:[], 158:[], 159:[], 160:[], 161:[], 162:[], 163:[], 164:[], 165:[], 166:[], 167:[], 168:[], 169:[], 170:[], 171:[], 172:[], 173:[], 174:[], 175:[], 176:[], 177:[], 178:[], 179:[], 180:[], 181:[], 182:[], 183:[], 184:[], 185:[], 186:[], 187:[], 188:[], 189:[], 190:[], 191:[], 192:[], 193:[], 194:[], 195:[], 196:[], 197:[], 198:[], 199:[], 200:[], 201:[], 202:[], 203:[], 204:[], 205:[], 206:[], 207:[], 208:[], 209:[], 210:[], 211:[]",102833411032,119447669682
5113,5,50893.0715,46721550,698633587,5580306457,1345.6409,false,213,true,true,true,true,true,false,false,"0:[0, 1, 2, 3, 4, 5, 6, 7, 8, 9, 10, 11, 12, 13, 14, 15, 16, 17, 18, 19, 20, 21, 22, 23, 24, 25, 26, 27, 28, 29, 30, 31, 32, 33, 34, 35, 36, 37, 38, 39, 40, 41, 42, 43, 44, 45, 46, 47, 48, 49, 50, 51, 52, 53, 54, 55, 56, 57, 58, 59, 60, 61, 62, 63, 64, 65, 66, 67, 68, 69, 70, 71, 72, 73, 74, 75, 76, 77, 78, 79, 80, 81, 82, 83, 84, 85, 86, 87, 88, 89, 90, 91, 92, 93, 94, 95, 96, 97, 98, 99, 100, 101, 102, 103, 104, 105, 106, 107, 108, 109, 110, 111, 112, 113, 114, 115, 116, 117, 118, 119, 120, 121, 122, 123, 124, 125, 126, 127, 128, 129, 130, 131, 132, 133, 134, 135, 136, 137, 138, 139, 140, 141, 142, 143, 144, 145, 146, 147, 148, 149, 150, 151, 152, 153, 154, 155, 156, 157, 158, 159, 160, 161, 162, 163, 164, 165, 166, 167, 168, 169, 170, 171, 172, 173, 174, 175, 176, 177, 178, 179, 180, 181, 182, 183, 184, 185, 186, 187, 188, 189, 190, 191, 192, 193, 194, 195, 196, 197, 198, 199, 200, 201, 202, 203, 204, 205, 206, 207, 208, 209, 210, 211, 212], 1:[], 2:[], 3:[], 4:[], 5:[], 6:[], 7:[], 8:[], 9:[], 10:[], 11:[], 12:[], 13:[], 14:[], 15:[], 16:[], 17:[], 18:[], 19:[], 20:[], 21:[], 22:[], 23:[], 24:[], 25:[], 26:[], 27:[], 28:[], 29:[], 30:[], 31:[], 32:[], 33:[], 34:[], 35:[], 36:[], 37:[], 38:[], 39:[], 40:[], 41:[], 42:[], 43:[], 44:[], 45:[], 46:[], 47:[], 48:[], 49:[], 50:[], 51:[], 52:[], 53:[], 54:[], 55:[], 56:[], 57:[], 58:[], 59:[], 60:[], 61:[], 62:[], 63:[], 64:[], 65:[], 66:[], 67:[], 68:[], 69:[], 70:[], 71:[], 72:[], 73:[], 74:[], 75:[], 76:[], 77:[], 78:[], 79:[], 80:[], 81:[], 82:[], 83:[], 84:[], 85:[], 86:[], 87:[], 88:[], 89:[], 90:[], 91:[], 92:[], 93:[], 94:[], 95:[], 96:[], 97:[], 98:[], 99:[], 100:[], 101:[], 102:[], 103:[], 104:[], 105:[], 106:[], 107:[], 108:[], 109:[], 110:[], 111:[], 112:[], 113:[], 114:[], 115:[], 116:[], 117:[], 118:[], 119:[], 120:[], 121:[], 122:[], 123:[], 124:[], 125:[], 126:[], 127:[], 128:[], 129:[], 130:[], 131:[], 132:[], 133:[], 134:[], 135:[], 136:[], 137:[], 138:[], 139:[], 140:[], 141:[], 142:[], 143:[], 144:[], 145:[], 146:[], 147:[], 148:[], 149:[], 150:[], 151:[], 152:[], 153:[], 154:[], 155:[], 156:[], 157:[], 158:[], 159:[], 160:[], 161:[], 162:[], 163:[], 164:[], 165:[], 166:[], 167:[], 168:[], 169:[], 170:[], 171:[], 172:[], 173:[], 174:[], 175:[], 176:[], 177:[], 178:[], 179:[], 180:[], 181:[], 182:[], 183:[], 184:[], 185:[], 186:[], 187:[], 188:[], 189:[], 190:[], 191:[], 192:[], 193:[], 194:[], 195:[], 196:[], 197:[], 198:[], 199:[], 200:[], 201:[], 202:[], 203:[], 204:[], 205:[], 206:[], 207:[], 208:[], 209:[], 210:[], 211:[], 212:[]",103034244648,119739308871
5119,3,44655.1199,46886074,701096270,5599997335,1325.0184,false,213,true,true,true,true,true,false,false,"0:[0, 1, 2, 3, 4, 5, 6, 7, 8, 9, 10, 11, 12, 13, 14, 15, 16, 17, 18, 19, 20, 21, 22, 23, 24, 25, 26, 27, 28, 29, 30, 31, 32, 33, 34, 35, 36, 37, 38, 39, 40, 41, 42, 43, 44, 45, 46, 47, 48, 49, 50, 51, 52, 53, 54, 55, 56, 57, 58, 59, 60, 61, 62, 63, 64, 65, 66, 67, 68, 69, 70, 71, 72, 73, 74, 75, 76, 77, 78, 79, 80, 81, 82, 83, 84, 85, 86, 87, 88, 89, 90, 91, 92, 93, 94, 95, 96, 97, 98, 99, 100, 101, 102, 103, 104, 105, 106, 107, 108, 109, 110, 111, 112, 113, 114, 115, 116, 117, 118, 119, 120, 121, 122, 123, 124, 125, 126, 127, 128, 129, 130, 131, 132, 133, 134, 135, 136, 137, 138, 139, 140, 141, 142, 143, 144, 145, 146, 147, 148, 149, 150, 151, 152, 153, 154, 155, 156, 157, 158, 159, 160, 161, 162, 163, 164, 165, 166, 167, 168, 169, 170, 171, 172, 173, 174, 175, 176, 177, 178, 179, 180, 181, 182, 183, 184, 185, 186, 187, 188, 189, 190, 191, 192, 193, 194, 195, 196, 197, 198, 199, 200, 201, 202, 203, 204, 205, 206, 207, 208, 209, 210, 211, 212], 1:[], 2:[], 3:[], 4:[], 5:[], 6:[], 7:[], 8:[], 9:[], 10:[], 11:[], 12:[], 13:[], 14:[], 15:[], 16:[], 17:[], 18:[], 19:[], 20:[], 21:[], 22:[], 23:[], 24:[], 25:[], 26:[], 27:[], 28:[], 29:[], 30:[], 31:[], 32:[], 33:[], 34:[], 35:[], 36:[], 37:[], 38:[], 39:[], 40:[], 41:[], 42:[], 43:[], 44:[], 45:[], 46:[], 47:[], 48:[], 49:[], 50:[], 51:[], 52:[], 53:[], 54:[], 55:[], 56:[], 57:[], 58:[], 59:[], 60:[], 61:[], 62:[], 63:[], 64:[], 65:[], 66:[], 67:[], 68:[], 69:[], 70:[], 71:[], 72:[], 73:[], 74:[], 75:[], 76:[], 77:[], 78:[], 79:[], 80:[], 81:[], 82:[], 83:[], 84:[], 85:[], 86:[], 87:[], 88:[], 89:[], 90:[], 91:[], 92:[], 93:[], 94:[], 95:[], 96:[], 97:[], 98:[], 99:[], 100:[], 101:[], 102:[], 103:[], 104:[], 105:[], 106:[], 107:[], 108:[], 109:[], 110:[], 111:[], 112:[], 113:[], 114:[], 115:[], 116:[], 117:[], 118:[], 119:[], 120:[], 121:[], 122:[], 123:[], 124:[], 125:[], 126:[], 127:[], 128:[], 129:[], 130:[], 131:[], 132:[], 133:[], 134:[], 135:[], 136:[], 137:[], 138:[], 139:[], 140:[], 141:[], 142:[], 143:[], 144:[], 145:[], 146:[], 147:[], 148:[], 149:[], 150:[], 151:[], 152:[], 153:[], 154:[], 155:[], 156:[], 157:[], 158:[], 159:[], 160:[], 161:[], 162:[], 163:[], 164:[], 165:[], 166:[], 167:[], 168:[], 169:[], 170:[], 171:[], 172:[], 173:[], 174:[], 175:[], 176:[], 177:[], 178:[], 179:[], 180:[], 181:[], 182:[], 183:[], 184:[], 185:[], 186:[], 187:[], 188:[], 189:[], 190:[], 191:[], 192:[], 193:[], 194:[], 195:[], 196:[], 197:[], 198:[], 199:[], 200:[], 201:[], 202:[], 203:[], 204:[], 205:[], 206:[], 207:[], 208:[], 209:[], 210:[], 211:[], 212:[]",103235865960,120031926606
5147,2,41339.3370,47658233,712650361,5692325569,1274.0172,false,214,true,true,true,true,true,false,false,"0:[0, 1, 2, 3, 4, 5, 6, 7, 8, 9, 10, 11, 12, 13, 14, 15, 16, 17, 18, 19, 20, 21, 22, 23, 24, 25, 26, 27, 28, 29, 30, 31, 32, 33, 34, 35, 36, 37, 38, 39, 40, 41, 42, 43, 44, 45, 46, 47, 48, 49, 50, 51, 52, 53, 54, 55, 56, 57, 58, 59, 60, 61, 62, 63, 64, 65, 66, 67, 68, 69, 70, 71, 72, 73, 74, 75, 76, 77, 78, 79, 80, 81, 82, 83, 84, 85, 86, 87, 88, 89, 90, 91, 92, 93, 94, 95, 96, 97, 98, 99, 100, 101, 102, 103, 104, 105, 106, 107, 108, 109, 110, 111, 112, 113, 114, 115, 116, 117, 118, 119, 120, 121, 122, 123, 124, 125, 126, 127, 128, 129, 130, 131, 132, 133, 134, 135, 136, 137, 138, 139, 140, 141, 142, 143, 144, 145, 146, 147, 148, 149, 150, 151, 152, 153, 154, 155, 156, 157, 158, 159, 160, 161, 162, 163, 164, 165, 166, 167, 168, 169, 170, 171, 172, 173, 174, 175, 176, 177, 178, 179, 180, 181, 182, 183, 184, 185, 186, 187, 188, 189, 190, 191, 192, 193, 194, 195, 196, 197, 198, 199, 200, 201, 202, 203, 204, 205, 206, 207, 208, 209, 210, 211, 212, 213], 1:[], 2:[], 3:[], 4:[], 5:[], 6:[], 7:[], 8:[], 9:[], 10:[], 11:[], 12:[], 13:[], 14:[], 15:[], 16:[], 17:[], 18:[], 19:[], 20:[], 21:[], 22:[], 23:[], 24:[], 25:[], 26:[], 27:[], 28:[], 29:[], 30:[], 31:[], 32:[], 33:[], 34:[], 35:[], 36:[], 37:[], 38:[], 39:[], 40:[], 41:[], 42:[], 43:[], 44:[], 45:[], 46:[], 47:[], 48:[], 49:[], 50:[], 51:[], 52:[], 53:[], 54:[], 55:[], 56:[], 57:[], 58:[], 59:[], 60:[], 61:[], 62:[], 63:[], 64:[], 65:[], 66:[], 67:[], 68:[], 69:[], 70:[], 71:[], 72:[], 73:[], 74:[], 75:[], 76:[], 77:[], 78:[], 79:[], 80:[], 81:[], 82:[], 83:[], 84:[], 85:[], 86:[], 87:[], 88:[], 89:[], 90:[], 91:[], 92:[], 93:[], 94:[], 95:[], 96:[], 97:[], 98:[], 99:[], 100:[], 101:[], 102:[], 103:[], 104:[], 105:[], 106:[], 107:[], 108:[], 109:[], 110:[], 111:[], 112:[], 113:[], 114:[], 115:[], 116:[], 117:[], 118:[], 119:[], 120:[], 121:[], 122:[], 123:[], 124:[], 125:[], 126:[], 127:[], 128:[], 129:[], 130:[], 131:[], 132:[], 133:[], 134:[], 135:[], 136:[], 137:[], 138:[], 139:[], 140:[], 141:[], 142:[], 143:[], 144:[], 145:[], 146:[], 147:[], 148:[], 149:[], 150:[], 151:[], 152:[], 153:[], 154:[], 155:[], 156:[], 157:[], 158:[], 159:[], 160:[], 161:[], 162:[], 163:[], 164:[], 165:[], 166:[], 167:[], 168:[], 169:[], 170:[], 171:[], 172:[], 173:[], 174:[], 175:[], 176:[], 177:[], 178:[], 179:[], 180:[], 181:[], 182:[], 183:[], 184:[], 185:[], 186:[], 187:[], 188:[], 189:[], 190:[], 191:[], 192:[], 193:[], 194:[], 195:[], 196:[], 197:[], 198:[], 199:[], 200:[], 201:[], 202:[], 203:[], 204:[], 205:[], 206:[], 207:[], 208:[], 209:[], 210:[], 211:[], 212:[], 213:[]",104181813692,121405114553
5153,3,49712.4339,47824514,715143306,5712261499,1216.5129,false,214,true,true,true,true,true,false,false,"0:[0, 1, 2, 3, 4, 5, 6, 7, 8, 9, 10, 11, 12, 13, 14, 15, 16, 17, 18, 19, 20, 21, 22, 23, 24, 25, 26, 27, 28, 29, 30, 31, 32, 33, 34, 35, 36, 37, 38, 39, 40, 41, 42, 43, 44, 45, 46, 47, 48, 49, 50, 51, 52, 53, 54, 55, 56, 57, 58, 59, 60, 61, 62, 63, 64, 65, 66, 67, 68, 69, 70, 71, 72, 73, 74, 75, 76, 77, 78, 79, 80, 81, 82, 83, 84, 85, 86, 87, 88, 89, 90, 91, 92, 93, 94, 95, 96, 97, 98, 99, 100, 101, 102, 103, 104, 105, 106, 107, 108, 109, 110, 111, 112, 113, 114, 115, 116, 117, 118, 119, 120, 121, 122, 123, 124, 125, 126, 127, 128, 129, 130, 131, 132, 133, 134, 135, 136, 137, 138, 139, 140, 141, 142, 143, 144, 145, 146, 147, 148, 149, 150, 151, 152, 153, 154, 155, 156, 157, 158, 159, 160, 161, 162, 163, 164, 165, 166, 167, 168, 169, 170, 171, 172, 173, 174, 175, 176, 177, 178, 179, 180, 181, 182, 183, 184, 185, 186, 187, 188, 189, 190, 191, 192, 193, 194, 195, 196, 197, 198, 199, 200, 201, 202, 203, 204, 205, 206, 207, 208, 209, 210, 211, 212, 213], 1:[], 2:[], 3:[], 4:[], 5:[], 6:[], 7:[], 8:[], 9:[], 10:[], 11:[], 12:[], 13:[], 14:[], 15:[], 16:[], 17:[], 18:[], 19:[], 20:[], 21:[], 22:[], 23:[], 24:[], 25:[], 26:[], 27:[], 28:[], 29:[], 30:[], 31:[], 32:[], 33:[], 34:[], 35:[], 36:[], 37:[], 38:[], 39:[], 40:[], 41:[], 42:[], 43:[], 44:[], 45:[], 46:[], 47:[], 48:[], 49:[], 50:[], 51:[], 52:[], 53:[], 54:[], 55:[], 56:[], 57:[], 58:[], 59:[], 60:[], 61:[], 62:[], 63:[], 64:[], 65:[], 66:[], 67:[], 68:[], 69:[], 70:[], 71:[], 72:[], 73:[], 74:[], 75:[], 76:[], 77:[], 78:[], 79:[], 80:[], 81:[], 82:[], 83:[], 84:[], 85:[], 86:[], 87:[], 88:[], 89:[], 90:[], 91:[], 92:[], 93:[], 94:[], 95:[], 96:[], 97:[], 98:[], 99:[], 100:[], 101:[], 102:[], 103:[], 104:[], 105:[], 106:[], 107:[], 108:[], 109:[], 110:[], 111:[], 112:[], 113:[], 114:[], 115:[], 116:[], 117:[], 118:[], 119:[], 120:[], 121:[], 122:[], 123:[], 124:[], 125:[], 126:[], 127:[], 128:[], 129:[], 130:[], 131:[], 132:[], 133:[], 134:[], 135:[], 136:[], 137:[], 138:[], 139:[], 140:[], 141:[], 142:[], 143:[], 144:[], 145:[], 146:[], 147:[], 148:[], 149:[], 150:[], 151:[], 152:[], 153:[], 154:[], 155:[], 156:[], 157:[], 158:[], 159:[], 160:[], 161:[], 162:[], 163:[], 164:[], 165:[], 166:[], 167:[], 168:[], 169:[], 170:[], 171:[], 172:[], 173:[], 174:[], 175:[], 176:[], 177:[], 178:[], 179:[], 180:[], 181:[], 182:[], 183:[], 184:[], 185:[], 186:[], 187:[], 188:[], 189:[], 190:[], 191:[], 192:[], 193:[], 194:[], 195:[], 196:[], 197:[], 198:[], 199:[], 200:[], 201:[], 202:[], 203:[], 204:[], 205:[], 206:[], 207:[], 208:[], 209:[], 210:[], 211:[], 212:[], 213:[]",104385905160,121701486074
5167,3,46142.9615,48214440,720977982,5758870968,1270.4167,false,216,true,true,true,true,true,false,false,"0:[0, 1, 2, 3, 4, 5, 6, 7, 8, 9, 10, 11, 12, 13, 14, 15, 16, 17, 18, 19, 20, 21, 22, 23, 24, 25, 26, 27, 28, 29, 30, 31, 32, 33, 34, 35, 36, 37, 38, 39, 40, 41, 42, 43, 44, 45, 46, 47, 48, 49, 50, 51, 52, 53, 54, 55, 56, 57, 58, 59, 60, 61, 62, 63, 64, 65, 66, 67, 68, 69, 70, 71, 72, 73, 74, 75, 76, 77, 78, 79, 80, 81, 82, 83, 84, 85, 86, 87, 88, 89, 90, 91, 92, 93, 94, 95, 96, 97, 98, 99, 100, 101, 102, 103, 104, 105, 106, 107, 108, 109, 110, 111, 112, 113, 114, 115, 116, 117, 118, 119, 120, 121, 122, 123, 124, 125, 126, 127, 128, 129, 130, 131, 132, 133, 134, 135, 136, 137, 138, 139, 140, 141, 142, 143, 144, 145, 146, 147, 148, 149, 150, 151, 152, 153, 154, 155, 156, 157, 158, 159, 160, 161, 162, 163, 164, 165, 166, 167, 168, 169, 170, 171, 172, 173, 174, 175, 176, 177, 178, 179, 180, 181, 182, 183, 184, 185, 186, 187, 188, 189, 190, 191, 192, 193, 194, 195, 196, 197, 198, 199, 200, 201, 202, 203, 204, 205, 206, 207, 208, 209, 210, 211, 212, 213, 214, 215], 1:[], 2:[], 3:[], 4:[], 5:[], 6:[], 7:[], 8:[], 9:[], 10:[], 11:[], 12:[], 13:[], 14:[], 15:[], 16:[], 17:[], 18:[], 19:[], 20:[], 21:[], 22:[], 23:[], 24:[], 25:[], 26:[], 27:[], 28:[], 29:[], 30:[], 31:[], 32:[], 33:[], 34:[], 35:[], 36:[], 37:[], 38:[], 39:[], 40:[], 41:[], 42:[], 43:[], 44:[], 45:[], 46:[], 47:[], 48:[], 49:[], 50:[], 51:[], 52:[], 53:[], 54:[], 55:[], 56:[], 57:[], 58:[], 59:[], 60:[], 61:[], 62:[], 63:[], 64:[], 65:[], 66:[], 67:[], 68:[], 69:[], 70:[], 71:[], 72:[], 73:[], 74:[], 75:[], 76:[], 77:[], 78:[], 79:[], 80:[], 81:[], 82:[], 83:[], 84:[], 85:[], 86:[], 87:[], 88:[], 89:[], 90:[], 91:[], 92:[], 93:[], 94:[], 95:[], 96:[], 97:[], 98:[], 99:[], 100:[], 101:[], 102:[], 103:[], 104:[], 105:[], 106:[], 107:[], 108:[], 109:[], 110:[], 111:[], 112:[], 113:[], 114:[], 115:[], 116:[], 117:[], 118:[], 119:[], 120:[], 121:[], 122:[], 123:[], 124:[], 125:[], 126:[], 127:[], 128:[], 129:[], 130:[], 131:[], 132:[], 133:[], 134:[], 135:[], 136:[], 137:[], 138:[], 139:[], 140:[], 141:[], 142:[], 143:[], 144:[], 145:[], 146:[], 147:[], 148:[], 149:[], 150:[], 151:[], 152:[], 153:[], 154:[], 155:[], 156:[], 157:[], 158:[], 159:[], 160:[], 161:[], 162:[], 163:[], 164:[], 165:[], 166:[], 167:[], 168:[], 169:[], 170:[], 171:[], 172:[], 173:[], 174:[], 175:[], 176:[], 177:[], 178:[], 179:[], 180:[], 181:[], 182:[], 183:[], 184:[], 185:[], 186:[], 187:[], 188:[], 189:[], 190:[], 191:[], 192:[], 193:[], 194:[], 195:[], 196:[], 197:[], 198:[], 199:[], 200:[], 201:[], 202:[], 203:[], 204:[], 205:[], 206:[], 207:[], 208:[], 209:[], 210:[], 211:[], 212:[], 213:[], 214:[], 215:[]",104863597168,122394950438
5171,2,42280.8394,48326544,722650390,5772219540,1256.6503,false,216,true,true,true,true,true,false,false,"0:[0, 1, 2, 3, 4, 5, 6, 7, 8, 9, 10, 11, 12, 13, 14, 15, 16, 17, 18, 19, 20, 21, 22, 23, 24, 25, 26, 27, 28, 29, 30, 31, 32, 33, 34, 35, 36, 37, 38, 39, 40, 41, 42, 43, 44, 45, 46, 47, 48, 49, 50, 51, 52, 53, 54, 55, 56, 57, 58, 59, 60, 61, 62, 63, 64, 65, 66, 67, 68, 69, 70, 71, 72, 73, 74, 75, 76, 77, 78, 79, 80, 81, 82, 83, 84, 85, 86, 87, 88, 89, 90, 91, 92, 93, 94, 95, 96, 97, 98, 99, 100, 101, 102, 103, 104, 105, 106, 107, 108, 109, 110, 111, 112, 113, 114, 115, 116, 117, 118, 119, 120, 121, 122, 123, 124, 125, 126, 127, 128, 129, 130, 131, 132, 133, 134, 135, 136, 137, 138, 139, 140, 141, 142, 143, 144, 145, 146, 147, 148, 149, 150, 151, 152, 153, 154, 155, 156, 157, 158, 159, 160, 161, 162, 163, 164, 165, 166, 167, 168, 169, 170, 171, 172, 173, 174, 175, 176, 177, 178, 179, 180, 181, 182, 183, 184, 185, 186, 187, 188, 189, 190, 191, 192, 193, 194, 195, 196, 197, 198, 199, 200, 201, 202, 203, 204, 205, 206, 207, 208, 209, 210, 211, 212, 213, 214, 215], 1:[], 2:[], 3:[], 4:[], 5:[], 6:[], 7:[], 8:[], 9:[], 10:[], 11:[], 12:[], 13:[], 14:[], 15:[], 16:[], 17:[], 18:[], 19:[], 20:[], 21:[], 22:[], 23:[], 24:[], 25:[], 26:[], 27:[], 28:[], 29:[], 30:[], 31:[], 32:[], 33:[], 34:[], 35:[], 36:[], 37:[], 38:[], 39:[], 40:[], 41:[], 42:[], 43:[], 44:[], 45:[], 46:[], 47:[], 48:[], 49:[], 50:[], 51:[], 52:[], 53:[], 54:[], 55:[], 56:[], 57:[], 58:[], 59:[], 60:[], 61:[], 62:[], 63:[], 64:[], 65:[], 66:[], 67:[], 68:[], 69:[], 70:[], 71:[], 72:[], 73:[], 74:[], 75:[], 76:[], 77:[], 78:[], 79:[], 80:[], 81:[], 82:[], 83:[], 84:[], 85:[], 86:[], 87:[], 88:[], 89:[], 90:[], 91:[], 92:[], 93:[], 94:[], 95:[], 96:[], 97:[], 98:[], 99:[], 100:[], 101:[], 102:[], 103:[], 104:[], 105:[], 106:[], 107:[], 108:[], 109:[], 110:[], 111:[], 112:[], 113:[], 114:[], 115:[], 116:[], 117:[], 118:[], 119:[], 120:[], 121:[], 122:[], 123:[], 124:[], 125:[], 126:[], 127:[], 128:[], 129:[], 130:[], 131:[], 132:[], 133:[], 134:[], 135:[], 136:[], 137:[], 138:[], 139:[], 140:[], 141:[], 142:[], 143:[], 144:[], 145:[], 146:[], 147:[], 148:[], 149:[], 150:[], 151:[], 152:[], 153:[], 154:[], 155:[], 156:[], 157:[], 158:[], 159:[], 160:[], 161:[], 162:[], 163:[], 164:[], 165:[], 166:[], 167:[], 168:[], 169:[], 170:[], 171:[], 172:[], 173:[], 174:[], 175:[], 176:[], 177:[], 178:[], 179:[], 180:[], 181:[], 182:[], 183:[], 184:[], 185:[], 186:[], 187:[], 188:[], 189:[], 190:[], 191:[], 192:[], 193:[], 194:[], 195:[], 196:[], 197:[], 198:[], 199:[], 200:[], 201:[], 202:[], 203:[], 204:[], 205:[], 206:[], 207:[], 208:[], 209:[], 210:[], 211:[], 212:[], 213:[], 214:[], 215:[]",105000528720,122593662942
5179,2,42942.9264,48550407,726008350,5799079855,1245.2155,false,216,true,true,true,true,true,false,false,"0:[0, 1, 2, 3, 4, 5, 6, 7, 8, 9, 10, 11, 12, 13, 14, 15, 16, 17, 18, 19, 20, 21, 22, 23, 24, 25, 26, 27, 28, 29, 30, 31, 32, 33, 34, 35, 36, 37, 38, 39, 40, 41, 42, 43, 44, 45, 46, 47, 48, 49, 50, 51, 52, 53, 54, 55, 56, 57, 58, 59, 60, 61, 62, 63, 64, 65, 66, 67, 68, 69, 70, 71, 72, 73, 74, 75, 76, 77, 78, 79, 80, 81, 82, 83, 84, 85, 86, 87, 88, 89, 90, 91, 92, 93, 94, 95, 96, 97, 98, 99, 100, 101, 102, 103, 104, 105, 106, 107, 108, 109, 110, 111, 112, 113, 114, 115, 116, 117, 118, 119, 120, 121, 122, 123, 124, 125, 126, 127, 128, 129, 130, 131, 132, 133, 134, 135, 136, 137, 138, 139, 140, 141, 142, 143, 144, 145, 146, 147, 148, 149, 150, 151, 152, 153, 154, 155, 156, 157, 158, 159, 160, 161, 162, 163, 164, 165, 166, 167, 168, 169, 170, 171, 172, 173, 174, 175, 176, 177, 178, 179, 180, 181, 182, 183, 184, 185, 186, 187, 188, 189, 190, 191, 192, 193, 194, 195, 196, 197, 198, 199, 200, 201, 202, 203, 204, 205, 206, 207, 208, 209, 210, 211, 212, 213, 214, 215], 1:[], 2:[], 3:[], 4:[], 5:[], 6:[], 7:[], 8:[], 9:[], 10:[], 11:[], 12:[], 13:[], 14:[], 15:[], 16:[], 17:[], 18:[], 19:[], 20:[], 21:[], 22:[], 23:[], 24:[], 25:[], 26:[], 27:[], 28:[], 29:[], 30:[], 31:[], 32:[], 33:[], 34:[], 35:[], 36:[], 37:[], 38:[], 39:[], 40:[], 41:[], 42:[], 43:[], 44:[], 45:[], 46:[], 47:[], 48:[], 49:[], 50:[], 51:[], 52:[], 53:[], 54:[], 55:[], 56:[], 57:[], 58:[], 59:[], 60:[], 61:[], 62:[], 63:[], 64:[], 65:[], 66:[], 67:[], 68:[], 69:[], 70:[], 71:[], 72:[], 73:[], 74:[], 75:[], 76:[], 77:[], 78:[], 79:[], 80:[], 81:[], 82:[], 83:[], 84:[], 85:[], 86:[], 87:[], 88:[], 89:[], 90:[], 91:[], 92:[], 93:[], 94:[], 95:[], 96:[], 97:[], 98:[], 99:[], 100:[], 101:[], 102:[], 103:[], 104:[], 105:[], 106:[], 107:[], 108:[], 109:[], 110:[], 111:[], 112:[], 113:[], 114:[], 115:[], 116:[], 117:[], 118:[], 119:[], 120:[], 121:[], 122:[], 123:[], 124:[], 125:[], 126:[], 127:[], 128:[], 129:[], 130:[], 131:[], 132:[], 133:[], 134:[], 135:[], 136:[], 137:[], 138:[], 139:[], 140:[], 141:[], 142:[], 143:[], 144:[], 145:[], 146:[], 147:[], 148:[], 149:[], 150:[], 151:[], 152:[], 153:[], 154:[], 155:[], 156:[], 157:[], 158:[], 159:[], 160:[], 161:[], 162:[], 163:[], 164:[], 165:[], 166:[], 167:[], 168:[], 169:[], 170:[], 171:[], 172:[], 173:[], 174:[], 175:[], 176:[], 177:[], 178:[], 179:[], 180:[], 181:[], 182:[], 183:[], 184:[], 185:[], 186:[], 187:[], 188:[], 189:[], 190:[], 191:[], 192:[], 193:[], 194:[], 195:[], 196:[], 197:[], 198:[], 199:[], 200:[], 201:[], 202:[], 203:[], 204:[], 205:[], 206:[], 207:[], 208:[], 209:[], 210:[], 211:[], 212:[], 213:[], 214:[], 215:[]",105275433684,122992826826
5189,2,43614.0011,48831641,730216469,5832706730,1155.9638,false,216,true,true,true,true,true,false,false,"0:[0, 1, 2, 3, 4, 5, 6, 7, 8, 9, 10, 11, 12, 13, 14, 15, 16, 17, 18, 19, 20, 21, 22, 23, 24, 25, 26, 27, 28, 29, 30, 31, 32, 33, 34, 35, 36, 37, 38, 39, 40, 41, 42, 43, 44, 45, 46, 47, 48, 49, 50, 51, 52, 53, 54, 55, 56, 57, 58, 59, 60, 61, 62, 63, 64, 65, 66, 67, 68, 69, 70, 71, 72, 73, 74, 75, 76, 77, 78, 79, 80, 81, 82, 83, 84, 85, 86, 87, 88, 89, 90, 91, 92, 93, 94, 95, 96, 97, 98, 99, 100, 101, 102, 103, 104, 105, 106, 107, 108, 109, 110, 111, 112, 113, 114, 115, 116, 117, 118, 119, 120, 121, 122, 123, 124, 125, 126, 127, 128, 129, 130, 131, 132, 133, 134, 135, 136, 137, 138, 139, 140, 141, 142, 143, 144, 145, 146, 147, 148, 149, 150, 151, 152, 153, 154, 155, 156, 157, 158, 159, 160, 161, 162, 163, 164, 165, 166, 167, 168, 169, 170, 171, 172, 173, 174, 175, 176, 177, 178, 179, 180, 181, 182, 183, 184, 185, 186, 187, 188, 189, 190, 191, 192, 193, 194, 195, 196, 197, 198, 199, 200, 201, 202, 203, 204, 205, 206, 207, 208, 209, 210, 211, 212, 213, 214, 215], 1:[], 2:[], 3:[], 4:[], 5:[], 6:[], 7:[], 8:[], 9:[], 10:[], 11:[], 12:[], 13:[], 14:[], 15:[], 16:[], 17:[], 18:[], 19:[], 20:[], 21:[], 22:[], 23:[], 24:[], 25:[], 26:[], 27:[], 28:[], 29:[], 30:[], 31:[], 32:[], 33:[], 34:[], 35:[], 36:[], 37:[], 38:[], 39:[], 40:[], 41:[], 42:[], 43:[], 44:[], 45:[], 46:[], 47:[], 48:[], 49:[], 50:[], 51:[], 52:[], 53:[], 54:[], 55:[], 56:[], 57:[], 58:[], 59:[], 60:[], 61:[], 62:[], 63:[], 64:[], 65:[], 66:[], 67:[], 68:[], 69:[], 70:[], 71:[], 72:[], 73:[], 74:[], 75:[], 76:[], 77:[], 78:[], 79:[], 80:[], 81:[], 82:[], 83:[], 84:[], 85:[], 86:[], 87:[], 88:[], 89:[], 90:[], 91:[], 92:[], 93:[], 94:[], 95:[], 96:[], 97:[], 98:[], 99:[], 100:[], 101:[], 102:[], 103:[], 104:[], 105:[], 106:[], 107:[], 108:[], 109:[], 110:[], 111:[], 112:[], 113:[], 114:[], 115:[], 116:[], 117:[], 118:[], 119:[], 120:[], 121:[], 122:[], 123:[], 124:[], 125:[], 126:[], 127:[], 128:[], 129:[], 130:[], 131:[], 132:[], 133:[], 134:[], 135:[], 136:[], 137:[], 138:[], 139:[], 140:[], 141:[], 142:[], 143:[], 144:[], 145:[], 146:[], 147:[], 148:[], 149:[], 150:[], 151:[], 152:[], 153:[], 154:[], 155:[], 156:[], 157:[], 158:[], 159:[], 160:[], 161:[], 162:[], 163:[], 164:[], 165:[], 166:[], 167:[], 168:[], 169:[], 170:[], 171:[], 172:[], 173:[], 174:[], 175:[], 176:[], 177:[], 178:[], 179:[], 180:[], 181:[], 182:[], 183:[], 184:[], 185:[], 186:[], 187:[], 188:[], 189:[], 190:[], 191:[], 192:[], 193:[], 194:[], 195:[], 196:[], 197:[], 198:[], 199:[], 200:[], 201:[], 202:[], 203:[], 204:[], 205:[], 206:[], 207:[], 208:[], 209:[], 210:[], 211:[], 212:[], 213:[], 214:[], 215:[]",105619957756,123492995109
5197,2,44021.0727,49057060,733593833,5859698616,1329.1500,false,217,true,true,true,true,true,false,false,"0:[0, 1, 2, 3, 4, 5, 6, 7, 8, 9, 10, 11, 12, 13, 14, 15, 16, 17, 18, 19, 20, 21, 22, 23, 24, 25, 26, 27, 28, 29, 30, 31, 32, 33, 34, 35, 36, 37, 38, 39, 40, 41, 42, 43, 44, 45, 46, 47, 48, 49, 50, 51, 52, 53, 54, 55, 56, 57, 58, 59, 60, 61, 62, 63, 64, 65, 66, 67, 68, 69, 70, 71, 72, 73, 74, 75, 76, 77, 78, 79, 80, 81, 82, 83, 84, 85, 86, 87, 88, 89, 90, 91, 92, 93, 94, 95, 96, 97, 98, 99, 100, 101, 102, 103, 104, 105, 106, 107, 108, 109, 110, 111, 112, 113, 114, 115, 116, 117, 118, 119, 120, 121, 122, 123, 124, 125, 126, 127, 128, 129, 130, 131, 132, 133, 134, 135, 136, 137, 138, 139, 140, 141, 142, 143, 144, 145, 146, 147, 148, 149, 150, 151, 152, 153, 154, 155, 156, 157, 158, 159, 160, 161, 162, 163, 164, 165, 166, 167, 168, 169, 170, 171, 172, 173, 174, 175, 176, 177, 178, 179, 180, 181, 182, 183, 184, 185, 186, 187, 188, 189, 190, 191, 192, 193, 194, 195, 196, 197, 198, 199, 200, 201, 202, 203, 204, 205, 206, 207, 208, 209, 210, 211, 212, 213, 214, 215, 216], 1:[], 2:[], 3:[], 4:[], 5:[], 6:[], 7:[], 8:[], 9:[], 10:[], 11:[], 12:[], 13:[], 14:[], 15:[], 16:[], 17:[], 18:[], 19:[], 20:[], 21:[], 22:[], 23:[], 24:[], 25:[], 26:[], 27:[], 28:[], 29:[], 30:[], 31:[], 32:[], 33:[], 34:[], 35:[], 36:[], 37:[], 38:[], 39:[], 40:[], 41:[], 42:[], 43:[], 44:[], 45:[], 46:[], 47:[], 48:[], 49:[], 50:[], 51:[], 52:[], 53:[], 54:[], 55:[], 56:[], 57:[], 58:[], 59:[], 60:[], 61:[], 62:[], 63:[], 64:[], 65:[], 66:[], 67:[], 68:[], 69:[], 70:[], 71:[], 72:[], 73:[], 74:[], 75:[], 76:[], 77:[], 78:[], 79:[], 80:[], 81:[], 82:[], 83:[], 84:[], 85:[], 86:[], 87:[], 88:[], 89:[], 90:[], 91:[], 92:[], 93:[], 94:[], 95:[], 96:[], 97:[], 98:[], 99:[], 100:[], 101:[], 102:[], 103:[], 104:[], 105:[], 106:[], 107:[], 108:[], 109:[], 110:[], 111:[], 112:[], 113:[], 114:[], 115:[], 116:[], 117:[], 118:[], 119:[], 120:[], 121:[], 122:[], 123:[], 124:[], 125:[], 126:[], 127:[], 128:[], 129:[], 130:[], 131:[], 132:[], 133:[], 134:[], 135:[], 136:[], 137:[], 138:[], 139:[], 140:[], 141:[], 142:[], 143:[], 144:[], 145:[], 146:[], 147:[], 148:[], 149:[], 150:[], 151:[], 152:[], 153:[], 154:[], 155:[], 156:[], 157:[], 158:[], 159:[], 160:[], 161:[], 162:[], 163:[], 164:[], 165:[], 166:[], 167:[], 168:[], 169:[], 170:[], 171:[], 172:[], 173:[], 174:[], 175:[], 176:[], 177:[], 178:[], 179:[], 180:[], 181:[], 182:[], 183:[], 184:[], 185:[], 186:[], 187:[], 188:[], 189:[], 190:[], 191:[], 192:[], 193:[], 194:[], 195:[], 196:[], 197:[], 198:[], 199:[], 200:[], 201:[], 202:[], 203:[], 204:[], 205:[], 206:[], 207:[], 208:[], 209:[], 210:[], 211:[], 212:[], 213:[], 214:[], 215:[], 216:[]",105896458608,123894471581
5209,11,69264.8708,49396926,738685299,5900412010,1212.0321,false,218,true,true,true,true,true,false,false,"0:[0, 1, 2, 3, 4, 5, 6, 7, 8, 9, 10, 11, 12, 13, 14, 15, 16, 17, 18, 19, 20, 21, 22, 23, 24, 25, 26, 27, 28, 29, 30, 31, 32, 33, 34, 35, 36, 37, 38, 39, 40, 41, 42, 43, 44, 45, 46, 47, 48, 49, 50, 51, 52, 53, 54, 55, 56, 57, 58, 59, 60, 61, 62, 63, 64, 65, 66, 67, 68, 69, 70, 71, 72, 73, 74, 75, 76, 77, 78, 79, 80, 81, 82, 83, 84, 85, 86, 87, 88, 89, 90, 91, 92, 93, 94, 95, 96, 97, 98, 99, 100, 101, 102, 103, 104, 105, 106, 107, 108, 109, 110, 111, 112, 113, 114, 115, 116, 117, 118, 119, 120, 121, 122, 123, 124, 125, 126, 127, 128, 129, 130, 131, 132, 133, 134, 135, 136, 137, 138, 139, 140, 141, 142, 143, 144, 145, 146, 147, 148, 149, 150, 151, 152, 153, 154, 155, 156, 157, 158, 159, 160, 161, 162, 163, 164, 165, 166, 167, 168, 169, 170, 171, 172, 173, 174, 175, 176, 177, 178, 179, 180, 181, 182, 183, 184, 185, 186, 187, 188, 189, 190, 191, 192, 193, 194, 195, 196, 197, 198, 199, 200, 201, 202, 203, 204, 205, 206, 207, 208, 209, 210, 211, 212, 213, 214, 215, 216, 217], 1:[], 2:[], 3:[], 4:[], 5:[], 6:[], 7:[], 8:[], 9:[], 10:[], 11:[], 12:[], 13:[], 14:[], 15:[], 16:[], 17:[], 18:[], 19:[], 20:[], 21:[], 22:[], 23:[], 24:[], 25:[], 26:[], 27:[], 28:[], 29:[], 30:[], 31:[], 32:[], 33:[], 34:[], 35:[], 36:[], 37:[], 38:[], 39:[], 40:[], 41:[], 42:[], 43:[], 44:[], 45:[], 46:[], 47:[], 48:[], 49:[], 50:[], 51:[], 52:[], 53:[], 54:[], 55:[], 56:[], 57:[], 58:[], 59:[], 60:[], 61:[], 62:[], 63:[], 64:[], 65:[], 66:[], 67:[], 68:[], 69:[], 70:[], 71:[], 72:[], 73:[], 74:[], 75:[], 76:[], 77:[], 78:[], 79:[], 80:[], 81:[], 82:[], 83:[], 84:[], 85:[], 86:[], 87:[], 88:[], 89:[], 90:[], 91:[], 92:[], 93:[], 94:[], 95:[], 96:[], 97:[], 98:[], 99:[], 100:[], 101:[], 102:[], 103:[], 104:[], 105:[], 106:[], 107:[], 108:[], 109:[], 110:[], 111:[], 112:[], 113:[], 114:[], 115:[], 116:[], 117:[], 118:[], 119:[], 120:[], 121:[], 122:[], 123:[], 124:[], 125:[], 126:[], 127:[], 128:[], 129:[], 130:[], 131:[], 132:[], 133:[], 134:[], 135:[], 136:[], 137:[], 138:[], 139:[], 140:[], 141:[], 142:[], 143:[], 144:[], 145:[], 146:[], 147:[], 148:[], 149:[], 150:[], 151:[], 152:[], 153:[], 154:[], 155:[], 156:[], 157:[], 158:[], 159:[], 160:[], 161:[], 162:[], 163:[], 164:[], 165:[], 166:[], 167:[], 168:[], 169:[], 170:[], 171:[], 172:[], 173:[], 174:[], 175:[], 176:[], 177:[], 178:[], 179:[], 180:[], 181:[], 182:[], 183:[], 184:[], 185:[], 186:[], 187:[], 188:[], 189:[], 190:[], 191:[], 192:[], 193:[], 194:[], 195:[], 196:[], 197:[], 198:[], 199:[], 200:[], 201:[], 202:[], 203:[], 204:[], 205:[], 206:[], 207:[], 208:[], 209:[], 210:[], 211:[], 212:[], 213:[], 214:[], 215:[], 216:[], 217:[]",106313292136,124499606247
5227,2,43166.0487,49909879,746356107,5961679505,1202.8590,false,217,true,true,true,true,true,false,false,"0:[0, 1, 2, 3, 4, 5, 6, 7, 8, 9, 10, 11, 12, 13, 14, 15, 16, 17, 18, 19, 20, 21, 22, 23, 24, 25, 26, 27, 28, 29, 30, 31, 32, 33, 34, 35, 36, 37, 38, 39, 40, 41, 42, 43, 44, 45, 46, 47, 48, 49, 50, 51, 52, 53, 54, 55, 56, 57, 58, 59, 60, 61, 62, 63, 64, 65, 66, 67, 68, 69, 70, 71, 72, 73, 74, 75, 76, 77, 78, 79, 80, 81, 82, 83, 84, 85, 86, 87, 88, 89, 90, 91, 92, 93, 94, 95, 96, 97, 98, 99, 100, 101, 102, 103, 104, 105, 106, 107, 108, 109, 110, 111, 112, 113, 114, 115, 116, 117, 118, 119, 120, 121, 122, 123, 124, 125, 126, 127, 128, 129, 130, 131, 132, 133, 134, 135, 136, 137, 138, 139, 140, 141, 142, 143, 144, 145, 146, 147, 148, 149, 150, 151, 152, 153, 154, 155, 156, 157, 158, 159, 160, 161, 162, 163, 164, 165, 166, 167, 168, 169, 170, 171, 172, 173, 174, 175, 176, 177, 178, 179, 180, 181, 182, 183, 184, 185, 186, 187, 188, 189, 190, 191, 192, 193, 194, 195, 196, 197, 198, 199, 200, 201, 202, 203, 204, 205, 206, 207, 208, 209, 210, 211, 212, 213, 214, 215, 216], 1:[], 2:[], 3:[], 4:[], 5:[], 6:[], 7:[], 8:[], 9:[], 10:[], 11:[], 12:[], 13:[], 14:[], 15:[], 16:[], 17:[], 18:[], 19:[], 20:[], 21:[], 22:[], 23:[], 24:[], 25:[], 26:[], 27:[], 28:[], 29:[], 30:[], 31:[], 32:[], 33:[], 34:[], 35:[], 36:[], 37:[], 38:[], 39:[], 40:[], 41:[], 42:[], 43:[], 44:[], 45:[], 46:[], 47:[], 48:[], 49:[], 50:[], 51:[], 52:[], 53:[], 54:[], 55:[], 56:[], 57:[], 58:[], 59:[], 60:[], 61:[], 62:[], 63:[], 64:[], 65:[], 66:[], 67:[], 68:[], 69:[], 70:[], 71:[], 72:[], 73:[], 74:[], 75:[], 76:[], 77:[], 78:[], 79:[], 80:[], 81:[], 82:[], 83:[], 84:[], 85:[], 86:[], 87:[], 88:[], 89:[], 90:[], 91:[], 92:[], 93:[], 94:[], 95:[], 96:[], 97:[], 98:[], 99:[], 100:[], 101:[], 102:[], 103:[], 104:[], 105:[], 106:[], 107:[], 108:[], 109:[], 110:[], 111:[], 112:[], 113:[], 114:[], 115:[], 116:[], 117:[], 118:[], 119:[], 120:[], 121:[], 122:[], 123:[], 124:[], 125:[], 126:[], 127:[], 128:[], 129:[], 130:[], 131:[], 132:[], 133:[], 134:[], 135:[], 136:[], 137:[], 138:[], 139:[], 140:[], 141:[], 142:[], 143:[], 144:[], 145:[], 146:[], 147:[], 148:[], 149:[], 150:[], 151:[], 152:[], 153:[], 154:[], 155:[], 156:[], 157:[], 158:[], 159:[], 160:[], 161:[], 162:[], 163:[], 164:[], 165:[], 166:[], 167:[], 168:[], 169:[], 170:[], 171:[], 172:[], 173:[], 174:[], 175:[], 176:[], 177:[], 178:[], 179:[], 180:[], 181:[], 182:[], 183:[], 184:[], 185:[], 186:[], 187:[], 188:[], 189:[], 190:[], 191:[], 192:[], 193:[], 194:[], 195:[], 196:[], 197:[], 198:[], 199:[], 200:[], 201:[], 202:[], 203:[], 204:[], 205:[], 206:[], 207:[], 208:[], 209:[], 210:[], 211:[], 212:[], 213:[], 214:[], 215:[], 216:[]",106941319460,125411244091
5231,7,47055.5263,50024592,748070200,5975377095,1179.2217,false,217,true,true,true,true,true,false,false,"0:[0, 1, 2, 3, 4, 5, 6, 7, 8, 9, 10, 11, 12, 13, 14, 15, 16, 17, 18, 19, 20, 21, 22, 23, 24, 25, 26, 27, 28, 29, 30, 31, 32, 33, 34, 35, 36, 37, 38, 39, 40, 41, 42, 43, 44, 45, 46, 47, 48, 49, 50, 51, 52, 53, 54, 55, 56, 57, 58, 59, 60, 61, 62, 63, 64, 65, 66, 67, 68, 69, 70, 71, 72, 73, 74, 75, 76, 77, 78, 79, 80, 81, 82, 83, 84, 85, 86, 87, 88, 89, 90, 91, 92, 93, 94, 95, 96, 97, 98, 99, 100, 101, 102, 103, 104, 105, 106, 107, 108, 109, 110, 111, 112, 113, 114, 115, 116, 117, 118, 119, 120, 121, 122, 123, 124, 125, 126, 127, 128, 129, 130, 131, 132, 133, 134, 135, 136, 137, 138, 139, 140, 141, 142, 143, 144, 145, 146, 147, 148, 149, 150, 151, 152, 153, 154, 155, 156, 157, 158, 159, 160, 161, 162, 163, 164, 165, 166, 167, 168, 169, 170, 171, 172, 173, 174, 175, 176, 177, 178, 179, 180, 181, 182, 183, 184, 185, 186, 187, 188, 189, 190, 191, 192, 193, 194, 195, 196, 197, 198, 199, 200, 201, 202, 203, 204, 205, 206, 207, 208, 209, 210, 211, 212, 213, 214, 215, 216], 1:[], 2:[], 3:[], 4:[], 5:[], 6:[], 7:[], 8:[], 9:[], 10:[], 11:[], 12:[], 13:[], 14:[], 15:[], 16:[], 17:[], 18:[], 19:[], 20:[], 21:[], 22:[], 23:[], 24:[], 25:[], 26:[], 27:[], 28:[], 29:[], 30:[], 31:[], 32:[], 33:[], 34:[], 35:[], 36:[], 37:[], 38:[], 39:[], 40:[], 41:[], 42:[], 43:[], 44:[], 45:[], 46:[], 47:[], 48:[], 49:[], 50:[], 51:[], 52:[], 53:[], 54:[], 55:[], 56:[], 57:[], 58:[], 59:[], 60:[], 61:[], 62:[], 63:[], 64:[], 65:[], 66:[], 67:[], 68:[], 69:[], 70:[], 71:[], 72:[], 73:[], 74:[], 75:[], 76:[], 77:[], 78:[], 79:[], 80:[], 81:[], 82:[], 83:[], 84:[], 85:[], 86:[], 87:[], 88:[], 89:[], 90:[], 91:[], 92:[], 93:[], 94:[], 95:[], 96:[], 97:[], 98:[], 99:[], 100:[], 101:[], 102:[], 103:[], 104:[], 105:[], 106:[], 107:[], 108:[], 109:[], 110:[], 111:[], 112:[], 113:[], 114:[], 115:[], 116:[], 117:[], 118:[], 119:[], 120:[], 121:[], 122:[], 123:[], 124:[], 125:[], 126:[], 127:[], 128:[], 129:[], 130:[], 131:[], 132:[], 133:[], 134:[], 135:[], 136:[], 137:[], 138:[], 139:[], 140:[], 141:[], 142:[], 143:[], 144:[], 145:[], 146:[], 147:[], 148:[], 149:[], 150:[], 151:[], 152:[], 153:[], 154:[], 155:[], 156:[], 157:[], 158:[], 159:[], 160:[], 161:[], 162:[], 163:[], 164:[], 165:[], 166:[], 167:[], 168:[], 169:[], 170:[], 171:[], 172:[], 173:[], 174:[], 175:[], 176:[], 177:[], 178:[], 179:[], 180:[], 181:[], 182:[], 183:[], 184:[], 185:[], 186:[], 187:[], 188:[], 189:[], 190:[], 191:[], 192:[], 193:[], 194:[], 195:[], 196:[], 197:[], 198:[], 199:[], 200:[], 201:[], 202:[], 203:[], 204:[], 205:[], 206:[], 207:[], 208:[], 209:[], 210:[], 211:[], 212:[], 213:[], 214:[], 215:[], 216:[]",107081658864,125614906888
5233,5,54555.6375,50081358,748928287,5982256839,1303.7397,false,218,true,true,true,true,true,false,false,"0:[0, 1, 2, 3, 4, 5, 6, 7, 8, 9, 10, 11, 12, 13, 14, 15, 16, 17, 18, 19, 20, 21, 22, 23, 24, 25, 26, 27, 28, 29, 30, 31, 32, 33, 34, 35, 36, 37, 38, 39, 40, 41, 42, 43, 44, 45, 46, 47, 48, 49, 50, 51, 52, 53, 54, 55, 56, 57, 58, 59, 60, 61, 62, 63, 64, 65, 66, 67, 68, 69, 70, 71, 72, 73, 74, 75, 76, 77, 78, 79, 80, 81, 82, 83, 84, 85, 86, 87, 88, 89, 90, 91, 92, 93, 94, 95, 96, 97, 98, 99, 100, 101, 102, 103, 104, 105, 106, 107, 108, 109, 110, 111, 112, 113, 114, 115, 116, 117, 118, 119, 120, 121, 122, 123, 124, 125, 126, 127, 128, 129, 130, 131, 132, 133, 134, 135, 136, 137, 138, 139, 140, 141, 142, 143, 144, 145, 146, 147, 148, 149, 150, 151, 152, 153, 154, 155, 156, 157, 158, 159, 160, 161, 162, 163, 164, 165, 166, 167, 168, 169, 170, 171, 172, 173, 174, 175, 176, 177, 178, 179, 180, 181, 182, 183, 184, 185, 186, 187, 188, 189, 190, 191, 192, 193, 194, 195, 196, 197, 198, 199, 200, 201, 202, 203, 204, 205, 206, 207, 208, 209, 210, 211, 212, 213, 214, 215, 216, 217], 1:[], 2:[], 3:[], 4:[], 5:[], 6:[], 7:[], 8:[], 9:[], 10:[], 11:[], 12:[], 13:[], 14:[], 15:[], 16:[], 17:[], 18:[], 19:[], 20:[], 21:[], 22:[], 23:[], 24:[], 25:[], 26:[], 27:[], 28:[], 29:[], 30:[], 31:[], 32:[], 33:[], 34:[], 35:[], 36:[], 37:[], 38:[], 39:[], 40:[], 41:[], 42:[], 43:[], 44:[], 45:[], 46:[], 47:[], 48:[], 49:[], 50:[], 51:[], 52:[], 53:[], 54:[], 55:[], 56:[], 57:[], 58:[], 59:[], 60:[], 61:[], 62:[], 63:[], 64:[], 65:[], 66:[], 67:[], 68:[], 69:[], 70:[], 71:[], 72:[], 73:[], 74:[], 75:[], 76:[], 77:[], 78:[], 79:[], 80:[], 81:[], 82:[], 83:[], 84:[], 85:[], 86:[], 87:[], 88:[], 89:[], 90:[], 91:[], 92:[], 93:[], 94:[], 95:[], 96:[], 97:[], 98:[], 99:[], 100:[], 101:[], 102:[], 103:[], 104:[], 105:[], 106:[], 107:[], 108:[], 109:[], 110:[], 111:[], 112:[], 113:[], 114:[], 115:[], 116:[], 117:[], 118:[], 119:[], 120:[], 121:[], 122:[], 123:[], 124:[], 125:[], 126:[], 127:[], 128:[], 129:[], 130:[], 131:[], 132:[], 133:[], 134:[], 135:[], 136:[], 137:[], 138:[], 139:[], 140:[], 141:[], 142:[], 143:[], 144:[], 145:[], 146:[], 147:[], 148:[], 149:[], 150:[], 151:[], 152:[], 153:[], 154:[], 155:[], 156:[], 157:[], 158:[], 159:[], 160:[], 161:[], 162:[], 163:[], 164:[], 165:[], 166:[], 167:[], 168:[], 169:[], 170:[], 171:[], 172:[], 173:[], 174:[], 175:[], 176:[], 177:[], 178:[], 179:[], 180:[], 181:[], 182:[], 183:[], 184:[], 185:[], 186:[], 187:[], 188:[], 189:[], 190:[], 191:[], 192:[], 193:[], 194:[], 195:[], 196:[], 197:[], 198:[], 199:[], 200:[], 201:[], 202:[], 203:[], 204:[], 205:[], 206:[], 207:[], 208:[], 209:[], 210:[], 211:[], 212:[], 213:[], 214:[], 215:[], 216:[], 217:[]",107151895272,125717032483
5237,2,45368.4760,50196333,750647665,5996004872,1187.6330,false,219,true,true,true,true,true,false,false,"0:[0, 1, 2, 3, 4, 5, 6, 7, 8, 9, 10, 11, 12, 13, 14, 15, 16, 17, 18, 19, 20, 21, 22, 23, 24, 25, 26, 27, 28, 29, 30, 31, 32, 33, 34, 35, 36, 37, 38, 39, 40, 41, 42, 43, 44, 45, 46, 47, 48, 49, 50, 51, 52, 53, 54, 55, 56, 57, 58, 59, 60, 61, 62, 63, 64, 65, 66, 67, 68, 69, 70, 71, 72, 73, 74, 75, 76, 77, 78, 79, 80, 81, 82, 83, 84, 85, 86, 87, 88, 89, 90, 91, 92, 93, 94, 95, 96, 97, 98, 99, 100, 101, 102, 103, 104, 105, 106, 107, 108, 109, 110, 111, 112, 113, 114, 115, 116, 117, 118, 119, 120, 121, 122, 123, 124, 125, 126, 127, 128, 129, 130, 131, 132, 133, 134, 135, 136, 137, 138, 139, 140, 141, 142, 143, 144, 145, 146, 147, 148, 149, 150, 151, 152, 153, 154, 155, 156, 157, 158, 159, 160, 161, 162, 163, 164, 165, 166, 167, 168, 169, 170, 171, 172, 173, 174, 175, 176, 177, 178, 179, 180, 181, 182, 183, 184, 185, 186, 187, 188, 189, 190, 191, 192, 193, 194, 195, 196, 197, 198, 199, 200, 201, 202, 203, 204, 205, 206, 207, 208, 209, 210, 211, 212, 213, 214, 215, 216, 217, 218], 1:[], 2:[], 3:[], 4:[], 5:[], 6:[], 7:[], 8:[], 9:[], 10:[], 11:[], 12:[], 13:[], 14:[], 15:[], 16:[], 17:[], 18:[], 19:[], 20:[], 21:[], 22:[], 23:[], 24:[], 25:[], 26:[], 27:[], 28:[], 29:[], 30:[], 31:[], 32:[], 33:[], 34:[], 35:[], 36:[], 37:[], 38:[], 39:[], 40:[], 41:[], 42:[], 43:[], 44:[], 45:[], 46:[], 47:[], 48:[], 49:[], 50:[], 51:[], 52:[], 53:[], 54:[], 55:[], 56:[], 57:[], 58:[], 59:[], 60:[], 61:[], 62:[], 63:[], 64:[], 65:[], 66:[], 67:[], 68:[], 69:[], 70:[], 71:[], 72:[], 73:[], 74:[], 75:[], 76:[], 77:[], 78:[], 79:[], 80:[], 81:[], 82:[], 83:[], 84:[], 85:[], 86:[], 87:[], 88:[], 89:[], 90:[], 91:[], 92:[], 93:[], 94:[], 95:[], 96:[], 97:[], 98:[], 99:[], 100:[], 101:[], 102:[], 103:[], 104:[], 105:[], 106:[], 107:[], 108:[], 109:[], 110:[], 111:[], 112:[], 113:[], 114:[], 115:[], 116:[], 117:[], 118:[], 119:[], 120:[], 121:[], 122:[], 123:[], 124:[], 125:[], 126:[], 127:[], 128:[], 129:[], 130:[], 131:[], 132:[], 133:[], 134:[], 135:[], 136:[], 137:[], 138:[], 139:[], 140:[], 141:[], 142:[], 143:[], 144:[], 145:[], 146:[], 147:[], 148:[], 149:[], 150:[], 151:[], 152:[], 153:[], 154:[], 155:[], 156:[], 157:[], 158:[], 159:[], 160:[], 161:[], 162:[], 163:[], 164:[], 165:[], 166:[], 167:[], 168:[], 169:[], 170:[], 171:[], 172:[], 173:[], 174:[], 175:[], 176:[], 177:[], 178:[], 179:[], 180:[], 181:[], 182:[], 183:[], 184:[], 185:[], 186:[], 187:[], 188:[], 189:[], 190:[], 191:[], 192:[], 193:[], 194:[], 195:[], 196:[], 197:[], 198:[], 199:[], 200:[], 201:[], 202:[], 203:[], 204:[], 205:[], 206:[], 207:[], 208:[], 209:[], 210:[], 211:[], 212:[], 213:[], 214:[], 215:[], 216:[], 217:[], 218:[]",107292664812,125921321569
5261,2,46008.2464,50888112,761000661,6078728893,1197.9387,false,219,true,true,true,true,true,false,false,"0:[0, 1, 2, 3, 4, 5, 6, 7, 8, 9, 10, 11, 12, 13, 14, 15, 16, 17, 18, 19, 20, 21, 22, 23, 24, 25, 26, 27, 28, 29, 30, 31, 32, 33, 34, 35, 36, 37, 38, 39, 40, 41, 42, 43, 44, 45, 46, 47, 48, 49, 50, 51, 52, 53, 54, 55, 56, 57, 58, 59, 60, 61, 62, 63, 64, 65, 66, 67, 68, 69, 70, 71, 72, 73, 74, 75, 76, 77, 78, 79, 80, 81, 82, 83, 84, 85, 86, 87, 88, 89, 90, 91, 92, 93, 94, 95, 96, 97, 98, 99, 100, 101, 102, 103, 104, 105, 106, 107, 108, 109, 110, 111, 112, 113, 114, 115, 116, 117, 118, 119, 120, 121, 122, 123, 124, 125, 126, 127, 128, 129, 130, 131, 132, 133, 134, 135, 136, 137, 138, 139, 140, 141, 142, 143, 144, 145, 146, 147, 148, 149, 150, 151, 152, 153, 154, 155, 156, 157, 158, 159, 160, 161, 162, 163, 164, 165, 166, 167, 168, 169, 170, 171, 172, 173, 174, 175, 176, 177, 178, 179, 180, 181, 182, 183, 184, 185, 186, 187, 188, 189, 190, 191, 192, 193, 194, 195, 196, 197, 198, 199, 200, 201, 202, 203, 204, 205, 206, 207, 208, 209, 210, 211, 212, 213, 214, 215, 216, 217, 218], 1:[], 2:[], 3:[], 4:[], 5:[], 6:[], 7:[], 8:[], 9:[], 10:[], 11:[], 12:[], 13:[], 14:[], 15:[], 16:[], 17:[], 18:[], 19:[], 20:[], 21:[], 22:[], 23:[], 24:[], 25:[], 26:[], 27:[], 28:[], 29:[], 30:[], 31:[], 32:[], 33:[], 34:[], 35:[], 36:[], 37:[], 38:[], 39:[], 40:[], 41:[], 42:[], 43:[], 44:[], 45:[], 46:[], 47:[], 48:[], 49:[], 50:[], 51:[], 52:[], 53:[], 54:[], 55:[], 56:[], 57:[], 58:[], 59:[], 60:[], 61:[], 62:[], 63:[], 64:[], 65:[], 66:[], 67:[], 68:[], 69:[], 70:[], 71:[], 72:[], 73:[], 74:[], 75:[], 76:[], 77:[], 78:[], 79:[], 80:[], 81:[], 82:[], 83:[], 84:[], 85:[], 86:[], 87:[], 88:[], 89:[], 90:[], 91:[], 92:[], 93:[], 94:[], 95:[], 96:[], 97:[], 98:[], 99:[], 100:[], 101:[], 102:[], 103:[], 104:[], 105:[], 106:[], 107:[], 108:[], 109:[], 110:[], 111:[], 112:[], 113:[], 114:[], 115:[], 116:[], 117:[], 118:[], 119:[], 120:[], 121:[], 122:[], 123:[], 124:[], 125:[], 126:[], 127:[], 128:[], 129:[], 130:[], 131:[], 132:[], 133:[], 134:[], 135:[], 136:[], 137:[], 138:[], 139:[], 140:[], 141:[], 142:[], 143:[], 144:[], 145:[], 146:[], 147:[], 148:[], 149:[], 150:[], 151:[], 152:[], 153:[], 154:[], 155:[], 156:[], 157:[], 158:[], 159:[], 160:[], 161:[], 162:[], 163:[], 164:[], 165:[], 166:[], 167:[], 168:[], 169:[], 170:[], 171:[], 172:[], 173:[], 174:[], 175:[], 176:[], 177:[], 178:[], 179:[], 180:[], 181:[], 182:[], 183:[], 184:[], 185:[], 186:[], 187:[], 188:[], 189:[], 190:[], 191:[], 192:[], 193:[], 194:[], 195:[], 196:[], 197:[], 198:[], 199:[], 200:[], 201:[], 202:[], 203:[], 204:[], 205:[], 206:[], 207:[], 208:[], 209:[], 210:[], 211:[], 212:[], 213:[], 214:[], 215:[], 216:[], 217:[], 218:[]",108140274304,127151822569
5273,3,53917.7908,51236372,766216641,6120430324,1224.3262,false,219,true,true,true,true,true,false,false,"0:[0, 1, 2, 3, 4, 5, 6, 7, 8, 9, 10, 11, 12, 13, 14, 15, 16, 17, 18, 19, 20, 21, 22, 23, 24, 25, 26, 27, 28, 29, 30, 31, 32, 33, 34, 35, 36, 37, 38, 39, 40, 41, 42, 43, 44, 45, 46, 47, 48, 49, 50, 51, 52, 53, 54, 55, 56, 57, 58, 59, 60, 61, 62, 63, 64, 65, 66, 67, 68, 69, 70, 71, 72, 73, 74, 75, 76, 77, 78, 79, 80, 81, 82, 83, 84, 85, 86, 87, 88, 89, 90, 91, 92, 93, 94, 95, 96, 97, 98, 99, 100, 101, 102, 103, 104, 105, 106, 107, 108, 109, 110, 111, 112, 113, 114, 115, 116, 117, 118, 119, 120, 121, 122, 123, 124, 125, 126, 127, 128, 129, 130, 131, 132, 133, 134, 135, 136, 137, 138, 139, 140, 141, 142, 143, 144, 145, 146, 147, 148, 149, 150, 151, 152, 153, 154, 155, 156, 157, 158, 159, 160, 161, 162, 163, 164, 165, 166, 167, 168, 169, 170, 171, 172, 173, 174, 175, 176, 177, 178, 179, 180, 181, 182, 183, 184, 185, 186, 187, 188, 189, 190, 191, 192, 193, 194, 195, 196, 197, 198, 199, 200, 201, 202, 203, 204, 205, 206, 207, 208, 209, 210, 211, 212, 213, 214, 215, 216, 217, 218], 1:[], 2:[], 3:[], 4:[], 5:[], 6:[], 7:[], 8:[], 9:[], 10:[], 11:[], 12:[], 13:[], 14:[], 15:[], 16:[], 17:[], 18:[], 19:[], 20:[], 21:[], 22:[], 23:[], 24:[], 25:[], 26:[], 27:[], 28:[], 29:[], 30:[], 31:[], 32:[], 33:[], 34:[], 35:[], 36:[], 37:[], 38:[], 39:[], 40:[], 41:[], 42:[], 43:[], 44:[], 45:[], 46:[], 47:[], 48:[], 49:[], 50:[], 51:[], 52:[], 53:[], 54:[], 55:[], 56:[], 57:[], 58:[], 59:[], 60:[], 61:[], 62:[], 63:[], 64:[], 65:[], 66:[], 67:[], 68:[], 69:[], 70:[], 71:[], 72:[], 73:[], 74:[], 75:[], 76:[], 77:[], 78:[], 79:[], 80:[], 81:[], 82:[], 83:[], 84:[], 85:[], 86:[], 87:[], 88:[], 89:[], 90:[], 91:[], 92:[], 93:[], 94:[], 95:[], 96:[], 97:[], 98:[], 99:[], 100:[], 101:[], 102:[], 103:[], 104:[], 105:[], 106:[], 107:[], 108:[], 109:[], 110:[], 111:[], 112:[], 113:[], 114:[], 115:[], 116:[], 117:[], 118:[], 119:[], 120:[], 121:[], 122:[], 123:[], 124:[], 125:[], 126:[], 127:[], 128:[], 129:[], 130:[], 131:[], 132:[], 133:[], 134:[], 135:[], 136:[], 137:[], 138:[], 139:[], 140:[], 141:[], 142:[], 143:[], 144:[], 145:[], 146:[], 147:[], 148:[], 149:[], 150:[], 151:[], 152:[], 153:[], 154:[], 155:[], 156:[], 157:[], 158:[], 159:[], 160:[], 161:[], 162:[], 163:[], 164:[], 165:[], 166:[], 167:[], 168:[], 169:[], 170:[], 171:[], 172:[], 173:[], 174:[], 175:[], 176:[], 177:[], 178:[], 179:[], 180:[], 181:[], 182:[], 183:[], 184:[], 185:[], 186:[], 187:[], 188:[], 189:[], 190:[], 191:[], 192:[], 193:[], 194:[], 195:[], 196:[], 197:[], 198:[], 199:[], 200:[], 201:[], 202:[], 203:[], 204:[], 205:[], 206:[], 207:[], 208:[], 209:[], 210:[], 211:[], 212:[], 213:[], 214:[], 215:[], 216:[], 217:[], 218:[]",108567303984,127771758965
5279,7,50137.5406,51411318,768828887,6141277973,1223.9186,false,219,true,true,true,true,true,false,false,"0:[0, 1, 2, 3, 4, 5, 6, 7, 8, 9, 10, 11, 12, 13, 14, 15, 16, 17, 18, 19, 20, 21, 22, 23, 24, 25, 26, 27, 28, 29, 30, 31, 32, 33, 34, 35, 36, 37, 38, 39, 40, 41, 42, 43, 44, 45, 46, 47, 48, 49, 50, 51, 52, 53, 54, 55, 56, 57, 58, 59, 60, 61, 62, 63, 64, 65, 66, 67, 68, 69, 70, 71, 72, 73, 74, 75, 76, 77, 78, 79, 80, 81, 82, 83, 84, 85, 86, 87, 88, 89, 90, 91, 92, 93, 94, 95, 96, 97, 98, 99, 100, 101, 102, 103, 104, 105, 106, 107, 108, 109, 110, 111, 112, 113, 114, 115, 116, 117, 118, 119, 120, 121, 122, 123, 124, 125, 126, 127, 128, 129, 130, 131, 132, 133, 134, 135, 136, 137, 138, 139, 140, 141, 142, 143, 144, 145, 146, 147, 148, 149, 150, 151, 152, 153, 154, 155, 156, 157, 158, 159, 160, 161, 162, 163, 164, 165, 166, 167, 168, 169, 170, 171, 172, 173, 174, 175, 176, 177, 178, 179, 180, 181, 182, 183, 184, 185, 186, 187, 188, 189, 190, 191, 192, 193, 194, 195, 196, 197, 198, 199, 200, 201, 202, 203, 204, 205, 206, 207, 208, 209, 210, 211, 212, 213, 214, 215, 216, 217, 218], 1:[], 2:[], 3:[], 4:[], 5:[], 6:[], 7:[], 8:[], 9:[], 10:[], 11:[], 12:[], 13:[], 14:[], 15:[], 16:[], 17:[], 18:[], 19:[], 20:[], 21:[], 22:[], 23:[], 24:[], 25:[], 26:[], 27:[], 28:[], 29:[], 30:[], 31:[], 32:[], 33:[], 34:[], 35:[], 36:[], 37:[], 38:[], 39:[], 40:[], 41:[], 42:[], 43:[], 44:[], 45:[], 46:[], 47:[], 48:[], 49:[], 50:[], 51:[], 52:[], 53:[], 54:[], 55:[], 56:[], 57:[], 58:[], 59:[], 60:[], 61:[], 62:[], 63:[], 64:[], 65:[], 66:[], 67:[], 68:[], 69:[], 70:[], 71:[], 72:[], 73:[], 74:[], 75:[], 76:[], 77:[], 78:[], 79:[], 80:[], 81:[], 82:[], 83:[], 84:[], 85:[], 86:[], 87:[], 88:[], 89:[], 90:[], 91:[], 92:[], 93:[], 94:[], 95:[], 96:[], 97:[], 98:[], 99:[], 100:[], 101:[], 102:[], 103:[], 104:[], 105:[], 106:[], 107:[], 108:[], 109:[], 110:[], 111:[], 112:[], 113:[], 114:[], 115:[], 116:[], 117:[], 118:[], 119:[], 120:[], 121:[], 122:[], 123:[], 124:[], 125:[], 126:[], 127:[], 128:[], 129:[], 130:[], 131:[], 132:[], 133:[], 134:[], 135:[], 136:[], 137:[], 138:[], 139:[], 140:[], 141:[], 142:[], 143:[], 144:[], 145:[], 146:[], 147:[], 148:[], 149:[], 150:[], 151:[], 152:[], 153:[], 154:[], 155:[], 156:[], 157:[], 158:[], 159:[], 160:[], 161:[], 162:[], 163:[], 164:[], 165:[], 166:[], 167:[], 168:[], 169:[], 170:[], 171:[], 172:[], 173:[], 174:[], 175:[], 176:[], 177:[], 178:[], 179:[], 180:[], 181:[], 182:[], 183:[], 184:[], 185:[], 186:[], 187:[], 188:[], 189:[], 190:[], 191:[], 192:[], 193:[], 194:[], 195:[], 196:[], 197:[], 198:[], 199:[], 200:[], 201:[], 202:[], 203:[], 204:[], 205:[], 206:[], 207:[], 208:[], 209:[], 210:[], 211:[], 212:[], 213:[], 214:[], 215:[], 216:[], 217:[], 218:[]",108781182152,128082162779
5281,7,58490.2592,51469132,769704066,6148302363,1218.9811,false,221,true,true,true,true,true,false,false,"0:[0, 1, 2, 3, 4, 5, 6, 7, 8, 9, 10, 11, 12, 13, 14, 15, 16, 17, 18, 19, 20, 21, 22, 23, 24, 25, 26, 27, 28, 29, 30, 31, 32, 33, 34, 35, 36, 37, 38, 39, 40, 41, 42, 43, 44, 45, 46, 47, 48, 49, 50, 51, 52, 53, 54, 55, 56, 57, 58, 59, 60, 61, 62, 63, 64, 65, 66, 67, 68, 69, 70, 71, 72, 73, 74, 75, 76, 77, 78, 79, 80, 81, 82, 83, 84, 85, 86, 87, 88, 89, 90, 91, 92, 93, 94, 95, 96, 97, 98, 99, 100, 101, 102, 103, 104, 105, 106, 107, 108, 109, 110, 111, 112, 113, 114, 115, 116, 117, 118, 119, 120, 121, 122, 123, 124, 125, 126, 127, 128, 129, 130, 131, 132, 133, 134, 135, 136, 137, 138, 139, 140, 141, 142, 143, 144, 145, 146, 147, 148, 149, 150, 151, 152, 153, 154, 155, 156, 157, 158, 159, 160, 161, 162, 163, 164, 165, 166, 167, 168, 169, 170, 171, 172, 173, 174, 175, 176, 177, 178, 179, 180, 181, 182, 183, 184, 185, 186, 187, 188, 189, 190, 191, 192, 193, 194, 195, 196, 197, 198, 199, 200, 201, 202, 203, 204, 205, 206, 207, 208, 209, 210, 211, 212, 213, 214, 215, 216, 217, 218, 219, 220], 1:[], 2:[], 3:[], 4:[], 5:[], 6:[], 7:[], 8:[], 9:[], 10:[], 11:[], 12:[], 13:[], 14:[], 15:[], 16:[], 17:[], 18:[], 19:[], 20:[], 21:[], 22:[], 23:[], 24:[], 25:[], 26:[], 27:[], 28:[], 29:[], 30:[], 31:[], 32:[], 33:[], 34:[], 35:[], 36:[], 37:[], 38:[], 39:[], 40:[], 41:[], 42:[], 43:[], 44:[], 45:[], 46:[], 47:[], 48:[], 49:[], 50:[], 51:[], 52:[], 53:[], 54:[], 55:[], 56:[], 57:[], 58:[], 59:[], 60:[], 61:[], 62:[], 63:[], 64:[], 65:[], 66:[], 67:[], 68:[], 69:[], 70:[], 71:[], 72:[], 73:[], 74:[], 75:[], 76:[], 77:[], 78:[], 79:[], 80:[], 81:[], 82:[], 83:[], 84:[], 85:[], 86:[], 87:[], 88:[], 89:[], 90:[], 91:[], 92:[], 93:[], 94:[], 95:[], 96:[], 97:[], 98:[], 99:[], 100:[], 101:[], 102:[], 103:[], 104:[], 105:[], 106:[], 107:[], 108:[], 109:[], 110:[], 111:[], 112:[], 113:[], 114:[], 115:[], 116:[], 117:[], 118:[], 119:[], 120:[], 121:[], 122:[], 123:[], 124:[], 125:[], 126:[], 127:[], 128:[], 129:[], 130:[], 131:[], 132:[], 133:[], 134:[], 135:[], 136:[], 137:[], 138:[], 139:[], 140:[], 141:[], 142:[], 143:[], 144:[], 145:[], 146:[], 147:[], 148:[], 149:[], 150:[], 151:[], 152:[], 153:[], 154:[], 155:[], 156:[], 157:[], 158:[], 159:[], 160:[], 161:[], 162:[], 163:[], 164:[], 165:[], 166:[], 167:[], 168:[], 169:[], 170:[], 171:[], 172:[], 173:[], 174:[], 175:[], 176:[], 177:[], 178:[], 179:[], 180:[], 181:[], 182:[], 183:[], 184:[], 185:[], 186:[], 187:[], 188:[], 189:[], 190:[], 191:[], 192:[], 193:[], 194:[], 195:[], 196:[], 197:[], 198:[], 199:[], 200:[], 201:[], 202:[], 203:[], 204:[], 205:[], 206:[], 207:[], 208:[], 209:[], 210:[], 211:[], 212:[], 213:[], 214:[], 215:[], 216:[], 217:[], 218:[], 219:[], 220:[]",108852815264,128186318570
5297,3,54164.6946,51937652,776713290,6204310667,1226.2237,false,220,true,true,true,true,true,false,false,"0:[0, 1, 2, 3, 4, 5, 6, 7, 8, 9, 10, 11, 12, 13, 14, 15, 16, 17, 18, 19, 20, 21, 22, 23, 24, 25, 26, 27, 28, 29, 30, 31, 32, 33, 34, 35, 36, 37, 38, 39, 40, 41, 42, 43, 44, 45, 46, 47, 48, 49, 50, 51, 52, 53, 54, 55, 56, 57, 58, 59, 60, 61, 62, 63, 64, 65, 66, 67, 68, 69, 70, 71, 72, 73, 74, 75, 76, 77, 78, 79, 80, 81, 82, 83, 84, 85, 86, 87, 88, 89, 90, 91, 92, 93, 94, 95, 96, 97, 98, 99, 100, 101, 102, 103, 104, 105, 106, 107, 108, 109, 110, 111, 112, 113, 114, 115, 116, 117, 118, 119, 120, 121, 122, 123, 124, 125, 126, 127, 128, 129, 130, 131, 132, 133, 134, 135, 136, 137, 138, 139, 140, 141, 142, 143, 144, 145, 146, 147, 148, 149, 150, 151, 152, 153, 154, 155, 156, 157, 158, 159, 160, 161, 162, 163, 164, 165, 166, 167, 168, 169, 170, 171, 172, 173, 174, 175, 176, 177, 178, 179, 180, 181, 182, 183, 184, 185, 186, 187, 188, 189, 190, 191, 192, 193, 194, 195, 196, 197, 198, 199, 200, 201, 202, 203, 204, 205, 206, 207, 208, 209, 210, 211, 212, 213, 214, 215, 216, 217, 218, 219], 1:[], 2:[], 3:[], 4:[], 5:[], 6:[], 7:[], 8:[], 9:[], 10:[], 11:[], 12:[], 13:[], 14:[], 15:[], 16:[], 17:[], 18:[], 19:[], 20:[], 21:[], 22:[], 23:[], 24:[], 25:[], 26:[], 27:[], 28:[], 29:[], 30:[], 31:[], 32:[], 33:[], 34:[], 35:[], 36:[], 37:[], 38:[], 39:[], 40:[], 41:[], 42:[], 43:[], 44:[], 45:[], 46:[], 47:[], 48:[], 49:[], 50:[], 51:[], 52:[], 53:[], 54:[], 55:[], 56:[], 57:[], 58:[], 59:[], 60:[], 61:[], 62:[], 63:[], 64:[], 65:[], 66:[], 67:[], 68:[], 69:[], 70:[], 71:[], 72:[], 73:[], 74:[], 75:[], 76:[], 77:[], 78:[], 79:[], 80:[], 81:[], 82:[], 83:[], 84:[], 85:[], 86:[], 87:[], 88:[], 89:[], 90:[], 91:[], 92:[], 93:[], 94:[], 95:[], 96:[], 97:[], 98:[], 99:[], 100:[], 101:[], 102:[], 103:[], 104:[], 105:[], 106:[], 107:[], 108:[], 109:[], 110:[], 111:[], 112:[], 113:[], 114:[], 115:[], 116:[], 117:[], 118:[], 119:[], 120:[], 121:[], 122:[], 123:[], 124:[], 125:[], 126:[], 127:[], 128:[], 129:[], 130:[], 131:[], 132:[], 133:[], 134:[], 135:[], 136:[], 137:[], 138:[], 139:[], 140:[], 141:[], 142:[], 143:[], 144:[], 145:[], 146:[], 147:[], 148:[], 149:[], 150:[], 151:[], 152:[], 153:[], 154:[], 155:[], 156:[], 157:[], 158:[], 159:[], 160:[], 161:[], 162:[], 163:[], 164:[], 165:[], 166:[], 167:[], 168:[], 169:[], 170:[], 171:[], 172:[], 173:[], 174:[], 175:[], 176:[], 177:[], 178:[], 179:[], 180:[], 181:[], 182:[], 183:[], 184:[], 185:[], 186:[], 187:[], 188:[], 189:[], 190:[], 191:[], 192:[], 193:[], 194:[], 195:[], 196:[], 197:[], 198:[], 199:[], 200:[], 201:[], 202:[], 203:[], 204:[], 205:[], 206:[], 207:[], 208:[], 209:[], 210:[], 211:[], 212:[], 213:[], 214:[], 215:[], 216:[], 217:[], 218:[], 219:[]",109426671744,129019332274
5303,5,49926.5554,52114188,779353373,6225404934,1495.9432,false,221,true,true,true,true,true,false,false,"0:[0, 1, 2, 3, 4, 5, 6, 7, 8, 9, 10, 11, 12, 13, 14, 15, 16, 17, 18, 19, 20, 21, 22, 23, 24, 25, 26, 27, 28, 29, 30, 31, 32, 33, 34, 35, 36, 37, 38, 39, 40, 41, 42, 43, 44, 45, 46, 47, 48, 49, 50, 51, 52, 53, 54, 55, 56, 57, 58, 59, 60, 61, 62, 63, 64, 65, 66, 67, 68, 69, 70, 71, 72, 73, 74, 75, 76, 77, 78, 79, 80, 81, 82, 83, 84, 85, 86, 87, 88, 89, 90, 91, 92, 93, 94, 95, 96, 97, 98, 99, 100, 101, 102, 103, 104, 105, 106, 107, 108, 109, 110, 111, 112, 113, 114, 115, 116, 117, 118, 119, 120, 121, 122, 123, 124, 125, 126, 127, 128, 129, 130, 131, 132, 133, 134, 135, 136, 137, 138, 139, 140, 141, 142, 143, 144, 145, 146, 147, 148, 149, 150, 151, 152, 153, 154, 155, 156, 157, 158, 159, 160, 161, 162, 163, 164, 165, 166, 167, 168, 169, 170, 171, 172, 173, 174, 175, 176, 177, 178, 179, 180, 181, 182, 183, 184, 185, 186, 187, 188, 189, 190, 191, 192, 193, 194, 195, 196, 197, 198, 199, 200, 201, 202, 203, 204, 205, 206, 207, 208, 209, 210, 211, 212, 213, 214, 215, 216, 217, 218, 219, 220], 1:[], 2:[], 3:[], 4:[], 5:[], 6:[], 7:[], 8:[], 9:[], 10:[], 11:[], 12:[], 13:[], 14:[], 15:[], 16:[], 17:[], 18:[], 19:[], 20:[], 21:[], 22:[], 23:[], 24:[], 25:[], 26:[], 27:[], 28:[], 29:[], 30:[], 31:[], 32:[], 33:[], 34:[], 35:[], 36:[], 37:[], 38:[], 39:[], 40:[], 41:[], 42:[], 43:[], 44:[], 45:[], 46:[], 47:[], 48:[], 49:[], 50:[], 51:[], 52:[], 53:[], 54:[], 55:[], 56:[], 57:[], 58:[], 59:[], 60:[], 61:[], 62:[], 63:[], 64:[], 65:[], 66:[], 67:[], 68:[], 69:[], 70:[], 71:[], 72:[], 73:[], 74:[], 75:[], 76:[], 77:[], 78:[], 79:[], 80:[], 81:[], 82:[], 83:[], 84:[], 85:[], 86:[], 87:[], 88:[], 89:[], 90:[], 91:[], 92:[], 93:[], 94:[], 95:[], 96:[], 97:[], 98:[], 99:[], 100:[], 101:[], 102:[], 103:[], 104:[], 105:[], 106:[], 107:[], 108:[], 109:[], 110:[], 111:[], 112:[], 113:[], 114:[], 115:[], 116:[], 117:[], 118:[], 119:[], 120:[], 121:[], 122:[], 123:[], 124:[], 125:[], 126:[], 127:[], 128:[], 129:[], 130:[], 131:[], 132:[], 133:[], 134:[], 135:[], 136:[], 137:[], 138:[], 139:[], 140:[], 141:[], 142:[], 143:[], 144:[], 145:[], 146:[], 147:[], 148:[], 149:[], 150:[], 151:[], 152:[], 153:[], 154:[], 155:[], 156:[], 157:[], 158:[], 159:[], 160:[], 161:[], 162:[], 163:[], 164:[], 165:[], 166:[], 167:[], 168:[], 169:[], 170:[], 171:[], 172:[], 173:[], 174:[], 175:[], 176:[], 177:[], 178:[], 179:[], 180:[], 181:[], 182:[], 183:[], 184:[], 185:[], 186:[], 187:[], 188:[], 189:[], 190:[], 191:[], 192:[], 193:[], 194:[], 195:[], 196:[], 197:[], 198:[], 199:[], 200:[], 201:[], 202:[], 203:[], 204:[], 205:[], 206:[], 207:[], 208:[], 209:[], 210:[], 211:[], 212:[], 213:[], 214:[], 215:[], 216:[], 217:[], 218:[], 219:[], 220:[]",109642821392,129333037857
5309,2,53124.0110,52290680,781995371,6246508653,1257.9784,false,221,true,true,true,true,true,false,false,"0:[0, 1, 2, 3, 4, 5, 6, 7, 8, 9, 10, 11, 12, 13, 14, 15, 16, 17, 18, 19, 20, 21, 22, 23, 24, 25, 26, 27, 28, 29, 30, 31, 32, 33, 34, 35, 36, 37, 38, 39, 40, 41, 42, 43, 44, 45, 46, 47, 48, 49, 50, 51, 52, 53, 54, 55, 56, 57, 58, 59, 60, 61, 62, 63, 64, 65, 66, 67, 68, 69, 70, 71, 72, 73, 74, 75, 76, 77, 78, 79, 80, 81, 82, 83, 84, 85, 86, 87, 88, 89, 90, 91, 92, 93, 94, 95, 96, 97, 98, 99, 100, 101, 102, 103, 104, 105, 106, 107, 108, 109, 110, 111, 112, 113, 114, 115, 116, 117, 118, 119, 120, 121, 122, 123, 124, 125, 126, 127, 128, 129, 130, 131, 132, 133, 134, 135, 136, 137, 138, 139, 140, 141, 142, 143, 144, 145, 146, 147, 148, 149, 150, 151, 152, 153, 154, 155, 156, 157, 158, 159, 160, 161, 162, 163, 164, 165, 166, 167, 168, 169, 170, 171, 172, 173, 174, 175, 176, 177, 178, 179, 180, 181, 182, 183, 184, 185, 186, 187, 188, 189, 190, 191, 192, 193, 194, 195, 196, 197, 198, 199, 200, 201, 202, 203, 204, 205, 206, 207, 208, 209, 210, 211, 212, 213, 214, 215, 216, 217, 218, 219, 220], 1:[], 2:[], 3:[], 4:[], 5:[], 6:[], 7:[], 8:[], 9:[], 10:[], 11:[], 12:[], 13:[], 14:[], 15:[], 16:[], 17:[], 18:[], 19:[], 20:[], 21:[], 22:[], 23:[], 24:[], 25:[], 26:[], 27:[], 28:[], 29:[], 30:[], 31:[], 32:[], 33:[], 34:[], 35:[], 36:[], 37:[], 38:[], 39:[], 40:[], 41:[], 42:[], 43:[], 44:[], 45:[], 46:[], 47:[], 48:[], 49:[], 50:[], 51:[], 52:[], 53:[], 54:[], 55:[], 56:[], 57:[], 58:[], 59:[], 60:[], 61:[], 62:[], 63:[], 64:[], 65:[], 66:[], 67:[], 68:[], 69:[], 70:[], 71:[], 72:[], 73:[], 74:[], 75:[], 76:[], 77:[], 78:[], 79:[], 80:[], 81:[], 82:[], 83:[], 84:[], 85:[], 86:[], 87:[], 88:[], 89:[], 90:[], 91:[], 92:[], 93:[], 94:[], 95:[], 96:[], 97:[], 98:[], 99:[], 100:[], 101:[], 102:[], 103:[], 104:[], 105:[], 106:[], 107:[], 108:[], 109:[], 110:[], 111:[], 112:[], 113:[], 114:[], 115:[], 116:[], 117:[], 118:[], 119:[], 120:[], 121:[], 122:[], 123:[], 124:[], 125:[], 126:[], 127:[], 128:[], 129:[], 130:[], 131:[], 132:[], 133:[], 134:[], 135:[], 136:[], 137:[], 138:[], 139:[], 140:[], 141:[], 142:[], 143:[], 144:[], 145:[], 146:[], 147:[], 148:[], 149:[], 150:[], 151:[], 152:[], 153:[], 154:[], 155:[], 156:[], 157:[], 158:[], 159:[], 160:[], 161:[], 162:[], 163:[], 164:[], 165:[], 166:[], 167:[], 168:[], 169:[], 170:[], 171:[], 172:[], 173:[], 174:[], 175:[], 176:[], 177:[], 178:[], 179:[], 180:[], 181:[], 182:[], 183:[], 184:[], 185:[], 186:[], 187:[], 188:[], 189:[], 190:[], 191:[], 192:[], 193:[], 194:[], 195:[], 196:[], 197:[], 198:[], 199:[], 200:[], 201:[], 202:[], 203:[], 204:[], 205:[], 206:[], 207:[], 208:[], 209:[], 210:[], 211:[], 212:[], 213:[], 214:[], 215:[], 216:[], 217:[], 218:[], 219:[], 220:[]",109859123008,129647134039
5323,2,46919.8989,52704487,788190535,6296016117,1257.7529,false,221,true,true,true,true,true,false,false,"0:[0, 1, 2, 3, 4, 5, 6, 7, 8, 9, 10, 11, 12, 13, 14, 15, 16, 17, 18, 19, 20, 21, 22, 23, 24, 25, 26, 27, 28, 29, 30, 31, 32, 33, 34, 35, 36, 37, 38, 39, 40, 41, 42, 43, 44, 45, 46, 47, 48, 49, 50, 51, 52, 53, 54, 55, 56, 57, 58, 59, 60, 61, 62, 63, 64, 65, 66, 67, 68, 69, 70, 71, 72, 73, 74, 75, 76, 77, 78, 79, 80, 81, 82, 83, 84, 85, 86, 87, 88, 89, 90, 91, 92, 93, 94, 95, 96, 97, 98, 99, 100, 101, 102, 103, 104, 105, 106, 107, 108, 109, 110, 111, 112, 113, 114, 115, 116, 117, 118, 119, 120, 121, 122, 123, 124, 125, 126, 127, 128, 129, 130, 131, 132, 133, 134, 135, 136, 137, 138, 139, 140, 141, 142, 143, 144, 145, 146, 147, 148, 149, 150, 151, 152, 153, 154, 155, 156, 157, 158, 159, 160, 161, 162, 163, 164, 165, 166, 167, 168, 169, 170, 171, 172, 173, 174, 175, 176, 177, 178, 179, 180, 181, 182, 183, 184, 185, 186, 187, 188, 189, 190, 191, 192, 193, 194, 195, 196, 197, 198, 199, 200, 201, 202, 203, 204, 205, 206, 207, 208, 209, 210, 211, 212, 213, 214, 215, 216, 217, 218, 219, 220], 1:[], 2:[], 3:[], 4:[], 5:[], 6:[], 7:[], 8:[], 9:[], 10:[], 11:[], 12:[], 13:[], 14:[], 15:[], 16:[], 17:[], 18:[], 19:[], 20:[], 21:[], 22:[], 23:[], 24:[], 25:[], 26:[], 27:[], 28:[], 29:[], 30:[], 31:[], 32:[], 33:[], 34:[], 35:[], 36:[], 37:[], 38:[], 39:[], 40:[], 41:[], 42:[], 43:[], 44:[], 45:[], 46:[], 47:[], 48:[], 49:[], 50:[], 51:[], 52:[], 53:[], 54:[], 55:[], 56:[], 57:[], 58:[], 59:[], 60:[], 61:[], 62:[], 63:[], 64:[], 65:[], 66:[], 67:[], 68:[], 69:[], 70:[], 71:[], 72:[], 73:[], 74:[], 75:[], 76:[], 77:[], 78:[], 79:[], 80:[], 81:[], 82:[], 83:[], 84:[], 85:[], 86:[], 87:[], 88:[], 89:[], 90:[], 91:[], 92:[], 93:[], 94:[], 95:[], 96:[], 97:[], 98:[], 99:[], 100:[], 101:[], 102:[], 103:[], 104:[], 105:[], 106:[], 107:[], 108:[], 109:[], 110:[], 111:[], 112:[], 113:[], 114:[], 115:[], 116:[], 117:[], 118:[], 119:[], 120:[], 121:[], 122:[], 123:[], 124:[], 125:[], 126:[], 127:[], 128:[], 129:[], 130:[], 131:[], 132:[], 133:[], 134:[], 135:[], 136:[], 137:[], 138:[], 139:[], 140:[], 141:[], 142:[], 143:[], 144:[], 145:[], 146:[], 147:[], 148:[], 149:[], 150:[], 151:[], 152:[], 153:[], 154:[], 155:[], 156:[], 157:[], 158:[], 159:[], 160:[], 161:[], 162:[], 163:[], 164:[], 165:[], 166:[], 167:[], 168:[], 169:[], 170:[], 171:[], 172:[], 173:[], 174:[], 175:[], 176:[], 177:[], 178:[], 179:[], 180:[], 181:[], 182:[], 183:[], 184:[], 185:[], 186:[], 187:[], 188:[], 189:[], 190:[], 191:[], 192:[], 193:[], 194:[], 195:[], 196:[], 197:[], 198:[], 199:[], 200:[], 201:[], 202:[], 203:[], 204:[], 205:[], 206:[], 207:[], 208:[], 209:[], 210:[], 211:[], 212:[], 213:[], 214:[], 215:[], 216:[], 217:[], 218:[], 219:[], 220:[]",110366322724,130383441767
5333,2,48177.9107,53001525,792639418,6331591959,1280.4540,false,223,true,true,true,true,true,false,false,"0:[0, 1, 2, 3, 4, 5, 6, 7, 8, 9, 10, 11, 12, 13, 14, 15, 16, 17, 18, 19, 20, 21, 22, 23, 24, 25, 26, 27, 28, 29, 30, 31, 32, 33, 34, 35, 36, 37, 38, 39, 40, 41, 42, 43, 44, 45, 46, 47, 48, 49, 50, 51, 52, 53, 54, 55, 56, 57, 58, 59, 60, 61, 62, 63, 64, 65, 66, 67, 68, 69, 70, 71, 72, 73, 74, 75, 76, 77, 78, 79, 80, 81, 82, 83, 84, 85, 86, 87, 88, 89, 90, 91, 92, 93, 94, 95, 96, 97, 98, 99, 100, 101, 102, 103, 104, 105, 106, 107, 108, 109, 110, 111, 112, 113, 114, 115, 116, 117, 118, 119, 120, 121, 122, 123, 124, 125, 126, 127, 128, 129, 130, 131, 132, 133, 134, 135, 136, 137, 138, 139, 140, 141, 142, 143, 144, 145, 146, 147, 148, 149, 150, 151, 152, 153, 154, 155, 156, 157, 158, 159, 160, 161, 162, 163, 164, 165, 166, 167, 168, 169, 170, 171, 172, 173, 174, 175, 176, 177, 178, 179, 180, 181, 182, 183, 184, 185, 186, 187, 188, 189, 190, 191, 192, 193, 194, 195, 196, 197, 198, 199, 200, 201, 202, 203, 204, 205, 206, 207, 208, 209, 210, 211, 212, 213, 214, 215, 216, 217, 218, 219, 220, 221, 222], 1:[], 2:[], 3:[], 4:[], 5:[], 6:[], 7:[], 8:[], 9:[], 10:[], 11:[], 12:[], 13:[], 14:[], 15:[], 16:[], 17:[], 18:[], 19:[], 20:[], 21:[], 22:[], 23:[], 24:[], 25:[], 26:[], 27:[], 28:[], 29:[], 30:[], 31:[], 32:[], 33:[], 34:[], 35:[], 36:[], 37:[], 38:[], 39:[], 40:[], 41:[], 42:[], 43:[], 44:[], 45:[], 46:[], 47:[], 48:[], 49:[], 50:[], 51:[], 52:[], 53:[], 54:[], 55:[], 56:[], 57:[], 58:[], 59:[], 60:[], 61:[], 62:[], 63:[], 64:[], 65:[], 66:[], 67:[], 68:[], 69:[], 70:[], 71:[], 72:[], 73:[], 74:[], 75:[], 76:[], 77:[], 78:[], 79:[], 80:[], 81:[], 82:[], 83:[], 84:[], 85:[], 86:[], 87:[], 88:[], 89:[], 90:[], 91:[], 92:[], 93:[], 94:[], 95:[], 96:[], 97:[], 98:[], 99:[], 100:[], 101:[], 102:[], 103:[], 104:[], 105:[], 106:[], 107:[], 108:[], 109:[], 110:[], 111:[], 112:[], 113:[], 114:[], 115:[], 116:[], 117:[], 118:[], 119:[], 120:[], 121:[], 122:[], 123:[], 124:[], 125:[], 126:[], 127:[], 128:[], 129:[], 130:[], 131:[], 132:[], 133:[], 134:[], 135:[], 136:[], 137:[], 138:[], 139:[], 140:[], 141:[], 142:[], 143:[], 144:[], 145:[], 146:[], 147:[], 148:[], 149:[], 150:[], 151:[], 152:[], 153:[], 154:[], 155:[], 156:[], 157:[], 158:[], 159:[], 160:[], 161:[], 162:[], 163:[], 164:[], 165:[], 166:[], 167:[], 168:[], 169:[], 170:[], 171:[], 172:[], 173:[], 174:[], 175:[], 176:[], 177:[], 178:[], 179:[], 180:[], 181:[], 182:[], 183:[], 184:[], 185:[], 186:[], 187:[], 188:[], 189:[], 190:[], 191:[], 192:[], 193:[], 194:[], 195:[], 196:[], 197:[], 198:[], 199:[], 200:[], 201:[], 202:[], 203:[], 204:[], 205:[], 206:[], 207:[], 208:[], 209:[], 210:[], 211:[], 212:[], 213:[], 214:[], 215:[], 216:[], 217:[], 218:[], 219:[], 220:[], 221:[], 222:[]",110730550428,130912221278
5347,2,46724.3044,53419070,798887865,6381509072,1239.6453,false,222,true,true,true,true,true,false,false,"0:[0, 1, 2, 3, 4, 5, 6, 7, 8, 9, 10, 11, 12, 13, 14, 15, 16, 17, 18, 19, 20, 21, 22, 23, 24, 25, 26, 27, 28, 29, 30, 31, 32, 33, 34, 35, 36, 37, 38, 39, 40, 41, 42, 43, 44, 45, 46, 47, 48, 49, 50, 51, 52, 53, 54, 55, 56, 57, 58, 59, 60, 61, 62, 63, 64, 65, 66, 67, 68, 69, 70, 71, 72, 73, 74, 75, 76, 77, 78, 79, 80, 81, 82, 83, 84, 85, 86, 87, 88, 89, 90, 91, 92, 93, 94, 95, 96, 97, 98, 99, 100, 101, 102, 103, 104, 105, 106, 107, 108, 109, 110, 111, 112, 113, 114, 115, 116, 117, 118, 119, 120, 121, 122, 123, 124, 125, 126, 127, 128, 129, 130, 131, 132, 133, 134, 135, 136, 137, 138, 139, 140, 141, 142, 143, 144, 145, 146, 147, 148, 149, 150, 151, 152, 153, 154, 155, 156, 157, 158, 159, 160, 161, 162, 163, 164, 165, 166, 167, 168, 169, 170, 171, 172, 173, 174, 175, 176, 177, 178, 179, 180, 181, 182, 183, 184, 185, 186, 187, 188, 189, 190, 191, 192, 193, 194, 195, 196, 197, 198, 199, 200, 201, 202, 203, 204, 205, 206, 207, 208, 209, 210, 211, 212, 213, 214, 215, 216, 217, 218, 219, 220, 221], 1:[], 2:[], 3:[], 4:[], 5:[], 6:[], 7:[], 8:[], 9:[], 10:[], 11:[], 12:[], 13:[], 14:[], 15:[], 16:[], 17:[], 18:[], 19:[], 20:[], 21:[], 22:[], 23:[], 24:[], 25:[], 26:[], 27:[], 28:[], 29:[], 30:[], 31:[], 32:[], 33:[], 34:[], 35:[], 36:[], 37:[], 38:[], 39:[], 40:[], 41:[], 42:[], 43:[], 44:[], 45:[], 46:[], 47:[], 48:[], 49:[], 50:[], 51:[], 52:[], 53:[], 54:[], 55:[], 56:[], 57:[], 58:[], 59:[], 60:[], 61:[], 62:[], 63:[], 64:[], 65:[], 66:[], 67:[], 68:[], 69:[], 70:[], 71:[], 72:[], 73:[], 74:[], 75:[], 76:[], 77:[], 78:[], 79:[], 80:[], 81:[], 82:[], 83:[], 84:[], 85:[], 86:[], 87:[], 88:[], 89:[], 90:[], 91:[], 92:[], 93:[], 94:[], 95:[], 96:[], 97:[], 98:[], 99:[], 100:[], 101:[], 102:[], 103:[], 104:[], 105:[], 106:[], 107:[], 108:[], 109:[], 110:[], 111:[], 112:[], 113:[], 114:[], 115:[], 116:[], 117:[], 118:[], 119:[], 120:[], 121:[], 122:[], 123:[], 124:[], 125:[], 126:[], 127:[], 128:[], 129:[], 130:[], 131:[], 132:[], 133:[], 134:[], 135:[], 136:[], 137:[], 138:[], 139:[], 140:[], 141:[], 142:[], 143:[], 144:[], 145:[], 146:[], 147:[], 148:[], 149:[], 150:[], 151:[], 152:[], 153:[], 154:[], 155:[], 156:[], 157:[], 158:[], 159:[], 160:[], 161:[], 162:[], 163:[], 164:[], 165:[], 166:[], 167:[], 168:[], 169:[], 170:[], 171:[], 172:[], 173:[], 174:[], 175:[], 176:[], 177:[], 178:[], 179:[], 180:[], 181:[], 182:[], 183:[], 184:[], 185:[], 186:[], 187:[], 188:[], 189:[], 190:[], 191:[], 192:[], 193:[], 194:[], 195:[], 196:[], 197:[], 198:[], 199:[], 200:[], 201:[], 202:[], 203:[], 204:[], 205:[], 206:[], 207:[], 208:[], 209:[], 210:[], 211:[], 212:[], 213:[], 214:[], 215:[], 216:[], 217:[], 218:[], 219:[], 220:[], 221:[]",111242117448,131654865605
5351,11,52388.5760,53539090,800680079,6395823355,1401.5048,false,222,true,true,true,true,true,false,false,"0:[0, 1, 2, 3, 4, 5, 6, 7, 8, 9, 10, 11, 12, 13, 14, 15, 16, 17, 18, 19, 20, 21, 22, 23, 24, 25, 26, 27, 28, 29, 30, 31, 32, 33, 34, 35, 36, 37, 38, 39, 40, 41, 42, 43, 44, 45, 46, 47, 48, 49, 50, 51, 52, 53, 54, 55, 56, 57, 58, 59, 60, 61, 62, 63, 64, 65, 66, 67, 68, 69, 70, 71, 72, 73, 74, 75, 76, 77, 78, 79, 80, 81, 82, 83, 84, 85, 86, 87, 88, 89, 90, 91, 92, 93, 94, 95, 96, 97, 98, 99, 100, 101, 102, 103, 104, 105, 106, 107, 108, 109, 110, 111, 112, 113, 114, 115, 116, 117, 118, 119, 120, 121, 122, 123, 124, 125, 126, 127, 128, 129, 130, 131, 132, 133, 134, 135, 136, 137, 138, 139, 140, 141, 142, 143, 144, 145, 146, 147, 148, 149, 150, 151, 152, 153, 154, 155, 156, 157, 158, 159, 160, 161, 162, 163, 164, 165, 166, 167, 168, 169, 170, 171, 172, 173, 174, 175, 176, 177, 178, 179, 180, 181, 182, 183, 184, 185, 186, 187, 188, 189, 190, 191, 192, 193, 194, 195, 196, 197, 198, 199, 200, 201, 202, 203, 204, 205, 206, 207, 208, 209, 210, 211, 212, 213, 214, 215, 216, 217, 218, 219, 220, 221], 1:[], 2:[], 3:[], 4:[], 5:[], 6:[], 7:[], 8:[], 9:[], 10:[], 11:[], 12:[], 13:[], 14:[], 15:[], 16:[], 17:[], 18:[], 19:[], 20:[], 21:[], 22:[], 23:[], 24:[], 25:[], 26:[], 27:[], 28:[], 29:[], 30:[], 31:[], 32:[], 33:[], 34:[], 35:[], 36:[], 37:[], 38:[], 39:[], 40:[], 41:[], 42:[], 43:[], 44:[], 45:[], 46:[], 47:[], 48:[], 49:[], 50:[], 51:[], 52:[], 53:[], 54:[], 55:[], 56:[], 57:[], 58:[], 59:[], 60:[], 61:[], 62:[], 63:[], 64:[], 65:[], 66:[], 67:[], 68:[], 69:[], 70:[], 71:[], 72:[], 73:[], 74:[], 75:[], 76:[], 77:[], 78:[], 79:[], 80:[], 81:[], 82:[], 83:[], 84:[], 85:[], 86:[], 87:[], 88:[], 89:[], 90:[], 91:[], 92:[], 93:[], 94:[], 95:[], 96:[], 97:[], 98:[], 99:[], 100:[], 101:[], 102:[], 103:[], 104:[], 105:[], 106:[], 107:[], 108:[], 109:[], 110:[], 111:[], 112:[], 113:[], 114:[], 115:[], 116:[], 117:[], 118:[], 119:[], 120:[], 121:[], 122:[], 123:[], 124:[], 125:[], 126:[], 127:[], 128:[], 129:[], 130:[], 131:[], 132:[], 133:[], 134:[], 135:[], 136:[], 137:[], 138:[], 139:[], 140:[], 141:[], 142:[], 143:[], 144:[], 145:[], 146:[], 147:[], 148:[], 149:[], 150:[], 151:[], 152:[], 153:[], 154:[], 155:[], 156:[], 157:[], 158:[], 159:[], 160:[], 161:[], 162:[], 163:[], 164:[], 165:[], 166:[], 167:[], 168:[], 169:[], 170:[], 171:[], 172:[], 173:[], 174:[], 175:[], 176:[], 177:[], 178:[], 179:[], 180:[], 181:[], 182:[], 183:[], 184:[], 185:[], 186:[], 187:[], 188:[], 189:[], 190:[], 191:[], 192:[], 193:[], 194:[], 195:[], 196:[], 197:[], 198:[], 199:[], 200:[], 201:[], 202:[], 203:[], 204:[], 205:[], 206:[], 207:[], 208:[], 209:[], 210:[], 211:[], 212:[], 213:[], 214:[], 215:[], 216:[], 217:[], 218:[], 219:[], 220:[], 221:[]",111388855128,131867815011
5381,2,48315.3919,54442485,814208108,6503953261,1275.0982,false,224,true,true,true,true,true,false,false,"0:[0, 1, 2, 3, 4, 5, 6, 7, 8, 9, 10, 11, 12, 13, 14, 15, 16, 17, 18, 19, 20, 21, 22, 23, 24, 25, 26, 27, 28, 29, 30, 31, 32, 33, 34, 35, 36, 37, 38, 39, 40, 41, 42, 43, 44, 45, 46, 47, 48, 49, 50, 51, 52, 53, 54, 55, 56, 57, 58, 59, 60, 61, 62, 63, 64, 65, 66, 67, 68, 69, 70, 71, 72, 73, 74, 75, 76, 77, 78, 79, 80, 81, 82, 83, 84, 85, 86, 87, 88, 89, 90, 91, 92, 93, 94, 95, 96, 97, 98, 99, 100, 101, 102, 103, 104, 105, 106, 107, 108, 109, 110, 111, 112, 113, 114, 115, 116, 117, 118, 119, 120, 121, 122, 123, 124, 125, 126, 127, 128, 129, 130, 131, 132, 133, 134, 135, 136, 137, 138, 139, 140, 141, 142, 143, 144, 145, 146, 147, 148, 149, 150, 151, 152, 153, 154, 155, 156, 157, 158, 159, 160, 161, 162, 163, 164, 165, 166, 167, 168, 169, 170, 171, 172, 173, 174, 175, 176, 177, 178, 179, 180, 181, 182, 183, 184, 185, 186, 187, 188, 189, 190, 191, 192, 193, 194, 195, 196, 197, 198, 199, 200, 201, 202, 203, 204, 205, 206, 207, 208, 209, 210, 211, 212, 213, 214, 215, 216, 217, 218, 219, 220, 221, 222, 223], 1:[], 2:[], 3:[], 4:[], 5:[], 6:[], 7:[], 8:[], 9:[], 10:[], 11:[], 12:[], 13:[], 14:[], 15:[], 16:[], 17:[], 18:[], 19:[], 20:[], 21:[], 22:[], 23:[], 24:[], 25:[], 26:[], 27:[], 28:[], 29:[], 30:[], 31:[], 32:[], 33:[], 34:[], 35:[], 36:[], 37:[], 38:[], 39:[], 40:[], 41:[], 42:[], 43:[], 44:[], 45:[], 46:[], 47:[], 48:[], 49:[], 50:[], 51:[], 52:[], 53:[], 54:[], 55:[], 56:[], 57:[], 58:[], 59:[], 60:[], 61:[], 62:[], 63:[], 64:[], 65:[], 66:[], 67:[], 68:[], 69:[], 70:[], 71:[], 72:[], 73:[], 74:[], 75:[], 76:[], 77:[], 78:[], 79:[], 80:[], 81:[], 82:[], 83:[], 84:[], 85:[], 86:[], 87:[], 88:[], 89:[], 90:[], 91:[], 92:[], 93:[], 94:[], 95:[], 96:[], 97:[], 98:[], 99:[], 100:[], 101:[], 102:[], 103:[], 104:[], 105:[], 106:[], 107:[], 108:[], 109:[], 110:[], 111:[], 112:[], 113:[], 114:[], 115:[], 116:[], 117:[], 118:[], 119:[], 120:[], 121:[], 122:[], 123:[], 124:[], 125:[], 126:[], 127:[], 128:[], 129:[], 130:[], 131:[], 132:[], 133:[], 134:[], 135:[], 136:[], 137:[], 138:[], 139:[], 140:[], 141:[], 142:[], 143:[], 144:[], 145:[], 146:[], 147:[], 148:[], 149:[], 150:[], 151:[], 152:[], 153:[], 154:[], 155:[], 156:[], 157:[], 158:[], 159:[], 160:[], 161:[], 162:[], 163:[], 164:[], 165:[], 166:[], 167:[], 168:[], 169:[], 170:[], 171:[], 172:[], 173:[], 174:[], 175:[], 176:[], 177:[], 178:[], 179:[], 180:[], 181:[], 182:[], 183:[], 184:[], 185:[], 186:[], 187:[], 188:[], 189:[], 190:[], 191:[], 192:[], 193:[], 194:[], 195:[], 196:[], 197:[], 198:[], 199:[], 200:[], 201:[], 202:[], 203:[], 204:[], 205:[], 206:[], 207:[], 208:[], 209:[], 210:[], 211:[], 212:[], 213:[], 214:[], 215:[], 216:[], 217:[], 218:[], 219:[], 220:[], 221:[], 222:[], 223:[]",112496392508,133475758904
5387,2,47580.7979,54624645,816935163,6525759235,1338.1793,false,224,true,true,true,true,true,false,false,"0:[0, 1, 2, 3, 4, 5, 6, 7, 8, 9, 10, 11, 12, 13, 14, 15, 16, 17, 18, 19, 20, 21, 22, 23, 24, 25, 26, 27, 28, 29, 30, 31, 32, 33, 34, 35, 36, 37, 38, 39, 40, 41, 42, 43, 44, 45, 46, 47, 48, 49, 50, 51, 52, 53, 54, 55, 56, 57, 58, 59, 60, 61, 62, 63, 64, 65, 66, 67, 68, 69, 70, 71, 72, 73, 74, 75, 76, 77, 78, 79, 80, 81, 82, 83, 84, 85, 86, 87, 88, 89, 90, 91, 92, 93, 94, 95, 96, 97, 98, 99, 100, 101, 102, 103, 104, 105, 106, 107, 108, 109, 110, 111, 112, 113, 114, 115, 116, 117, 118, 119, 120, 121, 122, 123, 124, 125, 126, 127, 128, 129, 130, 131, 132, 133, 134, 135, 136, 137, 138, 139, 140, 141, 142, 143, 144, 145, 146, 147, 148, 149, 150, 151, 152, 153, 154, 155, 156, 157, 158, 159, 160, 161, 162, 163, 164, 165, 166, 167, 168, 169, 170, 171, 172, 173, 174, 175, 176, 177, 178, 179, 180, 181, 182, 183, 184, 185, 186, 187, 188, 189, 190, 191, 192, 193, 194, 195, 196, 197, 198, 199, 200, 201, 202, 203, 204, 205, 206, 207, 208, 209, 210, 211, 212, 213, 214, 215, 216, 217, 218, 219, 220, 221, 222, 223], 1:[], 2:[], 3:[], 4:[], 5:[], 6:[], 7:[], 8:[], 9:[], 10:[], 11:[], 12:[], 13:[], 14:[], 15:[], 16:[], 17:[], 18:[], 19:[], 20:[], 21:[], 22:[], 23:[], 24:[], 25:[], 26:[], 27:[], 28:[], 29:[], 30:[], 31:[], 32:[], 33:[], 34:[], 35:[], 36:[], 37:[], 38:[], 39:[], 40:[], 41:[], 42:[], 43:[], 44:[], 45:[], 46:[], 47:[], 48:[], 49:[], 50:[], 51:[], 52:[], 53:[], 54:[], 55:[], 56:[], 57:[], 58:[], 59:[], 60:[], 61:[], 62:[], 63:[], 64:[], 65:[], 66:[], 67:[], 68:[], 69:[], 70:[], 71:[], 72:[], 73:[], 74:[], 75:[], 76:[], 77:[], 78:[], 79:[], 80:[], 81:[], 82:[], 83:[], 84:[], 85:[], 86:[], 87:[], 88:[], 89:[], 90:[], 91:[], 92:[], 93:[], 94:[], 95:[], 96:[], 97:[], 98:[], 99:[], 100:[], 101:[], 102:[], 103:[], 104:[], 105:[], 106:[], 107:[], 108:[], 109:[], 110:[], 111:[], 112:[], 113:[], 114:[], 115:[], 116:[], 117:[], 118:[], 119:[], 120:[], 121:[], 122:[], 123:[], 124:[], 125:[], 126:[], 127:[], 128:[], 129:[], 130:[], 131:[], 132:[], 133:[], 134:[], 135:[], 136:[], 137:[], 138:[], 139:[], 140:[], 141:[], 142:[], 143:[], 144:[], 145:[], 146:[], 147:[], 148:[], 149:[], 150:[], 151:[], 152:[], 153:[], 154:[], 155:[], 156:[], 157:[], 158:[], 159:[], 160:[], 161:[], 162:[], 163:[], 164:[], 165:[], 166:[], 167:[], 168:[], 169:[], 170:[], 171:[], 172:[], 173:[], 174:[], 175:[], 176:[], 177:[], 178:[], 179:[], 180:[], 181:[], 182:[], 183:[], 184:[], 185:[], 186:[], 187:[], 188:[], 189:[], 190:[], 191:[], 192:[], 193:[], 194:[], 195:[], 196:[], 197:[], 198:[], 199:[], 200:[], 201:[], 202:[], 203:[], 204:[], 205:[], 206:[], 207:[], 208:[], 209:[], 210:[], 211:[], 212:[], 213:[], 214:[], 215:[], 216:[], 217:[], 218:[], 219:[], 220:[], 221:[], 222:[], 223:[]",112719657388,133799796595
5393,3,57190.1077,54806760,819664179,6547575134,1329.9168,false,224,true,true,true,true,true,false,false,"0:[0, 1, 2, 3, 4, 5, 6, 7, 8, 9, 10, 11, 12, 13, 14, 15, 16, 17, 18, 19, 20, 21, 22, 23, 24, 25, 26, 27, 28, 29, 30, 31, 32, 33, 34, 35, 36, 37, 38, 39, 40, 41, 42, 43, 44, 45, 46, 47, 48, 49, 50, 51, 52, 53, 54, 55, 56, 57, 58, 59, 60, 61, 62, 63, 64, 65, 66, 67, 68, 69, 70, 71, 72, 73, 74, 75, 76, 77, 78, 79, 80, 81, 82, 83, 84, 85, 86, 87, 88, 89, 90, 91, 92, 93, 94, 95, 96, 97, 98, 99, 100, 101, 102, 103, 104, 105, 106, 107, 108, 109, 110, 111, 112, 113, 114, 115, 116, 117, 118, 119, 120, 121, 122, 123, 124, 125, 126, 127, 128, 129, 130, 131, 132, 133, 134, 135, 136, 137, 138, 139, 140, 141, 142, 143, 144, 145, 146, 147, 148, 149, 150, 151, 152, 153, 154, 155, 156, 157, 158, 159, 160, 161, 162, 163, 164, 165, 166, 167, 168, 169, 170, 171, 172, 173, 174, 175, 176, 177, 178, 179, 180, 181, 182, 183, 184, 185, 186, 187, 188, 189, 190, 191, 192, 193, 194, 195, 196, 197, 198, 199, 200, 201, 202, 203, 204, 205, 206, 207, 208, 209, 210, 211, 212, 213, 214, 215, 216, 217, 218, 219, 220, 221, 222, 223], 1:[], 2:[], 3:[], 4:[], 5:[], 6:[], 7:[], 8:[], 9:[], 10:[], 11:[], 12:[], 13:[], 14:[], 15:[], 16:[], 17:[], 18:[], 19:[], 20:[], 21:[], 22:[], 23:[], 24:[], 25:[], 26:[], 27:[], 28:[], 29:[], 30:[], 31:[], 32:[], 33:[], 34:[], 35:[], 36:[], 37:[], 38:[], 39:[], 40:[], 41:[], 42:[], 43:[], 44:[], 45:[], 46:[], 47:[], 48:[], 49:[], 50:[], 51:[], 52:[], 53:[], 54:[], 55:[], 56:[], 57:[], 58:[], 59:[], 60:[], 61:[], 62:[], 63:[], 64:[], 65:[], 66:[], 67:[], 68:[], 69:[], 70:[], 71:[], 72:[], 73:[], 74:[], 75:[], 76:[], 77:[], 78:[], 79:[], 80:[], 81:[], 82:[], 83:[], 84:[], 85:[], 86:[], 87:[], 88:[], 89:[], 90:[], 91:[], 92:[], 93:[], 94:[], 95:[], 96:[], 97:[], 98:[], 99:[], 100:[], 101:[], 102:[], 103:[], 104:[], 105:[], 106:[], 107:[], 108:[], 109:[], 110:[], 111:[], 112:[], 113:[], 114:[], 115:[], 116:[], 117:[], 118:[], 119:[], 120:[], 121:[], 122:[], 123:[], 124:[], 125:[], 126:[], 127:[], 128:[], 129:[], 130:[], 131:[], 132:[], 133:[], 134:[], 135:[], 136:[], 137:[], 138:[], 139:[], 140:[], 141:[], 142:[], 143:[], 144:[], 145:[], 146:[], 147:[], 148:[], 149:[], 150:[], 151:[], 152:[], 153:[], 154:[], 155:[], 156:[], 157:[], 158:[], 159:[], 160:[], 161:[], 162:[], 163:[], 164:[], 165:[], 166:[], 167:[], 168:[], 169:[], 170:[], 171:[], 172:[], 173:[], 174:[], 175:[], 176:[], 177:[], 178:[], 179:[], 180:[], 181:[], 182:[], 183:[], 184:[], 185:[], 186:[], 187:[], 188:[], 189:[], 190:[], 191:[], 192:[], 193:[], 194:[], 195:[], 196:[], 197:[], 198:[], 199:[], 200:[], 201:[], 202:[], 203:[], 204:[], 205:[], 206:[], 207:[], 208:[], 209:[], 210:[], 211:[], 212:[], 213:[], 214:[], 215:[], 216:[], 217:[], 218:[], 219:[], 220:[], 221:[], 222:[], 223:[]",112943077888,134124233215
5399,7,51680.1101,54989732,822397888,6569401349,1291.1168,false,224,true,true,true,true,true,false,false,"0:[0, 1, 2, 3, 4, 5, 6, 7, 8, 9, 10, 11, 12, 13, 14, 15, 16, 17, 18, 19, 20, 21, 22, 23, 24, 25, 26, 27, 28, 29, 30, 31, 32, 33, 34, 35, 36, 37, 38, 39, 40, 41, 42, 43, 44, 45, 46, 47, 48, 49, 50, 51, 52, 53, 54, 55, 56, 57, 58, 59, 60, 61, 62, 63, 64, 65, 66, 67, 68, 69, 70, 71, 72, 73, 74, 75, 76, 77, 78, 79, 80, 81, 82, 83, 84, 85, 86, 87, 88, 89, 90, 91, 92, 93, 94, 95, 96, 97, 98, 99, 100, 101, 102, 103, 104, 105, 106, 107, 108, 109, 110, 111, 112, 113, 114, 115, 116, 117, 118, 119, 120, 121, 122, 123, 124, 125, 126, 127, 128, 129, 130, 131, 132, 133, 134, 135, 136, 137, 138, 139, 140, 141, 142, 143, 144, 145, 146, 147, 148, 149, 150, 151, 152, 153, 154, 155, 156, 157, 158, 159, 160, 161, 162, 163, 164, 165, 166, 167, 168, 169, 170, 171, 172, 173, 174, 175, 176, 177, 178, 179, 180, 181, 182, 183, 184, 185, 186, 187, 188, 189, 190, 191, 192, 193, 194, 195, 196, 197, 198, 199, 200, 201, 202, 203, 204, 205, 206, 207, 208, 209, 210, 211, 212, 213, 214, 215, 216, 217, 218, 219, 220, 221, 222, 223], 1:[], 2:[], 3:[], 4:[], 5:[], 6:[], 7:[], 8:[], 9:[], 10:[], 11:[], 12:[], 13:[], 14:[], 15:[], 16:[], 17:[], 18:[], 19:[], 20:[], 21:[], 22:[], 23:[], 24:[], 25:[], 26:[], 27:[], 28:[], 29:[], 30:[], 31:[], 32:[], 33:[], 34:[], 35:[], 36:[], 37:[], 38:[], 39:[], 40:[], 41:[], 42:[], 43:[], 44:[], 45:[], 46:[], 47:[], 48:[], 49:[], 50:[], 51:[], 52:[], 53:[], 54:[], 55:[], 56:[], 57:[], 58:[], 59:[], 60:[], 61:[], 62:[], 63:[], 64:[], 65:[], 66:[], 67:[], 68:[], 69:[], 70:[], 71:[], 72:[], 73:[], 74:[], 75:[], 76:[], 77:[], 78:[], 79:[], 80:[], 81:[], 82:[], 83:[], 84:[], 85:[], 86:[], 87:[], 88:[], 89:[], 90:[], 91:[], 92:[], 93:[], 94:[], 95:[], 96:[], 97:[], 98:[], 99:[], 100:[], 101:[], 102:[], 103:[], 104:[], 105:[], 106:[], 107:[], 108:[], 109:[], 110:[], 111:[], 112:[], 113:[], 114:[], 115:[], 116:[], 117:[], 118:[], 119:[], 120:[], 121:[], 122:[], 123:[], 124:[], 125:[], 126:[], 127:[], 128:[], 129:[], 130:[], 131:[], 132:[], 133:[], 134:[], 135:[], 136:[], 137:[], 138:[], 139:[], 140:[], 141:[], 142:[], 143:[], 144:[], 145:[], 146:[], 147:[], 148:[], 149:[], 150:[], 151:[], 152:[], 153:[], 154:[], 155:[], 156:[], 157:[], 158:[], 159:[], 160:[], 161:[], 162:[], 163:[], 164:[], 165:[], 166:[], 167:[], 168:[], 169:[], 170:[], 171:[], 172:[], 173:[], 174:[], 175:[], 176:[], 177:[], 178:[], 179:[], 180:[], 181:[], 182:[], 183:[], 184:[], 185:[], 186:[], 187:[], 188:[], 189:[], 190:[], 191:[], 192:[], 193:[], 194:[], 195:[], 196:[], 197:[], 198:[], 199:[], 200:[], 201:[], 202:[], 203:[], 204:[], 205:[], 206:[], 207:[], 208:[], 209:[], 210:[], 211:[], 212:[], 213:[], 214:[], 215:[], 216:[], 217:[], 218:[], 219:[], 220:[], 221:[], 222:[], 223:[]",113166897824,134449069984
5407,3,60183.4856,55233722,826053718,6598620246,1529.2303,false,226,true,true,true,true,true,false,false,"0:[0, 1, 2, 3, 4, 5, 6, 7, 8, 9, 10, 11, 12, 13, 14, 15, 16, 17, 18, 19, 20, 21, 22, 23, 24, 25, 26, 27, 28, 29, 30, 31, 32, 33, 34, 35, 36, 37, 38, 39, 40, 41, 42, 43, 44, 45, 46, 47, 48, 49, 50, 51, 52, 53, 54, 55, 56, 57, 58, 59, 60, 61, 62, 63, 64, 65, 66, 67, 68, 69, 70, 71, 72, 73, 74, 75, 76, 77, 78, 79, 80, 81, 82, 83, 84, 85, 86, 87, 88, 89, 90, 91, 92, 93, 94, 95, 96, 97, 98, 99, 100, 101, 102, 103, 104, 105, 106, 107, 108, 109, 110, 111, 112, 113, 114, 115, 116, 117, 118, 119, 120, 121, 122, 123, 124, 125, 126, 127, 128, 129, 130, 131, 132, 133, 134, 135, 136, 137, 138, 139, 140, 141, 142, 143, 144, 145, 146, 147, 148, 149, 150, 151, 152, 153, 154, 155, 156, 157, 158, 159, 160, 161, 162, 163, 164, 165, 166, 167, 168, 169, 170, 171, 172, 173, 174, 175, 176, 177, 178, 179, 180, 181, 182, 183, 184, 185, 186, 187, 188, 189, 190, 191, 192, 193, 194, 195, 196, 197, 198, 199, 200, 201, 202, 203, 204, 205, 206, 207, 208, 209, 210, 211, 212, 213, 214, 215, 216, 217, 218, 219, 220, 221, 222, 223, 224, 225], 1:[], 2:[], 3:[], 4:[], 5:[], 6:[], 7:[], 8:[], 9:[], 10:[], 11:[], 12:[], 13:[], 14:[], 15:[], 16:[], 17:[], 18:[], 19:[], 20:[], 21:[], 22:[], 23:[], 24:[], 25:[], 26:[], 27:[], 28:[], 29:[], 30:[], 31:[], 32:[], 33:[], 34:[], 35:[], 36:[], 37:[], 38:[], 39:[], 40:[], 41:[], 42:[], 43:[], 44:[], 45:[], 46:[], 47:[], 48:[], 49:[], 50:[], 51:[], 52:[], 53:[], 54:[], 55:[], 56:[], 57:[], 58:[], 59:[], 60:[], 61:[], 62:[], 63:[], 64:[], 65:[], 66:[], 67:[], 68:[], 69:[], 70:[], 71:[], 72:[], 73:[], 74:[], 75:[], 76:[], 77:[], 78:[], 79:[], 80:[], 81:[], 82:[], 83:[], 84:[], 85:[], 86:[], 87:[], 88:[], 89:[], 90:[], 91:[], 92:[], 93:[], 94:[], 95:[], 96:[], 97:[], 98:[], 99:[], 100:[], 101:[], 102:[], 103:[], 104:[], 105:[], 106:[], 107:[], 108:[], 109:[], 110:[], 111:[], 112:[], 113:[], 114:[], 115:[], 116:[], 117:[], 118:[], 119:[], 120:[], 121:[], 122:[], 123:[], 124:[], 125:[], 126:[], 127:[], 128:[], 129:[], 130:[], 131:[], 132:[], 133:[], 134:[], 135:[], 136:[], 137:[], 138:[], 139:[], 140:[], 141:[], 142:[], 143:[], 144:[], 145:[], 146:[], 147:[], 148:[], 149:[], 150:[], 151:[], 152:[], 153:[], 154:[], 155:[], 156:[], 157:[], 158:[], 159:[], 160:[], 161:[], 162:[], 163:[], 164:[], 165:[], 166:[], 167:[], 168:[], 169:[], 170:[], 171:[], 172:[], 173:[], 174:[], 175:[], 176:[], 177:[], 178:[], 179:[], 180:[], 181:[], 182:[], 183:[], 184:[], 185:[], 186:[], 187:[], 188:[], 189:[], 190:[], 191:[], 192:[], 193:[], 194:[], 195:[], 196:[], 197:[], 198:[], 199:[], 200:[], 201:[], 202:[], 203:[], 204:[], 205:[], 206:[], 207:[], 208:[], 209:[], 210:[], 211:[], 212:[], 213:[], 214:[], 215:[], 216:[], 217:[], 218:[], 219:[], 220:[], 221:[], 222:[], 223:[], 224:[], 225:[]",113466195944,134883648054
5413,2,49670.4699,55417189,828805680,6620635578,1307.0306,false,226,true,true,true,true,true,false,false,"0:[0, 1, 2, 3, 4, 5, 6, 7, 8, 9, 10, 11, 12, 13, 14, 15, 16, 17, 18, 19, 20, 21, 22, 23, 24, 25, 26, 27, 28, 29, 30, 31, 32, 33, 34, 35, 36, 37, 38, 39, 40, 41, 42, 43, 44, 45, 46, 47, 48, 49, 50, 51, 52, 53, 54, 55, 56, 57, 58, 59, 60, 61, 62, 63, 64, 65, 66, 67, 68, 69, 70, 71, 72, 73, 74, 75, 76, 77, 78, 79, 80, 81, 82, 83, 84, 85, 86, 87, 88, 89, 90, 91, 92, 93, 94, 95, 96, 97, 98, 99, 100, 101, 102, 103, 104, 105, 106, 107, 108, 109, 110, 111, 112, 113, 114, 115, 116, 117, 118, 119, 120, 121, 122, 123, 124, 125, 126, 127, 128, 129, 130, 131, 132, 133, 134, 135, 136, 137, 138, 139, 140, 141, 142, 143, 144, 145, 146, 147, 148, 149, 150, 151, 152, 153, 154, 155, 156, 157, 158, 159, 160, 161, 162, 163, 164, 165, 166, 167, 168, 169, 170, 171, 172, 173, 174, 175, 176, 177, 178, 179, 180, 181, 182, 183, 184, 185, 186, 187, 188, 189, 190, 191, 192, 193, 194, 195, 196, 197, 198, 199, 200, 201, 202, 203, 204, 205, 206, 207, 208, 209, 210, 211, 212, 213, 214, 215, 216, 217, 218, 219, 220, 221, 222, 223, 224, 225], 1:[], 2:[], 3:[], 4:[], 5:[], 6:[], 7:[], 8:[], 9:[], 10:[], 11:[], 12:[], 13:[], 14:[], 15:[], 16:[], 17:[], 18:[], 19:[], 20:[], 21:[], 22:[], 23:[], 24:[], 25:[], 26:[], 27:[], 28:[], 29:[], 30:[], 31:[], 32:[], 33:[], 34:[], 35:[], 36:[], 37:[], 38:[], 39:[], 40:[], 41:[], 42:[], 43:[], 44:[], 45:[], 46:[], 47:[], 48:[], 49:[], 50:[], 51:[], 52:[], 53:[], 54:[], 55:[], 56:[], 57:[], 58:[], 59:[], 60:[], 61:[], 62:[], 63:[], 64:[], 65:[], 66:[], 67:[], 68:[], 69:[], 70:[], 71:[], 72:[], 73:[], 74:[], 75:[], 76:[], 77:[], 78:[], 79:[], 80:[], 81:[], 82:[], 83:[], 84:[], 85:[], 86:[], 87:[], 88:[], 89:[], 90:[], 91:[], 92:[], 93:[], 94:[], 95:[], 96:[], 97:[], 98:[], 99:[], 100:[], 101:[], 102:[], 103:[], 104:[], 105:[], 106:[], 107:[], 108:[], 109:[], 110:[], 111:[], 112:[], 113:[], 114:[], 115:[], 116:[], 117:[], 118:[], 119:[], 120:[], 121:[], 122:[], 123:[], 124:[], 125:[], 126:[], 127:[], 128:[], 129:[], 130:[], 131:[], 132:[], 133:[], 134:[], 135:[], 136:[], 137:[], 138:[], 139:[], 140:[], 141:[], 142:[], 143:[], 144:[], 145:[], 146:[], 147:[], 148:[], 149:[], 150:[], 151:[], 152:[], 153:[], 154:[], 155:[], 156:[], 157:[], 158:[], 159:[], 160:[], 161:[], 162:[], 163:[], 164:[], 165:[], 166:[], 167:[], 168:[], 169:[], 170:[], 171:[], 172:[], 173:[], 174:[], 175:[], 176:[], 177:[], 178:[], 179:[], 180:[], 181:[], 182:[], 183:[], 184:[], 185:[], 186:[], 187:[], 188:[], 189:[], 190:[], 191:[], 192:[], 193:[], 194:[], 195:[], 196:[], 197:[], 198:[], 199:[], 200:[], 201:[], 202:[], 203:[], 204:[], 205:[], 206:[], 207:[], 208:[], 209:[], 210:[], 211:[], 212:[], 213:[], 214:[], 215:[], 216:[], 217:[], 218:[], 219:[], 220:[], 221:[], 222:[], 223:[], 224:[], 225:[]",113691489980,135210807660
5417,3,57746.3961,55540178,830643744,6635324820,1838.5258,false,225,true,true,true,true,true,false,false,"0:[0, 1, 2, 3, 4, 5, 6, 7, 8, 9, 10, 11, 12, 13, 14, 15, 16, 17, 18, 19, 20, 21, 22, 23, 24, 25, 26, 27, 28, 29, 30, 31, 32, 33, 34, 35, 36, 37, 38, 39, 40, 41, 42, 43, 44, 45, 46, 47, 48, 49, 50, 51, 52, 53, 54, 55, 56, 57, 58, 59, 60, 61, 62, 63, 64, 65, 66, 67, 68, 69, 70, 71, 72, 73, 74, 75, 76, 77, 78, 79, 80, 81, 82, 83, 84, 85, 86, 87, 88, 89, 90, 91, 92, 93, 94, 95, 96, 97, 98, 99, 100, 101, 102, 103, 104, 105, 106, 107, 108, 109, 110, 111, 112, 113, 114, 115, 116, 117, 118, 119, 120, 121, 122, 123, 124, 125, 126, 127, 128, 129, 130, 131, 132, 133, 134, 135, 136, 137, 138, 139, 140, 141, 142, 143, 144, 145, 146, 147, 148, 149, 150, 151, 152, 153, 154, 155, 156, 157, 158, 159, 160, 161, 162, 163, 164, 165, 166, 167, 168, 169, 170, 171, 172, 173, 174, 175, 176, 177, 178, 179, 180, 181, 182, 183, 184, 185, 186, 187, 188, 189, 190, 191, 192, 193, 194, 195, 196, 197, 198, 199, 200, 201, 202, 203, 204, 205, 206, 207, 208, 209, 210, 211, 212, 213, 214, 215, 216, 217, 218, 219, 220, 221, 222, 223, 224], 1:[], 2:[], 3:[], 4:[], 5:[], 6:[], 7:[], 8:[], 9:[], 10:[], 11:[], 12:[], 13:[], 14:[], 15:[], 16:[], 17:[], 18:[], 19:[], 20:[], 21:[], 22:[], 23:[], 24:[], 25:[], 26:[], 27:[], 28:[], 29:[], 30:[], 31:[], 32:[], 33:[], 34:[], 35:[], 36:[], 37:[], 38:[], 39:[], 40:[], 41:[], 42:[], 43:[], 44:[], 45:[], 46:[], 47:[], 48:[], 49:[], 50:[], 51:[], 52:[], 53:[], 54:[], 55:[], 56:[], 57:[], 58:[], 59:[], 60:[], 61:[], 62:[], 63:[], 64:[], 65:[], 66:[], 67:[], 68:[], 69:[], 70:[], 71:[], 72:[], 73:[], 74:[], 75:[], 76:[], 77:[], 78:[], 79:[], 80:[], 81:[], 82:[], 83:[], 84:[], 85:[], 86:[], 87:[], 88:[], 89:[], 90:[], 91:[], 92:[], 93:[], 94:[], 95:[], 96:[], 97:[], 98:[], 99:[], 100:[], 101:[], 102:[], 103:[], 104:[], 105:[], 106:[], 107:[], 108:[], 109:[], 110:[], 111:[], 112:[], 113:[], 114:[], 115:[], 116:[], 117:[], 118:[], 119:[], 120:[], 121:[], 122:[], 123:[], 124:[], 125:[], 126:[], 127:[], 128:[], 129:[], 130:[], 131:[], 132:[], 133:[], 134:[], 135:[], 136:[], 137:[], 138:[], 139:[], 140:[], 141:[], 142:[], 143:[], 144:[], 145:[], 146:[], 147:[], 148:[], 149:[], 150:[], 151:[], 152:[], 153:[], 154:[], 155:[], 156:[], 157:[], 158:[], 159:[], 160:[], 161:[], 162:[], 163:[], 164:[], 165:[], 166:[], 167:[], 168:[], 169:[], 170:[], 171:[], 172:[], 173:[], 174:[], 175:[], 176:[], 177:[], 178:[], 179:[], 180:[], 181:[], 182:[], 183:[], 184:[], 185:[], 186:[], 187:[], 188:[], 189:[], 190:[], 191:[], 192:[], 193:[], 194:[], 195:[], 196:[], 197:[], 198:[], 199:[], 200:[], 201:[], 202:[], 203:[], 204:[], 205:[], 206:[], 207:[], 208:[], 209:[], 210:[], 211:[], 212:[], 213:[], 214:[], 215:[], 216:[], 217:[], 218:[], 219:[], 220:[], 221:[], 222:[], 223:[], 224:[]",113841978792,135429203944
5419,2,48779.7326,55601515,831563795,6642681598,1316.7549,false,226,true,true,true,true,true,false,false,"0:[0, 1, 2, 3, 4, 5, 6, 7, 8, 9, 10, 11, 12, 13, 14, 15, 16, 17, 18, 19, 20, 21, 22, 23, 24, 25, 26, 27, 28, 29, 30, 31, 32, 33, 34, 35, 36, 37, 38, 39, 40, 41, 42, 43, 44, 45, 46, 47, 48, 49, 50, 51, 52, 53, 54, 55, 56, 57, 58, 59, 60, 61, 62, 63, 64, 65, 66, 67, 68, 69, 70, 71, 72, 73, 74, 75, 76, 77, 78, 79, 80, 81, 82, 83, 84, 85, 86, 87, 88, 89, 90, 91, 92, 93, 94, 95, 96, 97, 98, 99, 100, 101, 102, 103, 104, 105, 106, 107, 108, 109, 110, 111, 112, 113, 114, 115, 116, 117, 118, 119, 120, 121, 122, 123, 124, 125, 126, 127, 128, 129, 130, 131, 132, 133, 134, 135, 136, 137, 138, 139, 140, 141, 142, 143, 144, 145, 146, 147, 148, 149, 150, 151, 152, 153, 154, 155, 156, 157, 158, 159, 160, 161, 162, 163, 164, 165, 166, 167, 168, 169, 170, 171, 172, 173, 174, 175, 176, 177, 178, 179, 180, 181, 182, 183, 184, 185, 186, 187, 188, 189, 190, 191, 192, 193, 194, 195, 196, 197, 198, 199, 200, 201, 202, 203, 204, 205, 206, 207, 208, 209, 210, 211, 212, 213, 214, 215, 216, 217, 218, 219, 220, 221, 222, 223, 224, 225], 1:[], 2:[], 3:[], 4:[], 5:[], 6:[], 7:[], 8:[], 9:[], 10:[], 11:[], 12:[], 13:[], 14:[], 15:[], 16:[], 17:[], 18:[], 19:[], 20:[], 21:[], 22:[], 23:[], 24:[], 25:[], 26:[], 27:[], 28:[], 29:[], 30:[], 31:[], 32:[], 33:[], 34:[], 35:[], 36:[], 37:[], 38:[], 39:[], 40:[], 41:[], 42:[], 43:[], 44:[], 45:[], 46:[], 47:[], 48:[], 49:[], 50:[], 51:[], 52:[], 53:[], 54:[], 55:[], 56:[], 57:[], 58:[], 59:[], 60:[], 61:[], 62:[], 63:[], 64:[], 65:[], 66:[], 67:[], 68:[], 69:[], 70:[], 71:[], 72:[], 73:[], 74:[], 75:[], 76:[], 77:[], 78:[], 79:[], 80:[], 81:[], 82:[], 83:[], 84:[], 85:[], 86:[], 87:[], 88:[], 89:[], 90:[], 91:[], 92:[], 93:[], 94:[], 95:[], 96:[], 97:[], 98:[], 99:[], 100:[], 101:[], 102:[], 103:[], 104:[], 105:[], 106:[], 107:[], 108:[], 109:[], 110:[], 111:[], 112:[], 113:[], 114:[], 115:[], 116:[], 117:[], 118:[], 119:[], 120:[], 121:[], 122:[], 123:[], 124:[], 125:[], 126:[], 127:[], 128:[], 129:[], 130:[], 131:[], 132:[], 133:[], 134:[], 135:[], 136:[], 137:[], 138:[], 139:[], 140:[], 141:[], 142:[], 143:[], 144:[], 145:[], 146:[], 147:[], 148:[], 149:[], 150:[], 151:[], 152:[], 153:[], 154:[], 155:[], 156:[], 157:[], 158:[], 159:[], 160:[], 161:[], 162:[], 163:[], 164:[], 165:[], 166:[], 167:[], 168:[], 169:[], 170:[], 171:[], 172:[], 173:[], 174:[], 175:[], 176:[], 177:[], 178:[], 179:[], 180:[], 181:[], 182:[], 183:[], 184:[], 185:[], 186:[], 187:[], 188:[], 189:[], 190:[], 191:[], 192:[], 193:[], 194:[], 195:[], 196:[], 197:[], 198:[], 199:[], 200:[], 201:[], 202:[], 203:[], 204:[], 205:[], 206:[], 207:[], 208:[], 209:[], 210:[], 211:[], 212:[], 213:[], 214:[], 215:[], 216:[], 217:[], 218:[], 219:[], 220:[], 221:[], 222:[], 223:[], 224:[], 225:[]",113917300308,135538538547
5431,3,53513.8868,55970936,837092839,6686862063,1312.3866,false,226,true,true,true,true,true,false,false,"0:[0, 1, 2, 3, 4, 5, 6, 7, 8, 9, 10, 11, 12, 13, 14, 15, 16, 17, 18, 19, 20, 21, 22, 23, 24, 25, 26, 27, 28, 29, 30, 31, 32, 33, 34, 35, 36, 37, 38, 39, 40, 41, 42, 43, 44, 45, 46, 47, 48, 49, 50, 51, 52, 53, 54, 55, 56, 57, 58, 59, 60, 61, 62, 63, 64, 65, 66, 67, 68, 69, 70, 71, 72, 73, 74, 75, 76, 77, 78, 79, 80, 81, 82, 83, 84, 85, 86, 87, 88, 89, 90, 91, 92, 93, 94, 95, 96, 97, 98, 99, 100, 101, 102, 103, 104, 105, 106, 107, 108, 109, 110, 111, 112, 113, 114, 115, 116, 117, 118, 119, 120, 121, 122, 123, 124, 125, 126, 127, 128, 129, 130, 131, 132, 133, 134, 135, 136, 137, 138, 139, 140, 141, 142, 143, 144, 145, 146, 147, 148, 149, 150, 151, 152, 153, 154, 155, 156, 157, 158, 159, 160, 161, 162, 163, 164, 165, 166, 167, 168, 169, 170, 171, 172, 173, 174, 175, 176, 177, 178, 179, 180, 181, 182, 183, 184, 185, 186, 187, 188, 189, 190, 191, 192, 193, 194, 195, 196, 197, 198, 199, 200, 201, 202, 203, 204, 205, 206, 207, 208, 209, 210, 211, 212, 213, 214, 215, 216, 217, 218, 219, 220, 221, 222, 223, 224, 225], 1:[], 2:[], 3:[], 4:[], 5:[], 6:[], 7:[], 8:[], 9:[], 10:[], 11:[], 12:[], 13:[], 14:[], 15:[], 16:[], 17:[], 18:[], 19:[], 20:[], 21:[], 22:[], 23:[], 24:[], 25:[], 26:[], 27:[], 28:[], 29:[], 30:[], 31:[], 32:[], 33:[], 34:[], 35:[], 36:[], 37:[], 38:[], 39:[], 40:[], 41:[], 42:[], 43:[], 44:[], 45:[], 46:[], 47:[], 48:[], 49:[], 50:[], 51:[], 52:[], 53:[], 54:[], 55:[], 56:[], 57:[], 58:[], 59:[], 60:[], 61:[], 62:[], 63:[], 64:[], 65:[], 66:[], 67:[], 68:[], 69:[], 70:[], 71:[], 72:[], 73:[], 74:[], 75:[], 76:[], 77:[], 78:[], 79:[], 80:[], 81:[], 82:[], 83:[], 84:[], 85:[], 86:[], 87:[], 88:[], 89:[], 90:[], 91:[], 92:[], 93:[], 94:[], 95:[], 96:[], 97:[], 98:[], 99:[], 100:[], 101:[], 102:[], 103:[], 104:[], 105:[], 106:[], 107:[], 108:[], 109:[], 110:[], 111:[], 112:[], 113:[], 114:[], 115:[], 116:[], 117:[], 118:[], 119:[], 120:[], 121:[], 122:[], 123:[], 124:[], 125:[], 126:[], 127:[], 128:[], 129:[], 130:[], 131:[], 132:[], 133:[], 134:[], 135:[], 136:[], 137:[], 138:[], 139:[], 140:[], 141:[], 142:[], 143:[], 144:[], 145:[], 146:[], 147:[], 148:[], 149:[], 150:[], 151:[], 152:[], 153:[], 154:[], 155:[], 156:[], 157:[], 158:[], 159:[], 160:[], 161:[], 162:[], 163:[], 164:[], 165:[], 166:[], 167:[], 168:[], 169:[], 170:[], 171:[], 172:[], 173:[], 174:[], 175:[], 176:[], 177:[], 178:[], 179:[], 180:[], 181:[], 182:[], 183:[], 184:[], 185:[], 186:[], 187:[], 188:[], 189:[], 190:[], 191:[], 192:[], 193:[], 194:[], 195:[], 196:[], 197:[], 198:[], 199:[], 200:[], 201:[], 202:[], 203:[], 204:[], 205:[], 206:[], 207:[], 208:[], 209:[], 210:[], 211:[], 212:[], 213:[], 214:[], 215:[], 216:[], 217:[], 218:[], 219:[], 220:[], 221:[], 222:[], 223:[], 224:[], 225:[]",114369967616,136195692483
5437,2,51487.6669,56156032,839865251,6709017260,1405.7112,false,227,true,true,true,true,true,false,false,"0:[0, 1, 2, 3, 4, 5, 6, 7, 8, 9, 10, 11, 12, 13, 14, 15, 16, 17, 18, 19, 20, 21, 22, 23, 24, 25, 26, 27, 28, 29, 30, 31, 32, 33, 34, 35, 36, 37, 38, 39, 40, 41, 42, 43, 44, 45, 46, 47, 48, 49, 50, 51, 52, 53, 54, 55, 56, 57, 58, 59, 60, 61, 62, 63, 64, 65, 66, 67, 68, 69, 70, 71, 72, 73, 74, 75, 76, 77, 78, 79, 80, 81, 82, 83, 84, 85, 86, 87, 88, 89, 90, 91, 92, 93, 94, 95, 96, 97, 98, 99, 100, 101, 102, 103, 104, 105, 106, 107, 108, 109, 110, 111, 112, 113, 114, 115, 116, 117, 118, 119, 120, 121, 122, 123, 124, 125, 126, 127, 128, 129, 130, 131, 132, 133, 134, 135, 136, 137, 138, 139, 140, 141, 142, 143, 144, 145, 146, 147, 148, 149, 150, 151, 152, 153, 154, 155, 156, 157, 158, 159, 160, 161, 162, 163, 164, 165, 166, 167, 168, 169, 170, 171, 172, 173, 174, 175, 176, 177, 178, 179, 180, 181, 182, 183, 184, 185, 186, 187, 188, 189, 190, 191, 192, 193, 194, 195, 196, 197, 198, 199, 200, 201, 202, 203, 204, 205, 206, 207, 208, 209, 210, 211, 212, 213, 214, 215, 216, 217, 218, 219, 220, 221, 222, 223, 224, 225, 226], 1:[], 2:[], 3:[], 4:[], 5:[], 6:[], 7:[], 8:[], 9:[], 10:[], 11:[], 12:[], 13:[], 14:[], 15:[], 16:[], 17:[], 18:[], 19:[], 20:[], 21:[], 22:[], 23:[], 24:[], 25:[], 26:[], 27:[], 28:[], 29:[], 30:[], 31:[], 32:[], 33:[], 34:[], 35:[], 36:[], 37:[], 38:[], 39:[], 40:[], 41:[], 42:[], 43:[], 44:[], 45:[], 46:[], 47:[], 48:[], 49:[], 50:[], 51:[], 52:[], 53:[], 54:[], 55:[], 56:[], 57:[], 58:[], 59:[], 60:[], 61:[], 62:[], 63:[], 64:[], 65:[], 66:[], 67:[], 68:[], 69:[], 70:[], 71:[], 72:[], 73:[], 74:[], 75:[], 76:[], 77:[], 78:[], 79:[], 80:[], 81:[], 82:[], 83:[], 84:[], 85:[], 86:[], 87:[], 88:[], 89:[], 90:[], 91:[], 92:[], 93:[], 94:[], 95:[], 96:[], 97:[], 98:[], 99:[], 100:[], 101:[], 102:[], 103:[], 104:[], 105:[], 106:[], 107:[], 108:[], 109:[], 110:[], 111:[], 112:[], 113:[], 114:[], 115:[], 116:[], 117:[], 118:[], 119:[], 120:[], 121:[], 122:[], 123:[], 124:[], 125:[], 126:[], 127:[], 128:[], 129:[], 130:[], 131:[], 132:[], 133:[], 134:[], 135:[], 136:[], 137:[], 138:[], 139:[], 140:[], 141:[], 142:[], 143:[], 144:[], 145:[], 146:[], 147:[], 148:[], 149:[], 150:[], 151:[], 152:[], 153:[], 154:[], 155:[], 156:[], 157:[], 158:[], 159:[], 160:[], 161:[], 162:[], 163:[], 164:[], 165:[], 166:[], 167:[], 168:[], 169:[], 170:[], 171:[], 172:[], 173:[], 174:[], 175:[], 176:[], 177:[], 178:[], 179:[], 180:[], 181:[], 182:[], 183:[], 184:[], 185:[], 186:[], 187:[], 188:[], 189:[], 190:[], 191:[], 192:[], 193:[], 194:[], 195:[], 196:[], 197:[], 198:[], 199:[], 200:[], 201:[], 202:[], 203:[], 204:[], 205:[], 206:[], 207:[], 208:[], 209:[], 210:[], 211:[], 212:[], 213:[], 214:[], 215:[], 216:[], 217:[], 218:[], 219:[], 220:[], 221:[], 222:[], 223:[], 224:[], 225:[], 226:[]",114596943264,136525290735
5441,3,59864.8306,56280110,841719564,6723835955,1522.0844,false,227,true,true,true,true,true,false,false,"0:[0, 1, 2, 3, 4, 5, 6, 7, 8, 9, 10, 11, 12, 13, 14, 15, 16, 17, 18, 19, 20, 21, 22, 23, 24, 25, 26, 27, 28, 29, 30, 31, 32, 33, 34, 35, 36, 37, 38, 39, 40, 41, 42, 43, 44, 45, 46, 47, 48, 49, 50, 51, 52, 53, 54, 55, 56, 57, 58, 59, 60, 61, 62, 63, 64, 65, 66, 67, 68, 69, 70, 71, 72, 73, 74, 75, 76, 77, 78, 79, 80, 81, 82, 83, 84, 85, 86, 87, 88, 89, 90, 91, 92, 93, 94, 95, 96, 97, 98, 99, 100, 101, 102, 103, 104, 105, 106, 107, 108, 109, 110, 111, 112, 113, 114, 115, 116, 117, 118, 119, 120, 121, 122, 123, 124, 125, 126, 127, 128, 129, 130, 131, 132, 133, 134, 135, 136, 137, 138, 139, 140, 141, 142, 143, 144, 145, 146, 147, 148, 149, 150, 151, 152, 153, 154, 155, 156, 157, 158, 159, 160, 161, 162, 163, 164, 165, 166, 167, 168, 169, 170, 171, 172, 173, 174, 175, 176, 177, 178, 179, 180, 181, 182, 183, 184, 185, 186, 187, 188, 189, 190, 191, 192, 193, 194, 195, 196, 197, 198, 199, 200, 201, 202, 203, 204, 205, 206, 207, 208, 209, 210, 211, 212, 213, 214, 215, 216, 217, 218, 219, 220, 221, 222, 223, 224, 225, 226], 1:[], 2:[], 3:[], 4:[], 5:[], 6:[], 7:[], 8:[], 9:[], 10:[], 11:[], 12:[], 13:[], 14:[], 15:[], 16:[], 17:[], 18:[], 19:[], 20:[], 21:[], 22:[], 23:[], 24:[], 25:[], 26:[], 27:[], 28:[], 29:[], 30:[], 31:[], 32:[], 33:[], 34:[], 35:[], 36:[], 37:[], 38:[], 39:[], 40:[], 41:[], 42:[], 43:[], 44:[], 45:[], 46:[], 47:[], 48:[], 49:[], 50:[], 51:[], 52:[], 53:[], 54:[], 55:[], 56:[], 57:[], 58:[], 59:[], 60:[], 61:[], 62:[], 63:[], 64:[], 65:[], 66:[], 67:[], 68:[], 69:[], 70:[], 71:[], 72:[], 73:[], 74:[], 75:[], 76:[], 77:[], 78:[], 79:[], 80:[], 81:[], 82:[], 83:[], 84:[], 85:[], 86:[], 87:[], 88:[], 89:[], 90:[], 91:[], 92:[], 93:[], 94:[], 95:[], 96:[], 97:[], 98:[], 99:[], 100:[], 101:[], 102:[], 103:[], 104:[], 105:[], 106:[], 107:[], 108:[], 109:[], 110:[], 111:[], 112:[], 113:[], 114:[], 115:[], 116:[], 117:[], 118:[], 119:[], 120:[], 121:[], 122:[], 123:[], 124:[], 125:[], 126:[], 127:[], 128:[], 129:[], 130:[], 131:[], 132:[], 133:[], 134:[], 135:[], 136:[], 137:[], 138:[], 139:[], 140:[], 141:[], 142:[], 143:[], 144:[], 145:[], 146:[], 147:[], 148:[], 149:[], 150:[], 151:[], 152:[], 153:[], 154:[], 155:[], 156:[], 157:[], 158:[], 159:[], 160:[], 161:[], 162:[], 163:[], 164:[], 165:[], 166:[], 167:[], 168:[], 169:[], 170:[], 171:[], 172:[], 173:[], 174:[], 175:[], 176:[], 177:[], 178:[], 179:[], 180:[], 181:[], 182:[], 183:[], 184:[], 185:[], 186:[], 187:[], 188:[], 189:[], 190:[], 191:[], 192:[], 193:[], 194:[], 195:[], 196:[], 197:[], 198:[], 199:[], 200:[], 201:[], 202:[], 203:[], 204:[], 205:[], 206:[], 207:[], 208:[], 209:[], 210:[], 211:[], 212:[], 213:[], 214:[], 215:[], 216:[], 217:[], 218:[], 219:[], 220:[], 221:[], 222:[], 223:[], 224:[], 225:[], 226:[]",114748762488,136745617652
5443,2,53621.0027,56341990,842646460,6731239745,1311.0934,false,226,true,true,true,true,true,false,false,"0:[0, 1, 2, 3, 4, 5, 6, 7, 8, 9, 10, 11, 12, 13, 14, 15, 16, 17, 18, 19, 20, 21, 22, 23, 24, 25, 26, 27, 28, 29, 30, 31, 32, 33, 34, 35, 36, 37, 38, 39, 40, 41, 42, 43, 44, 45, 46, 47, 48, 49, 50, 51, 52, 53, 54, 55, 56, 57, 58, 59, 60, 61, 62, 63, 64, 65, 66, 67, 68, 69, 70, 71, 72, 73, 74, 75, 76, 77, 78, 79, 80, 81, 82, 83, 84, 85, 86, 87, 88, 89, 90, 91, 92, 93, 94, 95, 96, 97, 98, 99, 100, 101, 102, 103, 104, 105, 106, 107, 108, 109, 110, 111, 112, 113, 114, 115, 116, 117, 118, 119, 120, 121, 122, 123, 124, 125, 126, 127, 128, 129, 130, 131, 132, 133, 134, 135, 136, 137, 138, 139, 140, 141, 142, 143, 144, 145, 146, 147, 148, 149, 150, 151, 152, 153, 154, 155, 156, 157, 158, 159, 160, 161, 162, 163, 164, 165, 166, 167, 168, 169, 170, 171, 172, 173, 174, 175, 176, 177, 178, 179, 180, 181, 182, 183, 184, 185, 186, 187, 188, 189, 190, 191, 192, 193, 194, 195, 196, 197, 198, 199, 200, 201, 202, 203, 204, 205, 206, 207, 208, 209, 210, 211, 212, 213, 214, 215, 216, 217, 218, 219, 220, 221, 222, 223, 224, 225], 1:[], 2:[], 3:[], 4:[], 5:[], 6:[], 7:[], 8:[], 9:[], 10:[], 11:[], 12:[], 13:[], 14:[], 15:[], 16:[], 17:[], 18:[], 19:[], 20:[], 21:[], 22:[], 23:[], 24:[], 25:[], 26:[], 27:[], 28:[], 29:[], 30:[], 31:[], 32:[], 33:[], 34:[], 35:[], 36:[], 37:[], 38:[], 39:[], 40:[], 41:[], 42:[], 43:[], 44:[], 45:[], 46:[], 47:[], 48:[], 49:[], 50:[], 51:[], 52:[], 53:[], 54:[], 55:[], 56:[], 57:[], 58:[], 59:[], 60:[], 61:[], 62:[], 63:[], 64:[], 65:[], 66:[], 67:[], 68:[], 69:[], 70:[], 71:[], 72:[], 73:[], 74:[], 75:[], 76:[], 77:[], 78:[], 79:[], 80:[], 81:[], 82:[], 83:[], 84:[], 85:[], 86:[], 87:[], 88:[], 89:[], 90:[], 91:[], 92:[], 93:[], 94:[], 95:[], 96:[], 97:[], 98:[], 99:[], 100:[], 101:[], 102:[], 103:[], 104:[], 105:[], 106:[], 107:[], 108:[], 109:[], 110:[], 111:[], 112:[], 113:[], 114:[], 115:[], 116:[], 117:[], 118:[], 119:[], 120:[], 121:[], 122:[], 123:[], 124:[], 125:[], 126:[], 127:[], 128:[], 129:[], 130:[], 131:[], 132:[], 133:[], 134:[], 135:[], 136:[], 137:[], 138:[], 139:[], 140:[], 141:[], 142:[], 143:[], 144:[], 145:[], 146:[], 147:[], 148:[], 149:[], 150:[], 151:[], 152:[], 153:[], 154:[], 155:[], 156:[], 157:[], 158:[], 159:[], 160:[], 161:[], 162:[], 163:[], 164:[], 165:[], 166:[], 167:[], 168:[], 169:[], 170:[], 171:[], 172:[], 173:[], 174:[], 175:[], 176:[], 177:[], 178:[], 179:[], 180:[], 181:[], 182:[], 183:[], 184:[], 185:[], 186:[], 187:[], 188:[], 189:[], 190:[], 191:[], 192:[], 193:[], 194:[], 195:[], 196:[], 197:[], 198:[], 199:[], 200:[], 201:[], 202:[], 203:[], 204:[], 205:[], 206:[], 207:[], 208:[], 209:[], 210:[], 211:[], 212:[], 213:[], 214:[], 215:[], 216:[], 217:[], 218:[], 219:[], 220:[], 221:[], 222:[], 223:[], 224:[], 225:[]",114824646808,136855768580
5449,7,63712.9549,56527904,845435056,6753547791,1415.2300,false,228,true,true,true,true,true,false,false,"0:[0, 1, 2, 3, 4, 5, 6, 7, 8, 9, 10, 11, 12, 13, 14, 15, 16, 17, 18, 19, 20, 21, 22, 23, 24, 25, 26, 27, 28, 29, 30, 31, 32, 33, 34, 35, 36, 37, 38, 39, 40, 41, 42, 43, 44, 45, 46, 47, 48, 49, 50, 51, 52, 53, 54, 55, 56, 57, 58, 59, 60, 61, 62, 63, 64, 65, 66, 67, 68, 69, 70, 71, 72, 73, 74, 75, 76, 77, 78, 79, 80, 81, 82, 83, 84, 85, 86, 87, 88, 89, 90, 91, 92, 93, 94, 95, 96, 97, 98, 99, 100, 101, 102, 103, 104, 105, 106, 107, 108, 109, 110, 111, 112, 113, 114, 115, 116, 117, 118, 119, 120, 121, 122, 123, 124, 125, 126, 127, 128, 129, 130, 131, 132, 133, 134, 135, 136, 137, 138, 139, 140, 141, 142, 143, 144, 145, 146, 147, 148, 149, 150, 151, 152, 153, 154, 155, 156, 157, 158, 159, 160, 161, 162, 163, 164, 165, 166, 167, 168, 169, 170, 171, 172, 173, 174, 175, 176, 177, 178, 179, 180, 181, 182, 183, 184, 185, 186, 187, 188, 189, 190, 191, 192, 193, 194, 195, 196, 197, 198, 199, 200, 201, 202, 203, 204, 205, 206, 207, 208, 209, 210, 211, 212, 213, 214, 215, 216, 217, 218, 219, 220, 221, 222, 223, 224, 225, 226, 227], 1:[], 2:[], 3:[], 4:[], 5:[], 6:[], 7:[], 8:[], 9:[], 10:[], 11:[], 12:[], 13:[], 14:[], 15:[], 16:[], 17:[], 18:[], 19:[], 20:[], 21:[], 22:[], 23:[], 24:[], 25:[], 26:[], 27:[], 28:[], 29:[], 30:[], 31:[], 32:[], 33:[], 34:[], 35:[], 36:[], 37:[], 38:[], 39:[], 40:[], 41:[], 42:[], 43:[], 44:[], 45:[], 46:[], 47:[], 48:[], 49:[], 50:[], 51:[], 52:[], 53:[], 54:[], 55:[], 56:[], 57:[], 58:[], 59:[], 60:[], 61:[], 62:[], 63:[], 64:[], 65:[], 66:[], 67:[], 68:[], 69:[], 70:[], 71:[], 72:[], 73:[], 74:[], 75:[], 76:[], 77:[], 78:[], 79:[], 80:[], 81:[], 82:[], 83:[], 84:[], 85:[], 86:[], 87:[], 88:[], 89:[], 90:[], 91:[], 92:[], 93:[], 94:[], 95:[], 96:[], 97:[], 98:[], 99:[], 100:[], 101:[], 102:[], 103:[], 104:[], 105:[], 106:[], 107:[], 108:[], 109:[], 110:[], 111:[], 112:[], 113:[], 114:[], 115:[], 116:[], 117:[], 118:[], 119:[], 120:[], 121:[], 122:[], 123:[], 124:[], 125:[], 126:[], 127:[], 128:[], 129:[], 130:[], 131:[], 132:[], 133:[], 134:[], 135:[], 136:[], 137:[], 138:[], 139:[], 140:[], 141:[], 142:[], 143:[], 144:[], 145:[], 146:[], 147:[], 148:[], 149:[], 150:[], 151:[], 152:[], 153:[], 154:[], 155:[], 156:[], 157:[], 158:[], 159:[], 160:[], 161:[], 162:[], 163:[], 164:[], 165:[], 166:[], 167:[], 168:[], 169:[], 170:[], 171:[], 172:[], 173:[], 174:[], 175:[], 176:[], 177:[], 178:[], 179:[], 180:[], 181:[], 182:[], 183:[], 184:[], 185:[], 186:[], 187:[], 188:[], 189:[], 190:[], 191:[], 192:[], 193:[], 194:[], 195:[], 196:[], 197:[], 198:[], 199:[], 200:[], 201:[], 202:[], 203:[], 204:[], 205:[], 206:[], 207:[], 208:[], 209:[], 210:[], 211:[], 212:[], 213:[], 214:[], 215:[], 216:[], 217:[], 218:[], 219:[], 220:[], 221:[], 222:[], 223:[], 224:[], 225:[], 226:[], 227:[]",115052940080,137187282432
5471,7,59008.7689,57214458,855703340,6835583373,1612.4180,false,227,true,true,true,true,true,false,false,"0:[0, 1, 2, 3, 4, 5, 6, 7, 8, 9, 10, 11, 12, 13, 14, 15, 16, 17, 18, 19, 20, 21, 22, 23, 24, 25, 26, 27, 28, 29, 30, 31, 32, 33, 34, 35, 36, 37, 38, 39, 40, 41, 42, 43, 44, 45, 46, 47, 48, 49, 50, 51, 52, 53, 54, 55, 56, 57, 58, 59, 60, 61, 62, 63, 64, 65, 66, 67, 68, 69, 70, 71, 72, 73, 74, 75, 76, 77, 78, 79, 80, 81, 82, 83, 84, 85, 86, 87, 88, 89, 90, 91, 92, 93, 94, 95, 96, 97, 98, 99, 100, 101, 102, 103, 104, 105, 106, 107, 108, 109, 110, 111, 112, 113, 114, 115, 116, 117, 118, 119, 120, 121, 122, 123, 124, 125, 126, 127, 128, 129, 130, 131, 132, 133, 134, 135, 136, 137, 138, 139, 140, 141, 142, 143, 144, 145, 146, 147, 148, 149, 150, 151, 152, 153, 154, 155, 156, 157, 158, 159, 160, 161, 162, 163, 164, 165, 166, 167, 168, 169, 170, 171, 172, 173, 174, 175, 176, 177, 178, 179, 180, 181, 182, 183, 184, 185, 186, 187, 188, 189, 190, 191, 192, 193, 194, 195, 196, 197, 198, 199, 200, 201, 202, 203, 204, 205, 206, 207, 208, 209, 210, 211, 212, 213, 214, 215, 216, 217, 218, 219, 220, 221, 222, 223, 224, 225, 226], 1:[], 2:[], 3:[], 4:[], 5:[], 6:[], 7:[], 8:[], 9:[], 10:[], 11:[], 12:[], 13:[], 14:[], 15:[], 16:[], 17:[], 18:[], 19:[], 20:[], 21:[], 22:[], 23:[], 24:[], 25:[], 26:[], 27:[], 28:[], 29:[], 30:[], 31:[], 32:[], 33:[], 34:[], 35:[], 36:[], 37:[], 38:[], 39:[], 40:[], 41:[], 42:[], 43:[], 44:[], 45:[], 46:[], 47:[], 48:[], 49:[], 50:[], 51:[], 52:[], 53:[], 54:[], 55:[], 56:[], 57:[], 58:[], 59:[], 60:[], 61:[], 62:[], 63:[], 64:[], 65:[], 66:[], 67:[], 68:[], 69:[], 70:[], 71:[], 72:[], 73:[], 74:[], 75:[], 76:[], 77:[], 78:[], 79:[], 80:[], 81:[], 82:[], 83:[], 84:[], 85:[], 86:[], 87:[], 88:[], 89:[], 90:[], 91:[], 92:[], 93:[], 94:[], 95:[], 96:[], 97:[], 98:[], 99:[], 100:[], 101:[], 102:[], 103:[], 104:[], 105:[], 106:[], 107:[], 108:[], 109:[], 110:[], 111:[], 112:[], 113:[], 114:[], 115:[], 116:[], 117:[], 118:[], 119:[], 120:[], 121:[], 122:[], 123:[], 124:[], 125:[], 126:[], 127:[], 128:[], 129:[], 130:[], 131:[], 132:[], 133:[], 134:[], 135:[], 136:[], 137:[], 138:[], 139:[], 140:[], 141:[], 142:[], 143:[], 144:[], 145:[], 146:[], 147:[], 148:[], 149:[], 150:[], 151:[], 152:[], 153:[], 154:[], 155:[], 156:[], 157:[], 158:[], 159:[], 160:[], 161:[], 162:[], 163:[], 164:[], 165:[], 166:[], 167:[], 168:[], 169:[], 170:[], 171:[], 172:[], 173:[], 174:[], 175:[], 176:[], 177:[], 178:[], 179:[], 180:[], 181:[], 182:[], 183:[], 184:[], 185:[], 186:[], 187:[], 188:[], 189:[], 190:[], 191:[], 192:[], 193:[], 194:[], 195:[], 196:[], 197:[], 198:[], 199:[], 200:[], 201:[], 202:[], 203:[], 204:[], 205:[], 206:[], 207:[], 208:[], 209:[], 210:[], 211:[], 212:[], 213:[], 214:[], 215:[], 216:[], 217:[], 218:[], 219:[], 220:[], 221:[], 222:[], 223:[], 224:[], 225:[], 226:[]",115893626312,138407574628
5477,2,58386.0065,57402285,858520740,6858122496,1492.1203,false,229,true,true,true,true,true,false,false,"0:[0, 1, 2, 3, 4, 5, 6, 7, 8, 9, 10, 11, 12, 13, 14, 15, 16, 17, 18, 19, 20, 21, 22, 23, 24, 25, 26, 27, 28, 29, 30, 31, 32, 33, 34, 35, 36, 37, 38, 39, 40, 41, 42, 43, 44, 45, 46, 47, 48, 49, 50, 51, 52, 53, 54, 55, 56, 57, 58, 59, 60, 61, 62, 63, 64, 65, 66, 67, 68, 69, 70, 71, 72, 73, 74, 75, 76, 77, 78, 79, 80, 81, 82, 83, 84, 85, 86, 87, 88, 89, 90, 91, 92, 93, 94, 95, 96, 97, 98, 99, 100, 101, 102, 103, 104, 105, 106, 107, 108, 109, 110, 111, 112, 113, 114, 115, 116, 117, 118, 119, 120, 121, 122, 123, 124, 125, 126, 127, 128, 129, 130, 131, 132, 133, 134, 135, 136, 137, 138, 139, 140, 141, 142, 143, 144, 145, 146, 147, 148, 149, 150, 151, 152, 153, 154, 155, 156, 157, 158, 159, 160, 161, 162, 163, 164, 165, 166, 167, 168, 169, 170, 171, 172, 173, 174, 175, 176, 177, 178, 179, 180, 181, 182, 183, 184, 185, 186, 187, 188, 189, 190, 191, 192, 193, 194, 195, 196, 197, 198, 199, 200, 201, 202, 203, 204, 205, 206, 207, 208, 209, 210, 211, 212, 213, 214, 215, 216, 217, 218, 219, 220, 221, 222, 223, 224, 225, 226, 227, 228], 1:[], 2:[], 3:[], 4:[], 5:[], 6:[], 7:[], 8:[], 9:[], 10:[], 11:[], 12:[], 13:[], 14:[], 15:[], 16:[], 17:[], 18:[], 19:[], 20:[], 21:[], 22:[], 23:[], 24:[], 25:[], 26:[], 27:[], 28:[], 29:[], 30:[], 31:[], 32:[], 33:[], 34:[], 35:[], 36:[], 37:[], 38:[], 39:[], 40:[], 41:[], 42:[], 43:[], 44:[], 45:[], 46:[], 47:[], 48:[], 49:[], 50:[], 51:[], 52:[], 53:[], 54:[], 55:[], 56:[], 57:[], 58:[], 59:[], 60:[], 61:[], 62:[], 63:[], 64:[], 65:[], 66:[], 67:[], 68:[], 69:[], 70:[], 71:[], 72:[], 73:[], 74:[], 75:[], 76:[], 77:[], 78:[], 79:[], 80:[], 81:[], 82:[], 83:[], 84:[], 85:[], 86:[], 87:[], 88:[], 89:[], 90:[], 91:[], 92:[], 93:[], 94:[], 95:[], 96:[], 97:[], 98:[], 99:[], 100:[], 101:[], 102:[], 103:[], 104:[], 105:[], 106:[], 107:[], 108:[], 109:[], 110:[], 111:[], 112:[], 113:[], 114:[], 115:[], 116:[], 117:[], 118:[], 119:[], 120:[], 121:[], 122:[], 123:[], 124:[], 125:[], 126:[], 127:[], 128:[], 129:[], 130:[], 131:[], 132:[], 133:[], 134:[], 135:[], 136:[], 137:[], 138:[], 139:[], 140:[], 141:[], 142:[], 143:[], 144:[], 145:[], 146:[], 147:[], 148:[], 149:[], 150:[], 151:[], 152:[], 153:[], 154:[], 155:[], 156:[], 157:[], 158:[], 159:[], 160:[], 161:[], 162:[], 163:[], 164:[], 165:[], 166:[], 167:[], 168:[], 169:[], 170:[], 171:[], 172:[], 173:[], 174:[], 175:[], 176:[], 177:[], 178:[], 179:[], 180:[], 181:[], 182:[], 183:[], 184:[], 185:[], 186:[], 187:[], 188:[], 189:[], 190:[], 191:[], 192:[], 193:[], 194:[], 195:[], 196:[], 197:[], 198:[], 199:[], 200:[], 201:[], 202:[], 203:[], 204:[], 205:[], 206:[], 207:[], 208:[], 209:[], 210:[], 211:[], 212:[], 213:[], 214:[], 215:[], 216:[], 217:[], 218:[], 219:[], 220:[], 221:[], 222:[], 223:[], 224:[], 225:[], 226:[], 227:[], 228:[]",116124277468,138742513232
5479,3,54120.3308,57464986,859459840,6865623205,1747.0851,false,228,true,true,true,true,true,false,false,"0:[0, 1, 2, 3, 4, 5, 6, 7, 8, 9, 10, 11, 12, 13, 14, 15, 16, 17, 18, 19, 20, 21, 22, 23, 24, 25, 26, 27, 28, 29, 30, 31, 32, 33, 34, 35, 36, 37, 38, 39, 40, 41, 42, 43, 44, 45, 46, 47, 48, 49, 50, 51, 52, 53, 54, 55, 56, 57, 58, 59, 60, 61, 62, 63, 64, 65, 66, 67, 68, 69, 70, 71, 72, 73, 74, 75, 76, 77, 78, 79, 80, 81, 82, 83, 84, 85, 86, 87, 88, 89, 90, 91, 92, 93, 94, 95, 96, 97, 98, 99, 100, 101, 102, 103, 104, 105, 106, 107, 108, 109, 110, 111, 112, 113, 114, 115, 116, 117, 118, 119, 120, 121, 122, 123, 124, 125, 126, 127, 128, 129, 130, 131, 132, 133, 134, 135, 136, 137, 138, 139, 140, 141, 142, 143, 144, 145, 146, 147, 148, 149, 150, 151, 152, 153, 154, 155, 156, 157, 158, 159, 160, 161, 162, 163, 164, 165, 166, 167, 168, 169, 170, 171, 172, 173, 174, 175, 176, 177, 178, 179, 180, 181, 182, 183, 184, 185, 186, 187, 188, 189, 190, 191, 192, 193, 194, 195, 196, 197, 198, 199, 200, 201, 202, 203, 204, 205, 206, 207, 208, 209, 210, 211, 212, 213, 214, 215, 216, 217, 218, 219, 220, 221, 222, 223, 224, 225, 226, 227], 1:[], 2:[], 3:[], 4:[], 5:[], 6:[], 7:[], 8:[], 9:[], 10:[], 11:[], 12:[], 13:[], 14:[], 15:[], 16:[], 17:[], 18:[], 19:[], 20:[], 21:[], 22:[], 23:[], 24:[], 25:[], 26:[], 27:[], 28:[], 29:[], 30:[], 31:[], 32:[], 33:[], 34:[], 35:[], 36:[], 37:[], 38:[], 39:[], 40:[], 41:[], 42:[], 43:[], 44:[], 45:[], 46:[], 47:[], 48:[], 49:[], 50:[], 51:[], 52:[], 53:[], 54:[], 55:[], 56:[], 57:[], 58:[], 59:[], 60:[], 61:[], 62:[], 63:[], 64:[], 65:[], 66:[], 67:[], 68:[], 69:[], 70:[], 71:[], 72:[], 73:[], 74:[], 75:[], 76:[], 77:[], 78:[], 79:[], 80:[], 81:[], 82:[], 83:[], 84:[], 85:[], 86:[], 87:[], 88:[], 89:[], 90:[], 91:[], 92:[], 93:[], 94:[], 95:[], 96:[], 97:[], 98:[], 99:[], 100:[], 101:[], 102:[], 103:[], 104:[], 105:[], 106:[], 107:[], 108:[], 109:[], 110:[], 111:[], 112:[], 113:[], 114:[], 115:[], 116:[], 117:[], 118:[], 119:[], 120:[], 121:[], 122:[], 123:[], 124:[], 125:[], 126:[], 127:[], 128:[], 129:[], 130:[], 131:[], 132:[], 133:[], 134:[], 135:[], 136:[], 137:[], 138:[], 139:[], 140:[], 141:[], 142:[], 143:[], 144:[], 145:[], 146:[], 147:[], 148:[], 149:[], 150:[], 151:[], 152:[], 153:[], 154:[], 155:[], 156:[], 157:[], 158:[], 159:[], 160:[], 161:[], 162:[], 163:[], 164:[], 165:[], 166:[], 167:[], 168:[], 169:[], 170:[], 171:[], 172:[], 173:[], 174:[], 175:[], 176:[], 177:[], 178:[], 179:[], 180:[], 181:[], 182:[], 183:[], 184:[], 185:[], 186:[], 187:[], 188:[], 189:[], 190:[], 191:[], 192:[], 193:[], 194:[], 195:[], 196:[], 197:[], 198:[], 199:[], 200:[], 201:[], 202:[], 203:[], 204:[], 205:[], 206:[], 207:[], 208:[], 209:[], 210:[], 211:[], 212:[], 213:[], 214:[], 215:[], 216:[], 217:[], 218:[], 219:[], 220:[], 221:[], 222:[], 223:[], 224:[], 225:[], 226:[], 227:[]",116201161096,138854113960
5483,2,51241.7019,57590981,861342939,6880672656,1695.3262,false,228,true,true,true,true,true,false,false,"0:[0, 1, 2, 3, 4, 5, 6, 7, 8, 9, 10, 11, 12, 13, 14, 15, 16, 17, 18, 19, 20, 21, 22, 23, 24, 25, 26, 27, 28, 29, 30, 31, 32, 33, 34, 35, 36, 37, 38, 39, 40, 41, 42, 43, 44, 45, 46, 47, 48, 49, 50, 51, 52, 53, 54, 55, 56, 57, 58, 59, 60, 61, 62, 63, 64, 65, 66, 67, 68, 69, 70, 71, 72, 73, 74, 75, 76, 77, 78, 79, 80, 81, 82, 83, 84, 85, 86, 87, 88, 89, 90, 91, 92, 93, 94, 95, 96, 97, 98, 99, 100, 101, 102, 103, 104, 105, 106, 107, 108, 109, 110, 111, 112, 113, 114, 115, 116, 117, 118, 119, 120, 121, 122, 123, 124, 125, 126, 127, 128, 129, 130, 131, 132, 133, 134, 135, 136, 137, 138, 139, 140, 141, 142, 143, 144, 145, 146, 147, 148, 149, 150, 151, 152, 153, 154, 155, 156, 157, 158, 159, 160, 161, 162, 163, 164, 165, 166, 167, 168, 169, 170, 171, 172, 173, 174, 175, 176, 177, 178, 179, 180, 181, 182, 183, 184, 185, 186, 187, 188, 189, 190, 191, 192, 193, 194, 195, 196, 197, 198, 199, 200, 201, 202, 203, 204, 205, 206, 207, 208, 209, 210, 211, 212, 213, 214, 215, 216, 217, 218, 219, 220, 221, 222, 223, 224, 225, 226, 227], 1:[], 2:[], 3:[], 4:[], 5:[], 6:[], 7:[], 8:[], 9:[], 10:[], 11:[], 12:[], 13:[], 14:[], 15:[], 16:[], 17:[], 18:[], 19:[], 20:[], 21:[], 22:[], 23:[], 24:[], 25:[], 26:[], 27:[], 28:[], 29:[], 30:[], 31:[], 32:[], 33:[], 34:[], 35:[], 36:[], 37:[], 38:[], 39:[], 40:[], 41:[], 42:[], 43:[], 44:[], 45:[], 46:[], 47:[], 48:[], 49:[], 50:[], 51:[], 52:[], 53:[], 54:[], 55:[], 56:[], 57:[], 58:[], 59:[], 60:[], 61:[], 62:[], 63:[], 64:[], 65:[], 66:[], 67:[], 68:[], 69:[], 70:[], 71:[], 72:[], 73:[], 74:[], 75:[], 76:[], 77:[], 78:[], 79:[], 80:[], 81:[], 82:[], 83:[], 84:[], 85:[], 86:[], 87:[], 88:[], 89:[], 90:[], 91:[], 92:[], 93:[], 94:[], 95:[], 96:[], 97:[], 98:[], 99:[], 100:[], 101:[], 102:[], 103:[], 104:[], 105:[], 106:[], 107:[], 108:[], 109:[], 110:[], 111:[], 112:[], 113:[], 114:[], 115:[], 116:[], 117:[], 118:[], 119:[], 120:[], 121:[], 122:[], 123:[], 124:[], 125:[], 126:[], 127:[], 128:[], 129:[], 130:[], 131:[], 132:[], 133:[], 134:[], 135:[], 136:[], 137:[], 138:[], 139:[], 140:[], 141:[], 142:[], 143:[], 144:[], 145:[], 146:[], 147:[], 148:[], 149:[], 150:[], 151:[], 152:[], 153:[], 154:[], 155:[], 156:[], 157:[], 158:[], 159:[], 160:[], 161:[], 162:[], 163:[], 164:[], 165:[], 166:[], 167:[], 168:[], 169:[], 170:[], 171:[], 172:[], 173:[], 174:[], 175:[], 176:[], 177:[], 178:[], 179:[], 180:[], 181:[], 182:[], 183:[], 184:[], 185:[], 186:[], 187:[], 188:[], 189:[], 190:[], 191:[], 192:[], 193:[], 194:[], 195:[], 196:[], 197:[], 198:[], 199:[], 200:[], 201:[], 202:[], 203:[], 204:[], 205:[], 206:[], 207:[], 208:[], 209:[], 210:[], 211:[], 212:[], 213:[], 214:[], 215:[], 216:[], 217:[], 218:[], 219:[], 220:[], 221:[], 222:[], 223:[], 224:[], 225:[], 226:[], 227:[]",116355336876,139077862323
