p,d,construction_time_sec,jacobian_count,vertex_count,edge_count,connectivity_check_time_sec,is_strongly_connected,scc_count,are_all_jacobians_connected_via_main_scc,are_all_jacobian_pairs_connected_via_good_paths,are_all_minor_sccs_size_1,are_all_minor_nodes_self_isogenies,all_minor_sccs_have_preds_from_main,any_minor_sccs_have_succs_to_main,exists_minor_to_minor_edge,condensed_graph,construction_peak_bytes,connectivity_check_peak_bytes
7,3,0.0006,1,1,1,0.0000,true,1,true,true,true,true,true,false,false,0:[0],1896,749
11,2,0.0008,2,4,7,0.0000,true,1,true,true,true,true,true,false,false,0:[0],3232,980
13,2,0.0024,3,7,15,0.0000,true,1,true,true,true,true,true,false,false,0:[0],3496,1323
17,3,0.0040,5,17,50,0.0000,true,1,true,true,true,true,true,false,false,0:[0],6712,2925
19,2,0.0041,7,29,98,0.0000,true,1,true,true,true,true,true,false,false,0:[0],8072,4281
23,5,0.0088,10,47,175,0.0000,true,1,true,true,true,true,true,false,false,0:[0],14288,6811
29,2,0.0113,18,114,522,0.0000,true,1,true,true,true,true,true,false,false,0:[0],29952,17786
31,3,0.0136,20,139,683,0.0001,true,1,true,true,true,true,true,false,false,0:[0],33408,22487
37,2,0.0146,31,253,1405,0.0000,false,2,true,true,true,true,true,false,true,"0:[0, 1], 1:[1]",61608,39033
41,3,0.0209,40,336,1888,0.0001,false,2,true,true,true,true,true,false,true,"0:[0, 1], 1:[1]",71280,57088
43,2,0.0200,45,403,2367,0.0001,false,2,true,true,true,true,true,false,true,"0:[0, 1], 1:[1]",76760,64727
47,5,0.0356,57,532,3291,0.0001,true,1,true,true,true,true,true,false,false,0:[0],89160,89740
53,2,0.0451,78,783,5042,0.0001,true,1,true,true,true,true,true,false,false,0:[0],151216,128539
59,2,0.0476,104,1057,6875,0.0002,false,3,true,true,true,true,true,false,true,"0:[0, 1, 2], 1:[], 2:[2]",173760,176357
61,2,0.0662,113,1195,7947,0.0002,true,1,true,true,true,true,true,false,false,0:[0],188600,213519
67,2,0.0675,145,1595,10926,0.0002,false,2,true,true,true,true,true,false,false,"0:[0, 1], 1:[]",304312,260575
71,7,0.1108,170,1889,13024,0.0003,false,2,true,true,true,true,true,false,false,"0:[0, 1], 1:[]",328432,294933
73,5,0.1003,183,2057,14211,0.0003,false,3,true,true,true,true,true,false,false,"0:[0, 1, 2], 1:[], 2:[]",342184,348501
79,3,0.1672,228,2612,18312,0.0004,false,3,true,true,true,true,true,false,false,"0:[0, 1, 2], 1:[], 2:[]",394832,453588
83,2,0.1225,260,3010,21188,0.0004,true,1,true,true,true,true,true,false,false,0:[0],570800,500538
89,3,0.2157,316,3750,26841,0.0005,false,2,true,true,true,true,true,false,true,"0:[0, 1], 1:[1]",653872,588878
97,5,0.2808,400,4865,35282,0.0007,false,4,true,true,true,true,true,false,false,"0:[0, 1, 2, 3], 1:[], 2:[], 3:[]",745088,852677
101,2,0.2752,448,5478,39780,0.0008,false,4,true,true,true,true,true,false,false,"0:[0, 1, 2, 3], 1:[], 2:[], 3:[]",795280,925038
103,3,0.3150,473,5776,41879,0.0008,false,4,true,true,true,true,true,false,false,"0:[0, 1, 2, 3], 1:[], 2:[], 3:[]",834056,973944
107,2,0.3206,526,6497,47462,0.0009,false,3,true,true,true,true,true,false,false,"0:[0, 1, 2], 1:[], 2:[]",1179728,1059605
109,2,0.2724,555,6910,50770,0.0010,false,3,true,true,true,true,true,false,false,"0:[0, 1, 2], 1:[], 2:[]",1213464,1109614
113,3,0.3463,613,7703,56867,0.0011,false,4,true,true,true,true,true,false,false,"0:[0, 1, 2, 3], 1:[], 2:[], 3:[]",1323352,1204043
127,3,0.6211,852,10887,81012,0.0016,false,6,true,true,true,true,true,false,false,"0:[0, 1, 2, 3, 4, 5], 1:[], 2:[], 3:[], 4:[], 5:[]",1583808,1843075
131,2,0.4547,930,11909,88638,0.0017,false,5,true,true,true,true,true,false,false,"0:[0, 1, 2, 3, 4], 1:[], 2:[], 3:[], 4:[]",1696112,1992201
137,3,0.7437,1056,13679,102473,0.0019,false,5,true,true,true,true,true,false,false,"0:[0, 1, 2, 3, 4], 1:[], 2:[], 3:[], 4:[]",2414176,2203851
139,2,0.5412,1101,14258,106830,0.0020,false,6,true,true,true,true,true,false,false,"0:[0, 1, 2, 3, 4, 5], 1:[], 2:[], 3:[], 4:[], 5:[]",2461576,2271394
149,2,0.6821,1342,17581,132479,0.0025,false,5,true,true,true,true,true,false,false,"0:[0, 1, 2, 3, 4], 1:[], 2:[], 3:[], 4:[]",2823312,2928785
151,3,0.7805,1393,18247,137398,0.0026,false,6,true,true,true,true,true,false,false,"0:[0, 1, 2, 3, 4, 5], 1:[], 2:[], 3:[], 4:[], 5:[]",2877816,3007035
157,2,0.8032,1557,20558,155513,0.0029,false,7,true,true,true,true,true,false,false,"0:[0, 1, 2, 3, 4, 5, 6], 1:[], 2:[], 3:[], 4:[], 5:[], 6:[]",3066632,3544366
163,2,0.8689,1733,22973,174141,0.0033,false,6,true,true,true,true,true,false,false,"0:[0, 1, 2, 3, 4, 5], 1:[], 2:[], 3:[], 4:[], 5:[]",3264056,3830089
167,5,1.0623,1858,24692,187392,0.0035,false,7,true,true,true,true,true,false,false,"0:[0, 1, 2, 3, 4, 5, 6], 1:[], 2:[], 3:[], 4:[], 5:[], 6:[]",3461920,4090980
173,2,1.1444,2056,27478,209067,0.0040,false,8,true,true,true,true,true,false,false,"0:[0, 1, 2, 3, 4, 5, 6, 7], 1:[], 2:[], 3:[], 4:[], 5:[], 6:[], 7:[]",4836432,4423230
179,2,1.1554,2268,30367,231223,0.0044,false,7,true,true,true,true,true,false,false,"0:[0, 1, 2, 3, 4, 5, 6], 1:[], 2:[], 3:[], 4:[], 5:[], 6:[]",5252864,4764251
181,2,1.5362,2341,31438,239689,0.0046,false,7,true,true,true,true,true,false,false,"0:[0, 1, 2, 3, 4, 5, 6], 1:[], 2:[], 3:[], 4:[], 5:[], 6:[]",5340296,4892782
191,7,1.6043,2733,36879,281865,0.0064,false,7,true,true,true,true,true,false,false,"0:[0, 1, 2, 3, 4, 5, 6], 1:[], 2:[], 3:[], 4:[], 5:[], 6:[]",5784984,6061219
193,5,1.7490,2816,38106,291667,0.0057,false,8,true,true,true,true,true,false,false,"0:[0, 1, 2, 3, 4, 5, 6, 7], 1:[], 2:[], 3:[], 4:[], 5:[], 6:[], 7:[]",5885136,6733138
197,2,1.5593,2988,40534,310667,0.0060,false,8,true,true,true,true,true,false,false,"0:[0, 1, 2, 3, 4, 5, 6, 7], 1:[], 2:[], 3:[], 4:[], 5:[], 6:[], 7:[]",6083504,7021406
199,3,2.2122,3077,41677,319023,0.0063,false,8,true,true,true,true,true,false,false,"0:[0, 1, 2, 3, 4, 5, 6, 7], 1:[], 2:[], 3:[], 4:[], 5:[], 6:[], 7:[]",6177080,7154873
211,2,1.8726,3643,49689,381683,0.0074,false,9,true,true,true,true,true,false,false,"0:[0, 1, 2, 3, 4, 5, 6, 7, 8], 1:[], 2:[], 3:[], 4:[], 5:[], 6:[], 7:[], 8:[]",6946312,8220773
223,3,3.1734,4276,58609,451218,0.0091,false,10,true,true,true,true,true,false,false,"0:[0, 1, 2, 3, 4, 5, 6, 7, 8, 9], 1:[], 2:[], 3:[], 4:[], 5:[], 6:[], 7:[], 8:[], 9:[]",9968864,9279093
227,2,2.4000,4502,61780,475755,0.0097,false,8,true,true,true,true,true,false,false,"0:[0, 1, 2, 3, 4, 5, 6, 7], 1:[], 2:[], 3:[], 4:[], 5:[], 6:[], 7:[]",10227968,9654692
229,2,2.4605,4619,63509,489685,0.0102,false,9,true,true,true,true,true,false,false,"0:[0, 1, 2, 3, 4, 5, 6, 7, 8], 1:[], 2:[], 3:[], 4:[], 5:[], 6:[], 7:[], 8:[]",10729544,9862257
233,3,3.5584,4856,66889,516160,0.0108,false,9,true,true,true,true,true,false,false,"0:[0, 1, 2, 3, 4, 5, 6, 7, 8], 1:[], 2:[], 3:[], 4:[], 5:[], 6:[], 7:[], 8:[]",11005632,11312045
239,7,3.7229,5229,72106,556700,0.0116,false,9,true,true,true,true,true,false,false,"0:[0, 1, 2, 3, 4, 5, 6, 7, 8], 1:[], 2:[], 3:[], 4:[], 5:[], 6:[], 7:[], 8:[]",11431944,11929018
241,7,3.3690,5356,73971,571437,0.0135,false,11,true,true,true,true,true,false,false,"0:[0, 1, 2, 3, 4, 5, 6, 7, 8, 9, 10], 1:[], 2:[], 3:[], 4:[], 5:[], 6:[], 7:[], 8:[], 9:[], 10:[]",11584192,12152351
251,2,3.8927,6028,83427,644946,0.0137,false,10,true,true,true,true,true,false,false,"0:[0, 1, 2, 3, 4, 5, 6, 7, 8, 9], 1:[], 2:[], 3:[], 4:[], 5:[], 6:[], 7:[], 8:[], 9:[]",12356800,14320207
257,3,4.5555,6457,89605,693597,0.0160,false,9,true,true,true,true,true,false,false,"0:[0, 1, 2, 3, 4, 5, 6, 7, 8], 1:[], 2:[], 3:[], 4:[], 5:[], 6:[], 7:[], 8:[]",12861336,15055569
263,5,3.9755,6906,95973,743463,0.0176,false,11,true,true,true,true,true,false,false,"0:[0, 1, 2, 3, 4, 5, 6, 7, 8, 9, 10], 1:[], 2:[], 3:[], 4:[], 5:[], 6:[], 7:[], 8:[], 9:[], 10:[]",13381552,15809577
269,2,3.8790,7376,102716,796422,0.0185,false,10,true,true,true,true,true,false,false,"0:[0, 1, 2, 3, 4, 5, 6, 7, 8, 9], 1:[], 2:[], 3:[], 4:[], 5:[], 6:[], 7:[], 8:[], 9:[]",14161648,16840796
271,3,4.3425,7536,104992,814309,0.0211,false,11,true,true,true,true,true,false,false,"0:[0, 1, 2, 3, 4, 5, 6, 7, 8, 9, 10], 1:[], 2:[], 3:[], 4:[], 5:[], 6:[], 7:[], 8:[], 9:[], 10:[]",14347568,17109328
277,2,4.2562,8033,112164,870797,0.0309,false,12,true,true,true,true,true,false,false,"0:[0, 1, 2, 3, 4, 5, 6, 7, 8, 9, 10, 11], 1:[], 2:[], 3:[], 4:[], 5:[], 6:[], 7:[], 8:[], 9:[], 10:[], 11:[]",19520776,17962396
281,3,6.2409,8376,117022,908559,0.0276,false,12,true,true,true,true,true,false,false,"0:[0, 1, 2, 3, 4, 5, 6, 7, 8, 9, 10, 11], 1:[], 2:[], 3:[], 4:[], 5:[], 6:[], 7:[], 8:[], 9:[], 10:[], 11:[]",19917648,18538278
283,2,4.5358,8551,119501,928055,0.0243,false,11,true,true,true,true,true,false,false,"0:[0, 1, 2, 3, 4, 5, 6, 7, 8, 9, 10], 1:[], 2:[], 3:[], 4:[], 5:[], 6:[], 7:[], 8:[], 9:[], 10:[]",20120168,18830441
293,2,5.0830,9464,132634,1031292,0.0280,false,12,true,true,true,true,true,false,false,"0:[0, 1, 2, 3, 4, 5, 6, 7, 8, 9, 10, 11], 1:[], 2:[], 3:[], 4:[], 5:[], 6:[], 7:[], 8:[], 9:[], 10:[], 11:[]",21913616,22488274
307,2,5.7304,10847,152424,1186573,0.0367,false,12,true,true,true,true,true,false,false,"0:[0, 1, 2, 3, 4, 5, 6, 7, 8, 9, 10, 11], 1:[], 2:[], 3:[], 4:[], 5:[], 6:[], 7:[], 8:[], 9:[], 10:[], 11:[]",23530008,26931136
311,11,6.6807,11266,158395,1233227,0.0396,false,12,true,true,true,true,true,false,false,"0:[0, 1, 2, 3, 4, 5, 6, 7, 8, 9, 10, 11], 1:[], 2:[], 3:[], 4:[], 5:[], 6:[], 7:[], 8:[], 9:[], 10:[], 11:[]",24017744,27638903
313,5,8.6124,11479,161543,1258254,0.0378,false,13,true,true,true,true,true,false,false,"0:[0, 1, 2, 3, 4, 5, 6, 7, 8, 9, 10, 11, 12], 1:[], 2:[], 3:[], 4:[], 5:[], 6:[], 7:[], 8:[], 9:[], 10:[], 11:[], 12:[]",24274696,28015083
317,2,6.2599,11914,167863,1308398,0.0402,false,14,true,true,true,true,true,false,false,"0:[0, 1, 2, 3, 4, 5, 6, 7, 8, 9, 10, 11, 12, 13], 1:[], 2:[], 3:[], 4:[], 5:[], 6:[], 7:[], 8:[], 9:[], 10:[], 11:[], 12:[], 13:[]",24790736,28765891
331,2,7.1613,13521,190914,1489299,0.0519,false,14,true,true,true,true,true,false,false,"0:[0, 1, 2, 3, 4, 5, 6, 7, 8, 9, 10, 11, 12, 13], 1:[], 2:[], 3:[], 4:[], 5:[], 6:[], 7:[], 8:[], 9:[], 10:[], 11:[], 12:[], 13:[]",26673384,31498098
337,5,8.8149,14252,201541,1573317,0.0527,false,14,true,true,true,true,true,false,false,"0:[0, 1, 2, 3, 4, 5, 6, 7, 8, 9, 10, 11, 12, 13], 1:[], 2:[], 3:[], 4:[], 5:[], 6:[], 7:[], 8:[], 9:[], 10:[], 11:[], 12:[], 13:[]",27541088,32761529
347,2,9.9239,15528,219846,1716974,0.0604,false,14,true,true,true,true,true,false,false,"0:[0, 1, 2, 3, 4, 5, 6, 7, 8, 9, 10, 11, 12, 13], 1:[], 2:[], 3:[], 4:[], 5:[], 6:[], 7:[], 8:[], 9:[], 10:[], 11:[], 12:[], 13:[]",38669904,35389070
349,2,8.3623,15793,223747,1748044,0.0620,false,14,true,true,true,true,true,false,false,"0:[0, 1, 2, 3, 4, 5, 6, 7, 8, 9, 10, 11, 12, 13], 1:[], 2:[], 3:[], 4:[], 5:[], 6:[], 7:[], 8:[], 9:[], 10:[], 11:[], 12:[], 13:[]",38988344,35854503
353,3,10.0595,16329,231493,1809013,0.0664,false,13,true,true,true,true,true,false,false,"0:[0, 1, 2, 3, 4, 5, 6, 7, 8, 9, 10, 11, 12], 1:[], 2:[], 3:[], 4:[], 5:[], 6:[], 7:[], 8:[], 9:[], 10:[], 11:[], 12:[]",39620888,36773521
359,7,12.2966,17158,243379,1902343,0.0712,false,14,true,true,true,true,true,false,false,"0:[0, 1, 2, 3, 4, 5, 6, 7, 8, 9, 10, 11, 12, 13], 1:[], 2:[], 3:[], 4:[], 5:[], 6:[], 7:[], 8:[], 9:[], 10:[], 11:[], 12:[], 13:[]",40591664,38180911
367,3,12.8602,18304,259956,2032929,0.0777,false,16,true,true,true,true,true,false,false,"0:[0, 1, 2, 3, 4, 5, 6, 7, 8, 9, 10, 11, 12, 13, 14, 15], 1:[], 2:[], 3:[], 4:[], 5:[], 6:[], 7:[], 8:[], 9:[], 10:[], 11:[], 12:[], 13:[], 14:[], 15:[]",43387120,40147828
373,2,10.2860,19197,273022,2136628,0.0872,false,16,true,true,true,true,true,false,false,"0:[0, 1, 2, 3, 4, 5, 6, 7, 8, 9, 10, 11, 12, 13, 14, 15], 1:[], 2:[], 3:[], 4:[], 5:[], 6:[], 7:[], 8:[], 9:[], 10:[], 11:[], 12:[], 13:[], 14:[], 15:[]",44453832,45895678
379,2,13.1098,20119,286263,2240580,0.0909,false,16,true,true,true,true,true,false,false,"0:[0, 1, 2, 3, 4, 5, 6, 7, 8, 9, 10, 11, 12, 13, 14, 15], 1:[], 2:[], 3:[], 4:[], 5:[], 6:[], 7:[], 8:[], 9:[], 10:[], 11:[], 12:[], 13:[], 14:[], 15:[]",45535240,47463515
383,5,11.9473,20749,295347,2311938,0.0941,false,15,true,true,true,true,true,false,false,"0:[0, 1, 2, 3, 4, 5, 6, 7, 8, 9, 10, 11, 12, 13, 14], 1:[], 2:[], 3:[], 4:[], 5:[], 6:[], 7:[], 8:[], 9:[], 10:[], 11:[], 12:[], 13:[], 14:[]",46277080,48540663
389,2,14.2197,21720,309524,2424236,0.1025,false,16,true,true,true,true,true,false,false,"0:[0, 1, 2, 3, 4, 5, 6, 7, 8, 9, 10, 11, 12, 13, 14, 15], 1:[], 2:[], 3:[], 4:[], 5:[], 6:[], 7:[], 8:[], 9:[], 10:[], 11:[], 12:[], 13:[], 14:[], 15:[]",47434544,54420308
397,2,12.1301,23059,328955,2577603,0.1156,false,17,true,true,true,true,true,false,false,"0:[0, 1, 2, 3, 4, 5, 6, 7, 8, 9, 10, 11, 12, 13, 14, 15, 16], 1:[], 2:[], 3:[], 4:[], 5:[], 6:[], 7:[], 8:[], 9:[], 10:[], 11:[], 12:[], 13:[], 14:[], 15:[], 16:[]",49021160,56725935
401,3,17.6726,23749,338989,2656881,0.1155,false,17,true,true,true,true,true,false,false,"0:[0, 1, 2, 3, 4, 5, 6, 7, 8, 9, 10, 11, 12, 13, 14, 15, 16], 1:[], 2:[], 3:[], 4:[], 5:[], 6:[], 7:[], 8:[], 9:[], 10:[], 11:[], 12:[], 13:[], 14:[], 15:[], 16:[]",49840440,57916665
409,7,18.7961,25171,359600,2819432,0.1309,false,18,true,true,true,true,true,false,false,"0:[0, 1, 2, 3, 4, 5, 6, 7, 8, 9, 10, 11, 12, 13, 14, 15, 16, 17], 1:[], 2:[], 3:[], 4:[], 5:[], 6:[], 7:[], 8:[], 9:[], 10:[], 11:[], 12:[], 13:[], 14:[], 15:[], 16:[], 17:[]",51523448,60361768
419,2,14.0925,27026,386411,3030497,0.1391,false,18,true,true,true,true,true,false,false,"0:[0, 1, 2, 3, 4, 5, 6, 7, 8, 9, 10, 11, 12, 13, 14, 15, 16, 17], 1:[], 2:[], 3:[], 4:[], 5:[], 6:[], 7:[], 8:[], 9:[], 10:[], 11:[], 12:[], 13:[], 14:[], 15:[], 16:[], 17:[]",53712848,63538919
421,2,14.6058,27407,392107,3076192,0.1409,false,17,true,true,true,true,true,false,false,"0:[0, 1, 2, 3, 4, 5, 6, 7, 8, 9, 10, 11, 12, 13, 14, 15, 16], 1:[], 2:[], 3:[], 4:[], 5:[], 6:[], 7:[], 8:[], 9:[], 10:[], 11:[], 12:[], 13:[], 14:[], 15:[], 16:[]",54177672,64218687
431,7,21.1222,29369,420540,3300459,0.1534,false,17,true,true,true,true,true,false,false,"0:[0, 1, 2, 3, 4, 5, 6, 7, 8, 9, 10, 11, 12, 13, 14, 15, 16], 1:[], 2:[], 3:[], 4:[], 5:[], 6:[], 7:[], 8:[], 9:[], 10:[], 11:[], 12:[], 13:[], 14:[], 15:[], 16:[]",57416904,68506196
433,5,22.0340,29772,426502,3347907,0.1568,false,18,true,true,true,true,true,false,false,"0:[0, 1, 2, 3, 4, 5, 6, 7, 8, 9, 10, 11, 12, 13, 14, 15, 16, 17], 1:[], 2:[], 3:[], 4:[], 5:[], 6:[], 7:[], 8:[], 9:[], 10:[], 11:[], 12:[], 13:[], 14:[], 15:[], 16:[], 17:[]",57903536,69216750
439,3,17.9065,31005,444335,3488451,0.1659,false,18,true,true,true,true,true,false,false,"0:[0, 1, 2, 3, 4, 5, 6, 7, 8, 9, 10, 11, 12, 13, 14, 15, 16, 17], 1:[], 2:[], 3:[], 4:[], 5:[], 6:[], 7:[], 8:[], 9:[], 10:[], 11:[], 12:[], 13:[], 14:[], 15:[], 16:[], 17:[]",77709848,71329059
443,2,20.8042,31844,456557,3585045,0.1732,false,18,true,true,true,true,true,false,false,"0:[0, 1, 2, 3, 4, 5, 6, 7, 8, 9, 10, 11, 12, 13, 14, 15, 16, 17], 1:[], 2:[], 3:[], 4:[], 5:[], 6:[], 7:[], 8:[], 9:[], 10:[], 11:[], 12:[], 13:[], 14:[], 15:[], 16:[], 17:[]",78707744,72779361
449,3,20.6988,33133,475421,3734500,0.1789,false,19,true,true,true,true,true,false,false,"0:[0, 1, 2, 3, 4, 5, 6, 7, 8, 9, 10, 11, 12, 13, 14, 15, 16, 17, 18], 1:[], 2:[], 3:[], 4:[], 5:[], 6:[], 7:[], 8:[], 9:[], 10:[], 11:[], 12:[], 13:[], 14:[], 15:[], 16:[], 17:[], 18:[]",80247800,75020489
457,5,25.5271,34903,501259,3939067,0.2005,false,19,true,true,true,true,true,false,false,"0:[0, 1, 2, 3, 4, 5, 6, 7, 8, 9, 10, 11, 12, 13, 14, 15, 16, 17, 18], 1:[], 2:[], 3:[], 4:[], 5:[], 6:[], 7:[], 8:[], 9:[], 10:[], 11:[], 12:[], 13:[], 14:[], 15:[], 16:[], 17:[], 18:[]",82357320,78086527
461,2,18.7990,35812,514441,4042868,0.1999,false,18,true,true,true,true,true,false,false,"0:[0, 1, 2, 3, 4, 5, 6, 7, 8, 9, 10, 11, 12, 13, 14, 15, 16, 17], 1:[], 2:[], 3:[], 4:[], 5:[], 6:[], 7:[], 8:[], 9:[], 10:[], 11:[], 12:[], 13:[], 14:[], 15:[], 16:[], 17:[]",83433696,79649549
463,3,25.5711,36272,521037,4094572,0.2040,false,20,true,true,true,true,true,false,false,"0:[0, 1, 2, 3, 4, 5, 6, 7, 8, 9, 10, 11, 12, 13, 14, 15, 16, 17, 18, 19], 1:[], 2:[], 3:[], 4:[], 5:[], 6:[], 7:[], 8:[], 9:[], 10:[], 11:[], 12:[], 13:[], 14:[], 15:[], 16:[], 17:[], 18:[], 19:[]",86856000,80429185
467,2,23.9087,37204,534627,4202086,0.2076,false,18,true,true,true,true,true,false,false,"0:[0, 1, 2, 3, 4, 5, 6, 7, 8, 9, 10, 11, 12, 13, 14, 15, 16, 17], 1:[], 2:[], 3:[], 4:[], 5:[], 6:[], 7:[], 8:[], 9:[], 10:[], 11:[], 12:[], 13:[], 14:[], 15:[], 16:[], 17:[]",87965568,90429519
479,13,28.5820,40097,576802,4535627,0.2295,false,19,true,true,true,true,true,false,false,"0:[0, 1, 2, 3, 4, 5, 6, 7, 8, 9, 10, 11, 12, 13, 14, 15, 16, 17, 18], 1:[], 2:[], 3:[], 4:[], 5:[], 6:[], 7:[], 8:[], 9:[], 10:[], 11:[], 12:[], 13:[], 14:[], 15:[], 16:[], 17:[], 18:[]",91409000,95432626
487,3,29.6895,42105,606169,4768247,0.2447,false,21,true,true,true,true,true,false,false,"0:[0, 1, 2, 3, 4, 5, 6, 7, 8, 9, 10, 11, 12, 13, 14, 15, 16, 17, 18, 19, 20], 1:[], 2:[], 3:[], 4:[], 5:[], 6:[], 7:[], 8:[], 9:[], 10:[], 11:[], 12:[], 13:[], 14:[], 15:[], 16:[], 17:[], 18:[], 19:[], 20:[]",93806552,107306229
491,2,28.0500,43134,621117,4885997,0.2548,false,21,true,true,true,true,true,false,false,"0:[0, 1, 2, 3, 4, 5, 6, 7, 8, 9, 10, 11, 12, 13, 14, 15, 16, 17, 18, 19, 20], 1:[], 2:[], 3:[], 4:[], 5:[], 6:[], 7:[], 8:[], 9:[], 10:[], 11:[], 12:[], 13:[], 14:[], 15:[], 16:[], 17:[], 18:[], 19:[], 20:[]",95027088,109078561
499,2,23.1970,45243,651977,5130666,0.2748,false,21,true,true,true,true,true,false,false,"0:[0, 1, 2, 3, 4, 5, 6, 7, 8, 9, 10, 11, 12, 13, 14, 15, 16, 17, 18, 19, 20], 1:[], 2:[], 3:[], 4:[], 5:[], 6:[], 7:[], 8:[], 9:[], 10:[], 11:[], 12:[], 13:[], 14:[], 15:[], 16:[], 17:[], 18:[], 19:[], 20:[]",97546504,112740501
503,5,26.6934,46322,667730,5255297,0.2845,false,21,true,true,true,true,true,false,false,"0:[0, 1, 2, 3, 4, 5, 6, 7, 8, 9, 10, 11, 12, 13, 14, 15, 16, 17, 18, 19, 20], 1:[], 2:[], 3:[], 4:[], 5:[], 6:[], 7:[], 8:[], 9:[], 10:[], 11:[], 12:[], 13:[], 14:[], 15:[], 16:[], 17:[], 18:[], 19:[], 20:[]",98832640,114608954
509,2,25.0739,47974,691967,5447485,0.2911,false,21,true,true,true,true,true,false,false,"0:[0, 1, 2, 3, 4, 5, 6, 7, 8, 9, 10, 11, 12, 13, 14, 15, 16, 17, 18, 19, 20], 1:[], 2:[], 3:[], 4:[], 5:[], 6:[], 7:[], 8:[], 9:[], 10:[], 11:[], 12:[], 13:[], 14:[], 15:[], 16:[], 17:[], 18:[], 19:[], 20:[]",100811248,117488075
521,3,31.0717,51392,741944,5843128,0.3229,false,22,true,true,true,true,true,false,false,"0:[0, 1, 2, 3, 4, 5, 6, 7, 8, 9, 10, 11, 12, 13, 14, 15, 16, 17, 18, 19, 20, 21], 1:[], 2:[], 3:[], 4:[], 5:[], 6:[], 7:[], 8:[], 9:[], 10:[], 11:[], 12:[], 13:[], 14:[], 15:[], 16:[], 17:[], 18:[], 19:[], 20:[], 21:[]",104891440,123417128
523,2,27.0977,51977,750391,5909619,0.3260,false,21,true,true,true,true,true,false,false,"0:[0, 1, 2, 3, 4, 5, 6, 7, 8, 9, 10, 11, 12, 13, 14, 15, 16, 17, 18, 19, 20], 1:[], 2:[], 3:[], 4:[], 5:[], 6:[], 7:[], 8:[], 9:[], 10:[], 11:[], 12:[], 13:[], 14:[], 15:[], 16:[], 17:[], 18:[], 19:[], 20:[]",105581240,124415403
541,2,30.5878,57445,830546,6545098,0.3780,false,22,true,true,true,true,true,false,false,"0:[0, 1, 2, 3, 4, 5, 6, 7, 8, 9, 10, 11, 12, 13, 14, 15, 16, 17, 18, 19, 20, 21], 1:[], 2:[], 3:[], 4:[], 5:[], 6:[], 7:[], 8:[], 9:[], 10:[], 11:[], 12:[], 13:[], 14:[], 15:[], 16:[], 17:[], 18:[], 19:[], 20:[], 21:[]",113959880,135764098
547,2,30.9688,59349,858308,6764594,0.3876,false,22,true,true,true,true,true,false,false,"0:[0, 1, 2, 3, 4, 5, 6, 7, 8, 9, 10, 11, 12, 13, 14, 15, 16, 17, 18, 19, 20, 21], 1:[], 2:[], 3:[], 4:[], 5:[], 6:[], 7:[], 8:[], 9:[], 10:[], 11:[], 12:[], 13:[], 14:[], 15:[], 16:[], 17:[], 18:[], 19:[], 20:[], 21:[]",116226536,139053372
557,2,33.3446,62616,906272,7145036,0.4412,false,24,true,true,true,true,true,false,false,"0:[0, 1, 2, 3, 4, 5, 6, 7, 8, 9, 10, 11, 12, 13, 14, 15, 16, 17, 18, 19, 20, 21, 22, 23], 1:[], 2:[], 3:[], 4:[], 5:[], 6:[], 7:[], 8:[], 9:[], 10:[], 11:[], 12:[], 13:[], 14:[], 15:[], 16:[], 17:[], 18:[], 19:[], 20:[], 21:[], 22:[], 23:[]",156842224,144747824
563,2,33.8888,64632,935640,7377022,0.4381,false,23,true,true,true,true,true,false,false,"0:[0, 1, 2, 3, 4, 5, 6, 7, 8, 9, 10, 11, 12, 13, 14, 15, 16, 17, 18, 19, 20, 21, 22], 1:[], 2:[], 3:[], 4:[], 5:[], 6:[], 7:[], 8:[], 9:[], 10:[], 11:[], 12:[], 13:[], 14:[], 15:[], 16:[], 17:[], 18:[], 19:[], 20:[], 21:[], 22:[]",159240048,148227080
569,3,40.5575,66692,965941,7617572,0.4507,false,24,true,true,true,true,true,false,false,"0:[0, 1, 2, 3, 4, 5, 6, 7, 8, 9, 10, 11, 12, 13, 14, 15, 16, 17, 18, 19, 20, 21, 22, 23], 1:[], 2:[], 3:[], 4:[], 5:[], 6:[], 7:[], 8:[], 9:[], 10:[], 11:[], 12:[], 13:[], 14:[], 15:[], 16:[], 17:[], 18:[], 19:[], 20:[], 21:[], 22:[], 23:[]",161713568,151825961
571,2,35.2499,67387,976039,7697312,0.4622,false,24,true,true,true,true,true,false,false,"0:[0, 1, 2, 3, 4, 5, 6, 7, 8, 9, 10, 11, 12, 13, 14, 15, 16, 17, 18, 19, 20, 21, 22, 23], 1:[], 2:[], 3:[], 4:[], 5:[], 6:[], 7:[], 8:[], 9:[], 10:[], 11:[], 12:[], 13:[], 14:[], 15:[], 16:[], 17:[], 18:[], 19:[], 20:[], 21:[], 22:[], 23:[]",162538088,153019915
577,5,44.3787,69504,1007152,7944119,0.4759,false,24,true,true,true,true,true,false,false,"0:[0, 1, 2, 3, 4, 5, 6, 7, 8, 9, 10, 11, 12, 13, 14, 15, 16, 17, 18, 19, 20, 21, 22, 23], 1:[], 2:[], 3:[], 4:[], 5:[], 6:[], 7:[], 8:[], 9:[], 10:[], 11:[], 12:[], 13:[], 14:[], 15:[], 16:[], 17:[], 18:[], 19:[], 20:[], 21:[], 22:[], 23:[]",165077936,156715008
587,2,38.4301,73130,1060203,8364231,0.5025,false,24,true,true,true,true,true,false,false,"0:[0, 1, 2, 3, 4, 5, 6, 7, 8, 9, 10, 11, 12, 13, 14, 15, 16, 17, 18, 19, 20, 21, 22, 23], 1:[], 2:[], 3:[], 4:[], 5:[], 6:[], 7:[], 8:[], 9:[], 10:[], 11:[], 12:[], 13:[], 14:[], 15:[], 16:[], 17:[], 18:[], 19:[], 20:[], 21:[], 22:[], 23:[]",175176208,179781223
593,3,46.8010,75365,1093156,8626229,0.5282,false,24,true,true,true,true,true,false,false,"0:[0, 1, 2, 3, 4, 5, 6, 7, 8, 9, 10, 11, 12, 13, 14, 15, 16, 17, 18, 19, 20, 21, 22, 23], 1:[], 2:[], 3:[], 4:[], 5:[], 6:[], 7:[], 8:[], 9:[], 10:[], 11:[], 12:[], 13:[], 14:[], 15:[], 16:[], 17:[], 18:[], 19:[], 20:[], 21:[], 22:[], 23:[]",177866088,183695164
599,7,46.0693,77646,1126404,8888884,0.5480,false,24,true,true,true,true,true,false,false,"0:[0, 1, 2, 3, 4, 5, 6, 7, 8, 9, 10, 11, 12, 13, 14, 15, 16, 17, 18, 19, 20, 21, 22, 23], 1:[], 2:[], 3:[], 4:[], 5:[], 6:[], 7:[], 8:[], 9:[], 10:[], 11:[], 12:[], 13:[], 14:[], 15:[], 16:[], 17:[], 18:[], 19:[], 20:[], 21:[], 22:[], 23:[]",180580672,187634324
601,7,50.3142,78415,1137882,8980664,0.5588,false,26,true,true,true,true,true,false,false,"0:[0, 1, 2, 3, 4, 5, 6, 7, 8, 9, 10, 11, 12, 13, 14, 15, 16, 17, 18, 19, 20, 21, 22, 23, 24, 25], 1:[], 2:[], 3:[], 4:[], 5:[], 6:[], 7:[], 8:[], 9:[], 10:[], 11:[], 12:[], 13:[], 14:[], 15:[], 16:[], 17:[], 18:[], 19:[], 20:[], 21:[], 22:[], 23:[], 24:[], 25:[]",181517368,189001050
607,3,47.2807,80756,1172078,9251208,0.5842,false,26,true,true,true,true,true,false,false,"0:[0, 1, 2, 3, 4, 5, 6, 7, 8, 9, 10, 11, 12, 13, 14, 15, 16, 17, 18, 19, 20, 21, 22, 23, 24, 25], 1:[], 2:[], 3:[], 4:[], 5:[], 6:[], 7:[], 8:[], 9:[], 10:[], 11:[], 12:[], 13:[], 14:[], 15:[], 16:[], 17:[], 18:[], 19:[], 20:[], 21:[], 22:[], 23:[], 24:[], 25:[]",184309232,193053110
613,2,44.7434,83143,1207283,9531105,0.6014,false,26,true,true,true,true,true,false,false,"0:[0, 1, 2, 3, 4, 5, 6, 7, 8, 9, 10, 11, 12, 13, 14, 15, 16, 17, 18, 19, 20, 21, 22, 23, 24, 25], 1:[], 2:[], 3:[], 4:[], 5:[], 6:[], 7:[], 8:[], 9:[], 10:[], 11:[], 12:[], 13:[], 14:[], 15:[], 16:[], 17:[], 18:[], 19:[], 20:[], 21:[], 22:[], 23:[], 24:[], 25:[]",187182920,214011623
617,3,51.6796,84760,1231026,9719417,0.6152,false,25,true,true,true,true,true,false,false,"0:[0, 1, 2, 3, 4, 5, 6, 7, 8, 9, 10, 11, 12, 13, 14, 15, 16, 17, 18, 19, 20, 21, 22, 23, 24], 1:[], 2:[], 3:[], 4:[], 5:[], 6:[], 7:[], 8:[], 9:[], 10:[], 11:[], 12:[], 13:[], 14:[], 15:[], 16:[], 17:[], 18:[], 19:[], 20:[], 21:[], 22:[], 23:[], 24:[]",189121168,216828266
619,2,45.7394,85577,1242831,9812210,0.6345,false,26,true,true,true,true,true,false,false,"0:[0, 1, 2, 3, 4, 5, 6, 7, 8, 9, 10, 11, 12, 13, 14, 15, 16, 17, 18, 19, 20, 21, 22, 23, 24, 25], 1:[], 2:[], 3:[], 4:[], 5:[], 6:[], 7:[], 8:[], 9:[], 10:[], 11:[], 12:[], 13:[], 14:[], 15:[], 16:[], 17:[], 18:[], 19:[], 20:[], 21:[], 22:[], 23:[], 24:[], 25:[]",190085176,218223523
631,3,53.5674,90585,1316387,10395649,0.6817,false,26,true,true,true,true,true,false,false,"0:[0, 1, 2, 3, 4, 5, 6, 7, 8, 9, 10, 11, 12, 13, 14, 15, 16, 17, 18, 19, 20, 21, 22, 23, 24, 25], 1:[], 2:[], 3:[], 4:[], 5:[], 6:[], 7:[], 8:[], 9:[], 10:[], 11:[], 12:[], 13:[], 14:[], 15:[], 16:[], 17:[], 18:[], 19:[], 20:[], 21:[], 22:[], 23:[], 24:[], 25:[]",196089848,226949895
641,3,60.7693,94905,1380009,10901001,0.7422,false,27,true,true,true,true,true,false,false,"0:[0, 1, 2, 3, 4, 5, 6, 7, 8, 9, 10, 11, 12, 13, 14, 15, 16, 17, 18, 19, 20, 21, 22, 23, 24, 25, 26], 1:[], 2:[], 3:[], 4:[], 5:[], 6:[], 7:[], 8:[], 9:[], 10:[], 11:[], 12:[], 13:[], 14:[], 15:[], 16:[], 17:[], 18:[], 19:[], 20:[], 21:[], 22:[], 23:[], 24:[], 25:[], 26:[]",201283288,234501893
643,2,51.0026,95785,1392776,11001654,0.7381,false,26,true,true,true,true,true,false,false,"0:[0, 1, 2, 3, 4, 5, 6, 7, 8, 9, 10, 11, 12, 13, 14, 15, 16, 17, 18, 19, 20, 21, 22, 23, 24, 25], 1:[], 2:[], 3:[], 4:[], 5:[], 6:[], 7:[], 8:[], 9:[], 10:[], 11:[], 12:[], 13:[], 14:[], 15:[], 16:[], 17:[], 18:[], 19:[], 20:[], 21:[], 22:[], 23:[], 24:[], 25:[]",202325768,236011440
647,5,57.7369,97562,1418886,11208820,0.7645,false,27,true,true,true,true,true,false,false,"0:[0, 1, 2, 3, 4, 5, 6, 7, 8, 9, 10, 11, 12, 13, 14, 15, 16, 17, 18, 19, 20, 21, 22, 23, 24, 25, 26], 1:[], 2:[], 3:[], 4:[], 5:[], 6:[], 7:[], 8:[], 9:[], 10:[], 11:[], 12:[], 13:[], 14:[], 15:[], 16:[], 17:[], 18:[], 19:[], 20:[], 21:[], 22:[], 23:[], 24:[], 25:[], 26:[]",204457216,239108606
653,2,54.2945,100268,1458843,11526625,0.7806,false,28,true,true,true,true,true,false,false,"0:[0, 1, 2, 3, 4, 5, 6, 7, 8, 9, 10, 11, 12, 13, 14, 15, 16, 17, 18, 19, 20, 21, 22, 23, 24, 25, 26, 27], 1:[], 2:[], 3:[], 4:[], 5:[], 6:[], 7:[], 8:[], 9:[], 10:[], 11:[], 12:[], 13:[], 14:[], 15:[], 16:[], 17:[], 18:[], 19:[], 20:[], 21:[], 22:[], 23:[], 24:[], 25:[], 26:[], 27:[]",207718720,243854407
659,2,54.6594,103024,1499135,11845334,0.7850,false,28,true,true,true,true,true,false,false,"0:[0, 1, 2, 3, 4, 5, 6, 7, 8, 9, 10, 11, 12, 13, 14, 15, 16, 17, 18, 19, 20, 21, 22, 23, 24, 25, 26, 27], 1:[], 2:[], 3:[], 4:[], 5:[], 6:[], 7:[], 8:[], 9:[], 10:[], 11:[], 12:[], 13:[], 14:[], 15:[], 16:[], 17:[], 18:[], 19:[], 20:[], 21:[], 22:[], 23:[], 24:[], 25:[], 26:[], 27:[]",211008224,248628251
661,2,56.7261,103953,1513015,11956489,0.7980,false,27,true,true,true,true,true,false,false,"0:[0, 1, 2, 3, 4, 5, 6, 7, 8, 9, 10, 11, 12, 13, 14, 15, 16, 17, 18, 19, 20, 21, 22, 23, 24, 25, 26], 1:[], 2:[], 3:[], 4:[], 5:[], 6:[], 7:[], 8:[], 9:[], 10:[], 11:[], 12:[], 13:[], 14:[], 15:[], 16:[], 17:[], 18:[], 19:[], 20:[], 21:[], 22:[], 23:[], 24:[], 25:[], 26:[]",212140920,250280587
673,5,70.5215,109648,1596748,12620852,0.8578,false,28,true,true,true,true,true,false,false,"0:[0, 1, 2, 3, 4, 5, 6, 7, 8, 9, 10, 11, 12, 13, 14, 15, 16, 17, 18, 19, 20, 21, 22, 23, 24, 25, 26, 27], 1:[], 2:[], 3:[], 4:[], 5:[], 6:[], 7:[], 8:[], 9:[], 10:[], 11:[], 12:[], 13:[], 14:[], 15:[], 16:[], 17:[], 18:[], 19:[], 20:[], 21:[], 22:[], 23:[], 24:[], 25:[], 26:[], 27:[]",218976240,260213644
677,2,60.1802,111592,1625320,12847504,0.8749,false,29,true,true,true,true,true,false,false,"0:[0, 1, 2, 3, 4, 5, 6, 7, 8, 9, 10, 11, 12, 13, 14, 15, 16, 17, 18, 19, 20, 21, 22, 23, 24, 25, 26, 27, 28], 1:[], 2:[], 3:[], 4:[], 5:[], 6:[], 7:[], 8:[], 9:[], 10:[], 11:[], 12:[], 13:[], 14:[], 15:[], 16:[], 17:[], 18:[], 19:[], 20:[], 21:[], 22:[], 23:[], 24:[], 25:[], 26:[], 27:[], 28:[]",221308656,263602968
683,2,75.2226,114550,1668692,13191274,0.8942,false,28,true,true,true,true,true,false,false,"0:[0, 1, 2, 3, 4, 5, 6, 7, 8, 9, 10, 11, 12, 13, 14, 15, 16, 17, 18, 19, 20, 21, 22, 23, 24, 25, 26, 27], 1:[], 2:[], 3:[], 4:[], 5:[], 6:[], 7:[], 8:[], 9:[], 10:[], 11:[], 12:[], 13:[], 14:[], 15:[], 16:[], 17:[], 18:[], 19:[], 20:[], 21:[], 22:[], 23:[], 24:[], 25:[], 26:[], 27:[]",224849408,268743044
691,2,62.6495,118575,1727893,13661033,0.9387,false,29,true,true,true,true,true,false,false,"0:[0, 1, 2, 3, 4, 5, 6, 7, 8, 9, 10, 11, 12, 13, 14, 15, 16, 17, 18, 19, 20, 21, 22, 23, 24, 25, 26, 27, 28], 1:[], 2:[], 3:[], 4:[], 5:[], 6:[], 7:[], 8:[], 9:[], 10:[], 11:[], 12:[], 13:[], 14:[], 15:[], 16:[], 17:[], 18:[], 19:[], 20:[], 21:[], 22:[], 23:[], 24:[], 25:[], 26:[], 27:[], 28:[]",233352104,279435665
701,2,68.0281,123738,1804048,14266325,1.0102,false,29,true,true,true,true,true,false,false,"0:[0, 1, 2, 3, 4, 5, 6, 7, 8, 9, 10, 11, 12, 13, 14, 15, 16, 17, 18, 19, 20, 21, 22, 23, 24, 25, 26, 27, 28], 1:[], 2:[], 3:[], 4:[], 5:[], 6:[], 7:[], 8:[], 9:[], 10:[], 11:[], 12:[], 13:[], 14:[], 15:[], 16:[], 17:[], 18:[], 19:[], 20:[], 21:[], 22:[], 23:[], 24:[], 25:[], 26:[], 27:[], 28:[]",312968736,288475088
709,2,69.4622,127975,1866424,14761642,1.0355,false,29,true,true,true,true,true,false,false,"0:[0, 1, 2, 3, 4, 5, 6, 7, 8, 9, 10, 11, 12, 13, 14, 15, 16, 17, 18, 19, 20, 21, 22, 23, 24, 25, 26, 27, 28], 1:[], 2:[], 3:[], 4:[], 5:[], 6:[], 7:[], 8:[], 9:[], 10:[], 11:[], 12:[], 13:[], 14:[], 15:[], 16:[], 17:[], 18:[], 19:[], 20:[], 21:[], 22:[], 23:[], 24:[], 25:[], 26:[], 27:[], 28:[]",318060504,295874640
719,11,96.6978,133405,1946130,15393401,1.1049,false,29,true,true,true,true,true,false,false,"0:[0, 1, 2, 3, 4, 5, 6, 7, 8, 9, 10, 11, 12, 13, 14, 15, 16, 17, 18, 19, 20, 21, 22, 23, 24, 25, 26, 27, 28], 1:[], 2:[], 3:[], 4:[], 5:[], 6:[], 7:[], 8:[], 9:[], 10:[], 11:[], 12:[], 13:[], 14:[], 15:[], 16:[], 17:[], 18:[], 19:[], 20:[], 21:[], 22:[], 23:[], 24:[], 25:[], 26:[], 27:[], 28:[]",324567304,305323202
727,3,82.3928,137857,2011727,15914386,1.1342,false,31,true,true,true,true,true,false,false,"0:[0, 1, 2, 3, 4, 5, 6, 7, 8, 9, 10, 11, 12, 13, 14, 15, 16, 17, 18, 19, 20, 21, 22, 23, 24, 25, 26, 27, 28, 29, 30], 1:[], 2:[], 3:[], 4:[], 5:[], 6:[], 7:[], 8:[], 9:[], 10:[], 11:[], 12:[], 13:[], 14:[], 15:[], 16:[], 17:[], 18:[], 19:[], 20:[], 21:[], 22:[], 23:[], 24:[], 25:[], 26:[], 27:[], 28:[], 29:[], 30:[]",329921912,313105507
733,2,76.8893,141261,2062069,16315067,1.1651,false,31,true,true,true,true,true,false,false,"0:[0, 1, 2, 3, 4, 5, 6, 7, 8, 9, 10, 11, 12, 13, 14, 15, 16, 17, 18, 19, 20, 21, 22, 23, 24, 25, 26, 27, 28, 29, 30], 1:[], 2:[], 3:[], 4:[], 5:[], 6:[], 7:[], 8:[], 9:[], 10:[], 11:[], 12:[], 13:[], 14:[], 15:[], 16:[], 17:[], 18:[], 19:[], 20:[], 21:[], 22:[], 23:[], 24:[], 25:[], 26:[], 27:[], 28:[], 29:[], 30:[]",334030968,319083137
739,2,95.7042,144721,2112854,16717625,1.2062,false,31,true,true,true,true,true,false,false,"0:[0, 1, 2, 3, 4, 5, 6, 7, 8, 9, 10, 11, 12, 13, 14, 15, 16, 17, 18, 19, 20, 21, 22, 23, 24, 25, 26, 27, 28, 29, 30], 1:[], 2:[], 3:[], 4:[], 5:[], 6:[], 7:[], 8:[], 9:[], 10:[], 11:[], 12:[], 13:[], 14:[], 15:[], 16:[], 17:[], 18:[], 19:[], 20:[], 21:[], 22:[], 23:[], 24:[], 25:[], 26:[], 27:[], 28:[], 29:[], 30:[]",349711144,358656342
743,5,86.8612,147058,2147275,16990901,1.2209,false,31,true,true,true,true,true,false,false,"0:[0, 1, 2, 3, 4, 5, 6, 7, 8, 9, 10, 11, 12, 13, 14, 15, 16, 17, 18, 19, 20, 21, 22, 23, 24, 25, 26, 27, 28, 29, 30], 1:[], 2:[], 3:[], 4:[], 5:[], 6:[], 7:[], 8:[], 9:[], 10:[], 11:[], 12:[], 13:[], 14:[], 15:[], 16:[], 17:[], 18:[], 19:[], 20:[], 21:[], 22:[], 23:[], 24:[], 25:[], 26:[], 27:[], 28:[], 29:[], 30:[]",352520912,362739367
751,3,91.1503,151808,2217296,17547199,1.3081,false,31,true,true,true,true,true,false,false,"0:[0, 1, 2, 3, 4, 5, 6, 7, 8, 9, 10, 11, 12, 13, 14, 15, 16, 17, 18, 19, 20, 21, 22, 23, 24, 25, 26, 27, 28, 29, 30], 1:[], 2:[], 3:[], 4:[], 5:[], 6:[], 7:[], 8:[], 9:[], 10:[], 11:[], 12:[], 13:[], 14:[], 15:[], 16:[], 17:[], 18:[], 19:[], 20:[], 21:[], 22:[], 23:[], 24:[], 25:[], 26:[], 27:[], 28:[], 29:[], 30:[]",358236592,371045856
757,2,84.8971,155437,2270955,17974108,1.3213,false,32,true,true,true,true,true,false,false,"0:[0, 1, 2, 3, 4, 5, 6, 7, 8, 9, 10, 11, 12, 13, 14, 15, 16, 17, 18, 19, 20, 21, 22, 23, 24, 25, 26, 27, 28, 29, 30, 31], 1:[], 2:[], 3:[], 4:[], 5:[], 6:[], 7:[], 8:[], 9:[], 10:[], 11:[], 12:[], 13:[], 14:[], 15:[], 16:[], 17:[], 18:[], 19:[], 20:[], 21:[], 22:[], 23:[], 24:[], 25:[], 26:[], 27:[], 28:[], 29:[], 30:[], 31:[]",362616408,377416751
761,3,118.5767,157888,2307042,18260512,1.3496,false,32,true,true,true,true,true,false,false,"0:[0, 1, 2, 3, 4, 5, 6, 7, 8, 9, 10, 11, 12, 13, 14, 15, 16, 17, 18, 19, 20, 21, 22, 23, 24, 25, 26, 27, 28, 29, 30, 31], 1:[], 2:[], 3:[], 4:[], 5:[], 6:[], 7:[], 8:[], 9:[], 10:[], 11:[], 12:[], 13:[], 14:[], 15:[], 16:[], 17:[], 18:[], 19:[], 20:[], 21:[], 22:[], 23:[], 24:[], 25:[], 26:[], 27:[], 28:[], 29:[], 30:[], 31:[]",365562192,381697018
769,7,111.4940,162868,2380461,18843821,1.3981,false,33,true,true,true,true,true,false,false,"0:[0, 1, 2, 3, 4, 5, 6, 7, 8, 9, 10, 11, 12, 13, 14, 15, 16, 17, 18, 19, 20, 21, 22, 23, 24, 25, 26, 27, 28, 29, 30, 31, 32], 1:[], 2:[], 3:[], 4:[], 5:[], 6:[], 7:[], 8:[], 9:[], 10:[], 11:[], 12:[], 13:[], 14:[], 15:[], 16:[], 17:[], 18:[], 19:[], 20:[], 21:[], 22:[], 23:[], 24:[], 25:[], 26:[], 27:[], 28:[], 29:[], 30:[], 31:[], 32:[]",371555232,390407297
773,2,89.6450,165396,2417792,19140750,1.4227,false,33,true,true,true,true,true,false,false,"0:[0, 1, 2, 3, 4, 5, 6, 7, 8, 9, 10, 11, 12, 13, 14, 15, 16, 17, 18, 19, 20, 21, 22, 23, 24, 25, 26, 27, 28, 29, 30, 31, 32], 1:[], 2:[], 3:[], 4:[], 5:[], 6:[], 7:[], 8:[], 9:[], 10:[], 11:[], 12:[], 13:[], 14:[], 15:[], 16:[], 17:[], 18:[], 19:[], 20:[], 21:[], 22:[], 23:[], 24:[], 25:[], 26:[], 27:[], 28:[], 29:[], 30:[], 31:[], 32:[]",374602384,428390768
787,2,115.4441,174451,2551133,20199410,1.5197,false,32,true,true,true,true,true,false,false,"0:[0, 1, 2, 3, 4, 5, 6, 7, 8, 9, 10, 11, 12, 13, 14, 15, 16, 17, 18, 19, 20, 21, 22, 23, 24, 25, 26, 27, 28, 29, 30, 31], 1:[], 2:[], 3:[], 4:[], 5:[], 6:[], 7:[], 8:[], 9:[], 10:[], 11:[], 12:[], 13:[], 14:[], 15:[], 16:[], 17:[], 18:[], 19:[], 20:[], 21:[], 22:[], 23:[], 24:[], 25:[], 26:[], 27:[], 28:[], 29:[], 30:[], 31:[]",385486984,444201433
797,2,123.3771,181118,2649670,20983155,1.5929,false,34,true,true,true,true,true,false,false,"0:[0, 1, 2, 3, 4, 5, 6, 7, 8, 9, 10, 11, 12, 13, 14, 15, 16, 17, 18, 19, 20, 21, 22, 23, 24, 25, 26, 27, 28, 29, 30, 31, 32, 33], 1:[], 2:[], 3:[], 4:[], 5:[], 6:[], 7:[], 8:[], 9:[], 10:[], 11:[], 12:[], 13:[], 14:[], 15:[], 16:[], 17:[], 18:[], 19:[], 20:[], 21:[], 22:[], 23:[], 24:[], 25:[], 26:[], 27:[], 28:[], 29:[], 30:[], 31:[], 32:[], 33:[]",393529952,455897278
809,3,118.3109,189340,2770934,21946542,1.6576,false,34,true,true,true,true,true,false,false,"0:[0, 1, 2, 3, 4, 5, 6, 7, 8, 9, 10, 11, 12, 13, 14, 15, 16, 17, 18, 19, 20, 21, 22, 23, 24, 25, 26, 27, 28, 29, 30, 31, 32, 33], 1:[], 2:[], 3:[], 4:[], 5:[], 6:[], 7:[], 8:[], 9:[], 10:[], 11:[], 12:[], 13:[], 14:[], 15:[], 16:[], 17:[], 18:[], 19:[], 20:[], 21:[], 22:[], 23:[], 24:[], 25:[], 26:[], 27:[], 28:[], 29:[], 30:[], 31:[], 32:[], 33:[]",403428400,470281566
811,2,101.8532,190733,2791333,22108084,1.6776,false,34,true,true,true,true,true,false,false,"0:[0, 1, 2, 3, 4, 5, 6, 7, 8, 9, 10, 11, 12, 13, 14, 15, 16, 17, 18, 19, 20, 21, 22, 23, 24, 25, 26, 27, 28, 29, 30, 31, 32, 33], 1:[], 2:[], 3:[], 4:[], 5:[], 6:[], 7:[], 8:[], 9:[], 10:[], 11:[], 12:[], 13:[], 14:[], 15:[], 16:[], 17:[], 18:[], 19:[], 20:[], 21:[], 22:[], 23:[], 24:[], 25:[], 26:[], 27:[], 28:[], 29:[], 30:[], 31:[], 32:[], 33:[]",405093752,472695505
821,2,108.0628,197806,2895906,22939936,1.7763,false,34,true,true,true,true,true,false,false,"0:[0, 1, 2, 3, 4, 5, 6, 7, 8, 9, 10, 11, 12, 13, 14, 15, 16, 17, 18, 19, 20, 21, 22, 23, 24, 25, 26, 27, 28, 29, 30, 31, 32, 33], 1:[], 2:[], 3:[], 4:[], 5:[], 6:[], 7:[], 8:[], 9:[], 10:[], 11:[], 12:[], 13:[], 14:[], 15:[], 16:[], 17:[], 18:[], 19:[], 20:[], 21:[], 22:[], 23:[], 24:[], 25:[], 26:[], 27:[], 28:[], 29:[], 30:[], 31:[], 32:[], 33:[]",413629344,485106506
823,3,119.8428,199241,2916886,23105871,1.7890,false,35,true,true,true,true,true,false,false,"0:[0, 1, 2, 3, 4, 5, 6, 7, 8, 9, 10, 11, 12, 13, 14, 15, 16, 17, 18, 19, 20, 21, 22, 23, 24, 25, 26, 27, 28, 29, 30, 31, 32, 33, 34], 1:[], 2:[], 3:[], 4:[], 5:[], 6:[], 7:[], 8:[], 9:[], 10:[], 11:[], 12:[], 13:[], 14:[], 15:[], 16:[], 17:[], 18:[], 19:[], 20:[], 21:[], 22:[], 23:[], 24:[], 25:[], 26:[], 27:[], 28:[], 29:[], 30:[], 31:[], 32:[], 33:[], 34:[]",415342184,487589110
827,2,108.9117,202132,2959550,23444915,1.8400,false,34,true,true,true,true,true,false,false,"0:[0, 1, 2, 3, 4, 5, 6, 7, 8, 9, 10, 11, 12, 13, 14, 15, 16, 17, 18, 19, 20, 21, 22, 23, 24, 25, 26, 27, 28, 29, 30, 31, 32, 33], 1:[], 2:[], 3:[], 4:[], 5:[], 6:[], 7:[], 8:[], 9:[], 10:[], 11:[], 12:[], 13:[], 14:[], 15:[], 16:[], 17:[], 18:[], 19:[], 20:[], 21:[], 22:[], 23:[], 24:[], 25:[], 26:[], 27:[], 28:[], 29:[], 30:[], 31:[], 32:[], 33:[]",418824688,492649894
829,2,113.0428,203589,2981252,23618224,2.1667,false,34,true,true,true,true,true,false,false,"0:[0, 1, 2, 3, 4, 5, 6, 7, 8, 9, 10, 11, 12, 13, 14, 15, 16, 17, 18, 19, 20, 21, 22, 23, 24, 25, 26, 27, 28, 29, 30, 31, 32, 33], 1:[], 2:[], 3:[], 4:[], 5:[], 6:[], 7:[], 8:[], 9:[], 10:[], 11:[], 12:[], 13:[], 14:[], 15:[], 16:[], 17:[], 18:[], 19:[], 20:[], 21:[], 22:[], 23:[], 24:[], 25:[], 26:[], 27:[], 28:[], 29:[], 30:[], 31:[], 32:[], 33:[]",420595816,495230428
839,11,133.3068,210974,3090027,24481787,2.3021,false,34,true,true,true,true,true,false,false,"0:[0, 1, 2, 3, 4, 5, 6, 7, 8, 9, 10, 11, 12, 13, 14, 15, 16, 17, 18, 19, 20, 21, 22, 23, 24, 25, 26, 27, 28, 29, 30, 31, 32, 33], 1:[], 2:[], 3:[], 4:[], 5:[], 6:[], 7:[], 8:[], 9:[], 10:[], 11:[], 12:[], 13:[], 14:[], 15:[], 16:[], 17:[], 18:[], 19:[], 20:[], 21:[], 22:[], 23:[], 24:[], 25:[], 26:[], 27:[], 28:[], 29:[], 30:[], 31:[], 32:[], 33:[]",429475056,508126599
853,2,159.5270,221609,3247342,25733558,2.3714,false,36,true,true,true,true,true,false,false,"0:[0, 1, 2, 3, 4, 5, 6, 7, 8, 9, 10, 11, 12, 13, 14, 15, 16, 17, 18, 19, 20, 21, 22, 23, 24, 25, 26, 27, 28, 29, 30, 31, 32, 33, 34, 35], 1:[], 2:[], 3:[], 4:[], 5:[], 6:[], 7:[], 8:[], 9:[], 10:[], 11:[], 12:[], 13:[], 14:[], 15:[], 16:[], 17:[], 18:[], 19:[], 20:[], 21:[], 22:[], 23:[], 24:[], 25:[], 26:[], 27:[], 28:[], 29:[], 30:[], 31:[], 32:[], 33:[], 34:[], 35:[]",442315496,526795086
857,3,177.3707,224712,3293160,26097711,2.0926,false,35,true,true,true,true,true,false,false,"0:[0, 1, 2, 3, 4, 5, 6, 7, 8, 9, 10, 11, 12, 13, 14, 15, 16, 17, 18, 19, 20, 21, 22, 23, 24, 25, 26, 27, 28, 29, 30, 31, 32, 33, 34], 1:[], 2:[], 3:[], 4:[], 5:[], 6:[], 7:[], 8:[], 9:[], 10:[], 11:[], 12:[], 13:[], 14:[], 15:[], 16:[], 17:[], 18:[], 19:[], 20:[], 21:[], 22:[], 23:[], 24:[], 25:[], 26:[], 27:[], 28:[], 29:[], 30:[], 31:[], 32:[], 33:[], 34:[]",446055408,532229976
859,2,156.0166,226275,3316015,26278458,2.4319,false,36,true,true,true,true,true,false,false,"0:[0, 1, 2, 3, 4, 5, 6, 7, 8, 9, 10, 11, 12, 13, 14, 15, 16, 17, 18, 19, 20, 21, 22, 23, 24, 25, 26, 27, 28, 29, 30, 31, 32, 33, 34, 35], 1:[], 2:[], 3:[], 4:[], 5:[], 6:[], 7:[], 8:[], 9:[], 10:[], 11:[], 12:[], 13:[], 14:[], 15:[], 16:[], 17:[], 18:[], 19:[], 20:[], 21:[], 22:[], 23:[], 24:[], 25:[], 26:[], 27:[], 28:[], 29:[], 30:[], 31:[], 32:[], 33:[], 34:[], 35:[]",447921320,534934323
863,5,181.9621,229421,3362474,26647758,2.1691,false,36,true,true,true,true,true,false,false,"0:[0, 1, 2, 3, 4, 5, 6, 7, 8, 9, 10, 11, 12, 13, 14, 15, 16, 17, 18, 19, 20, 21, 22, 23, 24, 25, 26, 27, 28, 29, 30, 31, 32, 33, 34, 35], 1:[], 2:[], 3:[], 4:[], 5:[], 6:[], 7:[], 8:[], 9:[], 10:[], 11:[], 12:[], 13:[], 14:[], 15:[], 16:[], 17:[], 18:[], 19:[], 20:[], 21:[], 22:[], 23:[], 24:[], 25:[], 26:[], 27:[], 28:[], 29:[], 30:[], 31:[], 32:[], 33:[], 34:[], 35:[]",459053576,547785626
877,2,139.7805,240663,3528814,27971497,2.4664,false,37,true,true,true,true,true,false,false,"0:[0, 1, 2, 3, 4, 5, 6, 7, 8, 9, 10, 11, 12, 13, 14, 15, 16, 17, 18, 19, 20, 21, 22, 23, 24, 25, 26, 27, 28, 29, 30, 31, 32, 33, 34, 35, 36], 1:[], 2:[], 3:[], 4:[], 5:[], 6:[], 7:[], 8:[], 9:[], 10:[], 11:[], 12:[], 13:[], 14:[], 15:[], 16:[], 17:[], 18:[], 19:[], 20:[], 21:[], 22:[], 23:[], 24:[], 25:[], 26:[], 27:[], 28:[], 29:[], 30:[], 31:[], 32:[], 33:[], 34:[], 35:[], 36:[]",472630584,567524286
881,3,163.2523,243941,3577211,28356076,2.3358,false,37,true,true,true,true,true,false,false,"0:[0, 1, 2, 3, 4, 5, 6, 7, 8, 9, 10, 11, 12, 13, 14, 15, 16, 17, 18, 19, 20, 21, 22, 23, 24, 25, 26, 27, 28, 29, 30, 31, 32, 33, 34, 35, 36], 1:[], 2:[], 3:[], 4:[], 5:[], 6:[], 7:[], 8:[], 9:[], 10:[], 11:[], 12:[], 13:[], 14:[], 15:[], 16:[], 17:[], 18:[], 19:[], 20:[], 21:[], 22:[], 23:[], 24:[], 25:[], 26:[], 27:[], 28:[], 29:[], 30:[], 31:[], 32:[], 33:[], 34:[], 35:[], 36:[]",476581016,573264639
883,2,165.1156,245591,3601396,28547628,2.3196,false,36,true,true,true,true,true,false,false,"0:[0, 1, 2, 3, 4, 5, 6, 7, 8, 9, 10, 11, 12, 13, 14, 15, 16, 17, 18, 19, 20, 21, 22, 23, 24, 25, 26, 27, 28, 29, 30, 31, 32, 33, 34, 35], 1:[], 2:[], 3:[], 4:[], 5:[], 6:[], 7:[], 8:[], 9:[], 10:[], 11:[], 12:[], 13:[], 14:[], 15:[], 16:[], 17:[], 18:[], 19:[], 20:[], 21:[], 22:[], 23:[], 24:[], 25:[], 26:[], 27:[], 28:[], 29:[], 30:[], 31:[], 32:[], 33:[], 34:[], 35:[]",625356056,576127068
887,5,183.7111,248914,3650446,28937361,2.3680,false,37,true,true,true,true,true,false,false,"0:[0, 1, 2, 3, 4, 5, 6, 7, 8, 9, 10, 11, 12, 13, 14, 15, 16, 17, 18, 19, 20, 21, 22, 23, 24, 25, 26, 27, 28, 29, 30, 31, 32, 33, 34, 35, 36], 1:[], 2:[], 3:[], 4:[], 5:[], 6:[], 7:[], 8:[], 9:[], 10:[], 11:[], 12:[], 13:[], 14:[], 15:[], 16:[], 17:[], 18:[], 19:[], 20:[], 21:[], 22:[], 23:[], 24:[], 25:[], 26:[], 27:[], 28:[], 29:[], 30:[], 31:[], 32:[], 33:[], 34:[], 35:[], 36:[]",629359808,581944742
907,2,146.8320,265977,3902699,30943791,2.6992,false,37,true,true,true,true,true,false,false,"0:[0, 1, 2, 3, 4, 5, 6, 7, 8, 9, 10, 11, 12, 13, 14, 15, 16, 17, 18, 19, 20, 21, 22, 23, 24, 25, 26, 27, 28, 29, 30, 31, 32, 33, 34, 35, 36], 1:[], 2:[], 3:[], 4:[], 5:[], 6:[], 7:[], 8:[], 9:[], 10:[], 11:[], 12:[], 13:[], 14:[], 15:[], 16:[], 17:[], 18:[], 19:[], 20:[], 21:[], 22:[], 23:[], 24:[], 25:[], 26:[], 27:[], 28:[], 29:[], 30:[], 31:[], 32:[], 33:[], 34:[], 35:[], 36:[]",649949560,611868143
911,7,208.8743,269481,3954464,31355315,2.7322,false,37,true,true,true,true,true,false,false,"0:[0, 1, 2, 3, 4, 5, 6, 7, 8, 9, 10, 11, 12, 13, 14, 15, 16, 17, 18, 19, 20, 21, 22, 23, 24, 25, 26, 27, 28, 29, 30, 31, 32, 33, 34, 35, 36], 1:[], 2:[], 3:[], 4:[], 5:[], 6:[], 7:[], 8:[], 9:[], 10:[], 11:[], 12:[], 13:[], 14:[], 15:[], 16:[], 17:[], 18:[], 19:[], 20:[], 21:[], 22:[], 23:[], 24:[], 25:[], 26:[], 27:[], 28:[], 29:[], 30:[], 31:[], 32:[], 33:[], 34:[], 35:[], 36:[]",654174856,618008264
919,3,208.1816,276581,4059416,32189931,2.7937,false,38,true,true,true,true,true,false,false,"0:[0, 1, 2, 3, 4, 5, 6, 7, 8, 9, 10, 11, 12, 13, 14, 15, 16, 17, 18, 19, 20, 21, 22, 23, 24, 25, 26, 27, 28, 29, 30, 31, 32, 33, 34, 35, 36, 37], 1:[], 2:[], 3:[], 4:[], 5:[], 6:[], 7:[], 8:[], 9:[], 10:[], 11:[], 12:[], 13:[], 14:[], 15:[], 16:[], 17:[], 18:[], 19:[], 20:[], 21:[], 22:[], 23:[], 24:[], 25:[], 26:[], 27:[], 28:[], 29:[], 30:[], 31:[], 32:[], 33:[], 34:[], 35:[], 36:[], 37:[]",662741416,630457984
929,3,228.9337,285629,4193405,33256435,2.9904,false,39,true,true,true,true,true,false,false,"0:[0, 1, 2, 3, 4, 5, 6, 7, 8, 9, 10, 11, 12, 13, 14, 15, 16, 17, 18, 19, 20, 21, 22, 23, 24, 25, 26, 27, 28, 29, 30, 31, 32, 33, 34, 35, 36, 37, 38], 1:[], 2:[], 3:[], 4:[], 5:[], 6:[], 7:[], 8:[], 9:[], 10:[], 11:[], 12:[], 13:[], 14:[], 15:[], 16:[], 17:[], 18:[], 19:[], 20:[], 21:[], 22:[], 23:[], 24:[], 25:[], 26:[], 27:[], 28:[], 29:[], 30:[], 31:[], 32:[], 33:[], 34:[], 35:[], 36:[], 37:[], 38:[]",673677688,646358345
937,5,234.9550,293007,4302520,34124345,2.8897,false,39,true,true,true,true,true,false,false,"0:[0, 1, 2, 3, 4, 5, 6, 7, 8, 9, 10, 11, 12, 13, 14, 15, 16, 17, 18, 19, 20, 21, 22, 23, 24, 25, 26, 27, 28, 29, 30, 31, 32, 33, 34, 35, 36, 37, 38], 1:[], 2:[], 3:[], 4:[], 5:[], 6:[], 7:[], 8:[], 9:[], 10:[], 11:[], 12:[], 13:[], 14:[], 15:[], 16:[], 17:[], 18:[], 19:[], 20:[], 21:[], 22:[], 23:[], 24:[], 25:[], 26:[], 27:[], 28:[], 29:[], 30:[], 31:[], 32:[], 33:[], 34:[], 35:[], 36:[], 37:[], 38:[]",705652632,726411024
941,2,167.5810,296744,4357802,34564207,2.9359,false,39,true,true,true,true,true,false,false,"0:[0, 1, 2, 3, 4, 5, 6, 7, 8, 9, 10, 11, 12, 13, 14, 15, 16, 17, 18, 19, 20, 21, 22, 23, 24, 25, 26, 27, 28, 29, 30, 31, 32, 33, 34, 35, 36, 37, 38], 1:[], 2:[], 3:[], 4:[], 5:[], 6:[], 7:[], 8:[], 9:[], 10:[], 11:[], 12:[], 13:[], 14:[], 15:[], 16:[], 17:[], 18:[], 19:[], 20:[], 21:[], 22:[], 23:[], 24:[], 25:[], 26:[], 27:[], 28:[], 29:[], 30:[], 31:[], 32:[], 33:[], 34:[], 35:[], 36:[], 37:[], 38:[]",710164880,732968450
947,2,170.8294,302408,4441375,35228282,3.4020,false,39,true,true,true,true,true,false,false,"0:[0, 1, 2, 3, 4, 5, 6, 7, 8, 9, 10, 11, 12, 13, 14, 15, 16, 17, 18, 19, 20, 21, 22, 23, 24, 25, 26, 27, 28, 29, 30, 31, 32, 33, 34, 35, 36, 37, 38], 1:[], 2:[], 3:[], 4:[], 5:[], 6:[], 7:[], 8:[], 9:[], 10:[], 11:[], 12:[], 13:[], 14:[], 15:[], 16:[], 17:[], 18:[], 19:[], 20:[], 21:[], 22:[], 23:[], 24:[], 25:[], 26:[], 27:[], 28:[], 29:[], 30:[], 31:[], 32:[], 33:[], 34:[], 35:[], 36:[], 37:[], 38:[]",716986656,742875291
953,3,243.9126,308144,4526465,35906168,3.0655,false,39,true,true,true,true,true,false,false,"0:[0, 1, 2, 3, 4, 5, 6, 7, 8, 9, 10, 11, 12, 13, 14, 15, 16, 17, 18, 19, 20, 21, 22, 23, 24, 25, 26, 27, 28, 29, 30, 31, 32, 33, 34, 35, 36, 37, 38], 1:[], 2:[], 3:[], 4:[], 5:[], 6:[], 7:[], 8:[], 9:[], 10:[], 11:[], 12:[], 13:[], 14:[], 15:[], 16:[], 17:[], 18:[], 19:[], 20:[], 21:[], 22:[], 23:[], 24:[], 25:[], 26:[], 27:[], 28:[], 29:[], 30:[], 31:[], 32:[], 33:[], 34:[], 35:[], 36:[], 37:[], 38:[]",723931520,752976037
967,3,209.9415,321809,4728380,37511506,3.5111,false,41,true,true,true,true,true,false,false,"0:[0, 1, 2, 3, 4, 5, 6, 7, 8, 9, 10, 11, 12, 13, 14, 15, 16, 17, 18, 19, 20, 21, 22, 23, 24, 25, 26, 27, 28, 29, 30, 31, 32, 33, 34, 35, 36, 37, 38, 39, 40], 1:[], 2:[], 3:[], 4:[], 5:[], 6:[], 7:[], 8:[], 9:[], 10:[], 11:[], 12:[], 13:[], 14:[], 15:[], 16:[], 17:[], 18:[], 19:[], 20:[], 21:[], 22:[], 23:[], 24:[], 25:[], 26:[], 27:[], 28:[], 29:[], 30:[], 31:[], 32:[], 33:[], 34:[], 35:[], 36:[], 37:[], 38:[], 39:[], 40:[]",740412680,776920148
971,2,224.0032,325786,4787161,37978769,3.2421,false,41,true,true,true,true,true,false,false,"0:[0, 1, 2, 3, 4, 5, 6, 7, 8, 9, 10, 11, 12, 13, 14, 15, 16, 17, 18, 19, 20, 21, 22, 23, 24, 25, 26, 27, 28, 29, 30, 31, 32, 33, 34, 35, 36, 37, 38, 39, 40], 1:[], 2:[], 3:[], 4:[], 5:[], 6:[], 7:[], 8:[], 9:[], 10:[], 11:[], 12:[], 13:[], 14:[], 15:[], 16:[], 17:[], 18:[], 19:[], 20:[], 21:[], 22:[], 23:[], 24:[], 25:[], 26:[], 27:[], 28:[], 29:[], 30:[], 31:[], 32:[], 33:[], 34:[], 35:[], 36:[], 37:[], 38:[], 39:[], 40:[]",745210608,783891533
977,3,260.0631,331813,4876650,38692152,3.3215,false,40,true,true,true,true,true,false,false,"0:[0, 1, 2, 3, 4, 5, 6, 7, 8, 9, 10, 11, 12, 13, 14, 15, 16, 17, 18, 19, 20, 21, 22, 23, 24, 25, 26, 27, 28, 29, 30, 31, 32, 33, 34, 35, 36, 37, 38, 39], 1:[], 2:[], 3:[], 4:[], 5:[], 6:[], 7:[], 8:[], 9:[], 10:[], 11:[], 12:[], 13:[], 14:[], 15:[], 16:[], 17:[], 18:[], 19:[], 20:[], 21:[], 22:[], 23:[], 24:[], 25:[], 26:[], 27:[], 28:[], 29:[], 30:[], 31:[], 32:[], 33:[], 34:[], 35:[], 36:[], 37:[], 38:[], 39:[]",752514376,861623962
983,5,262.2606,337914,4966627,39406680,3.8562,false,41,true,true,true,true,true,false,false,"0:[0, 1, 2, 3, 4, 5, 6, 7, 8, 9, 10, 11, 12, 13, 14, 15, 16, 17, 18, 19, 20, 21, 22, 23, 24, 25, 26, 27, 28, 29, 30, 31, 32, 33, 34, 35, 36, 37, 38, 39, 40], 1:[], 2:[], 3:[], 4:[], 5:[], 6:[], 7:[], 8:[], 9:[], 10:[], 11:[], 12:[], 13:[], 14:[], 15:[], 16:[], 17:[], 18:[], 19:[], 20:[], 21:[], 22:[], 23:[], 24:[], 25:[], 26:[], 27:[], 28:[], 29:[], 30:[], 31:[], 32:[], 33:[], 34:[], 35:[], 36:[], 37:[], 38:[], 39:[], 40:[]",759858960,872288895
991,3,276.7813,346164,5088752,40378529,3.6675,false,41,true,true,true,true,true,false,false,"0:[0, 1, 2, 3, 4, 5, 6, 7, 8, 9, 10, 11, 12, 13, 14, 15, 16, 17, 18, 19, 20, 21, 22, 23, 24, 25, 26, 27, 28, 29, 30, 31, 32, 33, 34, 35, 36, 37, 38, 39, 40], 1:[], 2:[], 3:[], 4:[], 5:[], 6:[], 7:[], 8:[], 9:[], 10:[], 11:[], 12:[], 13:[], 14:[], 15:[], 16:[], 17:[], 18:[], 19:[], 20:[], 21:[], 22:[], 23:[], 24:[], 25:[], 26:[], 27:[], 28:[], 29:[], 30:[], 31:[], 32:[], 33:[], 34:[], 35:[], 36:[], 37:[], 38:[], 39:[], 40:[]",769826960,886775712
997,2,215.6467,352439,5181881,41120638,3.6516,false,42,true,true,true,true,true,false,false,"0:[0, 1, 2, 3, 4, 5, 6, 7, 8, 9, 10, 11, 12, 13, 14, 15, 16, 17, 18, 19, 20, 21, 22, 23, 24, 25, 26, 27, 28, 29, 30, 31, 32, 33, 34, 35, 36, 37, 38, 39, 40, 41], 1:[], 2:[], 3:[], 4:[], 5:[], 6:[], 7:[], 8:[], 9:[], 10:[], 11:[], 12:[], 13:[], 14:[], 15:[], 16:[], 17:[], 18:[], 19:[], 20:[], 21:[], 22:[], 23:[], 24:[], 25:[], 26:[], 27:[], 28:[], 29:[], 30:[], 31:[], 32:[], 33:[], 34:[], 35:[], 36:[], 37:[], 38:[], 39:[], 40:[], 41:[]",777427880,897830149
1009,11,250.8653,365216,5370989,42625288,4.0847,false,43,true,true,true,true,true,false,false,"0:[0, 1, 2, 3, 4, 5, 6, 7, 8, 9, 10, 11, 12, 13, 14, 15, 16, 17, 18, 19, 20, 21, 22, 23, 24, 25, 26, 27, 28, 29, 30, 31, 32, 33, 34, 35, 36, 37, 38, 39, 40, 41, 42], 1:[], 2:[], 3:[], 4:[], 5:[], 6:[], 7:[], 8:[], 9:[], 10:[], 11:[], 12:[], 13:[], 14:[], 15:[], 16:[], 17:[], 18:[], 19:[], 20:[], 21:[], 22:[], 23:[], 24:[], 25:[], 26:[], 27:[], 28:[], 29:[], 30:[], 31:[], 32:[], 33:[], 34:[], 35:[], 36:[], 37:[], 38:[], 39:[], 40:[], 41:[], 42:[]",792863168,920261921
1013,2,217.1194,369542,5435065,43135394,3.6905,false,43,true,true,true,true,true,false,false,"0:[0, 1, 2, 3, 4, 5, 6, 7, 8, 9, 10, 11, 12, 13, 14, 15, 16, 17, 18, 19, 20, 21, 22, 23, 24, 25, 26, 27, 28, 29, 30, 31, 32, 33, 34, 35, 36, 37, 38, 39, 40, 41, 42], 1:[], 2:[], 3:[], 4:[], 5:[], 6:[], 7:[], 8:[], 9:[], 10:[], 11:[], 12:[], 13:[], 14:[], 15:[], 16:[], 17:[], 18:[], 19:[], 20:[], 21:[], 22:[], 23:[], 24:[], 25:[], 26:[], 27:[], 28:[], 29:[], 30:[], 31:[], 32:[], 33:[], 34:[], 35:[], 36:[], 37:[], 38:[], 39:[], 40:[], 41:[], 42:[]",798093072,927862925
1019,2,267.4728,376096,5531814,43904128,4.2376,false,43,true,true,true,true,true,false,false,"0:[0, 1, 2, 3, 4, 5, 6, 7, 8, 9, 10, 11, 12, 13, 14, 15, 16, 17, 18, 19, 20, 21, 22, 23, 24, 25, 26, 27, 28, 29, 30, 31, 32, 33, 34, 35, 36, 37, 38, 39, 40, 41, 42], 1:[], 2:[], 3:[], 4:[], 5:[], 6:[], 7:[], 8:[], 9:[], 10:[], 11:[], 12:[], 13:[], 14:[], 15:[], 16:[], 17:[], 18:[], 19:[], 20:[], 21:[], 22:[], 23:[], 24:[], 25:[], 26:[], 27:[], 28:[], 29:[], 30:[], 31:[], 32:[], 33:[], 34:[], 35:[], 36:[], 37:[], 38:[], 39:[], 40:[], 41:[], 42:[]",805990288,939331086
1021,2,285.9212,378297,5564667,44166630,4.1574,false,42,true,true,true,true,true,false,false,"0:[0, 1, 2, 3, 4, 5, 6, 7, 8, 9, 10, 11, 12, 13, 14, 15, 16, 17, 18, 19, 20, 21, 22, 23, 24, 25, 26, 27, 28, 29, 30, 31, 32, 33, 34, 35, 36, 37, 38, 39, 40, 41], 1:[], 2:[], 3:[], 4:[], 5:[], 6:[], 7:[], 8:[], 9:[], 10:[], 11:[], 12:[], 13:[], 14:[], 15:[], 16:[], 17:[], 18:[], 19:[], 20:[], 21:[], 22:[], 23:[], 24:[], 25:[], 26:[], 27:[], 28:[], 29:[], 30:[], 31:[], 32:[], 33:[], 34:[], 35:[], 36:[], 37:[], 38:[], 39:[], 40:[], 41:[]",808671352,943235903
1031,7,255.2532,389434,5729281,45475442,3.9924,false,42,true,true,true,true,true,false,false,"0:[0, 1, 2, 3, 4, 5, 6, 7, 8, 9, 10, 11, 12, 13, 14, 15, 16, 17, 18, 19, 20, 21, 22, 23, 24, 25, 26, 27, 28, 29, 30, 31, 32, 33, 34, 35, 36, 37, 38, 39, 40, 41], 1:[], 2:[], 3:[], 4:[], 5:[], 6:[], 7:[], 8:[], 9:[], 10:[], 11:[], 12:[], 13:[], 14:[], 15:[], 16:[], 17:[], 18:[], 19:[], 20:[], 21:[], 22:[], 23:[], 24:[], 25:[], 26:[], 27:[], 28:[], 29:[], 30:[], 31:[], 32:[], 33:[], 34:[], 35:[], 36:[], 37:[], 38:[], 39:[], 40:[], 41:[]",822107760,962753941
1033,5,275.2998,391687,5762970,45745012,4.3177,false,43,true,true,true,true,true,false,false,"0:[0, 1, 2, 3, 4, 5, 6, 7, 8, 9, 10, 11, 12, 13, 14, 15, 16, 17, 18, 19, 20, 21, 22, 23, 24, 25, 26, 27, 28, 29, 30, 31, 32, 33, 34, 35, 36, 37, 38, 39, 40, 41, 42], 1:[], 2:[], 3:[], 4:[], 5:[], 6:[], 7:[], 8:[], 9:[], 10:[], 11:[], 12:[], 13:[], 14:[], 15:[], 16:[], 17:[], 18:[], 19:[], 20:[], 21:[], 22:[], 23:[], 24:[], 25:[], 26:[], 27:[], 28:[], 29:[], 30:[], 31:[], 32:[], 33:[], 34:[], 35:[], 36:[], 37:[], 38:[], 39:[], 40:[], 41:[], 42:[]",824856952,966759002
1039,3,258.5164,398500,5863511,46543571,4.8947,false,43,true,true,true,true,true,false,false,"0:[0, 1, 2, 3, 4, 5, 6, 7, 8, 9, 10, 11, 12, 13, 14, 15, 16, 17, 18, 19, 20, 21, 22, 23, 24, 25, 26, 27, 28, 29, 30, 31, 32, 33, 34, 35, 36, 37, 38, 39, 40, 41, 42], 1:[], 2:[], 3:[], 4:[], 5:[], 6:[], 7:[], 8:[], 9:[], 10:[], 11:[], 12:[], 13:[], 14:[], 15:[], 16:[], 17:[], 18:[], 19:[], 20:[], 21:[], 22:[], 23:[], 24:[], 25:[], 26:[], 27:[], 28:[], 29:[], 30:[], 31:[], 32:[], 33:[], 34:[], 35:[], 36:[], 37:[], 38:[], 39:[], 40:[], 41:[], 42:[]",833063744,978676147
1049,3,276.2839,410028,6034504,47905587,4.7621,false,44,true,true,true,true,true,false,false,"0:[0, 1, 2, 3, 4, 5, 6, 7, 8, 9, 10, 11, 12, 13, 14, 15, 16, 17, 18, 19, 20, 21, 22, 23, 24, 25, 26, 27, 28, 29, 30, 31, 32, 33, 34, 35, 36, 37, 38, 39, 40, 41, 42, 43], 1:[], 2:[], 3:[], 4:[], 5:[], 6:[], 7:[], 8:[], 9:[], 10:[], 11:[], 12:[], 13:[], 14:[], 15:[], 16:[], 17:[], 18:[], 19:[], 20:[], 21:[], 22:[], 23:[], 24:[], 25:[], 26:[], 27:[], 28:[], 29:[], 30:[], 31:[], 32:[], 33:[], 34:[], 35:[], 36:[], 37:[], 38:[], 39:[], 40:[], 41:[], 42:[], 43:[]",847019856,998967160
1051,2,240.6894,412359,6068845,48178295,4.5863,false,44,true,true,true,true,true,false,false,"0:[0, 1, 2, 3, 4, 5, 6, 7, 8, 9, 10, 11, 12, 13, 14, 15, 16, 17, 18, 19, 20, 21, 22, 23, 24, 25, 26, 27, 28, 29, 30, 31, 32, 33, 34, 35, 36, 37, 38, 39, 40, 41, 42, 43], 1:[], 2:[], 3:[], 4:[], 5:[], 6:[], 7:[], 8:[], 9:[], 10:[], 11:[], 12:[], 13:[], 14:[], 15:[], 16:[], 17:[], 18:[], 19:[], 20:[], 21:[], 22:[], 23:[], 24:[], 25:[], 26:[], 27:[], 28:[], 29:[], 30:[], 31:[], 32:[], 33:[], 34:[], 35:[], 36:[], 37:[], 38:[], 39:[], 40:[], 41:[], 42:[], 43:[]",849823080,1003033545
1061,2,257.8468,424152,6243790,49571855,4.7952,false,44,true,true,true,true,true,false,false,"0:[0, 1, 2, 3, 4, 5, 6, 7, 8, 9, 10, 11, 12, 13, 14, 15, 16, 17, 18, 19, 20, 21, 22, 23, 24, 25, 26, 27, 28, 29, 30, 31, 32, 33, 34, 35, 36, 37, 38, 39, 40, 41, 42, 43], 1:[], 2:[], 3:[], 4:[], 5:[], 6:[], 7:[], 8:[], 9:[], 10:[], 11:[], 12:[], 13:[], 14:[], 15:[], 16:[], 17:[], 18:[], 19:[], 20:[], 21:[], 22:[], 23:[], 24:[], 25:[], 26:[], 27:[], 28:[], 29:[], 30:[], 31:[], 32:[], 33:[], 34:[], 35:[], 36:[], 37:[], 38:[], 39:[], 40:[], 41:[], 42:[], 43:[]",864101712,1023793142
1063,3,267.3996,426537,6278853,49849884,4.3344,false,45,true,true,true,true,true,false,false,"0:[0, 1, 2, 3, 4, 5, 6, 7, 8, 9, 10, 11, 12, 13, 14, 15, 16, 17, 18, 19, 20, 21, 22, 23, 24, 25, 26, 27, 28, 29, 30, 31, 32, 33, 34, 35, 36, 37, 38, 39, 40, 41, 42, 43, 44], 1:[], 2:[], 3:[], 4:[], 5:[], 6:[], 7:[], 8:[], 9:[], 10:[], 11:[], 12:[], 13:[], 14:[], 15:[], 16:[], 17:[], 18:[], 19:[], 20:[], 21:[], 22:[], 23:[], 24:[], 25:[], 26:[], 27:[], 28:[], 29:[], 30:[], 31:[], 32:[], 33:[], 34:[], 35:[], 36:[], 37:[], 38:[], 39:[], 40:[], 41:[], 42:[], 43:[], 44:[]",866963992,1027944177
1069,2,255.0726,433747,6385904,50702940,4.8237,false,44,true,true,true,true,true,false,false,"0:[0, 1, 2, 3, 4, 5, 6, 7, 8, 9, 10, 11, 12, 13, 14, 15, 16, 17, 18, 19, 20, 21, 22, 23, 24, 25, 26, 27, 28, 29, 30, 31, 32, 33, 34, 35, 36, 37, 38, 39, 40, 41, 42, 43], 1:[], 2:[], 3:[], 4:[], 5:[], 6:[], 7:[], 8:[], 9:[], 10:[], 11:[], 12:[], 13:[], 14:[], 15:[], 16:[], 17:[], 18:[], 19:[], 20:[], 21:[], 22:[], 23:[], 24:[], 25:[], 26:[], 27:[], 28:[], 29:[], 30:[], 31:[], 32:[], 33:[], 34:[], 35:[], 36:[], 37:[], 38:[], 39:[], 40:[], 41:[], 42:[], 43:[]",875701112,1040650248
1087,3,286.3518,455860,6713248,53307433,4.7122,false,46,true,true,true,true,true,false,false,"0:[0, 1, 2, 3, 4, 5, 6, 7, 8, 9, 10, 11, 12, 13, 14, 15, 16, 17, 18, 19, 20, 21, 22, 23, 24, 25, 26, 27, 28, 29, 30, 31, 32, 33, 34, 35, 36, 37, 38, 39, 40, 41, 42, 43, 44, 45], 1:[], 2:[], 3:[], 4:[], 5:[], 6:[], 7:[], 8:[], 9:[], 10:[], 11:[], 12:[], 13:[], 14:[], 15:[], 16:[], 17:[], 18:[], 19:[], 20:[], 21:[], 22:[], 23:[], 24:[], 25:[], 26:[], 27:[], 28:[], 29:[], 30:[], 31:[], 32:[], 33:[], 34:[], 35:[], 36:[], 37:[], 38:[], 39:[], 40:[], 41:[], 42:[], 43:[], 44:[], 45:[]",902419344,1079471184
1091,2,256.4952,460874,6787545,53898929,4.8604,false,46,true,true,true,true,true,false,false,"0:[0, 1, 2, 3, 4, 5, 6, 7, 8, 9, 10, 11, 12, 13, 14, 15, 16, 17, 18, 19, 20, 21, 22, 23, 24, 25, 26, 27, 28, 29, 30, 31, 32, 33, 34, 35, 36, 37, 38, 39, 40, 41, 42, 43, 44, 45], 1:[], 2:[], 3:[], 4:[], 5:[], 6:[], 7:[], 8:[], 9:[], 10:[], 11:[], 12:[], 13:[], 14:[], 15:[], 16:[], 17:[], 18:[], 19:[], 20:[], 21:[], 22:[], 23:[], 24:[], 25:[], 26:[], 27:[], 28:[], 29:[], 30:[], 31:[], 32:[], 33:[], 34:[], 35:[], 36:[], 37:[], 38:[], 39:[], 40:[], 41:[], 42:[], 43:[], 44:[], 45:[]",923163504,1102963597
1093,2,261.5355,463395,6825201,54199937,4.7870,false,46,true,true,true,true,true,false,false,"0:[0, 1, 2, 3, 4, 5, 6, 7, 8, 9, 10, 11, 12, 13, 14, 15, 16, 17, 18, 19, 20, 21, 22, 23, 24, 25, 26, 27, 28, 29, 30, 31, 32, 33, 34, 35, 36, 37, 38, 39, 40, 41, 42, 43, 44, 45], 1:[], 2:[], 3:[], 4:[], 5:[], 6:[], 7:[], 8:[], 9:[], 10:[], 11:[], 12:[], 13:[], 14:[], 15:[], 16:[], 17:[], 18:[], 19:[], 20:[], 21:[], 22:[], 23:[], 24:[], 25:[], 26:[], 27:[], 28:[], 29:[], 30:[], 31:[], 32:[], 33:[], 34:[], 35:[], 36:[], 37:[], 38:[], 39:[], 40:[], 41:[], 42:[], 43:[], 44:[], 45:[]",926236488,1107439005
1097,3,305.1811,468464,6900336,54798209,4.8148,false,45,true,true,true,true,true,false,false,"0:[0, 1, 2, 3, 4, 5, 6, 7, 8, 9, 10, 11, 12, 13, 14, 15, 16, 17, 18, 19, 20, 21, 22, 23, 24, 25, 26, 27, 28, 29, 30, 31, 32, 33, 34, 35, 36, 37, 38, 39, 40, 41, 42, 43, 44], 1:[], 2:[], 3:[], 4:[], 5:[], 6:[], 7:[], 8:[], 9:[], 10:[], 11:[], 12:[], 13:[], 14:[], 15:[], 16:[], 17:[], 18:[], 19:[], 20:[], 21:[], 22:[], 23:[], 24:[], 25:[], 26:[], 27:[], 28:[], 29:[], 30:[], 31:[], 32:[], 33:[], 34:[], 35:[], 36:[], 37:[], 38:[], 39:[], 40:[], 41:[], 42:[], 43:[], 44:[]",932368944,1116351520
1103,5,292.5849,476137,7013744,55699778,4.8732,false,46,true,true,true,true,true,false,false,"0:[0, 1, 2, 3, 4, 5, 6, 7, 8, 9, 10, 11, 12, 13, 14, 15, 16, 17, 18, 19, 20, 21, 22, 23, 24, 25, 26, 27, 28, 29, 30, 31, 32, 33, 34, 35, 36, 37, 38, 39, 40, 41, 42, 43, 44, 45], 1:[], 2:[], 3:[], 4:[], 5:[], 6:[], 7:[], 8:[], 9:[], 10:[], 11:[], 12:[], 13:[], 14:[], 15:[], 16:[], 17:[], 18:[], 19:[], 20:[], 21:[], 22:[], 23:[], 24:[], 25:[], 26:[], 27:[], 28:[], 29:[], 30:[], 31:[], 32:[], 33:[], 34:[], 35:[], 36:[], 37:[], 38:[], 39:[], 40:[], 41:[], 42:[], 43:[], 44:[], 45:[]",941625736,1129795192
1109,2,273.8652,483894,7128954,56617972,5.0018,false,46,true,true,true,true,true,false,false,"0:[0, 1, 2, 3, 4, 5, 6, 7, 8, 9, 10, 11, 12, 13, 14, 15, 16, 17, 18, 19, 20, 21, 22, 23, 24, 25, 26, 27, 28, 29, 30, 31, 32, 33, 34, 35, 36, 37, 38, 39, 40, 41, 42, 43, 44, 45], 1:[], 2:[], 3:[], 4:[], 5:[], 6:[], 7:[], 8:[], 9:[], 10:[], 11:[], 12:[], 13:[], 14:[], 15:[], 16:[], 17:[], 18:[], 19:[], 20:[], 21:[], 22:[], 23:[], 24:[], 25:[], 26:[], 27:[], 28:[], 29:[], 30:[], 31:[], 32:[], 33:[], 34:[], 35:[], 36:[], 37:[], 38:[], 39:[], 40:[], 41:[], 42:[], 43:[], 44:[], 45:[]",951028704,1143469314
1117,2,279.7938,494365,7284224,57854542,5.1346,false,47,true,true,true,true,true,false,false,"0:[0, 1, 2, 3, 4, 5, 6, 7, 8, 9, 10, 11, 12, 13, 14, 15, 16, 17, 18, 19, 20, 21, 22, 23, 24, 25, 26, 27, 28, 29, 30, 31, 32, 33, 34, 35, 36, 37, 38, 39, 40, 41, 42, 43, 44, 45, 46], 1:[], 2:[], 3:[], 4:[], 5:[], 6:[], 7:[], 8:[], 9:[], 10:[], 11:[], 12:[], 13:[], 14:[], 15:[], 16:[], 17:[], 18:[], 19:[], 20:[], 21:[], 22:[], 23:[], 24:[], 25:[], 26:[], 27:[], 28:[], 29:[], 30:[], 31:[], 32:[], 33:[], 34:[], 35:[], 36:[], 37:[], 38:[], 39:[], 40:[], 41:[], 42:[], 43:[], 44:[], 45:[], 46:[]",1257302888,1161887784
1123,2,278.4664,502317,7401788,58789273,5.1970,false,46,true,true,true,true,true,false,false,"0:[0, 1, 2, 3, 4, 5, 6, 7, 8, 9, 10, 11, 12, 13, 14, 15, 16, 17, 18, 19, 20, 21, 22, 23, 24, 25, 26, 27, 28, 29, 30, 31, 32, 33, 34, 35, 36, 37, 38, 39, 40, 41, 42, 43, 44, 45], 1:[], 2:[], 3:[], 4:[], 5:[], 6:[], 7:[], 8:[], 9:[], 10:[], 11:[], 12:[], 13:[], 14:[], 15:[], 16:[], 17:[], 18:[], 19:[], 20:[], 21:[], 22:[], 23:[], 24:[], 25:[], 26:[], 27:[], 28:[], 29:[], 30:[], 31:[], 32:[], 33:[], 34:[], 35:[], 36:[], 37:[], 38:[], 39:[], 40:[], 41:[], 42:[], 43:[], 44:[], 45:[]",1266898856,1175824020
1129,11,354.0901,510355,7521206,59741106,5.2583,false,48,true,true,true,true,true,false,false,"0:[0, 1, 2, 3, 4, 5, 6, 7, 8, 9, 10, 11, 12, 13, 14, 15, 16, 17, 18, 19, 20, 21, 22, 23, 24, 25, 26, 27, 28, 29, 30, 31, 32, 33, 34, 35, 36, 37, 38, 39, 40, 41, 42, 43, 44, 45, 46, 47], 1:[], 2:[], 3:[], 4:[], 5:[], 6:[], 7:[], 8:[], 9:[], 10:[], 11:[], 12:[], 13:[], 14:[], 15:[], 16:[], 17:[], 18:[], 19:[], 20:[], 21:[], 22:[], 23:[], 24:[], 25:[], 26:[], 27:[], 28:[], 29:[], 30:[], 31:[], 32:[], 33:[], 34:[], 35:[], 36:[], 37:[], 38:[], 39:[], 40:[], 41:[], 42:[], 43:[], 44:[], 45:[], 46:[], 47:[]",1276645208,1189997766
1151,13,335.2795,540557,7968700,63303166,5.5987,false,47,true,true,true,true,true,false,false,"0:[0, 1, 2, 3, 4, 5, 6, 7, 8, 9, 10, 11, 12, 13, 14, 15, 16, 17, 18, 19, 20, 21, 22, 23, 24, 25, 26, 27, 28, 29, 30, 31, 32, 33, 34, 35, 36, 37, 38, 39, 40, 41, 42, 43, 44, 45, 46], 1:[], 2:[], 3:[], 4:[], 5:[], 6:[], 7:[], 8:[], 9:[], 10:[], 11:[], 12:[], 13:[], 14:[], 15:[], 16:[], 17:[], 18:[], 19:[], 20:[], 21:[], 22:[], 23:[], 24:[], 25:[], 26:[], 27:[], 28:[], 29:[], 30:[], 31:[], 32:[], 33:[], 34:[], 35:[], 36:[], 37:[], 38:[], 39:[], 40:[], 41:[], 42:[], 43:[], 44:[], 45:[], 46:[]",1313169576,1243069076
1153,5,369.6367,543360,8010547,63637454,5.7198,false,48,true,true,true,true,true,false,false,"0:[0, 1, 2, 3, 4, 5, 6, 7, 8, 9, 10, 11, 12, 13, 14, 15, 16, 17, 18, 19, 20, 21, 22, 23, 24, 25, 26, 27, 28, 29, 30, 31, 32, 33, 34, 35, 36, 37, 38, 39, 40, 41, 42, 43, 44, 45, 46, 47], 1:[], 2:[], 3:[], 4:[], 5:[], 6:[], 7:[], 8:[], 9:[], 10:[], 11:[], 12:[], 13:[], 14:[], 15:[], 16:[], 17:[], 18:[], 19:[], 20:[], 21:[], 22:[], 23:[], 24:[], 25:[], 26:[], 27:[], 28:[], 29:[], 30:[], 31:[], 32:[], 33:[], 34:[], 35:[], 36:[], 37:[], 38:[], 39:[], 40:[], 41:[], 42:[], 43:[], 44:[], 45:[], 46:[], 47:[]",1316584608,1248041791
1163,2,308.8756,557522,8220288,65306637,5.7849,false,48,true,true,true,true,true,false,false,"0:[0, 1, 2, 3, 4, 5, 6, 7, 8, 9, 10, 11, 12, 13, 14, 15, 16, 17, 18, 19, 20, 21, 22, 23, 24, 25, 26, 27, 28, 29, 30, 31, 32, 33, 34, 35, 36, 37, 38, 39, 40, 41, 42, 43, 44, 45, 46, 47], 1:[], 2:[], 3:[], 4:[], 5:[], 6:[], 7:[], 8:[], 9:[], 10:[], 11:[], 12:[], 13:[], 14:[], 15:[], 16:[], 17:[], 18:[], 19:[], 20:[], 21:[], 22:[], 23:[], 24:[], 25:[], 26:[], 27:[], 28:[], 29:[], 30:[], 31:[], 32:[], 33:[], 34:[], 35:[], 36:[], 37:[], 38:[], 39:[], 40:[], 41:[], 42:[], 43:[], 44:[], 45:[], 46:[], 47:[]",1333703776,1272912224
1171,2,316.6449,569027,8390915,66665410,6.0089,false,49,true,true,true,true,true,false,false,"0:[0, 1, 2, 3, 4, 5, 6, 7, 8, 9, 10, 11, 12, 13, 14, 15, 16, 17, 18, 19, 20, 21, 22, 23, 24, 25, 26, 27, 28, 29, 30, 31, 32, 33, 34, 35, 36, 37, 38, 39, 40, 41, 42, 43, 44, 45, 46, 47, 48], 1:[], 2:[], 3:[], 4:[], 5:[], 6:[], 7:[], 8:[], 9:[], 10:[], 11:[], 12:[], 13:[], 14:[], 15:[], 16:[], 17:[], 18:[], 19:[], 20:[], 21:[], 22:[], 23:[], 24:[], 25:[], 26:[], 27:[], 28:[], 29:[], 30:[], 31:[], 32:[], 33:[], 34:[], 35:[], 36:[], 37:[], 38:[], 39:[], 40:[], 41:[], 42:[], 43:[], 44:[], 45:[], 46:[], 47:[], 48:[]",1347630056,1427369111
1181,2,331.4952,583630,8607767,68393433,6.0889,false,49,true,true,true,true,true,false,false,"0:[0, 1, 2, 3, 4, 5, 6, 7, 8, 9, 10, 11, 12, 13, 14, 15, 16, 17, 18, 19, 20, 21, 22, 23, 24, 25, 26, 27, 28, 29, 30, 31, 32, 33, 34, 35, 36, 37, 38, 39, 40, 41, 42, 43, 44, 45, 46, 47, 48], 1:[], 2:[], 3:[], 4:[], 5:[], 6:[], 7:[], 8:[], 9:[], 10:[], 11:[], 12:[], 13:[], 14:[], 15:[], 16:[], 17:[], 18:[], 19:[], 20:[], 21:[], 22:[], 23:[], 24:[], 25:[], 26:[], 27:[], 28:[], 29:[], 30:[], 31:[], 32:[], 33:[], 34:[], 35:[], 36:[], 37:[], 38:[], 39:[], 40:[], 41:[], 42:[], 43:[], 44:[], 45:[], 46:[], 47:[], 48:[]",1411466032,1453100163
1187,2,330.1804,592510,8739231,69439528,6.2675,false,49,true,true,true,true,true,false,false,"0:[0, 1, 2, 3, 4, 5, 6, 7, 8, 9, 10, 11, 12, 13, 14, 15, 16, 17, 18, 19, 20, 21, 22, 23, 24, 25, 26, 27, 28, 29, 30, 31, 32, 33, 34, 35, 36, 37, 38, 39, 40, 41, 42, 43, 44, 45, 46, 47, 48], 1:[], 2:[], 3:[], 4:[], 5:[], 6:[], 7:[], 8:[], 9:[], 10:[], 11:[], 12:[], 13:[], 14:[], 15:[], 16:[], 17:[], 18:[], 19:[], 20:[], 21:[], 22:[], 23:[], 24:[], 25:[], 26:[], 27:[], 28:[], 29:[], 30:[], 31:[], 32:[], 33:[], 34:[], 35:[], 36:[], 37:[], 38:[], 39:[], 40:[], 41:[], 42:[], 43:[], 44:[], 45:[], 46:[], 47:[], 48:[]",1422196272,1468685547
1193,3,388.2976,601480,8872558,70502380,6.3811,false,49,true,true,true,true,true,false,false,"0:[0, 1, 2, 3, 4, 5, 6, 7, 8, 9, 10, 11, 12, 13, 14, 15, 16, 17, 18, 19, 20, 21, 22, 23, 24, 25, 26, 27, 28, 29, 30, 31, 32, 33, 34, 35, 36, 37, 38, 39, 40, 41, 42, 43, 44, 45, 46, 47, 48], 1:[], 2:[], 3:[], 4:[], 5:[], 6:[], 7:[], 8:[], 9:[], 10:[], 11:[], 12:[], 13:[], 14:[], 15:[], 16:[], 17:[], 18:[], 19:[], 20:[], 21:[], 22:[], 23:[], 24:[], 25:[], 26:[], 27:[], 28:[], 29:[], 30:[], 31:[], 32:[], 33:[], 34:[], 35:[], 36:[], 37:[], 38:[], 39:[], 40:[], 41:[], 42:[], 43:[], 44:[], 45:[], 46:[], 47:[], 48:[]",1433077712,1484509046
1201,11,429.4926,613580,9052057,71931942,6.4386,false,51,true,true,true,true,true,false,false,"0:[0, 1, 2, 3, 4, 5, 6, 7, 8, 9, 10, 11, 12, 13, 14, 15, 16, 17, 18, 19, 20, 21, 22, 23, 24, 25, 26, 27, 28, 29, 30, 31, 32, 33, 34, 35, 36, 37, 38, 39, 40, 41, 42, 43, 44, 45, 46, 47, 48, 49, 50], 1:[], 2:[], 3:[], 4:[], 5:[], 6:[], 7:[], 8:[], 9:[], 10:[], 11:[], 12:[], 13:[], 14:[], 15:[], 16:[], 17:[], 18:[], 19:[], 20:[], 21:[], 22:[], 23:[], 24:[], 25:[], 26:[], 27:[], 28:[], 29:[], 30:[], 31:[], 32:[], 33:[], 34:[], 35:[], 36:[], 37:[], 38:[], 39:[], 40:[], 41:[], 42:[], 43:[], 44:[], 45:[], 46:[], 47:[], 48:[], 49:[], 50:[]",1447728032,1505800861
1213,2,359.5884,632033,9325809,74112202,6.8047,false,51,true,true,true,true,true,false,false,"0:[0, 1, 2, 3, 4, 5, 6, 7, 8, 9, 10, 11, 12, 13, 14, 15, 16, 17, 18, 19, 20, 21, 22, 23, 24, 25, 26, 27, 28, 29, 30, 31, 32, 33, 34, 35, 36, 37, 38, 39, 40, 41, 42, 43, 44, 45, 46, 47, 48, 49, 50], 1:[], 2:[], 3:[], 4:[], 5:[], 6:[], 7:[], 8:[], 9:[], 10:[], 11:[], 12:[], 13:[], 14:[], 15:[], 16:[], 17:[], 18:[], 19:[], 20:[], 21:[], 22:[], 23:[], 24:[], 25:[], 26:[], 27:[], 28:[], 29:[], 30:[], 31:[], 32:[], 33:[], 34:[], 35:[], 36:[], 37:[], 38:[], 39:[], 40:[], 41:[], 42:[], 43:[], 44:[], 45:[], 46:[], 47:[], 48:[], 49:[], 50:[]",1470071064,1538272141
1217,3,425.6583,638265,9418278,74848754,6.7086,false,50,true,true,true,true,true,false,false,"0:[0, 1, 2, 3, 4, 5, 6, 7, 8, 9, 10, 11, 12, 13, 14, 15, 16, 17, 18, 19, 20, 21, 22, 23, 24, 25, 26, 27, 28, 29, 30, 31, 32, 33, 34, 35, 36, 37, 38, 39, 40, 41, 42, 43, 44, 45, 46, 47, 48, 49], 1:[], 2:[], 3:[], 4:[], 5:[], 6:[], 7:[], 8:[], 9:[], 10:[], 11:[], 12:[], 13:[], 14:[], 15:[], 16:[], 17:[], 18:[], 19:[], 20:[], 21:[], 22:[], 23:[], 24:[], 25:[], 26:[], 27:[], 28:[], 29:[], 30:[], 31:[], 32:[], 33:[], 34:[], 35:[], 36:[], 37:[], 38:[], 39:[], 40:[], 41:[], 42:[], 43:[], 44:[], 45:[], 46:[], 47:[], 48:[], 49:[]",1477618152,1549240518
1223,5,400.7712,647690,9557757,75958112,6.9641,false,51,true,true,true,true,true,false,false,"0:[0, 1, 2, 3, 4, 5, 6, 7, 8, 9, 10, 11, 12, 13, 14, 15, 16, 17, 18, 19, 20, 21, 22, 23, 24, 25, 26, 27, 28, 29, 30, 31, 32, 33, 34, 35, 36, 37, 38, 39, 40, 41, 42, 43, 44, 45, 46, 47, 48, 49, 50], 1:[], 2:[], 3:[], 4:[], 5:[], 6:[], 7:[], 8:[], 9:[], 10:[], 11:[], 12:[], 13:[], 14:[], 15:[], 16:[], 17:[], 18:[], 19:[], 20:[], 21:[], 22:[], 23:[], 24:[], 25:[], 26:[], 27:[], 28:[], 29:[], 30:[], 31:[], 32:[], 33:[], 34:[], 35:[], 36:[], 37:[], 38:[], 39:[], 40:[], 41:[], 42:[], 43:[], 44:[], 45:[], 46:[], 47:[], 48:[], 49:[], 50:[]",1489002672,1565774913
1229,2,375.9484,657208,9699326,77087210,7.0899,false,51,true,true,true,true,true,false,false,"0:[0, 1, 2, 3, 4, 5, 6, 7, 8, 9, 10, 11, 12, 13, 14, 15, 16, 17, 18, 19, 20, 21, 22, 23, 24, 25, 26, 27, 28, 29, 30, 31, 32, 33, 34, 35, 36, 37, 38, 39, 40, 41, 42, 43, 44, 45, 46, 47, 48, 49, 50], 1:[], 2:[], 3:[], 4:[], 5:[], 6:[], 7:[], 8:[], 9:[], 10:[], 11:[], 12:[], 13:[], 14:[], 15:[], 16:[], 17:[], 18:[], 19:[], 20:[], 21:[], 22:[], 23:[], 24:[], 25:[], 26:[], 27:[], 28:[], 29:[], 30:[], 31:[], 32:[], 33:[], 34:[], 35:[], 36:[], 37:[], 38:[], 39:[], 40:[], 41:[], 42:[], 43:[], 44:[], 45:[], 46:[], 47:[], 48:[], 49:[], 50:[]",1500556624,1716795014
1231,3,495.9787,660400,9746410,77461125,6.9881,false,51,true,true,true,true,true,false,false,"0:[0, 1, 2, 3, 4, 5, 6, 7, 8, 9, 10, 11, 12, 13, 14, 15, 16, 17, 18, 19, 20, 21, 22, 23, 24, 25, 26, 27, 28, 29, 30, 31, 32, 33, 34, 35, 36, 37, 38, 39, 40, 41, 42, 43, 44, 45, 46, 47, 48, 49, 50], 1:[], 2:[], 3:[], 4:[], 5:[], 6:[], 7:[], 8:[], 9:[], 10:[], 11:[], 12:[], 13:[], 14:[], 15:[], 16:[], 17:[], 18:[], 19:[], 20:[], 21:[], 22:[], 23:[], 24:[], 25:[], 26:[], 27:[], 28:[], 29:[], 30:[], 31:[], 32:[], 33:[], 34:[], 35:[], 36:[], 37:[], 38:[], 39:[], 40:[], 41:[], 42:[], 43:[], 44:[], 45:[], 46:[], 47:[], 48:[], 49:[], 50:[]",1504399952,1722370626
1237,2,382.9133,670041,9889754,78603981,7.2254,false,52,true,true,true,true,true,false,false,"0:[0, 1, 2, 3, 4, 5, 6, 7, 8, 9, 10, 11, 12, 13, 14, 15, 16, 17, 18, 19, 20, 21, 22, 23, 24, 25, 26, 27, 28, 29, 30, 31, 32, 33, 34, 35, 36, 37, 38, 39, 40, 41, 42, 43, 44, 45, 46, 47, 48, 49, 50, 51], 1:[], 2:[], 3:[], 4:[], 5:[], 6:[], 7:[], 8:[], 9:[], 10:[], 11:[], 12:[], 13:[], 14:[], 15:[], 16:[], 17:[], 18:[], 19:[], 20:[], 21:[], 22:[], 23:[], 24:[], 25:[], 26:[], 27:[], 28:[], 29:[], 30:[], 31:[], 32:[], 33:[], 34:[], 35:[], 36:[], 37:[], 38:[], 39:[], 40:[], 41:[], 42:[], 43:[], 44:[], 45:[], 46:[], 47:[], 48:[], 49:[], 50:[], 51:[]",1516098856,1739382730
1249,7,565.5931,689604,10180048,80916141,7.3153,false,53,true,true,true,true,true,false,false,"0:[0, 1, 2, 3, 4, 5, 6, 7, 8, 9, 10, 11, 12, 13, 14, 15, 16, 17, 18, 19, 20, 21, 22, 23, 24, 25, 26, 27, 28, 29, 30, 31, 32, 33, 34, 35, 36, 37, 38, 39, 40, 41, 42, 43, 44, 45, 46, 47, 48, 49, 50, 51, 52], 1:[], 2:[], 3:[], 4:[], 5:[], 6:[], 7:[], 8:[], 9:[], 10:[], 11:[], 12:[], 13:[], 14:[], 15:[], 16:[], 17:[], 18:[], 19:[], 20:[], 21:[], 22:[], 23:[], 24:[], 25:[], 26:[], 27:[], 28:[], 29:[], 30:[], 31:[], 32:[], 33:[], 34:[], 35:[], 36:[], 37:[], 38:[], 39:[], 40:[], 41:[], 42:[], 43:[], 44:[], 45:[], 46:[], 47:[], 48:[], 49:[], 50:[], 51:[], 52:[]",1539791888,1773816160
1259,2,393.7901,706194,10425972,82874017,7.6477,false,53,true,true,true,true,true,false,false,"0:[0, 1, 2, 3, 4, 5, 6, 7, 8, 9, 10, 11, 12, 13, 14, 15, 16, 17, 18, 19, 20, 21, 22, 23, 24, 25, 26, 27, 28, 29, 30, 31, 32, 33, 34, 35, 36, 37, 38, 39, 40, 41, 42, 43, 44, 45, 46, 47, 48, 49, 50, 51, 52], 1:[], 2:[], 3:[], 4:[], 5:[], 6:[], 7:[], 8:[], 9:[], 10:[], 11:[], 12:[], 13:[], 14:[], 15:[], 16:[], 17:[], 18:[], 19:[], 20:[], 21:[], 22:[], 23:[], 24:[], 25:[], 26:[], 27:[], 28:[], 29:[], 30:[], 31:[], 32:[], 33:[], 34:[], 35:[], 36:[], 37:[], 38:[], 39:[], 40:[], 41:[], 42:[], 43:[], 44:[], 45:[], 46:[], 47:[], 48:[], 49:[], 50:[], 51:[], 52:[]",1559863968,1802976836
1277,2,427.6260,736722,10879495,86488570,7.9191,false,54,true,true,true,true,true,false,false,"0:[0, 1, 2, 3, 4, 5, 6, 7, 8, 9, 10, 11, 12, 13, 14, 15, 16, 17, 18, 19, 20, 21, 22, 23, 24, 25, 26, 27, 28, 29, 30, 31, 32, 33, 34, 35, 36, 37, 38, 39, 40, 41, 42, 43, 44, 45, 46, 47, 48, 49, 50, 51, 52, 53], 1:[], 2:[], 3:[], 4:[], 5:[], 6:[], 7:[], 8:[], 9:[], 10:[], 11:[], 12:[], 13:[], 14:[], 15:[], 16:[], 17:[], 18:[], 19:[], 20:[], 21:[], 22:[], 23:[], 24:[], 25:[], 26:[], 27:[], 28:[], 29:[], 30:[], 31:[], 32:[], 33:[], 34:[], 35:[], 36:[], 37:[], 38:[], 39:[], 40:[], 41:[], 42:[], 43:[], 44:[], 45:[], 46:[], 47:[], 48:[], 49:[], 50:[], 51:[], 52:[], 53:[]",1596878480,1856782419
1279,3,459.5181,740168,10930246,86891059,7.9147,false,53,true,true,true,true,true,false,false,"0:[0, 1, 2, 3, 4, 5, 6, 7, 8, 9, 10, 11, 12, 13, 14, 15, 16, 17, 18, 19, 20, 21, 22, 23, 24, 25, 26, 27, 28, 29, 30, 31, 32, 33, 34, 35, 36, 37, 38, 39, 40, 41, 42, 43, 44, 45, 46, 47, 48, 49, 50, 51, 52], 1:[], 2:[], 3:[], 4:[], 5:[], 6:[], 7:[], 8:[], 9:[], 10:[], 11:[], 12:[], 13:[], 14:[], 15:[], 16:[], 17:[], 18:[], 19:[], 20:[], 21:[], 22:[], 23:[], 24:[], 25:[], 26:[], 27:[], 28:[], 29:[], 30:[], 31:[], 32:[], 33:[], 34:[], 35:[], 36:[], 37:[], 38:[], 39:[], 40:[], 41:[], 42:[], 43:[], 44:[], 45:[], 46:[], 47:[], 48:[], 49:[], 50:[], 51:[], 52:[]",1601021264,1862791854
1283,2,416.7883,747090,11033078,87710740,8.1790,false,53,true,true,true,true,true,false,false,"0:[0, 1, 2, 3, 4, 5, 6, 7, 8, 9, 10, 11, 12, 13, 14, 15, 16, 17, 18, 19, 20, 21, 22, 23, 24, 25, 26, 27, 28, 29, 30, 31, 32, 33, 34, 35, 36, 37, 38, 39, 40, 41, 42, 43, 44, 45, 46, 47, 48, 49, 50, 51, 52], 1:[], 2:[], 3:[], 4:[], 5:[], 6:[], 7:[], 8:[], 9:[], 10:[], 11:[], 12:[], 13:[], 14:[], 15:[], 16:[], 17:[], 18:[], 19:[], 20:[], 21:[], 22:[], 23:[], 24:[], 25:[], 26:[], 27:[], 28:[], 29:[], 30:[], 31:[], 32:[], 33:[], 34:[], 35:[], 36:[], 37:[], 38:[], 39:[], 40:[], 41:[], 42:[], 43:[], 44:[], 45:[], 46:[], 47:[], 48:[], 49:[], 50:[], 51:[], 52:[]",1609413952,1874989934
1289,3,503.3387,757556,11188742,88951992,8.3032,false,54,true,true,true,true,true,false,false,"0:[0, 1, 2, 3, 4, 5, 6, 7, 8, 9, 10, 11, 12, 13, 14, 15, 16, 17, 18, 19, 20, 21, 22, 23, 24, 25, 26, 27, 28, 29, 30, 31, 32, 33, 34, 35, 36, 37, 38, 39, 40, 41, 42, 43, 44, 45, 46, 47, 48, 49, 50, 51, 52, 53], 1:[], 2:[], 3:[], 4:[], 5:[], 6:[], 7:[], 8:[], 9:[], 10:[], 11:[], 12:[], 13:[], 14:[], 15:[], 16:[], 17:[], 18:[], 19:[], 20:[], 21:[], 22:[], 23:[], 24:[], 25:[], 26:[], 27:[], 28:[], 29:[], 30:[], 31:[], 32:[], 33:[], 34:[], 35:[], 36:[], 37:[], 38:[], 39:[], 40:[], 41:[], 42:[], 43:[], 44:[], 45:[], 46:[], 47:[], 48:[], 49:[], 50:[], 51:[], 52:[], 53:[]",1622118256,1893463342
1291,2,425.0064,761065,11240543,89363493,8.2774,false,54,true,true,true,true,true,false,false,"0:[0, 1, 2, 3, 4, 5, 6, 7, 8, 9, 10, 11, 12, 13, 14, 15, 16, 17, 18, 19, 20, 21, 22, 23, 24, 25, 26, 27, 28, 29, 30, 31, 32, 33, 34, 35, 36, 37, 38, 39, 40, 41, 42, 43, 44, 45, 46, 47, 48, 49, 50, 51, 52, 53], 1:[], 2:[], 3:[], 4:[], 5:[], 6:[], 7:[], 8:[], 9:[], 10:[], 11:[], 12:[], 13:[], 14:[], 15:[], 16:[], 17:[], 18:[], 19:[], 20:[], 21:[], 22:[], 23:[], 24:[], 25:[], 26:[], 27:[], 28:[], 29:[], 30:[], 31:[], 32:[], 33:[], 34:[], 35:[], 36:[], 37:[], 38:[], 39:[], 40:[], 41:[], 42:[], 43:[], 44:[], 45:[], 46:[], 47:[], 48:[], 49:[], 50:[], 51:[], 52:[], 53:[]",1626346552,1899598163
1297,5,520.6970,771660,11398176,90620722,8.4010,false,54,true,true,true,true,true,false,false,"0:[0, 1, 2, 3, 4, 5, 6, 7, 8, 9, 10, 11, 12, 13, 14, 15, 16, 17, 18, 19, 20, 21, 22, 23, 24, 25, 26, 27, 28, 29, 30, 31, 32, 33, 34, 35, 36, 37, 38, 39, 40, 41, 42, 43, 44, 45, 46, 47, 48, 49, 50, 51, 52, 53], 1:[], 2:[], 3:[], 4:[], 5:[], 6:[], 7:[], 8:[], 9:[], 10:[], 11:[], 12:[], 13:[], 14:[], 15:[], 16:[], 17:[], 18:[], 19:[], 20:[], 21:[], 22:[], 23:[], 24:[], 25:[], 26:[], 27:[], 28:[], 29:[], 30:[], 31:[], 32:[], 33:[], 34:[], 35:[], 36:[], 37:[], 38:[], 39:[], 40:[], 41:[], 42:[], 43:[], 44:[], 45:[], 46:[], 47:[], 48:[], 49:[], 50:[], 51:[], 52:[], 53:[]",1639211472,1918306128
1301,2,444.9659,778778,11503816,91462130,8.4873,false,54,true,true,true,true,true,false,false,"0:[0, 1, 2, 3, 4, 5, 6, 7, 8, 9, 10, 11, 12, 13, 14, 15, 16, 17, 18, 19, 20, 21, 22, 23, 24, 25, 26, 27, 28, 29, 30, 31, 32, 33, 34, 35, 36, 37, 38, 39, 40, 41, 42, 43, 44, 45, 46, 47, 48, 49, 50, 51, 52, 53], 1:[], 2:[], 3:[], 4:[], 5:[], 6:[], 7:[], 8:[], 9:[], 10:[], 11:[], 12:[], 13:[], 14:[], 15:[], 16:[], 17:[], 18:[], 19:[], 20:[], 21:[], 22:[], 23:[], 24:[], 25:[], 26:[], 27:[], 28:[], 29:[], 30:[], 31:[], 32:[], 33:[], 34:[], 35:[], 36:[], 37:[], 38:[], 39:[], 40:[], 41:[], 42:[], 43:[], 44:[], 45:[], 46:[], 47:[], 48:[], 49:[], 50:[], 51:[], 52:[], 53:[]",1647833504,1930836104
1303,3,588.2039,782353,11556607,91881626,8.6598,false,55,true,true,true,true,true,false,false,"0:[0, 1, 2, 3, 4, 5, 6, 7, 8, 9, 10, 11, 12, 13, 14, 15, 16, 17, 18, 19, 20, 21, 22, 23, 24, 25, 26, 27, 28, 29, 30, 31, 32, 33, 34, 35, 36, 37, 38, 39, 40, 41, 42, 43, 44, 45, 46, 47, 48, 49, 50, 51, 52, 53, 54], 1:[], 2:[], 3:[], 4:[], 5:[], 6:[], 7:[], 8:[], 9:[], 10:[], 11:[], 12:[], 13:[], 14:[], 15:[], 16:[], 17:[], 18:[], 19:[], 20:[], 21:[], 22:[], 23:[], 24:[], 25:[], 26:[], 27:[], 28:[], 29:[], 30:[], 31:[], 32:[], 33:[], 34:[], 35:[], 36:[], 37:[], 38:[], 39:[], 40:[], 41:[], 42:[], 43:[], 44:[], 45:[], 46:[], 47:[], 48:[], 49:[], 50:[], 51:[], 52:[], 53:[], 54:[]",1652142584,1937088435
1307,2,447.4716,789536,11663242,92731116,8.6777,false,54,true,true,true,true,true,false,false,"0:[0, 1, 2, 3, 4, 5, 6, 7, 8, 9, 10, 11, 12, 13, 14, 15, 16, 17, 18, 19, 20, 21, 22, 23, 24, 25, 26, 27, 28, 29, 30, 31, 32, 33, 34, 35, 36, 37, 38, 39, 40, 41, 42, 43, 44, 45, 46, 47, 48, 49, 50, 51, 52, 53], 1:[], 2:[], 3:[], 4:[], 5:[], 6:[], 7:[], 8:[], 9:[], 10:[], 11:[], 12:[], 13:[], 14:[], 15:[], 16:[], 17:[], 18:[], 19:[], 20:[], 21:[], 22:[], 23:[], 24:[], 25:[], 26:[], 27:[], 28:[], 29:[], 30:[], 31:[], 32:[], 33:[], 34:[], 35:[], 36:[], 37:[], 38:[], 39:[], 40:[], 41:[], 42:[], 43:[], 44:[], 45:[], 46:[], 47:[], 48:[], 49:[], 50:[], 51:[], 52:[], 53:[]",1660845776,1949736674
1319,13,507.4195,811350,11987077,95310842,8.9365,false,54,true,true,true,true,true,false,false,"0:[0, 1, 2, 3, 4, 5, 6, 7, 8, 9, 10, 11, 12, 13, 14, 15, 16, 17, 18, 19, 20, 21, 22, 23, 24, 25, 26, 27, 28, 29, 30, 31, 32, 33, 34, 35, 36, 37, 38, 39, 40, 41, 42, 43, 44, 45, 46, 47, 48, 49, 50, 51, 52, 53], 1:[], 2:[], 3:[], 4:[], 5:[], 6:[], 7:[], 8:[], 9:[], 10:[], 11:[], 12:[], 13:[], 14:[], 15:[], 16:[], 17:[], 18:[], 19:[], 20:[], 21:[], 22:[], 23:[], 24:[], 25:[], 26:[], 27:[], 28:[], 29:[], 30:[], 31:[], 32:[], 33:[], 34:[], 35:[], 36:[], 37:[], 38:[], 39:[], 40:[], 41:[], 42:[], 43:[], 44:[], 45:[], 46:[], 47:[], 48:[], 49:[], 50:[], 51:[], 52:[], 53:[]",1687276112,1988147337
1321,7,552.2737,815023,12042002,95749999,9.0129,false,56,true,true,true,true,true,false,false,"0:[0, 1, 2, 3, 4, 5, 6, 7, 8, 9, 10, 11, 12, 13, 14, 15, 16, 17, 18, 19, 20, 21, 22, 23, 24, 25, 26, 27, 28, 29, 30, 31, 32, 33, 34, 35, 36, 37, 38, 39, 40, 41, 42, 43, 44, 45, 46, 47, 48, 49, 50, 51, 52, 53, 54, 55], 1:[], 2:[], 3:[], 4:[], 5:[], 6:[], 7:[], 8:[], 9:[], 10:[], 11:[], 12:[], 13:[], 14:[], 15:[], 16:[], 17:[], 18:[], 19:[], 20:[], 21:[], 22:[], 23:[], 24:[], 25:[], 26:[], 27:[], 28:[], 29:[], 30:[], 31:[], 32:[], 33:[], 34:[], 35:[], 36:[], 37:[], 38:[], 39:[], 40:[], 41:[], 42:[], 43:[], 44:[], 45:[], 46:[], 47:[], 48:[], 49:[], 50:[], 51:[], 52:[], 53:[], 54:[], 55:[]",1691758264,1994673170
1327,3,517.3666,826112,12206368,97058466,9.9035,false,56,true,true,true,true,true,false,false,"0:[0, 1, 2, 3, 4, 5, 6, 7, 8, 9, 10, 11, 12, 13, 14, 15, 16, 17, 18, 19, 20, 21, 22, 23, 24, 25, 26, 27, 28, 29, 30, 31, 32, 33, 34, 35, 36, 37, 38, 39, 40, 41, 42, 43, 44, 45, 46, 47, 48, 49, 50, 51, 52, 53, 54, 55], 1:[], 2:[], 3:[], 4:[], 5:[], 6:[], 7:[], 8:[], 9:[], 10:[], 11:[], 12:[], 13:[], 14:[], 15:[], 16:[], 17:[], 18:[], 19:[], 20:[], 21:[], 22:[], 23:[], 24:[], 25:[], 26:[], 27:[], 28:[], 29:[], 30:[], 31:[], 32:[], 33:[], 34:[], 35:[], 36:[], 37:[], 38:[], 39:[], 40:[], 41:[], 42:[], 43:[], 44:[], 45:[], 46:[], 47:[], 48:[], 49:[], 50:[], 51:[], 52:[], 53:[], 54:[], 55:[]",1705173680,2014159760
1361,3,733.0072,890853,13168226,104723914,10.0490,false,57,true,true,true,true,true,false,false,"0:[0, 1, 2, 3, 4, 5, 6, 7, 8, 9, 10, 11, 12, 13, 14, 15, 16, 17, 18, 19, 20, 21, 22, 23, 24, 25, 26, 27, 28, 29, 30, 31, 32, 33, 34, 35, 36, 37, 38, 39, 40, 41, 42, 43, 44, 45, 46, 47, 48, 49, 50, 51, 52, 53, 54, 55, 56], 1:[], 2:[], 3:[], 4:[], 5:[], 6:[], 7:[], 8:[], 9:[], 10:[], 11:[], 12:[], 13:[], 14:[], 15:[], 16:[], 17:[], 18:[], 19:[], 20:[], 21:[], 22:[], 23:[], 24:[], 25:[], 26:[], 27:[], 28:[], 29:[], 30:[], 31:[], 32:[], 33:[], 34:[], 35:[], 36:[], 37:[], 38:[], 39:[], 40:[], 41:[], 42:[], 43:[], 44:[], 45:[], 46:[], 47:[], 48:[], 49:[], 50:[], 51:[], 52:[], 53:[], 54:[], 55:[], 56:[]",1783676104,2128260050
1367,5,584.1440,902618,13342694,106113155,9.8510,false,57,true,true,true,true,true,false,false,"0:[0, 1, 2, 3, 4, 5, 6, 7, 8, 9, 10, 11, 12, 13, 14, 15, 16, 17, 18, 19, 20, 21, 22, 23, 24, 25, 26, 27, 28, 29, 30, 31, 32, 33, 34, 35, 36, 37, 38, 39, 40, 41, 42, 43, 44, 45, 46, 47, 48, 49, 50, 51, 52, 53, 54, 55, 56], 1:[], 2:[], 3:[], 4:[], 5:[], 6:[], 7:[], 8:[], 9:[], 10:[], 11:[], 12:[], 13:[], 14:[], 15:[], 16:[], 17:[], 18:[], 19:[], 20:[], 21:[], 22:[], 23:[], 24:[], 25:[], 26:[], 27:[], 28:[], 29:[], 30:[], 31:[], 32:[], 33:[], 34:[], 35:[], 36:[], 37:[], 38:[], 39:[], 40:[], 41:[], 42:[], 43:[], 44:[], 45:[], 46:[], 47:[], 48:[], 49:[], 50:[], 51:[], 52:[], 53:[], 54:[], 55:[], 56:[]",1797915904,2148944798
1373,2,644.5718,914486,13519351,107522356,10.1886,false,58,true,true,true,true,true,false,false,"0:[0, 1, 2, 3, 4, 5, 6, 7, 8, 9, 10, 11, 12, 13, 14, 15, 16, 17, 18, 19, 20, 21, 22, 23, 24, 25, 26, 27, 28, 29, 30, 31, 32, 33, 34, 35, 36, 37, 38, 39, 40, 41, 42, 43, 44, 45, 46, 47, 48, 49, 50, 51, 52, 53, 54, 55, 56, 57], 1:[], 2:[], 3:[], 4:[], 5:[], 6:[], 7:[], 8:[], 9:[], 10:[], 11:[], 12:[], 13:[], 14:[], 15:[], 16:[], 17:[], 18:[], 19:[], 20:[], 21:[], 22:[], 23:[], 24:[], 25:[], 26:[], 27:[], 28:[], 29:[], 30:[], 31:[], 32:[], 33:[], 34:[], 35:[], 36:[], 37:[], 38:[], 39:[], 40:[], 41:[], 42:[], 43:[], 44:[], 45:[], 46:[], 47:[], 48:[], 49:[], 50:[], 51:[], 52:[], 53:[], 54:[], 55:[], 56:[], 57:[]",1812333296,2169909731
1381,2,655.7171,930471,13756800,109414410,10.5104,false,57,true,true,true,true,true,false,false,"0:[0, 1, 2, 3, 4, 5, 6, 7, 8, 9, 10, 11, 12, 13, 14, 15, 16, 17, 18, 19, 20, 21, 22, 23, 24, 25, 26, 27, 28, 29, 30, 31, 32, 33, 34, 35, 36, 37, 38, 39, 40, 41, 42, 43, 44, 45, 46, 47, 48, 49, 50, 51, 52, 53, 54, 55, 56], 1:[], 2:[], 3:[], 4:[], 5:[], 6:[], 7:[], 8:[], 9:[], 10:[], 11:[], 12:[], 13:[], 14:[], 15:[], 16:[], 17:[], 18:[], 19:[], 20:[], 21:[], 22:[], 23:[], 24:[], 25:[], 26:[], 27:[], 28:[], 29:[], 30:[], 31:[], 32:[], 33:[], 34:[], 35:[], 36:[], 37:[], 38:[], 39:[], 40:[], 41:[], 42:[], 43:[], 44:[], 45:[], 46:[], 47:[], 48:[], 49:[], 50:[], 51:[], 52:[], 53:[], 54:[], 55:[], 56:[]",1861072984,2227434360
1399,3,729.7420,967117,14300893,113749034,10.8953,false,58,true,true,true,true,true,false,false,"0:[0, 1, 2, 3, 4, 5, 6, 7, 8, 9, 10, 11, 12, 13, 14, 15, 16, 17, 18, 19, 20, 21, 22, 23, 24, 25, 26, 27, 28, 29, 30, 31, 32, 33, 34, 35, 36, 37, 38, 39, 40, 41, 42, 43, 44, 45, 46, 47, 48, 49, 50, 51, 52, 53, 54, 55, 56, 57], 1:[], 2:[], 3:[], 4:[], 5:[], 6:[], 7:[], 8:[], 9:[], 10:[], 11:[], 12:[], 13:[], 14:[], 15:[], 16:[], 17:[], 18:[], 19:[], 20:[], 21:[], 22:[], 23:[], 24:[], 25:[], 26:[], 27:[], 28:[], 29:[], 30:[], 31:[], 32:[], 33:[], 34:[], 35:[], 36:[], 37:[], 38:[], 39:[], 40:[], 41:[], 42:[], 43:[], 44:[], 45:[], 46:[], 47:[], 48:[], 49:[], 50:[], 51:[], 52:[], 53:[], 54:[], 55:[], 56:[], 57:[]",1905479928,2291961001
1409,3,680.4637,987885,14609809,116212204,10.9003,false,59,true,true,true,true,true,false,false,"0:[0, 1, 2, 3, 4, 5, 6, 7, 8, 9, 10, 11, 12, 13, 14, 15, 16, 17, 18, 19, 20, 21, 22, 23, 24, 25, 26, 27, 28, 29, 30, 31, 32, 33, 34, 35, 36, 37, 38, 39, 40, 41, 42, 43, 44, 45, 46, 47, 48, 49, 50, 51, 52, 53, 54, 55, 56, 57, 58], 1:[], 2:[], 3:[], 4:[], 5:[], 6:[], 7:[], 8:[], 9:[], 10:[], 11:[], 12:[], 13:[], 14:[], 15:[], 16:[], 17:[], 18:[], 19:[], 20:[], 21:[], 22:[], 23:[], 24:[], 25:[], 26:[], 27:[], 28:[], 29:[], 30:[], 31:[], 32:[], 33:[], 34:[], 35:[], 36:[], 37:[], 38:[], 39:[], 40:[], 41:[], 42:[], 43:[], 44:[], 45:[], 46:[], 47:[], 48:[], 49:[], 50:[], 51:[], 52:[], 53:[], 54:[], 55:[], 56:[], 57:[], 58:[]",2517894200,2328613165
1423,3,645.2412,1017456,15048913,119710589,11.7050,false,60,true,true,true,true,true,false,false,"0:[0, 1, 2, 3, 4, 5, 6, 7, 8, 9, 10, 11, 12, 13, 14, 15, 16, 17, 18, 19, 20, 21, 22, 23, 24, 25, 26, 27, 28, 29, 30, 31, 32, 33, 34, 35, 36, 37, 38, 39, 40, 41, 42, 43, 44, 45, 46, 47, 48, 49, 50, 51, 52, 53, 54, 55, 56, 57, 58, 59], 1:[], 2:[], 3:[], 4:[], 5:[], 6:[], 7:[], 8:[], 9:[], 10:[], 11:[], 12:[], 13:[], 14:[], 15:[], 16:[], 17:[], 18:[], 19:[], 20:[], 21:[], 22:[], 23:[], 24:[], 25:[], 26:[], 27:[], 28:[], 29:[], 30:[], 31:[], 32:[], 33:[], 34:[], 35:[], 36:[], 37:[], 38:[], 39:[], 40:[], 41:[], 42:[], 43:[], 44:[], 45:[], 46:[], 47:[], 48:[], 49:[], 50:[], 51:[], 52:[], 53:[], 54:[], 55:[], 56:[], 57:[], 58:[], 59:[]",2553732224,2380686997
1427,2,579.4013,1026012,15176059,120723955,11.8819,false,59,true,true,true,true,true,false,false,"0:[0, 1, 2, 3, 4, 5, 6, 7, 8, 9, 10, 11, 12, 13, 14, 15, 16, 17, 18, 19, 20, 21, 22, 23, 24, 25, 26, 27, 28, 29, 30, 31, 32, 33, 34, 35, 36, 37, 38, 39, 40, 41, 42, 43, 44, 45, 46, 47, 48, 49, 50, 51, 52, 53, 54, 55, 56, 57, 58], 1:[], 2:[], 3:[], 4:[], 5:[], 6:[], 7:[], 8:[], 9:[], 10:[], 11:[], 12:[], 13:[], 14:[], 15:[], 16:[], 17:[], 18:[], 19:[], 20:[], 21:[], 22:[], 23:[], 24:[], 25:[], 26:[], 27:[], 28:[], 29:[], 30:[], 31:[], 32:[], 33:[], 34:[], 35:[], 36:[], 37:[], 38:[], 39:[], 40:[], 41:[], 42:[], 43:[], 44:[], 45:[], 46:[], 47:[], 48:[], 49:[], 50:[], 51:[], 52:[], 53:[], 54:[], 55:[], 56:[], 57:[], 58:[]",2564109248,2395767911
1429,2,627.9246,1030309,15240242,121236749,14.9984,false,59,true,true,true,true,true,false,false,"0:[0, 1, 2, 3, 4, 5, 6, 7, 8, 9, 10, 11, 12, 13, 14, 15, 16, 17, 18, 19, 20, 21, 22, 23, 24, 25, 26, 27, 28, 29, 30, 31, 32, 33, 34, 35, 36, 37, 38, 39, 40, 41, 42, 43, 44, 45, 46, 47, 48, 49, 50, 51, 52, 53, 54, 55, 56, 57, 58], 1:[], 2:[], 3:[], 4:[], 5:[], 6:[], 7:[], 8:[], 9:[], 10:[], 11:[], 12:[], 13:[], 14:[], 15:[], 16:[], 17:[], 18:[], 19:[], 20:[], 21:[], 22:[], 23:[], 24:[], 25:[], 26:[], 27:[], 28:[], 29:[], 30:[], 31:[], 32:[], 33:[], 34:[], 35:[], 36:[], 37:[], 38:[], 39:[], 40:[], 41:[], 42:[], 43:[], 44:[], 45:[], 46:[], 47:[], 48:[], 49:[], 50:[], 51:[], 52:[], 53:[], 54:[], 55:[], 56:[], 57:[], 58:[]",2569347016,2403391746
1433,3,787.8200,1038936,15368468,122258820,12.1043,false,59,true,true,true,true,true,false,false,"0:[0, 1, 2, 3, 4, 5, 6, 7, 8, 9, 10, 11, 12, 13, 14, 15, 16, 17, 18, 19, 20, 21, 22, 23, 24, 25, 26, 27, 28, 29, 30, 31, 32, 33, 34, 35, 36, 37, 38, 39, 40, 41, 42, 43, 44, 45, 46, 47, 48, 49, 50, 51, 52, 53, 54, 55, 56, 57, 58], 1:[], 2:[], 3:[], 4:[], 5:[], 6:[], 7:[], 8:[], 9:[], 10:[], 11:[], 12:[], 13:[], 14:[], 15:[], 16:[], 17:[], 18:[], 19:[], 20:[], 21:[], 22:[], 23:[], 24:[], 25:[], 26:[], 27:[], 28:[], 29:[], 30:[], 31:[], 32:[], 33:[], 34:[], 35:[], 36:[], 37:[], 38:[], 39:[], 40:[], 41:[], 42:[], 43:[], 44:[], 45:[], 46:[], 47:[], 48:[], 49:[], 50:[], 51:[], 52:[], 53:[], 54:[], 55:[], 56:[], 57:[], 58:[]",2579812144,2418601236
1439,7,741.4137,1051969,15561780,123798070,12.4010,false,59,true,true,true,true,true,false,false,"0:[0, 1, 2, 3, 4, 5, 6, 7, 8, 9, 10, 11, 12, 13, 14, 15, 16, 17, 18, 19, 20, 21, 22, 23, 24, 25, 26, 27, 28, 29, 30, 31, 32, 33, 34, 35, 36, 37, 38, 39, 40, 41, 42, 43, 44, 45, 46, 47, 48, 49, 50, 51, 52, 53, 54, 55, 56, 57, 58], 1:[], 2:[], 3:[], 4:[], 5:[], 6:[], 7:[], 8:[], 9:[], 10:[], 11:[], 12:[], 13:[], 14:[], 15:[], 16:[], 17:[], 18:[], 19:[], 20:[], 21:[], 22:[], 23:[], 24:[], 25:[], 26:[], 27:[], 28:[], 29:[], 30:[], 31:[], 32:[], 33:[], 34:[], 35:[], 36:[], 37:[], 38:[], 39:[], 40:[], 41:[], 42:[], 43:[], 44:[], 45:[], 46:[], 47:[], 48:[], 49:[], 50:[], 51:[], 52:[], 53:[], 54:[], 55:[], 56:[], 57:[], 58:[]",2595589896,2441519500
1447,3,730.1144,1069513,15822509,125875971,12.8666,false,61,true,true,true,true,true,false,false,"0:[0, 1, 2, 3, 4, 5, 6, 7, 8, 9, 10, 11, 12, 13, 14, 15, 16, 17, 18, 19, 20, 21, 22, 23, 24, 25, 26, 27, 28, 29, 30, 31, 32, 33, 34, 35, 36, 37, 38, 39, 40, 41, 42, 43, 44, 45, 46, 47, 48, 49, 50, 51, 52, 53, 54, 55, 56, 57, 58, 59, 60], 1:[], 2:[], 3:[], 4:[], 5:[], 6:[], 7:[], 8:[], 9:[], 10:[], 11:[], 12:[], 13:[], 14:[], 15:[], 16:[], 17:[], 18:[], 19:[], 20:[], 21:[], 22:[], 23:[], 24:[], 25:[], 26:[], 27:[], 28:[], 29:[], 30:[], 31:[], 32:[], 33:[], 34:[], 35:[], 36:[], 37:[], 38:[], 39:[], 40:[], 41:[], 42:[], 43:[], 44:[], 45:[], 46:[], 47:[], 48:[], 49:[], 50:[], 51:[], 52:[], 53:[], 54:[], 55:[], 56:[], 57:[], 58:[], 59:[], 60:[]",2616869272,2472445625
1451,2,684.7942,1078358,15953985,126923963,22.5392,false,61,true,true,true,true,true,false,false,"0:[0, 1, 2, 3, 4, 5, 6, 7, 8, 9, 10, 11, 12, 13, 14, 15, 16, 17, 18, 19, 20, 21, 22, 23, 24, 25, 26, 27, 28, 29, 30, 31, 32, 33, 34, 35, 36, 37, 38, 39, 40, 41, 42, 43, 44, 45, 46, 47, 48, 49, 50, 51, 52, 53, 54, 55, 56, 57, 58, 59, 60], 1:[], 2:[], 3:[], 4:[], 5:[], 6:[], 7:[], 8:[], 9:[], 10:[], 11:[], 12:[], 13:[], 14:[], 15:[], 16:[], 17:[], 18:[], 19:[], 20:[], 21:[], 22:[], 23:[], 24:[], 25:[], 26:[], 27:[], 28:[], 29:[], 30:[], 31:[], 32:[], 33:[], 34:[], 35:[], 36:[], 37:[], 38:[], 39:[], 40:[], 41:[], 42:[], 43:[], 44:[], 45:[], 46:[], 47:[], 48:[], 49:[], 50:[], 51:[], 52:[], 53:[], 54:[], 55:[], 56:[], 57:[], 58:[], 59:[], 60:[]",2627599632,2488040309
1453,2,847.3872,1082799,16020406,127455202,12.7578,false,61,true,true,true,true,true,false,false,"0:[0, 1, 2, 3, 4, 5, 6, 7, 8, 9, 10, 11, 12, 13, 14, 15, 16, 17, 18, 19, 20, 21, 22, 23, 24, 25, 26, 27, 28, 29, 30, 31, 32, 33, 34, 35, 36, 37, 38, 39, 40, 41, 42, 43, 44, 45, 46, 47, 48, 49, 50, 51, 52, 53, 54, 55, 56, 57, 58, 59, 60], 1:[], 2:[], 3:[], 4:[], 5:[], 6:[], 7:[], 8:[], 9:[], 10:[], 11:[], 12:[], 13:[], 14:[], 15:[], 16:[], 17:[], 18:[], 19:[], 20:[], 21:[], 22:[], 23:[], 24:[], 25:[], 26:[], 27:[], 28:[], 29:[], 30:[], 31:[], 32:[], 33:[], 34:[], 35:[], 36:[], 37:[], 38:[], 39:[], 40:[], 41:[], 42:[], 43:[], 44:[], 45:[], 46:[], 47:[], 48:[], 49:[], 50:[], 51:[], 52:[], 53:[], 54:[], 55:[], 56:[], 57:[], 58:[], 59:[], 60:[]",2633019896,2495930694
1459,2,794.1383,1096195,16219129,129037554,13.7007,false,61,true,true,true,true,true,false,false,"0:[0, 1, 2, 3, 4, 5, 6, 7, 8, 9, 10, 11, 12, 13, 14, 15, 16, 17, 18, 19, 20, 21, 22, 23, 24, 25, 26, 27, 28, 29, 30, 31, 32, 33, 34, 35, 36, 37, 38, 39, 40, 41, 42, 43, 44, 45, 46, 47, 48, 49, 50, 51, 52, 53, 54, 55, 56, 57, 58, 59, 60], 1:[], 2:[], 3:[], 4:[], 5:[], 6:[], 7:[], 8:[], 9:[], 10:[], 11:[], 12:[], 13:[], 14:[], 15:[], 16:[], 17:[], 18:[], 19:[], 20:[], 21:[], 22:[], 23:[], 24:[], 25:[], 26:[], 27:[], 28:[], 29:[], 30:[], 31:[], 32:[], 33:[], 34:[], 35:[], 36:[], 37:[], 38:[], 39:[], 40:[], 41:[], 42:[], 43:[], 44:[], 45:[], 46:[], 47:[], 48:[], 49:[], 50:[], 51:[], 52:[], 53:[], 54:[], 55:[], 56:[], 57:[], 58:[], 59:[], 60:[]",2649239240,2519490245
1471,3,731.1998,1123316,16622296,132251289,14.5734,false,61,true,true,true,true,true,false,false,"0:[0, 1, 2, 3, 4, 5, 6, 7, 8, 9, 10, 11, 12, 13, 14, 15, 16, 17, 18, 19, 20, 21, 22, 23, 24, 25, 26, 27, 28, 29, 30, 31, 32, 33, 34, 35, 36, 37, 38, 39, 40, 41, 42, 43, 44, 45, 46, 47, 48, 49, 50, 51, 52, 53, 54, 55, 56, 57, 58, 59, 60], 1:[], 2:[], 3:[], 4:[], 5:[], 6:[], 7:[], 8:[], 9:[], 10:[], 11:[], 12:[], 13:[], 14:[], 15:[], 16:[], 17:[], 18:[], 19:[], 20:[], 21:[], 22:[], 23:[], 24:[], 25:[], 26:[], 27:[], 28:[], 29:[], 30:[], 31:[], 32:[], 33:[], 34:[], 35:[], 36:[], 37:[], 38:[], 39:[], 40:[], 41:[], 42:[], 43:[], 44:[], 45:[], 46:[], 47:[], 48:[], 49:[], 50:[], 51:[], 52:[], 53:[], 54:[], 55:[], 56:[], 57:[], 58:[], 59:[], 60:[]",2682143504,2567311944
1481,3,772.6102,1146256,16963657,134973639,13.4178,false,62,true,true,true,true,true,false,false,"0:[0, 1, 2, 3, 4, 5, 6, 7, 8, 9, 10, 11, 12, 13, 14, 15, 16, 17, 18, 19, 20, 21, 22, 23, 24, 25, 26, 27, 28, 29, 30, 31, 32, 33, 34, 35, 36, 37, 38, 39, 40, 41, 42, 43, 44, 45, 46, 47, 48, 49, 50, 51, 52, 53, 54, 55, 56, 57, 58, 59, 60, 61], 1:[], 2:[], 3:[], 4:[], 5:[], 6:[], 7:[], 8:[], 9:[], 10:[], 11:[], 12:[], 13:[], 14:[], 15:[], 16:[], 17:[], 18:[], 19:[], 20:[], 21:[], 22:[], 23:[], 24:[], 25:[], 26:[], 27:[], 28:[], 29:[], 30:[], 31:[], 32:[], 33:[], 34:[], 35:[], 36:[], 37:[], 38:[], 39:[], 40:[], 41:[], 42:[], 43:[], 44:[], 45:[], 46:[], 47:[], 48:[], 49:[], 50:[], 51:[], 52:[], 53:[], 54:[], 55:[], 56:[], 57:[], 58:[], 59:[], 60:[], 61:[]",2802277632,2876248525
1483,2,657.1646,1150881,17032032,135517127,14.1811,false,61,true,true,true,true,true,false,false,"0:[0, 1, 2, 3, 4, 5, 6, 7, 8, 9, 10, 11, 12, 13, 14, 15, 16, 17, 18, 19, 20, 21, 22, 23, 24, 25, 26, 27, 28, 29, 30, 31, 32, 33, 34, 35, 36, 37, 38, 39, 40, 41, 42, 43, 44, 45, 46, 47, 48, 49, 50, 51, 52, 53, 54, 55, 56, 57, 58, 59, 60], 1:[], 2:[], 3:[], 4:[], 5:[], 6:[], 7:[], 8:[], 9:[], 10:[], 11:[], 12:[], 13:[], 14:[], 15:[], 16:[], 17:[], 18:[], 19:[], 20:[], 21:[], 22:[], 23:[], 24:[], 25:[], 26:[], 27:[], 28:[], 29:[], 30:[], 31:[], 32:[], 33:[], 34:[], 35:[], 36:[], 37:[], 38:[], 39:[], 40:[], 41:[], 42:[], 43:[], 44:[], 45:[], 46:[], 47:[], 48:[], 49:[], 50:[], 51:[], 52:[], 53:[], 54:[], 55:[], 56:[], 57:[], 58:[], 59:[], 60:[]",2807858632,2884347080
1487,5,894.4561,1160169,17170087,136617452,13.2299,false,62,true,true,true,true,true,false,false,"0:[0, 1, 2, 3, 4, 5, 6, 7, 8, 9, 10, 11, 12, 13, 14, 15, 16, 17, 18, 19, 20, 21, 22, 23, 24, 25, 26, 27, 28, 29, 30, 31, 32, 33, 34, 35, 36, 37, 38, 39, 40, 41, 42, 43, 44, 45, 46, 47, 48, 49, 50, 51, 52, 53, 54, 55, 56, 57, 58, 59, 60, 61], 1:[], 2:[], 3:[], 4:[], 5:[], 6:[], 7:[], 8:[], 9:[], 10:[], 11:[], 12:[], 13:[], 14:[], 15:[], 16:[], 17:[], 18:[], 19:[], 20:[], 21:[], 22:[], 23:[], 24:[], 25:[], 26:[], 27:[], 28:[], 29:[], 30:[], 31:[], 32:[], 33:[], 34:[], 35:[], 36:[], 37:[], 38:[], 39:[], 40:[], 41:[], 42:[], 43:[], 44:[], 45:[], 46:[], 47:[], 48:[], 49:[], 50:[], 51:[], 52:[], 53:[], 54:[], 55:[], 56:[], 57:[], 58:[], 59:[], 60:[], 61:[]",2819125944,2900721979
1489,7,804.1499,1164832,17239757,137174156,13.2813,false,63,true,true,true,true,true,false,false,"0:[0, 1, 2, 3, 4, 5, 6, 7, 8, 9, 10, 11, 12, 13, 14, 15, 16, 17, 18, 19, 20, 21, 22, 23, 24, 25, 26, 27, 28, 29, 30, 31, 32, 33, 34, 35, 36, 37, 38, 39, 40, 41, 42, 43, 44, 45, 46, 47, 48, 49, 50, 51, 52, 53, 54, 55, 56, 57, 58, 59, 60, 61, 62], 1:[], 2:[], 3:[], 4:[], 5:[], 6:[], 7:[], 8:[], 9:[], 10:[], 11:[], 12:[], 13:[], 14:[], 15:[], 16:[], 17:[], 18:[], 19:[], 20:[], 21:[], 22:[], 23:[], 24:[], 25:[], 26:[], 27:[], 28:[], 29:[], 30:[], 31:[], 32:[], 33:[], 34:[], 35:[], 36:[], 37:[], 38:[], 39:[], 40:[], 41:[], 42:[], 43:[], 44:[], 45:[], 46:[], 47:[], 48:[], 49:[], 50:[], 51:[], 52:[], 53:[], 54:[], 55:[], 56:[], 57:[], 58:[], 59:[], 60:[], 61:[], 62:[]",2824811456,2908997121
1493,2,690.0279,1174194,17379019,138284758,13.4941,false,63,true,true,true,true,true,false,false,"0:[0, 1, 2, 3, 4, 5, 6, 7, 8, 9, 10, 11, 12, 13, 14, 15, 16, 17, 18, 19, 20, 21, 22, 23, 24, 25, 26, 27, 28, 29, 30, 31, 32, 33, 34, 35, 36, 37, 38, 39, 40, 41, 42, 43, 44, 45, 46, 47, 48, 49, 50, 51, 52, 53, 54, 55, 56, 57, 58, 59, 60, 61, 62], 1:[], 2:[], 3:[], 4:[], 5:[], 6:[], 7:[], 8:[], 9:[], 10:[], 11:[], 12:[], 13:[], 14:[], 15:[], 16:[], 17:[], 18:[], 19:[], 20:[], 21:[], 22:[], 23:[], 24:[], 25:[], 26:[], 27:[], 28:[], 29:[], 30:[], 31:[], 32:[], 33:[], 34:[], 35:[], 36:[], 37:[], 38:[], 39:[], 40:[], 41:[], 42:[], 43:[], 44:[], 45:[], 46:[], 47:[], 48:[], 49:[], 50:[], 51:[], 52:[], 53:[], 54:[], 55:[], 56:[], 57:[], 58:[], 59:[], 60:[], 61:[], 62:[]",2836177104,2925516391
1499,2,670.2191,1188332,17588775,139954958,13.6686,false,63,true,true,true,true,true,false,false,"0:[0, 1, 2, 3, 4, 5, 6, 7, 8, 9, 10, 11, 12, 13, 14, 15, 16, 17, 18, 19, 20, 21, 22, 23, 24, 25, 26, 27, 28, 29, 30, 31, 32, 33, 34, 35, 36, 37, 38, 39, 40, 41, 42, 43, 44, 45, 46, 47, 48, 49, 50, 51, 52, 53, 54, 55, 56, 57, 58, 59, 60, 61, 62], 1:[], 2:[], 3:[], 4:[], 5:[], 6:[], 7:[], 8:[], 9:[], 10:[], 11:[], 12:[], 13:[], 14:[], 15:[], 16:[], 17:[], 18:[], 19:[], 20:[], 21:[], 22:[], 23:[], 24:[], 25:[], 26:[], 27:[], 28:[], 29:[], 30:[], 31:[], 32:[], 33:[], 34:[], 35:[], 36:[], 37:[], 38:[], 39:[], 40:[], 41:[], 42:[], 43:[], 44:[], 45:[], 46:[], 47:[], 48:[], 49:[], 50:[], 51:[], 52:[], 53:[], 54:[], 55:[], 56:[], 57:[], 58:[], 59:[], 60:[], 61:[], 62:[]",2853296896,2950384067
1511,11,926.1297,1216946,18014200,143346228,13.9095,false,62,true,true,true,true,true,false,false,"0:[0, 1, 2, 3, 4, 5, 6, 7, 8, 9, 10, 11, 12, 13, 14, 15, 16, 17, 18, 19, 20, 21, 22, 23, 24, 25, 26, 27, 28, 29, 30, 31, 32, 33, 34, 35, 36, 37, 38, 39, 40, 41, 42, 43, 44, 45, 46, 47, 48, 49, 50, 51, 52, 53, 54, 55, 56, 57, 58, 59, 60, 61], 1:[], 2:[], 3:[], 4:[], 5:[], 6:[], 7:[], 8:[], 9:[], 10:[], 11:[], 12:[], 13:[], 14:[], 15:[], 16:[], 17:[], 18:[], 19:[], 20:[], 21:[], 22:[], 23:[], 24:[], 25:[], 26:[], 27:[], 28:[], 29:[], 30:[], 31:[], 32:[], 33:[], 34:[], 35:[], 36:[], 37:[], 38:[], 39:[], 40:[], 41:[], 42:[], 43:[], 44:[], 45:[], 46:[], 47:[], 48:[], 49:[], 50:[], 51:[], 52:[], 53:[], 54:[], 55:[], 56:[], 57:[], 58:[], 59:[], 60:[], 61:[]",2888017632,3000844728
1523,2,714.7812,1246016,18446506,146792879,14.4760,false,63,true,true,true,true,true,false,false,"0:[0, 1, 2, 3, 4, 5, 6, 7, 8, 9, 10, 11, 12, 13, 14, 15, 16, 17, 18, 19, 20, 21, 22, 23, 24, 25, 26, 27, 28, 29, 30, 31, 32, 33, 34, 35, 36, 37, 38, 39, 40, 41, 42, 43, 44, 45, 46, 47, 48, 49, 50, 51, 52, 53, 54, 55, 56, 57, 58, 59, 60, 61, 62], 1:[], 2:[], 3:[], 4:[], 5:[], 6:[], 7:[], 8:[], 9:[], 10:[], 11:[], 12:[], 13:[], 14:[], 15:[], 16:[], 17:[], 18:[], 19:[], 20:[], 21:[], 22:[], 23:[], 24:[], 25:[], 26:[], 27:[], 28:[], 29:[], 30:[], 31:[], 32:[], 33:[], 34:[], 35:[], 36:[], 37:[], 38:[], 39:[], 40:[], 41:[], 42:[], 43:[], 44:[], 45:[], 46:[], 47:[], 48:[], 49:[], 50:[], 51:[], 52:[], 53:[], 54:[], 55:[], 56:[], 57:[], 58:[], 59:[], 60:[], 61:[], 62:[]",2923299792,3052122978
1531,2,732.8161,1265651,18738461,149120215,14.7111,false,64,true,true,true,true,true,false,false,"0:[0, 1, 2, 3, 4, 5, 6, 7, 8, 9, 10, 11, 12, 13, 14, 15, 16, 17, 18, 19, 20, 21, 22, 23, 24, 25, 26, 27, 28, 29, 30, 31, 32, 33, 34, 35, 36, 37, 38, 39, 40, 41, 42, 43, 44, 45, 46, 47, 48, 49, 50, 51, 52, 53, 54, 55, 56, 57, 58, 59, 60, 61, 62, 63], 1:[], 2:[], 3:[], 4:[], 5:[], 6:[], 7:[], 8:[], 9:[], 10:[], 11:[], 12:[], 13:[], 14:[], 15:[], 16:[], 17:[], 18:[], 19:[], 20:[], 21:[], 22:[], 23:[], 24:[], 25:[], 26:[], 27:[], 28:[], 29:[], 30:[], 31:[], 32:[], 33:[], 34:[], 35:[], 36:[], 37:[], 38:[], 39:[], 40:[], 41:[], 42:[], 43:[], 44:[], 45:[], 46:[], 47:[], 48:[], 49:[], 50:[], 51:[], 52:[], 53:[], 54:[], 55:[], 56:[], 57:[], 58:[], 59:[], 60:[], 61:[], 62:[], 63:[]",2947127432,3086752345
1543,3,981.8752,1295489,19182165,152657504,15.1039,false,65,true,true,true,true,true,false,false,"0:[0, 1, 2, 3, 4, 5, 6, 7, 8, 9, 10, 11, 12, 13, 14, 15, 16, 17, 18, 19, 20, 21, 22, 23, 24, 25, 26, 27, 28, 29, 30, 31, 32, 33, 34, 35, 36, 37, 38, 39, 40, 41, 42, 43, 44, 45, 46, 47, 48, 49, 50, 51, 52, 53, 54, 55, 56, 57, 58, 59, 60, 61, 62, 63, 64], 1:[], 2:[], 3:[], 4:[], 5:[], 6:[], 7:[], 8:[], 9:[], 10:[], 11:[], 12:[], 13:[], 14:[], 15:[], 16:[], 17:[], 18:[], 19:[], 20:[], 21:[], 22:[], 23:[], 24:[], 25:[], 26:[], 27:[], 28:[], 29:[], 30:[], 31:[], 32:[], 33:[], 34:[], 35:[], 36:[], 37:[], 38:[], 39:[], 40:[], 41:[], 42:[], 43:[], 44:[], 45:[], 46:[], 47:[], 48:[], 49:[], 50:[], 51:[], 52:[], 53:[], 54:[], 55:[], 56:[], 57:[], 58:[], 59:[], 60:[], 61:[], 62:[], 63:[], 64:[]",2983339864,3139382945
1549,2,764.8239,1310583,19407021,154451743,15.3051,false,64,true,true,true,true,true,false,false,"0:[0, 1, 2, 3, 4, 5, 6, 7, 8, 9, 10, 11, 12, 13, 14, 15, 16, 17, 18, 19, 20, 21, 22, 23, 24, 25, 26, 27, 28, 29, 30, 31, 32, 33, 34, 35, 36, 37, 38, 39, 40, 41, 42, 43, 44, 45, 46, 47, 48, 49, 50, 51, 52, 53, 54, 55, 56, 57, 58, 59, 60, 61, 62, 63], 1:[], 2:[], 3:[], 4:[], 5:[], 6:[], 7:[], 8:[], 9:[], 10:[], 11:[], 12:[], 13:[], 14:[], 15:[], 16:[], 17:[], 18:[], 19:[], 20:[], 21:[], 22:[], 23:[], 24:[], 25:[], 26:[], 27:[], 28:[], 29:[], 30:[], 31:[], 32:[], 33:[], 34:[], 35:[], 36:[], 37:[], 38:[], 39:[], 40:[], 41:[], 42:[], 43:[], 44:[], 45:[], 46:[], 47:[], 48:[], 49:[], 50:[], 51:[], 52:[], 53:[], 54:[], 55:[], 56:[], 57:[], 58:[], 59:[], 60:[], 61:[], 62:[], 63:[]",3001690600,3434499785
1553,3,881.1295,1320709,19557615,155652279,15.0859,false,64,true,true,true,true,true,false,false,"0:[0, 1, 2, 3, 4, 5, 6, 7, 8, 9, 10, 11, 12, 13, 14, 15, 16, 17, 18, 19, 20, 21, 22, 23, 24, 25, 26, 27, 28, 29, 30, 31, 32, 33, 34, 35, 36, 37, 38, 39, 40, 41, 42, 43, 44, 45, 46, 47, 48, 49, 50, 51, 52, 53, 54, 55, 56, 57, 58, 59, 60, 61, 62, 63], 1:[], 2:[], 3:[], 4:[], 5:[], 6:[], 7:[], 8:[], 9:[], 10:[], 11:[], 12:[], 13:[], 14:[], 15:[], 16:[], 17:[], 18:[], 19:[], 20:[], 21:[], 22:[], 23:[], 24:[], 25:[], 26:[], 27:[], 28:[], 29:[], 30:[], 31:[], 32:[], 33:[], 34:[], 35:[], 36:[], 37:[], 38:[], 39:[], 40:[], 41:[], 42:[], 43:[], 44:[], 45:[], 46:[], 47:[], 48:[], 49:[], 50:[], 51:[], 52:[], 53:[], 54:[], 55:[], 56:[], 57:[], 58:[], 59:[], 60:[], 61:[], 62:[], 63:[]",3013981144,3452361859
1559,17,959.9901,1335998,19784517,157459214,15.6056,false,64,true,true,true,true,true,false,false,"0:[0, 1, 2, 3, 4, 5, 6, 7, 8, 9, 10, 11, 12, 13, 14, 15, 16, 17, 18, 19, 20, 21, 22, 23, 24, 25, 26, 27, 28, 29, 30, 31, 32, 33, 34, 35, 36, 37, 38, 39, 40, 41, 42, 43, 44, 45, 46, 47, 48, 49, 50, 51, 52, 53, 54, 55, 56, 57, 58, 59, 60, 61, 62, 63], 1:[], 2:[], 3:[], 4:[], 5:[], 6:[], 7:[], 8:[], 9:[], 10:[], 11:[], 12:[], 13:[], 14:[], 15:[], 16:[], 17:[], 18:[], 19:[], 20:[], 21:[], 22:[], 23:[], 24:[], 25:[], 26:[], 27:[], 28:[], 29:[], 30:[], 31:[], 32:[], 33:[], 34:[], 35:[], 36:[], 37:[], 38:[], 39:[], 40:[], 41:[], 42:[], 43:[], 44:[], 45:[], 46:[], 47:[], 48:[], 49:[], 50:[], 51:[], 52:[], 53:[], 54:[], 55:[], 56:[], 57:[], 58:[], 59:[], 60:[], 61:[], 62:[], 63:[]",3032500240,3479262345
1567,3,851.9394,1356564,20090462,159898782,16.2183,false,66,true,true,true,true,true,false,false,"0:[0, 1, 2, 3, 4, 5, 6, 7, 8, 9, 10, 11, 12, 13, 14, 15, 16, 17, 18, 19, 20, 21, 22, 23, 24, 25, 26, 27, 28, 29, 30, 31, 32, 33, 34, 35, 36, 37, 38, 39, 40, 41, 42, 43, 44, 45, 46, 47, 48, 49, 50, 51, 52, 53, 54, 55, 56, 57, 58, 59, 60, 61, 62, 63, 64, 65], 1:[], 2:[], 3:[], 4:[], 5:[], 6:[], 7:[], 8:[], 9:[], 10:[], 11:[], 12:[], 13:[], 14:[], 15:[], 16:[], 17:[], 18:[], 19:[], 20:[], 21:[], 22:[], 23:[], 24:[], 25:[], 26:[], 27:[], 28:[], 29:[], 30:[], 31:[], 32:[], 33:[], 34:[], 35:[], 36:[], 37:[], 38:[], 39:[], 40:[], 41:[], 42:[], 43:[], 44:[], 45:[], 46:[], 47:[], 48:[], 49:[], 50:[], 51:[], 52:[], 53:[], 54:[], 55:[], 56:[], 57:[], 58:[], 59:[], 60:[], 61:[], 62:[], 63:[], 64:[], 65:[]",3057469424,3515554086
1571,2,783.3038,1366926,20244561,161127224,16.3314,false,66,true,true,true,true,true,false,false,"0:[0, 1, 2, 3, 4, 5, 6, 7, 8, 9, 10, 11, 12, 13, 14, 15, 16, 17, 18, 19, 20, 21, 22, 23, 24, 25, 26, 27, 28, 29, 30, 31, 32, 33, 34, 35, 36, 37, 38, 39, 40, 41, 42, 43, 44, 45, 46, 47, 48, 49, 50, 51, 52, 53, 54, 55, 56, 57, 58, 59, 60, 61, 62, 63, 64, 65], 1:[], 2:[], 3:[], 4:[], 5:[], 6:[], 7:[], 8:[], 9:[], 10:[], 11:[], 12:[], 13:[], 14:[], 15:[], 16:[], 17:[], 18:[], 19:[], 20:[], 21:[], 22:[], 23:[], 24:[], 25:[], 26:[], 27:[], 28:[], 29:[], 30:[], 31:[], 32:[], 33:[], 34:[], 35:[], 36:[], 37:[], 38:[], 39:[], 40:[], 41:[], 42:[], 43:[], 44:[], 45:[], 46:[], 47:[], 48:[], 49:[], 50:[], 51:[], 52:[], 53:[], 54:[], 55:[], 56:[], 57:[], 58:[], 59:[], 60:[], 61:[], 62:[], 63:[], 64:[], 65:[]",3070046032,3533831781
1579,2,786.9779,1387809,20555208,163604266,16.4458,false,66,true,true,true,true,true,false,false,"0:[0, 1, 2, 3, 4, 5, 6, 7, 8, 9, 10, 11, 12, 13, 14, 15, 16, 17, 18, 19, 20, 21, 22, 23, 24, 25, 26, 27, 28, 29, 30, 31, 32, 33, 34, 35, 36, 37, 38, 39, 40, 41, 42, 43, 44, 45, 46, 47, 48, 49, 50, 51, 52, 53, 54, 55, 56, 57, 58, 59, 60, 61, 62, 63, 64, 65], 1:[], 2:[], 3:[], 4:[], 5:[], 6:[], 7:[], 8:[], 9:[], 10:[], 11:[], 12:[], 13:[], 14:[], 15:[], 16:[], 17:[], 18:[], 19:[], 20:[], 21:[], 22:[], 23:[], 24:[], 25:[], 26:[], 27:[], 28:[], 29:[], 30:[], 31:[], 32:[], 33:[], 34:[], 35:[], 36:[], 37:[], 38:[], 39:[], 40:[], 41:[], 42:[], 43:[], 44:[], 45:[], 46:[], 47:[], 48:[], 49:[], 50:[], 51:[], 52:[], 53:[], 54:[], 55:[], 56:[], 57:[], 58:[], 59:[], 60:[], 61:[], 62:[], 63:[], 64:[], 65:[]",3095398984,3570679120
1583,5,1062.3856,1398329,20711679,164851748,16.7342,false,66,true,true,true,true,true,false,false,"0:[0, 1, 2, 3, 4, 5, 6, 7, 8, 9, 10, 11, 12, 13, 14, 15, 16, 17, 18, 19, 20, 21, 22, 23, 24, 25, 26, 27, 28, 29, 30, 31, 32, 33, 34, 35, 36, 37, 38, 39, 40, 41, 42, 43, 44, 45, 46, 47, 48, 49, 50, 51, 52, 53, 54, 55, 56, 57, 58, 59, 60, 61, 62, 63, 64, 65], 1:[], 2:[], 3:[], 4:[], 5:[], 6:[], 7:[], 8:[], 9:[], 10:[], 11:[], 12:[], 13:[], 14:[], 15:[], 16:[], 17:[], 18:[], 19:[], 20:[], 21:[], 22:[], 23:[], 24:[], 25:[], 26:[], 27:[], 28:[], 29:[], 30:[], 31:[], 32:[], 33:[], 34:[], 35:[], 36:[], 37:[], 38:[], 39:[], 40:[], 41:[], 42:[], 43:[], 44:[], 45:[], 46:[], 47:[], 48:[], 49:[], 50:[], 51:[], 52:[], 53:[], 54:[], 55:[], 56:[], 57:[], 58:[], 59:[], 60:[], 61:[], 62:[], 63:[], 64:[], 65:[]",3108169144,3589238259
1597,2,1030.0788,1435569,21266037,169273400,17.0885,false,67,true,true,true,true,true,false,false,"0:[0, 1, 2, 3, 4, 5, 6, 7, 8, 9, 10, 11, 12, 13, 14, 15, 16, 17, 18, 19, 20, 21, 22, 23, 24, 25, 26, 27, 28, 29, 30, 31, 32, 33, 34, 35, 36, 37, 38, 39, 40, 41, 42, 43, 44, 45, 46, 47, 48, 49, 50, 51, 52, 53, 54, 55, 56, 57, 58, 59, 60, 61, 62, 63, 64, 65, 66], 1:[], 2:[], 3:[], 4:[], 5:[], 6:[], 7:[], 8:[], 9:[], 10:[], 11:[], 12:[], 13:[], 14:[], 15:[], 16:[], 17:[], 18:[], 19:[], 20:[], 21:[], 22:[], 23:[], 24:[], 25:[], 26:[], 27:[], 28:[], 29:[], 30:[], 31:[], 32:[], 33:[], 34:[], 35:[], 36:[], 37:[], 38:[], 39:[], 40:[], 41:[], 42:[], 43:[], 44:[], 45:[], 46:[], 47:[], 48:[], 49:[], 50:[], 51:[], 52:[], 53:[], 54:[], 55:[], 56:[], 57:[], 58:[], 59:[], 60:[], 61:[], 62:[], 63:[], 64:[], 65:[], 66:[]",3153411544,3655004641
1601,3,1179.2544,1446329,21426059,170549020,17.2268,false,67,true,true,true,true,true,false,false,"0:[0, 1, 2, 3, 4, 5, 6, 7, 8, 9, 10, 11, 12, 13, 14, 15, 16, 17, 18, 19, 20, 21, 22, 23, 24, 25, 26, 27, 28, 29, 30, 31, 32, 33, 34, 35, 36, 37, 38, 39, 40, 41, 42, 43, 44, 45, 46, 47, 48, 49, 50, 51, 52, 53, 54, 55, 56, 57, 58, 59, 60, 61, 62, 63, 64, 65, 66], 1:[], 2:[], 3:[], 4:[], 5:[], 6:[], 7:[], 8:[], 9:[], 10:[], 11:[], 12:[], 13:[], 14:[], 15:[], 16:[], 17:[], 18:[], 19:[], 20:[], 21:[], 22:[], 23:[], 24:[], 25:[], 26:[], 27:[], 28:[], 29:[], 30:[], 31:[], 32:[], 33:[], 34:[], 35:[], 36:[], 37:[], 38:[], 39:[], 40:[], 41:[], 42:[], 43:[], 44:[], 45:[], 46:[], 47:[], 48:[], 49:[], 50:[], 51:[], 52:[], 53:[], 54:[], 55:[], 56:[], 57:[], 58:[], 59:[], 60:[], 61:[], 62:[], 63:[], 64:[], 65:[], 66:[]",3166471544,3673984431
1607,5,1133.6946,1462570,21667267,172470701,19.4568,false,67,true,true,true,true,true,false,false,"0:[0, 1, 2, 3, 4, 5, 6, 7, 8, 9, 10, 11, 12, 13, 14, 15, 16, 17, 18, 19, 20, 21, 22, 23, 24, 25, 26, 27, 28, 29, 30, 31, 32, 33, 34, 35, 36, 37, 38, 39, 40, 41, 42, 43, 44, 45, 46, 47, 48, 49, 50, 51, 52, 53, 54, 55, 56, 57, 58, 59, 60, 61, 62, 63, 64, 65, 66], 1:[], 2:[], 3:[], 4:[], 5:[], 6:[], 7:[], 8:[], 9:[], 10:[], 11:[], 12:[], 13:[], 14:[], 15:[], 16:[], 17:[], 18:[], 19:[], 20:[], 21:[], 22:[], 23:[], 24:[], 25:[], 26:[], 27:[], 28:[], 29:[], 30:[], 31:[], 32:[], 33:[], 34:[], 35:[], 36:[], 37:[], 38:[], 39:[], 40:[], 41:[], 42:[], 43:[], 44:[], 45:[], 46:[], 47:[], 48:[], 49:[], 50:[], 51:[], 52:[], 53:[], 54:[], 55:[], 56:[], 57:[], 58:[], 59:[], 60:[], 61:[], 62:[], 63:[], 64:[], 65:[], 66:[]",3186157968,3702583007
1609,7,1038.3573,1468011,21748634,173121253,18.9199,false,68,true,true,true,true,true,false,false,"0:[0, 1, 2, 3, 4, 5, 6, 7, 8, 9, 10, 11, 12, 13, 14, 15, 16, 17, 18, 19, 20, 21, 22, 23, 24, 25, 26, 27, 28, 29, 30, 31, 32, 33, 34, 35, 36, 37, 38, 39, 40, 41, 42, 43, 44, 45, 46, 47, 48, 49, 50, 51, 52, 53, 54, 55, 56, 57, 58, 59, 60, 61, 62, 63, 64, 65, 66, 67], 1:[], 2:[], 3:[], 4:[], 5:[], 6:[], 7:[], 8:[], 9:[], 10:[], 11:[], 12:[], 13:[], 14:[], 15:[], 16:[], 17:[], 18:[], 19:[], 20:[], 21:[], 22:[], 23:[], 24:[], 25:[], 26:[], 27:[], 28:[], 29:[], 30:[], 31:[], 32:[], 33:[], 34:[], 35:[], 36:[], 37:[], 38:[], 39:[], 40:[], 41:[], 42:[], 43:[], 44:[], 45:[], 46:[], 47:[], 48:[], 49:[], 50:[], 51:[], 52:[], 53:[], 54:[], 55:[], 56:[], 57:[], 58:[], 59:[], 60:[], 61:[], 62:[], 63:[], 64:[], 65:[], 66:[], 67:[]",3192797912,3712246554
1613,2,1066.7681,1478932,21911091,174416489,17.8343,false,68,true,true,true,true,true,false,false,"0:[0, 1, 2, 3, 4, 5, 6, 7, 8, 9, 10, 11, 12, 13, 14, 15, 16, 17, 18, 19, 20, 21, 22, 23, 24, 25, 26, 27, 28, 29, 30, 31, 32, 33, 34, 35, 36, 37, 38, 39, 40, 41, 42, 43, 44, 45, 46, 47, 48, 49, 50, 51, 52, 53, 54, 55, 56, 57, 58, 59, 60, 61, 62, 63, 64, 65, 66, 67], 1:[], 2:[], 3:[], 4:[], 5:[], 6:[], 7:[], 8:[], 9:[], 10:[], 11:[], 12:[], 13:[], 14:[], 15:[], 16:[], 17:[], 18:[], 19:[], 20:[], 21:[], 22:[], 23:[], 24:[], 25:[], 26:[], 27:[], 28:[], 29:[], 30:[], 31:[], 32:[], 33:[], 34:[], 35:[], 36:[], 37:[], 38:[], 39:[], 40:[], 41:[], 42:[], 43:[], 44:[], 45:[], 46:[], 47:[], 48:[], 49:[], 50:[], 51:[], 52:[], 53:[], 54:[], 55:[], 56:[], 57:[], 58:[], 59:[], 60:[], 61:[], 62:[], 63:[], 64:[], 65:[], 66:[], 67:[]",3206056576,3731515967
1619,2,846.8797,1495416,22155886,176366582,17.8448,false,68,true,true,true,true,true,false,false,"0:[0, 1, 2, 3, 4, 5, 6, 7, 8, 9, 10, 11, 12, 13, 14, 15, 16, 17, 18, 19, 20, 21, 22, 23, 24, 25, 26, 27, 28, 29, 30, 31, 32, 33, 34, 35, 36, 37, 38, 39, 40, 41, 42, 43, 44, 45, 46, 47, 48, 49, 50, 51, 52, 53, 54, 55, 56, 57, 58, 59, 60, 61, 62, 63, 64, 65, 66, 67], 1:[], 2:[], 3:[], 4:[], 5:[], 6:[], 7:[], 8:[], 9:[], 10:[], 11:[], 12:[], 13:[], 14:[], 15:[], 16:[], 17:[], 18:[], 19:[], 20:[], 21:[], 22:[], 23:[], 24:[], 25:[], 26:[], 27:[], 28:[], 29:[], 30:[], 31:[], 32:[], 33:[], 34:[], 35:[], 36:[], 37:[], 38:[], 39:[], 40:[], 41:[], 42:[], 43:[], 44:[], 45:[], 46:[], 47:[], 48:[], 49:[], 50:[], 51:[], 52:[], 53:[], 54:[], 55:[], 56:[], 57:[], 58:[], 59:[], 60:[], 61:[], 62:[], 63:[], 64:[], 65:[], 66:[], 67:[]",3226035792,3760538870
1621,2,896.5584,1500937,22238488,177027188,18.3450,false,67,true,true,true,true,true,false,false,"0:[0, 1, 2, 3, 4, 5, 6, 7, 8, 9, 10, 11, 12, 13, 14, 15, 16, 17, 18, 19, 20, 21, 22, 23, 24, 25, 26, 27, 28, 29, 30, 31, 32, 33, 34, 35, 36, 37, 38, 39, 40, 41, 42, 43, 44, 45, 46, 47, 48, 49, 50, 51, 52, 53, 54, 55, 56, 57, 58, 59, 60, 61, 62, 63, 64, 65, 66], 1:[], 2:[], 3:[], 4:[], 5:[], 6:[], 7:[], 8:[], 9:[], 10:[], 11:[], 12:[], 13:[], 14:[], 15:[], 16:[], 17:[], 18:[], 19:[], 20:[], 21:[], 22:[], 23:[], 24:[], 25:[], 26:[], 27:[], 28:[], 29:[], 30:[], 31:[], 32:[], 33:[], 34:[], 35:[], 36:[], 37:[], 38:[], 39:[], 40:[], 41:[], 42:[], 43:[], 44:[], 45:[], 46:[], 47:[], 48:[], 49:[], 50:[], 51:[], 52:[], 53:[], 54:[], 55:[], 56:[], 57:[], 58:[], 59:[], 60:[], 61:[], 62:[], 63:[], 64:[], 65:[], 66:[]",3232776456,3770349792
1627,2,899.9987,1517583,22485730,178996990,19.4347,false,67,true,true,true,true,true,false,false,"0:[0, 1, 2, 3, 4, 5, 6, 7, 8, 9, 10, 11, 12, 13, 14, 15, 16, 17, 18, 19, 20, 21, 22, 23, 24, 25, 26, 27, 28, 29, 30, 31, 32, 33, 34, 35, 36, 37, 38, 39, 40, 41, 42, 43, 44, 45, 46, 47, 48, 49, 50, 51, 52, 53, 54, 55, 56, 57, 58, 59, 60, 61, 62, 63, 64, 65, 66], 1:[], 2:[], 3:[], 4:[], 5:[], 6:[], 7:[], 8:[], 9:[], 10:[], 11:[], 12:[], 13:[], 14:[], 15:[], 16:[], 17:[], 18:[], 19:[], 20:[], 21:[], 22:[], 23:[], 24:[], 25:[], 26:[], 27:[], 28:[], 29:[], 30:[], 31:[], 32:[], 33:[], 34:[], 35:[], 36:[], 37:[], 38:[], 39:[], 40:[], 41:[], 42:[], 43:[], 44:[], 45:[], 46:[], 47:[], 48:[], 49:[], 50:[], 51:[], 52:[], 53:[], 54:[], 55:[], 56:[], 57:[], 58:[], 59:[], 60:[], 61:[], 62:[], 63:[], 64:[], 65:[], 66:[]",3252955320,3799663074
1637,2,942.3974,1545600,22902987,182325804,18.8563,false,69,true,true,true,true,true,false,false,"0:[0, 1, 2, 3, 4, 5, 6, 7, 8, 9, 10, 11, 12, 13, 14, 15, 16, 17, 18, 19, 20, 21, 22, 23, 24, 25, 26, 27, 28, 29, 30, 31, 32, 33, 34, 35, 36, 37, 38, 39, 40, 41, 42, 43, 44, 45, 46, 47, 48, 49, 50, 51, 52, 53, 54, 55, 56, 57, 58, 59, 60, 61, 62, 63, 64, 65, 66, 67, 68], 1:[], 2:[], 3:[], 4:[], 5:[], 6:[], 7:[], 8:[], 9:[], 10:[], 11:[], 12:[], 13:[], 14:[], 15:[], 16:[], 17:[], 18:[], 19:[], 20:[], 21:[], 22:[], 23:[], 24:[], 25:[], 26:[], 27:[], 28:[], 29:[], 30:[], 31:[], 32:[], 33:[], 34:[], 35:[], 36:[], 37:[], 38:[], 39:[], 40:[], 41:[], 42:[], 43:[], 44:[], 45:[], 46:[], 47:[], 48:[], 49:[], 50:[], 51:[], 52:[], 53:[], 54:[], 55:[], 56:[], 57:[], 58:[], 59:[], 60:[], 61:[], 62:[], 63:[], 64:[], 65:[], 66:[], 67:[], 68:[]",3287008288,3849167479
1657,5,1342.2903,1602663,23752009,189095711,19.7045,false,69,true,true,true,true,true,false,false,"0:[0, 1, 2, 3, 4, 5, 6, 7, 8, 9, 10, 11, 12, 13, 14, 15, 16, 17, 18, 19, 20, 21, 22, 23, 24, 25, 26, 27, 28, 29, 30, 31, 32, 33, 34, 35, 36, 37, 38, 39, 40, 41, 42, 43, 44, 45, 46, 47, 48, 49, 50, 51, 52, 53, 54, 55, 56, 57, 58, 59, 60, 61, 62, 63, 64, 65, 66, 67, 68], 1:[], 2:[], 3:[], 4:[], 5:[], 6:[], 7:[], 8:[], 9:[], 10:[], 11:[], 12:[], 13:[], 14:[], 15:[], 16:[], 17:[], 18:[], 19:[], 20:[], 21:[], 22:[], 23:[], 24:[], 25:[], 26:[], 27:[], 28:[], 29:[], 30:[], 31:[], 32:[], 33:[], 34:[], 35:[], 36:[], 37:[], 38:[], 39:[], 40:[], 41:[], 42:[], 43:[], 44:[], 45:[], 46:[], 47:[], 48:[], 49:[], 50:[], 51:[], 52:[], 53:[], 54:[], 55:[], 56:[], 57:[], 58:[], 59:[], 60:[], 61:[], 62:[], 63:[], 64:[], 65:[], 66:[], 67:[], 68:[]",3356299560,3949871637
1663,3,1263.6749,1620052,24010392,191154730,19.7913,false,70,true,true,true,true,true,false,false,"0:[0, 1, 2, 3, 4, 5, 6, 7, 8, 9, 10, 11, 12, 13, 14, 15, 16, 17, 18, 19, 20, 21, 22, 23, 24, 25, 26, 27, 28, 29, 30, 31, 32, 33, 34, 35, 36, 37, 38, 39, 40, 41, 42, 43, 44, 45, 46, 47, 48, 49, 50, 51, 52, 53, 54, 55, 56, 57, 58, 59, 60, 61, 62, 63, 64, 65, 66, 67, 68, 69], 1:[], 2:[], 3:[], 4:[], 5:[], 6:[], 7:[], 8:[], 9:[], 10:[], 11:[], 12:[], 13:[], 14:[], 15:[], 16:[], 17:[], 18:[], 19:[], 20:[], 21:[], 22:[], 23:[], 24:[], 25:[], 26:[], 27:[], 28:[], 29:[], 30:[], 31:[], 32:[], 33:[], 34:[], 35:[], 36:[], 37:[], 38:[], 39:[], 40:[], 41:[], 42:[], 43:[], 44:[], 45:[], 46:[], 47:[], 48:[], 49:[], 50:[], 51:[], 52:[], 53:[], 54:[], 55:[], 56:[], 57:[], 58:[], 59:[], 60:[], 61:[], 62:[], 63:[], 64:[], 65:[], 66:[], 67:[], 68:[], 69:[]",3377387536,3980506856
1667,2,948.9703,1631714,24183928,192538584,20.3579,false,69,true,true,true,true,true,false,false,"0:[0, 1, 2, 3, 4, 5, 6, 7, 8, 9, 10, 11, 12, 13, 14, 15, 16, 17, 18, 19, 20, 21, 22, 23, 24, 25, 26, 27, 28, 29, 30, 31, 32, 33, 34, 35, 36, 37, 38, 39, 40, 41, 42, 43, 44, 45, 46, 47, 48, 49, 50, 51, 52, 53, 54, 55, 56, 57, 58, 59, 60, 61, 62, 63, 64, 65, 66, 67, 68], 1:[], 2:[], 3:[], 4:[], 5:[], 6:[], 7:[], 8:[], 9:[], 10:[], 11:[], 12:[], 13:[], 14:[], 15:[], 16:[], 17:[], 18:[], 19:[], 20:[], 21:[], 22:[], 23:[], 24:[], 25:[], 26:[], 27:[], 28:[], 29:[], 30:[], 31:[], 32:[], 33:[], 34:[], 35:[], 36:[], 37:[], 38:[], 39:[], 40:[], 41:[], 42:[], 43:[], 44:[], 45:[], 46:[], 47:[], 48:[], 49:[], 50:[], 51:[], 52:[], 53:[], 54:[], 55:[], 56:[], 57:[], 58:[], 59:[], 60:[], 61:[], 62:[], 63:[], 64:[], 65:[], 66:[], 67:[], 68:[]",3391550304,4001090328
1669,2,980.3632,1637567,24271410,193237729,20.5230,false,69,true,true,true,true,true,false,false,"0:[0, 1, 2, 3, 4, 5, 6, 7, 8, 9, 10, 11, 12, 13, 14, 15, 16, 17, 18, 19, 20, 21, 22, 23, 24, 25, 26, 27, 28, 29, 30, 31, 32, 33, 34, 35, 36, 37, 38, 39, 40, 41, 42, 43, 44, 45, 46, 47, 48, 49, 50, 51, 52, 53, 54, 55, 56, 57, 58, 59, 60, 61, 62, 63, 64, 65, 66, 67, 68], 1:[], 2:[], 3:[], 4:[], 5:[], 6:[], 7:[], 8:[], 9:[], 10:[], 11:[], 12:[], 13:[], 14:[], 15:[], 16:[], 17:[], 18:[], 19:[], 20:[], 21:[], 22:[], 23:[], 24:[], 25:[], 26:[], 27:[], 28:[], 29:[], 30:[], 31:[], 32:[], 33:[], 34:[], 35:[], 36:[], 37:[], 38:[], 39:[], 40:[], 41:[], 42:[], 43:[], 44:[], 45:[], 46:[], 47:[], 48:[], 49:[], 50:[], 51:[], 52:[], 53:[], 54:[], 55:[], 56:[], 57:[], 58:[], 59:[], 60:[], 61:[], 62:[], 63:[], 64:[], 65:[], 66:[], 67:[], 68:[]",3398689336,4011479026
1693,2,1009.2395,1708885,25332761,201701583,21.4909,false,71,true,true,true,true,true,false,false,"0:[0, 1, 2, 3, 4, 5, 6, 7, 8, 9, 10, 11, 12, 13, 14, 15, 16, 17, 18, 19, 20, 21, 22, 23, 24, 25, 26, 27, 28, 29, 30, 31, 32, 33, 34, 35, 36, 37, 38, 39, 40, 41, 42, 43, 44, 45, 46, 47, 48, 49, 50, 51, 52, 53, 54, 55, 56, 57, 58, 59, 60, 61, 62, 63, 64, 65, 66, 67, 68, 69, 70], 1:[], 2:[], 3:[], 4:[], 5:[], 6:[], 7:[], 8:[], 9:[], 10:[], 11:[], 12:[], 13:[], 14:[], 15:[], 16:[], 17:[], 18:[], 19:[], 20:[], 21:[], 22:[], 23:[], 24:[], 25:[], 26:[], 27:[], 28:[], 29:[], 30:[], 31:[], 32:[], 33:[], 34:[], 35:[], 36:[], 37:[], 38:[], 39:[], 40:[], 41:[], 42:[], 43:[], 44:[], 45:[], 46:[], 47:[], 48:[], 49:[], 50:[], 51:[], 52:[], 53:[], 54:[], 55:[], 56:[], 57:[], 58:[], 59:[], 60:[], 61:[], 62:[], 63:[], 64:[], 65:[], 66:[], 67:[], 68:[], 69:[], 70:[]",3485309048,4137368277
1697,3,1179.5141,1720969,25512609,203135868,22.4552,false,70,true,true,true,true,true,false,false,"0:[0, 1, 2, 3, 4, 5, 6, 7, 8, 9, 10, 11, 12, 13, 14, 15, 16, 17, 18, 19, 20, 21, 22, 23, 24, 25, 26, 27, 28, 29, 30, 31, 32, 33, 34, 35, 36, 37, 38, 39, 40, 41, 42, 43, 44, 45, 46, 47, 48, 49, 50, 51, 52, 53, 54, 55, 56, 57, 58, 59, 60, 61, 62, 63, 64, 65, 66, 67, 68, 69], 1:[], 2:[], 3:[], 4:[], 5:[], 6:[], 7:[], 8:[], 9:[], 10:[], 11:[], 12:[], 13:[], 14:[], 15:[], 16:[], 17:[], 18:[], 19:[], 20:[], 21:[], 22:[], 23:[], 24:[], 25:[], 26:[], 27:[], 28:[], 29:[], 30:[], 31:[], 32:[], 33:[], 34:[], 35:[], 36:[], 37:[], 38:[], 39:[], 40:[], 41:[], 42:[], 43:[], 44:[], 45:[], 46:[], 47:[], 48:[], 49:[], 50:[], 51:[], 52:[], 53:[], 54:[], 55:[], 56:[], 57:[], 58:[], 59:[], 60:[], 61:[], 62:[], 63:[], 64:[], 65:[], 66:[], 67:[], 68:[], 69:[]",3499986904,4158700317
1699,2,1036.4819,1727033,25602407,203850113,22.8595,false,71,true,true,true,true,true,false,false,"0:[0, 1, 2, 3, 4, 5, 6, 7, 8, 9, 10, 11, 12, 13, 14, 15, 16, 17, 18, 19, 20, 21, 22, 23, 24, 25, 26, 27, 28, 29, 30, 31, 32, 33, 34, 35, 36, 37, 38, 39, 40, 41, 42, 43, 44, 45, 46, 47, 48, 49, 50, 51, 52, 53, 54, 55, 56, 57, 58, 59, 60, 61, 62, 63, 64, 65, 66, 67, 68, 69, 70], 1:[], 2:[], 3:[], 4:[], 5:[], 6:[], 7:[], 8:[], 9:[], 10:[], 11:[], 12:[], 13:[], 14:[], 15:[], 16:[], 17:[], 18:[], 19:[], 20:[], 21:[], 22:[], 23:[], 24:[], 25:[], 26:[], 27:[], 28:[], 29:[], 30:[], 31:[], 32:[], 33:[], 34:[], 35:[], 36:[], 37:[], 38:[], 39:[], 40:[], 41:[], 42:[], 43:[], 44:[], 45:[], 46:[], 47:[], 48:[], 49:[], 50:[], 51:[], 52:[], 53:[], 54:[], 55:[], 56:[], 57:[], 58:[], 59:[], 60:[], 61:[], 62:[], 63:[], 64:[], 65:[], 66:[], 67:[], 68:[], 69:[], 70:[]",3507316280,4169338235
1709,2,1067.2262,1757564,26057245,207479235,21.2601,false,71,true,true,true,true,true,false,false,"0:[0, 1, 2, 3, 4, 5, 6, 7, 8, 9, 10, 11, 12, 13, 14, 15, 16, 17, 18, 19, 20, 21, 22, 23, 24, 25, 26, 27, 28, 29, 30, 31, 32, 33, 34, 35, 36, 37, 38, 39, 40, 41, 42, 43, 44, 45, 46, 47, 48, 49, 50, 51, 52, 53, 54, 55, 56, 57, 58, 59, 60, 61, 62, 63, 64, 65, 66, 67, 68, 69, 70], 1:[], 2:[], 3:[], 4:[], 5:[], 6:[], 7:[], 8:[], 9:[], 10:[], 11:[], 12:[], 13:[], 14:[], 15:[], 16:[], 17:[], 18:[], 19:[], 20:[], 21:[], 22:[], 23:[], 24:[], 25:[], 26:[], 27:[], 28:[], 29:[], 30:[], 31:[], 32:[], 33:[], 34:[], 35:[], 36:[], 37:[], 38:[], 39:[], 40:[], 41:[], 42:[], 43:[], 44:[], 45:[], 46:[], 47:[], 48:[], 49:[], 50:[], 51:[], 52:[], 53:[], 54:[], 55:[], 56:[], 57:[], 58:[], 59:[], 60:[], 61:[], 62:[], 63:[], 64:[], 65:[], 66:[], 67:[], 68:[], 69:[], 70:[]",3544436064,4223300753
1721,3,1199.8260,1794672,26609518,211883279,21.9788,false,72,true,true,true,true,true,false,false,"0:[0, 1, 2, 3, 4, 5, 6, 7, 8, 9, 10, 11, 12, 13, 14, 15, 16, 17, 18, 19, 20, 21, 22, 23, 24, 25, 26, 27, 28, 29, 30, 31, 32, 33, 34, 35, 36, 37, 38, 39, 40, 41, 42, 43, 44, 45, 46, 47, 48, 49, 50, 51, 52, 53, 54, 55, 56, 57, 58, 59, 60, 61, 62, 63, 64, 65, 66, 67, 68, 69, 70, 71], 1:[], 2:[], 3:[], 4:[], 5:[], 6:[], 7:[], 8:[], 9:[], 10:[], 11:[], 12:[], 13:[], 14:[], 15:[], 16:[], 17:[], 18:[], 19:[], 20:[], 21:[], 22:[], 23:[], 24:[], 25:[], 26:[], 27:[], 28:[], 29:[], 30:[], 31:[], 32:[], 33:[], 34:[], 35:[], 36:[], 37:[], 38:[], 39:[], 40:[], 41:[], 42:[], 43:[], 44:[], 45:[], 46:[], 47:[], 48:[], 49:[], 50:[], 51:[], 52:[], 53:[], 54:[], 55:[], 56:[], 57:[], 58:[], 59:[], 60:[], 61:[], 62:[], 63:[], 64:[], 65:[], 66:[], 67:[], 68:[], 69:[], 70:[], 71:[]",3589508496,4288806230
1723,2,1027.7899,1800907,26701987,212619649,23.3241,false,71,true,true,true,true,true,false,false,"0:[0, 1, 2, 3, 4, 5, 6, 7, 8, 9, 10, 11, 12, 13, 14, 15, 16, 17, 18, 19, 20, 21, 22, 23, 24, 25, 26, 27, 28, 29, 30, 31, 32, 33, 34, 35, 36, 37, 38, 39, 40, 41, 42, 43, 44, 45, 46, 47, 48, 49, 50, 51, 52, 53, 54, 55, 56, 57, 58, 59, 60, 61, 62, 63, 64, 65, 66, 67, 68, 69, 70], 1:[], 2:[], 3:[], 4:[], 5:[], 6:[], 7:[], 8:[], 9:[], 10:[], 11:[], 12:[], 13:[], 14:[], 15:[], 16:[], 17:[], 18:[], 19:[], 20:[], 21:[], 22:[], 23:[], 24:[], 25:[], 26:[], 27:[], 28:[], 29:[], 30:[], 31:[], 32:[], 33:[], 34:[], 35:[], 36:[], 37:[], 38:[], 39:[], 40:[], 41:[], 42:[], 43:[], 44:[], 45:[], 46:[], 47:[], 48:[], 49:[], 50:[], 51:[], 52:[], 53:[], 54:[], 55:[], 56:[], 57:[], 58:[], 59:[], 60:[], 61:[], 62:[], 63:[], 64:[], 65:[], 66:[], 67:[], 68:[], 69:[], 70:[]",3597055656,4299762103
1733,2,1068.1988,1832300,27169661,216350930,22.4340,false,73,true,true,true,true,true,false,false,"0:[0, 1, 2, 3, 4, 5, 6, 7, 8, 9, 10, 11, 12, 13, 14, 15, 16, 17, 18, 19, 20, 21, 22, 23, 24, 25, 26, 27, 28, 29, 30, 31, 32, 33, 34, 35, 36, 37, 38, 39, 40, 41, 42, 43, 44, 45, 46, 47, 48, 49, 50, 51, 52, 53, 54, 55, 56, 57, 58, 59, 60, 61, 62, 63, 64, 65, 66, 67, 68, 69, 70, 71, 72], 1:[], 2:[], 3:[], 4:[], 5:[], 6:[], 7:[], 8:[], 9:[], 10:[], 11:[], 12:[], 13:[], 14:[], 15:[], 16:[], 17:[], 18:[], 19:[], 20:[], 21:[], 22:[], 23:[], 24:[], 25:[], 26:[], 27:[], 28:[], 29:[], 30:[], 31:[], 32:[], 33:[], 34:[], 35:[], 36:[], 37:[], 38:[], 39:[], 40:[], 41:[], 42:[], 43:[], 44:[], 45:[], 46:[], 47:[], 48:[], 49:[], 50:[], 51:[], 52:[], 53:[], 54:[], 55:[], 56:[], 57:[], 58:[], 59:[], 60:[], 61:[], 62:[], 63:[], 64:[], 65:[], 66:[], 67:[], 68:[], 69:[], 70:[], 71:[], 72:[]",3635223008,4355246769
1741,2,1103.2189,1857675,27547370,219363229,24.0389,false,72,true,true,true,true,true,false,false,"0:[0, 1, 2, 3, 4, 5, 6, 7, 8, 9, 10, 11, 12, 13, 14, 15, 16, 17, 18, 19, 20, 21, 22, 23, 24, 25, 26, 27, 28, 29, 30, 31, 32, 33, 34, 35, 36, 37, 38, 39, 40, 41, 42, 43, 44, 45, 46, 47, 48, 49, 50, 51, 52, 53, 54, 55, 56, 57, 58, 59, 60, 61, 62, 63, 64, 65, 66, 67, 68, 69, 70, 71], 1:[], 2:[], 3:[], 4:[], 5:[], 6:[], 7:[], 8:[], 9:[], 10:[], 11:[], 12:[], 13:[], 14:[], 15:[], 16:[], 17:[], 18:[], 19:[], 20:[], 21:[], 22:[], 23:[], 24:[], 25:[], 26:[], 27:[], 28:[], 29:[], 30:[], 31:[], 32:[], 33:[], 34:[], 35:[], 36:[], 37:[], 38:[], 39:[], 40:[], 41:[], 42:[], 43:[], 44:[], 45:[], 46:[], 47:[], 48:[], 49:[], 50:[], 51:[], 52:[], 53:[], 54:[], 55:[], 56:[], 57:[], 58:[], 59:[], 60:[], 61:[], 62:[], 63:[], 64:[], 65:[], 66:[], 67:[], 68:[], 69:[], 70:[], 71:[]",3724768984,4458767274
1747,2,1352.1478,1876859,27832540,221636092,26.4731,false,72,true,true,true,true,true,false,false,"0:[0, 1, 2, 3, 4, 5, 6, 7, 8, 9, 10, 11, 12, 13, 14, 15, 16, 17, 18, 19, 20, 21, 22, 23, 24, 25, 26, 27, 28, 29, 30, 31, 32, 33, 34, 35, 36, 37, 38, 39, 40, 41, 42, 43, 44, 45, 46, 47, 48, 49, 50, 51, 52, 53, 54, 55, 56, 57, 58, 59, 60, 61, 62, 63, 64, 65, 66, 67, 68, 69, 70, 71], 1:[], 2:[], 3:[], 4:[], 5:[], 6:[], 7:[], 8:[], 9:[], 10:[], 11:[], 12:[], 13:[], 14:[], 15:[], 16:[], 17:[], 18:[], 19:[], 20:[], 21:[], 22:[], 23:[], 24:[], 25:[], 26:[], 27:[], 28:[], 29:[], 30:[], 31:[], 32:[], 33:[], 34:[], 35:[], 36:[], 37:[], 38:[], 39:[], 40:[], 41:[], 42:[], 43:[], 44:[], 45:[], 46:[], 47:[], 48:[], 49:[], 50:[], 51:[], 52:[], 53:[], 54:[], 55:[], 56:[], 57:[], 58:[], 59:[], 60:[], 61:[], 62:[], 63:[], 64:[], 65:[], 66:[], 67:[], 68:[], 69:[], 70:[], 71:[]",3748043000,4492578884
1753,5,1292.2369,1896175,28120478,223934039,23.8431,false,73,true,true,true,true,true,false,false,"0:[0, 1, 2, 3, 4, 5, 6, 7, 8, 9, 10, 11, 12, 13, 14, 15, 16, 17, 18, 19, 20, 21, 22, 23, 24, 25, 26, 27, 28, 29, 30, 31, 32, 33, 34, 35, 36, 37, 38, 39, 40, 41, 42, 43, 44, 45, 46, 47, 48, 49, 50, 51, 52, 53, 54, 55, 56, 57, 58, 59, 60, 61, 62, 63, 64, 65, 66, 67, 68, 69, 70, 71, 72], 1:[], 2:[], 3:[], 4:[], 5:[], 6:[], 7:[], 8:[], 9:[], 10:[], 11:[], 12:[], 13:[], 14:[], 15:[], 16:[], 17:[], 18:[], 19:[], 20:[], 21:[], 22:[], 23:[], 24:[], 25:[], 26:[], 27:[], 28:[], 29:[], 30:[], 31:[], 32:[], 33:[], 34:[], 35:[], 36:[], 37:[], 38:[], 39:[], 40:[], 41:[], 42:[], 43:[], 44:[], 45:[], 46:[], 47:[], 48:[], 49:[], 50:[], 51:[], 52:[], 53:[], 54:[], 55:[], 56:[], 57:[], 58:[], 59:[], 60:[], 61:[], 62:[], 63:[], 64:[], 65:[], 66:[], 67:[], 68:[], 69:[], 70:[], 71:[], 72:[]",3771541624,4526744526
1759,3,1530.2761,1915624,28409593,226238339,30.2950,false,73,true,true,true,true,true,false,false,"0:[0, 1, 2, 3, 4, 5, 6, 7, 8, 9, 10, 11, 12, 13, 14, 15, 16, 17, 18, 19, 20, 21, 22, 23, 24, 25, 26, 27, 28, 29, 30, 31, 32, 33, 34, 35, 36, 37, 38, 39, 40, 41, 42, 43, 44, 45, 46, 47, 48, 49, 50, 51, 52, 53, 54, 55, 56, 57, 58, 59, 60, 61, 62, 63, 64, 65, 66, 67, 68, 69, 70, 71, 72], 1:[], 2:[], 3:[], 4:[], 5:[], 6:[], 7:[], 8:[], 9:[], 10:[], 11:[], 12:[], 13:[], 14:[], 15:[], 16:[], 17:[], 18:[], 19:[], 20:[], 21:[], 22:[], 23:[], 24:[], 25:[], 26:[], 27:[], 28:[], 29:[], 30:[], 31:[], 32:[], 33:[], 34:[], 35:[], 36:[], 37:[], 38:[], 39:[], 40:[], 41:[], 42:[], 43:[], 44:[], 45:[], 46:[], 47:[], 48:[], 49:[], 50:[], 51:[], 52:[], 53:[], 54:[], 55:[], 56:[], 57:[], 58:[], 59:[], 60:[], 61:[], 62:[], 63:[], 64:[], 65:[], 66:[], 67:[], 68:[], 69:[], 70:[], 71:[], 72:[]",3795137600,4561023901
1777,5,1704.8536,1974764,29290449,233265393,25.2357,false,74,true,true,true,true,true,false,false,"0:[0, 1, 2, 3, 4, 5, 6, 7, 8, 9, 10, 11, 12, 13, 14, 15, 16, 17, 18, 19, 20, 21, 22, 23, 24, 25, 26, 27, 28, 29, 30, 31, 32, 33, 34, 35, 36, 37, 38, 39, 40, 41, 42, 43, 44, 45, 46, 47, 48, 49, 50, 51, 52, 53, 54, 55, 56, 57, 58, 59, 60, 61, 62, 63, 64, 65, 66, 67, 68, 69, 70, 71, 72, 73], 1:[], 2:[], 3:[], 4:[], 5:[], 6:[], 7:[], 8:[], 9:[], 10:[], 11:[], 12:[], 13:[], 14:[], 15:[], 16:[], 17:[], 18:[], 19:[], 20:[], 21:[], 22:[], 23:[], 24:[], 25:[], 26:[], 27:[], 28:[], 29:[], 30:[], 31:[], 32:[], 33:[], 34:[], 35:[], 36:[], 37:[], 38:[], 39:[], 40:[], 41:[], 42:[], 43:[], 44:[], 45:[], 46:[], 47:[], 48:[], 49:[], 50:[], 51:[], 52:[], 53:[], 54:[], 55:[], 56:[], 57:[], 58:[], 59:[], 60:[], 61:[], 62:[], 63:[], 64:[], 65:[], 66:[], 67:[], 68:[], 69:[], 70:[], 71:[], 72:[], 73:[]",5041430560,4665516629
1783,3,1384.4171,1994745,29587509,235633144,33.7847,false,75,true,true,true,true,true,false,false,"0:[0, 1, 2, 3, 4, 5, 6, 7, 8, 9, 10, 11, 12, 13, 14, 15, 16, 17, 18, 19, 20, 21, 22, 23, 24, 25, 26, 27, 28, 29, 30, 31, 32, 33, 34, 35, 36, 37, 38, 39, 40, 41, 42, 43, 44, 45, 46, 47, 48, 49, 50, 51, 52, 53, 54, 55, 56, 57, 58, 59, 60, 61, 62, 63, 64, 65, 66, 67, 68, 69, 70, 71, 72, 73, 74], 1:[], 2:[], 3:[], 4:[], 5:[], 6:[], 7:[], 8:[], 9:[], 10:[], 11:[], 12:[], 13:[], 14:[], 15:[], 16:[], 17:[], 18:[], 19:[], 20:[], 21:[], 22:[], 23:[], 24:[], 25:[], 26:[], 27:[], 28:[], 29:[], 30:[], 31:[], 32:[], 33:[], 34:[], 35:[], 36:[], 37:[], 38:[], 39:[], 40:[], 41:[], 42:[], 43:[], 44:[], 45:[], 46:[], 47:[], 48:[], 49:[], 50:[], 51:[], 52:[], 53:[], 54:[], 55:[], 56:[], 57:[], 58:[], 59:[], 60:[], 61:[], 62:[], 63:[], 64:[], 65:[], 66:[], 67:[], 68:[], 69:[], 70:[], 71:[], 72:[], 73:[], 74:[]",5065674904,4700738113
1787,2,1535.9940,2008140,29786967,237224185,26.5526,false,74,true,true,true,true,true,false,false,"0:[0, 1, 2, 3, 4, 5, 6, 7, 8, 9, 10, 11, 12, 13, 14, 15, 16, 17, 18, 19, 20, 21, 22, 23, 24, 25, 26, 27, 28, 29, 30, 31, 32, 33, 34, 35, 36, 37, 38, 39, 40, 41, 42, 43, 44, 45, 46, 47, 48, 49, 50, 51, 52, 53, 54, 55, 56, 57, 58, 59, 60, 61, 62, 63, 64, 65, 66, 67, 68, 69, 70, 71, 72, 73], 1:[], 2:[], 3:[], 4:[], 5:[], 6:[], 7:[], 8:[], 9:[], 10:[], 11:[], 12:[], 13:[], 14:[], 15:[], 16:[], 17:[], 18:[], 19:[], 20:[], 21:[], 22:[], 23:[], 24:[], 25:[], 26:[], 27:[], 28:[], 29:[], 30:[], 31:[], 32:[], 33:[], 34:[], 35:[], 36:[], 37:[], 38:[], 39:[], 40:[], 41:[], 42:[], 43:[], 44:[], 45:[], 46:[], 47:[], 48:[], 49:[], 50:[], 51:[], 52:[], 53:[], 54:[], 55:[], 56:[], 57:[], 58:[], 59:[], 60:[], 61:[], 62:[], 63:[], 64:[], 65:[], 66:[], 67:[], 68:[], 69:[], 70:[], 71:[], 72:[], 73:[]",5081953024,4724396275
1789,2,1215.1187,2014861,29887455,238027377,25.5121,false,74,true,true,true,true,true,false,false,"0:[0, 1, 2, 3, 4, 5, 6, 7, 8, 9, 10, 11, 12, 13, 14, 15, 16, 17, 18, 19, 20, 21, 22, 23, 24, 25, 26, 27, 28, 29, 30, 31, 32, 33, 34, 35, 36, 37, 38, 39, 40, 41, 42, 43, 44, 45, 46, 47, 48, 49, 50, 51, 52, 53, 54, 55, 56, 57, 58, 59, 60, 61, 62, 63, 64, 65, 66, 67, 68, 69, 70, 71, 72, 73], 1:[], 2:[], 3:[], 4:[], 5:[], 6:[], 7:[], 8:[], 9:[], 10:[], 11:[], 12:[], 13:[], 14:[], 15:[], 16:[], 17:[], 18:[], 19:[], 20:[], 21:[], 22:[], 23:[], 24:[], 25:[], 26:[], 27:[], 28:[], 29:[], 30:[], 31:[], 32:[], 33:[], 34:[], 35:[], 36:[], 37:[], 38:[], 39:[], 40:[], 41:[], 42:[], 43:[], 44:[], 45:[], 46:[], 47:[], 48:[], 49:[], 50:[], 51:[], 52:[], 53:[], 54:[], 55:[], 56:[], 57:[], 58:[], 59:[], 60:[], 61:[], 62:[], 63:[], 64:[], 65:[], 66:[], 67:[], 68:[], 69:[], 70:[], 71:[], 72:[], 73:[]",5090153368,4736328627
1801,11,1465.4754,2055495,30492500,242853482,25.5814,false,76,true,true,true,true,true,false,false,"0:[0, 1, 2, 3, 4, 5, 6, 7, 8, 9, 10, 11, 12, 13, 14, 15, 16, 17, 18, 19, 20, 21, 22, 23, 24, 25, 26, 27, 28, 29, 30, 31, 32, 33, 34, 35, 36, 37, 38, 39, 40, 41, 42, 43, 44, 45, 46, 47, 48, 49, 50, 51, 52, 53, 54, 55, 56, 57, 58, 59, 60, 61, 62, 63, 64, 65, 66, 67, 68, 69, 70, 71, 72, 73, 74, 75], 1:[], 2:[], 3:[], 4:[], 5:[], 6:[], 7:[], 8:[], 9:[], 10:[], 11:[], 12:[], 13:[], 14:[], 15:[], 16:[], 17:[], 18:[], 19:[], 20:[], 21:[], 22:[], 23:[], 24:[], 25:[], 26:[], 27:[], 28:[], 29:[], 30:[], 31:[], 32:[], 33:[], 34:[], 35:[], 36:[], 37:[], 38:[], 39:[], 40:[], 41:[], 42:[], 43:[], 44:[], 45:[], 46:[], 47:[], 48:[], 49:[], 50:[], 51:[], 52:[], 53:[], 54:[], 55:[], 56:[], 57:[], 58:[], 59:[], 60:[], 61:[], 62:[], 63:[], 64:[], 65:[], 66:[], 67:[], 68:[], 69:[], 70:[], 71:[], 72:[], 73:[], 74:[], 75:[]",5139532184,4808094140
1811,2,1486.2652,2089772,31002371,246918237,25.4062,false,76,true,true,true,true,true,false,false,"0:[0, 1, 2, 3, 4, 5, 6, 7, 8, 9, 10, 11, 12, 13, 14, 15, 16, 17, 18, 19, 20, 21, 22, 23, 24, 25, 26, 27, 28, 29, 30, 31, 32, 33, 34, 35, 36, 37, 38, 39, 40, 41, 42, 43, 44, 45, 46, 47, 48, 49, 50, 51, 52, 53, 54, 55, 56, 57, 58, 59, 60, 61, 62, 63, 64, 65, 66, 67, 68, 69, 70, 71, 72, 73, 74, 75], 1:[], 2:[], 3:[], 4:[], 5:[], 6:[], 7:[], 8:[], 9:[], 10:[], 11:[], 12:[], 13:[], 14:[], 15:[], 16:[], 17:[], 18:[], 19:[], 20:[], 21:[], 22:[], 23:[], 24:[], 25:[], 26:[], 27:[], 28:[], 29:[], 30:[], 31:[], 32:[], 33:[], 34:[], 35:[], 36:[], 37:[], 38:[], 39:[], 40:[], 41:[], 42:[], 43:[], 44:[], 45:[], 46:[], 47:[], 48:[], 49:[], 50:[], 51:[], 52:[], 53:[], 54:[], 55:[], 56:[], 57:[], 58:[], 59:[], 60:[], 61:[], 62:[], 63:[], 64:[], 65:[], 66:[], 67:[], 68:[], 69:[], 70:[], 71:[], 72:[], 73:[], 74:[], 75:[]",5181144512,4868556015
1823,5,1366.7850,2131405,31622338,251863619,26.6536,false,76,true,true,true,true,true,false,false,"0:[0, 1, 2, 3, 4, 5, 6, 7, 8, 9, 10, 11, 12, 13, 14, 15, 16, 17, 18, 19, 20, 21, 22, 23, 24, 25, 26, 27, 28, 29, 30, 31, 32, 33, 34, 35, 36, 37, 38, 39, 40, 41, 42, 43, 44, 45, 46, 47, 48, 49, 50, 51, 52, 53, 54, 55, 56, 57, 58, 59, 60, 61, 62, 63, 64, 65, 66, 67, 68, 69, 70, 71, 72, 73, 74, 75], 1:[], 2:[], 3:[], 4:[], 5:[], 6:[], 7:[], 8:[], 9:[], 10:[], 11:[], 12:[], 13:[], 14:[], 15:[], 16:[], 17:[], 18:[], 19:[], 20:[], 21:[], 22:[], 23:[], 24:[], 25:[], 26:[], 27:[], 28:[], 29:[], 30:[], 31:[], 32:[], 33:[], 34:[], 35:[], 36:[], 37:[], 38:[], 39:[], 40:[], 41:[], 42:[], 43:[], 44:[], 45:[], 46:[], 47:[], 48:[], 49:[], 50:[], 51:[], 52:[], 53:[], 54:[], 55:[], 56:[], 57:[], 58:[], 59:[], 60:[], 61:[], 62:[], 63:[], 64:[], 65:[], 66:[], 67:[], 68:[], 69:[], 70:[], 71:[], 72:[], 73:[], 74:[], 75:[]",5231741064,4942091314
1831,3,1369.8937,2159465,32040189,255196637,27.8435,false,76,true,true,true,true,true,false,false,"0:[0, 1, 2, 3, 4, 5, 6, 7, 8, 9, 10, 11, 12, 13, 14, 15, 16, 17, 18, 19, 20, 21, 22, 23, 24, 25, 26, 27, 28, 29, 30, 31, 32, 33, 34, 35, 36, 37, 38, 39, 40, 41, 42, 43, 44, 45, 46, 47, 48, 49, 50, 51, 52, 53, 54, 55, 56, 57, 58, 59, 60, 61, 62, 63, 64, 65, 66, 67, 68, 69, 70, 71, 72, 73, 74, 75], 1:[], 2:[], 3:[], 4:[], 5:[], 6:[], 7:[], 8:[], 9:[], 10:[], 11:[], 12:[], 13:[], 14:[], 15:[], 16:[], 17:[], 18:[], 19:[], 20:[], 21:[], 22:[], 23:[], 24:[], 25:[], 26:[], 27:[], 28:[], 29:[], 30:[], 31:[], 32:[], 33:[], 34:[], 35:[], 36:[], 37:[], 38:[], 39:[], 40:[], 41:[], 42:[], 43:[], 44:[], 45:[], 46:[], 47:[], 48:[], 49:[], 50:[], 51:[], 52:[], 53:[], 54:[], 55:[], 56:[], 57:[], 58:[], 59:[], 60:[], 61:[], 62:[], 63:[], 64:[], 65:[], 66:[], 67:[], 68:[], 69:[], 70:[], 71:[], 72:[], 73:[], 74:[], 75:[]",5265842584,4991653577
1847,5,1701.5040,2216322,32886837,261949826,28.3433,false,77,true,true,true,true,true,false,false,"0:[0, 1, 2, 3, 4, 5, 6, 7, 8, 9, 10, 11, 12, 13, 14, 15, 16, 17, 18, 19, 20, 21, 22, 23, 24, 25, 26, 27, 28, 29, 30, 31, 32, 33, 34, 35, 36, 37, 38, 39, 40, 41, 42, 43, 44, 45, 46, 47, 48, 49, 50, 51, 52, 53, 54, 55, 56, 57, 58, 59, 60, 61, 62, 63, 64, 65, 66, 67, 68, 69, 70, 71, 72, 73, 74, 75, 76], 1:[], 2:[], 3:[], 4:[], 5:[], 6:[], 7:[], 8:[], 9:[], 10:[], 11:[], 12:[], 13:[], 14:[], 15:[], 16:[], 17:[], 18:[], 19:[], 20:[], 21:[], 22:[], 23:[], 24:[], 25:[], 26:[], 27:[], 28:[], 29:[], 30:[], 31:[], 32:[], 33:[], 34:[], 35:[], 36:[], 37:[], 38:[], 39:[], 40:[], 41:[], 42:[], 43:[], 44:[], 45:[], 46:[], 47:[], 48:[], 49:[], 50:[], 51:[], 52:[], 53:[], 54:[], 55:[], 56:[], 57:[], 58:[], 59:[], 60:[], 61:[], 62:[], 63:[], 64:[], 65:[], 66:[], 67:[], 68:[], 69:[], 70:[], 71:[], 72:[], 73:[], 74:[], 75:[], 76:[]",5334938992,5092074361
1861,2,1359.0696,2266883,33640341,267962680,28.8749,false,77,true,true,true,true,true,false,false,"0:[0, 1, 2, 3, 4, 5, 6, 7, 8, 9, 10, 11, 12, 13, 14, 15, 16, 17, 18, 19, 20, 21, 22, 23, 24, 25, 26, 27, 28, 29, 30, 31, 32, 33, 34, 35, 36, 37, 38, 39, 40, 41, 42, 43, 44, 45, 46, 47, 48, 49, 50, 51, 52, 53, 54, 55, 56, 57, 58, 59, 60, 61, 62, 63, 64, 65, 66, 67, 68, 69, 70, 71, 72, 73, 74, 75, 76], 1:[], 2:[], 3:[], 4:[], 5:[], 6:[], 7:[], 8:[], 9:[], 10:[], 11:[], 12:[], 13:[], 14:[], 15:[], 16:[], 17:[], 18:[], 19:[], 20:[], 21:[], 22:[], 23:[], 24:[], 25:[], 26:[], 27:[], 28:[], 29:[], 30:[], 31:[], 32:[], 33:[], 34:[], 35:[], 36:[], 37:[], 38:[], 39:[], 40:[], 41:[], 42:[], 43:[], 44:[], 45:[], 46:[], 47:[], 48:[], 49:[], 50:[], 51:[], 52:[], 53:[], 54:[], 55:[], 56:[], 57:[], 58:[], 59:[], 60:[], 61:[], 62:[], 63:[], 64:[], 65:[], 66:[], 67:[], 68:[], 69:[], 70:[], 71:[], 72:[], 73:[], 74:[], 75:[], 76:[]",5396432776,5718333905
1867,2,1616.5637,2288785,33966086,270559430,29.2459,false,77,true,true,true,true,true,false,false,"0:[0, 1, 2, 3, 4, 5, 6, 7, 8, 9, 10, 11, 12, 13, 14, 15, 16, 17, 18, 19, 20, 21, 22, 23, 24, 25, 26, 27, 28, 29, 30, 31, 32, 33, 34, 35, 36, 37, 38, 39, 40, 41, 42, 43, 44, 45, 46, 47, 48, 49, 50, 51, 52, 53, 54, 55, 56, 57, 58, 59, 60, 61, 62, 63, 64, 65, 66, 67, 68, 69, 70, 71, 72, 73, 74, 75, 76], 1:[], 2:[], 3:[], 4:[], 5:[], 6:[], 7:[], 8:[], 9:[], 10:[], 11:[], 12:[], 13:[], 14:[], 15:[], 16:[], 17:[], 18:[], 19:[], 20:[], 21:[], 22:[], 23:[], 24:[], 25:[], 26:[], 27:[], 28:[], 29:[], 30:[], 31:[], 32:[], 33:[], 34:[], 35:[], 36:[], 37:[], 38:[], 39:[], 40:[], 41:[], 42:[], 43:[], 44:[], 45:[], 46:[], 47:[], 48:[], 49:[], 50:[], 51:[], 52:[], 53:[], 54:[], 55:[], 56:[], 57:[], 58:[], 59:[], 60:[], 61:[], 62:[], 63:[], 64:[], 65:[], 66:[], 67:[], 68:[], 69:[], 70:[], 71:[], 72:[], 73:[], 74:[], 75:[], 76:[]",5607567400,5756956742
1871,7,1486.7653,2303465,34184671,272302781,29.6425,false,77,true,true,true,true,true,false,false,"0:[0, 1, 2, 3, 4, 5, 6, 7, 8, 9, 10, 11, 12, 13, 14, 15, 16, 17, 18, 19, 20, 21, 22, 23, 24, 25, 26, 27, 28, 29, 30, 31, 32, 33, 34, 35, 36, 37, 38, 39, 40, 41, 42, 43, 44, 45, 46, 47, 48, 49, 50, 51, 52, 53, 54, 55, 56, 57, 58, 59, 60, 61, 62, 63, 64, 65, 66, 67, 68, 69, 70, 71, 72, 73, 74, 75, 76], 1:[], 2:[], 3:[], 4:[], 5:[], 6:[], 7:[], 8:[], 9:[], 10:[], 11:[], 12:[], 13:[], 14:[], 15:[], 16:[], 17:[], 18:[], 19:[], 20:[], 21:[], 22:[], 23:[], 24:[], 25:[], 26:[], 27:[], 28:[], 29:[], 30:[], 31:[], 32:[], 33:[], 34:[], 35:[], 36:[], 37:[], 38:[], 39:[], 40:[], 41:[], 42:[], 43:[], 44:[], 45:[], 46:[], 47:[], 48:[], 49:[], 50:[], 51:[], 52:[], 53:[], 54:[], 55:[], 56:[], 57:[], 58:[], 59:[], 60:[], 61:[], 62:[], 63:[], 64:[], 65:[], 66:[], 67:[], 68:[], 69:[], 70:[], 71:[], 72:[], 73:[], 74:[], 75:[], 76:[]",5625406520,5782882835
1873,5,1576.5076,2310828,34294848,273183805,29.4860,false,78,true,true,true,true,true,false,false,"0:[0, 1, 2, 3, 4, 5, 6, 7, 8, 9, 10, 11, 12, 13, 14, 15, 16, 17, 18, 19, 20, 21, 22, 23, 24, 25, 26, 27, 28, 29, 30, 31, 32, 33, 34, 35, 36, 37, 38, 39, 40, 41, 42, 43, 44, 45, 46, 47, 48, 49, 50, 51, 52, 53, 54, 55, 56, 57, 58, 59, 60, 61, 62, 63, 64, 65, 66, 67, 68, 69, 70, 71, 72, 73, 74, 75, 76, 77], 1:[], 2:[], 3:[], 4:[], 5:[], 6:[], 7:[], 8:[], 9:[], 10:[], 11:[], 12:[], 13:[], 14:[], 15:[], 16:[], 17:[], 18:[], 19:[], 20:[], 21:[], 22:[], 23:[], 24:[], 25:[], 26:[], 27:[], 28:[], 29:[], 30:[], 31:[], 32:[], 33:[], 34:[], 35:[], 36:[], 37:[], 38:[], 39:[], 40:[], 41:[], 42:[], 43:[], 44:[], 45:[], 46:[], 47:[], 48:[], 49:[], 50:[], 51:[], 52:[], 53:[], 54:[], 55:[], 56:[], 57:[], 58:[], 59:[], 60:[], 61:[], 62:[], 63:[], 64:[], 65:[], 66:[], 67:[], 68:[], 69:[], 70:[], 71:[], 72:[], 73:[], 74:[], 75:[], 76:[], 77:[]",5634397392,5795965968
1877,2,1699.5655,2325602,34514902,274939323,29.5721,false,79,true,true,true,true,true,false,false,"0:[0, 1, 2, 3, 4, 5, 6, 7, 8, 9, 10, 11, 12, 13, 14, 15, 16, 17, 18, 19, 20, 21, 22, 23, 24, 25, 26, 27, 28, 29, 30, 31, 32, 33, 34, 35, 36, 37, 38, 39, 40, 41, 42, 43, 44, 45, 46, 47, 48, 49, 50, 51, 52, 53, 54, 55, 56, 57, 58, 59, 60, 61, 62, 63, 64, 65, 66, 67, 68, 69, 70, 71, 72, 73, 74, 75, 76, 77, 78], 1:[], 2:[], 3:[], 4:[], 5:[], 6:[], 7:[], 8:[], 9:[], 10:[], 11:[], 12:[], 13:[], 14:[], 15:[], 16:[], 17:[], 18:[], 19:[], 20:[], 21:[], 22:[], 23:[], 24:[], 25:[], 26:[], 27:[], 28:[], 29:[], 30:[], 31:[], 32:[], 33:[], 34:[], 35:[], 36:[], 37:[], 38:[], 39:[], 40:[], 41:[], 42:[], 43:[], 44:[], 45:[], 46:[], 47:[], 48:[], 49:[], 50:[], 51:[], 52:[], 53:[], 54:[], 55:[], 56:[], 57:[], 58:[], 59:[], 60:[], 61:[], 62:[], 63:[], 64:[], 65:[], 66:[], 67:[], 68:[], 69:[], 70:[], 71:[], 72:[], 73:[], 74:[], 75:[], 76:[], 77:[], 78:[]",5652356288,5822066926
1879,3,1498.6961,2333013,34624731,275813087,29.7774,false,78,true,true,true,true,true,false,false,"0:[0, 1, 2, 3, 4, 5, 6, 7, 8, 9, 10, 11, 12, 13, 14, 15, 16, 17, 18, 19, 20, 21, 22, 23, 24, 25, 26, 27, 28, 29, 30, 31, 32, 33, 34, 35, 36, 37, 38, 39, 40, 41, 42, 43, 44, 45, 46, 47, 48, 49, 50, 51, 52, 53, 54, 55, 56, 57, 58, 59, 60, 61, 62, 63, 64, 65, 66, 67, 68, 69, 70, 71, 72, 73, 74, 75, 76, 77], 1:[], 2:[], 3:[], 4:[], 5:[], 6:[], 7:[], 8:[], 9:[], 10:[], 11:[], 12:[], 13:[], 14:[], 15:[], 16:[], 17:[], 18:[], 19:[], 20:[], 21:[], 22:[], 23:[], 24:[], 25:[], 26:[], 27:[], 28:[], 29:[], 30:[], 31:[], 32:[], 33:[], 34:[], 35:[], 36:[], 37:[], 38:[], 39:[], 40:[], 41:[], 42:[], 43:[], 44:[], 45:[], 46:[], 47:[], 48:[], 49:[], 50:[], 51:[], 52:[], 53:[], 54:[], 55:[], 56:[], 57:[], 58:[], 59:[], 60:[], 61:[], 62:[], 63:[], 64:[], 65:[], 66:[], 67:[], 68:[], 69:[], 70:[], 71:[], 72:[], 73:[], 74:[], 75:[], 76:[], 77:[]",5661320472,5835078719
1889,3,1626.8539,2370301,35180576,280249086,29.4188,false,79,true,true,true,true,true,false,false,"0:[0, 1, 2, 3, 4, 5, 6, 7, 8, 9, 10, 11, 12, 13, 14, 15, 16, 17, 18, 19, 20, 21, 22, 23, 24, 25, 26, 27, 28, 29, 30, 31, 32, 33, 34, 35, 36, 37, 38, 39, 40, 41, 42, 43, 44, 45, 46, 47, 48, 49, 50, 51, 52, 53, 54, 55, 56, 57, 58, 59, 60, 61, 62, 63, 64, 65, 66, 67, 68, 69, 70, 71, 72, 73, 74, 75, 76, 77, 78], 1:[], 2:[], 3:[], 4:[], 5:[], 6:[], 7:[], 8:[], 9:[], 10:[], 11:[], 12:[], 13:[], 14:[], 15:[], 16:[], 17:[], 18:[], 19:[], 20:[], 21:[], 22:[], 23:[], 24:[], 25:[], 26:[], 27:[], 28:[], 29:[], 30:[], 31:[], 32:[], 33:[], 34:[], 35:[], 36:[], 37:[], 38:[], 39:[], 40:[], 41:[], 42:[], 43:[], 44:[], 45:[], 46:[], 47:[], 48:[], 49:[], 50:[], 51:[], 52:[], 53:[], 54:[], 55:[], 56:[], 57:[], 58:[], 59:[], 60:[], 61:[], 62:[], 63:[], 64:[], 65:[], 66:[], 67:[], 68:[], 69:[], 70:[], 71:[], 72:[], 73:[], 74:[], 75:[], 76:[], 77:[], 78:[]",5706682984,5901021992
1901,2,1796.3838,2415568,35854908,285629020,30.5152,false,79,true,true,true,true,true,false,false,"0:[0, 1, 2, 3, 4, 5, 6, 7, 8, 9, 10, 11, 12, 13, 14, 15, 16, 17, 18, 19, 20, 21, 22, 23, 24, 25, 26, 27, 28, 29, 30, 31, 32, 33, 34, 35, 36, 37, 38, 39, 40, 41, 42, 43, 44, 45, 46, 47, 48, 49, 50, 51, 52, 53, 54, 55, 56, 57, 58, 59, 60, 61, 62, 63, 64, 65, 66, 67, 68, 69, 70, 71, 72, 73, 74, 75, 76, 77, 78], 1:[], 2:[], 3:[], 4:[], 5:[], 6:[], 7:[], 8:[], 9:[], 10:[], 11:[], 12:[], 13:[], 14:[], 15:[], 16:[], 17:[], 18:[], 19:[], 20:[], 21:[], 22:[], 23:[], 24:[], 25:[], 26:[], 27:[], 28:[], 29:[], 30:[], 31:[], 32:[], 33:[], 34:[], 35:[], 36:[], 37:[], 38:[], 39:[], 40:[], 41:[], 42:[], 43:[], 44:[], 45:[], 46:[], 47:[], 48:[], 49:[], 50:[], 51:[], 52:[], 53:[], 54:[], 55:[], 56:[], 57:[], 58:[], 59:[], 60:[], 61:[], 62:[], 63:[], 64:[], 65:[], 66:[], 67:[], 68:[], 69:[], 70:[], 71:[], 72:[], 73:[], 74:[], 75:[], 76:[], 77:[], 78:[]",5761715952,5981005980
1907,2,1724.6181,2438416,36194747,288338087,31.2268,false,79,true,true,true,true,true,false,false,"0:[0, 1, 2, 3, 4, 5, 6, 7, 8, 9, 10, 11, 12, 13, 14, 15, 16, 17, 18, 19, 20, 21, 22, 23, 24, 25, 26, 27, 28, 29, 30, 31, 32, 33, 34, 35, 36, 37, 38, 39, 40, 41, 42, 43, 44, 45, 46, 47, 48, 49, 50, 51, 52, 53, 54, 55, 56, 57, 58, 59, 60, 61, 62, 63, 64, 65, 66, 67, 68, 69, 70, 71, 72, 73, 74, 75, 76, 77, 78], 1:[], 2:[], 3:[], 4:[], 5:[], 6:[], 7:[], 8:[], 9:[], 10:[], 11:[], 12:[], 13:[], 14:[], 15:[], 16:[], 17:[], 18:[], 19:[], 20:[], 21:[], 22:[], 23:[], 24:[], 25:[], 26:[], 27:[], 28:[], 29:[], 30:[], 31:[], 32:[], 33:[], 34:[], 35:[], 36:[], 37:[], 38:[], 39:[], 40:[], 41:[], 42:[], 43:[], 44:[], 45:[], 46:[], 47:[], 48:[], 49:[], 50:[], 51:[], 52:[], 53:[], 54:[], 55:[], 56:[], 57:[], 58:[], 59:[], 60:[], 61:[], 62:[], 63:[], 64:[], 65:[], 66:[], 67:[], 68:[], 69:[], 70:[], 71:[], 72:[], 73:[], 74:[], 75:[], 76:[], 77:[], 78:[]",5789451424,6021299527
1913,3,1675.2226,2461408,36537705,291075924,32.5930,false,79,true,true,true,true,true,false,false,"0:[0, 1, 2, 3, 4, 5, 6, 7, 8, 9, 10, 11, 12, 13, 14, 15, 16, 17, 18, 19, 20, 21, 22, 23, 24, 25, 26, 27, 28, 29, 30, 31, 32, 33, 34, 35, 36, 37, 38, 39, 40, 41, 42, 43, 44, 45, 46, 47, 48, 49, 50, 51, 52, 53, 54, 55, 56, 57, 58, 59, 60, 61, 62, 63, 64, 65, 66, 67, 68, 69, 70, 71, 72, 73, 74, 75, 76, 77, 78], 1:[], 2:[], 3:[], 4:[], 5:[], 6:[], 7:[], 8:[], 9:[], 10:[], 11:[], 12:[], 13:[], 14:[], 15:[], 16:[], 17:[], 18:[], 19:[], 20:[], 21:[], 22:[], 23:[], 24:[], 25:[], 26:[], 27:[], 28:[], 29:[], 30:[], 31:[], 32:[], 33:[], 34:[], 35:[], 36:[], 37:[], 38:[], 39:[], 40:[], 41:[], 42:[], 43:[], 44:[], 45:[], 46:[], 47:[], 48:[], 49:[], 50:[], 51:[], 52:[], 53:[], 54:[], 55:[], 56:[], 57:[], 58:[], 59:[], 60:[], 61:[], 62:[], 63:[], 64:[], 65:[], 66:[], 67:[], 68:[], 69:[], 70:[], 71:[], 72:[], 73:[], 74:[], 75:[], 76:[], 77:[], 78:[]",5817439872,6061992813
1931,2,1484.2044,2531250,37577607,299370005,33.0568,false,81,true,true,true,true,true,false,false,"0:[0, 1, 2, 3, 4, 5, 6, 7, 8, 9, 10, 11, 12, 13, 14, 15, 16, 17, 18, 19, 20, 21, 22, 23, 24, 25, 26, 27, 28, 29, 30, 31, 32, 33, 34, 35, 36, 37, 38, 39, 40, 41, 42, 43, 44, 45, 46, 47, 48, 49, 50, 51, 52, 53, 54, 55, 56, 57, 58, 59, 60, 61, 62, 63, 64, 65, 66, 67, 68, 69, 70, 71, 72, 73, 74, 75, 76, 77, 78, 79, 80], 1:[], 2:[], 3:[], 4:[], 5:[], 6:[], 7:[], 8:[], 9:[], 10:[], 11:[], 12:[], 13:[], 14:[], 15:[], 16:[], 17:[], 18:[], 19:[], 20:[], 21:[], 22:[], 23:[], 24:[], 25:[], 26:[], 27:[], 28:[], 29:[], 30:[], 31:[], 32:[], 33:[], 34:[], 35:[], 36:[], 37:[], 38:[], 39:[], 40:[], 41:[], 42:[], 43:[], 44:[], 45:[], 46:[], 47:[], 48:[], 49:[], 50:[], 51:[], 52:[], 53:[], 54:[], 55:[], 56:[], 57:[], 58:[], 59:[], 60:[], 61:[], 62:[], 63:[], 64:[], 65:[], 66:[], 67:[], 68:[], 69:[], 70:[], 71:[], 72:[], 73:[], 74:[], 75:[], 76:[], 77:[], 78:[], 79:[], 80:[]",5902308240,6185321235
1933,2,1893.7456,2539091,37694947,300308387,33.5043,false,81,true,true,true,true,true,false,false,"0:[0, 1, 2, 3, 4, 5, 6, 7, 8, 9, 10, 11, 12, 13, 14, 15, 16, 17, 18, 19, 20, 21, 22, 23, 24, 25, 26, 27, 28, 29, 30, 31, 32, 33, 34, 35, 36, 37, 38, 39, 40, 41, 42, 43, 44, 45, 46, 47, 48, 49, 50, 51, 52, 53, 54, 55, 56, 57, 58, 59, 60, 61, 62, 63, 64, 65, 66, 67, 68, 69, 70, 71, 72, 73, 74, 75, 76, 77, 78, 79, 80], 1:[], 2:[], 3:[], 4:[], 5:[], 6:[], 7:[], 8:[], 9:[], 10:[], 11:[], 12:[], 13:[], 14:[], 15:[], 16:[], 17:[], 18:[], 19:[], 20:[], 21:[], 22:[], 23:[], 24:[], 25:[], 26:[], 27:[], 28:[], 29:[], 30:[], 31:[], 32:[], 33:[], 34:[], 35:[], 36:[], 37:[], 38:[], 39:[], 40:[], 41:[], 42:[], 43:[], 44:[], 45:[], 46:[], 47:[], 48:[], 49:[], 50:[], 51:[], 52:[], 53:[], 54:[], 55:[], 56:[], 57:[], 58:[], 59:[], 60:[], 61:[], 62:[], 63:[], 64:[], 65:[], 66:[], 67:[], 68:[], 69:[], 70:[], 71:[], 72:[], 73:[], 74:[], 75:[], 76:[], 77:[], 78:[], 79:[], 80:[]",5911883624,6199254327
1949,2,2007.5175,2602402,38638052,307832090,36.2080,false,81,true,true,true,true,true,false,false,"0:[0, 1, 2, 3, 4, 5, 6, 7, 8, 9, 10, 11, 12, 13, 14, 15, 16, 17, 18, 19, 20, 21, 22, 23, 24, 25, 26, 27, 28, 29, 30, 31, 32, 33, 34, 35, 36, 37, 38, 39, 40, 41, 42, 43, 44, 45, 46, 47, 48, 49, 50, 51, 52, 53, 54, 55, 56, 57, 58, 59, 60, 61, 62, 63, 64, 65, 66, 67, 68, 69, 70, 71, 72, 73, 74, 75, 76, 77, 78, 79, 80], 1:[], 2:[], 3:[], 4:[], 5:[], 6:[], 7:[], 8:[], 9:[], 10:[], 11:[], 12:[], 13:[], 14:[], 15:[], 16:[], 17:[], 18:[], 19:[], 20:[], 21:[], 22:[], 23:[], 24:[], 25:[], 26:[], 27:[], 28:[], 29:[], 30:[], 31:[], 32:[], 33:[], 34:[], 35:[], 36:[], 37:[], 38:[], 39:[], 40:[], 41:[], 42:[], 43:[], 44:[], 45:[], 46:[], 47:[], 48:[], 49:[], 50:[], 51:[], 52:[], 53:[], 54:[], 55:[], 56:[], 57:[], 58:[], 59:[], 60:[], 61:[], 62:[], 63:[], 64:[], 65:[], 66:[], 67:[], 68:[], 69:[], 70:[], 71:[], 72:[], 73:[], 74:[], 75:[], 76:[], 77:[], 78:[], 79:[], 80:[]",5988851488,6847986644
1951,3,1719.4836,2610388,38756553,308775526,34.3880,false,81,true,true,true,true,true,false,false,"0:[0, 1, 2, 3, 4, 5, 6, 7, 8, 9, 10, 11, 12, 13, 14, 15, 16, 17, 18, 19, 20, 21, 22, 23, 24, 25, 26, 27, 28, 29, 30, 31, 32, 33, 34, 35, 36, 37, 38, 39, 40, 41, 42, 43, 44, 45, 46, 47, 48, 49, 50, 51, 52, 53, 54, 55, 56, 57, 58, 59, 60, 61, 62, 63, 64, 65, 66, 67, 68, 69, 70, 71, 72, 73, 74, 75, 76, 77, 78, 79, 80], 1:[], 2:[], 3:[], 4:[], 5:[], 6:[], 7:[], 8:[], 9:[], 10:[], 11:[], 12:[], 13:[], 14:[], 15:[], 16:[], 17:[], 18:[], 19:[], 20:[], 21:[], 22:[], 23:[], 24:[], 25:[], 26:[], 27:[], 28:[], 29:[], 30:[], 31:[], 32:[], 33:[], 34:[], 35:[], 36:[], 37:[], 38:[], 39:[], 40:[], 41:[], 42:[], 43:[], 44:[], 45:[], 46:[], 47:[], 48:[], 49:[], 50:[], 51:[], 52:[], 53:[], 54:[], 55:[], 56:[], 57:[], 58:[], 59:[], 60:[], 61:[], 62:[], 63:[], 64:[], 65:[], 66:[], 67:[], 68:[], 69:[], 70:[], 71:[], 72:[], 73:[], 74:[], 75:[], 76:[], 77:[], 78:[], 79:[], 80:[]",5998523232,6862027373
1973,2,2049.8743,2699326,40082128,319353494,40.0291,false,83,true,true,true,true,true,false,false,"0:[0, 1, 2, 3, 4, 5, 6, 7, 8, 9, 10, 11, 12, 13, 14, 15, 16, 17, 18, 19, 20, 21, 22, 23, 24, 25, 26, 27, 28, 29, 30, 31, 32, 33, 34, 35, 36, 37, 38, 39, 40, 41, 42, 43, 44, 45, 46, 47, 48, 49, 50, 51, 52, 53, 54, 55, 56, 57, 58, 59, 60, 61, 62, 63, 64, 65, 66, 67, 68, 69, 70, 71, 72, 73, 74, 75, 76, 77, 78, 79, 80, 81, 82], 1:[], 2:[], 3:[], 4:[], 5:[], 6:[], 7:[], 8:[], 9:[], 10:[], 11:[], 12:[], 13:[], 14:[], 15:[], 16:[], 17:[], 18:[], 19:[], 20:[], 21:[], 22:[], 23:[], 24:[], 25:[], 26:[], 27:[], 28:[], 29:[], 30:[], 31:[], 32:[], 33:[], 34:[], 35:[], 36:[], 37:[], 38:[], 39:[], 40:[], 41:[], 42:[], 43:[], 44:[], 45:[], 46:[], 47:[], 48:[], 49:[], 50:[], 51:[], 52:[], 53:[], 54:[], 55:[], 56:[], 57:[], 58:[], 59:[], 60:[], 61:[], 62:[], 63:[], 64:[], 65:[], 66:[], 67:[], 68:[], 69:[], 70:[], 71:[], 72:[], 73:[], 74:[], 75:[], 76:[], 77:[], 78:[], 79:[], 80:[], 81:[], 82:[]",6106703744,7019269808
1979,2,2014.7109,2723928,40448103,322270902,38.1335,false,83,true,true,true,true,true,false,false,"0:[0, 1, 2, 3, 4, 5, 6, 7, 8, 9, 10, 11, 12, 13, 14, 15, 16, 17, 18, 19, 20, 21, 22, 23, 24, 25, 26, 27, 28, 29, 30, 31, 32, 33, 34, 35, 36, 37, 38, 39, 40, 41, 42, 43, 44, 45, 46, 47, 48, 49, 50, 51, 52, 53, 54, 55, 56, 57, 58, 59, 60, 61, 62, 63, 64, 65, 66, 67, 68, 69, 70, 71, 72, 73, 74, 75, 76, 77, 78, 79, 80, 81, 82], 1:[], 2:[], 3:[], 4:[], 5:[], 6:[], 7:[], 8:[], 9:[], 10:[], 11:[], 12:[], 13:[], 14:[], 15:[], 16:[], 17:[], 18:[], 19:[], 20:[], 21:[], 22:[], 23:[], 24:[], 25:[], 26:[], 27:[], 28:[], 29:[], 30:[], 31:[], 32:[], 33:[], 34:[], 35:[], 36:[], 37:[], 38:[], 39:[], 40:[], 41:[], 42:[], 43:[], 44:[], 45:[], 46:[], 47:[], 48:[], 49:[], 50:[], 51:[], 52:[], 53:[], 54:[], 55:[], 56:[], 57:[], 58:[], 59:[], 60:[], 61:[], 62:[], 63:[], 64:[], 65:[], 66:[], 67:[], 68:[], 69:[], 70:[], 71:[], 72:[], 73:[], 74:[], 75:[], 76:[], 77:[], 78:[], 79:[], 80:[], 81:[], 82:[]",6136572192,7062661859
1987,2,1631.7092,2756961,40940369,326198948,39.5369,false,82,true,true,true,true,true,false,false,"0:[0, 1, 2, 3, 4, 5, 6, 7, 8, 9, 10, 11, 12, 13, 14, 15, 16, 17, 18, 19, 20, 21, 22, 23, 24, 25, 26, 27, 28, 29, 30, 31, 32, 33, 34, 35, 36, 37, 38, 39, 40, 41, 42, 43, 44, 45, 46, 47, 48, 49, 50, 51, 52, 53, 54, 55, 56, 57, 58, 59, 60, 61, 62, 63, 64, 65, 66, 67, 68, 69, 70, 71, 72, 73, 74, 75, 76, 77, 78, 79, 80, 81], 1:[], 2:[], 3:[], 4:[], 5:[], 6:[], 7:[], 8:[], 9:[], 10:[], 11:[], 12:[], 13:[], 14:[], 15:[], 16:[], 17:[], 18:[], 19:[], 20:[], 21:[], 22:[], 23:[], 24:[], 25:[], 26:[], 27:[], 28:[], 29:[], 30:[], 31:[], 32:[], 33:[], 34:[], 35:[], 36:[], 37:[], 38:[], 39:[], 40:[], 41:[], 42:[], 43:[], 44:[], 45:[], 46:[], 47:[], 48:[], 49:[], 50:[], 51:[], 52:[], 53:[], 54:[], 55:[], 56:[], 57:[], 58:[], 59:[], 60:[], 61:[], 62:[], 63:[], 64:[], 65:[], 66:[], 67:[], 68:[], 69:[], 70:[], 71:[], 72:[], 73:[], 74:[], 75:[], 76:[], 77:[], 78:[], 79:[], 80:[], 81:[]",6176746264,7121050925
1993,5,2027.3440,2781911,41312617,329170887,43.1341,false,83,true,true,true,true,true,false,false,"0:[0, 1, 2, 3, 4, 5, 6, 7, 8, 9, 10, 11, 12, 13, 14, 15, 16, 17, 18, 19, 20, 21, 22, 23, 24, 25, 26, 27, 28, 29, 30, 31, 32, 33, 34, 35, 36, 37, 38, 39, 40, 41, 42, 43, 44, 45, 46, 47, 48, 49, 50, 51, 52, 53, 54, 55, 56, 57, 58, 59, 60, 61, 62, 63, 64, 65, 66, 67, 68, 69, 70, 71, 72, 73, 74, 75, 76, 77, 78, 79, 80, 81, 82], 1:[], 2:[], 3:[], 4:[], 5:[], 6:[], 7:[], 8:[], 9:[], 10:[], 11:[], 12:[], 13:[], 14:[], 15:[], 16:[], 17:[], 18:[], 19:[], 20:[], 21:[], 22:[], 23:[], 24:[], 25:[], 26:[], 27:[], 28:[], 29:[], 30:[], 31:[], 32:[], 33:[], 34:[], 35:[], 36:[], 37:[], 38:[], 39:[], 40:[], 41:[], 42:[], 43:[], 44:[], 45:[], 46:[], 47:[], 48:[], 49:[], 50:[], 51:[], 52:[], 53:[], 54:[], 55:[], 56:[], 57:[], 58:[], 59:[], 60:[], 61:[], 62:[], 63:[], 64:[], 65:[], 66:[], 67:[], 68:[], 69:[], 70:[], 71:[], 72:[], 73:[], 74:[], 75:[], 76:[], 77:[], 78:[], 79:[], 80:[], 81:[], 82:[]",6207124904,7165218549
1997,2,2176.0466,2798628,41561728,331158596,42.1341,false,84,true,true,true,true,true,false,false,"0:[0, 1, 2, 3, 4, 5, 6, 7, 8, 9, 10, 11, 12, 13, 14, 15, 16, 17, 18, 19, 20, 21, 22, 23, 24, 25, 26, 27, 28, 29, 30, 31, 32, 33, 34, 35, 36, 37, 38, 39, 40, 41, 42, 43, 44, 45, 46, 47, 48, 49, 50, 51, 52, 53, 54, 55, 56, 57, 58, 59, 60, 61, 62, 63, 64, 65, 66, 67, 68, 69, 70, 71, 72, 73, 74, 75, 76, 77, 78, 79, 80, 81, 82, 83], 1:[], 2:[], 3:[], 4:[], 5:[], 6:[], 7:[], 8:[], 9:[], 10:[], 11:[], 12:[], 13:[], 14:[], 15:[], 16:[], 17:[], 18:[], 19:[], 20:[], 21:[], 22:[], 23:[], 24:[], 25:[], 26:[], 27:[], 28:[], 29:[], 30:[], 31:[], 32:[], 33:[], 34:[], 35:[], 36:[], 37:[], 38:[], 39:[], 40:[], 41:[], 42:[], 43:[], 44:[], 45:[], 46:[], 47:[], 48:[], 49:[], 50:[], 51:[], 52:[], 53:[], 54:[], 55:[], 56:[], 57:[], 58:[], 59:[], 60:[], 61:[], 62:[], 63:[], 64:[], 65:[], 66:[], 67:[], 68:[], 69:[], 70:[], 71:[], 72:[], 73:[], 74:[], 75:[], 76:[], 77:[], 78:[], 79:[], 80:[], 81:[], 82:[], 83:[]",6227454992,7194766000
1999,3,2293.9464,2807012,41686136,332149142,43.6533,false,83,true,true,true,true,true,false,false,"0:[0, 1, 2, 3, 4, 5, 6, 7, 8, 9, 10, 11, 12, 13, 14, 15, 16, 17, 18, 19, 20, 21, 22, 23, 24, 25, 26, 27, 28, 29, 30, 31, 32, 33, 34, 35, 36, 37, 38, 39, 40, 41, 42, 43, 44, 45, 46, 47, 48, 49, 50, 51, 52, 53, 54, 55, 56, 57, 58, 59, 60, 61, 62, 63, 64, 65, 66, 67, 68, 69, 70, 71, 72, 73, 74, 75, 76, 77, 78, 79, 80, 81, 82], 1:[], 2:[], 3:[], 4:[], 5:[], 6:[], 7:[], 8:[], 9:[], 10:[], 11:[], 12:[], 13:[], 14:[], 15:[], 16:[], 17:[], 18:[], 19:[], 20:[], 21:[], 22:[], 23:[], 24:[], 25:[], 26:[], 27:[], 28:[], 29:[], 30:[], 31:[], 32:[], 33:[], 34:[], 35:[], 36:[], 37:[], 38:[], 39:[], 40:[], 41:[], 42:[], 43:[], 44:[], 45:[], 46:[], 47:[], 48:[], 49:[], 50:[], 51:[], 52:[], 53:[], 54:[], 55:[], 56:[], 57:[], 58:[], 59:[], 60:[], 61:[], 62:[], 63:[], 64:[], 65:[], 66:[], 67:[], 68:[], 69:[], 70:[], 71:[], 72:[], 73:[], 74:[], 75:[], 76:[], 77:[], 78:[], 79:[], 80:[], 81:[], 82:[]",6237608848,7209506536
2003,2,1787.3201,2823828,41936714,334148458,43.7146,false,83,true,true,true,true,true,false,false,"0:[0, 1, 2, 3, 4, 5, 6, 7, 8, 9, 10, 11, 12, 13, 14, 15, 16, 17, 18, 19, 20, 21, 22, 23, 24, 25, 26, 27, 28, 29, 30, 31, 32, 33, 34, 35, 36, 37, 38, 39, 40, 41, 42, 43, 44, 45, 46, 47, 48, 49, 50, 51, 52, 53, 54, 55, 56, 57, 58, 59, 60, 61, 62, 63, 64, 65, 66, 67, 68, 69, 70, 71, 72, 73, 74, 75, 76, 77, 78, 79, 80, 81, 82], 1:[], 2:[], 3:[], 4:[], 5:[], 6:[], 7:[], 8:[], 9:[], 10:[], 11:[], 12:[], 13:[], 14:[], 15:[], 16:[], 17:[], 18:[], 19:[], 20:[], 21:[], 22:[], 23:[], 24:[], 25:[], 26:[], 27:[], 28:[], 29:[], 30:[], 31:[], 32:[], 33:[], 34:[], 35:[], 36:[], 37:[], 38:[], 39:[], 40:[], 41:[], 42:[], 43:[], 44:[], 45:[], 46:[], 47:[], 48:[], 49:[], 50:[], 51:[], 52:[], 53:[], 54:[], 55:[], 56:[], 57:[], 58:[], 59:[], 60:[], 61:[], 62:[], 63:[], 64:[], 65:[], 66:[], 67:[], 68:[], 69:[], 70:[], 71:[], 72:[], 73:[], 74:[], 75:[], 76:[], 77:[], 78:[], 79:[], 80:[], 81:[], 82:[]",6258058672,7239227714
2011,2,2257.7724,2857663,42440903,338171306,43.1123,false,84,true,true,true,true,true,false,false,"0:[0, 1, 2, 3, 4, 5, 6, 7, 8, 9, 10, 11, 12, 13, 14, 15, 16, 17, 18, 19, 20, 21, 22, 23, 24, 25, 26, 27, 28, 29, 30, 31, 32, 33, 34, 35, 36, 37, 38, 39, 40, 41, 42, 43, 44, 45, 46, 47, 48, 49, 50, 51, 52, 53, 54, 55, 56, 57, 58, 59, 60, 61, 62, 63, 64, 65, 66, 67, 68, 69, 70, 71, 72, 73, 74, 75, 76, 77, 78, 79, 80, 81, 82, 83], 1:[], 2:[], 3:[], 4:[], 5:[], 6:[], 7:[], 8:[], 9:[], 10:[], 11:[], 12:[], 13:[], 14:[], 15:[], 16:[], 17:[], 18:[], 19:[], 20:[], 21:[], 22:[], 23:[], 24:[], 25:[], 26:[], 27:[], 28:[], 29:[], 30:[], 31:[], 32:[], 33:[], 34:[], 35:[], 36:[], 37:[], 38:[], 39:[], 40:[], 41:[], 42:[], 43:[], 44:[], 45:[], 46:[], 47:[], 48:[], 49:[], 50:[], 51:[], 52:[], 53:[], 54:[], 55:[], 56:[], 57:[], 58:[], 59:[], 60:[], 61:[], 62:[], 63:[], 64:[], 65:[], 66:[], 67:[], 68:[], 69:[], 70:[], 71:[], 72:[], 73:[], 74:[], 75:[], 76:[], 77:[], 78:[], 79:[], 80:[], 81:[], 82:[], 83:[]",6299205832,7299029707
2017,5,2181.0328,2883216,42822165,341215295,47.1076,false,84,true,true,true,true,true,false,false,"0:[0, 1, 2, 3, 4, 5, 6, 7, 8, 9, 10, 11, 12, 13, 14, 15, 16, 17, 18, 19, 20, 21, 22, 23, 24, 25, 26, 27, 28, 29, 30, 31, 32, 33, 34, 35, 36, 37, 38, 39, 40, 41, 42, 43, 44, 45, 46, 47, 48, 49, 50, 51, 52, 53, 54, 55, 56, 57, 58, 59, 60, 61, 62, 63, 64, 65, 66, 67, 68, 69, 70, 71, 72, 73, 74, 75, 76, 77, 78, 79, 80, 81, 82, 83], 1:[], 2:[], 3:[], 4:[], 5:[], 6:[], 7:[], 8:[], 9:[], 10:[], 11:[], 12:[], 13:[], 14:[], 15:[], 16:[], 17:[], 18:[], 19:[], 20:[], 21:[], 22:[], 23:[], 24:[], 25:[], 26:[], 27:[], 28:[], 29:[], 30:[], 31:[], 32:[], 33:[], 34:[], 35:[], 36:[], 37:[], 38:[], 39:[], 40:[], 41:[], 42:[], 43:[], 44:[], 45:[], 46:[], 47:[], 48:[], 49:[], 50:[], 51:[], 52:[], 53:[], 54:[], 55:[], 56:[], 57:[], 58:[], 59:[], 60:[], 61:[], 62:[], 63:[], 64:[], 65:[], 66:[], 67:[], 68:[], 69:[], 70:[], 71:[], 72:[], 73:[], 74:[], 75:[], 76:[], 77:[], 78:[], 79:[], 80:[], 81:[], 82:[], 83:[]",6330320064,7344266665
2027,2,1929.1008,2926142,43461297,346312651,43.5254,false,84,true,true,true,true,true,false,false,"0:[0, 1, 2, 3, 4, 5, 6, 7, 8, 9, 10, 11, 12, 13, 14, 15, 16, 17, 18, 19, 20, 21, 22, 23, 24, 25, 26, 27, 28, 29, 30, 31, 32, 33, 34, 35, 36, 37, 38, 39, 40, 41, 42, 43, 44, 45, 46, 47, 48, 49, 50, 51, 52, 53, 54, 55, 56, 57, 58, 59, 60, 61, 62, 63, 64, 65, 66, 67, 68, 69, 70, 71, 72, 73, 74, 75, 76, 77, 78, 79, 80, 81, 82, 83], 1:[], 2:[], 3:[], 4:[], 5:[], 6:[], 7:[], 8:[], 9:[], 10:[], 11:[], 12:[], 13:[], 14:[], 15:[], 16:[], 17:[], 18:[], 19:[], 20:[], 21:[], 22:[], 23:[], 24:[], 25:[], 26:[], 27:[], 28:[], 29:[], 30:[], 31:[], 32:[], 33:[], 34:[], 35:[], 36:[], 37:[], 38:[], 39:[], 40:[], 41:[], 42:[], 43:[], 44:[], 45:[], 46:[], 47:[], 48:[], 49:[], 50:[], 51:[], 52:[], 53:[], 54:[], 55:[], 56:[], 57:[], 58:[], 59:[], 60:[], 61:[], 62:[], 63:[], 64:[], 65:[], 66:[], 67:[], 68:[], 69:[], 70:[], 71:[], 72:[], 73:[], 74:[], 75:[], 76:[], 77:[], 78:[], 79:[], 80:[], 81:[], 82:[], 83:[]",6382480848,7420058501
2029,2,1861.2769,2934779,43590496,347345491,39.9962,false,84,true,true,true,true,true,false,false,"0:[0, 1, 2, 3, 4, 5, 6, 7, 8, 9, 10, 11, 12, 13, 14, 15, 16, 17, 18, 19, 20, 21, 22, 23, 24, 25, 26, 27, 28, 29, 30, 31, 32, 33, 34, 35, 36, 37, 38, 39, 40, 41, 42, 43, 44, 45, 46, 47, 48, 49, 50, 51, 52, 53, 54, 55, 56, 57, 58, 59, 60, 61, 62, 63, 64, 65, 66, 67, 68, 69, 70, 71, 72, 73, 74, 75, 76, 77, 78, 79, 80, 81, 82, 83], 1:[], 2:[], 3:[], 4:[], 5:[], 6:[], 7:[], 8:[], 9:[], 10:[], 11:[], 12:[], 13:[], 14:[], 15:[], 16:[], 17:[], 18:[], 19:[], 20:[], 21:[], 22:[], 23:[], 24:[], 25:[], 26:[], 27:[], 28:[], 29:[], 30:[], 31:[], 32:[], 33:[], 34:[], 35:[], 36:[], 37:[], 38:[], 39:[], 40:[], 41:[], 42:[], 43:[], 44:[], 45:[], 46:[], 47:[], 48:[], 49:[], 50:[], 51:[], 52:[], 53:[], 54:[], 55:[], 56:[], 57:[], 58:[], 59:[], 60:[], 61:[], 62:[], 63:[], 64:[], 65:[], 66:[], 67:[], 68:[], 69:[], 70:[], 71:[], 72:[], 73:[], 74:[], 75:[], 76:[], 77:[], 78:[], 79:[], 80:[], 81:[], 82:[], 83:[]",6393024056,7435397912
2039,7,2561.2350,2978214,44237237,352503654,41.1779,false,84,true,true,true,true,true,false,false,"0:[0, 1, 2, 3, 4, 5, 6, 7, 8, 9, 10, 11, 12, 13, 14, 15, 16, 17, 18, 19, 20, 21, 22, 23, 24, 25, 26, 27, 28, 29, 30, 31, 32, 33, 34, 35, 36, 37, 38, 39, 40, 41, 42, 43, 44, 45, 46, 47, 48, 49, 50, 51, 52, 53, 54, 55, 56, 57, 58, 59, 60, 61, 62, 63, 64, 65, 66, 67, 68, 69, 70, 71, 72, 73, 74, 75, 76, 77, 78, 79, 80, 81, 82, 83], 1:[], 2:[], 3:[], 4:[], 5:[], 6:[], 7:[], 8:[], 9:[], 10:[], 11:[], 12:[], 13:[], 14:[], 15:[], 16:[], 17:[], 18:[], 19:[], 20:[], 21:[], 22:[], 23:[], 24:[], 25:[], 26:[], 27:[], 28:[], 29:[], 30:[], 31:[], 32:[], 33:[], 34:[], 35:[], 36:[], 37:[], 38:[], 39:[], 40:[], 41:[], 42:[], 43:[], 44:[], 45:[], 46:[], 47:[], 48:[], 49:[], 50:[], 51:[], 52:[], 53:[], 54:[], 55:[], 56:[], 57:[], 58:[], 59:[], 60:[], 61:[], 62:[], 63:[], 64:[], 65:[], 66:[], 67:[], 68:[], 69:[], 70:[], 71:[], 72:[], 73:[], 74:[], 75:[], 76:[], 77:[], 78:[], 79:[], 80:[], 81:[], 82:[], 83:[]",6445805776,7512092185
2053,2,2132.6683,3039739,45154707,359826683,72.4989,false,86,true,true,true,true,true,false,false,"0:[0, 1, 2, 3, 4, 5, 6, 7, 8, 9, 10, 11, 12, 13, 14, 15, 16, 17, 18, 19, 20, 21, 22, 23, 24, 25, 26, 27, 28, 29, 30, 31, 32, 33, 34, 35, 36, 37, 38, 39, 40, 41, 42, 43, 44, 45, 46, 47, 48, 49, 50, 51, 52, 53, 54, 55, 56, 57, 58, 59, 60, 61, 62, 63, 64, 65, 66, 67, 68, 69, 70, 71, 72, 73, 74, 75, 76, 77, 78, 79, 80, 81, 82, 83, 84, 85], 1:[], 2:[], 3:[], 4:[], 5:[], 6:[], 7:[], 8:[], 9:[], 10:[], 11:[], 12:[], 13:[], 14:[], 15:[], 16:[], 17:[], 18:[], 19:[], 20:[], 21:[], 22:[], 23:[], 24:[], 25:[], 26:[], 27:[], 28:[], 29:[], 30:[], 31:[], 32:[], 33:[], 34:[], 35:[], 36:[], 37:[], 38:[], 39:[], 40:[], 41:[], 42:[], 43:[], 44:[], 45:[], 46:[], 47:[], 48:[], 49:[], 50:[], 51:[], 52:[], 53:[], 54:[], 55:[], 56:[], 57:[], 58:[], 59:[], 60:[], 61:[], 62:[], 63:[], 64:[], 65:[], 66:[], 67:[], 68:[], 69:[], 70:[], 71:[], 72:[], 73:[], 74:[], 75:[], 76:[], 77:[], 78:[], 79:[], 80:[], 81:[], 82:[], 83:[], 84:[], 85:[]",6520679976,7620929703
2063,5,2139.1375,3084201,45816799,365107512,44.1816,false,86,true,true,true,true,true,false,false,"0:[0, 1, 2, 3, 4, 5, 6, 7, 8, 9, 10, 11, 12, 13, 14, 15, 16, 17, 18, 19, 20, 21, 22, 23, 24, 25, 26, 27, 28, 29, 30, 31, 32, 33, 34, 35, 36, 37, 38, 39, 40, 41, 42, 43, 44, 45, 46, 47, 48, 49, 50, 51, 52, 53, 54, 55, 56, 57, 58, 59, 60, 61, 62, 63, 64, 65, 66, 67, 68, 69, 70, 71, 72, 73, 74, 75, 76, 77, 78, 79, 80, 81, 82, 83, 84, 85], 1:[], 2:[], 3:[], 4:[], 5:[], 6:[], 7:[], 8:[], 9:[], 10:[], 11:[], 12:[], 13:[], 14:[], 15:[], 16:[], 17:[], 18:[], 19:[], 20:[], 21:[], 22:[], 23:[], 24:[], 25:[], 26:[], 27:[], 28:[], 29:[], 30:[], 31:[], 32:[], 33:[], 34:[], 35:[], 36:[], 37:[], 38:[], 39:[], 40:[], 41:[], 42:[], 43:[], 44:[], 45:[], 46:[], 47:[], 48:[], 49:[], 50:[], 51:[], 52:[], 53:[], 54:[], 55:[], 56:[], 57:[], 58:[], 59:[], 60:[], 61:[], 62:[], 63:[], 64:[], 65:[], 66:[], 67:[], 68:[], 69:[], 70:[], 71:[], 72:[], 73:[], 74:[], 75:[], 76:[], 77:[], 78:[], 79:[], 80:[], 81:[], 82:[], 83:[], 84:[], 85:[]",6574714424,7699444147
2069,2,1966.3756,3111086,46218008,368311037,44.6215,false,86,true,true,true,true,true,false,false,"0:[0, 1, 2, 3, 4, 5, 6, 7, 8, 9, 10, 11, 12, 13, 14, 15, 16, 17, 18, 19, 20, 21, 22, 23, 24, 25, 26, 27, 28, 29, 30, 31, 32, 33, 34, 35, 36, 37, 38, 39, 40, 41, 42, 43, 44, 45, 46, 47, 48, 49, 50, 51, 52, 53, 54, 55, 56, 57, 58, 59, 60, 61, 62, 63, 64, 65, 66, 67, 68, 69, 70, 71, 72, 73, 74, 75, 76, 77, 78, 79, 80, 81, 82, 83, 84, 85], 1:[], 2:[], 3:[], 4:[], 5:[], 6:[], 7:[], 8:[], 9:[], 10:[], 11:[], 12:[], 13:[], 14:[], 15:[], 16:[], 17:[], 18:[], 19:[], 20:[], 21:[], 22:[], 23:[], 24:[], 25:[], 26:[], 27:[], 28:[], 29:[], 30:[], 31:[], 32:[], 33:[], 34:[], 35:[], 36:[], 37:[], 38:[], 39:[], 40:[], 41:[], 42:[], 43:[], 44:[], 45:[], 46:[], 47:[], 48:[], 49:[], 50:[], 51:[], 52:[], 53:[], 54:[], 55:[], 56:[], 57:[], 58:[], 59:[], 60:[], 61:[], 62:[], 63:[], 64:[], 65:[], 66:[], 67:[], 68:[], 69:[], 70:[], 71:[], 72:[], 73:[], 74:[], 75:[], 76:[], 77:[], 78:[], 79:[], 80:[], 81:[], 82:[], 83:[], 84:[], 85:[]",6607456384,7747047576
2081,3,2299.2100,3165321,47026301,374760445,43.4594,false,87,true,true,true,true,true,false,false,"0:[0, 1, 2, 3, 4, 5, 6, 7, 8, 9, 10, 11, 12, 13, 14, 15, 16, 17, 18, 19, 20, 21, 22, 23, 24, 25, 26, 27, 28, 29, 30, 31, 32, 33, 34, 35, 36, 37, 38, 39, 40, 41, 42, 43, 44, 45, 46, 47, 48, 49, 50, 51, 52, 53, 54, 55, 56, 57, 58, 59, 60, 61, 62, 63, 64, 65, 66, 67, 68, 69, 70, 71, 72, 73, 74, 75, 76, 77, 78, 79, 80, 81, 82, 83, 84, 85, 86], 1:[], 2:[], 3:[], 4:[], 5:[], 6:[], 7:[], 8:[], 9:[], 10:[], 11:[], 12:[], 13:[], 14:[], 15:[], 16:[], 17:[], 18:[], 19:[], 20:[], 21:[], 22:[], 23:[], 24:[], 25:[], 26:[], 27:[], 28:[], 29:[], 30:[], 31:[], 32:[], 33:[], 34:[], 35:[], 36:[], 37:[], 38:[], 39:[], 40:[], 41:[], 42:[], 43:[], 44:[], 45:[], 46:[], 47:[], 48:[], 49:[], 50:[], 51:[], 52:[], 53:[], 54:[], 55:[], 56:[], 57:[], 58:[], 59:[], 60:[], 61:[], 62:[], 63:[], 64:[], 65:[], 66:[], 67:[], 68:[], 69:[], 70:[], 71:[], 72:[], 73:[], 74:[], 75:[], 76:[], 77:[], 78:[], 79:[], 80:[], 81:[], 82:[], 83:[], 84:[], 85:[], 86:[]",6673421464,7842918889
2083,2,1885.1284,3174421,47161467,375837299,43.4291,false,86,true,true,true,true,true,false,false,"0:[0, 1, 2, 3, 4, 5, 6, 7, 8, 9, 10, 11, 12, 13, 14, 15, 16, 17, 18, 19, 20, 21, 22, 23, 24, 25, 26, 27, 28, 29, 30, 31, 32, 33, 34, 35, 36, 37, 38, 39, 40, 41, 42, 43, 44, 45, 46, 47, 48, 49, 50, 51, 52, 53, 54, 55, 56, 57, 58, 59, 60, 61, 62, 63, 64, 65, 66, 67, 68, 69, 70, 71, 72, 73, 74, 75, 76, 77, 78, 79, 80, 81, 82, 83, 84, 85], 1:[], 2:[], 3:[], 4:[], 5:[], 6:[], 7:[], 8:[], 9:[], 10:[], 11:[], 12:[], 13:[], 14:[], 15:[], 16:[], 17:[], 18:[], 19:[], 20:[], 21:[], 22:[], 23:[], 24:[], 25:[], 26:[], 27:[], 28:[], 29:[], 30:[], 31:[], 32:[], 33:[], 34:[], 35:[], 36:[], 37:[], 38:[], 39:[], 40:[], 41:[], 42:[], 43:[], 44:[], 45:[], 46:[], 47:[], 48:[], 49:[], 50:[], 51:[], 52:[], 53:[], 54:[], 55:[], 56:[], 57:[], 58:[], 59:[], 60:[], 61:[], 62:[], 63:[], 64:[], 65:[], 66:[], 67:[], 68:[], 69:[], 70:[], 71:[], 72:[], 73:[], 74:[], 75:[], 76:[], 77:[], 78:[], 79:[], 80:[], 81:[], 82:[], 83:[], 84:[], 85:[]",6684453144,7858935391
2087,5,2206.9775,3192674,47433487,378007694,45.2908,false,87,true,true,true,true,true,false,false,"0:[0, 1, 2, 3, 4, 5, 6, 7, 8, 9, 10, 11, 12, 13, 14, 15, 16, 17, 18, 19, 20, 21, 22, 23, 24, 25, 26, 27, 28, 29, 30, 31, 32, 33, 34, 35, 36, 37, 38, 39, 40, 41, 42, 43, 44, 45, 46, 47, 48, 49, 50, 51, 52, 53, 54, 55, 56, 57, 58, 59, 60, 61, 62, 63, 64, 65, 66, 67, 68, 69, 70, 71, 72, 73, 74, 75, 76, 77, 78, 79, 80, 81, 82, 83, 84, 85, 86], 1:[], 2:[], 3:[], 4:[], 5:[], 6:[], 7:[], 8:[], 9:[], 10:[], 11:[], 12:[], 13:[], 14:[], 15:[], 16:[], 17:[], 18:[], 19:[], 20:[], 21:[], 22:[], 23:[], 24:[], 25:[], 26:[], 27:[], 28:[], 29:[], 30:[], 31:[], 32:[], 33:[], 34:[], 35:[], 36:[], 37:[], 38:[], 39:[], 40:[], 41:[], 42:[], 43:[], 44:[], 45:[], 46:[], 47:[], 48:[], 49:[], 50:[], 51:[], 52:[], 53:[], 54:[], 55:[], 56:[], 57:[], 58:[], 59:[], 60:[], 61:[], 62:[], 63:[], 64:[], 65:[], 66:[], 67:[], 68:[], 69:[], 70:[], 71:[], 72:[], 73:[], 74:[], 75:[], 76:[], 77:[], 78:[], 79:[], 80:[], 81:[], 82:[], 83:[], 84:[], 85:[], 86:[]",6706652816,7891199547
2089,7,2494.3696,3201827,47570395,379102025,47.6409,false,88,true,true,true,true,true,false,false,"0:[0, 1, 2, 3, 4, 5, 6, 7, 8, 9, 10, 11, 12, 13, 14, 15, 16, 17, 18, 19, 20, 21, 22, 23, 24, 25, 26, 27, 28, 29, 30, 31, 32, 33, 34, 35, 36, 37, 38, 39, 40, 41, 42, 43, 44, 45, 46, 47, 48, 49, 50, 51, 52, 53, 54, 55, 56, 57, 58, 59, 60, 61, 62, 63, 64, 65, 66, 67, 68, 69, 70, 71, 72, 73, 74, 75, 76, 77, 78, 79, 80, 81, 82, 83, 84, 85, 86, 87], 1:[], 2:[], 3:[], 4:[], 5:[], 6:[], 7:[], 8:[], 9:[], 10:[], 11:[], 12:[], 13:[], 14:[], 15:[], 16:[], 17:[], 18:[], 19:[], 20:[], 21:[], 22:[], 23:[], 24:[], 25:[], 26:[], 27:[], 28:[], 29:[], 30:[], 31:[], 32:[], 33:[], 34:[], 35:[], 36:[], 37:[], 38:[], 39:[], 40:[], 41:[], 42:[], 43:[], 44:[], 45:[], 46:[], 47:[], 48:[], 49:[], 50:[], 51:[], 52:[], 53:[], 54:[], 55:[], 56:[], 57:[], 58:[], 59:[], 60:[], 61:[], 62:[], 63:[], 64:[], 65:[], 66:[], 67:[], 68:[], 69:[], 70:[], 71:[], 72:[], 73:[], 74:[], 75:[], 76:[], 77:[], 78:[], 79:[], 80:[], 81:[], 82:[], 83:[], 84:[], 85:[], 86:[], 87:[]",6717825128,7907453775
2099,2,2180.0215,3247852,48255864,384569675,54.9697,false,88,true,true,true,true,true,false,false,"0:[0, 1, 2, 3, 4, 5, 6, 7, 8, 9, 10, 11, 12, 13, 14, 15, 16, 17, 18, 19, 20, 21, 22, 23, 24, 25, 26, 27, 28, 29, 30, 31, 32, 33, 34, 35, 36, 37, 38, 39, 40, 41, 42, 43, 44, 45, 46, 47, 48, 49, 50, 51, 52, 53, 54, 55, 56, 57, 58, 59, 60, 61, 62, 63, 64, 65, 66, 67, 68, 69, 70, 71, 72, 73, 74, 75, 76, 77, 78, 79, 80, 81, 82, 83, 84, 85, 86, 87], 1:[], 2:[], 3:[], 4:[], 5:[], 6:[], 7:[], 8:[], 9:[], 10:[], 11:[], 12:[], 13:[], 14:[], 15:[], 16:[], 17:[], 18:[], 19:[], 20:[], 21:[], 22:[], 23:[], 24:[], 25:[], 26:[], 27:[], 28:[], 29:[], 30:[], 31:[], 32:[], 33:[], 34:[], 35:[], 36:[], 37:[], 38:[], 39:[], 40:[], 41:[], 42:[], 43:[], 44:[], 45:[], 46:[], 47:[], 48:[], 49:[], 50:[], 51:[], 52:[], 53:[], 54:[], 55:[], 56:[], 57:[], 58:[], 59:[], 60:[], 61:[], 62:[], 63:[], 64:[], 65:[], 66:[], 67:[], 68:[], 69:[], 70:[], 71:[], 72:[], 73:[], 74:[], 75:[], 76:[], 77:[], 78:[], 79:[], 80:[], 81:[], 82:[], 83:[], 84:[], 85:[], 86:[], 87:[]",6773767248,7988740744
2111,7,2461.4139,3303661,49087726,391207681,93.3200,false,87,true,true,true,true,true,false,false,"0:[0, 1, 2, 3, 4, 5, 6, 7, 8, 9, 10, 11, 12, 13, 14, 15, 16, 17, 18, 19, 20, 21, 22, 23, 24, 25, 26, 27, 28, 29, 30, 31, 32, 33, 34, 35, 36, 37, 38, 39, 40, 41, 42, 43, 44, 45, 46, 47, 48, 49, 50, 51, 52, 53, 54, 55, 56, 57, 58, 59, 60, 61, 62, 63, 64, 65, 66, 67, 68, 69, 70, 71, 72, 73, 74, 75, 76, 77, 78, 79, 80, 81, 82, 83, 84, 85, 86], 1:[], 2:[], 3:[], 4:[], 5:[], 6:[], 7:[], 8:[], 9:[], 10:[], 11:[], 12:[], 13:[], 14:[], 15:[], 16:[], 17:[], 18:[], 19:[], 20:[], 21:[], 22:[], 23:[], 24:[], 25:[], 26:[], 27:[], 28:[], 29:[], 30:[], 31:[], 32:[], 33:[], 34:[], 35:[], 36:[], 37:[], 38:[], 39:[], 40:[], 41:[], 42:[], 43:[], 44:[], 45:[], 46:[], 47:[], 48:[], 49:[], 50:[], 51:[], 52:[], 53:[], 54:[], 55:[], 56:[], 57:[], 58:[], 59:[], 60:[], 61:[], 62:[], 63:[], 64:[], 65:[], 66:[], 67:[], 68:[], 69:[], 70:[], 71:[], 72:[], 73:[], 74:[], 75:[], 76:[], 77:[], 78:[], 79:[], 80:[], 81:[], 82:[], 83:[], 84:[], 85:[], 86:[]",6841655624,8087407886
2113,5,2893.8668,3313024,49227826,392327824,69.3931,false,88,true,true,true,true,true,false,false,"0:[0, 1, 2, 3, 4, 5, 6, 7, 8, 9, 10, 11, 12, 13, 14, 15, 16, 17, 18, 19, 20, 21, 22, 23, 24, 25, 26, 27, 28, 29, 30, 31, 32, 33, 34, 35, 36, 37, 38, 39, 40, 41, 42, 43, 44, 45, 46, 47, 48, 49, 50, 51, 52, 53, 54, 55, 56, 57, 58, 59, 60, 61, 62, 63, 64, 65, 66, 67, 68, 69, 70, 71, 72, 73, 74, 75, 76, 77, 78, 79, 80, 81, 82, 83, 84, 85, 86, 87], 1:[], 2:[], 3:[], 4:[], 5:[], 6:[], 7:[], 8:[], 9:[], 10:[], 11:[], 12:[], 13:[], 14:[], 15:[], 16:[], 17:[], 18:[], 19:[], 20:[], 21:[], 22:[], 23:[], 24:[], 25:[], 26:[], 27:[], 28:[], 29:[], 30:[], 31:[], 32:[], 33:[], 34:[], 35:[], 36:[], 37:[], 38:[], 39:[], 40:[], 41:[], 42:[], 43:[], 44:[], 45:[], 46:[], 47:[], 48:[], 49:[], 50:[], 51:[], 52:[], 53:[], 54:[], 55:[], 56:[], 57:[], 58:[], 59:[], 60:[], 61:[], 62:[], 63:[], 64:[], 65:[], 66:[], 67:[], 68:[], 69:[], 70:[], 71:[], 72:[], 73:[], 74:[], 75:[], 76:[], 77:[], 78:[], 79:[], 80:[], 81:[], 82:[], 83:[], 84:[], 85:[], 86:[], 87:[]",6853088336,8104041194
2129,3,2928.3219,3388569,50353872,401313270,69.5672,false,89,true,true,true,true,true,false,false,"0:[0, 1, 2, 3, 4, 5, 6, 7, 8, 9, 10, 11, 12, 13, 14, 15, 16, 17, 18, 19, 20, 21, 22, 23, 24, 25, 26, 27, 28, 29, 30, 31, 32, 33, 34, 35, 36, 37, 38, 39, 40, 41, 42, 43, 44, 45, 46, 47, 48, 49, 50, 51, 52, 53, 54, 55, 56, 57, 58, 59, 60, 61, 62, 63, 64, 65, 66, 67, 68, 69, 70, 71, 72, 73, 74, 75, 76, 77, 78, 79, 80, 81, 82, 83, 84, 85, 86, 87, 88], 1:[], 2:[], 3:[], 4:[], 5:[], 6:[], 7:[], 8:[], 9:[], 10:[], 11:[], 12:[], 13:[], 14:[], 15:[], 16:[], 17:[], 18:[], 19:[], 20:[], 21:[], 22:[], 23:[], 24:[], 25:[], 26:[], 27:[], 28:[], 29:[], 30:[], 31:[], 32:[], 33:[], 34:[], 35:[], 36:[], 37:[], 38:[], 39:[], 40:[], 41:[], 42:[], 43:[], 44:[], 45:[], 46:[], 47:[], 48:[], 49:[], 50:[], 51:[], 52:[], 53:[], 54:[], 55:[], 56:[], 57:[], 58:[], 59:[], 60:[], 61:[], 62:[], 63:[], 64:[], 65:[], 66:[], 67:[], 68:[], 69:[], 70:[], 71:[], 72:[], 73:[], 74:[], 75:[], 76:[], 77:[], 78:[], 79:[], 80:[], 81:[], 82:[], 83:[], 84:[], 85:[], 86:[], 87:[], 88:[]",6944985096,8237600952
2131,2,2546.5648,3398091,50495359,402440656,83.5576,false,89,true,true,true,true,true,false,false,"0:[0, 1, 2, 3, 4, 5, 6, 7, 8, 9, 10, 11, 12, 13, 14, 15, 16, 17, 18, 19, 20, 21, 22, 23, 24, 25, 26, 27, 28, 29, 30, 31, 32, 33, 34, 35, 36, 37, 38, 39, 40, 41, 42, 43, 44, 45, 46, 47, 48, 49, 50, 51, 52, 53, 54, 55, 56, 57, 58, 59, 60, 61, 62, 63, 64, 65, 66, 67, 68, 69, 70, 71, 72, 73, 74, 75, 76, 77, 78, 79, 80, 81, 82, 83, 84, 85, 86, 87, 88], 1:[], 2:[], 3:[], 4:[], 5:[], 6:[], 7:[], 8:[], 9:[], 10:[], 11:[], 12:[], 13:[], 14:[], 15:[], 16:[], 17:[], 18:[], 19:[], 20:[], 21:[], 22:[], 23:[], 24:[], 25:[], 26:[], 27:[], 28:[], 29:[], 30:[], 31:[], 32:[], 33:[], 34:[], 35:[], 36:[], 37:[], 38:[], 39:[], 40:[], 41:[], 42:[], 43:[], 44:[], 45:[], 46:[], 47:[], 48:[], 49:[], 50:[], 51:[], 52:[], 53:[], 54:[], 55:[], 56:[], 57:[], 58:[], 59:[], 60:[], 61:[], 62:[], 63:[], 64:[], 65:[], 66:[], 67:[], 68:[], 69:[], 70:[], 71:[], 72:[], 73:[], 74:[], 75:[], 76:[], 77:[], 78:[], 79:[], 80:[], 81:[], 82:[], 83:[], 84:[], 85:[], 86:[], 87:[], 88:[]",6956532584,8254366915
2137,5,2790.8219,3426767,50923366,405858370,63.2787,false,89,true,true,true,true,true,false,false,"0:[0, 1, 2, 3, 4, 5, 6, 7, 8, 9, 10, 11, 12, 13, 14, 15, 16, 17, 18, 19, 20, 21, 22, 23, 24, 25, 26, 27, 28, 29, 30, 31, 32, 33, 34, 35, 36, 37, 38, 39, 40, 41, 42, 43, 44, 45, 46, 47, 48, 49, 50, 51, 52, 53, 54, 55, 56, 57, 58, 59, 60, 61, 62, 63, 64, 65, 66, 67, 68, 69, 70, 71, 72, 73, 74, 75, 76, 77, 78, 79, 80, 81, 82, 83, 84, 85, 86, 87, 88], 1:[], 2:[], 3:[], 4:[], 5:[], 6:[], 7:[], 8:[], 9:[], 10:[], 11:[], 12:[], 13:[], 14:[], 15:[], 16:[], 17:[], 18:[], 19:[], 20:[], 21:[], 22:[], 23:[], 24:[], 25:[], 26:[], 27:[], 28:[], 29:[], 30:[], 31:[], 32:[], 33:[], 34:[], 35:[], 36:[], 37:[], 38:[], 39:[], 40:[], 41:[], 42:[], 43:[], 44:[], 45:[], 46:[], 47:[], 48:[], 49:[], 50:[], 51:[], 52:[], 53:[], 54:[], 55:[], 56:[], 57:[], 58:[], 59:[], 60:[], 61:[], 62:[], 63:[], 64:[], 65:[], 66:[], 67:[], 68:[], 69:[], 70:[], 71:[], 72:[], 73:[], 74:[], 75:[], 76:[], 77:[], 78:[], 79:[], 80:[], 81:[], 82:[], 83:[], 84:[], 85:[], 86:[], 87:[], 88:[]",6991461368,8305149366
2141,2,2311.9280,3445974,51209636,408142525,63.2242,false,89,true,true,true,true,true,false,false,"0:[0, 1, 2, 3, 4, 5, 6, 7, 8, 9, 10, 11, 12, 13, 14, 15, 16, 17, 18, 19, 20, 21, 22, 23, 24, 25, 26, 27, 28, 29, 30, 31, 32, 33, 34, 35, 36, 37, 38, 39, 40, 41, 42, 43, 44, 45, 46, 47, 48, 49, 50, 51, 52, 53, 54, 55, 56, 57, 58, 59, 60, 61, 62, 63, 64, 65, 66, 67, 68, 69, 70, 71, 72, 73, 74, 75, 76, 77, 78, 79, 80, 81, 82, 83, 84, 85, 86, 87, 88], 1:[], 2:[], 3:[], 4:[], 5:[], 6:[], 7:[], 8:[], 9:[], 10:[], 11:[], 12:[], 13:[], 14:[], 15:[], 16:[], 17:[], 18:[], 19:[], 20:[], 21:[], 22:[], 23:[], 24:[], 25:[], 26:[], 27:[], 28:[], 29:[], 30:[], 31:[], 32:[], 33:[], 34:[], 35:[], 36:[], 37:[], 38:[], 39:[], 40:[], 41:[], 42:[], 43:[], 44:[], 45:[], 46:[], 47:[], 48:[], 49:[], 50:[], 51:[], 52:[], 53:[], 54:[], 55:[], 56:[], 57:[], 58:[], 59:[], 60:[], 61:[], 62:[], 63:[], 64:[], 65:[], 66:[], 67:[], 68:[], 69:[], 70:[], 71:[], 72:[], 73:[], 74:[], 75:[], 76:[], 77:[], 78:[], 79:[], 80:[], 81:[], 82:[], 83:[], 84:[], 85:[], 86:[], 87:[], 88:[]",7014823936,8339103188
2143,3,2508.6153,3455604,51352673,409281900,65.0100,false,90,true,true,true,true,true,false,false,"0:[0, 1, 2, 3, 4, 5, 6, 7, 8, 9, 10, 11, 12, 13, 14, 15, 16, 17, 18, 19, 20, 21, 22, 23, 24, 25, 26, 27, 28, 29, 30, 31, 32, 33, 34, 35, 36, 37, 38, 39, 40, 41, 42, 43, 44, 45, 46, 47, 48, 49, 50, 51, 52, 53, 54, 55, 56, 57, 58, 59, 60, 61, 62, 63, 64, 65, 66, 67, 68, 69, 70, 71, 72, 73, 74, 75, 76, 77, 78, 79, 80, 81, 82, 83, 84, 85, 86, 87, 88, 89], 1:[], 2:[], 3:[], 4:[], 5:[], 6:[], 7:[], 8:[], 9:[], 10:[], 11:[], 12:[], 13:[], 14:[], 15:[], 16:[], 17:[], 18:[], 19:[], 20:[], 21:[], 22:[], 23:[], 24:[], 25:[], 26:[], 27:[], 28:[], 29:[], 30:[], 31:[], 32:[], 33:[], 34:[], 35:[], 36:[], 37:[], 38:[], 39:[], 40:[], 41:[], 42:[], 43:[], 44:[], 45:[], 46:[], 47:[], 48:[], 49:[], 50:[], 51:[], 52:[], 53:[], 54:[], 55:[], 56:[], 57:[], 58:[], 59:[], 60:[], 61:[], 62:[], 63:[], 64:[], 65:[], 66:[], 67:[], 68:[], 69:[], 70:[], 71:[], 72:[], 73:[], 74:[], 75:[], 76:[], 77:[], 78:[], 79:[], 80:[], 81:[], 82:[], 83:[], 84:[], 85:[], 86:[], 87:[], 88:[], 89:[]",7026498016,8356052741
2153,3,2494.9443,3504024,52075054,415048948,57.0612,false,89,true,true,true,true,true,false,false,"0:[0, 1, 2, 3, 4, 5, 6, 7, 8, 9, 10, 11, 12, 13, 14, 15, 16, 17, 18, 19, 20, 21, 22, 23, 24, 25, 26, 27, 28, 29, 30, 31, 32, 33, 34, 35, 36, 37, 38, 39, 40, 41, 42, 43, 44, 45, 46, 47, 48, 49, 50, 51, 52, 53, 54, 55, 56, 57, 58, 59, 60, 61, 62, 63, 64, 65, 66, 67, 68, 69, 70, 71, 72, 73, 74, 75, 76, 77, 78, 79, 80, 81, 82, 83, 84, 85, 86, 87, 88], 1:[], 2:[], 3:[], 4:[], 5:[], 6:[], 7:[], 8:[], 9:[], 10:[], 11:[], 12:[], 13:[], 14:[], 15:[], 16:[], 17:[], 18:[], 19:[], 20:[], 21:[], 22:[], 23:[], 24:[], 25:[], 26:[], 27:[], 28:[], 29:[], 30:[], 31:[], 32:[], 33:[], 34:[], 35:[], 36:[], 37:[], 38:[], 39:[], 40:[], 41:[], 42:[], 43:[], 44:[], 45:[], 46:[], 47:[], 48:[], 49:[], 50:[], 51:[], 52:[], 53:[], 54:[], 55:[], 56:[], 57:[], 58:[], 59:[], 60:[], 61:[], 62:[], 63:[], 64:[], 65:[], 66:[], 67:[], 68:[], 69:[], 70:[], 71:[], 72:[], 73:[], 74:[], 75:[], 76:[], 77:[], 78:[], 79:[], 80:[], 81:[], 82:[], 83:[], 84:[], 85:[], 86:[], 87:[], 88:[]",7085450576,8441750518
2161,7,3311.7947,3543084,52657312,419695179,70.0983,false,91,true,true,true,true,true,false,false,"0:[0, 1, 2, 3, 4, 5, 6, 7, 8, 9, 10, 11, 12, 13, 14, 15, 16, 17, 18, 19, 20, 21, 22, 23, 24, 25, 26, 27, 28, 29, 30, 31, 32, 33, 34, 35, 36, 37, 38, 39, 40, 41, 42, 43, 44, 45, 46, 47, 48, 49, 50, 51, 52, 53, 54, 55, 56, 57, 58, 59, 60, 61, 62, 63, 64, 65, 66, 67, 68, 69, 70, 71, 72, 73, 74, 75, 76, 77, 78, 79, 80, 81, 82, 83, 84, 85, 86, 87, 88, 89, 90], 1:[], 2:[], 3:[], 4:[], 5:[], 6:[], 7:[], 8:[], 9:[], 10:[], 11:[], 12:[], 13:[], 14:[], 15:[], 16:[], 17:[], 18:[], 19:[], 20:[], 21:[], 22:[], 23:[], 24:[], 25:[], 26:[], 27:[], 28:[], 29:[], 30:[], 31:[], 32:[], 33:[], 34:[], 35:[], 36:[], 37:[], 38:[], 39:[], 40:[], 41:[], 42:[], 43:[], 44:[], 45:[], 46:[], 47:[], 48:[], 49:[], 50:[], 51:[], 52:[], 53:[], 54:[], 55:[], 56:[], 57:[], 58:[], 59:[], 60:[], 61:[], 62:[], 63:[], 64:[], 65:[], 66:[], 67:[], 68:[], 69:[], 70:[], 71:[], 72:[], 73:[], 74:[], 75:[], 76:[], 77:[], 78:[], 79:[], 80:[], 81:[], 82:[], 83:[], 84:[], 85:[], 86:[], 87:[], 88:[], 89:[], 90:[]",7132968656,8510811376
2179,2,2435.2105,3632029,53982813,430271206,71.7059,false,91,true,true,true,true,true,false,false,"0:[0, 1, 2, 3, 4, 5, 6, 7, 8, 9, 10, 11, 12, 13, 14, 15, 16, 17, 18, 19, 20, 21, 22, 23, 24, 25, 26, 27, 28, 29, 30, 31, 32, 33, 34, 35, 36, 37, 38, 39, 40, 41, 42, 43, 44, 45, 46, 47, 48, 49, 50, 51, 52, 53, 54, 55, 56, 57, 58, 59, 60, 61, 62, 63, 64, 65, 66, 67, 68, 69, 70, 71, 72, 73, 74, 75, 76, 77, 78, 79, 80, 81, 82, 83, 84, 85, 86, 87, 88, 89, 90], 1:[], 2:[], 3:[], 4:[], 5:[], 6:[], 7:[], 8:[], 9:[], 10:[], 11:[], 12:[], 13:[], 14:[], 15:[], 16:[], 17:[], 18:[], 19:[], 20:[], 21:[], 22:[], 23:[], 24:[], 25:[], 26:[], 27:[], 28:[], 29:[], 30:[], 31:[], 32:[], 33:[], 34:[], 35:[], 36:[], 37:[], 38:[], 39:[], 40:[], 41:[], 42:[], 43:[], 44:[], 45:[], 46:[], 47:[], 48:[], 49:[], 50:[], 51:[], 52:[], 53:[], 54:[], 55:[], 56:[], 57:[], 58:[], 59:[], 60:[], 61:[], 62:[], 63:[], 64:[], 65:[], 66:[], 67:[], 68:[], 69:[], 70:[], 71:[], 72:[], 73:[], 74:[], 75:[], 76:[], 77:[], 78:[], 79:[], 80:[], 81:[], 82:[], 83:[], 84:[], 85:[], 86:[], 87:[], 88:[], 89:[], 90:[]",7241143416,8668012201
2203,2,2634.0803,3752919,55785172,444654899,77.5553,false,91,true,true,true,true,true,false,false,"0:[0, 1, 2, 3, 4, 5, 6, 7, 8, 9, 10, 11, 12, 13, 14, 15, 16, 17, 18, 19, 20, 21, 22, 23, 24, 25, 26, 27, 28, 29, 30, 31, 32, 33, 34, 35, 36, 37, 38, 39, 40, 41, 42, 43, 44, 45, 46, 47, 48, 49, 50, 51, 52, 53, 54, 55, 56, 57, 58, 59, 60, 61, 62, 63, 64, 65, 66, 67, 68, 69, 70, 71, 72, 73, 74, 75, 76, 77, 78, 79, 80, 81, 82, 83, 84, 85, 86, 87, 88, 89, 90], 1:[], 2:[], 3:[], 4:[], 5:[], 6:[], 7:[], 8:[], 9:[], 10:[], 11:[], 12:[], 13:[], 14:[], 15:[], 16:[], 17:[], 18:[], 19:[], 20:[], 21:[], 22:[], 23:[], 24:[], 25:[], 26:[], 27:[], 28:[], 29:[], 30:[], 31:[], 32:[], 33:[], 34:[], 35:[], 36:[], 37:[], 38:[], 39:[], 40:[], 41:[], 42:[], 43:[], 44:[], 45:[], 46:[], 47:[], 48:[], 49:[], 50:[], 51:[], 52:[], 53:[], 54:[], 55:[], 56:[], 57:[], 58:[], 59:[], 60:[], 61:[], 62:[], 63:[], 64:[], 65:[], 66:[], 67:[], 68:[], 69:[], 70:[], 71:[], 72:[], 73:[], 74:[], 75:[], 76:[], 77:[], 78:[], 79:[], 80:[], 81:[], 82:[], 83:[], 84:[], 85:[], 86:[], 87:[], 88:[], 89:[], 90:[]",7505674008,8999229084
2207,5,2858.4795,3773325,56089427,447083112,71.6157,false,92,true,true,true,true,true,false,false,"0:[0, 1, 2, 3, 4, 5, 6, 7, 8, 9, 10, 11, 12, 13, 14, 15, 16, 17, 18, 19, 20, 21, 22, 23, 24, 25, 26, 27, 28, 29, 30, 31, 32, 33, 34, 35, 36, 37, 38, 39, 40, 41, 42, 43, 44, 45, 46, 47, 48, 49, 50, 51, 52, 53, 54, 55, 56, 57, 58, 59, 60, 61, 62, 63, 64, 65, 66, 67, 68, 69, 70, 71, 72, 73, 74, 75, 76, 77, 78, 79, 80, 81, 82, 83, 84, 85, 86, 87, 88, 89, 90, 91], 1:[], 2:[], 3:[], 4:[], 5:[], 6:[], 7:[], 8:[], 9:[], 10:[], 11:[], 12:[], 13:[], 14:[], 15:[], 16:[], 17:[], 18:[], 19:[], 20:[], 21:[], 22:[], 23:[], 24:[], 25:[], 26:[], 27:[], 28:[], 29:[], 30:[], 31:[], 32:[], 33:[], 34:[], 35:[], 36:[], 37:[], 38:[], 39:[], 40:[], 41:[], 42:[], 43:[], 44:[], 45:[], 46:[], 47:[], 48:[], 49:[], 50:[], 51:[], 52:[], 53:[], 54:[], 55:[], 56:[], 57:[], 58:[], 59:[], 60:[], 61:[], 62:[], 63:[], 64:[], 65:[], 66:[], 67:[], 68:[], 69:[], 70:[], 71:[], 72:[], 73:[], 74:[], 75:[], 76:[], 77:[], 78:[], 79:[], 80:[], 81:[], 82:[], 83:[], 84:[], 85:[], 86:[], 87:[], 88:[], 89:[], 90:[], 91:[]",7530504152,9035316759
2213,2,2678.1125,3804072,56548424,450748460,77.1309,false,93,true,true,true,true,true,false,false,"0:[0, 1, 2, 3, 4, 5, 6, 7, 8, 9, 10, 11, 12, 13, 14, 15, 16, 17, 18, 19, 20, 21, 22, 23, 24, 25, 26, 27, 28, 29, 30, 31, 32, 33, 34, 35, 36, 37, 38, 39, 40, 41, 42, 43, 44, 45, 46, 47, 48, 49, 50, 51, 52, 53, 54, 55, 56, 57, 58, 59, 60, 61, 62, 63, 64, 65, 66, 67, 68, 69, 70, 71, 72, 73, 74, 75, 76, 77, 78, 79, 80, 81, 82, 83, 84, 85, 86, 87, 88, 89, 90, 91, 92], 1:[], 2:[], 3:[], 4:[], 5:[], 6:[], 7:[], 8:[], 9:[], 10:[], 11:[], 12:[], 13:[], 14:[], 15:[], 16:[], 17:[], 18:[], 19:[], 20:[], 21:[], 22:[], 23:[], 24:[], 25:[], 26:[], 27:[], 28:[], 29:[], 30:[], 31:[], 32:[], 33:[], 34:[], 35:[], 36:[], 37:[], 38:[], 39:[], 40:[], 41:[], 42:[], 43:[], 44:[], 45:[], 46:[], 47:[], 48:[], 49:[], 50:[], 51:[], 52:[], 53:[], 54:[], 55:[], 56:[], 57:[], 58:[], 59:[], 60:[], 61:[], 62:[], 63:[], 64:[], 65:[], 66:[], 67:[], 68:[], 69:[], 70:[], 71:[], 72:[], 73:[], 74:[], 75:[], 76:[], 77:[], 78:[], 79:[], 80:[], 81:[], 82:[], 83:[], 84:[], 85:[], 86:[], 87:[], 88:[], 89:[], 90:[], 91:[], 92:[]",7567961840,9089775160
2221,2,2800.1639,3845327,57163538,455657495,77.6777,false,92,true,true,true,true,true,false,false,"0:[0, 1, 2, 3, 4, 5, 6, 7, 8, 9, 10, 11, 12, 13, 14, 15, 16, 17, 18, 19, 20, 21, 22, 23, 24, 25, 26, 27, 28, 29, 30, 31, 32, 33, 34, 35, 36, 37, 38, 39, 40, 41, 42, 43, 44, 45, 46, 47, 48, 49, 50, 51, 52, 53, 54, 55, 56, 57, 58, 59, 60, 61, 62, 63, 64, 65, 66, 67, 68, 69, 70, 71, 72, 73, 74, 75, 76, 77, 78, 79, 80, 81, 82, 83, 84, 85, 86, 87, 88, 89, 90, 91], 1:[], 2:[], 3:[], 4:[], 5:[], 6:[], 7:[], 8:[], 9:[], 10:[], 11:[], 12:[], 13:[], 14:[], 15:[], 16:[], 17:[], 18:[], 19:[], 20:[], 21:[], 22:[], 23:[], 24:[], 25:[], 26:[], 27:[], 28:[], 29:[], 30:[], 31:[], 32:[], 33:[], 34:[], 35:[], 36:[], 37:[], 38:[], 39:[], 40:[], 41:[], 42:[], 43:[], 44:[], 45:[], 46:[], 47:[], 48:[], 49:[], 50:[], 51:[], 52:[], 53:[], 54:[], 55:[], 56:[], 57:[], 58:[], 59:[], 60:[], 61:[], 62:[], 63:[], 64:[], 65:[], 66:[], 67:[], 68:[], 69:[], 70:[], 71:[], 72:[], 73:[], 74:[], 75:[], 76:[], 77:[], 78:[], 79:[], 80:[], 81:[], 82:[], 83:[], 84:[], 85:[], 86:[], 87:[], 88:[], 89:[], 90:[], 91:[]",7618161080,9162733202
2237,2,3537.4010,3928730,58407136,465582460,75.6972,false,94,true,true,true,true,true,false,false,"0:[0, 1, 2, 3, 4, 5, 6, 7, 8, 9, 10, 11, 12, 13, 14, 15, 16, 17, 18, 19, 20, 21, 22, 23, 24, 25, 26, 27, 28, 29, 30, 31, 32, 33, 34, 35, 36, 37, 38, 39, 40, 41, 42, 43, 44, 45, 46, 47, 48, 49, 50, 51, 52, 53, 54, 55, 56, 57, 58, 59, 60, 61, 62, 63, 64, 65, 66, 67, 68, 69, 70, 71, 72, 73, 74, 75, 76, 77, 78, 79, 80, 81, 82, 83, 84, 85, 86, 87, 88, 89, 90, 91, 92, 93], 1:[], 2:[], 3:[], 4:[], 5:[], 6:[], 7:[], 8:[], 9:[], 10:[], 11:[], 12:[], 13:[], 14:[], 15:[], 16:[], 17:[], 18:[], 19:[], 20:[], 21:[], 22:[], 23:[], 24:[], 25:[], 26:[], 27:[], 28:[], 29:[], 30:[], 31:[], 32:[], 33:[], 34:[], 35:[], 36:[], 37:[], 38:[], 39:[], 40:[], 41:[], 42:[], 43:[], 44:[], 45:[], 46:[], 47:[], 48:[], 49:[], 50:[], 51:[], 52:[], 53:[], 54:[], 55:[], 56:[], 57:[], 58:[], 59:[], 60:[], 61:[], 62:[], 63:[], 64:[], 65:[], 66:[], 67:[], 68:[], 69:[], 70:[], 71:[], 72:[], 73:[], 74:[], 75:[], 76:[], 77:[], 78:[], 79:[], 80:[], 81:[], 82:[], 83:[], 84:[], 85:[], 86:[], 87:[], 88:[], 89:[], 90:[], 91:[], 92:[], 93:[]",10068460832,9310235744
2239,3,2929.7742,3939240,58563246,466825860,80.9517,false,93,true,true,true,true,true,false,false,"0:[0, 1, 2, 3, 4, 5, 6, 7, 8, 9, 10, 11, 12, 13, 14, 15, 16, 17, 18, 19, 20, 21, 22, 23, 24, 25, 26, 27, 28, 29, 30, 31, 32, 33, 34, 35, 36, 37, 38, 39, 40, 41, 42, 43, 44, 45, 46, 47, 48, 49, 50, 51, 52, 53, 54, 55, 56, 57, 58, 59, 60, 61, 62, 63, 64, 65, 66, 67, 68, 69, 70, 71, 72, 73, 74, 75, 76, 77, 78, 79, 80, 81, 82, 83, 84, 85, 86, 87, 88, 89, 90, 91, 92], 1:[], 2:[], 3:[], 4:[], 5:[], 6:[], 7:[], 8:[], 9:[], 10:[], 11:[], 12:[], 13:[], 14:[], 15:[], 16:[], 17:[], 18:[], 19:[], 20:[], 21:[], 22:[], 23:[], 24:[], 25:[], 26:[], 27:[], 28:[], 29:[], 30:[], 31:[], 32:[], 33:[], 34:[], 35:[], 36:[], 37:[], 38:[], 39:[], 40:[], 41:[], 42:[], 43:[], 44:[], 45:[], 46:[], 47:[], 48:[], 49:[], 50:[], 51:[], 52:[], 53:[], 54:[], 55:[], 56:[], 57:[], 58:[], 59:[], 60:[], 61:[], 62:[], 63:[], 64:[], 65:[], 66:[], 67:[], 68:[], 69:[], 70:[], 71:[], 72:[], 73:[], 74:[], 75:[], 76:[], 77:[], 78:[], 79:[], 80:[], 81:[], 82:[], 83:[], 84:[], 85:[], 86:[], 87:[], 88:[], 89:[], 90:[], 91:[], 92:[]",10081201872,9328733942
2243,2,2909.9755,3960314,58877483,469333681,78.8486,false,93,true,true,true,true,true,false,false,"0:[0, 1, 2, 3, 4, 5, 6, 7, 8, 9, 10, 11, 12, 13, 14, 15, 16, 17, 18, 19, 20, 21, 22, 23, 24, 25, 26, 27, 28, 29, 30, 31, 32, 33, 34, 35, 36, 37, 38, 39, 40, 41, 42, 43, 44, 45, 46, 47, 48, 49, 50, 51, 52, 53, 54, 55, 56, 57, 58, 59, 60, 61, 62, 63, 64, 65, 66, 67, 68, 69, 70, 71, 72, 73, 74, 75, 76, 77, 78, 79, 80, 81, 82, 83, 84, 85, 86, 87, 88, 89, 90, 91, 92], 1:[], 2:[], 3:[], 4:[], 5:[], 6:[], 7:[], 8:[], 9:[], 10:[], 11:[], 12:[], 13:[], 14:[], 15:[], 16:[], 17:[], 18:[], 19:[], 20:[], 21:[], 22:[], 23:[], 24:[], 25:[], 26:[], 27:[], 28:[], 29:[], 30:[], 31:[], 32:[], 33:[], 34:[], 35:[], 36:[], 37:[], 38:[], 39:[], 40:[], 41:[], 42:[], 43:[], 44:[], 45:[], 46:[], 47:[], 48:[], 49:[], 50:[], 51:[], 52:[], 53:[], 54:[], 55:[], 56:[], 57:[], 58:[], 59:[], 60:[], 61:[], 62:[], 63:[], 64:[], 65:[], 66:[], 67:[], 68:[], 69:[], 70:[], 71:[], 72:[], 73:[], 74:[], 75:[], 76:[], 77:[], 78:[], 79:[], 80:[], 81:[], 82:[], 83:[], 84:[], 85:[], 86:[], 87:[], 88:[], 89:[], 90:[], 91:[], 92:[]",10106846608,9366005159
2251,2,3465.9312,4002689,59509417,474377578,89.6535,false,94,true,true,true,true,true,false,false,"0:[0, 1, 2, 3, 4, 5, 6, 7, 8, 9, 10, 11, 12, 13, 14, 15, 16, 17, 18, 19, 20, 21, 22, 23, 24, 25, 26, 27, 28, 29, 30, 31, 32, 33, 34, 35, 36, 37, 38, 39, 40, 41, 42, 43, 44, 45, 46, 47, 48, 49, 50, 51, 52, 53, 54, 55, 56, 57, 58, 59, 60, 61, 62, 63, 64, 65, 66, 67, 68, 69, 70, 71, 72, 73, 74, 75, 76, 77, 78, 79, 80, 81, 82, 83, 84, 85, 86, 87, 88, 89, 90, 91, 92, 93], 1:[], 2:[], 3:[], 4:[], 5:[], 6:[], 7:[], 8:[], 9:[], 10:[], 11:[], 12:[], 13:[], 14:[], 15:[], 16:[], 17:[], 18:[], 19:[], 20:[], 21:[], 22:[], 23:[], 24:[], 25:[], 26:[], 27:[], 28:[], 29:[], 30:[], 31:[], 32:[], 33:[], 34:[], 35:[], 36:[], 37:[], 38:[], 39:[], 40:[], 41:[], 42:[], 43:[], 44:[], 45:[], 46:[], 47:[], 48:[], 49:[], 50:[], 51:[], 52:[], 53:[], 54:[], 55:[], 56:[], 57:[], 58:[], 59:[], 60:[], 61:[], 62:[], 63:[], 64:[], 65:[], 66:[], 67:[], 68:[], 69:[], 70:[], 71:[], 72:[], 73:[], 74:[], 75:[], 76:[], 77:[], 78:[], 79:[], 80:[], 81:[], 82:[], 83:[], 84:[], 85:[], 86:[], 87:[], 88:[], 89:[], 90:[], 91:[], 92:[], 93:[]",10158418328,9440959173
2267,2,3054.7984,4088344,60786658,484571158,83.2396,false,94,true,true,true,true,true,false,false,"0:[0, 1, 2, 3, 4, 5, 6, 7, 8, 9, 10, 11, 12, 13, 14, 15, 16, 17, 18, 19, 20, 21, 22, 23, 24, 25, 26, 27, 28, 29, 30, 31, 32, 33, 34, 35, 36, 37, 38, 39, 40, 41, 42, 43, 44, 45, 46, 47, 48, 49, 50, 51, 52, 53, 54, 55, 56, 57, 58, 59, 60, 61, 62, 63, 64, 65, 66, 67, 68, 69, 70, 71, 72, 73, 74, 75, 76, 77, 78, 79, 80, 81, 82, 83, 84, 85, 86, 87, 88, 89, 90, 91, 92, 93], 1:[], 2:[], 3:[], 4:[], 5:[], 6:[], 7:[], 8:[], 9:[], 10:[], 11:[], 12:[], 13:[], 14:[], 15:[], 16:[], 17:[], 18:[], 19:[], 20:[], 21:[], 22:[], 23:[], 24:[], 25:[], 26:[], 27:[], 28:[], 29:[], 30:[], 31:[], 32:[], 33:[], 34:[], 35:[], 36:[], 37:[], 38:[], 39:[], 40:[], 41:[], 42:[], 43:[], 44:[], 45:[], 46:[], 47:[], 48:[], 49:[], 50:[], 51:[], 52:[], 53:[], 54:[], 55:[], 56:[], 57:[], 58:[], 59:[], 60:[], 61:[], 62:[], 63:[], 64:[], 65:[], 66:[], 67:[], 68:[], 69:[], 70:[], 71:[], 72:[], 73:[], 74:[], 75:[], 76:[], 77:[], 78:[], 79:[], 80:[], 81:[], 82:[], 83:[], 84:[], 85:[], 86:[], 87:[], 88:[], 89:[], 90:[], 91:[], 92:[], 93:[]",10262653328,9592450970
2269,2,3014.1941,4099137,60948135,485862006,98.7192,false,94,true,true,true,true,true,false,false,"0:[0, 1, 2, 3, 4, 5, 6, 7, 8, 9, 10, 11, 12, 13, 14, 15, 16, 17, 18, 19, 20, 21, 22, 23, 24, 25, 26, 27, 28, 29, 30, 31, 32, 33, 34, 35, 36, 37, 38, 39, 40, 41, 42, 43, 44, 45, 46, 47, 48, 49, 50, 51, 52, 53, 54, 55, 56, 57, 58, 59, 60, 61, 62, 63, 64, 65, 66, 67, 68, 69, 70, 71, 72, 73, 74, 75, 76, 77, 78, 79, 80, 81, 82, 83, 84, 85, 86, 87, 88, 89, 90, 91, 92, 93], 1:[], 2:[], 3:[], 4:[], 5:[], 6:[], 7:[], 8:[], 9:[], 10:[], 11:[], 12:[], 13:[], 14:[], 15:[], 16:[], 17:[], 18:[], 19:[], 20:[], 21:[], 22:[], 23:[], 24:[], 25:[], 26:[], 27:[], 28:[], 29:[], 30:[], 31:[], 32:[], 33:[], 34:[], 35:[], 36:[], 37:[], 38:[], 39:[], 40:[], 41:[], 42:[], 43:[], 44:[], 45:[], 46:[], 47:[], 48:[], 49:[], 50:[], 51:[], 52:[], 53:[], 54:[], 55:[], 56:[], 57:[], 58:[], 59:[], 60:[], 61:[], 62:[], 63:[], 64:[], 65:[], 66:[], 67:[], 68:[], 69:[], 70:[], 71:[], 72:[], 73:[], 74:[], 75:[], 76:[], 77:[], 78:[], 79:[], 80:[], 81:[], 82:[], 83:[], 84:[], 85:[], 86:[], 87:[], 88:[], 89:[], 90:[], 91:[], 92:[], 93:[]",10275830520,9611620699
2273,3,3572.3422,4120777,61270867,488437929,90.1566,false,94,true,true,true,true,true,false,false,"0:[0, 1, 2, 3, 4, 5, 6, 7, 8, 9, 10, 11, 12, 13, 14, 15, 16, 17, 18, 19, 20, 21, 22, 23, 24, 25, 26, 27, 28, 29, 30, 31, 32, 33, 34, 35, 36, 37, 38, 39, 40, 41, 42, 43, 44, 45, 46, 47, 48, 49, 50, 51, 52, 53, 54, 55, 56, 57, 58, 59, 60, 61, 62, 63, 64, 65, 66, 67, 68, 69, 70, 71, 72, 73, 74, 75, 76, 77, 78, 79, 80, 81, 82, 83, 84, 85, 86, 87, 88, 89, 90, 91, 92, 93], 1:[], 2:[], 3:[], 4:[], 5:[], 6:[], 7:[], 8:[], 9:[], 10:[], 11:[], 12:[], 13:[], 14:[], 15:[], 16:[], 17:[], 18:[], 19:[], 20:[], 21:[], 22:[], 23:[], 24:[], 25:[], 26:[], 27:[], 28:[], 29:[], 30:[], 31:[], 32:[], 33:[], 34:[], 35:[], 36:[], 37:[], 38:[], 39:[], 40:[], 41:[], 42:[], 43:[], 44:[], 45:[], 46:[], 47:[], 48:[], 49:[], 50:[], 51:[], 52:[], 53:[], 54:[], 55:[], 56:[], 57:[], 58:[], 59:[], 60:[], 61:[], 62:[], 63:[], 64:[], 65:[], 66:[], 67:[], 68:[], 69:[], 70:[], 71:[], 72:[], 73:[], 74:[], 75:[], 76:[], 77:[], 78:[], 79:[], 80:[], 81:[], 82:[], 83:[], 84:[], 85:[], 86:[], 87:[], 88:[], 89:[], 90:[], 91:[], 92:[], 93:[]",10302168440,9649899863
2281,7,3640.1743,4164287,61919696,493616252,227.6958,false,96,true,true,true,true,true,false,false,"0:[0, 1, 2, 3, 4, 5, 6, 7, 8, 9, 10, 11, 12, 13, 14, 15, 16, 17, 18, 19, 20, 21, 22, 23, 24, 25, 26, 27, 28, 29, 30, 31, 32, 33, 34, 35, 36, 37, 38, 39, 40, 41, 42, 43, 44, 45, 46, 47, 48, 49, 50, 51, 52, 53, 54, 55, 56, 57, 58, 59, 60, 61, 62, 63, 64, 65, 66, 67, 68, 69, 70, 71, 72, 73, 74, 75, 76, 77, 78, 79, 80, 81, 82, 83, 84, 85, 86, 87, 88, 89, 90, 91, 92, 93, 94, 95], 1:[], 2:[], 3:[], 4:[], 5:[], 6:[], 7:[], 8:[], 9:[], 10:[], 11:[], 12:[], 13:[], 14:[], 15:[], 16:[], 17:[], 18:[], 19:[], 20:[], 21:[], 22:[], 23:[], 24:[], 25:[], 26:[], 27:[], 28:[], 29:[], 30:[], 31:[], 32:[], 33:[], 34:[], 35:[], 36:[], 37:[], 38:[], 39:[], 40:[], 41:[], 42:[], 43:[], 44:[], 45:[], 46:[], 47:[], 48:[], 49:[], 50:[], 51:[], 52:[], 53:[], 54:[], 55:[], 56:[], 57:[], 58:[], 59:[], 60:[], 61:[], 62:[], 63:[], 64:[], 65:[], 66:[], 67:[], 68:[], 69:[], 70:[], 71:[], 72:[], 73:[], 74:[], 75:[], 76:[], 77:[], 78:[], 79:[], 80:[], 81:[], 82:[], 83:[], 84:[], 85:[], 86:[], 87:[], 88:[], 89:[], 90:[], 91:[], 92:[], 93:[], 94:[], 95:[]",10355119000,9726856648
2287,3,3806.6776,4197120,62408779,497517665,200.5672,false,96,true,true,true,true,true,false,false,"0:[0, 1, 2, 3, 4, 5, 6, 7, 8, 9, 10, 11, 12, 13, 14, 15, 16, 17, 18, 19, 20, 21, 22, 23, 24, 25, 26, 27, 28, 29, 30, 31, 32, 33, 34, 35, 36, 37, 38, 39, 40, 41, 42, 43, 44, 45, 46, 47, 48, 49, 50, 51, 52, 53, 54, 55, 56, 57, 58, 59, 60, 61, 62, 63, 64, 65, 66, 67, 68, 69, 70, 71, 72, 73, 74, 75, 76, 77, 78, 79, 80, 81, 82, 83, 84, 85, 86, 87, 88, 89, 90, 91, 92, 93, 94, 95], 1:[], 2:[], 3:[], 4:[], 5:[], 6:[], 7:[], 8:[], 9:[], 10:[], 11:[], 12:[], 13:[], 14:[], 15:[], 16:[], 17:[], 18:[], 19:[], 20:[], 21:[], 22:[], 23:[], 24:[], 25:[], 26:[], 27:[], 28:[], 29:[], 30:[], 31:[], 32:[], 33:[], 34:[], 35:[], 36:[], 37:[], 38:[], 39:[], 40:[], 41:[], 42:[], 43:[], 44:[], 45:[], 46:[], 47:[], 48:[], 49:[], 50:[], 51:[], 52:[], 53:[], 54:[], 55:[], 56:[], 57:[], 58:[], 59:[], 60:[], 61:[], 62:[], 63:[], 64:[], 65:[], 66:[], 67:[], 68:[], 69:[], 70:[], 71:[], 72:[], 73:[], 74:[], 75:[], 76:[], 77:[], 78:[], 79:[], 80:[], 81:[], 82:[], 83:[], 84:[], 85:[], 86:[], 87:[], 88:[], 89:[], 90:[], 91:[], 92:[], 93:[], 94:[], 95:[]",10395033632,9784849207
2293,2,3901.6472,4230125,62901538,501452715,137.9367,false,96,true,true,true,true,true,false,false,"0:[0, 1, 2, 3, 4, 5, 6, 7, 8, 9, 10, 11, 12, 13, 14, 15, 16, 17, 18, 19, 20, 21, 22, 23, 24, 25, 26, 27, 28, 29, 30, 31, 32, 33, 34, 35, 36, 37, 38, 39, 40, 41, 42, 43, 44, 45, 46, 47, 48, 49, 50, 51, 52, 53, 54, 55, 56, 57, 58, 59, 60, 61, 62, 63, 64, 65, 66, 67, 68, 69, 70, 71, 72, 73, 74, 75, 76, 77, 78, 79, 80, 81, 82, 83, 84, 85, 86, 87, 88, 89, 90, 91, 92, 93, 94, 95], 1:[], 2:[], 3:[], 4:[], 5:[], 6:[], 7:[], 8:[], 9:[], 10:[], 11:[], 12:[], 13:[], 14:[], 15:[], 16:[], 17:[], 18:[], 19:[], 20:[], 21:[], 22:[], 23:[], 24:[], 25:[], 26:[], 27:[], 28:[], 29:[], 30:[], 31:[], 32:[], 33:[], 34:[], 35:[], 36:[], 37:[], 38:[], 39:[], 40:[], 41:[], 42:[], 43:[], 44:[], 45:[], 46:[], 47:[], 48:[], 49:[], 50:[], 51:[], 52:[], 53:[], 54:[], 55:[], 56:[], 57:[], 58:[], 59:[], 60:[], 61:[], 62:[], 63:[], 64:[], 65:[], 66:[], 67:[], 68:[], 69:[], 70:[], 71:[], 72:[], 73:[], 74:[], 75:[], 76:[], 77:[], 78:[], 79:[], 80:[], 81:[], 82:[], 83:[], 84:[], 85:[], 86:[], 87:[], 88:[], 89:[], 90:[], 91:[], 92:[], 93:[], 94:[], 95:[]",10435246472,9843312146
2297,3,4386.8749,4252224,63231159,504083907,183.0279,false,95,true,true,true,true,true,false,false,"0:[0, 1, 2, 3, 4, 5, 6, 7, 8, 9, 10, 11, 12, 13, 14, 15, 16, 17, 18, 19, 20, 21, 22, 23, 24, 25, 26, 27, 28, 29, 30, 31, 32, 33, 34, 35, 36, 37, 38, 39, 40, 41, 42, 43, 44, 45, 46, 47, 48, 49, 50, 51, 52, 53, 54, 55, 56, 57, 58, 59, 60, 61, 62, 63, 64, 65, 66, 67, 68, 69, 70, 71, 72, 73, 74, 75, 76, 77, 78, 79, 80, 81, 82, 83, 84, 85, 86, 87, 88, 89, 90, 91, 92, 93, 94], 1:[], 2:[], 3:[], 4:[], 5:[], 6:[], 7:[], 8:[], 9:[], 10:[], 11:[], 12:[], 13:[], 14:[], 15:[], 16:[], 17:[], 18:[], 19:[], 20:[], 21:[], 22:[], 23:[], 24:[], 25:[], 26:[], 27:[], 28:[], 29:[], 30:[], 31:[], 32:[], 33:[], 34:[], 35:[], 36:[], 37:[], 38:[], 39:[], 40:[], 41:[], 42:[], 43:[], 44:[], 45:[], 46:[], 47:[], 48:[], 49:[], 50:[], 51:[], 52:[], 53:[], 54:[], 55:[], 56:[], 57:[], 58:[], 59:[], 60:[], 61:[], 62:[], 63:[], 64:[], 65:[], 66:[], 67:[], 68:[], 69:[], 70:[], 71:[], 72:[], 73:[], 74:[], 75:[], 76:[], 77:[], 78:[], 79:[], 80:[], 81:[], 82:[], 83:[], 84:[], 85:[], 86:[], 87:[], 88:[], 89:[], 90:[], 91:[], 92:[], 93:[], 94:[]",10462146528,9882408691
2309,2,3394.4567,4318984,64226702,512029288,208.9294,false,96,true,true,true,true,true,false,false,"0:[0, 1, 2, 3, 4, 5, 6, 7, 8, 9, 10, 11, 12, 13, 14, 15, 16, 17, 18, 19, 20, 21, 22, 23, 24, 25, 26, 27, 28, 29, 30, 31, 32, 33, 34, 35, 36, 37, 38, 39, 40, 41, 42, 43, 44, 45, 46, 47, 48, 49, 50, 51, 52, 53, 54, 55, 56, 57, 58, 59, 60, 61, 62, 63, 64, 65, 66, 67, 68, 69, 70, 71, 72, 73, 74, 75, 76, 77, 78, 79, 80, 81, 82, 83, 84, 85, 86, 87, 88, 89, 90, 91, 92, 93, 94, 95], 1:[], 2:[], 3:[], 4:[], 5:[], 6:[], 7:[], 8:[], 9:[], 10:[], 11:[], 12:[], 13:[], 14:[], 15:[], 16:[], 17:[], 18:[], 19:[], 20:[], 21:[], 22:[], 23:[], 24:[], 25:[], 26:[], 27:[], 28:[], 29:[], 30:[], 31:[], 32:[], 33:[], 34:[], 35:[], 36:[], 37:[], 38:[], 39:[], 40:[], 41:[], 42:[], 43:[], 44:[], 45:[], 46:[], 47:[], 48:[], 49:[], 50:[], 51:[], 52:[], 53:[], 54:[], 55:[], 56:[], 57:[], 58:[], 59:[], 60:[], 61:[], 62:[], 63:[], 64:[], 65:[], 66:[], 67:[], 68:[], 69:[], 70:[], 71:[], 72:[], 73:[], 74:[], 75:[], 76:[], 77:[], 78:[], 79:[], 80:[], 81:[], 82:[], 83:[], 84:[], 85:[], 86:[], 87:[], 88:[], 89:[], 90:[], 91:[], 92:[], 93:[], 94:[], 95:[]",10543392208,10000488086
2311,3,3648.4813,4330177,64393078,513354937,122.8668,false,96,true,true,true,true,true,false,false,"0:[0, 1, 2, 3, 4, 5, 6, 7, 8, 9, 10, 11, 12, 13, 14, 15, 16, 17, 18, 19, 20, 21, 22, 23, 24, 25, 26, 27, 28, 29, 30, 31, 32, 33, 34, 35, 36, 37, 38, 39, 40, 41, 42, 43, 44, 45, 46, 47, 48, 49, 50, 51, 52, 53, 54, 55, 56, 57, 58, 59, 60, 61, 62, 63, 64, 65, 66, 67, 68, 69, 70, 71, 72, 73, 74, 75, 76, 77, 78, 79, 80, 81, 82, 83, 84, 85, 86, 87, 88, 89, 90, 91, 92, 93, 94, 95], 1:[], 2:[], 3:[], 4:[], 5:[], 6:[], 7:[], 8:[], 9:[], 10:[], 11:[], 12:[], 13:[], 14:[], 15:[], 16:[], 17:[], 18:[], 19:[], 20:[], 21:[], 22:[], 23:[], 24:[], 25:[], 26:[], 27:[], 28:[], 29:[], 30:[], 31:[], 32:[], 33:[], 34:[], 35:[], 36:[], 37:[], 38:[], 39:[], 40:[], 41:[], 42:[], 43:[], 44:[], 45:[], 46:[], 47:[], 48:[], 49:[], 50:[], 51:[], 52:[], 53:[], 54:[], 55:[], 56:[], 57:[], 58:[], 59:[], 60:[], 61:[], 62:[], 63:[], 64:[], 65:[], 66:[], 67:[], 68:[], 69:[], 70:[], 71:[], 72:[], 73:[], 74:[], 75:[], 76:[], 77:[], 78:[], 79:[], 80:[], 81:[], 82:[], 83:[], 84:[], 85:[], 86:[], 87:[], 88:[], 89:[], 90:[], 91:[], 92:[], 93:[], 94:[], 95:[]",10556970920,10020204502
2333,2,3689.5858,4454590,66249241,528172866,402.9508,false,98,true,true,true,true,true,false,false,"0:[0, 1, 2, 3, 4, 5, 6, 7, 8, 9, 10, 11, 12, 13, 14, 15, 16, 17, 18, 19, 20, 21, 22, 23, 24, 25, 26, 27, 28, 29, 30, 31, 32, 33, 34, 35, 36, 37, 38, 39, 40, 41, 42, 43, 44, 45, 46, 47, 48, 49, 50, 51, 52, 53, 54, 55, 56, 57, 58, 59, 60, 61, 62, 63, 64, 65, 66, 67, 68, 69, 70, 71, 72, 73, 74, 75, 76, 77, 78, 79, 80, 81, 82, 83, 84, 85, 86, 87, 88, 89, 90, 91, 92, 93, 94, 95, 96, 97], 1:[], 2:[], 3:[], 4:[], 5:[], 6:[], 7:[], 8:[], 9:[], 10:[], 11:[], 12:[], 13:[], 14:[], 15:[], 16:[], 17:[], 18:[], 19:[], 20:[], 21:[], 22:[], 23:[], 24:[], 25:[], 26:[], 27:[], 28:[], 29:[], 30:[], 31:[], 32:[], 33:[], 34:[], 35:[], 36:[], 37:[], 38:[], 39:[], 40:[], 41:[], 42:[], 43:[], 44:[], 45:[], 46:[], 47:[], 48:[], 49:[], 50:[], 51:[], 52:[], 53:[], 54:[], 55:[], 56:[], 57:[], 58:[], 59:[], 60:[], 61:[], 62:[], 63:[], 64:[], 65:[], 66:[], 67:[], 68:[], 69:[], 70:[], 71:[], 72:[], 73:[], 74:[], 75:[], 76:[], 77:[], 78:[], 79:[], 80:[], 81:[], 82:[], 83:[], 84:[], 85:[], 86:[], 87:[], 88:[], 89:[], 90:[], 91:[], 92:[], 93:[], 94:[], 95:[], 96:[], 97:[]",10708449872,10240380205
2339,2,3568.7446,4488930,66760733,532252502,157.3936,false,98,true,true,true,true,true,false,false,"0:[0, 1, 2, 3, 4, 5, 6, 7, 8, 9, 10, 11, 12, 13, 14, 15, 16, 17, 18, 19, 20, 21, 22, 23, 24, 25, 26, 27, 28, 29, 30, 31, 32, 33, 34, 35, 36, 37, 38, 39, 40, 41, 42, 43, 44, 45, 46, 47, 48, 49, 50, 51, 52, 53, 54, 55, 56, 57, 58, 59, 60, 61, 62, 63, 64, 65, 66, 67, 68, 69, 70, 71, 72, 73, 74, 75, 76, 77, 78, 79, 80, 81, 82, 83, 84, 85, 86, 87, 88, 89, 90, 91, 92, 93, 94, 95, 96, 97], 1:[], 2:[], 3:[], 4:[], 5:[], 6:[], 7:[], 8:[], 9:[], 10:[], 11:[], 12:[], 13:[], 14:[], 15:[], 16:[], 17:[], 18:[], 19:[], 20:[], 21:[], 22:[], 23:[], 24:[], 25:[], 26:[], 27:[], 28:[], 29:[], 30:[], 31:[], 32:[], 33:[], 34:[], 35:[], 36:[], 37:[], 38:[], 39:[], 40:[], 41:[], 42:[], 43:[], 44:[], 45:[], 46:[], 47:[], 48:[], 49:[], 50:[], 51:[], 52:[], 53:[], 54:[], 55:[], 56:[], 57:[], 58:[], 59:[], 60:[], 61:[], 62:[], 63:[], 64:[], 65:[], 66:[], 67:[], 68:[], 69:[], 70:[], 71:[], 72:[], 73:[], 74:[], 75:[], 76:[], 77:[], 78:[], 79:[], 80:[], 81:[], 82:[], 83:[], 84:[], 85:[], 86:[], 87:[], 88:[], 89:[], 90:[], 91:[], 92:[], 93:[], 94:[], 95:[], 96:[], 97:[]",10750193392,10301028609
2341,2,3530.6956,4500415,66932666,533627441,403.4934,false,97,true,true,true,true,true,false,false,"0:[0, 1, 2, 3, 4, 5, 6, 7, 8, 9, 10, 11, 12, 13, 14, 15, 16, 17, 18, 19, 20, 21, 22, 23, 24, 25, 26, 27, 28, 29, 30, 31, 32, 33, 34, 35, 36, 37, 38, 39, 40, 41, 42, 43, 44, 45, 46, 47, 48, 49, 50, 51, 52, 53, 54, 55, 56, 57, 58, 59, 60, 61, 62, 63, 64, 65, 66, 67, 68, 69, 70, 71, 72, 73, 74, 75, 76, 77, 78, 79, 80, 81, 82, 83, 84, 85, 86, 87, 88, 89, 90, 91, 92, 93, 94, 95, 96], 1:[], 2:[], 3:[], 4:[], 5:[], 6:[], 7:[], 8:[], 9:[], 10:[], 11:[], 12:[], 13:[], 14:[], 15:[], 16:[], 17:[], 18:[], 19:[], 20:[], 21:[], 22:[], 23:[], 24:[], 25:[], 26:[], 27:[], 28:[], 29:[], 30:[], 31:[], 32:[], 33:[], 34:[], 35:[], 36:[], 37:[], 38:[], 39:[], 40:[], 41:[], 42:[], 43:[], 44:[], 45:[], 46:[], 47:[], 48:[], 49:[], 50:[], 51:[], 52:[], 53:[], 54:[], 55:[], 56:[], 57:[], 58:[], 59:[], 60:[], 61:[], 62:[], 63:[], 64:[], 65:[], 66:[], 67:[], 68:[], 69:[], 70:[], 71:[], 72:[], 73:[], 74:[], 75:[], 76:[], 77:[], 78:[], 79:[], 80:[], 81:[], 82:[], 83:[], 84:[], 85:[], 86:[], 87:[], 88:[], 89:[], 90:[], 91:[], 92:[], 93:[], 94:[], 95:[], 96:[]",10764223672,10321439706
2347,2,4082.7693,4534989,67447788,537736937,382.4223,false,97,true,true,true,true,true,false,false,"0:[0, 1, 2, 3, 4, 5, 6, 7, 8, 9, 10, 11, 12, 13, 14, 15, 16, 17, 18, 19, 20, 21, 22, 23, 24, 25, 26, 27, 28, 29, 30, 31, 32, 33, 34, 35, 36, 37, 38, 39, 40, 41, 42, 43, 44, 45, 46, 47, 48, 49, 50, 51, 52, 53, 54, 55, 56, 57, 58, 59, 60, 61, 62, 63, 64, 65, 66, 67, 68, 69, 70, 71, 72, 73, 74, 75, 76, 77, 78, 79, 80, 81, 82, 83, 84, 85, 86, 87, 88, 89, 90, 91, 92, 93, 94, 95, 96], 1:[], 2:[], 3:[], 4:[], 5:[], 6:[], 7:[], 8:[], 9:[], 10:[], 11:[], 12:[], 13:[], 14:[], 15:[], 16:[], 17:[], 18:[], 19:[], 20:[], 21:[], 22:[], 23:[], 24:[], 25:[], 26:[], 27:[], 28:[], 29:[], 30:[], 31:[], 32:[], 33:[], 34:[], 35:[], 36:[], 37:[], 38:[], 39:[], 40:[], 41:[], 42:[], 43:[], 44:[], 45:[], 46:[], 47:[], 48:[], 49:[], 50:[], 51:[], 52:[], 53:[], 54:[], 55:[], 56:[], 57:[], 58:[], 59:[], 60:[], 61:[], 62:[], 63:[], 64:[], 65:[], 66:[], 67:[], 68:[], 69:[], 70:[], 71:[], 72:[], 73:[], 74:[], 75:[], 76:[], 77:[], 78:[], 79:[], 80:[], 81:[], 82:[], 83:[], 84:[], 85:[], 86:[], 87:[], 88:[], 89:[], 90:[], 91:[], 92:[], 93:[], 94:[], 95:[], 96:[]",10806263208,11456262180
2351,13,3960.4751,4558137,67792962,540491542,108.1427,false,97,true,true,true,true,true,false,false,"0:[0, 1, 2, 3, 4, 5, 6, 7, 8, 9, 10, 11, 12, 13, 14, 15, 16, 17, 18, 19, 20, 21, 22, 23, 24, 25, 26, 27, 28, 29, 30, 31, 32, 33, 34, 35, 36, 37, 38, 39, 40, 41, 42, 43, 44, 45, 46, 47, 48, 49, 50, 51, 52, 53, 54, 55, 56, 57, 58, 59, 60, 61, 62, 63, 64, 65, 66, 67, 68, 69, 70, 71, 72, 73, 74, 75, 76, 77, 78, 79, 80, 81, 82, 83, 84, 85, 86, 87, 88, 89, 90, 91, 92, 93, 94, 95, 96], 1:[], 2:[], 3:[], 4:[], 5:[], 6:[], 7:[], 8:[], 9:[], 10:[], 11:[], 12:[], 13:[], 14:[], 15:[], 16:[], 17:[], 18:[], 19:[], 20:[], 21:[], 22:[], 23:[], 24:[], 25:[], 26:[], 27:[], 28:[], 29:[], 30:[], 31:[], 32:[], 33:[], 34:[], 35:[], 36:[], 37:[], 38:[], 39:[], 40:[], 41:[], 42:[], 43:[], 44:[], 45:[], 46:[], 47:[], 48:[], 49:[], 50:[], 51:[], 52:[], 53:[], 54:[], 55:[], 56:[], 57:[], 58:[], 59:[], 60:[], 61:[], 62:[], 63:[], 64:[], 65:[], 66:[], 67:[], 68:[], 69:[], 70:[], 71:[], 72:[], 73:[], 74:[], 75:[], 76:[], 77:[], 78:[], 79:[], 80:[], 81:[], 82:[], 83:[], 84:[], 85:[], 86:[], 87:[], 88:[], 89:[], 90:[], 91:[], 92:[], 93:[], 94:[], 95:[], 96:[]",10834432680,11497201586
2357,2,3303.8802,4593006,68313708,544650879,113.8766,false,99,true,true,true,true,true,false,false,"0:[0, 1, 2, 3, 4, 5, 6, 7, 8, 9, 10, 11, 12, 13, 14, 15, 16, 17, 18, 19, 20, 21, 22, 23, 24, 25, 26, 27, 28, 29, 30, 31, 32, 33, 34, 35, 36, 37, 38, 39, 40, 41, 42, 43, 44, 45, 46, 47, 48, 49, 50, 51, 52, 53, 54, 55, 56, 57, 58, 59, 60, 61, 62, 63, 64, 65, 66, 67, 68, 69, 70, 71, 72, 73, 74, 75, 76, 77, 78, 79, 80, 81, 82, 83, 84, 85, 86, 87, 88, 89, 90, 91, 92, 93, 94, 95, 96, 97, 98], 1:[], 2:[], 3:[], 4:[], 5:[], 6:[], 7:[], 8:[], 9:[], 10:[], 11:[], 12:[], 13:[], 14:[], 15:[], 16:[], 17:[], 18:[], 19:[], 20:[], 21:[], 22:[], 23:[], 24:[], 25:[], 26:[], 27:[], 28:[], 29:[], 30:[], 31:[], 32:[], 33:[], 34:[], 35:[], 36:[], 37:[], 38:[], 39:[], 40:[], 41:[], 42:[], 43:[], 44:[], 45:[], 46:[], 47:[], 48:[], 49:[], 50:[], 51:[], 52:[], 53:[], 54:[], 55:[], 56:[], 57:[], 58:[], 59:[], 60:[], 61:[], 62:[], 63:[], 64:[], 65:[], 66:[], 67:[], 68:[], 69:[], 70:[], 71:[], 72:[], 73:[], 74:[], 75:[], 76:[], 77:[], 78:[], 79:[], 80:[], 81:[], 82:[], 83:[], 84:[], 85:[], 86:[], 87:[], 88:[], 89:[], 90:[], 91:[], 92:[], 93:[], 94:[], 95:[], 96:[], 97:[], 98:[]",11246027968,11558985756
2371,2,3585.3202,4675057,69536968,554412445,139.3958,false,99,true,true,true,true,true,false,false,"0:[0, 1, 2, 3, 4, 5, 6, 7, 8, 9, 10, 11, 12, 13, 14, 15, 16, 17, 18, 19, 20, 21, 22, 23, 24, 25, 26, 27, 28, 29, 30, 31, 32, 33, 34, 35, 36, 37, 38, 39, 40, 41, 42, 43, 44, 45, 46, 47, 48, 49, 50, 51, 52, 53, 54, 55, 56, 57, 58, 59, 60, 61, 62, 63, 64, 65, 66, 67, 68, 69, 70, 71, 72, 73, 74, 75, 76, 77, 78, 79, 80, 81, 82, 83, 84, 85, 86, 87, 88, 89, 90, 91, 92, 93, 94, 95, 96, 97, 98], 1:[], 2:[], 3:[], 4:[], 5:[], 6:[], 7:[], 8:[], 9:[], 10:[], 11:[], 12:[], 13:[], 14:[], 15:[], 16:[], 17:[], 18:[], 19:[], 20:[], 21:[], 22:[], 23:[], 24:[], 25:[], 26:[], 27:[], 28:[], 29:[], 30:[], 31:[], 32:[], 33:[], 34:[], 35:[], 36:[], 37:[], 38:[], 39:[], 40:[], 41:[], 42:[], 43:[], 44:[], 45:[], 46:[], 47:[], 48:[], 49:[], 50:[], 51:[], 52:[], 53:[], 54:[], 55:[], 56:[], 57:[], 58:[], 59:[], 60:[], 61:[], 62:[], 63:[], 64:[], 65:[], 66:[], 67:[], 68:[], 69:[], 70:[], 71:[], 72:[], 73:[], 74:[], 75:[], 76:[], 77:[], 78:[], 79:[], 80:[], 81:[], 82:[], 83:[], 84:[], 85:[], 86:[], 87:[], 88:[], 89:[], 90:[], 91:[], 92:[], 93:[], 94:[], 95:[], 96:[], 97:[], 98:[]",11345857992,11704056880
2377,5,4086.4925,4710519,70066484,558641206,152.8372,false,99,true,true,true,true,true,false,false,"0:[0, 1, 2, 3, 4, 5, 6, 7, 8, 9, 10, 11, 12, 13, 14, 15, 16, 17, 18, 19, 20, 21, 22, 23, 24, 25, 26, 27, 28, 29, 30, 31, 32, 33, 34, 35, 36, 37, 38, 39, 40, 41, 42, 43, 44, 45, 46, 47, 48, 49, 50, 51, 52, 53, 54, 55, 56, 57, 58, 59, 60, 61, 62, 63, 64, 65, 66, 67, 68, 69, 70, 71, 72, 73, 74, 75, 76, 77, 78, 79, 80, 81, 82, 83, 84, 85, 86, 87, 88, 89, 90, 91, 92, 93, 94, 95, 96, 97, 98], 1:[], 2:[], 3:[], 4:[], 5:[], 6:[], 7:[], 8:[], 9:[], 10:[], 11:[], 12:[], 13:[], 14:[], 15:[], 16:[], 17:[], 18:[], 19:[], 20:[], 21:[], 22:[], 23:[], 24:[], 25:[], 26:[], 27:[], 28:[], 29:[], 30:[], 31:[], 32:[], 33:[], 34:[], 35:[], 36:[], 37:[], 38:[], 39:[], 40:[], 41:[], 42:[], 43:[], 44:[], 45:[], 46:[], 47:[], 48:[], 49:[], 50:[], 51:[], 52:[], 53:[], 54:[], 55:[], 56:[], 57:[], 58:[], 59:[], 60:[], 61:[], 62:[], 63:[], 64:[], 65:[], 66:[], 67:[], 68:[], 69:[], 70:[], 71:[], 72:[], 73:[], 74:[], 75:[], 76:[], 77:[], 78:[], 79:[], 80:[], 81:[], 82:[], 83:[], 84:[], 85:[], 86:[], 87:[], 88:[], 89:[], 90:[], 91:[], 92:[], 93:[], 94:[], 95:[], 96:[], 97:[], 98:[]",11389070360,11766879964
2381,2,3460.6747,4734260,70420653,561468506,131.5886,false,99,true,true,true,true,true,false,false,"0:[0, 1, 2, 3, 4, 5, 6, 7, 8, 9, 10, 11, 12, 13, 14, 15, 16, 17, 18, 19, 20, 21, 22, 23, 24, 25, 26, 27, 28, 29, 30, 31, 32, 33, 34, 35, 36, 37, 38, 39, 40, 41, 42, 43, 44, 45, 46, 47, 48, 49, 50, 51, 52, 53, 54, 55, 56, 57, 58, 59, 60, 61, 62, 63, 64, 65, 66, 67, 68, 69, 70, 71, 72, 73, 74, 75, 76, 77, 78, 79, 80, 81, 82, 83, 84, 85, 86, 87, 88, 89, 90, 91, 92, 93, 94, 95, 96, 97, 98], 1:[], 2:[], 3:[], 4:[], 5:[], 6:[], 7:[], 8:[], 9:[], 10:[], 11:[], 12:[], 13:[], 14:[], 15:[], 16:[], 17:[], 18:[], 19:[], 20:[], 21:[], 22:[], 23:[], 24:[], 25:[], 26:[], 27:[], 28:[], 29:[], 30:[], 31:[], 32:[], 33:[], 34:[], 35:[], 36:[], 37:[], 38:[], 39:[], 40:[], 41:[], 42:[], 43:[], 44:[], 45:[], 46:[], 47:[], 48:[], 49:[], 50:[], 51:[], 52:[], 53:[], 54:[], 55:[], 56:[], 57:[], 58:[], 59:[], 60:[], 61:[], 62:[], 63:[], 64:[], 65:[], 66:[], 67:[], 68:[], 69:[], 70:[], 71:[], 72:[], 73:[], 74:[], 75:[], 76:[], 77:[], 78:[], 79:[], 80:[], 81:[], 82:[], 83:[], 84:[], 85:[], 86:[], 87:[], 88:[], 89:[], 90:[], 91:[], 92:[], 93:[], 94:[], 95:[], 96:[], 97:[], 98:[]",11417973664,11808887809
2383,3,3839.2523,4746160,70597540,562877900,130.4710,false,100,true,true,true,true,true,false,false,"0:[0, 1, 2, 3, 4, 5, 6, 7, 8, 9, 10, 11, 12, 13, 14, 15, 16, 17, 18, 19, 20, 21, 22, 23, 24, 25, 26, 27, 28, 29, 30, 31, 32, 33, 34, 35, 36, 37, 38, 39, 40, 41, 42, 43, 44, 45, 46, 47, 48, 49, 50, 51, 52, 53, 54, 55, 56, 57, 58, 59, 60, 61, 62, 63, 64, 65, 66, 67, 68, 69, 70, 71, 72, 73, 74, 75, 76, 77, 78, 79, 80, 81, 82, 83, 84, 85, 86, 87, 88, 89, 90, 91, 92, 93, 94, 95, 96, 97, 98, 99], 1:[], 2:[], 3:[], 4:[], 5:[], 6:[], 7:[], 8:[], 9:[], 10:[], 11:[], 12:[], 13:[], 14:[], 15:[], 16:[], 17:[], 18:[], 19:[], 20:[], 21:[], 22:[], 23:[], 24:[], 25:[], 26:[], 27:[], 28:[], 29:[], 30:[], 31:[], 32:[], 33:[], 34:[], 35:[], 36:[], 37:[], 38:[], 39:[], 40:[], 41:[], 42:[], 43:[], 44:[], 45:[], 46:[], 47:[], 48:[], 49:[], 50:[], 51:[], 52:[], 53:[], 54:[], 55:[], 56:[], 57:[], 58:[], 59:[], 60:[], 61:[], 62:[], 63:[], 64:[], 65:[], 66:[], 67:[], 68:[], 69:[], 70:[], 71:[], 72:[], 73:[], 74:[], 75:[], 76:[], 77:[], 78:[], 79:[], 80:[], 81:[], 82:[], 83:[], 84:[], 85:[], 86:[], 87:[], 88:[], 89:[], 90:[], 91:[], 92:[], 93:[], 94:[], 95:[], 96:[], 97:[], 98:[], 99:[]",11432410224,11829849796
2389,2,4336.5313,4781981,71132442,567149829,162.2420,false,99,true,true,true,true,true,false,false,"0:[0, 1, 2, 3, 4, 5, 6, 7, 8, 9, 10, 11, 12, 13, 14, 15, 16, 17, 18, 19, 20, 21, 22, 23, 24, 25, 26, 27, 28, 29, 30, 31, 32, 33, 34, 35, 36, 37, 38, 39, 40, 41, 42, 43, 44, 45, 46, 47, 48, 49, 50, 51, 52, 53, 54, 55, 56, 57, 58, 59, 60, 61, 62, 63, 64, 65, 66, 67, 68, 69, 70, 71, 72, 73, 74, 75, 76, 77, 78, 79, 80, 81, 82, 83, 84, 85, 86, 87, 88, 89, 90, 91, 92, 93, 94, 95, 96, 97, 98], 1:[], 2:[], 3:[], 4:[], 5:[], 6:[], 7:[], 8:[], 9:[], 10:[], 11:[], 12:[], 13:[], 14:[], 15:[], 16:[], 17:[], 18:[], 19:[], 20:[], 21:[], 22:[], 23:[], 24:[], 25:[], 26:[], 27:[], 28:[], 29:[], 30:[], 31:[], 32:[], 33:[], 34:[], 35:[], 36:[], 37:[], 38:[], 39:[], 40:[], 41:[], 42:[], 43:[], 44:[], 45:[], 46:[], 47:[], 48:[], 49:[], 50:[], 51:[], 52:[], 53:[], 54:[], 55:[], 56:[], 57:[], 58:[], 59:[], 60:[], 61:[], 62:[], 63:[], 64:[], 65:[], 66:[], 67:[], 68:[], 69:[], 70:[], 71:[], 72:[], 73:[], 74:[], 75:[], 76:[], 77:[], 78:[], 79:[], 80:[], 81:[], 82:[], 83:[], 84:[], 85:[], 86:[], 87:[], 88:[], 89:[], 90:[], 91:[], 92:[], 93:[], 94:[], 95:[], 96:[], 97:[], 98:[]",11476062088,11893311818
2393,3,4179.7140,4805960,71490134,570004965,168.4725,false,99,true,true,true,true,true,false,false,"0:[0, 1, 2, 3, 4, 5, 6, 7, 8, 9, 10, 11, 12, 13, 14, 15, 16, 17, 18, 19, 20, 21, 22, 23, 24, 25, 26, 27, 28, 29, 30, 31, 32, 33, 34, 35, 36, 37, 38, 39, 40, 41, 42, 43, 44, 45, 46, 47, 48, 49, 50, 51, 52, 53, 54, 55, 56, 57, 58, 59, 60, 61, 62, 63, 64, 65, 66, 67, 68, 69, 70, 71, 72, 73, 74, 75, 76, 77, 78, 79, 80, 81, 82, 83, 84, 85, 86, 87, 88, 89, 90, 91, 92, 93, 94, 95, 96, 97, 98], 1:[], 2:[], 3:[], 4:[], 5:[], 6:[], 7:[], 8:[], 9:[], 10:[], 11:[], 12:[], 13:[], 14:[], 15:[], 16:[], 17:[], 18:[], 19:[], 20:[], 21:[], 22:[], 23:[], 24:[], 25:[], 26:[], 27:[], 28:[], 29:[], 30:[], 31:[], 32:[], 33:[], 34:[], 35:[], 36:[], 37:[], 38:[], 39:[], 40:[], 41:[], 42:[], 43:[], 44:[], 45:[], 46:[], 47:[], 48:[], 49:[], 50:[], 51:[], 52:[], 53:[], 54:[], 55:[], 56:[], 57:[], 58:[], 59:[], 60:[], 61:[], 62:[], 63:[], 64:[], 65:[], 66:[], 67:[], 68:[], 69:[], 70:[], 71:[], 72:[], 73:[], 74:[], 75:[], 76:[], 77:[], 78:[], 79:[], 80:[], 81:[], 82:[], 83:[], 84:[], 85:[], 86:[], 87:[], 88:[], 89:[], 90:[], 91:[], 92:[], 93:[], 94:[], 95:[], 96:[], 97:[], 98:[]",11505252944,11935737086
2399,11,4740.8009,4842081,72028336,574298620,408.4862,false,99,true,true,true,true,true,false,false,"0:[0, 1, 2, 3, 4, 5, 6, 7, 8, 9, 10, 11, 12, 13, 14, 15, 16, 17, 18, 19, 20, 21, 22, 23, 24, 25, 26, 27, 28, 29, 30, 31, 32, 33, 34, 35, 36, 37, 38, 39, 40, 41, 42, 43, 44, 45, 46, 47, 48, 49, 50, 51, 52, 53, 54, 55, 56, 57, 58, 59, 60, 61, 62, 63, 64, 65, 66, 67, 68, 69, 70, 71, 72, 73, 74, 75, 76, 77, 78, 79, 80, 81, 82, 83, 84, 85, 86, 87, 88, 89, 90, 91, 92, 93, 94, 95, 96, 97, 98], 1:[], 2:[], 3:[], 4:[], 5:[], 6:[], 7:[], 8:[], 9:[], 10:[], 11:[], 12:[], 13:[], 14:[], 15:[], 16:[], 17:[], 18:[], 19:[], 20:[], 21:[], 22:[], 23:[], 24:[], 25:[], 26:[], 27:[], 28:[], 29:[], 30:[], 31:[], 32:[], 33:[], 34:[], 35:[], 36:[], 37:[], 38:[], 39:[], 40:[], 41:[], 42:[], 43:[], 44:[], 45:[], 46:[], 47:[], 48:[], 49:[], 50:[], 51:[], 52:[], 53:[], 54:[], 55:[], 56:[], 57:[], 58:[], 59:[], 60:[], 61:[], 62:[], 63:[], 64:[], 65:[], 66:[], 67:[], 68:[], 69:[], 70:[], 71:[], 72:[], 73:[], 74:[], 75:[], 76:[], 77:[], 78:[], 79:[], 80:[], 81:[], 82:[], 83:[], 84:[], 85:[], 86:[], 87:[], 88:[], 89:[], 90:[], 91:[], 92:[], 93:[], 94:[], 95:[], 96:[], 97:[], 98:[]",11549176008,11999553816
2411,2,3865.2373,4914862,73113987,582964175,206.1033,false,101,true,true,true,true,true,false,false,"0:[0, 1, 2, 3, 4, 5, 6, 7, 8, 9, 10, 11, 12, 13, 14, 15, 16, 17, 18, 19, 20, 21, 22, 23, 24, 25, 26, 27, 28, 29, 30, 31, 32, 33, 34, 35, 36, 37, 38, 39, 40, 41, 42, 43, 44, 45, 46, 47, 48, 49, 50, 51, 52, 53, 54, 55, 56, 57, 58, 59, 60, 61, 62, 63, 64, 65, 66, 67, 68, 69, 70, 71, 72, 73, 74, 75, 76, 77, 78, 79, 80, 81, 82, 83, 84, 85, 86, 87, 88, 89, 90, 91, 92, 93, 94, 95, 96, 97, 98, 99, 100], 1:[], 2:[], 3:[], 4:[], 5:[], 6:[], 7:[], 8:[], 9:[], 10:[], 11:[], 12:[], 13:[], 14:[], 15:[], 16:[], 17:[], 18:[], 19:[], 20:[], 21:[], 22:[], 23:[], 24:[], 25:[], 26:[], 27:[], 28:[], 29:[], 30:[], 31:[], 32:[], 33:[], 34:[], 35:[], 36:[], 37:[], 38:[], 39:[], 40:[], 41:[], 42:[], 43:[], 44:[], 45:[], 46:[], 47:[], 48:[], 49:[], 50:[], 51:[], 52:[], 53:[], 54:[], 55:[], 56:[], 57:[], 58:[], 59:[], 60:[], 61:[], 62:[], 63:[], 64:[], 65:[], 66:[], 67:[], 68:[], 69:[], 70:[], 71:[], 72:[], 73:[], 74:[], 75:[], 76:[], 77:[], 78:[], 79:[], 80:[], 81:[], 82:[], 83:[], 84:[], 85:[], 86:[], 87:[], 88:[], 89:[], 90:[], 91:[], 92:[], 93:[], 94:[], 95:[], 96:[], 97:[], 98:[], 99:[], 100:[]",11637774832,12128320927
2417,3,4936.4673,4951525,73661593,587338320,433.4127,false,100,true,true,true,true,true,false,false,"0:[0, 1, 2, 3, 4, 5, 6, 7, 8, 9, 10, 11, 12, 13, 14, 15, 16, 17, 18, 19, 20, 21, 22, 23, 24, 25, 26, 27, 28, 29, 30, 31, 32, 33, 34, 35, 36, 37, 38, 39, 40, 41, 42, 43, 44, 45, 46, 47, 48, 49, 50, 51, 52, 53, 54, 55, 56, 57, 58, 59, 60, 61, 62, 63, 64, 65, 66, 67, 68, 69, 70, 71, 72, 73, 74, 75, 76, 77, 78, 79, 80, 81, 82, 83, 84, 85, 86, 87, 88, 89, 90, 91, 92, 93, 94, 95, 96, 97, 98, 99], 1:[], 2:[], 3:[], 4:[], 5:[], 6:[], 7:[], 8:[], 9:[], 10:[], 11:[], 12:[], 13:[], 14:[], 15:[], 16:[], 17:[], 18:[], 19:[], 20:[], 21:[], 22:[], 23:[], 24:[], 25:[], 26:[], 27:[], 28:[], 29:[], 30:[], 31:[], 32:[], 33:[], 34:[], 35:[], 36:[], 37:[], 38:[], 39:[], 40:[], 41:[], 42:[], 43:[], 44:[], 45:[], 46:[], 47:[], 48:[], 49:[], 50:[], 51:[], 52:[], 53:[], 54:[], 55:[], 56:[], 57:[], 58:[], 59:[], 60:[], 61:[], 62:[], 63:[], 64:[], 65:[], 66:[], 67:[], 68:[], 69:[], 70:[], 71:[], 72:[], 73:[], 74:[], 75:[], 76:[], 77:[], 78:[], 79:[], 80:[], 81:[], 82:[], 83:[], 84:[], 85:[], 86:[], 87:[], 88:[], 89:[], 90:[], 91:[], 92:[], 93:[], 94:[], 95:[], 96:[], 97:[], 98:[], 99:[]",11682463224,12193291221
2423,5,4878.7537,4988370,74210601,591718093,542.9541,false,101,true,true,true,true,true,false,false,"0:[0, 1, 2, 3, 4, 5, 6, 7, 8, 9, 10, 11, 12, 13, 14, 15, 16, 17, 18, 19, 20, 21, 22, 23, 24, 25, 26, 27, 28, 29, 30, 31, 32, 33, 34, 35, 36, 37, 38, 39, 40, 41, 42, 43, 44, 45, 46, 47, 48, 49, 50, 51, 52, 53, 54, 55, 56, 57, 58, 59, 60, 61, 62, 63, 64, 65, 66, 67, 68, 69, 70, 71, 72, 73, 74, 75, 76, 77, 78, 79, 80, 81, 82, 83, 84, 85, 86, 87, 88, 89, 90, 91, 92, 93, 94, 95, 96, 97, 98, 99, 100], 1:[], 2:[], 3:[], 4:[], 5:[], 6:[], 7:[], 8:[], 9:[], 10:[], 11:[], 12:[], 13:[], 14:[], 15:[], 16:[], 17:[], 18:[], 19:[], 20:[], 21:[], 22:[], 23:[], 24:[], 25:[], 26:[], 27:[], 28:[], 29:[], 30:[], 31:[], 32:[], 33:[], 34:[], 35:[], 36:[], 37:[], 38:[], 39:[], 40:[], 41:[], 42:[], 43:[], 44:[], 45:[], 46:[], 47:[], 48:[], 49:[], 50:[], 51:[], 52:[], 53:[], 54:[], 55:[], 56:[], 57:[], 58:[], 59:[], 60:[], 61:[], 62:[], 63:[], 64:[], 65:[], 66:[], 67:[], 68:[], 69:[], 70:[], 71:[], 72:[], 73:[], 74:[], 75:[], 76:[], 77:[], 78:[], 79:[], 80:[], 81:[], 82:[], 83:[], 84:[], 85:[], 86:[], 87:[], 88:[], 89:[], 90:[], 91:[], 92:[], 93:[], 94:[], 95:[], 96:[], 97:[], 98:[], 99:[], 100:[]",11727268144,12258389501
2437,2,4718.3955,5075051,75504356,602048082,897.3336,false,102,true,true,true,true,true,false,false,"0:[0, 1, 2, 3, 4, 5, 6, 7, 8, 9, 10, 11, 12, 13, 14, 15, 16, 17, 18, 19, 20, 21, 22, 23, 24, 25, 26, 27, 28, 29, 30, 31, 32, 33, 34, 35, 36, 37, 38, 39, 40, 41, 42, 43, 44, 45, 46, 47, 48, 49, 50, 51, 52, 53, 54, 55, 56, 57, 58, 59, 60, 61, 62, 63, 64, 65, 66, 67, 68, 69, 70, 71, 72, 73, 74, 75, 76, 77, 78, 79, 80, 81, 82, 83, 84, 85, 86, 87, 88, 89, 90, 91, 92, 93, 94, 95, 96, 97, 98, 99, 100, 101], 1:[], 2:[], 3:[], 4:[], 5:[], 6:[], 7:[], 8:[], 9:[], 10:[], 11:[], 12:[], 13:[], 14:[], 15:[], 16:[], 17:[], 18:[], 19:[], 20:[], 21:[], 22:[], 23:[], 24:[], 25:[], 26:[], 27:[], 28:[], 29:[], 30:[], 31:[], 32:[], 33:[], 34:[], 35:[], 36:[], 37:[], 38:[], 39:[], 40:[], 41:[], 42:[], 43:[], 44:[], 45:[], 46:[], 47:[], 48:[], 49:[], 50:[], 51:[], 52:[], 53:[], 54:[], 55:[], 56:[], 57:[], 58:[], 59:[], 60:[], 61:[], 62:[], 63:[], 64:[], 65:[], 66:[], 67:[], 68:[], 69:[], 70:[], 71:[], 72:[], 73:[], 74:[], 75:[], 76:[], 77:[], 78:[], 79:[], 80:[], 81:[], 82:[], 83:[], 84:[], 85:[], 86:[], 87:[], 88:[], 89:[], 90:[], 91:[], 92:[], 93:[], 94:[], 95:[], 96:[], 97:[], 98:[], 99:[], 100:[], 101:[]",11832848888,12411858732
2441,3,5016.6121,5100000,75876502,605018385,437.9796,false,102,true,true,true,true,true,false,false,"0:[0, 1, 2, 3, 4, 5, 6, 7, 8, 9, 10, 11, 12, 13, 14, 15, 16, 17, 18, 19, 20, 21, 22, 23, 24, 25, 26, 27, 28, 29, 30, 31, 32, 33, 34, 35, 36, 37, 38, 39, 40, 41, 42, 43, 44, 45, 46, 47, 48, 49, 50, 51, 52, 53, 54, 55, 56, 57, 58, 59, 60, 61, 62, 63, 64, 65, 66, 67, 68, 69, 70, 71, 72, 73, 74, 75, 76, 77, 78, 79, 80, 81, 82, 83, 84, 85, 86, 87, 88, 89, 90, 91, 92, 93, 94, 95, 96, 97, 98, 99, 100, 101], 1:[], 2:[], 3:[], 4:[], 5:[], 6:[], 7:[], 8:[], 9:[], 10:[], 11:[], 12:[], 13:[], 14:[], 15:[], 16:[], 17:[], 18:[], 19:[], 20:[], 21:[], 22:[], 23:[], 24:[], 25:[], 26:[], 27:[], 28:[], 29:[], 30:[], 31:[], 32:[], 33:[], 34:[], 35:[], 36:[], 37:[], 38:[], 39:[], 40:[], 41:[], 42:[], 43:[], 44:[], 45:[], 46:[], 47:[], 48:[], 49:[], 50:[], 51:[], 52:[], 53:[], 54:[], 55:[], 56:[], 57:[], 58:[], 59:[], 60:[], 61:[], 62:[], 63:[], 64:[], 65:[], 66:[], 67:[], 68:[], 69:[], 70:[], 71:[], 72:[], 73:[], 74:[], 75:[], 76:[], 77:[], 78:[], 79:[], 80:[], 81:[], 82:[], 83:[], 84:[], 85:[], 86:[], 87:[], 88:[], 89:[], 90:[], 91:[], 92:[], 93:[], 94:[], 95:[], 96:[], 97:[], 98:[], 99:[], 100:[], 101:[]",11863219344,12455997566
2447,5,4955.3202,5137577,76436508,609486376,419.4726,false,102,true,true,true,true,true,false,false,"0:[0, 1, 2, 3, 4, 5, 6, 7, 8, 9, 10, 11, 12, 13, 14, 15, 16, 17, 18, 19, 20, 21, 22, 23, 24, 25, 26, 27, 28, 29, 30, 31, 32, 33, 34, 35, 36, 37, 38, 39, 40, 41, 42, 43, 44, 45, 46, 47, 48, 49, 50, 51, 52, 53, 54, 55, 56, 57, 58, 59, 60, 61, 62, 63, 64, 65, 66, 67, 68, 69, 70, 71, 72, 73, 74, 75, 76, 77, 78, 79, 80, 81, 82, 83, 84, 85, 86, 87, 88, 89, 90, 91, 92, 93, 94, 95, 96, 97, 98, 99, 100, 101], 1:[], 2:[], 3:[], 4:[], 5:[], 6:[], 7:[], 8:[], 9:[], 10:[], 11:[], 12:[], 13:[], 14:[], 15:[], 16:[], 17:[], 18:[], 19:[], 20:[], 21:[], 22:[], 23:[], 24:[], 25:[], 26:[], 27:[], 28:[], 29:[], 30:[], 31:[], 32:[], 33:[], 34:[], 35:[], 36:[], 37:[], 38:[], 39:[], 40:[], 41:[], 42:[], 43:[], 44:[], 45:[], 46:[], 47:[], 48:[], 49:[], 50:[], 51:[], 52:[], 53:[], 54:[], 55:[], 56:[], 57:[], 58:[], 59:[], 60:[], 61:[], 62:[], 63:[], 64:[], 65:[], 66:[], 67:[], 68:[], 69:[], 70:[], 71:[], 72:[], 73:[], 74:[], 75:[], 76:[], 77:[], 78:[], 79:[], 80:[], 81:[], 82:[], 83:[], 84:[], 85:[], 86:[], 87:[], 88:[], 89:[], 90:[], 91:[], 92:[], 93:[], 94:[], 95:[], 96:[], 97:[], 98:[], 99:[], 100:[], 101:[]",11908921672,12522400916
2459,2,4528.1232,5213284,77565933,618501914,595.4775,false,103,true,true,true,true,true,false,false,"0:[0, 1, 2, 3, 4, 5, 6, 7, 8, 9, 10, 11, 12, 13, 14, 15, 16, 17, 18, 19, 20, 21, 22, 23, 24, 25, 26, 27, 28, 29, 30, 31, 32, 33, 34, 35, 36, 37, 38, 39, 40, 41, 42, 43, 44, 45, 46, 47, 48, 49, 50, 51, 52, 53, 54, 55, 56, 57, 58, 59, 60, 61, 62, 63, 64, 65, 66, 67, 68, 69, 70, 71, 72, 73, 74, 75, 76, 77, 78, 79, 80, 81, 82, 83, 84, 85, 86, 87, 88, 89, 90, 91, 92, 93, 94, 95, 96, 97, 98, 99, 100, 101, 102], 1:[], 2:[], 3:[], 4:[], 5:[], 6:[], 7:[], 8:[], 9:[], 10:[], 11:[], 12:[], 13:[], 14:[], 15:[], 16:[], 17:[], 18:[], 19:[], 20:[], 21:[], 22:[], 23:[], 24:[], 25:[], 26:[], 27:[], 28:[], 29:[], 30:[], 31:[], 32:[], 33:[], 34:[], 35:[], 36:[], 37:[], 38:[], 39:[], 40:[], 41:[], 42:[], 43:[], 44:[], 45:[], 46:[], 47:[], 48:[], 49:[], 50:[], 51:[], 52:[], 53:[], 54:[], 55:[], 56:[], 57:[], 58:[], 59:[], 60:[], 61:[], 62:[], 63:[], 64:[], 65:[], 66:[], 67:[], 68:[], 69:[], 70:[], 71:[], 72:[], 73:[], 74:[], 75:[], 76:[], 77:[], 78:[], 79:[], 80:[], 81:[], 82:[], 83:[], 84:[], 85:[], 86:[], 87:[], 88:[], 89:[], 90:[], 91:[], 92:[], 93:[], 94:[], 95:[], 96:[], 97:[], 98:[], 99:[], 100:[], 101:[], 102:[]",12001092640,13730101505
2467,2,4951.3729,5264165,78325056,624561844,1057.9104,false,102,true,true,true,true,true,false,false,"0:[0, 1, 2, 3, 4, 5, 6, 7, 8, 9, 10, 11, 12, 13, 14, 15, 16, 17, 18, 19, 20, 21, 22, 23, 24, 25, 26, 27, 28, 29, 30, 31, 32, 33, 34, 35, 36, 37, 38, 39, 40, 41, 42, 43, 44, 45, 46, 47, 48, 49, 50, 51, 52, 53, 54, 55, 56, 57, 58, 59, 60, 61, 62, 63, 64, 65, 66, 67, 68, 69, 70, 71, 72, 73, 74, 75, 76, 77, 78, 79, 80, 81, 82, 83, 84, 85, 86, 87, 88, 89, 90, 91, 92, 93, 94, 95, 96, 97, 98, 99, 100, 101], 1:[], 2:[], 3:[], 4:[], 5:[], 6:[], 7:[], 8:[], 9:[], 10:[], 11:[], 12:[], 13:[], 14:[], 15:[], 16:[], 17:[], 18:[], 19:[], 20:[], 21:[], 22:[], 23:[], 24:[], 25:[], 26:[], 27:[], 28:[], 29:[], 30:[], 31:[], 32:[], 33:[], 34:[], 35:[], 36:[], 37:[], 38:[], 39:[], 40:[], 41:[], 42:[], 43:[], 44:[], 45:[], 46:[], 47:[], 48:[], 49:[], 50:[], 51:[], 52:[], 53:[], 54:[], 55:[], 56:[], 57:[], 58:[], 59:[], 60:[], 61:[], 62:[], 63:[], 64:[], 65:[], 66:[], 67:[], 68:[], 69:[], 70:[], 71:[], 72:[], 73:[], 74:[], 75:[], 76:[], 77:[], 78:[], 79:[], 80:[], 81:[], 82:[], 83:[], 84:[], 85:[], 86:[], 87:[], 88:[], 89:[], 90:[], 91:[], 92:[], 93:[], 94:[], 95:[], 96:[], 97:[], 98:[], 99:[], 100:[], 101:[]",12063043624,13820139944
2473,5,5473.8324,5302543,78898264,629140149,701.2285,false,103,true,true,true,true,true,false,false,"0:[0, 1, 2, 3, 4, 5, 6, 7, 8, 9, 10, 11, 12, 13, 14, 15, 16, 17, 18, 19, 20, 21, 22, 23, 24, 25, 26, 27, 28, 29, 30, 31, 32, 33, 34, 35, 36, 37, 38, 39, 40, 41, 42, 43, 44, 45, 46, 47, 48, 49, 50, 51, 52, 53, 54, 55, 56, 57, 58, 59, 60, 61, 62, 63, 64, 65, 66, 67, 68, 69, 70, 71, 72, 73, 74, 75, 76, 77, 78, 79, 80, 81, 82, 83, 84, 85, 86, 87, 88, 89, 90, 91, 92, 93, 94, 95, 96, 97, 98, 99, 100, 101, 102], 1:[], 2:[], 3:[], 4:[], 5:[], 6:[], 7:[], 8:[], 9:[], 10:[], 11:[], 12:[], 13:[], 14:[], 15:[], 16:[], 17:[], 18:[], 19:[], 20:[], 21:[], 22:[], 23:[], 24:[], 25:[], 26:[], 27:[], 28:[], 29:[], 30:[], 31:[], 32:[], 33:[], 34:[], 35:[], 36:[], 37:[], 38:[], 39:[], 40:[], 41:[], 42:[], 43:[], 44:[], 45:[], 46:[], 47:[], 48:[], 49:[], 50:[], 51:[], 52:[], 53:[], 54:[], 55:[], 56:[], 57:[], 58:[], 59:[], 60:[], 61:[], 62:[], 63:[], 64:[], 65:[], 66:[], 67:[], 68:[], 69:[], 70:[], 71:[], 72:[], 73:[], 74:[], 75:[], 76:[], 77:[], 78:[], 79:[], 80:[], 81:[], 82:[], 83:[], 84:[], 85:[], 86:[], 87:[], 88:[], 89:[], 90:[], 91:[], 92:[], 93:[], 94:[], 95:[], 96:[], 97:[], 98:[], 99:[], 100:[], 101:[], 102:[]",12109821336,13888146512
2477,2,4734.0064,5328232,79281545,632199897,369.8501,false,104,true,true,true,true,true,false,false,"0:[0, 1, 2, 3, 4, 5, 6, 7, 8, 9, 10, 11, 12, 13, 14, 15, 16, 17, 18, 19, 20, 21, 22, 23, 24, 25, 26, 27, 28, 29, 30, 31, 32, 33, 34, 35, 36, 37, 38, 39, 40, 41, 42, 43, 44, 45, 46, 47, 48, 49, 50, 51, 52, 53, 54, 55, 56, 57, 58, 59, 60, 61, 62, 63, 64, 65, 66, 67, 68, 69, 70, 71, 72, 73, 74, 75, 76, 77, 78, 79, 80, 81, 82, 83, 84, 85, 86, 87, 88, 89, 90, 91, 92, 93, 94, 95, 96, 97, 98, 99, 100, 101, 102, 103], 1:[], 2:[], 3:[], 4:[], 5:[], 6:[], 7:[], 8:[], 9:[], 10:[], 11:[], 12:[], 13:[], 14:[], 15:[], 16:[], 17:[], 18:[], 19:[], 20:[], 21:[], 22:[], 23:[], 24:[], 25:[], 26:[], 27:[], 28:[], 29:[], 30:[], 31:[], 32:[], 33:[], 34:[], 35:[], 36:[], 37:[], 38:[], 39:[], 40:[], 41:[], 42:[], 43:[], 44:[], 45:[], 46:[], 47:[], 48:[], 49:[], 50:[], 51:[], 52:[], 53:[], 54:[], 55:[], 56:[], 57:[], 58:[], 59:[], 60:[], 61:[], 62:[], 63:[], 64:[], 65:[], 66:[], 67:[], 68:[], 69:[], 70:[], 71:[], 72:[], 73:[], 74:[], 75:[], 76:[], 77:[], 78:[], 79:[], 80:[], 81:[], 82:[], 83:[], 84:[], 85:[], 86:[], 87:[], 88:[], 89:[], 90:[], 91:[], 92:[], 93:[], 94:[], 95:[], 96:[], 97:[], 98:[], 99:[], 100:[], 101:[], 102:[], 103:[]",12141100352,13933606829
2503,3,4857.5257,5497233,81802437,652321433,452.0897,false,105,true,true,true,true,true,false,false,"0:[0, 1, 2, 3, 4, 5, 6, 7, 8, 9, 10, 11, 12, 13, 14, 15, 16, 17, 18, 19, 20, 21, 22, 23, 24, 25, 26, 27, 28, 29, 30, 31, 32, 33, 34, 35, 36, 37, 38, 39, 40, 41, 42, 43, 44, 45, 46, 47, 48, 49, 50, 51, 52, 53, 54, 55, 56, 57, 58, 59, 60, 61, 62, 63, 64, 65, 66, 67, 68, 69, 70, 71, 72, 73, 74, 75, 76, 77, 78, 79, 80, 81, 82, 83, 84, 85, 86, 87, 88, 89, 90, 91, 92, 93, 94, 95, 96, 97, 98, 99, 100, 101, 102, 103, 104], 1:[], 2:[], 3:[], 4:[], 5:[], 6:[], 7:[], 8:[], 9:[], 10:[], 11:[], 12:[], 13:[], 14:[], 15:[], 16:[], 17:[], 18:[], 19:[], 20:[], 21:[], 22:[], 23:[], 24:[], 25:[], 26:[], 27:[], 28:[], 29:[], 30:[], 31:[], 32:[], 33:[], 34:[], 35:[], 36:[], 37:[], 38:[], 39:[], 40:[], 41:[], 42:[], 43:[], 44:[], 45:[], 46:[], 47:[], 48:[], 49:[], 50:[], 51:[], 52:[], 53:[], 54:[], 55:[], 56:[], 57:[], 58:[], 59:[], 60:[], 61:[], 62:[], 63:[], 64:[], 65:[], 66:[], 67:[], 68:[], 69:[], 70:[], 71:[], 72:[], 73:[], 74:[], 75:[], 76:[], 77:[], 78:[], 79:[], 80:[], 81:[], 82:[], 83:[], 84:[], 85:[], 86:[], 87:[], 88:[], 89:[], 90:[], 91:[], 92:[], 93:[], 94:[], 95:[], 96:[], 97:[], 98:[], 99:[], 100:[], 101:[], 102:[], 103:[], 104:[]",12346827736,14232586993
2521,11,5292.4570,5616303,83579652,666511275,461.8041,false,106,true,true,true,true,true,false,false,"0:[0, 1, 2, 3, 4, 5, 6, 7, 8, 9, 10, 11, 12, 13, 14, 15, 16, 17, 18, 19, 20, 21, 22, 23, 24, 25, 26, 27, 28, 29, 30, 31, 32, 33, 34, 35, 36, 37, 38, 39, 40, 41, 42, 43, 44, 45, 46, 47, 48, 49, 50, 51, 52, 53, 54, 55, 56, 57, 58, 59, 60, 61, 62, 63, 64, 65, 66, 67, 68, 69, 70, 71, 72, 73, 74, 75, 76, 77, 78, 79, 80, 81, 82, 83, 84, 85, 86, 87, 88, 89, 90, 91, 92, 93, 94, 95, 96, 97, 98, 99, 100, 101, 102, 103, 104, 105], 1:[], 2:[], 3:[], 4:[], 5:[], 6:[], 7:[], 8:[], 9:[], 10:[], 11:[], 12:[], 13:[], 14:[], 15:[], 16:[], 17:[], 18:[], 19:[], 20:[], 21:[], 22:[], 23:[], 24:[], 25:[], 26:[], 27:[], 28:[], 29:[], 30:[], 31:[], 32:[], 33:[], 34:[], 35:[], 36:[], 37:[], 38:[], 39:[], 40:[], 41:[], 42:[], 43:[], 44:[], 45:[], 46:[], 47:[], 48:[], 49:[], 50:[], 51:[], 52:[], 53:[], 54:[], 55:[], 56:[], 57:[], 58:[], 59:[], 60:[], 61:[], 62:[], 63:[], 64:[], 65:[], 66:[], 67:[], 68:[], 69:[], 70:[], 71:[], 72:[], 73:[], 74:[], 75:[], 76:[], 77:[], 78:[], 79:[], 80:[], 81:[], 82:[], 83:[], 84:[], 85:[], 86:[], 87:[], 88:[], 89:[], 90:[], 91:[], 92:[], 93:[], 94:[], 95:[], 96:[], 97:[], 98:[], 99:[], 100:[], 101:[], 102:[], 103:[], 104:[], 105:[]",12491862616,14443397996
2531,2,4695.1161,5683190,84577017,674470616,477.9654,false,106,true,true,true,true,true,false,false,"0:[0, 1, 2, 3, 4, 5, 6, 7, 8, 9, 10, 11, 12, 13, 14, 15, 16, 17, 18, 19, 20, 21, 22, 23, 24, 25, 26, 27, 28, 29, 30, 31, 32, 33, 34, 35, 36, 37, 38, 39, 40, 41, 42, 43, 44, 45, 46, 47, 48, 49, 50, 51, 52, 53, 54, 55, 56, 57, 58, 59, 60, 61, 62, 63, 64, 65, 66, 67, 68, 69, 70, 71, 72, 73, 74, 75, 76, 77, 78, 79, 80, 81, 82, 83, 84, 85, 86, 87, 88, 89, 90, 91, 92, 93, 94, 95, 96, 97, 98, 99, 100, 101, 102, 103, 104, 105], 1:[], 2:[], 3:[], 4:[], 5:[], 6:[], 7:[], 8:[], 9:[], 10:[], 11:[], 12:[], 13:[], 14:[], 15:[], 16:[], 17:[], 18:[], 19:[], 20:[], 21:[], 22:[], 23:[], 24:[], 25:[], 26:[], 27:[], 28:[], 29:[], 30:[], 31:[], 32:[], 33:[], 34:[], 35:[], 36:[], 37:[], 38:[], 39:[], 40:[], 41:[], 42:[], 43:[], 44:[], 45:[], 46:[], 47:[], 48:[], 49:[], 50:[], 51:[], 52:[], 53:[], 54:[], 55:[], 56:[], 57:[], 58:[], 59:[], 60:[], 61:[], 62:[], 63:[], 64:[], 65:[], 66:[], 67:[], 68:[], 69:[], 70:[], 71:[], 72:[], 73:[], 74:[], 75:[], 76:[], 77:[], 78:[], 79:[], 80:[], 81:[], 82:[], 83:[], 84:[], 85:[], 86:[], 87:[], 88:[], 89:[], 90:[], 91:[], 92:[], 93:[], 94:[], 95:[], 96:[], 97:[], 98:[], 99:[], 100:[], 101:[], 102:[], 103:[], 104:[], 105:[]",12573257104,14561673965
2539,2,4804.8077,5737081,85381159,680890320,1315.2678,false,106,true,true,true,true,true,false,false,"0:[0, 1, 2, 3, 4, 5, 6, 7, 8, 9, 10, 11, 12, 13, 14, 15, 16, 17, 18, 19, 20, 21, 22, 23, 24, 25, 26, 27, 28, 29, 30, 31, 32, 33, 34, 35, 36, 37, 38, 39, 40, 41, 42, 43, 44, 45, 46, 47, 48, 49, 50, 51, 52, 53, 54, 55, 56, 57, 58, 59, 60, 61, 62, 63, 64, 65, 66, 67, 68, 69, 70, 71, 72, 73, 74, 75, 76, 77, 78, 79, 80, 81, 82, 83, 84, 85, 86, 87, 88, 89, 90, 91, 92, 93, 94, 95, 96, 97, 98, 99, 100, 101, 102, 103, 104, 105], 1:[], 2:[], 3:[], 4:[], 5:[], 6:[], 7:[], 8:[], 9:[], 10:[], 11:[], 12:[], 13:[], 14:[], 15:[], 16:[], 17:[], 18:[], 19:[], 20:[], 21:[], 22:[], 23:[], 24:[], 25:[], 26:[], 27:[], 28:[], 29:[], 30:[], 31:[], 32:[], 33:[], 34:[], 35:[], 36:[], 37:[], 38:[], 39:[], 40:[], 41:[], 42:[], 43:[], 44:[], 45:[], 46:[], 47:[], 48:[], 49:[], 50:[], 51:[], 52:[], 53:[], 54:[], 55:[], 56:[], 57:[], 58:[], 59:[], 60:[], 61:[], 62:[], 63:[], 64:[], 65:[], 66:[], 67:[], 68:[], 69:[], 70:[], 71:[], 72:[], 73:[], 74:[], 75:[], 76:[], 77:[], 78:[], 79:[], 80:[], 81:[], 82:[], 83:[], 84:[], 85:[], 86:[], 87:[], 88:[], 89:[], 90:[], 91:[], 92:[], 93:[], 94:[], 95:[], 96:[], 97:[], 98:[], 99:[], 100:[], 101:[], 102:[], 103:[], 104:[], 105:[]",12638881848,14657051675
2543,5,6121.3449,5764153,85785102,684114956,965.4245,false,106,true,true,true,true,true,false,false,"0:[0, 1, 2, 3, 4, 5, 6, 7, 8, 9, 10, 11, 12, 13, 14, 15, 16, 17, 18, 19, 20, 21, 22, 23, 24, 25, 26, 27, 28, 29, 30, 31, 32, 33, 34, 35, 36, 37, 38, 39, 40, 41, 42, 43, 44, 45, 46, 47, 48, 49, 50, 51, 52, 53, 54, 55, 56, 57, 58, 59, 60, 61, 62, 63, 64, 65, 66, 67, 68, 69, 70, 71, 72, 73, 74, 75, 76, 77, 78, 79, 80, 81, 82, 83, 84, 85, 86, 87, 88, 89, 90, 91, 92, 93, 94, 95, 96, 97, 98, 99, 100, 101, 102, 103, 104, 105], 1:[], 2:[], 3:[], 4:[], 5:[], 6:[], 7:[], 8:[], 9:[], 10:[], 11:[], 12:[], 13:[], 14:[], 15:[], 16:[], 17:[], 18:[], 19:[], 20:[], 21:[], 22:[], 23:[], 24:[], 25:[], 26:[], 27:[], 28:[], 29:[], 30:[], 31:[], 32:[], 33:[], 34:[], 35:[], 36:[], 37:[], 38:[], 39:[], 40:[], 41:[], 42:[], 43:[], 44:[], 45:[], 46:[], 47:[], 48:[], 49:[], 50:[], 51:[], 52:[], 53:[], 54:[], 55:[], 56:[], 57:[], 58:[], 59:[], 60:[], 61:[], 62:[], 63:[], 64:[], 65:[], 66:[], 67:[], 68:[], 69:[], 70:[], 71:[], 72:[], 73:[], 74:[], 75:[], 76:[], 77:[], 78:[], 79:[], 80:[], 81:[], 82:[], 83:[], 84:[], 85:[], 86:[], 87:[], 88:[], 89:[], 90:[], 91:[], 92:[], 93:[], 94:[], 95:[], 96:[], 97:[], 98:[], 99:[], 100:[], 101:[], 102:[], 103:[], 104:[], 105:[]",12671847016,14704962702
2549,2,5159.4011,5804922,86394078,688979136,732.5590,false,106,true,true,true,true,true,false,false,"0:[0, 1, 2, 3, 4, 5, 6, 7, 8, 9, 10, 11, 12, 13, 14, 15, 16, 17, 18, 19, 20, 21, 22, 23, 24, 25, 26, 27, 28, 29, 30, 31, 32, 33, 34, 35, 36, 37, 38, 39, 40, 41, 42, 43, 44, 45, 46, 47, 48, 49, 50, 51, 52, 53, 54, 55, 56, 57, 58, 59, 60, 61, 62, 63, 64, 65, 66, 67, 68, 69, 70, 71, 72, 73, 74, 75, 76, 77, 78, 79, 80, 81, 82, 83, 84, 85, 86, 87, 88, 89, 90, 91, 92, 93, 94, 95, 96, 97, 98, 99, 100, 101, 102, 103, 104, 105], 1:[], 2:[], 3:[], 4:[], 5:[], 6:[], 7:[], 8:[], 9:[], 10:[], 11:[], 12:[], 13:[], 14:[], 15:[], 16:[], 17:[], 18:[], 19:[], 20:[], 21:[], 22:[], 23:[], 24:[], 25:[], 26:[], 27:[], 28:[], 29:[], 30:[], 31:[], 32:[], 33:[], 34:[], 35:[], 36:[], 37:[], 38:[], 39:[], 40:[], 41:[], 42:[], 43:[], 44:[], 45:[], 46:[], 47:[], 48:[], 49:[], 50:[], 51:[], 52:[], 53:[], 54:[], 55:[], 56:[], 57:[], 58:[], 59:[], 60:[], 61:[], 62:[], 63:[], 64:[], 65:[], 66:[], 67:[], 68:[], 69:[], 70:[], 71:[], 72:[], 73:[], 74:[], 75:[], 76:[], 77:[], 78:[], 79:[], 80:[], 81:[], 82:[], 83:[], 84:[], 85:[], 86:[], 87:[], 88:[], 89:[], 90:[], 91:[], 92:[], 93:[], 94:[], 95:[], 96:[], 97:[], 98:[], 99:[], 100:[], 101:[], 102:[], 103:[], 104:[], 105:[]",12721543552,14777211606
2551,3,5502.7501,5818553,86596850,690595337,1134.7910,false,106,true,true,true,true,true,false,false,"0:[0, 1, 2, 3, 4, 5, 6, 7, 8, 9, 10, 11, 12, 13, 14, 15, 16, 17, 18, 19, 20, 21, 22, 23, 24, 25, 26, 27, 28, 29, 30, 31, 32, 33, 34, 35, 36, 37, 38, 39, 40, 41, 42, 43, 44, 45, 46, 47, 48, 49, 50, 51, 52, 53, 54, 55, 56, 57, 58, 59, 60, 61, 62, 63, 64, 65, 66, 67, 68, 69, 70, 71, 72, 73, 74, 75, 76, 77, 78, 79, 80, 81, 82, 83, 84, 85, 86, 87, 88, 89, 90, 91, 92, 93, 94, 95, 96, 97, 98, 99, 100, 101, 102, 103, 104, 105], 1:[], 2:[], 3:[], 4:[], 5:[], 6:[], 7:[], 8:[], 9:[], 10:[], 11:[], 12:[], 13:[], 14:[], 15:[], 16:[], 17:[], 18:[], 19:[], 20:[], 21:[], 22:[], 23:[], 24:[], 25:[], 26:[], 27:[], 28:[], 29:[], 30:[], 31:[], 32:[], 33:[], 34:[], 35:[], 36:[], 37:[], 38:[], 39:[], 40:[], 41:[], 42:[], 43:[], 44:[], 45:[], 46:[], 47:[], 48:[], 49:[], 50:[], 51:[], 52:[], 53:[], 54:[], 55:[], 56:[], 57:[], 58:[], 59:[], 60:[], 61:[], 62:[], 63:[], 64:[], 65:[], 66:[], 67:[], 68:[], 69:[], 70:[], 71:[], 72:[], 73:[], 74:[], 75:[], 76:[], 77:[], 78:[], 79:[], 80:[], 81:[], 82:[], 83:[], 84:[], 85:[], 86:[], 87:[], 88:[], 89:[], 90:[], 91:[], 92:[], 93:[], 94:[], 95:[], 96:[], 97:[], 98:[], 99:[], 100:[], 101:[], 102:[], 103:[], 104:[], 105:[]",12738092456,14801242626
2557,2,5302.3791,5859577,87209655,695490132,1263.6406,false,107,true,true,true,true,true,false,false,"0:[0, 1, 2, 3, 4, 5, 6, 7, 8, 9, 10, 11, 12, 13, 14, 15, 16, 17, 18, 19, 20, 21, 22, 23, 24, 25, 26, 27, 28, 29, 30, 31, 32, 33, 34, 35, 36, 37, 38, 39, 40, 41, 42, 43, 44, 45, 46, 47, 48, 49, 50, 51, 52, 53, 54, 55, 56, 57, 58, 59, 60, 61, 62, 63, 64, 65, 66, 67, 68, 69, 70, 71, 72, 73, 74, 75, 76, 77, 78, 79, 80, 81, 82, 83, 84, 85, 86, 87, 88, 89, 90, 91, 92, 93, 94, 95, 96, 97, 98, 99, 100, 101, 102, 103, 104, 105, 106], 1:[], 2:[], 3:[], 4:[], 5:[], 6:[], 7:[], 8:[], 9:[], 10:[], 11:[], 12:[], 13:[], 14:[], 15:[], 16:[], 17:[], 18:[], 19:[], 20:[], 21:[], 22:[], 23:[], 24:[], 25:[], 26:[], 27:[], 28:[], 29:[], 30:[], 31:[], 32:[], 33:[], 34:[], 35:[], 36:[], 37:[], 38:[], 39:[], 40:[], 41:[], 42:[], 43:[], 44:[], 45:[], 46:[], 47:[], 48:[], 49:[], 50:[], 51:[], 52:[], 53:[], 54:[], 55:[], 56:[], 57:[], 58:[], 59:[], 60:[], 61:[], 62:[], 63:[], 64:[], 65:[], 66:[], 67:[], 68:[], 69:[], 70:[], 71:[], 72:[], 73:[], 74:[], 75:[], 76:[], 77:[], 78:[], 79:[], 80:[], 81:[], 82:[], 83:[], 84:[], 85:[], 86:[], 87:[], 88:[], 89:[], 90:[], 91:[], 92:[], 93:[], 94:[], 95:[], 96:[], 97:[], 98:[], 99:[], 100:[], 101:[], 102:[], 103:[], 104:[], 105:[], 106:[]",12788101432,14873945675
2579,2,6392.9155,6011648,89478235,713598236,1226.5718,false,108,true,true,true,true,true,false,false,"0:[0, 1, 2, 3, 4, 5, 6, 7, 8, 9, 10, 11, 12, 13, 14, 15, 16, 17, 18, 19, 20, 21, 22, 23, 24, 25, 26, 27, 28, 29, 30, 31, 32, 33, 34, 35, 36, 37, 38, 39, 40, 41, 42, 43, 44, 45, 46, 47, 48, 49, 50, 51, 52, 53, 54, 55, 56, 57, 58, 59, 60, 61, 62, 63, 64, 65, 66, 67, 68, 69, 70, 71, 72, 73, 74, 75, 76, 77, 78, 79, 80, 81, 82, 83, 84, 85, 86, 87, 88, 89, 90, 91, 92, 93, 94, 95, 96, 97, 98, 99, 100, 101, 102, 103, 104, 105, 106, 107], 1:[], 2:[], 3:[], 4:[], 5:[], 6:[], 7:[], 8:[], 9:[], 10:[], 11:[], 12:[], 13:[], 14:[], 15:[], 16:[], 17:[], 18:[], 19:[], 20:[], 21:[], 22:[], 23:[], 24:[], 25:[], 26:[], 27:[], 28:[], 29:[], 30:[], 31:[], 32:[], 33:[], 34:[], 35:[], 36:[], 37:[], 38:[], 39:[], 40:[], 41:[], 42:[], 43:[], 44:[], 45:[], 46:[], 47:[], 48:[], 49:[], 50:[], 51:[], 52:[], 53:[], 54:[], 55:[], 56:[], 57:[], 58:[], 59:[], 60:[], 61:[], 62:[], 63:[], 64:[], 65:[], 66:[], 67:[], 68:[], 69:[], 70:[], 71:[], 72:[], 73:[], 74:[], 75:[], 76:[], 77:[], 78:[], 79:[], 80:[], 81:[], 82:[], 83:[], 84:[], 85:[], 86:[], 87:[], 88:[], 89:[], 90:[], 91:[], 92:[], 93:[], 94:[], 95:[], 96:[], 97:[], 98:[], 99:[], 100:[], 101:[], 102:[], 103:[], 104:[], 105:[], 106:[], 107:[]",12973237536,15142997287
2591,7,5682.7506,6095693,90732474,723611698,798.9489,false,107,true,true,true,true,true,false,false,"0:[0, 1, 2, 3, 4, 5, 6, 7, 8, 9, 10, 11, 12, 13, 14, 15, 16, 17, 18, 19, 20, 21, 22, 23, 24, 25, 26, 27, 28, 29, 30, 31, 32, 33, 34, 35, 36, 37, 38, 39, 40, 41, 42, 43, 44, 45, 46, 47, 48, 49, 50, 51, 52, 53, 54, 55, 56, 57, 58, 59, 60, 61, 62, 63, 64, 65, 66, 67, 68, 69, 70, 71, 72, 73, 74, 75, 76, 77, 78, 79, 80, 81, 82, 83, 84, 85, 86, 87, 88, 89, 90, 91, 92, 93, 94, 95, 96, 97, 98, 99, 100, 101, 102, 103, 104, 105, 106], 1:[], 2:[], 3:[], 4:[], 5:[], 6:[], 7:[], 8:[], 9:[], 10:[], 11:[], 12:[], 13:[], 14:[], 15:[], 16:[], 17:[], 18:[], 19:[], 20:[], 21:[], 22:[], 23:[], 24:[], 25:[], 26:[], 27:[], 28:[], 29:[], 30:[], 31:[], 32:[], 33:[], 34:[], 35:[], 36:[], 37:[], 38:[], 39:[], 40:[], 41:[], 42:[], 43:[], 44:[], 45:[], 46:[], 47:[], 48:[], 49:[], 50:[], 51:[], 52:[], 53:[], 54:[], 55:[], 56:[], 57:[], 58:[], 59:[], 60:[], 61:[], 62:[], 63:[], 64:[], 65:[], 66:[], 67:[], 68:[], 69:[], 70:[], 71:[], 72:[], 73:[], 74:[], 75:[], 76:[], 77:[], 78:[], 79:[], 80:[], 81:[], 82:[], 83:[], 84:[], 85:[], 86:[], 87:[], 88:[], 89:[], 90:[], 91:[], 92:[], 93:[], 94:[], 95:[], 96:[], 97:[], 98:[], 99:[], 100:[], 101:[], 102:[], 103:[], 104:[], 105:[], 106:[]",13075593736,15291760490
2593,5,6416.6066,6109776,90943263,725296961,770.1914,false,108,true,true,true,true,true,false,false,"0:[0, 1, 2, 3, 4, 5, 6, 7, 8, 9, 10, 11, 12, 13, 14, 15, 16, 17, 18, 19, 20, 21, 22, 23, 24, 25, 26, 27, 28, 29, 30, 31, 32, 33, 34, 35, 36, 37, 38, 39, 40, 41, 42, 43, 44, 45, 46, 47, 48, 49, 50, 51, 52, 53, 54, 55, 56, 57, 58, 59, 60, 61, 62, 63, 64, 65, 66, 67, 68, 69, 70, 71, 72, 73, 74, 75, 76, 77, 78, 79, 80, 81, 82, 83, 84, 85, 86, 87, 88, 89, 90, 91, 92, 93, 94, 95, 96, 97, 98, 99, 100, 101, 102, 103, 104, 105, 106, 107], 1:[], 2:[], 3:[], 4:[], 5:[], 6:[], 7:[], 8:[], 9:[], 10:[], 11:[], 12:[], 13:[], 14:[], 15:[], 16:[], 17:[], 18:[], 19:[], 20:[], 21:[], 22:[], 23:[], 24:[], 25:[], 26:[], 27:[], 28:[], 29:[], 30:[], 31:[], 32:[], 33:[], 34:[], 35:[], 36:[], 37:[], 38:[], 39:[], 40:[], 41:[], 42:[], 43:[], 44:[], 45:[], 46:[], 47:[], 48:[], 49:[], 50:[], 51:[], 52:[], 53:[], 54:[], 55:[], 56:[], 57:[], 58:[], 59:[], 60:[], 61:[], 62:[], 63:[], 64:[], 65:[], 66:[], 67:[], 68:[], 69:[], 70:[], 71:[], 72:[], 73:[], 74:[], 75:[], 76:[], 77:[], 78:[], 79:[], 80:[], 81:[], 82:[], 83:[], 84:[], 85:[], 86:[], 87:[], 88:[], 89:[], 90:[], 91:[], 92:[], 93:[], 94:[], 95:[], 96:[], 97:[], 98:[], 99:[], 100:[], 101:[], 102:[], 103:[], 104:[], 105:[], 106:[], 107:[]",13092794848,15316781595
2609,3,7302.9695,6223225,92636242,738812592,1168.0701,false,109,true,true,true,true,true,false,false,"0:[0, 1, 2, 3, 4, 5, 6, 7, 8, 9, 10, 11, 12, 13, 14, 15, 16, 17, 18, 19, 20, 21, 22, 23, 24, 25, 26, 27, 28, 29, 30, 31, 32, 33, 34, 35, 36, 37, 38, 39, 40, 41, 42, 43, 44, 45, 46, 47, 48, 49, 50, 51, 52, 53, 54, 55, 56, 57, 58, 59, 60, 61, 62, 63, 64, 65, 66, 67, 68, 69, 70, 71, 72, 73, 74, 75, 76, 77, 78, 79, 80, 81, 82, 83, 84, 85, 86, 87, 88, 89, 90, 91, 92, 93, 94, 95, 96, 97, 98, 99, 100, 101, 102, 103, 104, 105, 106, 107, 108], 1:[], 2:[], 3:[], 4:[], 5:[], 6:[], 7:[], 8:[], 9:[], 10:[], 11:[], 12:[], 13:[], 14:[], 15:[], 16:[], 17:[], 18:[], 19:[], 20:[], 21:[], 22:[], 23:[], 24:[], 25:[], 26:[], 27:[], 28:[], 29:[], 30:[], 31:[], 32:[], 33:[], 34:[], 35:[], 36:[], 37:[], 38:[], 39:[], 40:[], 41:[], 42:[], 43:[], 44:[], 45:[], 46:[], 47:[], 48:[], 49:[], 50:[], 51:[], 52:[], 53:[], 54:[], 55:[], 56:[], 57:[], 58:[], 59:[], 60:[], 61:[], 62:[], 63:[], 64:[], 65:[], 66:[], 67:[], 68:[], 69:[], 70:[], 71:[], 72:[], 73:[], 74:[], 75:[], 76:[], 77:[], 78:[], 79:[], 80:[], 81:[], 82:[], 83:[], 84:[], 85:[], 86:[], 87:[], 88:[], 89:[], 90:[], 91:[], 92:[], 93:[], 94:[], 95:[], 96:[], 97:[], 98:[], 99:[], 100:[], 101:[], 102:[], 103:[], 104:[], 105:[], 106:[], 107:[], 108:[]",13230955944,15517581538
2617,5,6990.7156,6280471,93490674,745634732,543.5091,false,109,true,true,true,true,true,false,false,"0:[0, 1, 2, 3, 4, 5, 6, 7, 8, 9, 10, 11, 12, 13, 14, 15, 16, 17, 18, 19, 20, 21, 22, 23, 24, 25, 26, 27, 28, 29, 30, 31, 32, 33, 34, 35, 36, 37, 38, 39, 40, 41, 42, 43, 44, 45, 46, 47, 48, 49, 50, 51, 52, 53, 54, 55, 56, 57, 58, 59, 60, 61, 62, 63, 64, 65, 66, 67, 68, 69, 70, 71, 72, 73, 74, 75, 76, 77, 78, 79, 80, 81, 82, 83, 84, 85, 86, 87, 88, 89, 90, 91, 92, 93, 94, 95, 96, 97, 98, 99, 100, 101, 102, 103, 104, 105, 106, 107, 108], 1:[], 2:[], 3:[], 4:[], 5:[], 6:[], 7:[], 8:[], 9:[], 10:[], 11:[], 12:[], 13:[], 14:[], 15:[], 16:[], 17:[], 18:[], 19:[], 20:[], 21:[], 22:[], 23:[], 24:[], 25:[], 26:[], 27:[], 28:[], 29:[], 30:[], 31:[], 32:[], 33:[], 34:[], 35:[], 36:[], 37:[], 38:[], 39:[], 40:[], 41:[], 42:[], 43:[], 44:[], 45:[], 46:[], 47:[], 48:[], 49:[], 50:[], 51:[], 52:[], 53:[], 54:[], 55:[], 56:[], 57:[], 58:[], 59:[], 60:[], 61:[], 62:[], 63:[], 64:[], 65:[], 66:[], 67:[], 68:[], 69:[], 70:[], 71:[], 72:[], 73:[], 74:[], 75:[], 76:[], 77:[], 78:[], 79:[], 80:[], 81:[], 82:[], 83:[], 84:[], 85:[], 86:[], 87:[], 88:[], 89:[], 90:[], 91:[], 92:[], 93:[], 94:[], 95:[], 96:[], 97:[], 98:[], 99:[], 100:[], 101:[], 102:[], 103:[], 104:[], 105:[], 106:[], 107:[], 108:[]",13300684408,15618925010
2621,2,6201.9317,6309226,93919800,749060693,734.8861,false,109,true,true,true,true,true,false,false,"0:[0, 1, 2, 3, 4, 5, 6, 7, 8, 9, 10, 11, 12, 13, 14, 15, 16, 17, 18, 19, 20, 21, 22, 23, 24, 25, 26, 27, 28, 29, 30, 31, 32, 33, 34, 35, 36, 37, 38, 39, 40, 41, 42, 43, 44, 45, 46, 47, 48, 49, 50, 51, 52, 53, 54, 55, 56, 57, 58, 59, 60, 61, 62, 63, 64, 65, 66, 67, 68, 69, 70, 71, 72, 73, 74, 75, 76, 77, 78, 79, 80, 81, 82, 83, 84, 85, 86, 87, 88, 89, 90, 91, 92, 93, 94, 95, 96, 97, 98, 99, 100, 101, 102, 103, 104, 105, 106, 107, 108], 1:[], 2:[], 3:[], 4:[], 5:[], 6:[], 7:[], 8:[], 9:[], 10:[], 11:[], 12:[], 13:[], 14:[], 15:[], 16:[], 17:[], 18:[], 19:[], 20:[], 21:[], 22:[], 23:[], 24:[], 25:[], 26:[], 27:[], 28:[], 29:[], 30:[], 31:[], 32:[], 33:[], 34:[], 35:[], 36:[], 37:[], 38:[], 39:[], 40:[], 41:[], 42:[], 43:[], 44:[], 45:[], 46:[], 47:[], 48:[], 49:[], 50:[], 51:[], 52:[], 53:[], 54:[], 55:[], 56:[], 57:[], 58:[], 59:[], 60:[], 61:[], 62:[], 63:[], 64:[], 65:[], 66:[], 67:[], 68:[], 69:[], 70:[], 71:[], 72:[], 73:[], 74:[], 75:[], 76:[], 77:[], 78:[], 79:[], 80:[], 81:[], 82:[], 83:[], 84:[], 85:[], 86:[], 87:[], 88:[], 89:[], 90:[], 91:[], 92:[], 93:[], 94:[], 95:[], 96:[], 97:[], 98:[], 99:[], 100:[], 101:[], 102:[], 103:[], 104:[], 105:[], 106:[], 107:[], 108:[]",13335704608,15669822552
2633,3,6166.2678,6396016,95215074,759401838,682.8303,false,109,true,true,true,true,true,false,false,"0:[0, 1, 2, 3, 4, 5, 6, 7, 8, 9, 10, 11, 12, 13, 14, 15, 16, 17, 18, 19, 20, 21, 22, 23, 24, 25, 26, 27, 28, 29, 30, 31, 32, 33, 34, 35, 36, 37, 38, 39, 40, 41, 42, 43, 44, 45, 46, 47, 48, 49, 50, 51, 52, 53, 54, 55, 56, 57, 58, 59, 60, 61, 62, 63, 64, 65, 66, 67, 68, 69, 70, 71, 72, 73, 74, 75, 76, 77, 78, 79, 80, 81, 82, 83, 84, 85, 86, 87, 88, 89, 90, 91, 92, 93, 94, 95, 96, 97, 98, 99, 100, 101, 102, 103, 104, 105, 106, 107, 108], 1:[], 2:[], 3:[], 4:[], 5:[], 6:[], 7:[], 8:[], 9:[], 10:[], 11:[], 12:[], 13:[], 14:[], 15:[], 16:[], 17:[], 18:[], 19:[], 20:[], 21:[], 22:[], 23:[], 24:[], 25:[], 26:[], 27:[], 28:[], 29:[], 30:[], 31:[], 32:[], 33:[], 34:[], 35:[], 36:[], 37:[], 38:[], 39:[], 40:[], 41:[], 42:[], 43:[], 44:[], 45:[], 46:[], 47:[], 48:[], 49:[], 50:[], 51:[], 52:[], 53:[], 54:[], 55:[], 56:[], 57:[], 58:[], 59:[], 60:[], 61:[], 62:[], 63:[], 64:[], 65:[], 66:[], 67:[], 68:[], 69:[], 70:[], 71:[], 72:[], 73:[], 74:[], 75:[], 76:[], 77:[], 78:[], 79:[], 80:[], 81:[], 82:[], 83:[], 84:[], 85:[], 86:[], 87:[], 88:[], 89:[], 90:[], 91:[], 92:[], 93:[], 94:[], 95:[], 96:[], 97:[], 98:[], 99:[], 100:[], 101:[], 102:[], 103:[], 104:[], 105:[], 106:[], 107:[], 108:[]",13441409488,15823452442
2647,3,5973.6816,6498273,96740569,771578596,774.1516,false,111,true,true,true,true,true,false,false,"0:[0, 1, 2, 3, 4, 5, 6, 7, 8, 9, 10, 11, 12, 13, 14, 15, 16, 17, 18, 19, 20, 21, 22, 23, 24, 25, 26, 27, 28, 29, 30, 31, 32, 33, 34, 35, 36, 37, 38, 39, 40, 41, 42, 43, 44, 45, 46, 47, 48, 49, 50, 51, 52, 53, 54, 55, 56, 57, 58, 59, 60, 61, 62, 63, 64, 65, 66, 67, 68, 69, 70, 71, 72, 73, 74, 75, 76, 77, 78, 79, 80, 81, 82, 83, 84, 85, 86, 87, 88, 89, 90, 91, 92, 93, 94, 95, 96, 97, 98, 99, 100, 101, 102, 103, 104, 105, 106, 107, 108, 109, 110], 1:[], 2:[], 3:[], 4:[], 5:[], 6:[], 7:[], 8:[], 9:[], 10:[], 11:[], 12:[], 13:[], 14:[], 15:[], 16:[], 17:[], 18:[], 19:[], 20:[], 21:[], 22:[], 23:[], 24:[], 25:[], 26:[], 27:[], 28:[], 29:[], 30:[], 31:[], 32:[], 33:[], 34:[], 35:[], 36:[], 37:[], 38:[], 39:[], 40:[], 41:[], 42:[], 43:[], 44:[], 45:[], 46:[], 47:[], 48:[], 49:[], 50:[], 51:[], 52:[], 53:[], 54:[], 55:[], 56:[], 57:[], 58:[], 59:[], 60:[], 61:[], 62:[], 63:[], 64:[], 65:[], 66:[], 67:[], 68:[], 69:[], 70:[], 71:[], 72:[], 73:[], 74:[], 75:[], 76:[], 77:[], 78:[], 79:[], 80:[], 81:[], 82:[], 83:[], 84:[], 85:[], 86:[], 87:[], 88:[], 89:[], 90:[], 91:[], 92:[], 93:[], 94:[], 95:[], 96:[], 97:[], 98:[], 99:[], 100:[], 101:[], 102:[], 103:[], 104:[], 105:[], 106:[], 107:[], 108:[], 109:[], 110:[]",13565903256,16004368469
2657,3,6396.2460,6571977,97841249,780368923,846.4443,false,110,true,true,true,true,true,false,false,"0:[0, 1, 2, 3, 4, 5, 6, 7, 8, 9, 10, 11, 12, 13, 14, 15, 16, 17, 18, 19, 20, 21, 22, 23, 24, 25, 26, 27, 28, 29, 30, 31, 32, 33, 34, 35, 36, 37, 38, 39, 40, 41, 42, 43, 44, 45, 46, 47, 48, 49, 50, 51, 52, 53, 54, 55, 56, 57, 58, 59, 60, 61, 62, 63, 64, 65, 66, 67, 68, 69, 70, 71, 72, 73, 74, 75, 76, 77, 78, 79, 80, 81, 82, 83, 84, 85, 86, 87, 88, 89, 90, 91, 92, 93, 94, 95, 96, 97, 98, 99, 100, 101, 102, 103, 104, 105, 106, 107, 108, 109], 1:[], 2:[], 3:[], 4:[], 5:[], 6:[], 7:[], 8:[], 9:[], 10:[], 11:[], 12:[], 13:[], 14:[], 15:[], 16:[], 17:[], 18:[], 19:[], 20:[], 21:[], 22:[], 23:[], 24:[], 25:[], 26:[], 27:[], 28:[], 29:[], 30:[], 31:[], 32:[], 33:[], 34:[], 35:[], 36:[], 37:[], 38:[], 39:[], 40:[], 41:[], 42:[], 43:[], 44:[], 45:[], 46:[], 47:[], 48:[], 49:[], 50:[], 51:[], 52:[], 53:[], 54:[], 55:[], 56:[], 57:[], 58:[], 59:[], 60:[], 61:[], 62:[], 63:[], 64:[], 65:[], 66:[], 67:[], 68:[], 69:[], 70:[], 71:[], 72:[], 73:[], 74:[], 75:[], 76:[], 77:[], 78:[], 79:[], 80:[], 81:[], 82:[], 83:[], 84:[], 85:[], 86:[], 87:[], 88:[], 89:[], 90:[], 91:[], 92:[], 93:[], 94:[], 95:[], 96:[], 97:[], 98:[], 99:[], 100:[], 101:[], 102:[], 103:[], 104:[], 105:[], 106:[], 107:[], 108:[], 109:[]",13655726552,16134937597
2659,2,6004.9979,6586785,98061581,782125347,2298.0679,false,111,true,true,true,true,true,false,false,"0:[0, 1, 2, 3, 4, 5, 6, 7, 8, 9, 10, 11, 12, 13, 14, 15, 16, 17, 18, 19, 20, 21, 22, 23, 24, 25, 26, 27, 28, 29, 30, 31, 32, 33, 34, 35, 36, 37, 38, 39, 40, 41, 42, 43, 44, 45, 46, 47, 48, 49, 50, 51, 52, 53, 54, 55, 56, 57, 58, 59, 60, 61, 62, 63, 64, 65, 66, 67, 68, 69, 70, 71, 72, 73, 74, 75, 76, 77, 78, 79, 80, 81, 82, 83, 84, 85, 86, 87, 88, 89, 90, 91, 92, 93, 94, 95, 96, 97, 98, 99, 100, 101, 102, 103, 104, 105, 106, 107, 108, 109, 110], 1:[], 2:[], 3:[], 4:[], 5:[], 6:[], 7:[], 8:[], 9:[], 10:[], 11:[], 12:[], 13:[], 14:[], 15:[], 16:[], 17:[], 18:[], 19:[], 20:[], 21:[], 22:[], 23:[], 24:[], 25:[], 26:[], 27:[], 28:[], 29:[], 30:[], 31:[], 32:[], 33:[], 34:[], 35:[], 36:[], 37:[], 38:[], 39:[], 40:[], 41:[], 42:[], 43:[], 44:[], 45:[], 46:[], 47:[], 48:[], 49:[], 50:[], 51:[], 52:[], 53:[], 54:[], 55:[], 56:[], 57:[], 58:[], 59:[], 60:[], 61:[], 62:[], 63:[], 64:[], 65:[], 66:[], 67:[], 68:[], 69:[], 70:[], 71:[], 72:[], 73:[], 74:[], 75:[], 76:[], 77:[], 78:[], 79:[], 80:[], 81:[], 82:[], 83:[], 84:[], 85:[], 86:[], 87:[], 88:[], 89:[], 90:[], 91:[], 92:[], 93:[], 94:[], 95:[], 96:[], 97:[], 98:[], 99:[], 100:[], 101:[], 102:[], 103:[], 104:[], 105:[], 106:[], 107:[], 108:[], 109:[], 110:[]",13673708504,16161050137
2663,5,6328.9700,6616466,98504555,785661890,990.7195,false,111,true,true,true,true,true,false,false,"0:[0, 1, 2, 3, 4, 5, 6, 7, 8, 9, 10, 11, 12, 13, 14, 15, 16, 17, 18, 19, 20, 21, 22, 23, 24, 25, 26, 27, 28, 29, 30, 31, 32, 33, 34, 35, 36, 37, 38, 39, 40, 41, 42, 43, 44, 45, 46, 47, 48, 49, 50, 51, 52, 53, 54, 55, 56, 57, 58, 59, 60, 61, 62, 63, 64, 65, 66, 67, 68, 69, 70, 71, 72, 73, 74, 75, 76, 77, 78, 79, 80, 81, 82, 83, 84, 85, 86, 87, 88, 89, 90, 91, 92, 93, 94, 95, 96, 97, 98, 99, 100, 101, 102, 103, 104, 105, 106, 107, 108, 109, 110], 1:[], 2:[], 3:[], 4:[], 5:[], 6:[], 7:[], 8:[], 9:[], 10:[], 11:[], 12:[], 13:[], 14:[], 15:[], 16:[], 17:[], 18:[], 19:[], 20:[], 21:[], 22:[], 23:[], 24:[], 25:[], 26:[], 27:[], 28:[], 29:[], 30:[], 31:[], 32:[], 33:[], 34:[], 35:[], 36:[], 37:[], 38:[], 39:[], 40:[], 41:[], 42:[], 43:[], 44:[], 45:[], 46:[], 47:[], 48:[], 49:[], 50:[], 51:[], 52:[], 53:[], 54:[], 55:[], 56:[], 57:[], 58:[], 59:[], 60:[], 61:[], 62:[], 63:[], 64:[], 65:[], 66:[], 67:[], 68:[], 69:[], 70:[], 71:[], 72:[], 73:[], 74:[], 75:[], 76:[], 77:[], 78:[], 79:[], 80:[], 81:[], 82:[], 83:[], 84:[], 85:[], 86:[], 87:[], 88:[], 89:[], 90:[], 91:[], 92:[], 93:[], 94:[], 95:[], 96:[], 97:[], 98:[], 99:[], 100:[], 101:[], 102:[], 103:[], 104:[], 105:[], 106:[], 107:[], 108:[], 109:[], 110:[]",13709858768,16213590055
2671,3,6534.2557,6676096,99394536,792767333,937.5397,false,111,true,true,true,true,true,false,false,"0:[0, 1, 2, 3, 4, 5, 6, 7, 8, 9, 10, 11, 12, 13, 14, 15, 16, 17, 18, 19, 20, 21, 22, 23, 24, 25, 26, 27, 28, 29, 30, 31, 32, 33, 34, 35, 36, 37, 38, 39, 40, 41, 42, 43, 44, 45, 46, 47, 48, 49, 50, 51, 52, 53, 54, 55, 56, 57, 58, 59, 60, 61, 62, 63, 64, 65, 66, 67, 68, 69, 70, 71, 72, 73, 74, 75, 76, 77, 78, 79, 80, 81, 82, 83, 84, 85, 86, 87, 88, 89, 90, 91, 92, 93, 94, 95, 96, 97, 98, 99, 100, 101, 102, 103, 104, 105, 106, 107, 108, 109, 110], 1:[], 2:[], 3:[], 4:[], 5:[], 6:[], 7:[], 8:[], 9:[], 10:[], 11:[], 12:[], 13:[], 14:[], 15:[], 16:[], 17:[], 18:[], 19:[], 20:[], 21:[], 22:[], 23:[], 24:[], 25:[], 26:[], 27:[], 28:[], 29:[], 30:[], 31:[], 32:[], 33:[], 34:[], 35:[], 36:[], 37:[], 38:[], 39:[], 40:[], 41:[], 42:[], 43:[], 44:[], 45:[], 46:[], 47:[], 48:[], 49:[], 50:[], 51:[], 52:[], 53:[], 54:[], 55:[], 56:[], 57:[], 58:[], 59:[], 60:[], 61:[], 62:[], 63:[], 64:[], 65:[], 66:[], 67:[], 68:[], 69:[], 70:[], 71:[], 72:[], 73:[], 74:[], 75:[], 76:[], 77:[], 78:[], 79:[], 80:[], 81:[], 82:[], 83:[], 84:[], 85:[], 86:[], 87:[], 88:[], 89:[], 90:[], 91:[], 92:[], 93:[], 94:[], 95:[], 96:[], 97:[], 98:[], 99:[], 100:[], 101:[], 102:[], 103:[], 104:[], 105:[], 106:[], 107:[], 108:[], 109:[], 110:[]",13782488368,16319149048
2677,2,6845.5732,6721053,100066239,798133152,2053.6373,false,112,true,true,true,true,true,false,false,"0:[0, 1, 2, 3, 4, 5, 6, 7, 8, 9, 10, 11, 12, 13, 14, 15, 16, 17, 18, 19, 20, 21, 22, 23, 24, 25, 26, 27, 28, 29, 30, 31, 32, 33, 34, 35, 36, 37, 38, 39, 40, 41, 42, 43, 44, 45, 46, 47, 48, 49, 50, 51, 52, 53, 54, 55, 56, 57, 58, 59, 60, 61, 62, 63, 64, 65, 66, 67, 68, 69, 70, 71, 72, 73, 74, 75, 76, 77, 78, 79, 80, 81, 82, 83, 84, 85, 86, 87, 88, 89, 90, 91, 92, 93, 94, 95, 96, 97, 98, 99, 100, 101, 102, 103, 104, 105, 106, 107, 108, 109, 110, 111], 1:[], 2:[], 3:[], 4:[], 5:[], 6:[], 7:[], 8:[], 9:[], 10:[], 11:[], 12:[], 13:[], 14:[], 15:[], 16:[], 17:[], 18:[], 19:[], 20:[], 21:[], 22:[], 23:[], 24:[], 25:[], 26:[], 27:[], 28:[], 29:[], 30:[], 31:[], 32:[], 33:[], 34:[], 35:[], 36:[], 37:[], 38:[], 39:[], 40:[], 41:[], 42:[], 43:[], 44:[], 45:[], 46:[], 47:[], 48:[], 49:[], 50:[], 51:[], 52:[], 53:[], 54:[], 55:[], 56:[], 57:[], 58:[], 59:[], 60:[], 61:[], 62:[], 63:[], 64:[], 65:[], 66:[], 67:[], 68:[], 69:[], 70:[], 71:[], 72:[], 73:[], 74:[], 75:[], 76:[], 77:[], 78:[], 79:[], 80:[], 81:[], 82:[], 83:[], 84:[], 85:[], 86:[], 87:[], 88:[], 89:[], 90:[], 91:[], 92:[], 93:[], 94:[], 95:[], 96:[], 97:[], 98:[], 99:[], 100:[], 101:[], 102:[], 103:[], 104:[], 105:[], 106:[], 107:[], 108:[], 109:[], 110:[], 111:[]",13837303576,16398838483
2683,2,6409.3305,6766211,100739629,803507159,904.5677,false,111,true,true,true,true,true,false,false,"0:[0, 1, 2, 3, 4, 5, 6, 7, 8, 9, 10, 11, 12, 13, 14, 15, 16, 17, 18, 19, 20, 21, 22, 23, 24, 25, 26, 27, 28, 29, 30, 31, 32, 33, 34, 35, 36, 37, 38, 39, 40, 41, 42, 43, 44, 45, 46, 47, 48, 49, 50, 51, 52, 53, 54, 55, 56, 57, 58, 59, 60, 61, 62, 63, 64, 65, 66, 67, 68, 69, 70, 71, 72, 73, 74, 75, 76, 77, 78, 79, 80, 81, 82, 83, 84, 85, 86, 87, 88, 89, 90, 91, 92, 93, 94, 95, 96, 97, 98, 99, 100, 101, 102, 103, 104, 105, 106, 107, 108, 109, 110], 1:[], 2:[], 3:[], 4:[], 5:[], 6:[], 7:[], 8:[], 9:[], 10:[], 11:[], 12:[], 13:[], 14:[], 15:[], 16:[], 17:[], 18:[], 19:[], 20:[], 21:[], 22:[], 23:[], 24:[], 25:[], 26:[], 27:[], 28:[], 29:[], 30:[], 31:[], 32:[], 33:[], 34:[], 35:[], 36:[], 37:[], 38:[], 39:[], 40:[], 41:[], 42:[], 43:[], 44:[], 45:[], 46:[], 47:[], 48:[], 49:[], 50:[], 51:[], 52:[], 53:[], 54:[], 55:[], 56:[], 57:[], 58:[], 59:[], 60:[], 61:[], 62:[], 63:[], 64:[], 65:[], 66:[], 67:[], 68:[], 69:[], 70:[], 71:[], 72:[], 73:[], 74:[], 75:[], 76:[], 77:[], 78:[], 79:[], 80:[], 81:[], 82:[], 83:[], 84:[], 85:[], 86:[], 87:[], 88:[], 89:[], 90:[], 91:[], 92:[], 93:[], 94:[], 95:[], 96:[], 97:[], 98:[], 99:[], 100:[], 101:[], 102:[], 103:[], 104:[], 105:[], 106:[], 107:[], 108:[], 109:[], 110:[]",13892258568,16478687753
2687,5,8422.9086,6796429,101190548,807106650,2488.9549,false,112,true,true,true,true,true,false,false,"0:[0, 1, 2, 3, 4, 5, 6, 7, 8, 9, 10, 11, 12, 13, 14, 15, 16, 17, 18, 19, 20, 21, 22, 23, 24, 25, 26, 27, 28, 29, 30, 31, 32, 33, 34, 35, 36, 37, 38, 39, 40, 41, 42, 43, 44, 45, 46, 47, 48, 49, 50, 51, 52, 53, 54, 55, 56, 57, 58, 59, 60, 61, 62, 63, 64, 65, 66, 67, 68, 69, 70, 71, 72, 73, 74, 75, 76, 77, 78, 79, 80, 81, 82, 83, 84, 85, 86, 87, 88, 89, 90, 91, 92, 93, 94, 95, 96, 97, 98, 99, 100, 101, 102, 103, 104, 105, 106, 107, 108, 109, 110, 111], 1:[], 2:[], 3:[], 4:[], 5:[], 6:[], 7:[], 8:[], 9:[], 10:[], 11:[], 12:[], 13:[], 14:[], 15:[], 16:[], 17:[], 18:[], 19:[], 20:[], 21:[], 22:[], 23:[], 24:[], 25:[], 26:[], 27:[], 28:[], 29:[], 30:[], 31:[], 32:[], 33:[], 34:[], 35:[], 36:[], 37:[], 38:[], 39:[], 40:[], 41:[], 42:[], 43:[], 44:[], 45:[], 46:[], 47:[], 48:[], 49:[], 50:[], 51:[], 52:[], 53:[], 54:[], 55:[], 56:[], 57:[], 58:[], 59:[], 60:[], 61:[], 62:[], 63:[], 64:[], 65:[], 66:[], 67:[], 68:[], 69:[], 70:[], 71:[], 72:[], 73:[], 74:[], 75:[], 76:[], 77:[], 78:[], 79:[], 80:[], 81:[], 82:[], 83:[], 84:[], 85:[], 86:[], 87:[], 88:[], 89:[], 90:[], 91:[], 92:[], 93:[], 94:[], 95:[], 96:[], 97:[], 98:[], 99:[], 100:[], 101:[], 102:[], 103:[], 104:[], 105:[], 106:[], 107:[], 108:[], 109:[], 110:[], 111:[]",13929057320,16532169036
2689,13,8033.0528,6811572,101417301,808920148,983.9946,false,113,true,true,true,true,true,false,false,"0:[0, 1, 2, 3, 4, 5, 6, 7, 8, 9, 10, 11, 12, 13, 14, 15, 16, 17, 18, 19, 20, 21, 22, 23, 24, 25, 26, 27, 28, 29, 30, 31, 32, 33, 34, 35, 36, 37, 38, 39, 40, 41, 42, 43, 44, 45, 46, 47, 48, 49, 50, 51, 52, 53, 54, 55, 56, 57, 58, 59, 60, 61, 62, 63, 64, 65, 66, 67, 68, 69, 70, 71, 72, 73, 74, 75, 76, 77, 78, 79, 80, 81, 82, 83, 84, 85, 86, 87, 88, 89, 90, 91, 92, 93, 94, 95, 96, 97, 98, 99, 100, 101, 102, 103, 104, 105, 106, 107, 108, 109, 110, 111, 112], 1:[], 2:[], 3:[], 4:[], 5:[], 6:[], 7:[], 8:[], 9:[], 10:[], 11:[], 12:[], 13:[], 14:[], 15:[], 16:[], 17:[], 18:[], 19:[], 20:[], 21:[], 22:[], 23:[], 24:[], 25:[], 26:[], 27:[], 28:[], 29:[], 30:[], 31:[], 32:[], 33:[], 34:[], 35:[], 36:[], 37:[], 38:[], 39:[], 40:[], 41:[], 42:[], 43:[], 44:[], 45:[], 46:[], 47:[], 48:[], 49:[], 50:[], 51:[], 52:[], 53:[], 54:[], 55:[], 56:[], 57:[], 58:[], 59:[], 60:[], 61:[], 62:[], 63:[], 64:[], 65:[], 66:[], 67:[], 68:[], 69:[], 70:[], 71:[], 72:[], 73:[], 74:[], 75:[], 76:[], 77:[], 78:[], 79:[], 80:[], 81:[], 82:[], 83:[], 84:[], 85:[], 86:[], 87:[], 88:[], 89:[], 90:[], 91:[], 92:[], 93:[], 94:[], 95:[], 96:[], 97:[], 98:[], 99:[], 100:[], 101:[], 102:[], 103:[], 104:[], 105:[], 106:[], 107:[], 108:[], 109:[], 110:[], 111:[], 112:[]",13947560992,16559085001
2693,2,6089.4527,6841924,101870365,812537667,848.6508,false,113,true,true,true,true,true,false,false,"0:[0, 1, 2, 3, 4, 5, 6, 7, 8, 9, 10, 11, 12, 13, 14, 15, 16, 17, 18, 19, 20, 21, 22, 23, 24, 25, 26, 27, 28, 29, 30, 31, 32, 33, 34, 35, 36, 37, 38, 39, 40, 41, 42, 43, 44, 45, 46, 47, 48, 49, 50, 51, 52, 53, 54, 55, 56, 57, 58, 59, 60, 61, 62, 63, 64, 65, 66, 67, 68, 69, 70, 71, 72, 73, 74, 75, 76, 77, 78, 79, 80, 81, 82, 83, 84, 85, 86, 87, 88, 89, 90, 91, 92, 93, 94, 95, 96, 97, 98, 99, 100, 101, 102, 103, 104, 105, 106, 107, 108, 109, 110, 111, 112], 1:[], 2:[], 3:[], 4:[], 5:[], 6:[], 7:[], 8:[], 9:[], 10:[], 11:[], 12:[], 13:[], 14:[], 15:[], 16:[], 17:[], 18:[], 19:[], 20:[], 21:[], 22:[], 23:[], 24:[], 25:[], 26:[], 27:[], 28:[], 29:[], 30:[], 31:[], 32:[], 33:[], 34:[], 35:[], 36:[], 37:[], 38:[], 39:[], 40:[], 41:[], 42:[], 43:[], 44:[], 45:[], 46:[], 47:[], 48:[], 49:[], 50:[], 51:[], 52:[], 53:[], 54:[], 55:[], 56:[], 57:[], 58:[], 59:[], 60:[], 61:[], 62:[], 63:[], 64:[], 65:[], 66:[], 67:[], 68:[], 69:[], 70:[], 71:[], 72:[], 73:[], 74:[], 75:[], 76:[], 77:[], 78:[], 79:[], 80:[], 81:[], 82:[], 83:[], 84:[], 85:[], 86:[], 87:[], 88:[], 89:[], 90:[], 91:[], 92:[], 93:[], 94:[], 95:[], 96:[], 97:[], 98:[], 99:[], 100:[], 101:[], 102:[], 103:[], 104:[], 105:[], 106:[], 107:[], 108:[], 109:[], 110:[], 111:[], 112:[]",13984534560,16612822001
2699,2,5961.2110,6887622,102551746,817975005,829.4939,false,113,true,true,true,true,true,false,false,"0:[0, 1, 2, 3, 4, 5, 6, 7, 8, 9, 10, 11, 12, 13, 14, 15, 16, 17, 18, 19, 20, 21, 22, 23, 24, 25, 26, 27, 28, 29, 30, 31, 32, 33, 34, 35, 36, 37, 38, 39, 40, 41, 42, 43, 44, 45, 46, 47, 48, 49, 50, 51, 52, 53, 54, 55, 56, 57, 58, 59, 60, 61, 62, 63, 64, 65, 66, 67, 68, 69, 70, 71, 72, 73, 74, 75, 76, 77, 78, 79, 80, 81, 82, 83, 84, 85, 86, 87, 88, 89, 90, 91, 92, 93, 94, 95, 96, 97, 98, 99, 100, 101, 102, 103, 104, 105, 106, 107, 108, 109, 110, 111, 112], 1:[], 2:[], 3:[], 4:[], 5:[], 6:[], 7:[], 8:[], 9:[], 10:[], 11:[], 12:[], 13:[], 14:[], 15:[], 16:[], 17:[], 18:[], 19:[], 20:[], 21:[], 22:[], 23:[], 24:[], 25:[], 26:[], 27:[], 28:[], 29:[], 30:[], 31:[], 32:[], 33:[], 34:[], 35:[], 36:[], 37:[], 38:[], 39:[], 40:[], 41:[], 42:[], 43:[], 44:[], 45:[], 46:[], 47:[], 48:[], 49:[], 50:[], 51:[], 52:[], 53:[], 54:[], 55:[], 56:[], 57:[], 58:[], 59:[], 60:[], 61:[], 62:[], 63:[], 64:[], 65:[], 66:[], 67:[], 68:[], 69:[], 70:[], 71:[], 72:[], 73:[], 74:[], 75:[], 76:[], 77:[], 78:[], 79:[], 80:[], 81:[], 82:[], 83:[], 84:[], 85:[], 86:[], 87:[], 88:[], 89:[], 90:[], 91:[], 92:[], 93:[], 94:[], 95:[], 96:[], 97:[], 98:[], 99:[], 100:[], 101:[], 102:[], 103:[], 104:[], 105:[], 106:[], 107:[], 108:[], 109:[], 110:[], 111:[], 112:[]",14040141792,16693618058
2707,2,6021.8394,6948867,103465895,825273629,1053.5568,false,112,true,true,true,true,true,false,false,"0:[0, 1, 2, 3, 4, 5, 6, 7, 8, 9, 10, 11, 12, 13, 14, 15, 16, 17, 18, 19, 20, 21, 22, 23, 24, 25, 26, 27, 28, 29, 30, 31, 32, 33, 34, 35, 36, 37, 38, 39, 40, 41, 42, 43, 44, 45, 46, 47, 48, 49, 50, 51, 52, 53, 54, 55, 56, 57, 58, 59, 60, 61, 62, 63, 64, 65, 66, 67, 68, 69, 70, 71, 72, 73, 74, 75, 76, 77, 78, 79, 80, 81, 82, 83, 84, 85, 86, 87, 88, 89, 90, 91, 92, 93, 94, 95, 96, 97, 98, 99, 100, 101, 102, 103, 104, 105, 106, 107, 108, 109, 110, 111], 1:[], 2:[], 3:[], 4:[], 5:[], 6:[], 7:[], 8:[], 9:[], 10:[], 11:[], 12:[], 13:[], 14:[], 15:[], 16:[], 17:[], 18:[], 19:[], 20:[], 21:[], 22:[], 23:[], 24:[], 25:[], 26:[], 27:[], 28:[], 29:[], 30:[], 31:[], 32:[], 33:[], 34:[], 35:[], 36:[], 37:[], 38:[], 39:[], 40:[], 41:[], 42:[], 43:[], 44:[], 45:[], 46:[], 47:[], 48:[], 49:[], 50:[], 51:[], 52:[], 53:[], 54:[], 55:[], 56:[], 57:[], 58:[], 59:[], 60:[], 61:[], 62:[], 63:[], 64:[], 65:[], 66:[], 67:[], 68:[], 69:[], 70:[], 71:[], 72:[], 73:[], 74:[], 75:[], 76:[], 77:[], 78:[], 79:[], 80:[], 81:[], 82:[], 83:[], 84:[], 85:[], 86:[], 87:[], 88:[], 89:[], 90:[], 91:[], 92:[], 93:[], 94:[], 95:[], 96:[], 97:[], 98:[], 99:[], 100:[], 101:[], 102:[], 103:[], 104:[], 105:[], 106:[], 107:[], 108:[], 109:[], 110:[], 111:[]",14114743592,16802042955
2711,7,7849.0815,6979626,103925023,828939482,1829.7844,false,112,true,true,true,true,true,false,false,"0:[0, 1, 2, 3, 4, 5, 6, 7, 8, 9, 10, 11, 12, 13, 14, 15, 16, 17, 18, 19, 20, 21, 22, 23, 24, 25, 26, 27, 28, 29, 30, 31, 32, 33, 34, 35, 36, 37, 38, 39, 40, 41, 42, 43, 44, 45, 46, 47, 48, 49, 50, 51, 52, 53, 54, 55, 56, 57, 58, 59, 60, 61, 62, 63, 64, 65, 66, 67, 68, 69, 70, 71, 72, 73, 74, 75, 76, 77, 78, 79, 80, 81, 82, 83, 84, 85, 86, 87, 88, 89, 90, 91, 92, 93, 94, 95, 96, 97, 98, 99, 100, 101, 102, 103, 104, 105, 106, 107, 108, 109, 110, 111], 1:[], 2:[], 3:[], 4:[], 5:[], 6:[], 7:[], 8:[], 9:[], 10:[], 11:[], 12:[], 13:[], 14:[], 15:[], 16:[], 17:[], 18:[], 19:[], 20:[], 21:[], 22:[], 23:[], 24:[], 25:[], 26:[], 27:[], 28:[], 29:[], 30:[], 31:[], 32:[], 33:[], 34:[], 35:[], 36:[], 37:[], 38:[], 39:[], 40:[], 41:[], 42:[], 43:[], 44:[], 45:[], 46:[], 47:[], 48:[], 49:[], 50:[], 51:[], 52:[], 53:[], 54:[], 55:[], 56:[], 57:[], 58:[], 59:[], 60:[], 61:[], 62:[], 63:[], 64:[], 65:[], 66:[], 67:[], 68:[], 69:[], 70:[], 71:[], 72:[], 73:[], 74:[], 75:[], 76:[], 77:[], 78:[], 79:[], 80:[], 81:[], 82:[], 83:[], 84:[], 85:[], 86:[], 87:[], 88:[], 89:[], 90:[], 91:[], 92:[], 93:[], 94:[], 95:[], 96:[], 97:[], 98:[], 99:[], 100:[], 101:[], 102:[], 103:[], 104:[], 105:[], 106:[], 107:[], 108:[], 109:[], 110:[], 111:[]",14152212048,16856499115
2713,5,8107.0962,6995039,104155801,830784987,2681.0573,false,113,true,true,true,true,true,false,false,"0:[0, 1, 2, 3, 4, 5, 6, 7, 8, 9, 10, 11, 12, 13, 14, 15, 16, 17, 18, 19, 20, 21, 22, 23, 24, 25, 26, 27, 28, 29, 30, 31, 32, 33, 34, 35, 36, 37, 38, 39, 40, 41, 42, 43, 44, 45, 46, 47, 48, 49, 50, 51, 52, 53, 54, 55, 56, 57, 58, 59, 60, 61, 62, 63, 64, 65, 66, 67, 68, 69, 70, 71, 72, 73, 74, 75, 76, 77, 78, 79, 80, 81, 82, 83, 84, 85, 86, 87, 88, 89, 90, 91, 92, 93, 94, 95, 96, 97, 98, 99, 100, 101, 102, 103, 104, 105, 106, 107, 108, 109, 110, 111, 112], 1:[], 2:[], 3:[], 4:[], 5:[], 6:[], 7:[], 8:[], 9:[], 10:[], 11:[], 12:[], 13:[], 14:[], 15:[], 16:[], 17:[], 18:[], 19:[], 20:[], 21:[], 22:[], 23:[], 24:[], 25:[], 26:[], 27:[], 28:[], 29:[], 30:[], 31:[], 32:[], 33:[], 34:[], 35:[], 36:[], 37:[], 38:[], 39:[], 40:[], 41:[], 42:[], 43:[], 44:[], 45:[], 46:[], 47:[], 48:[], 49:[], 50:[], 51:[], 52:[], 53:[], 54:[], 55:[], 56:[], 57:[], 58:[], 59:[], 60:[], 61:[], 62:[], 63:[], 64:[], 65:[], 66:[], 67:[], 68:[], 69:[], 70:[], 71:[], 72:[], 73:[], 74:[], 75:[], 76:[], 77:[], 78:[], 79:[], 80:[], 81:[], 82:[], 83:[], 84:[], 85:[], 86:[], 87:[], 88:[], 89:[], 90:[], 91:[], 92:[], 93:[], 94:[], 95:[], 96:[], 97:[], 98:[], 99:[], 100:[], 101:[], 102:[], 103:[], 104:[], 105:[], 106:[], 107:[], 108:[], 109:[], 110:[], 111:[], 112:[]",14171044200,16883892293
2719,3,8017.7108,7041416,104847350,836303731,2124.4402,false,113,true,true,true,true,true,false,false,"0:[0, 1, 2, 3, 4, 5, 6, 7, 8, 9, 10, 11, 12, 13, 14, 15, 16, 17, 18, 19, 20, 21, 22, 23, 24, 25, 26, 27, 28, 29, 30, 31, 32, 33, 34, 35, 36, 37, 38, 39, 40, 41, 42, 43, 44, 45, 46, 47, 48, 49, 50, 51, 52, 53, 54, 55, 56, 57, 58, 59, 60, 61, 62, 63, 64, 65, 66, 67, 68, 69, 70, 71, 72, 73, 74, 75, 76, 77, 78, 79, 80, 81, 82, 83, 84, 85, 86, 87, 88, 89, 90, 91, 92, 93, 94, 95, 96, 97, 98, 99, 100, 101, 102, 103, 104, 105, 106, 107, 108, 109, 110, 111, 112], 1:[], 2:[], 3:[], 4:[], 5:[], 6:[], 7:[], 8:[], 9:[], 10:[], 11:[], 12:[], 13:[], 14:[], 15:[], 16:[], 17:[], 18:[], 19:[], 20:[], 21:[], 22:[], 23:[], 24:[], 25:[], 26:[], 27:[], 28:[], 29:[], 30:[], 31:[], 32:[], 33:[], 34:[], 35:[], 36:[], 37:[], 38:[], 39:[], 40:[], 41:[], 42:[], 43:[], 44:[], 45:[], 46:[], 47:[], 48:[], 49:[], 50:[], 51:[], 52:[], 53:[], 54:[], 55:[], 56:[], 57:[], 58:[], 59:[], 60:[], 61:[], 62:[], 63:[], 64:[], 65:[], 66:[], 67:[], 68:[], 69:[], 70:[], 71:[], 72:[], 73:[], 74:[], 75:[], 76:[], 77:[], 78:[], 79:[], 80:[], 81:[], 82:[], 83:[], 84:[], 85:[], 86:[], 87:[], 88:[], 89:[], 90:[], 91:[], 92:[], 93:[], 94:[], 95:[], 96:[], 97:[], 98:[], 99:[], 100:[], 101:[], 102:[], 103:[], 104:[], 105:[], 106:[], 107:[], 108:[], 109:[], 110:[], 111:[], 112:[]",14227481168,16965894366
2729,3,8818.9858,7119164,106008487,845576823,2251.0876,false,114,true,true,true,true,true,false,false,"0:[0, 1, 2, 3, 4, 5, 6, 7, 8, 9, 10, 11, 12, 13, 14, 15, 16, 17, 18, 19, 20, 21, 22, 23, 24, 25, 26, 27, 28, 29, 30, 31, 32, 33, 34, 35, 36, 37, 38, 39, 40, 41, 42, 43, 44, 45, 46, 47, 48, 49, 50, 51, 52, 53, 54, 55, 56, 57, 58, 59, 60, 61, 62, 63, 64, 65, 66, 67, 68, 69, 70, 71, 72, 73, 74, 75, 76, 77, 78, 79, 80, 81, 82, 83, 84, 85, 86, 87, 88, 89, 90, 91, 92, 93, 94, 95, 96, 97, 98, 99, 100, 101, 102, 103, 104, 105, 106, 107, 108, 109, 110, 111, 112, 113], 1:[], 2:[], 3:[], 4:[], 5:[], 6:[], 7:[], 8:[], 9:[], 10:[], 11:[], 12:[], 13:[], 14:[], 15:[], 16:[], 17:[], 18:[], 19:[], 20:[], 21:[], 22:[], 23:[], 24:[], 25:[], 26:[], 27:[], 28:[], 29:[], 30:[], 31:[], 32:[], 33:[], 34:[], 35:[], 36:[], 37:[], 38:[], 39:[], 40:[], 41:[], 42:[], 43:[], 44:[], 45:[], 46:[], 47:[], 48:[], 49:[], 50:[], 51:[], 52:[], 53:[], 54:[], 55:[], 56:[], 57:[], 58:[], 59:[], 60:[], 61:[], 62:[], 63:[], 64:[], 65:[], 66:[], 67:[], 68:[], 69:[], 70:[], 71:[], 72:[], 73:[], 74:[], 75:[], 76:[], 77:[], 78:[], 79:[], 80:[], 81:[], 82:[], 83:[], 84:[], 85:[], 86:[], 87:[], 88:[], 89:[], 90:[], 91:[], 92:[], 93:[], 94:[], 95:[], 96:[], 97:[], 98:[], 99:[], 100:[], 101:[], 102:[], 103:[], 104:[], 105:[], 106:[], 107:[], 108:[], 109:[], 110:[], 111:[], 112:[], 113:[]",14322238080,17103633955
2731,2,7083.6950,7134781,106241033,847431476,2113.1176,false,114,true,true,true,true,true,false,false,"0:[0, 1, 2, 3, 4, 5, 6, 7, 8, 9, 10, 11, 12, 13, 14, 15, 16, 17, 18, 19, 20, 21, 22, 23, 24, 25, 26, 27, 28, 29, 30, 31, 32, 33, 34, 35, 36, 37, 38, 39, 40, 41, 42, 43, 44, 45, 46, 47, 48, 49, 50, 51, 52, 53, 54, 55, 56, 57, 58, 59, 60, 61, 62, 63, 64, 65, 66, 67, 68, 69, 70, 71, 72, 73, 74, 75, 76, 77, 78, 79, 80, 81, 82, 83, 84, 85, 86, 87, 88, 89, 90, 91, 92, 93, 94, 95, 96, 97, 98, 99, 100, 101, 102, 103, 104, 105, 106, 107, 108, 109, 110, 111, 112, 113], 1:[], 2:[], 3:[], 4:[], 5:[], 6:[], 7:[], 8:[], 9:[], 10:[], 11:[], 12:[], 13:[], 14:[], 15:[], 16:[], 17:[], 18:[], 19:[], 20:[], 21:[], 22:[], 23:[], 24:[], 25:[], 26:[], 27:[], 28:[], 29:[], 30:[], 31:[], 32:[], 33:[], 34:[], 35:[], 36:[], 37:[], 38:[], 39:[], 40:[], 41:[], 42:[], 43:[], 44:[], 45:[], 46:[], 47:[], 48:[], 49:[], 50:[], 51:[], 52:[], 53:[], 54:[], 55:[], 56:[], 57:[], 58:[], 59:[], 60:[], 61:[], 62:[], 63:[], 64:[], 65:[], 66:[], 67:[], 68:[], 69:[], 70:[], 71:[], 72:[], 73:[], 74:[], 75:[], 76:[], 77:[], 78:[], 79:[], 80:[], 81:[], 82:[], 83:[], 84:[], 85:[], 86:[], 87:[], 88:[], 89:[], 90:[], 91:[], 92:[], 93:[], 94:[], 95:[], 96:[], 97:[], 98:[], 99:[], 100:[], 101:[], 102:[], 103:[], 104:[], 105:[], 106:[], 107:[], 108:[], 109:[], 110:[], 111:[], 112:[], 113:[]",14341216568,17131195909
2741,2,7511.0892,7213214,107412465,856787202,2687.0273,false,114,true,true,true,true,true,false,false,"0:[0, 1, 2, 3, 4, 5, 6, 7, 8, 9, 10, 11, 12, 13, 14, 15, 16, 17, 18, 19, 20, 21, 22, 23, 24, 25, 26, 27, 28, 29, 30, 31, 32, 33, 34, 35, 36, 37, 38, 39, 40, 41, 42, 43, 44, 45, 46, 47, 48, 49, 50, 51, 52, 53, 54, 55, 56, 57, 58, 59, 60, 61, 62, 63, 64, 65, 66, 67, 68, 69, 70, 71, 72, 73, 74, 75, 76, 77, 78, 79, 80, 81, 82, 83, 84, 85, 86, 87, 88, 89, 90, 91, 92, 93, 94, 95, 96, 97, 98, 99, 100, 101, 102, 103, 104, 105, 106, 107, 108, 109, 110, 111, 112, 113], 1:[], 2:[], 3:[], 4:[], 5:[], 6:[], 7:[], 8:[], 9:[], 10:[], 11:[], 12:[], 13:[], 14:[], 15:[], 16:[], 17:[], 18:[], 19:[], 20:[], 21:[], 22:[], 23:[], 24:[], 25:[], 26:[], 27:[], 28:[], 29:[], 30:[], 31:[], 32:[], 33:[], 34:[], 35:[], 36:[], 37:[], 38:[], 39:[], 40:[], 41:[], 42:[], 43:[], 44:[], 45:[], 46:[], 47:[], 48:[], 49:[], 50:[], 51:[], 52:[], 53:[], 54:[], 55:[], 56:[], 57:[], 58:[], 59:[], 60:[], 61:[], 62:[], 63:[], 64:[], 65:[], 66:[], 67:[], 68:[], 69:[], 70:[], 71:[], 72:[], 73:[], 74:[], 75:[], 76:[], 77:[], 78:[], 79:[], 80:[], 81:[], 82:[], 83:[], 84:[], 85:[], 86:[], 87:[], 88:[], 89:[], 90:[], 91:[], 92:[], 93:[], 94:[], 95:[], 96:[], 97:[], 98:[], 99:[], 100:[], 101:[], 102:[], 103:[], 104:[], 105:[], 106:[], 107:[], 108:[], 109:[], 110:[], 111:[], 112:[], 113:[]",14436813520,17270157189
2749,2,8399.5126,7276373,108355266,864315037,1674.8853,false,114,true,true,true,true,true,false,false,"0:[0, 1, 2, 3, 4, 5, 6, 7, 8, 9, 10, 11, 12, 13, 14, 15, 16, 17, 18, 19, 20, 21, 22, 23, 24, 25, 26, 27, 28, 29, 30, 31, 32, 33, 34, 35, 36, 37, 38, 39, 40, 41, 42, 43, 44, 45, 46, 47, 48, 49, 50, 51, 52, 53, 54, 55, 56, 57, 58, 59, 60, 61, 62, 63, 64, 65, 66, 67, 68, 69, 70, 71, 72, 73, 74, 75, 76, 77, 78, 79, 80, 81, 82, 83, 84, 85, 86, 87, 88, 89, 90, 91, 92, 93, 94, 95, 96, 97, 98, 99, 100, 101, 102, 103, 104, 105, 106, 107, 108, 109, 110, 111, 112, 113], 1:[], 2:[], 3:[], 4:[], 5:[], 6:[], 7:[], 8:[], 9:[], 10:[], 11:[], 12:[], 13:[], 14:[], 15:[], 16:[], 17:[], 18:[], 19:[], 20:[], 21:[], 22:[], 23:[], 24:[], 25:[], 26:[], 27:[], 28:[], 29:[], 30:[], 31:[], 32:[], 33:[], 34:[], 35:[], 36:[], 37:[], 38:[], 39:[], 40:[], 41:[], 42:[], 43:[], 44:[], 45:[], 46:[], 47:[], 48:[], 49:[], 50:[], 51:[], 52:[], 53:[], 54:[], 55:[], 56:[], 57:[], 58:[], 59:[], 60:[], 61:[], 62:[], 63:[], 64:[], 65:[], 66:[], 67:[], 68:[], 69:[], 70:[], 71:[], 72:[], 73:[], 74:[], 75:[], 76:[], 77:[], 78:[], 79:[], 80:[], 81:[], 82:[], 83:[], 84:[], 85:[], 86:[], 87:[], 88:[], 89:[], 90:[], 91:[], 92:[], 93:[], 94:[], 95:[], 96:[], 97:[], 98:[], 99:[], 100:[], 101:[], 102:[], 103:[], 104:[], 105:[], 106:[], 107:[], 108:[], 109:[], 110:[], 111:[], 112:[], 113:[]",14513753416,17381980498
2753,3,7572.8989,7308089,108828681,868094717,1488.3218,false,114,true,true,true,true,true,false,false,"0:[0, 1, 2, 3, 4, 5, 6, 7, 8, 9, 10, 11, 12, 13, 14, 15, 16, 17, 18, 19, 20, 21, 22, 23, 24, 25, 26, 27, 28, 29, 30, 31, 32, 33, 34, 35, 36, 37, 38, 39, 40, 41, 42, 43, 44, 45, 46, 47, 48, 49, 50, 51, 52, 53, 54, 55, 56, 57, 58, 59, 60, 61, 62, 63, 64, 65, 66, 67, 68, 69, 70, 71, 72, 73, 74, 75, 76, 77, 78, 79, 80, 81, 82, 83, 84, 85, 86, 87, 88, 89, 90, 91, 92, 93, 94, 95, 96, 97, 98, 99, 100, 101, 102, 103, 104, 105, 106, 107, 108, 109, 110, 111, 112, 113], 1:[], 2:[], 3:[], 4:[], 5:[], 6:[], 7:[], 8:[], 9:[], 10:[], 11:[], 12:[], 13:[], 14:[], 15:[], 16:[], 17:[], 18:[], 19:[], 20:[], 21:[], 22:[], 23:[], 24:[], 25:[], 26:[], 27:[], 28:[], 29:[], 30:[], 31:[], 32:[], 33:[], 34:[], 35:[], 36:[], 37:[], 38:[], 39:[], 40:[], 41:[], 42:[], 43:[], 44:[], 45:[], 46:[], 47:[], 48:[], 49:[], 50:[], 51:[], 52:[], 53:[], 54:[], 55:[], 56:[], 57:[], 58:[], 59:[], 60:[], 61:[], 62:[], 63:[], 64:[], 65:[], 66:[], 67:[], 68:[], 69:[], 70:[], 71:[], 72:[], 73:[], 74:[], 75:[], 76:[], 77:[], 78:[], 79:[], 80:[], 81:[], 82:[], 83:[], 84:[], 85:[], 86:[], 87:[], 88:[], 89:[], 90:[], 91:[], 92:[], 93:[], 94:[], 95:[], 96:[], 97:[], 98:[], 99:[], 100:[], 101:[], 102:[], 103:[], 104:[], 105:[], 106:[], 107:[], 108:[], 109:[], 110:[], 111:[], 112:[], 113:[]",14552387800,17438131045
2767,3,7876.4087,7419824,110495976,881404702,1549.6139,false,116,true,true,true,true,true,false,false,"0:[0, 1, 2, 3, 4, 5, 6, 7, 8, 9, 10, 11, 12, 13, 14, 15, 16, 17, 18, 19, 20, 21, 22, 23, 24, 25, 26, 27, 28, 29, 30, 31, 32, 33, 34, 35, 36, 37, 38, 39, 40, 41, 42, 43, 44, 45, 46, 47, 48, 49, 50, 51, 52, 53, 54, 55, 56, 57, 58, 59, 60, 61, 62, 63, 64, 65, 66, 67, 68, 69, 70, 71, 72, 73, 74, 75, 76, 77, 78, 79, 80, 81, 82, 83, 84, 85, 86, 87, 88, 89, 90, 91, 92, 93, 94, 95, 96, 97, 98, 99, 100, 101, 102, 103, 104, 105, 106, 107, 108, 109, 110, 111, 112, 113, 114, 115], 1:[], 2:[], 3:[], 4:[], 5:[], 6:[], 7:[], 8:[], 9:[], 10:[], 11:[], 12:[], 13:[], 14:[], 15:[], 16:[], 17:[], 18:[], 19:[], 20:[], 21:[], 22:[], 23:[], 24:[], 25:[], 26:[], 27:[], 28:[], 29:[], 30:[], 31:[], 32:[], 33:[], 34:[], 35:[], 36:[], 37:[], 38:[], 39:[], 40:[], 41:[], 42:[], 43:[], 44:[], 45:[], 46:[], 47:[], 48:[], 49:[], 50:[], 51:[], 52:[], 53:[], 54:[], 55:[], 56:[], 57:[], 58:[], 59:[], 60:[], 61:[], 62:[], 63:[], 64:[], 65:[], 66:[], 67:[], 68:[], 69:[], 70:[], 71:[], 72:[], 73:[], 74:[], 75:[], 76:[], 77:[], 78:[], 79:[], 80:[], 81:[], 82:[], 83:[], 84:[], 85:[], 86:[], 87:[], 88:[], 89:[], 90:[], 91:[], 92:[], 93:[], 94:[], 95:[], 96:[], 97:[], 98:[], 99:[], 100:[], 101:[], 102:[], 103:[], 104:[], 105:[], 106:[], 107:[], 108:[], 109:[], 110:[], 111:[], 112:[], 113:[], 114:[], 115:[]",14923334064,17870745080
2777,3,8988.2352,7500328,111698445,891008748,1586.9415,false,115,true,true,true,true,true,false,false,"0:[0, 1, 2, 3, 4, 5, 6, 7, 8, 9, 10, 11, 12, 13, 14, 15, 16, 17, 18, 19, 20, 21, 22, 23, 24, 25, 26, 27, 28, 29, 30, 31, 32, 33, 34, 35, 36, 37, 38, 39, 40, 41, 42, 43, 44, 45, 46, 47, 48, 49, 50, 51, 52, 53, 54, 55, 56, 57, 58, 59, 60, 61, 62, 63, 64, 65, 66, 67, 68, 69, 70, 71, 72, 73, 74, 75, 76, 77, 78, 79, 80, 81, 82, 83, 84, 85, 86, 87, 88, 89, 90, 91, 92, 93, 94, 95, 96, 97, 98, 99, 100, 101, 102, 103, 104, 105, 106, 107, 108, 109, 110, 111, 112, 113, 114], 1:[], 2:[], 3:[], 4:[], 5:[], 6:[], 7:[], 8:[], 9:[], 10:[], 11:[], 12:[], 13:[], 14:[], 15:[], 16:[], 17:[], 18:[], 19:[], 20:[], 21:[], 22:[], 23:[], 24:[], 25:[], 26:[], 27:[], 28:[], 29:[], 30:[], 31:[], 32:[], 33:[], 34:[], 35:[], 36:[], 37:[], 38:[], 39:[], 40:[], 41:[], 42:[], 43:[], 44:[], 45:[], 46:[], 47:[], 48:[], 49:[], 50:[], 51:[], 52:[], 53:[], 54:[], 55:[], 56:[], 57:[], 58:[], 59:[], 60:[], 61:[], 62:[], 63:[], 64:[], 65:[], 66:[], 67:[], 68:[], 69:[], 70:[], 71:[], 72:[], 73:[], 74:[], 75:[], 76:[], 77:[], 78:[], 79:[], 80:[], 81:[], 82:[], 83:[], 84:[], 85:[], 86:[], 87:[], 88:[], 89:[], 90:[], 91:[], 92:[], 93:[], 94:[], 95:[], 96:[], 97:[], 98:[], 99:[], 100:[], 101:[], 102:[], 103:[], 104:[], 105:[], 106:[], 107:[], 108:[], 109:[], 110:[], 111:[], 112:[], 113:[], 114:[]",15021463680,18013387649
2789,2,7643.9411,7597700,113151997,902614548,2375.9316,false,116,true,true,true,true,true,false,false,"0:[0, 1, 2, 3, 4, 5, 6, 7, 8, 9, 10, 11, 12, 13, 14, 15, 16, 17, 18, 19, 20, 21, 22, 23, 24, 25, 26, 27, 28, 29, 30, 31, 32, 33, 34, 35, 36, 37, 38, 39, 40, 41, 42, 43, 44, 45, 46, 47, 48, 49, 50, 51, 52, 53, 54, 55, 56, 57, 58, 59, 60, 61, 62, 63, 64, 65, 66, 67, 68, 69, 70, 71, 72, 73, 74, 75, 76, 77, 78, 79, 80, 81, 82, 83, 84, 85, 86, 87, 88, 89, 90, 91, 92, 93, 94, 95, 96, 97, 98, 99, 100, 101, 102, 103, 104, 105, 106, 107, 108, 109, 110, 111, 112, 113, 114, 115], 1:[], 2:[], 3:[], 4:[], 5:[], 6:[], 7:[], 8:[], 9:[], 10:[], 11:[], 12:[], 13:[], 14:[], 15:[], 16:[], 17:[], 18:[], 19:[], 20:[], 21:[], 22:[], 23:[], 24:[], 25:[], 26:[], 27:[], 28:[], 29:[], 30:[], 31:[], 32:[], 33:[], 34:[], 35:[], 36:[], 37:[], 38:[], 39:[], 40:[], 41:[], 42:[], 43:[], 44:[], 45:[], 46:[], 47:[], 48:[], 49:[], 50:[], 51:[], 52:[], 53:[], 54:[], 55:[], 56:[], 57:[], 58:[], 59:[], 60:[], 61:[], 62:[], 63:[], 64:[], 65:[], 66:[], 67:[], 68:[], 69:[], 70:[], 71:[], 72:[], 73:[], 74:[], 75:[], 76:[], 77:[], 78:[], 79:[], 80:[], 81:[], 82:[], 83:[], 84:[], 85:[], 86:[], 87:[], 88:[], 89:[], 90:[], 91:[], 92:[], 93:[], 94:[], 95:[], 96:[], 97:[], 98:[], 99:[], 100:[], 101:[], 102:[], 103:[], 104:[], 105:[], 106:[], 107:[], 108:[], 109:[], 110:[], 111:[], 112:[], 113:[], 114:[], 115:[]",15140084768,18185789137
2791,3,8622.6775,7614009,113394829,904551023,1315.6677,false,116,true,true,true,true,true,false,false,"0:[0, 1, 2, 3, 4, 5, 6, 7, 8, 9, 10, 11, 12, 13, 14, 15, 16, 17, 18, 19, 20, 21, 22, 23, 24, 25, 26, 27, 28, 29, 30, 31, 32, 33, 34, 35, 36, 37, 38, 39, 40, 41, 42, 43, 44, 45, 46, 47, 48, 49, 50, 51, 52, 53, 54, 55, 56, 57, 58, 59, 60, 61, 62, 63, 64, 65, 66, 67, 68, 69, 70, 71, 72, 73, 74, 75, 76, 77, 78, 79, 80, 81, 82, 83, 84, 85, 86, 87, 88, 89, 90, 91, 92, 93, 94, 95, 96, 97, 98, 99, 100, 101, 102, 103, 104, 105, 106, 107, 108, 109, 110, 111, 112, 113, 114, 115], 1:[], 2:[], 3:[], 4:[], 5:[], 6:[], 7:[], 8:[], 9:[], 10:[], 11:[], 12:[], 13:[], 14:[], 15:[], 16:[], 17:[], 18:[], 19:[], 20:[], 21:[], 22:[], 23:[], 24:[], 25:[], 26:[], 27:[], 28:[], 29:[], 30:[], 31:[], 32:[], 33:[], 34:[], 35:[], 36:[], 37:[], 38:[], 39:[], 40:[], 41:[], 42:[], 43:[], 44:[], 45:[], 46:[], 47:[], 48:[], 49:[], 50:[], 51:[], 52:[], 53:[], 54:[], 55:[], 56:[], 57:[], 58:[], 59:[], 60:[], 61:[], 62:[], 63:[], 64:[], 65:[], 66:[], 67:[], 68:[], 69:[], 70:[], 71:[], 72:[], 73:[], 74:[], 75:[], 76:[], 77:[], 78:[], 79:[], 80:[], 81:[], 82:[], 83:[], 84:[], 85:[], 86:[], 87:[], 88:[], 89:[], 90:[], 91:[], 92:[], 93:[], 94:[], 95:[], 96:[], 97:[], 98:[], 99:[], 100:[], 101:[], 102:[], 103:[], 104:[], 105:[], 106:[], 107:[], 108:[], 109:[], 110:[], 111:[], 112:[], 113:[], 114:[], 115:[]",15159902744,18214570201
2797,2,7021.8177,7663079,114128095,910408879,1242.8452,false,117,true,true,true,true,true,false,false,"0:[0, 1, 2, 3, 4, 5, 6, 7, 8, 9, 10, 11, 12, 13, 14, 15, 16, 17, 18, 19, 20, 21, 22, 23, 24, 25, 26, 27, 28, 29, 30, 31, 32, 33, 34, 35, 36, 37, 38, 39, 40, 41, 42, 43, 44, 45, 46, 47, 48, 49, 50, 51, 52, 53, 54, 55, 56, 57, 58, 59, 60, 61, 62, 63, 64, 65, 66, 67, 68, 69, 70, 71, 72, 73, 74, 75, 76, 77, 78, 79, 80, 81, 82, 83, 84, 85, 86, 87, 88, 89, 90, 91, 92, 93, 94, 95, 96, 97, 98, 99, 100, 101, 102, 103, 104, 105, 106, 107, 108, 109, 110, 111, 112, 113, 114, 115, 116], 1:[], 2:[], 3:[], 4:[], 5:[], 6:[], 7:[], 8:[], 9:[], 10:[], 11:[], 12:[], 13:[], 14:[], 15:[], 16:[], 17:[], 18:[], 19:[], 20:[], 21:[], 22:[], 23:[], 24:[], 25:[], 26:[], 27:[], 28:[], 29:[], 30:[], 31:[], 32:[], 33:[], 34:[], 35:[], 36:[], 37:[], 38:[], 39:[], 40:[], 41:[], 42:[], 43:[], 44:[], 45:[], 46:[], 47:[], 48:[], 49:[], 50:[], 51:[], 52:[], 53:[], 54:[], 55:[], 56:[], 57:[], 58:[], 59:[], 60:[], 61:[], 62:[], 63:[], 64:[], 65:[], 66:[], 67:[], 68:[], 69:[], 70:[], 71:[], 72:[], 73:[], 74:[], 75:[], 76:[], 77:[], 78:[], 79:[], 80:[], 81:[], 82:[], 83:[], 84:[], 85:[], 86:[], 87:[], 88:[], 89:[], 90:[], 91:[], 92:[], 93:[], 94:[], 95:[], 96:[], 97:[], 98:[], 99:[], 100:[], 101:[], 102:[], 103:[], 104:[], 105:[], 106:[], 107:[], 108:[], 109:[], 110:[], 111:[], 112:[], 113:[], 114:[], 115:[], 116:[]",15219741704,18301562627
2801,3,8701.7526,7695909,114618155,914321482,1291.1007,false,117,true,true,true,true,true,false,false,"0:[0, 1, 2, 3, 4, 5, 6, 7, 8, 9, 10, 11, 12, 13, 14, 15, 16, 17, 18, 19, 20, 21, 22, 23, 24, 25, 26, 27, 28, 29, 30, 31, 32, 33, 34, 35, 36, 37, 38, 39, 40, 41, 42, 43, 44, 45, 46, 47, 48, 49, 50, 51, 52, 53, 54, 55, 56, 57, 58, 59, 60, 61, 62, 63, 64, 65, 66, 67, 68, 69, 70, 71, 72, 73, 74, 75, 76, 77, 78, 79, 80, 81, 82, 83, 84, 85, 86, 87, 88, 89, 90, 91, 92, 93, 94, 95, 96, 97, 98, 99, 100, 101, 102, 103, 104, 105, 106, 107, 108, 109, 110, 111, 112, 113, 114, 115, 116], 1:[], 2:[], 3:[], 4:[], 5:[], 6:[], 7:[], 8:[], 9:[], 10:[], 11:[], 12:[], 13:[], 14:[], 15:[], 16:[], 17:[], 18:[], 19:[], 20:[], 21:[], 22:[], 23:[], 24:[], 25:[], 26:[], 27:[], 28:[], 29:[], 30:[], 31:[], 32:[], 33:[], 34:[], 35:[], 36:[], 37:[], 38:[], 39:[], 40:[], 41:[], 42:[], 43:[], 44:[], 45:[], 46:[], 47:[], 48:[], 49:[], 50:[], 51:[], 52:[], 53:[], 54:[], 55:[], 56:[], 57:[], 58:[], 59:[], 60:[], 61:[], 62:[], 63:[], 64:[], 65:[], 66:[], 67:[], 68:[], 69:[], 70:[], 71:[], 72:[], 73:[], 74:[], 75:[], 76:[], 77:[], 78:[], 79:[], 80:[], 81:[], 82:[], 83:[], 84:[], 85:[], 86:[], 87:[], 88:[], 89:[], 90:[], 91:[], 92:[], 93:[], 94:[], 95:[], 96:[], 97:[], 98:[], 99:[], 100:[], 101:[], 102:[], 103:[], 104:[], 105:[], 106:[], 107:[], 108:[], 109:[], 110:[], 111:[], 112:[], 113:[], 114:[], 115:[], 116:[]",15259734424,18359686735
2803,2,8012.6808,7712359,114863061,916274407,1222.9398,false,116,true,true,true,true,true,false,false,"0:[0, 1, 2, 3, 4, 5, 6, 7, 8, 9, 10, 11, 12, 13, 14, 15, 16, 17, 18, 19, 20, 21, 22, 23, 24, 25, 26, 27, 28, 29, 30, 31, 32, 33, 34, 35, 36, 37, 38, 39, 40, 41, 42, 43, 44, 45, 46, 47, 48, 49, 50, 51, 52, 53, 54, 55, 56, 57, 58, 59, 60, 61, 62, 63, 64, 65, 66, 67, 68, 69, 70, 71, 72, 73, 74, 75, 76, 77, 78, 79, 80, 81, 82, 83, 84, 85, 86, 87, 88, 89, 90, 91, 92, 93, 94, 95, 96, 97, 98, 99, 100, 101, 102, 103, 104, 105, 106, 107, 108, 109, 110, 111, 112, 113, 114, 115], 1:[], 2:[], 3:[], 4:[], 5:[], 6:[], 7:[], 8:[], 9:[], 10:[], 11:[], 12:[], 13:[], 14:[], 15:[], 16:[], 17:[], 18:[], 19:[], 20:[], 21:[], 22:[], 23:[], 24:[], 25:[], 26:[], 27:[], 28:[], 29:[], 30:[], 31:[], 32:[], 33:[], 34:[], 35:[], 36:[], 37:[], 38:[], 39:[], 40:[], 41:[], 42:[], 43:[], 44:[], 45:[], 46:[], 47:[], 48:[], 49:[], 50:[], 51:[], 52:[], 53:[], 54:[], 55:[], 56:[], 57:[], 58:[], 59:[], 60:[], 61:[], 62:[], 63:[], 64:[], 65:[], 66:[], 67:[], 68:[], 69:[], 70:[], 71:[], 72:[], 73:[], 74:[], 75:[], 76:[], 77:[], 78:[], 79:[], 80:[], 81:[], 82:[], 83:[], 84:[], 85:[], 86:[], 87:[], 88:[], 89:[], 90:[], 91:[], 92:[], 93:[], 94:[], 95:[], 96:[], 97:[], 98:[], 99:[], 100:[], 101:[], 102:[], 103:[], 104:[], 105:[], 106:[], 107:[], 108:[], 109:[], 110:[], 111:[], 112:[], 113:[], 114:[], 115:[]",15279721704,18388713265
2819,2,8710.7351,7844806,116840333,932062306,2025.6543,false,118,true,true,true,true,true,false,false,"0:[0, 1, 2, 3, 4, 5, 6, 7, 8, 9, 10, 11, 12, 13, 14, 15, 16, 17, 18, 19, 20, 21, 22, 23, 24, 25, 26, 27, 28, 29, 30, 31, 32, 33, 34, 35, 36, 37, 38, 39, 40, 41, 42, 43, 44, 45, 46, 47, 48, 49, 50, 51, 52, 53, 54, 55, 56, 57, 58, 59, 60, 61, 62, 63, 64, 65, 66, 67, 68, 69, 70, 71, 72, 73, 74, 75, 76, 77, 78, 79, 80, 81, 82, 83, 84, 85, 86, 87, 88, 89, 90, 91, 92, 93, 94, 95, 96, 97, 98, 99, 100, 101, 102, 103, 104, 105, 106, 107, 108, 109, 110, 111, 112, 113, 114, 115, 116, 117], 1:[], 2:[], 3:[], 4:[], 5:[], 6:[], 7:[], 8:[], 9:[], 10:[], 11:[], 12:[], 13:[], 14:[], 15:[], 16:[], 17:[], 18:[], 19:[], 20:[], 21:[], 22:[], 23:[], 24:[], 25:[], 26:[], 27:[], 28:[], 29:[], 30:[], 31:[], 32:[], 33:[], 34:[], 35:[], 36:[], 37:[], 38:[], 39:[], 40:[], 41:[], 42:[], 43:[], 44:[], 45:[], 46:[], 47:[], 48:[], 49:[], 50:[], 51:[], 52:[], 53:[], 54:[], 55:[], 56:[], 57:[], 58:[], 59:[], 60:[], 61:[], 62:[], 63:[], 64:[], 65:[], 66:[], 67:[], 68:[], 69:[], 70:[], 71:[], 72:[], 73:[], 74:[], 75:[], 76:[], 77:[], 78:[], 79:[], 80:[], 81:[], 82:[], 83:[], 84:[], 85:[], 86:[], 87:[], 88:[], 89:[], 90:[], 91:[], 92:[], 93:[], 94:[], 95:[], 96:[], 97:[], 98:[], 99:[], 100:[], 101:[], 102:[], 103:[], 104:[], 105:[], 106:[], 107:[], 108:[], 109:[], 110:[], 111:[], 112:[], 113:[], 114:[], 115:[], 116:[], 117:[]",20138702672,18623231569
2833,5,9014.6926,7961932,118589719,946034065,2399.0748,false,118,true,true,true,true,true,false,false,"0:[0, 1, 2, 3, 4, 5, 6, 7, 8, 9, 10, 11, 12, 13, 14, 15, 16, 17, 18, 19, 20, 21, 22, 23, 24, 25, 26, 27, 28, 29, 30, 31, 32, 33, 34, 35, 36, 37, 38, 39, 40, 41, 42, 43, 44, 45, 46, 47, 48, 49, 50, 51, 52, 53, 54, 55, 56, 57, 58, 59, 60, 61, 62, 63, 64, 65, 66, 67, 68, 69, 70, 71, 72, 73, 74, 75, 76, 77, 78, 79, 80, 81, 82, 83, 84, 85, 86, 87, 88, 89, 90, 91, 92, 93, 94, 95, 96, 97, 98, 99, 100, 101, 102, 103, 104, 105, 106, 107, 108, 109, 110, 111, 112, 113, 114, 115, 116, 117], 1:[], 2:[], 3:[], 4:[], 5:[], 6:[], 7:[], 8:[], 9:[], 10:[], 11:[], 12:[], 13:[], 14:[], 15:[], 16:[], 17:[], 18:[], 19:[], 20:[], 21:[], 22:[], 23:[], 24:[], 25:[], 26:[], 27:[], 28:[], 29:[], 30:[], 31:[], 32:[], 33:[], 34:[], 35:[], 36:[], 37:[], 38:[], 39:[], 40:[], 41:[], 42:[], 43:[], 44:[], 45:[], 46:[], 47:[], 48:[], 49:[], 50:[], 51:[], 52:[], 53:[], 54:[], 55:[], 56:[], 57:[], 58:[], 59:[], 60:[], 61:[], 62:[], 63:[], 64:[], 65:[], 66:[], 67:[], 68:[], 69:[], 70:[], 71:[], 72:[], 73:[], 74:[], 75:[], 76:[], 77:[], 78:[], 79:[], 80:[], 81:[], 82:[], 83:[], 84:[], 85:[], 86:[], 87:[], 88:[], 89:[], 90:[], 91:[], 92:[], 93:[], 94:[], 95:[], 96:[], 97:[], 98:[], 99:[], 100:[], 101:[], 102:[], 103:[], 104:[], 105:[], 106:[], 107:[], 108:[], 109:[], 110:[], 111:[], 112:[], 113:[], 114:[], 115:[], 116:[], 117:[]",20281464576,18830743859
2837,2,8478.8859,7995610,119092538,950049151,2813.6155,false,119,true,true,true,true,true,false,false,"0:[0, 1, 2, 3, 4, 5, 6, 7, 8, 9, 10, 11, 12, 13, 14, 15, 16, 17, 18, 19, 20, 21, 22, 23, 24, 25, 26, 27, 28, 29, 30, 31, 32, 33, 34, 35, 36, 37, 38, 39, 40, 41, 42, 43, 44, 45, 46, 47, 48, 49, 50, 51, 52, 53, 54, 55, 56, 57, 58, 59, 60, 61, 62, 63, 64, 65, 66, 67, 68, 69, 70, 71, 72, 73, 74, 75, 76, 77, 78, 79, 80, 81, 82, 83, 84, 85, 86, 87, 88, 89, 90, 91, 92, 93, 94, 95, 96, 97, 98, 99, 100, 101, 102, 103, 104, 105, 106, 107, 108, 109, 110, 111, 112, 113, 114, 115, 116, 117, 118], 1:[], 2:[], 3:[], 4:[], 5:[], 6:[], 7:[], 8:[], 9:[], 10:[], 11:[], 12:[], 13:[], 14:[], 15:[], 16:[], 17:[], 18:[], 19:[], 20:[], 21:[], 22:[], 23:[], 24:[], 25:[], 26:[], 27:[], 28:[], 29:[], 30:[], 31:[], 32:[], 33:[], 34:[], 35:[], 36:[], 37:[], 38:[], 39:[], 40:[], 41:[], 42:[], 43:[], 44:[], 45:[], 46:[], 47:[], 48:[], 49:[], 50:[], 51:[], 52:[], 53:[], 54:[], 55:[], 56:[], 57:[], 58:[], 59:[], 60:[], 61:[], 62:[], 63:[], 64:[], 65:[], 66:[], 67:[], 68:[], 69:[], 70:[], 71:[], 72:[], 73:[], 74:[], 75:[], 76:[], 77:[], 78:[], 79:[], 80:[], 81:[], 82:[], 83:[], 84:[], 85:[], 86:[], 87:[], 88:[], 89:[], 90:[], 91:[], 92:[], 93:[], 94:[], 95:[], 96:[], 97:[], 98:[], 99:[], 100:[], 101:[], 102:[], 103:[], 104:[], 105:[], 106:[], 107:[], 108:[], 109:[], 110:[], 111:[], 112:[], 113:[], 114:[], 115:[], 116:[], 117:[], 118:[]",20322498368,18890382306
2843,2,9631.8261,8046304,119848680,956084094,2550.7406,false,118,true,true,true,true,true,false,false,"0:[0, 1, 2, 3, 4, 5, 6, 7, 8, 9, 10, 11, 12, 13, 14, 15, 16, 17, 18, 19, 20, 21, 22, 23, 24, 25, 26, 27, 28, 29, 30, 31, 32, 33, 34, 35, 36, 37, 38, 39, 40, 41, 42, 43, 44, 45, 46, 47, 48, 49, 50, 51, 52, 53, 54, 55, 56, 57, 58, 59, 60, 61, 62, 63, 64, 65, 66, 67, 68, 69, 70, 71, 72, 73, 74, 75, 76, 77, 78, 79, 80, 81, 82, 83, 84, 85, 86, 87, 88, 89, 90, 91, 92, 93, 94, 95, 96, 97, 98, 99, 100, 101, 102, 103, 104, 105, 106, 107, 108, 109, 110, 111, 112, 113, 114, 115, 116, 117], 1:[], 2:[], 3:[], 4:[], 5:[], 6:[], 7:[], 8:[], 9:[], 10:[], 11:[], 12:[], 13:[], 14:[], 15:[], 16:[], 17:[], 18:[], 19:[], 20:[], 21:[], 22:[], 23:[], 24:[], 25:[], 26:[], 27:[], 28:[], 29:[], 30:[], 31:[], 32:[], 33:[], 34:[], 35:[], 36:[], 37:[], 38:[], 39:[], 40:[], 41:[], 42:[], 43:[], 44:[], 45:[], 46:[], 47:[], 48:[], 49:[], 50:[], 51:[], 52:[], 53:[], 54:[], 55:[], 56:[], 57:[], 58:[], 59:[], 60:[], 61:[], 62:[], 63:[], 64:[], 65:[], 66:[], 67:[], 68:[], 69:[], 70:[], 71:[], 72:[], 73:[], 74:[], 75:[], 76:[], 77:[], 78:[], 79:[], 80:[], 81:[], 82:[], 83:[], 84:[], 85:[], 86:[], 87:[], 88:[], 89:[], 90:[], 91:[], 92:[], 93:[], 94:[], 95:[], 96:[], 97:[], 98:[], 99:[], 100:[], 101:[], 102:[], 103:[], 104:[], 105:[], 106:[], 107:[], 108:[], 109:[], 110:[], 111:[], 112:[], 113:[], 114:[], 115:[], 116:[], 117:[]",20384206384,18980044376
2851,2,9150.7429,8114229,120862801,964181797,1929.6513,false,119,true,true,true,true,true,false,false,"0:[0, 1, 2, 3, 4, 5, 6, 7, 8, 9, 10, 11, 12, 13, 14, 15, 16, 17, 18, 19, 20, 21, 22, 23, 24, 25, 26, 27, 28, 29, 30, 31, 32, 33, 34, 35, 36, 37, 38, 39, 40, 41, 42, 43, 44, 45, 46, 47, 48, 49, 50, 51, 52, 53, 54, 55, 56, 57, 58, 59, 60, 61, 62, 63, 64, 65, 66, 67, 68, 69, 70, 71, 72, 73, 74, 75, 76, 77, 78, 79, 80, 81, 82, 83, 84, 85, 86, 87, 88, 89, 90, 91, 92, 93, 94, 95, 96, 97, 98, 99, 100, 101, 102, 103, 104, 105, 106, 107, 108, 109, 110, 111, 112, 113, 114, 115, 116, 117, 118], 1:[], 2:[], 3:[], 4:[], 5:[], 6:[], 7:[], 8:[], 9:[], 10:[], 11:[], 12:[], 13:[], 14:[], 15:[], 16:[], 17:[], 18:[], 19:[], 20:[], 21:[], 22:[], 23:[], 24:[], 25:[], 26:[], 27:[], 28:[], 29:[], 30:[], 31:[], 32:[], 33:[], 34:[], 35:[], 36:[], 37:[], 38:[], 39:[], 40:[], 41:[], 42:[], 43:[], 44:[], 45:[], 46:[], 47:[], 48:[], 49:[], 50:[], 51:[], 52:[], 53:[], 54:[], 55:[], 56:[], 57:[], 58:[], 59:[], 60:[], 61:[], 62:[], 63:[], 64:[], 65:[], 66:[], 67:[], 68:[], 69:[], 70:[], 71:[], 72:[], 73:[], 74:[], 75:[], 76:[], 77:[], 78:[], 79:[], 80:[], 81:[], 82:[], 83:[], 84:[], 85:[], 86:[], 87:[], 88:[], 89:[], 90:[], 91:[], 92:[], 93:[], 94:[], 95:[], 96:[], 97:[], 98:[], 99:[], 100:[], 101:[], 102:[], 103:[], 104:[], 105:[], 106:[], 107:[], 108:[], 109:[], 110:[], 111:[], 112:[], 113:[], 114:[], 115:[], 116:[], 117:[], 118:[]",20466966264,19100326477
2857,5,8935.9379,8165423,121627812,970293040,2048.4126,false,119,true,true,true,true,true,false,false,"0:[0, 1, 2, 3, 4, 5, 6, 7, 8, 9, 10, 11, 12, 13, 14, 15, 16, 17, 18, 19, 20, 21, 22, 23, 24, 25, 26, 27, 28, 29, 30, 31, 32, 33, 34, 35, 36, 37, 38, 39, 40, 41, 42, 43, 44, 45, 46, 47, 48, 49, 50, 51, 52, 53, 54, 55, 56, 57, 58, 59, 60, 61, 62, 63, 64, 65, 66, 67, 68, 69, 70, 71, 72, 73, 74, 75, 76, 77, 78, 79, 80, 81, 82, 83, 84, 85, 86, 87, 88, 89, 90, 91, 92, 93, 94, 95, 96, 97, 98, 99, 100, 101, 102, 103, 104, 105, 106, 107, 108, 109, 110, 111, 112, 113, 114, 115, 116, 117, 118], 1:[], 2:[], 3:[], 4:[], 5:[], 6:[], 7:[], 8:[], 9:[], 10:[], 11:[], 12:[], 13:[], 14:[], 15:[], 16:[], 17:[], 18:[], 19:[], 20:[], 21:[], 22:[], 23:[], 24:[], 25:[], 26:[], 27:[], 28:[], 29:[], 30:[], 31:[], 32:[], 33:[], 34:[], 35:[], 36:[], 37:[], 38:[], 39:[], 40:[], 41:[], 42:[], 43:[], 44:[], 45:[], 46:[], 47:[], 48:[], 49:[], 50:[], 51:[], 52:[], 53:[], 54:[], 55:[], 56:[], 57:[], 58:[], 59:[], 60:[], 61:[], 62:[], 63:[], 64:[], 65:[], 66:[], 67:[], 68:[], 69:[], 70:[], 71:[], 72:[], 73:[], 74:[], 75:[], 76:[], 77:[], 78:[], 79:[], 80:[], 81:[], 82:[], 83:[], 84:[], 85:[], 86:[], 87:[], 88:[], 89:[], 90:[], 91:[], 92:[], 93:[], 94:[], 95:[], 96:[], 97:[], 98:[], 99:[], 100:[], 101:[], 102:[], 103:[], 104:[], 105:[], 106:[], 107:[], 108:[], 109:[], 110:[], 111:[], 112:[], 113:[], 114:[], 115:[], 116:[], 117:[], 118:[]",20529395800,19191083820
2861,2,9468.8586,8199672,122139150,974376107,3028.1318,false,119,true,true,true,true,true,false,false,"0:[0, 1, 2, 3, 4, 5, 6, 7, 8, 9, 10, 11, 12, 13, 14, 15, 16, 17, 18, 19, 20, 21, 22, 23, 24, 25, 26, 27, 28, 29, 30, 31, 32, 33, 34, 35, 36, 37, 38, 39, 40, 41, 42, 43, 44, 45, 46, 47, 48, 49, 50, 51, 52, 53, 54, 55, 56, 57, 58, 59, 60, 61, 62, 63, 64, 65, 66, 67, 68, 69, 70, 71, 72, 73, 74, 75, 76, 77, 78, 79, 80, 81, 82, 83, 84, 85, 86, 87, 88, 89, 90, 91, 92, 93, 94, 95, 96, 97, 98, 99, 100, 101, 102, 103, 104, 105, 106, 107, 108, 109, 110, 111, 112, 113, 114, 115, 116, 117, 118], 1:[], 2:[], 3:[], 4:[], 5:[], 6:[], 7:[], 8:[], 9:[], 10:[], 11:[], 12:[], 13:[], 14:[], 15:[], 16:[], 17:[], 18:[], 19:[], 20:[], 21:[], 22:[], 23:[], 24:[], 25:[], 26:[], 27:[], 28:[], 29:[], 30:[], 31:[], 32:[], 33:[], 34:[], 35:[], 36:[], 37:[], 38:[], 39:[], 40:[], 41:[], 42:[], 43:[], 44:[], 45:[], 46:[], 47:[], 48:[], 49:[], 50:[], 51:[], 52:[], 53:[], 54:[], 55:[], 56:[], 57:[], 58:[], 59:[], 60:[], 61:[], 62:[], 63:[], 64:[], 65:[], 66:[], 67:[], 68:[], 69:[], 70:[], 71:[], 72:[], 73:[], 74:[], 75:[], 76:[], 77:[], 78:[], 79:[], 80:[], 81:[], 82:[], 83:[], 84:[], 85:[], 86:[], 87:[], 88:[], 89:[], 90:[], 91:[], 92:[], 93:[], 94:[], 95:[], 96:[], 97:[], 98:[], 99:[], 100:[], 101:[], 102:[], 103:[], 104:[], 105:[], 106:[], 107:[], 108:[], 109:[], 110:[], 111:[], 112:[], 113:[], 114:[], 115:[], 116:[], 117:[], 118:[]",20571124816,19251732022
2879,7,10036.9152,8354977,124457240,992883660,3165.9773,false,119,true,true,true,true,true,false,false,"0:[0, 1, 2, 3, 4, 5, 6, 7, 8, 9, 10, 11, 12, 13, 14, 15, 16, 17, 18, 19, 20, 21, 22, 23, 24, 25, 26, 27, 28, 29, 30, 31, 32, 33, 34, 35, 36, 37, 38, 39, 40, 41, 42, 43, 44, 45, 46, 47, 48, 49, 50, 51, 52, 53, 54, 55, 56, 57, 58, 59, 60, 61, 62, 63, 64, 65, 66, 67, 68, 69, 70, 71, 72, 73, 74, 75, 76, 77, 78, 79, 80, 81, 82, 83, 84, 85, 86, 87, 88, 89, 90, 91, 92, 93, 94, 95, 96, 97, 98, 99, 100, 101, 102, 103, 104, 105, 106, 107, 108, 109, 110, 111, 112, 113, 114, 115, 116, 117, 118], 1:[], 2:[], 3:[], 4:[], 5:[], 6:[], 7:[], 8:[], 9:[], 10:[], 11:[], 12:[], 13:[], 14:[], 15:[], 16:[], 17:[], 18:[], 19:[], 20:[], 21:[], 22:[], 23:[], 24:[], 25:[], 26:[], 27:[], 28:[], 29:[], 30:[], 31:[], 32:[], 33:[], 34:[], 35:[], 36:[], 37:[], 38:[], 39:[], 40:[], 41:[], 42:[], 43:[], 44:[], 45:[], 46:[], 47:[], 48:[], 49:[], 50:[], 51:[], 52:[], 53:[], 54:[], 55:[], 56:[], 57:[], 58:[], 59:[], 60:[], 61:[], 62:[], 63:[], 64:[], 65:[], 66:[], 67:[], 68:[], 69:[], 70:[], 71:[], 72:[], 73:[], 74:[], 75:[], 76:[], 77:[], 78:[], 79:[], 80:[], 81:[], 82:[], 83:[], 84:[], 85:[], 86:[], 87:[], 88:[], 89:[], 90:[], 91:[], 92:[], 93:[], 94:[], 95:[], 96:[], 97:[], 98:[], 99:[], 100:[], 101:[], 102:[], 103:[], 104:[], 105:[], 106:[], 107:[], 108:[], 109:[], 110:[], 111:[], 112:[], 113:[], 114:[], 115:[], 116:[], 117:[], 118:[]",20760299336,19526652480
2887,3,11281.1333,8424625,125497144,1001187399,3773.3459,false,121,true,true,true,true,true,false,false,"0:[0, 1, 2, 3, 4, 5, 6, 7, 8, 9, 10, 11, 12, 13, 14, 15, 16, 17, 18, 19, 20, 21, 22, 23, 24, 25, 26, 27, 28, 29, 30, 31, 32, 33, 34, 35, 36, 37, 38, 39, 40, 41, 42, 43, 44, 45, 46, 47, 48, 49, 50, 51, 52, 53, 54, 55, 56, 57, 58, 59, 60, 61, 62, 63, 64, 65, 66, 67, 68, 69, 70, 71, 72, 73, 74, 75, 76, 77, 78, 79, 80, 81, 82, 83, 84, 85, 86, 87, 88, 89, 90, 91, 92, 93, 94, 95, 96, 97, 98, 99, 100, 101, 102, 103, 104, 105, 106, 107, 108, 109, 110, 111, 112, 113, 114, 115, 116, 117, 118, 119, 120], 1:[], 2:[], 3:[], 4:[], 5:[], 6:[], 7:[], 8:[], 9:[], 10:[], 11:[], 12:[], 13:[], 14:[], 15:[], 16:[], 17:[], 18:[], 19:[], 20:[], 21:[], 22:[], 23:[], 24:[], 25:[], 26:[], 27:[], 28:[], 29:[], 30:[], 31:[], 32:[], 33:[], 34:[], 35:[], 36:[], 37:[], 38:[], 39:[], 40:[], 41:[], 42:[], 43:[], 44:[], 45:[], 46:[], 47:[], 48:[], 49:[], 50:[], 51:[], 52:[], 53:[], 54:[], 55:[], 56:[], 57:[], 58:[], 59:[], 60:[], 61:[], 62:[], 63:[], 64:[], 65:[], 66:[], 67:[], 68:[], 69:[], 70:[], 71:[], 72:[], 73:[], 74:[], 75:[], 76:[], 77:[], 78:[], 79:[], 80:[], 81:[], 82:[], 83:[], 84:[], 85:[], 86:[], 87:[], 88:[], 89:[], 90:[], 91:[], 92:[], 93:[], 94:[], 95:[], 96:[], 97:[], 98:[], 99:[], 100:[], 101:[], 102:[], 103:[], 104:[], 105:[], 106:[], 107:[], 108:[], 109:[], 110:[], 111:[], 112:[], 113:[], 114:[], 115:[], 116:[], 117:[], 118:[], 119:[], 120:[]",20845163208,19649992448
2897,3,9444.9128,8512229,126805902,1011641113,3061.0256,false,120,true,true,true,true,true,false,false,"0:[0, 1, 2, 3, 4, 5, 6, 7, 8, 9, 10, 11, 12, 13, 14, 15, 16, 17, 18, 19, 20, 21, 22, 23, 24, 25, 26, 27, 28, 29, 30, 31, 32, 33, 34, 35, 36, 37, 38, 39, 40, 41, 42, 43, 44, 45, 46, 47, 48, 49, 50, 51, 52, 53, 54, 55, 56, 57, 58, 59, 60, 61, 62, 63, 64, 65, 66, 67, 68, 69, 70, 71, 72, 73, 74, 75, 76, 77, 78, 79, 80, 81, 82, 83, 84, 85, 86, 87, 88, 89, 90, 91, 92, 93, 94, 95, 96, 97, 98, 99, 100, 101, 102, 103, 104, 105, 106, 107, 108, 109, 110, 111, 112, 113, 114, 115, 116, 117, 118, 119], 1:[], 2:[], 3:[], 4:[], 5:[], 6:[], 7:[], 8:[], 9:[], 10:[], 11:[], 12:[], 13:[], 14:[], 15:[], 16:[], 17:[], 18:[], 19:[], 20:[], 21:[], 22:[], 23:[], 24:[], 25:[], 26:[], 27:[], 28:[], 29:[], 30:[], 31:[], 32:[], 33:[], 34:[], 35:[], 36:[], 37:[], 38:[], 39:[], 40:[], 41:[], 42:[], 43:[], 44:[], 45:[], 46:[], 47:[], 48:[], 49:[], 50:[], 51:[], 52:[], 53:[], 54:[], 55:[], 56:[], 57:[], 58:[], 59:[], 60:[], 61:[], 62:[], 63:[], 64:[], 65:[], 66:[], 67:[], 68:[], 69:[], 70:[], 71:[], 72:[], 73:[], 74:[], 75:[], 76:[], 77:[], 78:[], 79:[], 80:[], 81:[], 82:[], 83:[], 84:[], 85:[], 86:[], 87:[], 88:[], 89:[], 90:[], 91:[], 92:[], 93:[], 94:[], 95:[], 96:[], 97:[], 98:[], 99:[], 100:[], 101:[], 102:[], 103:[], 104:[], 105:[], 106:[], 107:[], 108:[], 109:[], 110:[], 111:[], 112:[], 113:[], 114:[], 115:[], 116:[], 117:[], 118:[], 119:[]",20951966344,19805242702
2903,5,10682.2375,8565082,127594320,1017933839,3212.6328,false,121,true,true,true,true,true,false,false,"0:[0, 1, 2, 3, 4, 5, 6, 7, 8, 9, 10, 11, 12, 13, 14, 15, 16, 17, 18, 19, 20, 21, 22, 23, 24, 25, 26, 27, 28, 29, 30, 31, 32, 33, 34, 35, 36, 37, 38, 39, 40, 41, 42, 43, 44, 45, 46, 47, 48, 49, 50, 51, 52, 53, 54, 55, 56, 57, 58, 59, 60, 61, 62, 63, 64, 65, 66, 67, 68, 69, 70, 71, 72, 73, 74, 75, 76, 77, 78, 79, 80, 81, 82, 83, 84, 85, 86, 87, 88, 89, 90, 91, 92, 93, 94, 95, 96, 97, 98, 99, 100, 101, 102, 103, 104, 105, 106, 107, 108, 109, 110, 111, 112, 113, 114, 115, 116, 117, 118, 119, 120], 1:[], 2:[], 3:[], 4:[], 5:[], 6:[], 7:[], 8:[], 9:[], 10:[], 11:[], 12:[], 13:[], 14:[], 15:[], 16:[], 17:[], 18:[], 19:[], 20:[], 21:[], 22:[], 23:[], 24:[], 25:[], 26:[], 27:[], 28:[], 29:[], 30:[], 31:[], 32:[], 33:[], 34:[], 35:[], 36:[], 37:[], 38:[], 39:[], 40:[], 41:[], 42:[], 43:[], 44:[], 45:[], 46:[], 47:[], 48:[], 49:[], 50:[], 51:[], 52:[], 53:[], 54:[], 55:[], 56:[], 57:[], 58:[], 59:[], 60:[], 61:[], 62:[], 63:[], 64:[], 65:[], 66:[], 67:[], 68:[], 69:[], 70:[], 71:[], 72:[], 73:[], 74:[], 75:[], 76:[], 77:[], 78:[], 79:[], 80:[], 81:[], 82:[], 83:[], 84:[], 85:[], 86:[], 87:[], 88:[], 89:[], 90:[], 91:[], 92:[], 93:[], 94:[], 95:[], 96:[], 97:[], 98:[], 99:[], 100:[], 101:[], 102:[], 103:[], 104:[], 105:[], 106:[], 107:[], 108:[], 109:[], 110:[], 111:[], 112:[], 113:[], 114:[], 115:[], 116:[], 117:[], 118:[], 119:[], 120:[]",21016308256,19898732464
2909,2,9018.4726,8618154,128387492,1024270553,2591.3663,false,121,true,true,true,true,true,false,false,"0:[0, 1, 2, 3, 4, 5, 6, 7, 8, 9, 10, 11, 12, 13, 14, 15, 16, 17, 18, 19, 20, 21, 22, 23, 24, 25, 26, 27, 28, 29, 30, 31, 32, 33, 34, 35, 36, 37, 38, 39, 40, 41, 42, 43, 44, 45, 46, 47, 48, 49, 50, 51, 52, 53, 54, 55, 56, 57, 58, 59, 60, 61, 62, 63, 64, 65, 66, 67, 68, 69, 70, 71, 72, 73, 74, 75, 76, 77, 78, 79, 80, 81, 82, 83, 84, 85, 86, 87, 88, 89, 90, 91, 92, 93, 94, 95, 96, 97, 98, 99, 100, 101, 102, 103, 104, 105, 106, 107, 108, 109, 110, 111, 112, 113, 114, 115, 116, 117, 118, 119, 120], 1:[], 2:[], 3:[], 4:[], 5:[], 6:[], 7:[], 8:[], 9:[], 10:[], 11:[], 12:[], 13:[], 14:[], 15:[], 16:[], 17:[], 18:[], 19:[], 20:[], 21:[], 22:[], 23:[], 24:[], 25:[], 26:[], 27:[], 28:[], 29:[], 30:[], 31:[], 32:[], 33:[], 34:[], 35:[], 36:[], 37:[], 38:[], 39:[], 40:[], 41:[], 42:[], 43:[], 44:[], 45:[], 46:[], 47:[], 48:[], 49:[], 50:[], 51:[], 52:[], 53:[], 54:[], 55:[], 56:[], 57:[], 58:[], 59:[], 60:[], 61:[], 62:[], 63:[], 64:[], 65:[], 66:[], 67:[], 68:[], 69:[], 70:[], 71:[], 72:[], 73:[], 74:[], 75:[], 76:[], 77:[], 78:[], 79:[], 80:[], 81:[], 82:[], 83:[], 84:[], 85:[], 86:[], 87:[], 88:[], 89:[], 90:[], 91:[], 92:[], 93:[], 94:[], 95:[], 96:[], 97:[], 98:[], 99:[], 100:[], 101:[], 102:[], 103:[], 104:[], 105:[], 106:[], 107:[], 108:[], 109:[], 110:[], 111:[], 112:[], 113:[], 114:[], 115:[], 116:[], 117:[], 118:[], 119:[], 120:[]",21081035744,19992830836
2917,2,8983.7891,8689255,129449159,1032748393,2514.9423,false,122,true,true,true,true,true,false,false,"0:[0, 1, 2, 3, 4, 5, 6, 7, 8, 9, 10, 11, 12, 13, 14, 15, 16, 17, 18, 19, 20, 21, 22, 23, 24, 25, 26, 27, 28, 29, 30, 31, 32, 33, 34, 35, 36, 37, 38, 39, 40, 41, 42, 43, 44, 45, 46, 47, 48, 49, 50, 51, 52, 53, 54, 55, 56, 57, 58, 59, 60, 61, 62, 63, 64, 65, 66, 67, 68, 69, 70, 71, 72, 73, 74, 75, 76, 77, 78, 79, 80, 81, 82, 83, 84, 85, 86, 87, 88, 89, 90, 91, 92, 93, 94, 95, 96, 97, 98, 99, 100, 101, 102, 103, 104, 105, 106, 107, 108, 109, 110, 111, 112, 113, 114, 115, 116, 117, 118, 119, 120, 121], 1:[], 2:[], 3:[], 4:[], 5:[], 6:[], 7:[], 8:[], 9:[], 10:[], 11:[], 12:[], 13:[], 14:[], 15:[], 16:[], 17:[], 18:[], 19:[], 20:[], 21:[], 22:[], 23:[], 24:[], 25:[], 26:[], 27:[], 28:[], 29:[], 30:[], 31:[], 32:[], 33:[], 34:[], 35:[], 36:[], 37:[], 38:[], 39:[], 40:[], 41:[], 42:[], 43:[], 44:[], 45:[], 46:[], 47:[], 48:[], 49:[], 50:[], 51:[], 52:[], 53:[], 54:[], 55:[], 56:[], 57:[], 58:[], 59:[], 60:[], 61:[], 62:[], 63:[], 64:[], 65:[], 66:[], 67:[], 68:[], 69:[], 70:[], 71:[], 72:[], 73:[], 74:[], 75:[], 76:[], 77:[], 78:[], 79:[], 80:[], 81:[], 82:[], 83:[], 84:[], 85:[], 86:[], 87:[], 88:[], 89:[], 90:[], 91:[], 92:[], 93:[], 94:[], 95:[], 96:[], 97:[], 98:[], 99:[], 100:[], 101:[], 102:[], 103:[], 104:[], 105:[], 106:[], 107:[], 108:[], 109:[], 110:[], 111:[], 112:[], 113:[], 114:[], 115:[], 116:[], 117:[], 118:[], 119:[], 120:[], 121:[]",21167675528,20118752011
2927,5,10691.1444,8778681,130783720,1043402445,3897.5455,false,122,true,true,true,true,true,false,false,"0:[0, 1, 2, 3, 4, 5, 6, 7, 8, 9, 10, 11, 12, 13, 14, 15, 16, 17, 18, 19, 20, 21, 22, 23, 24, 25, 26, 27, 28, 29, 30, 31, 32, 33, 34, 35, 36, 37, 38, 39, 40, 41, 42, 43, 44, 45, 46, 47, 48, 49, 50, 51, 52, 53, 54, 55, 56, 57, 58, 59, 60, 61, 62, 63, 64, 65, 66, 67, 68, 69, 70, 71, 72, 73, 74, 75, 76, 77, 78, 79, 80, 81, 82, 83, 84, 85, 86, 87, 88, 89, 90, 91, 92, 93, 94, 95, 96, 97, 98, 99, 100, 101, 102, 103, 104, 105, 106, 107, 108, 109, 110, 111, 112, 113, 114, 115, 116, 117, 118, 119, 120, 121], 1:[], 2:[], 3:[], 4:[], 5:[], 6:[], 7:[], 8:[], 9:[], 10:[], 11:[], 12:[], 13:[], 14:[], 15:[], 16:[], 17:[], 18:[], 19:[], 20:[], 21:[], 22:[], 23:[], 24:[], 25:[], 26:[], 27:[], 28:[], 29:[], 30:[], 31:[], 32:[], 33:[], 34:[], 35:[], 36:[], 37:[], 38:[], 39:[], 40:[], 41:[], 42:[], 43:[], 44:[], 45:[], 46:[], 47:[], 48:[], 49:[], 50:[], 51:[], 52:[], 53:[], 54:[], 55:[], 56:[], 57:[], 58:[], 59:[], 60:[], 61:[], 62:[], 63:[], 64:[], 65:[], 66:[], 67:[], 68:[], 69:[], 70:[], 71:[], 72:[], 73:[], 74:[], 75:[], 76:[], 77:[], 78:[], 79:[], 80:[], 81:[], 82:[], 83:[], 84:[], 85:[], 86:[], 87:[], 88:[], 89:[], 90:[], 91:[], 92:[], 93:[], 94:[], 95:[], 96:[], 97:[], 98:[], 99:[], 100:[], 101:[], 102:[], 103:[], 104:[], 105:[], 106:[], 107:[], 108:[], 109:[], 110:[], 111:[], 112:[], 113:[], 114:[], 115:[], 116:[], 117:[], 118:[], 119:[], 120:[], 121:[]",21276586632,20277018192
2939,2,11583.2946,8886800,132398063,1056293103,3931.2485,false,123,true,true,true,true,true,false,false,"0:[0, 1, 2, 3, 4, 5, 6, 7, 8, 9, 10, 11, 12, 13, 14, 15, 16, 17, 18, 19, 20, 21, 22, 23, 24, 25, 26, 27, 28, 29, 30, 31, 32, 33, 34, 35, 36, 37, 38, 39, 40, 41, 42, 43, 44, 45, 46, 47, 48, 49, 50, 51, 52, 53, 54, 55, 56, 57, 58, 59, 60, 61, 62, 63, 64, 65, 66, 67, 68, 69, 70, 71, 72, 73, 74, 75, 76, 77, 78, 79, 80, 81, 82, 83, 84, 85, 86, 87, 88, 89, 90, 91, 92, 93, 94, 95, 96, 97, 98, 99, 100, 101, 102, 103, 104, 105, 106, 107, 108, 109, 110, 111, 112, 113, 114, 115, 116, 117, 118, 119, 120, 121, 122], 1:[], 2:[], 3:[], 4:[], 5:[], 6:[], 7:[], 8:[], 9:[], 10:[], 11:[], 12:[], 13:[], 14:[], 15:[], 16:[], 17:[], 18:[], 19:[], 20:[], 21:[], 22:[], 23:[], 24:[], 25:[], 26:[], 27:[], 28:[], 29:[], 30:[], 31:[], 32:[], 33:[], 34:[], 35:[], 36:[], 37:[], 38:[], 39:[], 40:[], 41:[], 42:[], 43:[], 44:[], 45:[], 46:[], 47:[], 48:[], 49:[], 50:[], 51:[], 52:[], 53:[], 54:[], 55:[], 56:[], 57:[], 58:[], 59:[], 60:[], 61:[], 62:[], 63:[], 64:[], 65:[], 66:[], 67:[], 68:[], 69:[], 70:[], 71:[], 72:[], 73:[], 74:[], 75:[], 76:[], 77:[], 78:[], 79:[], 80:[], 81:[], 82:[], 83:[], 84:[], 85:[], 86:[], 87:[], 88:[], 89:[], 90:[], 91:[], 92:[], 93:[], 94:[], 95:[], 96:[], 97:[], 98:[], 99:[], 100:[], 101:[], 102:[], 103:[], 104:[], 105:[], 106:[], 107:[], 108:[], 109:[], 110:[], 111:[], 112:[], 113:[], 114:[], 115:[], 116:[], 117:[], 118:[], 119:[], 120:[], 121:[], 122:[]",21408328928,20468489323
2953,5,11291.0129,9014055,134299108,1071477448,4062.4902,false,123,true,true,true,true,true,false,false,"0:[0, 1, 2, 3, 4, 5, 6, 7, 8, 9, 10, 11, 12, 13, 14, 15, 16, 17, 18, 19, 20, 21, 22, 23, 24, 25, 26, 27, 28, 29, 30, 31, 32, 33, 34, 35, 36, 37, 38, 39, 40, 41, 42, 43, 44, 45, 46, 47, 48, 49, 50, 51, 52, 53, 54, 55, 56, 57, 58, 59, 60, 61, 62, 63, 64, 65, 66, 67, 68, 69, 70, 71, 72, 73, 74, 75, 76, 77, 78, 79, 80, 81, 82, 83, 84, 85, 86, 87, 88, 89, 90, 91, 92, 93, 94, 95, 96, 97, 98, 99, 100, 101, 102, 103, 104, 105, 106, 107, 108, 109, 110, 111, 112, 113, 114, 115, 116, 117, 118, 119, 120, 121, 122], 1:[], 2:[], 3:[], 4:[], 5:[], 6:[], 7:[], 8:[], 9:[], 10:[], 11:[], 12:[], 13:[], 14:[], 15:[], 16:[], 17:[], 18:[], 19:[], 20:[], 21:[], 22:[], 23:[], 24:[], 25:[], 26:[], 27:[], 28:[], 29:[], 30:[], 31:[], 32:[], 33:[], 34:[], 35:[], 36:[], 37:[], 38:[], 39:[], 40:[], 41:[], 42:[], 43:[], 44:[], 45:[], 46:[], 47:[], 48:[], 49:[], 50:[], 51:[], 52:[], 53:[], 54:[], 55:[], 56:[], 57:[], 58:[], 59:[], 60:[], 61:[], 62:[], 63:[], 64:[], 65:[], 66:[], 67:[], 68:[], 69:[], 70:[], 71:[], 72:[], 73:[], 74:[], 75:[], 76:[], 77:[], 78:[], 79:[], 80:[], 81:[], 82:[], 83:[], 84:[], 85:[], 86:[], 87:[], 88:[], 89:[], 90:[], 91:[], 92:[], 93:[], 94:[], 95:[], 96:[], 97:[], 98:[], 99:[], 100:[], 101:[], 102:[], 103:[], 104:[], 105:[], 106:[], 107:[], 108:[], 109:[], 110:[], 111:[], 112:[], 113:[], 114:[], 115:[], 116:[], 117:[], 118:[], 119:[], 120:[], 121:[], 122:[]",21563466648,22841473996
2957,2,11057.3716,9050636,134845355,1075839500,3906.5731,false,124,true,true,true,true,true,false,false,"0:[0, 1, 2, 3, 4, 5, 6, 7, 8, 9, 10, 11, 12, 13, 14, 15, 16, 17, 18, 19, 20, 21, 22, 23, 24, 25, 26, 27, 28, 29, 30, 31, 32, 33, 34, 35, 36, 37, 38, 39, 40, 41, 42, 43, 44, 45, 46, 47, 48, 49, 50, 51, 52, 53, 54, 55, 56, 57, 58, 59, 60, 61, 62, 63, 64, 65, 66, 67, 68, 69, 70, 71, 72, 73, 74, 75, 76, 77, 78, 79, 80, 81, 82, 83, 84, 85, 86, 87, 88, 89, 90, 91, 92, 93, 94, 95, 96, 97, 98, 99, 100, 101, 102, 103, 104, 105, 106, 107, 108, 109, 110, 111, 112, 113, 114, 115, 116, 117, 118, 119, 120, 121, 122, 123], 1:[], 2:[], 3:[], 4:[], 5:[], 6:[], 7:[], 8:[], 9:[], 10:[], 11:[], 12:[], 13:[], 14:[], 15:[], 16:[], 17:[], 18:[], 19:[], 20:[], 21:[], 22:[], 23:[], 24:[], 25:[], 26:[], 27:[], 28:[], 29:[], 30:[], 31:[], 32:[], 33:[], 34:[], 35:[], 36:[], 37:[], 38:[], 39:[], 40:[], 41:[], 42:[], 43:[], 44:[], 45:[], 46:[], 47:[], 48:[], 49:[], 50:[], 51:[], 52:[], 53:[], 54:[], 55:[], 56:[], 57:[], 58:[], 59:[], 60:[], 61:[], 62:[], 63:[], 64:[], 65:[], 66:[], 67:[], 68:[], 69:[], 70:[], 71:[], 72:[], 73:[], 74:[], 75:[], 76:[], 77:[], 78:[], 79:[], 80:[], 81:[], 82:[], 83:[], 84:[], 85:[], 86:[], 87:[], 88:[], 89:[], 90:[], 91:[], 92:[], 93:[], 94:[], 95:[], 96:[], 97:[], 98:[], 99:[], 100:[], 101:[], 102:[], 103:[], 104:[], 105:[], 106:[], 107:[], 108:[], 109:[], 110:[], 111:[], 112:[], 113:[], 114:[], 115:[], 116:[], 117:[], 118:[], 119:[], 120:[], 121:[], 122:[], 123:[]",21608044352,22906262839
2963,2,10703.3218,9105692,135666760,1082396028,4566.0668,false,123,true,true,true,true,true,false,false,"0:[0, 1, 2, 3, 4, 5, 6, 7, 8, 9, 10, 11, 12, 13, 14, 15, 16, 17, 18, 19, 20, 21, 22, 23, 24, 25, 26, 27, 28, 29, 30, 31, 32, 33, 34, 35, 36, 37, 38, 39, 40, 41, 42, 43, 44, 45, 46, 47, 48, 49, 50, 51, 52, 53, 54, 55, 56, 57, 58, 59, 60, 61, 62, 63, 64, 65, 66, 67, 68, 69, 70, 71, 72, 73, 74, 75, 76, 77, 78, 79, 80, 81, 82, 83, 84, 85, 86, 87, 88, 89, 90, 91, 92, 93, 94, 95, 96, 97, 98, 99, 100, 101, 102, 103, 104, 105, 106, 107, 108, 109, 110, 111, 112, 113, 114, 115, 116, 117, 118, 119, 120, 121, 122], 1:[], 2:[], 3:[], 4:[], 5:[], 6:[], 7:[], 8:[], 9:[], 10:[], 11:[], 12:[], 13:[], 14:[], 15:[], 16:[], 17:[], 18:[], 19:[], 20:[], 21:[], 22:[], 23:[], 24:[], 25:[], 26:[], 27:[], 28:[], 29:[], 30:[], 31:[], 32:[], 33:[], 34:[], 35:[], 36:[], 37:[], 38:[], 39:[], 40:[], 41:[], 42:[], 43:[], 44:[], 45:[], 46:[], 47:[], 48:[], 49:[], 50:[], 51:[], 52:[], 53:[], 54:[], 55:[], 56:[], 57:[], 58:[], 59:[], 60:[], 61:[], 62:[], 63:[], 64:[], 65:[], 66:[], 67:[], 68:[], 69:[], 70:[], 71:[], 72:[], 73:[], 74:[], 75:[], 76:[], 77:[], 78:[], 79:[], 80:[], 81:[], 82:[], 83:[], 84:[], 85:[], 86:[], 87:[], 88:[], 89:[], 90:[], 91:[], 92:[], 93:[], 94:[], 95:[], 96:[], 97:[], 98:[], 99:[], 100:[], 101:[], 102:[], 103:[], 104:[], 105:[], 106:[], 107:[], 108:[], 109:[], 110:[], 111:[], 112:[], 113:[], 114:[], 115:[], 116:[], 117:[], 118:[], 119:[], 120:[], 121:[], 122:[]",21675078096,23003664664
2969,3,12440.6441,9160972,136492952,1088996435,4345.6442,false,124,true,true,true,true,true,false,false,"0:[0, 1, 2, 3, 4, 5, 6, 7, 8, 9, 10, 11, 12, 13, 14, 15, 16, 17, 18, 19, 20, 21, 22, 23, 24, 25, 26, 27, 28, 29, 30, 31, 32, 33, 34, 35, 36, 37, 38, 39, 40, 41, 42, 43, 44, 45, 46, 47, 48, 49, 50, 51, 52, 53, 54, 55, 56, 57, 58, 59, 60, 61, 62, 63, 64, 65, 66, 67, 68, 69, 70, 71, 72, 73, 74, 75, 76, 77, 78, 79, 80, 81, 82, 83, 84, 85, 86, 87, 88, 89, 90, 91, 92, 93, 94, 95, 96, 97, 98, 99, 100, 101, 102, 103, 104, 105, 106, 107, 108, 109, 110, 111, 112, 113, 114, 115, 116, 117, 118, 119, 120, 121, 122, 123], 1:[], 2:[], 3:[], 4:[], 5:[], 6:[], 7:[], 8:[], 9:[], 10:[], 11:[], 12:[], 13:[], 14:[], 15:[], 16:[], 17:[], 18:[], 19:[], 20:[], 21:[], 22:[], 23:[], 24:[], 25:[], 26:[], 27:[], 28:[], 29:[], 30:[], 31:[], 32:[], 33:[], 34:[], 35:[], 36:[], 37:[], 38:[], 39:[], 40:[], 41:[], 42:[], 43:[], 44:[], 45:[], 46:[], 47:[], 48:[], 49:[], 50:[], 51:[], 52:[], 53:[], 54:[], 55:[], 56:[], 57:[], 58:[], 59:[], 60:[], 61:[], 62:[], 63:[], 64:[], 65:[], 66:[], 67:[], 68:[], 69:[], 70:[], 71:[], 72:[], 73:[], 74:[], 75:[], 76:[], 77:[], 78:[], 79:[], 80:[], 81:[], 82:[], 83:[], 84:[], 85:[], 86:[], 87:[], 88:[], 89:[], 90:[], 91:[], 92:[], 93:[], 94:[], 95:[], 96:[], 97:[], 98:[], 99:[], 100:[], 101:[], 102:[], 103:[], 104:[], 105:[], 106:[], 107:[], 108:[], 109:[], 110:[], 111:[], 112:[], 113:[], 114:[], 115:[], 116:[], 117:[], 118:[], 119:[], 120:[], 121:[], 122:[], 123:[]",22480697680,23101678920
2971,2,11244.8791,9179447,136768108,1091190761,3599.7700,false,124,true,true,true,true,true,false,false,"0:[0, 1, 2, 3, 4, 5, 6, 7, 8, 9, 10, 11, 12, 13, 14, 15, 16, 17, 18, 19, 20, 21, 22, 23, 24, 25, 26, 27, 28, 29, 30, 31, 32, 33, 34, 35, 36, 37, 38, 39, 40, 41, 42, 43, 44, 45, 46, 47, 48, 49, 50, 51, 52, 53, 54, 55, 56, 57, 58, 59, 60, 61, 62, 63, 64, 65, 66, 67, 68, 69, 70, 71, 72, 73, 74, 75, 76, 77, 78, 79, 80, 81, 82, 83, 84, 85, 86, 87, 88, 89, 90, 91, 92, 93, 94, 95, 96, 97, 98, 99, 100, 101, 102, 103, 104, 105, 106, 107, 108, 109, 110, 111, 112, 113, 114, 115, 116, 117, 118, 119, 120, 121, 122, 123], 1:[], 2:[], 3:[], 4:[], 5:[], 6:[], 7:[], 8:[], 9:[], 10:[], 11:[], 12:[], 13:[], 14:[], 15:[], 16:[], 17:[], 18:[], 19:[], 20:[], 21:[], 22:[], 23:[], 24:[], 25:[], 26:[], 27:[], 28:[], 29:[], 30:[], 31:[], 32:[], 33:[], 34:[], 35:[], 36:[], 37:[], 38:[], 39:[], 40:[], 41:[], 42:[], 43:[], 44:[], 45:[], 46:[], 47:[], 48:[], 49:[], 50:[], 51:[], 52:[], 53:[], 54:[], 55:[], 56:[], 57:[], 58:[], 59:[], 60:[], 61:[], 62:[], 63:[], 64:[], 65:[], 66:[], 67:[], 68:[], 69:[], 70:[], 71:[], 72:[], 73:[], 74:[], 75:[], 76:[], 77:[], 78:[], 79:[], 80:[], 81:[], 82:[], 83:[], 84:[], 85:[], 86:[], 87:[], 88:[], 89:[], 90:[], 91:[], 92:[], 93:[], 94:[], 95:[], 96:[], 97:[], 98:[], 99:[], 100:[], 101:[], 102:[], 103:[], 104:[], 105:[], 106:[], 107:[], 108:[], 109:[], 110:[], 111:[], 112:[], 113:[], 114:[], 115:[], 116:[], 117:[], 118:[], 119:[], 120:[], 121:[], 122:[], 123:[]"
2999,17,11620.9074,9440726,140669789,1122348195,3396.2349,false,124,true,true,true,true,true,false,false,"0:[0, 1, 2, 3, 4, 5, 6, 7, 8, 9, 10, 11, 12, 13, 14, 15, 16, 17, 18, 19, 20, 21, 22, 23, 24, 25, 26, 27, 28, 29, 30, 31, 32, 33, 34, 35, 36, 37, 38, 39, 40, 41, 42, 43, 44, 45, 46, 47, 48, 49, 50, 51, 52, 53, 54, 55, 56, 57, 58, 59, 60, 61, 62, 63, 64, 65, 66, 67, 68, 69, 70, 71, 72, 73, 74, 75, 76, 77, 78, 79, 80, 81, 82, 83, 84, 85, 86, 87, 88, 89, 90, 91, 92, 93, 94, 95, 96, 97, 98, 99, 100, 101, 102, 103, 104, 105, 106, 107, 108, 109, 110, 111, 112, 113, 114, 115, 116, 117, 118, 119, 120, 121, 122, 123], 1:[], 2:[], 3:[], 4:[], 5:[], 6:[], 7:[], 8:[], 9:[], 10:[], 11:[], 12:[], 13:[], 14:[], 15:[], 16:[], 17:[], 18:[], 19:[], 20:[], 21:[], 22:[], 23:[], 24:[], 25:[], 26:[], 27:[], 28:[], 29:[], 30:[], 31:[], 32:[], 33:[], 34:[], 35:[], 36:[], 37:[], 38:[], 39:[], 40:[], 41:[], 42:[], 43:[], 44:[], 45:[], 46:[], 47:[], 48:[], 49:[], 50:[], 51:[], 52:[], 53:[], 54:[], 55:[], 56:[], 57:[], 58:[], 59:[], 60:[], 61:[], 62:[], 63:[], 64:[], 65:[], 66:[], 67:[], 68:[], 69:[], 70:[], 71:[], 72:[], 73:[], 74:[], 75:[], 76:[], 77:[], 78:[], 79:[], 80:[], 81:[], 82:[], 83:[], 84:[], 85:[], 86:[], 87:[], 88:[], 89:[], 90:[], 91:[], 92:[], 93:[], 94:[], 95:[], 96:[], 97:[], 98:[], 99:[], 100:[], 101:[], 102:[], 103:[], 104:[], 105:[], 106:[], 107:[], 108:[], 109:[], 110:[], 111:[], 112:[], 113:[], 114:[], 115:[], 116:[], 117:[], 118:[], 119:[], 120:[], 121:[], 122:[], 123:[]"
3001,7,11178.4213,9459575,140952100,1124606038,3309.2759,false,126,true,true,true,true,true,false,false,"0:[0, 1, 2, 3, 4, 5, 6, 7, 8, 9, 10, 11, 12, 13, 14, 15, 16, 17, 18, 19, 20, 21, 22, 23, 24, 25, 26, 27, 28, 29, 30, 31, 32, 33, 34, 35, 36, 37, 38, 39, 40, 41, 42, 43, 44, 45, 46, 47, 48, 49, 50, 51, 52, 53, 54, 55, 56, 57, 58, 59, 60, 61, 62, 63, 64, 65, 66, 67, 68, 69, 70, 71, 72, 73, 74, 75, 76, 77, 78, 79, 80, 81, 82, 83, 84, 85, 86, 87, 88, 89, 90, 91, 92, 93, 94, 95, 96, 97, 98, 99, 100, 101, 102, 103, 104, 105, 106, 107, 108, 109, 110, 111, 112, 113, 114, 115, 116, 117, 118, 119, 120, 121, 122, 123, 124, 125], 1:[], 2:[], 3:[], 4:[], 5:[], 6:[], 7:[], 8:[], 9:[], 10:[], 11:[], 12:[], 13:[], 14:[], 15:[], 16:[], 17:[], 18:[], 19:[], 20:[], 21:[], 22:[], 23:[], 24:[], 25:[], 26:[], 27:[], 28:[], 29:[], 30:[], 31:[], 32:[], 33:[], 34:[], 35:[], 36:[], 37:[], 38:[], 39:[], 40:[], 41:[], 42:[], 43:[], 44:[], 45:[], 46:[], 47:[], 48:[], 49:[], 50:[], 51:[], 52:[], 53:[], 54:[], 55:[], 56:[], 57:[], 58:[], 59:[], 60:[], 61:[], 62:[], 63:[], 64:[], 65:[], 66:[], 67:[], 68:[], 69:[], 70:[], 71:[], 72:[], 73:[], 74:[], 75:[], 76:[], 77:[], 78:[], 79:[], 80:[], 81:[], 82:[], 83:[], 84:[], 85:[], 86:[], 87:[], 88:[], 89:[], 90:[], 91:[], 92:[], 93:[], 94:[], 95:[], 96:[], 97:[], 98:[], 99:[], 100:[], 101:[], 102:[], 103:[], 104:[], 105:[], 106:[], 107:[], 108:[], 109:[], 110:[], 111:[], 112:[], 113:[], 114:[], 115:[], 116:[], 117:[], 118:[], 119:[], 120:[], 121:[], 122:[], 123:[], 124:[], 125:[]"
3011,2,10234.6460,9554202,142364438,1135881397,3627.3297,false,126,true,true,true,true,true,false,false,"0:[0, 1, 2, 3, 4, 5, 6, 7, 8, 9, 10, 11, 12, 13, 14, 15, 16, 17, 18, 19, 20, 21, 22, 23, 24, 25, 26, 27, 28, 29, 30, 31, 32, 33, 34, 35, 36, 37, 38, 39, 40, 41, 42, 43, 44, 45, 46, 47, 48, 49, 50, 51, 52, 53, 54, 55, 56, 57, 58, 59, 60, 61, 62, 63, 64, 65, 66, 67, 68, 69, 70, 71, 72, 73, 74, 75, 76, 77, 78, 79, 80, 81, 82, 83, 84, 85, 86, 87, 88, 89, 90, 91, 92, 93, 94, 95, 96, 97, 98, 99, 100, 101, 102, 103, 104, 105, 106, 107, 108, 109, 110, 111, 112, 113, 114, 115, 116, 117, 118, 119, 120, 121, 122, 123, 124, 125], 1:[], 2:[], 3:[], 4:[], 5:[], 6:[], 7:[], 8:[], 9:[], 10:[], 11:[], 12:[], 13:[], 14:[], 15:[], 16:[], 17:[], 18:[], 19:[], 20:[], 21:[], 22:[], 23:[], 24:[], 25:[], 26:[], 27:[], 28:[], 29:[], 30:[], 31:[], 32:[], 33:[], 34:[], 35:[], 36:[], 37:[], 38:[], 39:[], 40:[], 41:[], 42:[], 43:[], 44:[], 45:[], 46:[], 47:[], 48:[], 49:[], 50:[], 51:[], 52:[], 53:[], 54:[], 55:[], 56:[], 57:[], 58:[], 59:[], 60:[], 61:[], 62:[], 63:[], 64:[], 65:[], 66:[], 67:[], 68:[], 69:[], 70:[], 71:[], 72:[], 73:[], 74:[], 75:[], 76:[], 77:[], 78:[], 79:[], 80:[], 81:[], 82:[], 83:[], 84:[], 85:[], 86:[], 87:[], 88:[], 89:[], 90:[], 91:[], 92:[], 93:[], 94:[], 95:[], 96:[], 97:[], 98:[], 99:[], 100:[], 101:[], 102:[], 103:[], 104:[], 105:[], 106:[], 107:[], 108:[], 109:[], 110:[], 111:[], 112:[], 113:[], 114:[], 115:[], 116:[], 117:[], 118:[], 119:[], 120:[], 121:[], 122:[], 123:[], 124:[], 125:[]"
3019,2,10318.3625,9630357,143501735,1144963748,3689.2793,false,126,true,true,true,true,true,false,false,"0:[0, 1, 2, 3, 4, 5, 6, 7, 8, 9, 10, 11, 12, 13, 14, 15, 16, 17, 18, 19, 20, 21, 22, 23, 24, 25, 26, 27, 28, 29, 30, 31, 32, 33, 34, 35, 36, 37, 38, 39, 40, 41, 42, 43, 44, 45, 46, 47, 48, 49, 50, 51, 52, 53, 54, 55, 56, 57, 58, 59, 60, 61, 62, 63, 64, 65, 66, 67, 68, 69, 70, 71, 72, 73, 74, 75, 76, 77, 78, 79, 80, 81, 82, 83, 84, 85, 86, 87, 88, 89, 90, 91, 92, 93, 94, 95, 96, 97, 98, 99, 100, 101, 102, 103, 104, 105, 106, 107, 108, 109, 110, 111, 112, 113, 114, 115, 116, 117, 118, 119, 120, 121, 122, 123, 124, 125], 1:[], 2:[], 3:[], 4:[], 5:[], 6:[], 7:[], 8:[], 9:[], 10:[], 11:[], 12:[], 13:[], 14:[], 15:[], 16:[], 17:[], 18:[], 19:[], 20:[], 21:[], 22:[], 23:[], 24:[], 25:[], 26:[], 27:[], 28:[], 29:[], 30:[], 31:[], 32:[], 33:[], 34:[], 35:[], 36:[], 37:[], 38:[], 39:[], 40:[], 41:[], 42:[], 43:[], 44:[], 45:[], 46:[], 47:[], 48:[], 49:[], 50:[], 51:[], 52:[], 53:[], 54:[], 55:[], 56:[], 57:[], 58:[], 59:[], 60:[], 61:[], 62:[], 63:[], 64:[], 65:[], 66:[], 67:[], 68:[], 69:[], 70:[], 71:[], 72:[], 73:[], 74:[], 75:[], 76:[], 77:[], 78:[], 79:[], 80:[], 81:[], 82:[], 83:[], 84:[], 85:[], 86:[], 87:[], 88:[], 89:[], 90:[], 91:[], 92:[], 93:[], 94:[], 95:[], 96:[], 97:[], 98:[], 99:[], 100:[], 101:[], 102:[], 103:[], 104:[], 105:[], 106:[], 107:[], 108:[], 109:[], 110:[], 111:[], 112:[], 113:[], 114:[], 115:[], 116:[], 117:[], 118:[], 119:[], 120:[], 121:[], 122:[], 123:[], 124:[], 125:[]"
3023,5,10933.2286,9668585,144072621,1149522710,3274.8173,false,126,true,true,true,true,true,false,false,"0:[0, 1, 2, 3, 4, 5, 6, 7, 8, 9, 10, 11, 12, 13, 14, 15, 16, 17, 18, 19, 20, 21, 22, 23, 24, 25, 26, 27, 28, 29, 30, 31, 32, 33, 34, 35, 36, 37, 38, 39, 40, 41, 42, 43, 44, 45, 46, 47, 48, 49, 50, 51, 52, 53, 54, 55, 56, 57, 58, 59, 60, 61, 62, 63, 64, 65, 66, 67, 68, 69, 70, 71, 72, 73, 74, 75, 76, 77, 78, 79, 80, 81, 82, 83, 84, 85, 86, 87, 88, 89, 90, 91, 92, 93, 94, 95, 96, 97, 98, 99, 100, 101, 102, 103, 104, 105, 106, 107, 108, 109, 110, 111, 112, 113, 114, 115, 116, 117, 118, 119, 120, 121, 122, 123, 124, 125], 1:[], 2:[], 3:[], 4:[], 5:[], 6:[], 7:[], 8:[], 9:[], 10:[], 11:[], 12:[], 13:[], 14:[], 15:[], 16:[], 17:[], 18:[], 19:[], 20:[], 21:[], 22:[], 23:[], 24:[], 25:[], 26:[], 27:[], 28:[], 29:[], 30:[], 31:[], 32:[], 33:[], 34:[], 35:[], 36:[], 37:[], 38:[], 39:[], 40:[], 41:[], 42:[], 43:[], 44:[], 45:[], 46:[], 47:[], 48:[], 49:[], 50:[], 51:[], 52:[], 53:[], 54:[], 55:[], 56:[], 57:[], 58:[], 59:[], 60:[], 61:[], 62:[], 63:[], 64:[], 65:[], 66:[], 67:[], 68:[], 69:[], 70:[], 71:[], 72:[], 73:[], 74:[], 75:[], 76:[], 77:[], 78:[], 79:[], 80:[], 81:[], 82:[], 83:[], 84:[], 85:[], 86:[], 87:[], 88:[], 89:[], 90:[], 91:[], 92:[], 93:[], 94:[], 95:[], 96:[], 97:[], 98:[], 99:[], 100:[], 101:[], 102:[], 103:[], 104:[], 105:[], 106:[], 107:[], 108:[], 109:[], 110:[], 111:[], 112:[], 113:[], 114:[], 115:[], 116:[], 117:[], 118:[], 119:[], 120:[], 121:[], 122:[], 123:[], 124:[], 125:[]",23099253912,24000657305
3037,2,11876.3482,9803181,146083497,1165584657,3786.7481,false,127,true,true,true,true,true,false,false,"0:[0, 1, 2, 3, 4, 5, 6, 7, 8, 9, 10, 11, 12, 13, 14, 15, 16, 17, 18, 19, 20, 21, 22, 23, 24, 25, 26, 27, 28, 29, 30, 31, 32, 33, 34, 35, 36, 37, 38, 39, 40, 41, 42, 43, 44, 45, 46, 47, 48, 49, 50, 51, 52, 53, 54, 55, 56, 57, 58, 59, 60, 61, 62, 63, 64, 65, 66, 67, 68, 69, 70, 71, 72, 73, 74, 75, 76, 77, 78, 79, 80, 81, 82, 83, 84, 85, 86, 87, 88, 89, 90, 91, 92, 93, 94, 95, 96, 97, 98, 99, 100, 101, 102, 103, 104, 105, 106, 107, 108, 109, 110, 111, 112, 113, 114, 115, 116, 117, 118, 119, 120, 121, 122, 123, 124, 125, 126], 1:[], 2:[], 3:[], 4:[], 5:[], 6:[], 7:[], 8:[], 9:[], 10:[], 11:[], 12:[], 13:[], 14:[], 15:[], 16:[], 17:[], 18:[], 19:[], 20:[], 21:[], 22:[], 23:[], 24:[], 25:[], 26:[], 27:[], 28:[], 29:[], 30:[], 31:[], 32:[], 33:[], 34:[], 35:[], 36:[], 37:[], 38:[], 39:[], 40:[], 41:[], 42:[], 43:[], 44:[], 45:[], 46:[], 47:[], 48:[], 49:[], 50:[], 51:[], 52:[], 53:[], 54:[], 55:[], 56:[], 57:[], 58:[], 59:[], 60:[], 61:[], 62:[], 63:[], 64:[], 65:[], 66:[], 67:[], 68:[], 69:[], 70:[], 71:[], 72:[], 73:[], 74:[], 75:[], 76:[], 77:[], 78:[], 79:[], 80:[], 81:[], 82:[], 83:[], 84:[], 85:[], 86:[], 87:[], 88:[], 89:[], 90:[], 91:[], 92:[], 93:[], 94:[], 95:[], 96:[], 97:[], 98:[], 99:[], 100:[], 101:[], 102:[], 103:[], 104:[], 105:[], 106:[], 107:[], 108:[], 109:[], 110:[], 111:[], 112:[], 113:[], 114:[], 115:[], 116:[], 117:[], 118:[], 119:[], 120:[], 121:[], 122:[], 123:[], 124:[], 125:[], 126:[]",23263354296,24239184485
3041,3,12812.4583,9841865,146661202,1170198026,4251.9542,false,127,true,true,true,true,true,false,false,"0:[0, 1, 2, 3, 4, 5, 6, 7, 8, 9, 10, 11, 12, 13, 14, 15, 16, 17, 18, 19, 20, 21, 22, 23, 24, 25, 26, 27, 28, 29, 30, 31, 32, 33, 34, 35, 36, 37, 38, 39, 40, 41, 42, 43, 44, 45, 46, 47, 48, 49, 50, 51, 52, 53, 54, 55, 56, 57, 58, 59, 60, 61, 62, 63, 64, 65, 66, 67, 68, 69, 70, 71, 72, 73, 74, 75, 76, 77, 78, 79, 80, 81, 82, 83, 84, 85, 86, 87, 88, 89, 90, 91, 92, 93, 94, 95, 96, 97, 98, 99, 100, 101, 102, 103, 104, 105, 106, 107, 108, 109, 110, 111, 112, 113, 114, 115, 116, 117, 118, 119, 120, 121, 122, 123, 124, 125, 126], 1:[], 2:[], 3:[], 4:[], 5:[], 6:[], 7:[], 8:[], 9:[], 10:[], 11:[], 12:[], 13:[], 14:[], 15:[], 16:[], 17:[], 18:[], 19:[], 20:[], 21:[], 22:[], 23:[], 24:[], 25:[], 26:[], 27:[], 28:[], 29:[], 30:[], 31:[], 32:[], 33:[], 34:[], 35:[], 36:[], 37:[], 38:[], 39:[], 40:[], 41:[], 42:[], 43:[], 44:[], 45:[], 46:[], 47:[], 48:[], 49:[], 50:[], 51:[], 52:[], 53:[], 54:[], 55:[], 56:[], 57:[], 58:[], 59:[], 60:[], 61:[], 62:[], 63:[], 64:[], 65:[], 66:[], 67:[], 68:[], 69:[], 70:[], 71:[], 72:[], 73:[], 74:[], 75:[], 76:[], 77:[], 78:[], 79:[], 80:[], 81:[], 82:[], 83:[], 84:[], 85:[], 86:[], 87:[], 88:[], 89:[], 90:[], 91:[], 92:[], 93:[], 94:[], 95:[], 96:[], 97:[], 98:[], 99:[], 100:[], 101:[], 102:[], 103:[], 104:[], 105:[], 106:[], 107:[], 108:[], 109:[], 110:[], 111:[], 112:[], 113:[], 114:[], 115:[], 116:[], 117:[], 118:[], 119:[], 120:[], 121:[], 122:[], 123:[], 124:[], 125:[], 126:[]",23310499112,24307703906
3049,11,13387.8010,9919539,147821222,1179461906,4737.8369,false,128,true,true,true,true,true,false,false,"0:[0, 1, 2, 3, 4, 5, 6, 7, 8, 9, 10, 11, 12, 13, 14, 15, 16, 17, 18, 19, 20, 21, 22, 23, 24, 25, 26, 27, 28, 29, 30, 31, 32, 33, 34, 35, 36, 37, 38, 39, 40, 41, 42, 43, 44, 45, 46, 47, 48, 49, 50, 51, 52, 53, 54, 55, 56, 57, 58, 59, 60, 61, 62, 63, 64, 65, 66, 67, 68, 69, 70, 71, 72, 73, 74, 75, 76, 77, 78, 79, 80, 81, 82, 83, 84, 85, 86, 87, 88, 89, 90, 91, 92, 93, 94, 95, 96, 97, 98, 99, 100, 101, 102, 103, 104, 105, 106, 107, 108, 109, 110, 111, 112, 113, 114, 115, 116, 117, 118, 119, 120, 121, 122, 123, 124, 125, 126, 127], 1:[], 2:[], 3:[], 4:[], 5:[], 6:[], 7:[], 8:[], 9:[], 10:[], 11:[], 12:[], 13:[], 14:[], 15:[], 16:[], 17:[], 18:[], 19:[], 20:[], 21:[], 22:[], 23:[], 24:[], 25:[], 26:[], 27:[], 28:[], 29:[], 30:[], 31:[], 32:[], 33:[], 34:[], 35:[], 36:[], 37:[], 38:[], 39:[], 40:[], 41:[], 42:[], 43:[], 44:[], 45:[], 46:[], 47:[], 48:[], 49:[], 50:[], 51:[], 52:[], 53:[], 54:[], 55:[], 56:[], 57:[], 58:[], 59:[], 60:[], 61:[], 62:[], 63:[], 64:[], 65:[], 66:[], 67:[], 68:[], 69:[], 70:[], 71:[], 72:[], 73:[], 74:[], 75:[], 76:[], 77:[], 78:[], 79:[], 80:[], 81:[], 82:[], 83:[], 84:[], 85:[], 86:[], 87:[], 88:[], 89:[], 90:[], 91:[], 92:[], 93:[], 94:[], 95:[], 96:[], 97:[], 98:[], 99:[], 100:[], 101:[], 102:[], 103:[], 104:[], 105:[], 106:[], 107:[], 108:[], 109:[], 110:[], 111:[], 112:[], 113:[], 114:[], 115:[], 116:[], 117:[], 118:[], 119:[], 120:[], 121:[], 122:[], 123:[], 124:[], 125:[], 126:[], 127:[]",23405164888,24445290358
3061,2,12741.4798,10036813,149572679,1193449032,5416.4743,false,127,true,true,true,true,true,false,false,"0:[0, 1, 2, 3, 4, 5, 6, 7, 8, 9, 10, 11, 12, 13, 14, 15, 16, 17, 18, 19, 20, 21, 22, 23, 24, 25, 26, 27, 28, 29, 30, 31, 32, 33, 34, 35, 36, 37, 38, 39, 40, 41, 42, 43, 44, 45, 46, 47, 48, 49, 50, 51, 52, 53, 54, 55, 56, 57, 58, 59, 60, 61, 62, 63, 64, 65, 66, 67, 68, 69, 70, 71, 72, 73, 74, 75, 76, 77, 78, 79, 80, 81, 82, 83, 84, 85, 86, 87, 88, 89, 90, 91, 92, 93, 94, 95, 96, 97, 98, 99, 100, 101, 102, 103, 104, 105, 106, 107, 108, 109, 110, 111, 112, 113, 114, 115, 116, 117, 118, 119, 120, 121, 122, 123, 124, 125, 126], 1:[], 2:[], 3:[], 4:[], 5:[], 6:[], 7:[], 8:[], 9:[], 10:[], 11:[], 12:[], 13:[], 14:[], 15:[], 16:[], 17:[], 18:[], 19:[], 20:[], 21:[], 22:[], 23:[], 24:[], 25:[], 26:[], 27:[], 28:[], 29:[], 30:[], 31:[], 32:[], 33:[], 34:[], 35:[], 36:[], 37:[], 38:[], 39:[], 40:[], 41:[], 42:[], 43:[], 44:[], 45:[], 46:[], 47:[], 48:[], 49:[], 50:[], 51:[], 52:[], 53:[], 54:[], 55:[], 56:[], 57:[], 58:[], 59:[], 60:[], 61:[], 62:[], 63:[], 64:[], 65:[], 66:[], 67:[], 68:[], 69:[], 70:[], 71:[], 72:[], 73:[], 74:[], 75:[], 76:[], 77:[], 78:[], 79:[], 80:[], 81:[], 82:[], 83:[], 84:[], 85:[], 86:[], 87:[], 88:[], 89:[], 90:[], 91:[], 92:[], 93:[], 94:[], 95:[], 96:[], 97:[], 98:[], 99:[], 100:[], 101:[], 102:[], 103:[], 104:[], 105:[], 106:[], 107:[], 108:[], 109:[], 110:[], 111:[], 112:[], 113:[], 114:[], 115:[], 116:[], 117:[], 118:[], 119:[], 120:[], 121:[], 122:[], 123:[], 124:[], 125:[], 126:[]",23548096024,24653025051
3067,2,11320.5548,10095795,150452845,1200475281,4473.8260,false,127,true,true,true,true,true,false,false,"0:[0, 1, 2, 3, 4, 5, 6, 7, 8, 9, 10, 11, 12, 13, 14, 15, 16, 17, 18, 19, 20, 21, 22, 23, 24, 25, 26, 27, 28, 29, 30, 31, 32, 33, 34, 35, 36, 37, 38, 39, 40, 41, 42, 43, 44, 45, 46, 47, 48, 49, 50, 51, 52, 53, 54, 55, 56, 57, 58, 59, 60, 61, 62, 63, 64, 65, 66, 67, 68, 69, 70, 71, 72, 73, 74, 75, 76, 77, 78, 79, 80, 81, 82, 83, 84, 85, 86, 87, 88, 89, 90, 91, 92, 93, 94, 95, 96, 97, 98, 99, 100, 101, 102, 103, 104, 105, 106, 107, 108, 109, 110, 111, 112, 113, 114, 115, 116, 117, 118, 119, 120, 121, 122, 123, 124, 125, 126], 1:[], 2:[], 3:[], 4:[], 5:[], 6:[], 7:[], 8:[], 9:[], 10:[], 11:[], 12:[], 13:[], 14:[], 15:[], 16:[], 17:[], 18:[], 19:[], 20:[], 21:[], 22:[], 23:[], 24:[], 25:[], 26:[], 27:[], 28:[], 29:[], 30:[], 31:[], 32:[], 33:[], 34:[], 35:[], 36:[], 37:[], 38:[], 39:[], 40:[], 41:[], 42:[], 43:[], 44:[], 45:[], 46:[], 47:[], 48:[], 49:[], 50:[], 51:[], 52:[], 53:[], 54:[], 55:[], 56:[], 57:[], 58:[], 59:[], 60:[], 61:[], 62:[], 63:[], 64:[], 65:[], 66:[], 67:[], 68:[], 69:[], 70:[], 71:[], 72:[], 73:[], 74:[], 75:[], 76:[], 77:[], 78:[], 79:[], 80:[], 81:[], 82:[], 83:[], 84:[], 85:[], 86:[], 87:[], 88:[], 89:[], 90:[], 91:[], 92:[], 93:[], 94:[], 95:[], 96:[], 97:[], 98:[], 99:[], 100:[], 101:[], 102:[], 103:[], 104:[], 105:[], 106:[], 107:[], 108:[], 109:[], 110:[], 111:[], 112:[], 113:[], 114:[], 115:[], 116:[], 117:[], 118:[], 119:[], 120:[], 121:[], 122:[], 123:[], 124:[], 125:[], 126:[]",23619924872,24757395593
3079,3,11865.1771,10214453,152224953,1214627185,4432.1150,false,128,true,true,true,true,true,false,false,"0:[0, 1, 2, 3, 4, 5, 6, 7, 8, 9, 10, 11, 12, 13, 14, 15, 16, 17, 18, 19, 20, 21, 22, 23, 24, 25, 26, 27, 28, 29, 30, 31, 32, 33, 34, 35, 36, 37, 38, 39, 40, 41, 42, 43, 44, 45, 46, 47, 48, 49, 50, 51, 52, 53, 54, 55, 56, 57, 58, 59, 60, 61, 62, 63, 64, 65, 66, 67, 68, 69, 70, 71, 72, 73, 74, 75, 76, 77, 78, 79, 80, 81, 82, 83, 84, 85, 86, 87, 88, 89, 90, 91, 92, 93, 94, 95, 96, 97, 98, 99, 100, 101, 102, 103, 104, 105, 106, 107, 108, 109, 110, 111, 112, 113, 114, 115, 116, 117, 118, 119, 120, 121, 122, 123, 124, 125, 126, 127], 1:[], 2:[], 3:[], 4:[], 5:[], 6:[], 7:[], 8:[], 9:[], 10:[], 11:[], 12:[], 13:[], 14:[], 15:[], 16:[], 17:[], 18:[], 19:[], 20:[], 21:[], 22:[], 23:[], 24:[], 25:[], 26:[], 27:[], 28:[], 29:[], 30:[], 31:[], 32:[], 33:[], 34:[], 35:[], 36:[], 37:[], 38:[], 39:[], 40:[], 41:[], 42:[], 43:[], 44:[], 45:[], 46:[], 47:[], 48:[], 49:[], 50:[], 51:[], 52:[], 53:[], 54:[], 55:[], 56:[], 57:[], 58:[], 59:[], 60:[], 61:[], 62:[], 63:[], 64:[], 65:[], 66:[], 67:[], 68:[], 69:[], 70:[], 71:[], 72:[], 73:[], 74:[], 75:[], 76:[], 77:[], 78:[], 79:[], 80:[], 81:[], 82:[], 83:[], 84:[], 85:[], 86:[], 87:[], 88:[], 89:[], 90:[], 91:[], 92:[], 93:[], 94:[], 95:[], 96:[], 97:[], 98:[], 99:[], 100:[], 101:[], 102:[], 103:[], 104:[], 105:[], 106:[], 107:[], 108:[], 109:[], 110:[], 111:[], 112:[], 113:[], 114:[], 115:[], 116:[], 117:[], 118:[], 119:[], 120:[], 121:[], 122:[], 123:[], 124:[], 125:[], 126:[], 127:[]",23764541304,24967579189
3083,2,13432.2434,10254210,152818775,1219369725,5120.1114,false,128,true,true,true,true,true,false,false,"0:[0, 1, 2, 3, 4, 5, 6, 7, 8, 9, 10, 11, 12, 13, 14, 15, 16, 17, 18, 19, 20, 21, 22, 23, 24, 25, 26, 27, 28, 29, 30, 31, 32, 33, 34, 35, 36, 37, 38, 39, 40, 41, 42, 43, 44, 45, 46, 47, 48, 49, 50, 51, 52, 53, 54, 55, 56, 57, 58, 59, 60, 61, 62, 63, 64, 65, 66, 67, 68, 69, 70, 71, 72, 73, 74, 75, 76, 77, 78, 79, 80, 81, 82, 83, 84, 85, 86, 87, 88, 89, 90, 91, 92, 93, 94, 95, 96, 97, 98, 99, 100, 101, 102, 103, 104, 105, 106, 107, 108, 109, 110, 111, 112, 113, 114, 115, 116, 117, 118, 119, 120, 121, 122, 123, 124, 125, 126, 127], 1:[], 2:[], 3:[], 4:[], 5:[], 6:[], 7:[], 8:[], 9:[], 10:[], 11:[], 12:[], 13:[], 14:[], 15:[], 16:[], 17:[], 18:[], 19:[], 20:[], 21:[], 22:[], 23:[], 24:[], 25:[], 26:[], 27:[], 28:[], 29:[], 30:[], 31:[], 32:[], 33:[], 34:[], 35:[], 36:[], 37:[], 38:[], 39:[], 40:[], 41:[], 42:[], 43:[], 44:[], 45:[], 46:[], 47:[], 48:[], 49:[], 50:[], 51:[], 52:[], 53:[], 54:[], 55:[], 56:[], 57:[], 58:[], 59:[], 60:[], 61:[], 62:[], 63:[], 64:[], 65:[], 66:[], 67:[], 68:[], 69:[], 70:[], 71:[], 72:[], 73:[], 74:[], 75:[], 76:[], 77:[], 78:[], 79:[], 80:[], 81:[], 82:[], 83:[], 84:[], 85:[], 86:[], 87:[], 88:[], 89:[], 90:[], 91:[], 92:[], 93:[], 94:[], 95:[], 96:[], 97:[], 98:[], 99:[], 100:[], 101:[], 102:[], 103:[], 104:[], 105:[], 106:[], 107:[], 108:[], 109:[], 110:[], 111:[], 112:[], 113:[], 114:[], 115:[], 116:[], 117:[], 118:[], 119:[], 120:[], 121:[], 122:[], 123:[], 124:[], 125:[], 126:[], 127:[]",23813001232,25038010563
3089,3,15212.5239,10314041,153713137,1226515313,5458.4540,false,129,true,true,true,true,true,false,false,"0:[0, 1, 2, 3, 4, 5, 6, 7, 8, 9, 10, 11, 12, 13, 14, 15, 16, 17, 18, 19, 20, 21, 22, 23, 24, 25, 26, 27, 28, 29, 30, 31, 32, 33, 34, 35, 36, 37, 38, 39, 40, 41, 42, 43, 44, 45, 46, 47, 48, 49, 50, 51, 52, 53, 54, 55, 56, 57, 58, 59, 60, 61, 62, 63, 64, 65, 66, 67, 68, 69, 70, 71, 72, 73, 74, 75, 76, 77, 78, 79, 80, 81, 82, 83, 84, 85, 86, 87, 88, 89, 90, 91, 92, 93, 94, 95, 96, 97, 98, 99, 100, 101, 102, 103, 104, 105, 106, 107, 108, 109, 110, 111, 112, 113, 114, 115, 116, 117, 118, 119, 120, 121, 122, 123, 124, 125, 126, 127, 128], 1:[], 2:[], 3:[], 4:[], 5:[], 6:[], 7:[], 8:[], 9:[], 10:[], 11:[], 12:[], 13:[], 14:[], 15:[], 16:[], 17:[], 18:[], 19:[], 20:[], 21:[], 22:[], 23:[], 24:[], 25:[], 26:[], 27:[], 28:[], 29:[], 30:[], 31:[], 32:[], 33:[], 34:[], 35:[], 36:[], 37:[], 38:[], 39:[], 40:[], 41:[], 42:[], 43:[], 44:[], 45:[], 46:[], 47:[], 48:[], 49:[], 50:[], 51:[], 52:[], 53:[], 54:[], 55:[], 56:[], 57:[], 58:[], 59:[], 60:[], 61:[], 62:[], 63:[], 64:[], 65:[], 66:[], 67:[], 68:[], 69:[], 70:[], 71:[], 72:[], 73:[], 74:[], 75:[], 76:[], 77:[], 78:[], 79:[], 80:[], 81:[], 82:[], 83:[], 84:[], 85:[], 86:[], 87:[], 88:[], 89:[], 90:[], 91:[], 92:[], 93:[], 94:[], 95:[], 96:[], 97:[], 98:[], 99:[], 100:[], 101:[], 102:[], 103:[], 104:[], 105:[], 106:[], 107:[], 108:[], 109:[], 110:[], 111:[], 112:[], 113:[], 114:[], 115:[], 116:[], 117:[], 118:[], 119:[], 120:[], 121:[], 122:[], 123:[], 124:[], 125:[], 126:[], 127:[], 128:[]",23885986136,25144114413
3109,2,12695.7416,10515155,156716905,1250504062,327.4514,false,129,true,true,true,true,true,false,false,"0:[0, 1, 2, 3, 4, 5, 6, 7, 8, 9, 10, 11, 12, 13, 14, 15, 16, 17, 18, 19, 20, 21, 22, 23, 24, 25, 26, 27, 28, 29, 30, 31, 32, 33, 34, 35, 36, 37, 38, 39, 40, 41, 42, 43, 44, 45, 46, 47, 48, 49, 50, 51, 52, 53, 54, 55, 56, 57, 58, 59, 60, 61, 62, 63, 64, 65, 66, 67, 68, 69, 70, 71, 72, 73, 74, 75, 76, 77, 78, 79, 80, 81, 82, 83, 84, 85, 86, 87, 88, 89, 90, 91, 92, 93, 94, 95, 96, 97, 98, 99, 100, 101, 102, 103, 104, 105, 106, 107, 108, 109, 110, 111, 112, 113, 114, 115, 116, 117, 118, 119, 120, 121, 122, 123, 124, 125, 126, 127, 128], 1:[], 2:[], 3:[], 4:[], 5:[], 6:[], 7:[], 8:[], 9:[], 10:[], 11:[], 12:[], 13:[], 14:[], 15:[], 16:[], 17:[], 18:[], 19:[], 20:[], 21:[], 22:[], 23:[], 24:[], 25:[], 26:[], 27:[], 28:[], 29:[], 30:[], 31:[], 32:[], 33:[], 34:[], 35:[], 36:[], 37:[], 38:[], 39:[], 40:[], 41:[], 42:[], 43:[], 44:[], 45:[], 46:[], 47:[], 48:[], 49:[], 50:[], 51:[], 52:[], 53:[], 54:[], 55:[], 56:[], 57:[], 58:[], 59:[], 60:[], 61:[], 62:[], 63:[], 64:[], 65:[], 66:[], 67:[], 68:[], 69:[], 70:[], 71:[], 72:[], 73:[], 74:[], 75:[], 76:[], 77:[], 78:[], 79:[], 80:[], 81:[], 82:[], 83:[], 84:[], 85:[], 86:[], 87:[], 88:[], 89:[], 90:[], 91:[], 92:[], 93:[], 94:[], 95:[], 96:[], 97:[], 98:[], 99:[], 100:[], 101:[], 102:[], 103:[], 104:[], 105:[], 106:[], 107:[], 108:[], 109:[], 110:[], 111:[], 112:[], 113:[], 114:[], 115:[], 116:[], 117:[], 118:[], 119:[], 120:[], 121:[], 122:[], 123:[], 124:[], 125:[], 126:[], 127:[], 128:[]",24131114312,27647865269
3119,7,11651.5975,10616685,158232525,1262604789,313.5108,false,129,true,true,true,true,true,false,false,"0:[0, 1, 2, 3, 4, 5, 6, 7, 8, 9, 10, 11, 12, 13, 14, 15, 16, 17, 18, 19, 20, 21, 22, 23, 24, 25, 26, 27, 28, 29, 30, 31, 32, 33, 34, 35, 36, 37, 38, 39, 40, 41, 42, 43, 44, 45, 46, 47, 48, 49, 50, 51, 52, 53, 54, 55, 56, 57, 58, 59, 60, 61, 62, 63, 64, 65, 66, 67, 68, 69, 70, 71, 72, 73, 74, 75, 76, 77, 78, 79, 80, 81, 82, 83, 84, 85, 86, 87, 88, 89, 90, 91, 92, 93, 94, 95, 96, 97, 98, 99, 100, 101, 102, 103, 104, 105, 106, 107, 108, 109, 110, 111, 112, 113, 114, 115, 116, 117, 118, 119, 120, 121, 122, 123, 124, 125, 126, 127, 128], 1:[], 2:[], 3:[], 4:[], 5:[], 6:[], 7:[], 8:[], 9:[], 10:[], 11:[], 12:[], 13:[], 14:[], 15:[], 16:[], 17:[], 18:[], 19:[], 20:[], 21:[], 22:[], 23:[], 24:[], 25:[], 26:[], 27:[], 28:[], 29:[], 30:[], 31:[], 32:[], 33:[], 34:[], 35:[], 36:[], 37:[], 38:[], 39:[], 40:[], 41:[], 42:[], 43:[], 44:[], 45:[], 46:[], 47:[], 48:[], 49:[], 50:[], 51:[], 52:[], 53:[], 54:[], 55:[], 56:[], 57:[], 58:[], 59:[], 60:[], 61:[], 62:[], 63:[], 64:[], 65:[], 66:[], 67:[], 68:[], 69:[], 70:[], 71:[], 72:[], 73:[], 74:[], 75:[], 76:[], 77:[], 78:[], 79:[], 80:[], 81:[], 82:[], 83:[], 84:[], 85:[], 86:[], 87:[], 88:[], 89:[], 90:[], 91:[], 92:[], 93:[], 94:[], 95:[], 96:[], 97:[], 98:[], 99:[], 100:[], 101:[], 102:[], 103:[], 104:[], 105:[], 106:[], 107:[], 108:[], 109:[], 110:[], 111:[], 112:[], 113:[], 114:[], 115:[], 116:[], 117:[], 118:[], 119:[], 120:[], 121:[], 122:[], 123:[], 124:[], 125:[], 126:[], 127:[], 128:[]",24254800632,27827603449
3121,7,15409.7645,10637068,158537809,1265046296,300.0396,false,131,true,true,true,true,true,false,false,"0:[0, 1, 2, 3, 4, 5, 6, 7, 8, 9, 10, 11, 12, 13, 14, 15, 16, 17, 18, 19, 20, 21, 22, 23, 24, 25, 26, 27, 28, 29, 30, 31, 32, 33, 34, 35, 36, 37, 38, 39, 40, 41, 42, 43, 44, 45, 46, 47, 48, 49, 50, 51, 52, 53, 54, 55, 56, 57, 58, 59, 60, 61, 62, 63, 64, 65, 66, 67, 68, 69, 70, 71, 72, 73, 74, 75, 76, 77, 78, 79, 80, 81, 82, 83, 84, 85, 86, 87, 88, 89, 90, 91, 92, 93, 94, 95, 96, 97, 98, 99, 100, 101, 102, 103, 104, 105, 106, 107, 108, 109, 110, 111, 112, 113, 114, 115, 116, 117, 118, 119, 120, 121, 122, 123, 124, 125, 126, 127, 128, 129, 130], 1:[], 2:[], 3:[], 4:[], 5:[], 6:[], 7:[], 8:[], 9:[], 10:[], 11:[], 12:[], 13:[], 14:[], 15:[], 16:[], 17:[], 18:[], 19:[], 20:[], 21:[], 22:[], 23:[], 24:[], 25:[], 26:[], 27:[], 28:[], 29:[], 30:[], 31:[], 32:[], 33:[], 34:[], 35:[], 36:[], 37:[], 38:[], 39:[], 40:[], 41:[], 42:[], 43:[], 44:[], 45:[], 46:[], 47:[], 48:[], 49:[], 50:[], 51:[], 52:[], 53:[], 54:[], 55:[], 56:[], 57:[], 58:[], 59:[], 60:[], 61:[], 62:[], 63:[], 64:[], 65:[], 66:[], 67:[], 68:[], 69:[], 70:[], 71:[], 72:[], 73:[], 74:[], 75:[], 76:[], 77:[], 78:[], 79:[], 80:[], 81:[], 82:[], 83:[], 84:[], 85:[], 86:[], 87:[], 88:[], 89:[], 90:[], 91:[], 92:[], 93:[], 94:[], 95:[], 96:[], 97:[], 98:[], 99:[], 100:[], 101:[], 102:[], 103:[], 104:[], 105:[], 106:[], 107:[], 108:[], 109:[], 110:[], 111:[], 112:[], 113:[], 114:[], 115:[], 116:[], 117:[], 118:[], 119:[], 120:[], 121:[], 122:[], 123:[], 124:[], 125:[], 126:[], 127:[], 128:[], 129:[], 130:[]",24279712544,27863836597
3137,3,13046.9726,10801081,160987578,1284611203,327.9085,false,130,true,true,true,true,true,false,false,"0:[0, 1, 2, 3, 4, 5, 6, 7, 8, 9, 10, 11, 12, 13, 14, 15, 16, 17, 18, 19, 20, 21, 22, 23, 24, 25, 26, 27, 28, 29, 30, 31, 32, 33, 34, 35, 36, 37, 38, 39, 40, 41, 42, 43, 44, 45, 46, 47, 48, 49, 50, 51, 52, 53, 54, 55, 56, 57, 58, 59, 60, 61, 62, 63, 64, 65, 66, 67, 68, 69, 70, 71, 72, 73, 74, 75, 76, 77, 78, 79, 80, 81, 82, 83, 84, 85, 86, 87, 88, 89, 90, 91, 92, 93, 94, 95, 96, 97, 98, 99, 100, 101, 102, 103, 104, 105, 106, 107, 108, 109, 110, 111, 112, 113, 114, 115, 116, 117, 118, 119, 120, 121, 122, 123, 124, 125, 126, 127, 128, 129], 1:[], 2:[], 3:[], 4:[], 5:[], 6:[], 7:[], 8:[], 9:[], 10:[], 11:[], 12:[], 13:[], 14:[], 15:[], 16:[], 17:[], 18:[], 19:[], 20:[], 21:[], 22:[], 23:[], 24:[], 25:[], 26:[], 27:[], 28:[], 29:[], 30:[], 31:[], 32:[], 33:[], 34:[], 35:[], 36:[], 37:[], 38:[], 39:[], 40:[], 41:[], 42:[], 43:[], 44:[], 45:[], 46:[], 47:[], 48:[], 49:[], 50:[], 51:[], 52:[], 53:[], 54:[], 55:[], 56:[], 57:[], 58:[], 59:[], 60:[], 61:[], 62:[], 63:[], 64:[], 65:[], 66:[], 67:[], 68:[], 69:[], 70:[], 71:[], 72:[], 73:[], 74:[], 75:[], 76:[], 77:[], 78:[], 79:[], 80:[], 81:[], 82:[], 83:[], 84:[], 85:[], 86:[], 87:[], 88:[], 89:[], 90:[], 91:[], 92:[], 93:[], 94:[], 95:[], 96:[], 97:[], 98:[], 99:[], 100:[], 101:[], 102:[], 103:[], 104:[], 105:[], 106:[], 107:[], 108:[], 109:[], 110:[], 111:[], 112:[], 113:[], 114:[], 115:[], 116:[], 117:[], 118:[], 119:[], 120:[], 121:[], 122:[], 123:[], 124:[], 125:[], 126:[], 127:[], 128:[], 129:[]",24479630376,28154396010
3163,2,11369.4505,11071183,165021224,1316822540,337.7497,false,131,true,true,true,true,true,false,false,"0:[0, 1, 2, 3, 4, 5, 6, 7, 8, 9, 10, 11, 12, 13, 14, 15, 16, 17, 18, 19, 20, 21, 22, 23, 24, 25, 26, 27, 28, 29, 30, 31, 32, 33, 34, 35, 36, 37, 38, 39, 40, 41, 42, 43, 44, 45, 46, 47, 48, 49, 50, 51, 52, 53, 54, 55, 56, 57, 58, 59, 60, 61, 62, 63, 64, 65, 66, 67, 68, 69, 70, 71, 72, 73, 74, 75, 76, 77, 78, 79, 80, 81, 82, 83, 84, 85, 86, 87, 88, 89, 90, 91, 92, 93, 94, 95, 96, 97, 98, 99, 100, 101, 102, 103, 104, 105, 106, 107, 108, 109, 110, 111, 112, 113, 114, 115, 116, 117, 118, 119, 120, 121, 122, 123, 124, 125, 126, 127, 128, 129, 130], 1:[], 2:[], 3:[], 4:[], 5:[], 6:[], 7:[], 8:[], 9:[], 10:[], 11:[], 12:[], 13:[], 14:[], 15:[], 16:[], 17:[], 18:[], 19:[], 20:[], 21:[], 22:[], 23:[], 24:[], 25:[], 26:[], 27:[], 28:[], 29:[], 30:[], 31:[], 32:[], 33:[], 34:[], 35:[], 36:[], 37:[], 38:[], 39:[], 40:[], 41:[], 42:[], 43:[], 44:[], 45:[], 46:[], 47:[], 48:[], 49:[], 50:[], 51:[], 52:[], 53:[], 54:[], 55:[], 56:[], 57:[], 58:[], 59:[], 60:[], 61:[], 62:[], 63:[], 64:[], 65:[], 66:[], 67:[], 68:[], 69:[], 70:[], 71:[], 72:[], 73:[], 74:[], 75:[], 76:[], 77:[], 78:[], 79:[], 80:[], 81:[], 82:[], 83:[], 84:[], 85:[], 86:[], 87:[], 88:[], 89:[], 90:[], 91:[], 92:[], 93:[], 94:[], 95:[], 96:[], 97:[], 98:[], 99:[], 100:[], 101:[], 102:[], 103:[], 104:[], 105:[], 106:[], 107:[], 108:[], 109:[], 110:[], 111:[], 112:[], 113:[], 114:[], 115:[], 116:[], 117:[], 118:[], 119:[], 120:[], 121:[], 122:[], 123:[], 124:[], 125:[], 126:[], 127:[], 128:[], 129:[], 130:[]",24808804504,28632788576
3167,5,12336.8435,11113133,165647816,1321826746,312.7793,false,132,true,true,true,true,true,false,false,"0:[0, 1, 2, 3, 4, 5, 6, 7, 8, 9, 10, 11, 12, 13, 14, 15, 16, 17, 18, 19, 20, 21, 22, 23, 24, 25, 26, 27, 28, 29, 30, 31, 32, 33, 34, 35, 36, 37, 38, 39, 40, 41, 42, 43, 44, 45, 46, 47, 48, 49, 50, 51, 52, 53, 54, 55, 56, 57, 58, 59, 60, 61, 62, 63, 64, 65, 66, 67, 68, 69, 70, 71, 72, 73, 74, 75, 76, 77, 78, 79, 80, 81, 82, 83, 84, 85, 86, 87, 88, 89, 90, 91, 92, 93, 94, 95, 96, 97, 98, 99, 100, 101, 102, 103, 104, 105, 106, 107, 108, 109, 110, 111, 112, 113, 114, 115, 116, 117, 118, 119, 120, 121, 122, 123, 124, 125, 126, 127, 128, 129, 130, 131], 1:[], 2:[], 3:[], 4:[], 5:[], 6:[], 7:[], 8:[], 9:[], 10:[], 11:[], 12:[], 13:[], 14:[], 15:[], 16:[], 17:[], 18:[], 19:[], 20:[], 21:[], 22:[], 23:[], 24:[], 25:[], 26:[], 27:[], 28:[], 29:[], 30:[], 31:[], 32:[], 33:[], 34:[], 35:[], 36:[], 37:[], 38:[], 39:[], 40:[], 41:[], 42:[], 43:[], 44:[], 45:[], 46:[], 47:[], 48:[], 49:[], 50:[], 51:[], 52:[], 53:[], 54:[], 55:[], 56:[], 57:[], 58:[], 59:[], 60:[], 61:[], 62:[], 63:[], 64:[], 65:[], 66:[], 67:[], 68:[], 69:[], 70:[], 71:[], 72:[], 73:[], 74:[], 75:[], 76:[], 77:[], 78:[], 79:[], 80:[], 81:[], 82:[], 83:[], 84:[], 85:[], 86:[], 87:[], 88:[], 89:[], 90:[], 91:[], 92:[], 93:[], 94:[], 95:[], 96:[], 97:[], 98:[], 99:[], 100:[], 101:[], 102:[], 103:[], 104:[], 105:[], 106:[], 107:[], 108:[], 109:[], 110:[], 111:[], 112:[], 113:[], 114:[], 115:[], 116:[], 117:[], 118:[], 119:[], 120:[], 121:[], 122:[], 123:[], 124:[], 125:[], 126:[], 127:[], 128:[], 129:[], 130:[], 131:[]",24859938664,28707106416
3169,7,14319.2200,11134148,165962467,1324342571,325.4925,false,133,true,true,true,true,true,false,false,"0:[0, 1, 2, 3, 4, 5, 6, 7, 8, 9, 10, 11, 12, 13, 14, 15, 16, 17, 18, 19, 20, 21, 22, 23, 24, 25, 26, 27, 28, 29, 30, 31, 32, 33, 34, 35, 36, 37, 38, 39, 40, 41, 42, 43, 44, 45, 46, 47, 48, 49, 50, 51, 52, 53, 54, 55, 56, 57, 58, 59, 60, 61, 62, 63, 64, 65, 66, 67, 68, 69, 70, 71, 72, 73, 74, 75, 76, 77, 78, 79, 80, 81, 82, 83, 84, 85, 86, 87, 88, 89, 90, 91, 92, 93, 94, 95, 96, 97, 98, 99, 100, 101, 102, 103, 104, 105, 106, 107, 108, 109, 110, 111, 112, 113, 114, 115, 116, 117, 118, 119, 120, 121, 122, 123, 124, 125, 126, 127, 128, 129, 130, 131, 132], 1:[], 2:[], 3:[], 4:[], 5:[], 6:[], 7:[], 8:[], 9:[], 10:[], 11:[], 12:[], 13:[], 14:[], 15:[], 16:[], 17:[], 18:[], 19:[], 20:[], 21:[], 22:[], 23:[], 24:[], 25:[], 26:[], 27:[], 28:[], 29:[], 30:[], 31:[], 32:[], 33:[], 34:[], 35:[], 36:[], 37:[], 38:[], 39:[], 40:[], 41:[], 42:[], 43:[], 44:[], 45:[], 46:[], 47:[], 48:[], 49:[], 50:[], 51:[], 52:[], 53:[], 54:[], 55:[], 56:[], 57:[], 58:[], 59:[], 60:[], 61:[], 62:[], 63:[], 64:[], 65:[], 66:[], 67:[], 68:[], 69:[], 70:[], 71:[], 72:[], 73:[], 74:[], 75:[], 76:[], 77:[], 78:[], 79:[], 80:[], 81:[], 82:[], 83:[], 84:[], 85:[], 86:[], 87:[], 88:[], 89:[], 90:[], 91:[], 92:[], 93:[], 94:[], 95:[], 96:[], 97:[], 98:[], 99:[], 100:[], 101:[], 102:[], 103:[], 104:[], 105:[], 106:[], 107:[], 108:[], 109:[], 110:[], 111:[], 112:[], 113:[], 114:[], 115:[], 116:[], 117:[], 118:[], 119:[], 120:[], 121:[], 122:[], 123:[], 124:[], 125:[], 126:[], 127:[], 128:[], 129:[], 130:[], 131:[], 132:[]",24885615104,28744449807
3181,2,11938.3065,11260791,167854212,1339451431,336.0248,false,132,true,true,true,true,true,false,false,"0:[0, 1, 2, 3, 4, 5, 6, 7, 8, 9, 10, 11, 12, 13, 14, 15, 16, 17, 18, 19, 20, 21, 22, 23, 24, 25, 26, 27, 28, 29, 30, 31, 32, 33, 34, 35, 36, 37, 38, 39, 40, 41, 42, 43, 44, 45, 46, 47, 48, 49, 50, 51, 52, 53, 54, 55, 56, 57, 58, 59, 60, 61, 62, 63, 64, 65, 66, 67, 68, 69, 70, 71, 72, 73, 74, 75, 76, 77, 78, 79, 80, 81, 82, 83, 84, 85, 86, 87, 88, 89, 90, 91, 92, 93, 94, 95, 96, 97, 98, 99, 100, 101, 102, 103, 104, 105, 106, 107, 108, 109, 110, 111, 112, 113, 114, 115, 116, 117, 118, 119, 120, 121, 122, 123, 124, 125, 126, 127, 128, 129, 130, 131], 1:[], 2:[], 3:[], 4:[], 5:[], 6:[], 7:[], 8:[], 9:[], 10:[], 11:[], 12:[], 13:[], 14:[], 15:[], 16:[], 17:[], 18:[], 19:[], 20:[], 21:[], 22:[], 23:[], 24:[], 25:[], 26:[], 27:[], 28:[], 29:[], 30:[], 31:[], 32:[], 33:[], 34:[], 35:[], 36:[], 37:[], 38:[], 39:[], 40:[], 41:[], 42:[], 43:[], 44:[], 45:[], 46:[], 47:[], 48:[], 49:[], 50:[], 51:[], 52:[], 53:[], 54:[], 55:[], 56:[], 57:[], 58:[], 59:[], 60:[], 61:[], 62:[], 63:[], 64:[], 65:[], 66:[], 67:[], 68:[], 69:[], 70:[], 71:[], 72:[], 73:[], 74:[], 75:[], 76:[], 77:[], 78:[], 79:[], 80:[], 81:[], 82:[], 83:[], 84:[], 85:[], 86:[], 87:[], 88:[], 89:[], 90:[], 91:[], 92:[], 93:[], 94:[], 95:[], 96:[], 97:[], 98:[], 99:[], 100:[], 101:[], 102:[], 103:[], 104:[], 105:[], 106:[], 107:[], 108:[], 109:[], 110:[], 111:[], 112:[], 113:[], 114:[], 115:[], 116:[], 117:[], 118:[], 119:[], 120:[], 121:[], 122:[], 123:[], 124:[], 125:[], 126:[], 127:[], 128:[], 129:[], 130:[], 131:[]",25039994136,28968823788
3187,2,13412.7089,11324471,168804647,1347039090,324.0644,false,132,true,true,true,true,true,false,false,"0:[0, 1, 2, 3, 4, 5, 6, 7, 8, 9, 10, 11, 12, 13, 14, 15, 16, 17, 18, 19, 20, 21, 22, 23, 24, 25, 26, 27, 28, 29, 30, 31, 32, 33, 34, 35, 36, 37, 38, 39, 40, 41, 42, 43, 44, 45, 46, 47, 48, 49, 50, 51, 52, 53, 54, 55, 56, 57, 58, 59, 60, 61, 62, 63, 64, 65, 66, 67, 68, 69, 70, 71, 72, 73, 74, 75, 76, 77, 78, 79, 80, 81, 82, 83, 84, 85, 86, 87, 88, 89, 90, 91, 92, 93, 94, 95, 96, 97, 98, 99, 100, 101, 102, 103, 104, 105, 106, 107, 108, 109, 110, 111, 112, 113, 114, 115, 116, 117, 118, 119, 120, 121, 122, 123, 124, 125, 126, 127, 128, 129, 130, 131], 1:[], 2:[], 3:[], 4:[], 5:[], 6:[], 7:[], 8:[], 9:[], 10:[], 11:[], 12:[], 13:[], 14:[], 15:[], 16:[], 17:[], 18:[], 19:[], 20:[], 21:[], 22:[], 23:[], 24:[], 25:[], 26:[], 27:[], 28:[], 29:[], 30:[], 31:[], 32:[], 33:[], 34:[], 35:[], 36:[], 37:[], 38:[], 39:[], 40:[], 41:[], 42:[], 43:[], 44:[], 45:[], 46:[], 47:[], 48:[], 49:[], 50:[], 51:[], 52:[], 53:[], 54:[], 55:[], 56:[], 57:[], 58:[], 59:[], 60:[], 61:[], 62:[], 63:[], 64:[], 65:[], 66:[], 67:[], 68:[], 69:[], 70:[], 71:[], 72:[], 73:[], 74:[], 75:[], 76:[], 77:[], 78:[], 79:[], 80:[], 81:[], 82:[], 83:[], 84:[], 85:[], 86:[], 87:[], 88:[], 89:[], 90:[], 91:[], 92:[], 93:[], 94:[], 95:[], 96:[], 97:[], 98:[], 99:[], 100:[], 101:[], 102:[], 103:[], 104:[], 105:[], 106:[], 107:[], 108:[], 109:[], 110:[], 111:[], 112:[], 113:[], 114:[], 115:[], 116:[], 117:[], 118:[], 119:[], 120:[], 121:[], 122:[], 123:[], 124:[], 125:[], 126:[], 127:[], 128:[], 129:[], 130:[], 131:[]",25117557256,29081527627
3191,11,14126.0076,11367058,169440731,1352118912,347.2827,false,132,true,true,true,true,true,false,false,"0:[0, 1, 2, 3, 4, 5, 6, 7, 8, 9, 10, 11, 12, 13, 14, 15, 16, 17, 18, 19, 20, 21, 22, 23, 24, 25, 26, 27, 28, 29, 30, 31, 32, 33, 34, 35, 36, 37, 38, 39, 40, 41, 42, 43, 44, 45, 46, 47, 48, 49, 50, 51, 52, 53, 54, 55, 56, 57, 58, 59, 60, 61, 62, 63, 64, 65, 66, 67, 68, 69, 70, 71, 72, 73, 74, 75, 76, 77, 78, 79, 80, 81, 82, 83, 84, 85, 86, 87, 88, 89, 90, 91, 92, 93, 94, 95, 96, 97, 98, 99, 100, 101, 102, 103, 104, 105, 106, 107, 108, 109, 110, 111, 112, 113, 114, 115, 116, 117, 118, 119, 120, 121, 122, 123, 124, 125, 126, 127, 128, 129, 130, 131], 1:[], 2:[], 3:[], 4:[], 5:[], 6:[], 7:[], 8:[], 9:[], 10:[], 11:[], 12:[], 13:[], 14:[], 15:[], 16:[], 17:[], 18:[], 19:[], 20:[], 21:[], 22:[], 23:[], 24:[], 25:[], 26:[], 27:[], 28:[], 29:[], 30:[], 31:[], 32:[], 33:[], 34:[], 35:[], 36:[], 37:[], 38:[], 39:[], 40:[], 41:[], 42:[], 43:[], 44:[], 45:[], 46:[], 47:[], 48:[], 49:[], 50:[], 51:[], 52:[], 53:[], 54:[], 55:[], 56:[], 57:[], 58:[], 59:[], 60:[], 61:[], 62:[], 63:[], 64:[], 65:[], 66:[], 67:[], 68:[], 69:[], 70:[], 71:[], 72:[], 73:[], 74:[], 75:[], 76:[], 77:[], 78:[], 79:[], 80:[], 81:[], 82:[], 83:[], 84:[], 85:[], 86:[], 87:[], 88:[], 89:[], 90:[], 91:[], 92:[], 93:[], 94:[], 95:[], 96:[], 97:[], 98:[], 99:[], 100:[], 101:[], 102:[], 103:[], 104:[], 105:[], 106:[], 107:[], 108:[], 109:[], 110:[], 111:[], 112:[], 113:[], 114:[], 115:[], 116:[], 117:[], 118:[], 119:[], 120:[], 121:[], 122:[], 123:[], 124:[], 125:[], 126:[], 127:[], 128:[], 129:[], 130:[], 131:[]",25169466064,29156970295
3203,2,13242.2594,11495458,171358751,1367437577,362.8040,false,133,true,true,true,true,true,false,false,"0:[0, 1, 2, 3, 4, 5, 6, 7, 8, 9, 10, 11, 12, 13, 14, 15, 16, 17, 18, 19, 20, 21, 22, 23, 24, 25, 26, 27, 28, 29, 30, 31, 32, 33, 34, 35, 36, 37, 38, 39, 40, 41, 42, 43, 44, 45, 46, 47, 48, 49, 50, 51, 52, 53, 54, 55, 56, 57, 58, 59, 60, 61, 62, 63, 64, 65, 66, 67, 68, 69, 70, 71, 72, 73, 74, 75, 76, 77, 78, 79, 80, 81, 82, 83, 84, 85, 86, 87, 88, 89, 90, 91, 92, 93, 94, 95, 96, 97, 98, 99, 100, 101, 102, 103, 104, 105, 106, 107, 108, 109, 110, 111, 112, 113, 114, 115, 116, 117, 118, 119, 120, 121, 122, 123, 124, 125, 126, 127, 128, 129, 130, 131, 132], 1:[], 2:[], 3:[], 4:[], 5:[], 6:[], 7:[], 8:[], 9:[], 10:[], 11:[], 12:[], 13:[], 14:[], 15:[], 16:[], 17:[], 18:[], 19:[], 20:[], 21:[], 22:[], 23:[], 24:[], 25:[], 26:[], 27:[], 28:[], 29:[], 30:[], 31:[], 32:[], 33:[], 34:[], 35:[], 36:[], 37:[], 38:[], 39:[], 40:[], 41:[], 42:[], 43:[], 44:[], 45:[], 46:[], 47:[], 48:[], 49:[], 50:[], 51:[], 52:[], 53:[], 54:[], 55:[], 56:[], 57:[], 58:[], 59:[], 60:[], 61:[], 62:[], 63:[], 64:[], 65:[], 66:[], 67:[], 68:[], 69:[], 70:[], 71:[], 72:[], 73:[], 74:[], 75:[], 76:[], 77:[], 78:[], 79:[], 80:[], 81:[], 82:[], 83:[], 84:[], 85:[], 86:[], 87:[], 88:[], 89:[], 90:[], 91:[], 92:[], 93:[], 94:[], 95:[], 96:[], 97:[], 98:[], 99:[], 100:[], 101:[], 102:[], 103:[], 104:[], 105:[], 106:[], 107:[], 108:[], 109:[], 110:[], 111:[], 112:[], 113:[], 114:[], 115:[], 116:[], 117:[], 118:[], 119:[], 120:[], 121:[], 122:[], 123:[], 124:[], 125:[], 126:[], 127:[], 128:[], 129:[], 130:[], 131:[], 132:[]",25325989264,29384460523
3209,3,13384.1955,11560020,172323938,1375149322,378.5475,false,134,true,true,true,true,true,false,false,"0:[0, 1, 2, 3, 4, 5, 6, 7, 8, 9, 10, 11, 12, 13, 14, 15, 16, 17, 18, 19, 20, 21, 22, 23, 24, 25, 26, 27, 28, 29, 30, 31, 32, 33, 34, 35, 36, 37, 38, 39, 40, 41, 42, 43, 44, 45, 46, 47, 48, 49, 50, 51, 52, 53, 54, 55, 56, 57, 58, 59, 60, 61, 62, 63, 64, 65, 66, 67, 68, 69, 70, 71, 72, 73, 74, 75, 76, 77, 78, 79, 80, 81, 82, 83, 84, 85, 86, 87, 88, 89, 90, 91, 92, 93, 94, 95, 96, 97, 98, 99, 100, 101, 102, 103, 104, 105, 106, 107, 108, 109, 110, 111, 112, 113, 114, 115, 116, 117, 118, 119, 120, 121, 122, 123, 124, 125, 126, 127, 128, 129, 130, 131, 132, 133], 1:[], 2:[], 3:[], 4:[], 5:[], 6:[], 7:[], 8:[], 9:[], 10:[], 11:[], 12:[], 13:[], 14:[], 15:[], 16:[], 17:[], 18:[], 19:[], 20:[], 21:[], 22:[], 23:[], 24:[], 25:[], 26:[], 27:[], 28:[], 29:[], 30:[], 31:[], 32:[], 33:[], 34:[], 35:[], 36:[], 37:[], 38:[], 39:[], 40:[], 41:[], 42:[], 43:[], 44:[], 45:[], 46:[], 47:[], 48:[], 49:[], 50:[], 51:[], 52:[], 53:[], 54:[], 55:[], 56:[], 57:[], 58:[], 59:[], 60:[], 61:[], 62:[], 63:[], 64:[], 65:[], 66:[], 67:[], 68:[], 69:[], 70:[], 71:[], 72:[], 73:[], 74:[], 75:[], 76:[], 77:[], 78:[], 79:[], 80:[], 81:[], 82:[], 83:[], 84:[], 85:[], 86:[], 87:[], 88:[], 89:[], 90:[], 91:[], 92:[], 93:[], 94:[], 95:[], 96:[], 97:[], 98:[], 99:[], 100:[], 101:[], 102:[], 103:[], 104:[], 105:[], 106:[], 107:[], 108:[], 109:[], 110:[], 111:[], 112:[], 113:[], 114:[], 115:[], 116:[], 117:[], 118:[], 119:[], 120:[], 121:[], 122:[], 123:[], 124:[], 125:[], 126:[], 127:[], 128:[], 129:[], 130:[], 131:[], 132:[], 133:[]",25404753712,29498961754
3217,5,14318.9255,11646476,173615466,1385464655,351.6821,false,134,true,true,true,true,true,false,false,"0:[0, 1, 2, 3, 4, 5, 6, 7, 8, 9, 10, 11, 12, 13, 14, 15, 16, 17, 18, 19, 20, 21, 22, 23, 24, 25, 26, 27, 28, 29, 30, 31, 32, 33, 34, 35, 36, 37, 38, 39, 40, 41, 42, 43, 44, 45, 46, 47, 48, 49, 50, 51, 52, 53, 54, 55, 56, 57, 58, 59, 60, 61, 62, 63, 64, 65, 66, 67, 68, 69, 70, 71, 72, 73, 74, 75, 76, 77, 78, 79, 80, 81, 82, 83, 84, 85, 86, 87, 88, 89, 90, 91, 92, 93, 94, 95, 96, 97, 98, 99, 100, 101, 102, 103, 104, 105, 106, 107, 108, 109, 110, 111, 112, 113, 114, 115, 116, 117, 118, 119, 120, 121, 122, 123, 124, 125, 126, 127, 128, 129, 130, 131, 132, 133], 1:[], 2:[], 3:[], 4:[], 5:[], 6:[], 7:[], 8:[], 9:[], 10:[], 11:[], 12:[], 13:[], 14:[], 15:[], 16:[], 17:[], 18:[], 19:[], 20:[], 21:[], 22:[], 23:[], 24:[], 25:[], 26:[], 27:[], 28:[], 29:[], 30:[], 31:[], 32:[], 33:[], 34:[], 35:[], 36:[], 37:[], 38:[], 39:[], 40:[], 41:[], 42:[], 43:[], 44:[], 45:[], 46:[], 47:[], 48:[], 49:[], 50:[], 51:[], 52:[], 53:[], 54:[], 55:[], 56:[], 57:[], 58:[], 59:[], 60:[], 61:[], 62:[], 63:[], 64:[], 65:[], 66:[], 67:[], 68:[], 69:[], 70:[], 71:[], 72:[], 73:[], 74:[], 75:[], 76:[], 77:[], 78:[], 79:[], 80:[], 81:[], 82:[], 83:[], 84:[], 85:[], 86:[], 87:[], 88:[], 89:[], 90:[], 91:[], 92:[], 93:[], 94:[], 95:[], 96:[], 97:[], 98:[], 99:[], 100:[], 101:[], 102:[], 103:[], 104:[], 105:[], 106:[], 107:[], 108:[], 109:[], 110:[], 111:[], 112:[], 113:[], 114:[], 115:[], 116:[], 117:[], 118:[], 119:[], 120:[], 121:[], 122:[], 123:[], 124:[], 125:[], 126:[], 127:[], 128:[], 129:[], 130:[], 131:[], 132:[], 133:[]",25510150896,29652146402
3221,2,14206.4521,11689866,174263586,1390640737,361.0310,false,134,true,true,true,true,true,false,false,"0:[0, 1, 2, 3, 4, 5, 6, 7, 8, 9, 10, 11, 12, 13, 14, 15, 16, 17, 18, 19, 20, 21, 22, 23, 24, 25, 26, 27, 28, 29, 30, 31, 32, 33, 34, 35, 36, 37, 38, 39, 40, 41, 42, 43, 44, 45, 46, 47, 48, 49, 50, 51, 52, 53, 54, 55, 56, 57, 58, 59, 60, 61, 62, 63, 64, 65, 66, 67, 68, 69, 70, 71, 72, 73, 74, 75, 76, 77, 78, 79, 80, 81, 82, 83, 84, 85, 86, 87, 88, 89, 90, 91, 92, 93, 94, 95, 96, 97, 98, 99, 100, 101, 102, 103, 104, 105, 106, 107, 108, 109, 110, 111, 112, 113, 114, 115, 116, 117, 118, 119, 120, 121, 122, 123, 124, 125, 126, 127, 128, 129, 130, 131, 132, 133], 1:[], 2:[], 3:[], 4:[], 5:[], 6:[], 7:[], 8:[], 9:[], 10:[], 11:[], 12:[], 13:[], 14:[], 15:[], 16:[], 17:[], 18:[], 19:[], 20:[], 21:[], 22:[], 23:[], 24:[], 25:[], 26:[], 27:[], 28:[], 29:[], 30:[], 31:[], 32:[], 33:[], 34:[], 35:[], 36:[], 37:[], 38:[], 39:[], 40:[], 41:[], 42:[], 43:[], 44:[], 45:[], 46:[], 47:[], 48:[], 49:[], 50:[], 51:[], 52:[], 53:[], 54:[], 55:[], 56:[], 57:[], 58:[], 59:[], 60:[], 61:[], 62:[], 63:[], 64:[], 65:[], 66:[], 67:[], 68:[], 69:[], 70:[], 71:[], 72:[], 73:[], 74:[], 75:[], 76:[], 77:[], 78:[], 79:[], 80:[], 81:[], 82:[], 83:[], 84:[], 85:[], 86:[], 87:[], 88:[], 89:[], 90:[], 91:[], 92:[], 93:[], 94:[], 95:[], 96:[], 97:[], 98:[], 99:[], 100:[], 101:[], 102:[], 103:[], 104:[], 105:[], 106:[], 107:[], 108:[], 109:[], 110:[], 111:[], 112:[], 113:[], 114:[], 115:[], 116:[], 117:[], 118:[], 119:[], 120:[], 121:[], 122:[], 123:[], 124:[], 125:[], 126:[], 127:[], 128:[], 129:[], 130:[], 131:[], 132:[], 133:[]",25563041856,29729017226
3229,2,12307.3929,11776969,175564765,1401033150,339.6284,false,134,true,true,true,true,true,false,false,"0:[0, 1, 2, 3, 4, 5, 6, 7, 8, 9, 10, 11, 12, 13, 14, 15, 16, 17, 18, 19, 20, 21, 22, 23, 24, 25, 26, 27, 28, 29, 30, 31, 32, 33, 34, 35, 36, 37, 38, 39, 40, 41, 42, 43, 44, 45, 46, 47, 48, 49, 50, 51, 52, 53, 54, 55, 56, 57, 58, 59, 60, 61, 62, 63, 64, 65, 66, 67, 68, 69, 70, 71, 72, 73, 74, 75, 76, 77, 78, 79, 80, 81, 82, 83, 84, 85, 86, 87, 88, 89, 90, 91, 92, 93, 94, 95, 96, 97, 98, 99, 100, 101, 102, 103, 104, 105, 106, 107, 108, 109, 110, 111, 112, 113, 114, 115, 116, 117, 118, 119, 120, 121, 122, 123, 124, 125, 126, 127, 128, 129, 130, 131, 132, 133], 1:[], 2:[], 3:[], 4:[], 5:[], 6:[], 7:[], 8:[], 9:[], 10:[], 11:[], 12:[], 13:[], 14:[], 15:[], 16:[], 17:[], 18:[], 19:[], 20:[], 21:[], 22:[], 23:[], 24:[], 25:[], 26:[], 27:[], 28:[], 29:[], 30:[], 31:[], 32:[], 33:[], 34:[], 35:[], 36:[], 37:[], 38:[], 39:[], 40:[], 41:[], 42:[], 43:[], 44:[], 45:[], 46:[], 47:[], 48:[], 49:[], 50:[], 51:[], 52:[], 53:[], 54:[], 55:[], 56:[], 57:[], 58:[], 59:[], 60:[], 61:[], 62:[], 63:[], 64:[], 65:[], 66:[], 67:[], 68:[], 69:[], 70:[], 71:[], 72:[], 73:[], 74:[], 75:[], 76:[], 77:[], 78:[], 79:[], 80:[], 81:[], 82:[], 83:[], 84:[], 85:[], 86:[], 87:[], 88:[], 89:[], 90:[], 91:[], 92:[], 93:[], 94:[], 95:[], 96:[], 97:[], 98:[], 99:[], 100:[], 101:[], 102:[], 103:[], 104:[], 105:[], 106:[], 107:[], 108:[], 109:[], 110:[], 111:[], 112:[], 113:[], 114:[], 115:[], 116:[], 117:[], 118:[], 119:[], 120:[], 121:[], 122:[], 123:[], 124:[], 125:[], 126:[], 127:[], 128:[], 129:[], 130:[], 131:[], 132:[], 133:[]",25669226648,29883345481
3251,2,12546.8573,12018728,179175401,1429866923,374.9798,false,136,true,true,true,true,true,false,false,"0:[0, 1, 2, 3, 4, 5, 6, 7, 8, 9, 10, 11, 12, 13, 14, 15, 16, 17, 18, 19, 20, 21, 22, 23, 24, 25, 26, 27, 28, 29, 30, 31, 32, 33, 34, 35, 36, 37, 38, 39, 40, 41, 42, 43, 44, 45, 46, 47, 48, 49, 50, 51, 52, 53, 54, 55, 56, 57, 58, 59, 60, 61, 62, 63, 64, 65, 66, 67, 68, 69, 70, 71, 72, 73, 74, 75, 76, 77, 78, 79, 80, 81, 82, 83, 84, 85, 86, 87, 88, 89, 90, 91, 92, 93, 94, 95, 96, 97, 98, 99, 100, 101, 102, 103, 104, 105, 106, 107, 108, 109, 110, 111, 112, 113, 114, 115, 116, 117, 118, 119, 120, 121, 122, 123, 124, 125, 126, 127, 128, 129, 130, 131, 132, 133, 134, 135], 1:[], 2:[], 3:[], 4:[], 5:[], 6:[], 7:[], 8:[], 9:[], 10:[], 11:[], 12:[], 13:[], 14:[], 15:[], 16:[], 17:[], 18:[], 19:[], 20:[], 21:[], 22:[], 23:[], 24:[], 25:[], 26:[], 27:[], 28:[], 29:[], 30:[], 31:[], 32:[], 33:[], 34:[], 35:[], 36:[], 37:[], 38:[], 39:[], 40:[], 41:[], 42:[], 43:[], 44:[], 45:[], 46:[], 47:[], 48:[], 49:[], 50:[], 51:[], 52:[], 53:[], 54:[], 55:[], 56:[], 57:[], 58:[], 59:[], 60:[], 61:[], 62:[], 63:[], 64:[], 65:[], 66:[], 67:[], 68:[], 69:[], 70:[], 71:[], 72:[], 73:[], 74:[], 75:[], 76:[], 77:[], 78:[], 79:[], 80:[], 81:[], 82:[], 83:[], 84:[], 85:[], 86:[], 87:[], 88:[], 89:[], 90:[], 91:[], 92:[], 93:[], 94:[], 95:[], 96:[], 97:[], 98:[], 99:[], 100:[], 101:[], 102:[], 103:[], 104:[], 105:[], 106:[], 107:[], 108:[], 109:[], 110:[], 111:[], 112:[], 113:[], 114:[], 115:[], 116:[], 117:[], 118:[], 119:[], 120:[], 121:[], 122:[], 123:[], 124:[], 125:[], 126:[], 127:[], 128:[], 129:[], 130:[], 131:[], 132:[], 133:[], 134:[], 135:[]",25963879744,30311564333
3253,2,12911.7933,12040869,179507041,1432519418,377.3142,false,136,true,true,true,true,true,false,false,"0:[0, 1, 2, 3, 4, 5, 6, 7, 8, 9, 10, 11, 12, 13, 14, 15, 16, 17, 18, 19, 20, 21, 22, 23, 24, 25, 26, 27, 28, 29, 30, 31, 32, 33, 34, 35, 36, 37, 38, 39, 40, 41, 42, 43, 44, 45, 46, 47, 48, 49, 50, 51, 52, 53, 54, 55, 56, 57, 58, 59, 60, 61, 62, 63, 64, 65, 66, 67, 68, 69, 70, 71, 72, 73, 74, 75, 76, 77, 78, 79, 80, 81, 82, 83, 84, 85, 86, 87, 88, 89, 90, 91, 92, 93, 94, 95, 96, 97, 98, 99, 100, 101, 102, 103, 104, 105, 106, 107, 108, 109, 110, 111, 112, 113, 114, 115, 116, 117, 118, 119, 120, 121, 122, 123, 124, 125, 126, 127, 128, 129, 130, 131, 132, 133, 134, 135], 1:[], 2:[], 3:[], 4:[], 5:[], 6:[], 7:[], 8:[], 9:[], 10:[], 11:[], 12:[], 13:[], 14:[], 15:[], 16:[], 17:[], 18:[], 19:[], 20:[], 21:[], 22:[], 23:[], 24:[], 25:[], 26:[], 27:[], 28:[], 29:[], 30:[], 31:[], 32:[], 33:[], 34:[], 35:[], 36:[], 37:[], 38:[], 39:[], 40:[], 41:[], 42:[], 43:[], 44:[], 45:[], 46:[], 47:[], 48:[], 49:[], 50:[], 51:[], 52:[], 53:[], 54:[], 55:[], 56:[], 57:[], 58:[], 59:[], 60:[], 61:[], 62:[], 63:[], 64:[], 65:[], 66:[], 67:[], 68:[], 69:[], 70:[], 71:[], 72:[], 73:[], 74:[], 75:[], 76:[], 77:[], 78:[], 79:[], 80:[], 81:[], 82:[], 83:[], 84:[], 85:[], 86:[], 87:[], 88:[], 89:[], 90:[], 91:[], 92:[], 93:[], 94:[], 95:[], 96:[], 97:[], 98:[], 99:[], 100:[], 101:[], 102:[], 103:[], 104:[], 105:[], 106:[], 107:[], 108:[], 109:[], 110:[], 111:[], 112:[], 113:[], 114:[], 115:[], 116:[], 117:[], 118:[], 119:[], 120:[], 121:[], 122:[], 123:[], 124:[], 125:[], 126:[], 127:[], 128:[], 129:[], 130:[], 131:[], 132:[], 133:[], 134:[], 135:[]",25990942328,30350924765
3257,3,14372.4818,12085232,180169788,1437812817,350.7520,false,135,true,true,true,true,true,false,false,"0:[0, 1, 2, 3, 4, 5, 6, 7, 8, 9, 10, 11, 12, 13, 14, 15, 16, 17, 18, 19, 20, 21, 22, 23, 24, 25, 26, 27, 28, 29, 30, 31, 32, 33, 34, 35, 36, 37, 38, 39, 40, 41, 42, 43, 44, 45, 46, 47, 48, 49, 50, 51, 52, 53, 54, 55, 56, 57, 58, 59, 60, 61, 62, 63, 64, 65, 66, 67, 68, 69, 70, 71, 72, 73, 74, 75, 76, 77, 78, 79, 80, 81, 82, 83, 84, 85, 86, 87, 88, 89, 90, 91, 92, 93, 94, 95, 96, 97, 98, 99, 100, 101, 102, 103, 104, 105, 106, 107, 108, 109, 110, 111, 112, 113, 114, 115, 116, 117, 118, 119, 120, 121, 122, 123, 124, 125, 126, 127, 128, 129, 130, 131, 132, 133, 134], 1:[], 2:[], 3:[], 4:[], 5:[], 6:[], 7:[], 8:[], 9:[], 10:[], 11:[], 12:[], 13:[], 14:[], 15:[], 16:[], 17:[], 18:[], 19:[], 20:[], 21:[], 22:[], 23:[], 24:[], 25:[], 26:[], 27:[], 28:[], 29:[], 30:[], 31:[], 32:[], 33:[], 34:[], 35:[], 36:[], 37:[], 38:[], 39:[], 40:[], 41:[], 42:[], 43:[], 44:[], 45:[], 46:[], 47:[], 48:[], 49:[], 50:[], 51:[], 52:[], 53:[], 54:[], 55:[], 56:[], 57:[], 58:[], 59:[], 60:[], 61:[], 62:[], 63:[], 64:[], 65:[], 66:[], 67:[], 68:[], 69:[], 70:[], 71:[], 72:[], 73:[], 74:[], 75:[], 76:[], 77:[], 78:[], 79:[], 80:[], 81:[], 82:[], 83:[], 84:[], 85:[], 86:[], 87:[], 88:[], 89:[], 90:[], 91:[], 92:[], 93:[], 94:[], 95:[], 96:[], 97:[], 98:[], 99:[], 100:[], 101:[], 102:[], 103:[], 104:[], 105:[], 106:[], 107:[], 108:[], 109:[], 110:[], 111:[], 112:[], 113:[], 114:[], 115:[], 116:[], 117:[], 118:[], 119:[], 120:[], 121:[], 122:[], 123:[], 124:[], 125:[], 126:[], 127:[], 128:[], 129:[], 130:[], 131:[], 132:[], 133:[], 134:[]",26045026800,30429531004
3259,2,12532.4654,12107455,180500935,1440454245,370.3611,false,136,true,true,true,true,true,false,false,"0:[0, 1, 2, 3, 4, 5, 6, 7, 8, 9, 10, 11, 12, 13, 14, 15, 16, 17, 18, 19, 20, 21, 22, 23, 24, 25, 26, 27, 28, 29, 30, 31, 32, 33, 34, 35, 36, 37, 38, 39, 40, 41, 42, 43, 44, 45, 46, 47, 48, 49, 50, 51, 52, 53, 54, 55, 56, 57, 58, 59, 60, 61, 62, 63, 64, 65, 66, 67, 68, 69, 70, 71, 72, 73, 74, 75, 76, 77, 78, 79, 80, 81, 82, 83, 84, 85, 86, 87, 88, 89, 90, 91, 92, 93, 94, 95, 96, 97, 98, 99, 100, 101, 102, 103, 104, 105, 106, 107, 108, 109, 110, 111, 112, 113, 114, 115, 116, 117, 118, 119, 120, 121, 122, 123, 124, 125, 126, 127, 128, 129, 130, 131, 132, 133, 134, 135], 1:[], 2:[], 3:[], 4:[], 5:[], 6:[], 7:[], 8:[], 9:[], 10:[], 11:[], 12:[], 13:[], 14:[], 15:[], 16:[], 17:[], 18:[], 19:[], 20:[], 21:[], 22:[], 23:[], 24:[], 25:[], 26:[], 27:[], 28:[], 29:[], 30:[], 31:[], 32:[], 33:[], 34:[], 35:[], 36:[], 37:[], 38:[], 39:[], 40:[], 41:[], 42:[], 43:[], 44:[], 45:[], 46:[], 47:[], 48:[], 49:[], 50:[], 51:[], 52:[], 53:[], 54:[], 55:[], 56:[], 57:[], 58:[], 59:[], 60:[], 61:[], 62:[], 63:[], 64:[], 65:[], 66:[], 67:[], 68:[], 69:[], 70:[], 71:[], 72:[], 73:[], 74:[], 75:[], 76:[], 77:[], 78:[], 79:[], 80:[], 81:[], 82:[], 83:[], 84:[], 85:[], 86:[], 87:[], 88:[], 89:[], 90:[], 91:[], 92:[], 93:[], 94:[], 95:[], 96:[], 97:[], 98:[], 99:[], 100:[], 101:[], 102:[], 103:[], 104:[], 105:[], 106:[], 107:[], 108:[], 109:[], 110:[], 111:[], 112:[], 113:[], 114:[], 115:[], 116:[], 117:[], 118:[], 119:[], 120:[], 121:[], 122:[], 123:[], 124:[], 125:[], 126:[], 127:[], 128:[], 129:[], 130:[], 131:[], 132:[], 133:[], 134:[], 135:[]",26072051912,30468781995
3271,3,15325.5475,12241361,182501349,1456431374,369.4709,false,136,true,true,true,true,true,false,false,"0:[0, 1, 2, 3, 4, 5, 6, 7, 8, 9, 10, 11, 12, 13, 14, 15, 16, 17, 18, 19, 20, 21, 22, 23, 24, 25, 26, 27, 28, 29, 30, 31, 32, 33, 34, 35, 36, 37, 38, 39, 40, 41, 42, 43, 44, 45, 46, 47, 48, 49, 50, 51, 52, 53, 54, 55, 56, 57, 58, 59, 60, 61, 62, 63, 64, 65, 66, 67, 68, 69, 70, 71, 72, 73, 74, 75, 76, 77, 78, 79, 80, 81, 82, 83, 84, 85, 86, 87, 88, 89, 90, 91, 92, 93, 94, 95, 96, 97, 98, 99, 100, 101, 102, 103, 104, 105, 106, 107, 108, 109, 110, 111, 112, 113, 114, 115, 116, 117, 118, 119, 120, 121, 122, 123, 124, 125, 126, 127, 128, 129, 130, 131, 132, 133, 134, 135], 1:[], 2:[], 3:[], 4:[], 5:[], 6:[], 7:[], 8:[], 9:[], 10:[], 11:[], 12:[], 13:[], 14:[], 15:[], 16:[], 17:[], 18:[], 19:[], 20:[], 21:[], 22:[], 23:[], 24:[], 25:[], 26:[], 27:[], 28:[], 29:[], 30:[], 31:[], 32:[], 33:[], 34:[], 35:[], 36:[], 37:[], 38:[], 39:[], 40:[], 41:[], 42:[], 43:[], 44:[], 45:[], 46:[], 47:[], 48:[], 49:[], 50:[], 51:[], 52:[], 53:[], 54:[], 55:[], 56:[], 57:[], 58:[], 59:[], 60:[], 61:[], 62:[], 63:[], 64:[], 65:[], 66:[], 67:[], 68:[], 69:[], 70:[], 71:[], 72:[], 73:[], 74:[], 75:[], 76:[], 77:[], 78:[], 79:[], 80:[], 81:[], 82:[], 83:[], 84:[], 85:[], 86:[], 87:[], 88:[], 89:[], 90:[], 91:[], 92:[], 93:[], 94:[], 95:[], 96:[], 97:[], 98:[], 99:[], 100:[], 101:[], 102:[], 103:[], 104:[], 105:[], 106:[], 107:[], 108:[], 109:[], 110:[], 111:[], 112:[], 113:[], 114:[], 115:[], 116:[], 117:[], 118:[], 119:[], 120:[], 121:[], 122:[], 123:[], 124:[], 125:[], 126:[], 127:[], 128:[], 129:[], 130:[], 131:[], 132:[], 133:[], 134:[], 135:[]",26235298776,30706044081
3299,2,14918.3767,12557642,187226343,1494169860,391.6296,false,138,true,true,true,true,true,false,false,"0:[0, 1, 2, 3, 4, 5, 6, 7, 8, 9, 10, 11, 12, 13, 14, 15, 16, 17, 18, 19, 20, 21, 22, 23, 24, 25, 26, 27, 28, 29, 30, 31, 32, 33, 34, 35, 36, 37, 38, 39, 40, 41, 42, 43, 44, 45, 46, 47, 48, 49, 50, 51, 52, 53, 54, 55, 56, 57, 58, 59, 60, 61, 62, 63, 64, 65, 66, 67, 68, 69, 70, 71, 72, 73, 74, 75, 76, 77, 78, 79, 80, 81, 82, 83, 84, 85, 86, 87, 88, 89, 90, 91, 92, 93, 94, 95, 96, 97, 98, 99, 100, 101, 102, 103, 104, 105, 106, 107, 108, 109, 110, 111, 112, 113, 114, 115, 116, 117, 118, 119, 120, 121, 122, 123, 124, 125, 126, 127, 128, 129, 130, 131, 132, 133, 134, 135, 136, 137], 1:[], 2:[], 3:[], 4:[], 5:[], 6:[], 7:[], 8:[], 9:[], 10:[], 11:[], 12:[], 13:[], 14:[], 15:[], 16:[], 17:[], 18:[], 19:[], 20:[], 21:[], 22:[], 23:[], 24:[], 25:[], 26:[], 27:[], 28:[], 29:[], 30:[], 31:[], 32:[], 33:[], 34:[], 35:[], 36:[], 37:[], 38:[], 39:[], 40:[], 41:[], 42:[], 43:[], 44:[], 45:[], 46:[], 47:[], 48:[], 49:[], 50:[], 51:[], 52:[], 53:[], 54:[], 55:[], 56:[], 57:[], 58:[], 59:[], 60:[], 61:[], 62:[], 63:[], 64:[], 65:[], 66:[], 67:[], 68:[], 69:[], 70:[], 71:[], 72:[], 73:[], 74:[], 75:[], 76:[], 77:[], 78:[], 79:[], 80:[], 81:[], 82:[], 83:[], 84:[], 85:[], 86:[], 87:[], 88:[], 89:[], 90:[], 91:[], 92:[], 93:[], 94:[], 95:[], 96:[], 97:[], 98:[], 99:[], 100:[], 101:[], 102:[], 103:[], 104:[], 105:[], 106:[], 107:[], 108:[], 109:[], 110:[], 111:[], 112:[], 113:[], 114:[], 115:[], 116:[], 117:[], 118:[], 119:[], 120:[], 121:[], 122:[], 123:[], 124:[], 125:[], 126:[], 127:[], 128:[], 129:[], 130:[], 131:[], 132:[], 133:[], 134:[], 135:[], 136:[], 137:[]",26620889040,31266457747
3301,2,15376.2064,12580439,187567774,1496900295,363.3703,false,137,true,true,true,true,true,false,false,"0:[0, 1, 2, 3, 4, 5, 6, 7, 8, 9, 10, 11, 12, 13, 14, 15, 16, 17, 18, 19, 20, 21, 22, 23, 24, 25, 26, 27, 28, 29, 30, 31, 32, 33, 34, 35, 36, 37, 38, 39, 40, 41, 42, 43, 44, 45, 46, 47, 48, 49, 50, 51, 52, 53, 54, 55, 56, 57, 58, 59, 60, 61, 62, 63, 64, 65, 66, 67, 68, 69, 70, 71, 72, 73, 74, 75, 76, 77, 78, 79, 80, 81, 82, 83, 84, 85, 86, 87, 88, 89, 90, 91, 92, 93, 94, 95, 96, 97, 98, 99, 100, 101, 102, 103, 104, 105, 106, 107, 108, 109, 110, 111, 112, 113, 114, 115, 116, 117, 118, 119, 120, 121, 122, 123, 124, 125, 126, 127, 128, 129, 130, 131, 132, 133, 134, 135, 136], 1:[], 2:[], 3:[], 4:[], 5:[], 6:[], 7:[], 8:[], 9:[], 10:[], 11:[], 12:[], 13:[], 14:[], 15:[], 16:[], 17:[], 18:[], 19:[], 20:[], 21:[], 22:[], 23:[], 24:[], 25:[], 26:[], 27:[], 28:[], 29:[], 30:[], 31:[], 32:[], 33:[], 34:[], 35:[], 36:[], 37:[], 38:[], 39:[], 40:[], 41:[], 42:[], 43:[], 44:[], 45:[], 46:[], 47:[], 48:[], 49:[], 50:[], 51:[], 52:[], 53:[], 54:[], 55:[], 56:[], 57:[], 58:[], 59:[], 60:[], 61:[], 62:[], 63:[], 64:[], 65:[], 66:[], 67:[], 68:[], 69:[], 70:[], 71:[], 72:[], 73:[], 74:[], 75:[], 76:[], 77:[], 78:[], 79:[], 80:[], 81:[], 82:[], 83:[], 84:[], 85:[], 86:[], 87:[], 88:[], 89:[], 90:[], 91:[], 92:[], 93:[], 94:[], 95:[], 96:[], 97:[], 98:[], 99:[], 100:[], 101:[], 102:[], 103:[], 104:[], 105:[], 106:[], 107:[], 108:[], 109:[], 110:[], 111:[], 112:[], 113:[], 114:[], 115:[], 116:[], 117:[], 118:[], 119:[], 120:[], 121:[], 122:[], 123:[], 124:[], 125:[], 126:[], 127:[], 128:[], 129:[], 130:[], 131:[], 132:[], 133:[], 134:[], 135:[], 136:[]",26648750648,31306979278
3307,2,13014.1785,12648997,188591169,1505070873,363.9690,false,137,true,true,true,true,true,false,false,"0:[0, 1, 2, 3, 4, 5, 6, 7, 8, 9, 10, 11, 12, 13, 14, 15, 16, 17, 18, 19, 20, 21, 22, 23, 24, 25, 26, 27, 28, 29, 30, 31, 32, 33, 34, 35, 36, 37, 38, 39, 40, 41, 42, 43, 44, 45, 46, 47, 48, 49, 50, 51, 52, 53, 54, 55, 56, 57, 58, 59, 60, 61, 62, 63, 64, 65, 66, 67, 68, 69, 70, 71, 72, 73, 74, 75, 76, 77, 78, 79, 80, 81, 82, 83, 84, 85, 86, 87, 88, 89, 90, 91, 92, 93, 94, 95, 96, 97, 98, 99, 100, 101, 102, 103, 104, 105, 106, 107, 108, 109, 110, 111, 112, 113, 114, 115, 116, 117, 118, 119, 120, 121, 122, 123, 124, 125, 126, 127, 128, 129, 130, 131, 132, 133, 134, 135, 136], 1:[], 2:[], 3:[], 4:[], 5:[], 6:[], 7:[], 8:[], 9:[], 10:[], 11:[], 12:[], 13:[], 14:[], 15:[], 16:[], 17:[], 18:[], 19:[], 20:[], 21:[], 22:[], 23:[], 24:[], 25:[], 26:[], 27:[], 28:[], 29:[], 30:[], 31:[], 32:[], 33:[], 34:[], 35:[], 36:[], 37:[], 38:[], 39:[], 40:[], 41:[], 42:[], 43:[], 44:[], 45:[], 46:[], 47:[], 48:[], 49:[], 50:[], 51:[], 52:[], 53:[], 54:[], 55:[], 56:[], 57:[], 58:[], 59:[], 60:[], 61:[], 62:[], 63:[], 64:[], 65:[], 66:[], 67:[], 68:[], 69:[], 70:[], 71:[], 72:[], 73:[], 74:[], 75:[], 76:[], 77:[], 78:[], 79:[], 80:[], 81:[], 82:[], 83:[], 84:[], 85:[], 86:[], 87:[], 88:[], 89:[], 90:[], 91:[], 92:[], 93:[], 94:[], 95:[], 96:[], 97:[], 98:[], 99:[], 100:[], 101:[], 102:[], 103:[], 104:[], 105:[], 106:[], 107:[], 108:[], 109:[], 110:[], 111:[], 112:[], 113:[], 114:[], 115:[], 116:[], 117:[], 118:[], 119:[], 120:[], 121:[], 122:[], 123:[], 124:[], 125:[], 126:[], 127:[], 128:[], 129:[], 130:[], 131:[], 132:[], 133:[], 134:[], 135:[], 136:[]",26732267640,31428334941
3313,5,15758.5510,12717804,189619943,1513290993,369.0963,false,138,true,true,true,true,true,false,false,"0:[0, 1, 2, 3, 4, 5, 6, 7, 8, 9, 10, 11, 12, 13, 14, 15, 16, 17, 18, 19, 20, 21, 22, 23, 24, 25, 26, 27, 28, 29, 30, 31, 32, 33, 34, 35, 36, 37, 38, 39, 40, 41, 42, 43, 44, 45, 46, 47, 48, 49, 50, 51, 52, 53, 54, 55, 56, 57, 58, 59, 60, 61, 62, 63, 64, 65, 66, 67, 68, 69, 70, 71, 72, 73, 74, 75, 76, 77, 78, 79, 80, 81, 82, 83, 84, 85, 86, 87, 88, 89, 90, 91, 92, 93, 94, 95, 96, 97, 98, 99, 100, 101, 102, 103, 104, 105, 106, 107, 108, 109, 110, 111, 112, 113, 114, 115, 116, 117, 118, 119, 120, 121, 122, 123, 124, 125, 126, 127, 128, 129, 130, 131, 132, 133, 134, 135, 136, 137], 1:[], 2:[], 3:[], 4:[], 5:[], 6:[], 7:[], 8:[], 9:[], 10:[], 11:[], 12:[], 13:[], 14:[], 15:[], 16:[], 17:[], 18:[], 19:[], 20:[], 21:[], 22:[], 23:[], 24:[], 25:[], 26:[], 27:[], 28:[], 29:[], 30:[], 31:[], 32:[], 33:[], 34:[], 35:[], 36:[], 37:[], 38:[], 39:[], 40:[], 41:[], 42:[], 43:[], 44:[], 45:[], 46:[], 47:[], 48:[], 49:[], 50:[], 51:[], 52:[], 53:[], 54:[], 55:[], 56:[], 57:[], 58:[], 59:[], 60:[], 61:[], 62:[], 63:[], 64:[], 65:[], 66:[], 67:[], 68:[], 69:[], 70:[], 71:[], 72:[], 73:[], 74:[], 75:[], 76:[], 77:[], 78:[], 79:[], 80:[], 81:[], 82:[], 83:[], 84:[], 85:[], 86:[], 87:[], 88:[], 89:[], 90:[], 91:[], 92:[], 93:[], 94:[], 95:[], 96:[], 97:[], 98:[], 99:[], 100:[], 101:[], 102:[], 103:[], 104:[], 105:[], 106:[], 107:[], 108:[], 109:[], 110:[], 111:[], 112:[], 113:[], 114:[], 115:[], 116:[], 117:[], 118:[], 119:[], 120:[], 121:[], 122:[], 123:[], 124:[], 125:[], 126:[], 127:[], 128:[], 129:[], 130:[], 131:[], 132:[], 133:[], 134:[], 135:[], 136:[], 137:[]",26816220928,31550379235
3319,3,14404.1314,12786861,190650792,1521521080,385.0739,false,138,true,true,true,true,true,false,false,"0:[0, 1, 2, 3, 4, 5, 6, 7, 8, 9, 10, 11, 12, 13, 14, 15, 16, 17, 18, 19, 20, 21, 22, 23, 24, 25, 26, 27, 28, 29, 30, 31, 32, 33, 34, 35, 36, 37, 38, 39, 40, 41, 42, 43, 44, 45, 46, 47, 48, 49, 50, 51, 52, 53, 54, 55, 56, 57, 58, 59, 60, 61, 62, 63, 64, 65, 66, 67, 68, 69, 70, 71, 72, 73, 74, 75, 76, 77, 78, 79, 80, 81, 82, 83, 84, 85, 86, 87, 88, 89, 90, 91, 92, 93, 94, 95, 96, 97, 98, 99, 100, 101, 102, 103, 104, 105, 106, 107, 108, 109, 110, 111, 112, 113, 114, 115, 116, 117, 118, 119, 120, 121, 122, 123, 124, 125, 126, 127, 128, 129, 130, 131, 132, 133, 134, 135, 136, 137], 1:[], 2:[], 3:[], 4:[], 5:[], 6:[], 7:[], 8:[], 9:[], 10:[], 11:[], 12:[], 13:[], 14:[], 15:[], 16:[], 17:[], 18:[], 19:[], 20:[], 21:[], 22:[], 23:[], 24:[], 25:[], 26:[], 27:[], 28:[], 29:[], 30:[], 31:[], 32:[], 33:[], 34:[], 35:[], 36:[], 37:[], 38:[], 39:[], 40:[], 41:[], 42:[], 43:[], 44:[], 45:[], 46:[], 47:[], 48:[], 49:[], 50:[], 51:[], 52:[], 53:[], 54:[], 55:[], 56:[], 57:[], 58:[], 59:[], 60:[], 61:[], 62:[], 63:[], 64:[], 65:[], 66:[], 67:[], 68:[], 69:[], 70:[], 71:[], 72:[], 73:[], 74:[], 75:[], 76:[], 77:[], 78:[], 79:[], 80:[], 81:[], 82:[], 83:[], 84:[], 85:[], 86:[], 87:[], 88:[], 89:[], 90:[], 91:[], 92:[], 93:[], 94:[], 95:[], 96:[], 97:[], 98:[], 99:[], 100:[], 101:[], 102:[], 103:[], 104:[], 105:[], 106:[], 107:[], 108:[], 109:[], 110:[], 111:[], 112:[], 113:[], 114:[], 115:[], 116:[], 117:[], 118:[], 119:[], 120:[], 121:[], 122:[], 123:[], 124:[], 125:[], 126:[], 127:[], 128:[], 129:[], 130:[], 131:[], 132:[], 133:[], 134:[], 135:[], 136:[], 137:[]",26900346216,31672618864
3323,2,13557.1850,12833036,191340672,1527031398,392.1178,false,138,true,true,true,true,true,false,false,"0:[0, 1, 2, 3, 4, 5, 6, 7, 8, 9, 10, 11, 12, 13, 14, 15, 16, 17, 18, 19, 20, 21, 22, 23, 24, 25, 26, 27, 28, 29, 30, 31, 32, 33, 34, 35, 36, 37, 38, 39, 40, 41, 42, 43, 44, 45, 46, 47, 48, 49, 50, 51, 52, 53, 54, 55, 56, 57, 58, 59, 60, 61, 62, 63, 64, 65, 66, 67, 68, 69, 70, 71, 72, 73, 74, 75, 76, 77, 78, 79, 80, 81, 82, 83, 84, 85, 86, 87, 88, 89, 90, 91, 92, 93, 94, 95, 96, 97, 98, 99, 100, 101, 102, 103, 104, 105, 106, 107, 108, 109, 110, 111, 112, 113, 114, 115, 116, 117, 118, 119, 120, 121, 122, 123, 124, 125, 126, 127, 128, 129, 130, 131, 132, 133, 134, 135, 136, 137], 1:[], 2:[], 3:[], 4:[], 5:[], 6:[], 7:[], 8:[], 9:[], 10:[], 11:[], 12:[], 13:[], 14:[], 15:[], 16:[], 17:[], 18:[], 19:[], 20:[], 21:[], 22:[], 23:[], 24:[], 25:[], 26:[], 27:[], 28:[], 29:[], 30:[], 31:[], 32:[], 33:[], 34:[], 35:[], 36:[], 37:[], 38:[], 39:[], 40:[], 41:[], 42:[], 43:[], 44:[], 45:[], 46:[], 47:[], 48:[], 49:[], 50:[], 51:[], 52:[], 53:[], 54:[], 55:[], 56:[], 57:[], 58:[], 59:[], 60:[], 61:[], 62:[], 63:[], 64:[], 65:[], 66:[], 67:[], 68:[], 69:[], 70:[], 71:[], 72:[], 73:[], 74:[], 75:[], 76:[], 77:[], 78:[], 79:[], 80:[], 81:[], 82:[], 83:[], 84:[], 85:[], 86:[], 87:[], 88:[], 89:[], 90:[], 91:[], 92:[], 93:[], 94:[], 95:[], 96:[], 97:[], 98:[], 99:[], 100:[], 101:[], 102:[], 103:[], 104:[], 105:[], 106:[], 107:[], 108:[], 109:[], 110:[], 111:[], 112:[], 113:[], 114:[], 115:[], 116:[], 117:[], 118:[], 119:[], 120:[], 121:[], 122:[], 123:[], 124:[], 125:[], 126:[], 127:[], 128:[], 129:[], 130:[], 131:[], 132:[], 133:[], 134:[], 135:[], 136:[], 137:[]",26956644816,31754442992
3329,3,18202.1722,12902509,192379427,1535331450,376.9063,false,139,true,true,true,true,true,false,false,"0:[0, 1, 2, 3, 4, 5, 6, 7, 8, 9, 10, 11, 12, 13, 14, 15, 16, 17, 18, 19, 20, 21, 22, 23, 24, 25, 26, 27, 28, 29, 30, 31, 32, 33, 34, 35, 36, 37, 38, 39, 40, 41, 42, 43, 44, 45, 46, 47, 48, 49, 50, 51, 52, 53, 54, 55, 56, 57, 58, 59, 60, 61, 62, 63, 64, 65, 66, 67, 68, 69, 70, 71, 72, 73, 74, 75, 76, 77, 78, 79, 80, 81, 82, 83, 84, 85, 86, 87, 88, 89, 90, 91, 92, 93, 94, 95, 96, 97, 98, 99, 100, 101, 102, 103, 104, 105, 106, 107, 108, 109, 110, 111, 112, 113, 114, 115, 116, 117, 118, 119, 120, 121, 122, 123, 124, 125, 126, 127, 128, 129, 130, 131, 132, 133, 134, 135, 136, 137, 138], 1:[], 2:[], 3:[], 4:[], 5:[], 6:[], 7:[], 8:[], 9:[], 10:[], 11:[], 12:[], 13:[], 14:[], 15:[], 16:[], 17:[], 18:[], 19:[], 20:[], 21:[], 22:[], 23:[], 24:[], 25:[], 26:[], 27:[], 28:[], 29:[], 30:[], 31:[], 32:[], 33:[], 34:[], 35:[], 36:[], 37:[], 38:[], 39:[], 40:[], 41:[], 42:[], 43:[], 44:[], 45:[], 46:[], 47:[], 48:[], 49:[], 50:[], 51:[], 52:[], 53:[], 54:[], 55:[], 56:[], 57:[], 58:[], 59:[], 60:[], 61:[], 62:[], 63:[], 64:[], 65:[], 66:[], 67:[], 68:[], 69:[], 70:[], 71:[], 72:[], 73:[], 74:[], 75:[], 76:[], 77:[], 78:[], 79:[], 80:[], 81:[], 82:[], 83:[], 84:[], 85:[], 86:[], 87:[], 88:[], 89:[], 90:[], 91:[], 92:[], 93:[], 94:[], 95:[], 96:[], 97:[], 98:[], 99:[], 100:[], 101:[], 102:[], 103:[], 104:[], 105:[], 106:[], 107:[], 108:[], 109:[], 110:[], 111:[], 112:[], 113:[], 114:[], 115:[], 116:[], 117:[], 118:[], 119:[], 120:[], 121:[], 122:[], 123:[], 124:[], 125:[], 126:[], 127:[], 128:[], 129:[], 130:[], 131:[], 132:[], 133:[], 134:[], 135:[], 136:[], 137:[], 138:[]",27041412568,31877671047
3331,2,13007.2982,12925721,192725397,1538091418,396.5492,false,139,true,true,true,true,true,false,false,"0:[0, 1, 2, 3, 4, 5, 6, 7, 8, 9, 10, 11, 12, 13, 14, 15, 16, 17, 18, 19, 20, 21, 22, 23, 24, 25, 26, 27, 28, 29, 30, 31, 32, 33, 34, 35, 36, 37, 38, 39, 40, 41, 42, 43, 44, 45, 46, 47, 48, 49, 50, 51, 52, 53, 54, 55, 56, 57, 58, 59, 60, 61, 62, 63, 64, 65, 66, 67, 68, 69, 70, 71, 72, 73, 74, 75, 76, 77, 78, 79, 80, 81, 82, 83, 84, 85, 86, 87, 88, 89, 90, 91, 92, 93, 94, 95, 96, 97, 98, 99, 100, 101, 102, 103, 104, 105, 106, 107, 108, 109, 110, 111, 112, 113, 114, 115, 116, 117, 118, 119, 120, 121, 122, 123, 124, 125, 126, 127, 128, 129, 130, 131, 132, 133, 134, 135, 136, 137, 138], 1:[], 2:[], 3:[], 4:[], 5:[], 6:[], 7:[], 8:[], 9:[], 10:[], 11:[], 12:[], 13:[], 14:[], 15:[], 16:[], 17:[], 18:[], 19:[], 20:[], 21:[], 22:[], 23:[], 24:[], 25:[], 26:[], 27:[], 28:[], 29:[], 30:[], 31:[], 32:[], 33:[], 34:[], 35:[], 36:[], 37:[], 38:[], 39:[], 40:[], 41:[], 42:[], 43:[], 44:[], 45:[], 46:[], 47:[], 48:[], 49:[], 50:[], 51:[], 52:[], 53:[], 54:[], 55:[], 56:[], 57:[], 58:[], 59:[], 60:[], 61:[], 62:[], 63:[], 64:[], 65:[], 66:[], 67:[], 68:[], 69:[], 70:[], 71:[], 72:[], 73:[], 74:[], 75:[], 76:[], 77:[], 78:[], 79:[], 80:[], 81:[], 82:[], 83:[], 84:[], 85:[], 86:[], 87:[], 88:[], 89:[], 90:[], 91:[], 92:[], 93:[], 94:[], 95:[], 96:[], 97:[], 98:[], 99:[], 100:[], 101:[], 102:[], 103:[], 104:[], 105:[], 106:[], 107:[], 108:[], 109:[], 110:[], 111:[], 112:[], 113:[], 114:[], 115:[], 116:[], 117:[], 118:[], 119:[], 120:[], 121:[], 122:[], 123:[], 124:[], 125:[], 126:[], 127:[], 128:[], 129:[], 130:[], 131:[], 132:[], 133:[], 134:[], 135:[], 136:[], 137:[], 138:[]",27069647256,31918680033
3343,3,14131.4981,13065584,194815013,1554781848,382.4798,false,140,true,true,true,true,true,false,false,"0:[0, 1, 2, 3, 4, 5, 6, 7, 8, 9, 10, 11, 12, 13, 14, 15, 16, 17, 18, 19, 20, 21, 22, 23, 24, 25, 26, 27, 28, 29, 30, 31, 32, 33, 34, 35, 36, 37, 38, 39, 40, 41, 42, 43, 44, 45, 46, 47, 48, 49, 50, 51, 52, 53, 54, 55, 56, 57, 58, 59, 60, 61, 62, 63, 64, 65, 66, 67, 68, 69, 70, 71, 72, 73, 74, 75, 76, 77, 78, 79, 80, 81, 82, 83, 84, 85, 86, 87, 88, 89, 90, 91, 92, 93, 94, 95, 96, 97, 98, 99, 100, 101, 102, 103, 104, 105, 106, 107, 108, 109, 110, 111, 112, 113, 114, 115, 116, 117, 118, 119, 120, 121, 122, 123, 124, 125, 126, 127, 128, 129, 130, 131, 132, 133, 134, 135, 136, 137, 138, 139], 1:[], 2:[], 3:[], 4:[], 5:[], 6:[], 7:[], 8:[], 9:[], 10:[], 11:[], 12:[], 13:[], 14:[], 15:[], 16:[], 17:[], 18:[], 19:[], 20:[], 21:[], 22:[], 23:[], 24:[], 25:[], 26:[], 27:[], 28:[], 29:[], 30:[], 31:[], 32:[], 33:[], 34:[], 35:[], 36:[], 37:[], 38:[], 39:[], 40:[], 41:[], 42:[], 43:[], 44:[], 45:[], 46:[], 47:[], 48:[], 49:[], 50:[], 51:[], 52:[], 53:[], 54:[], 55:[], 56:[], 57:[], 58:[], 59:[], 60:[], 61:[], 62:[], 63:[], 64:[], 65:[], 66:[], 67:[], 68:[], 69:[], 70:[], 71:[], 72:[], 73:[], 74:[], 75:[], 76:[], 77:[], 78:[], 79:[], 80:[], 81:[], 82:[], 83:[], 84:[], 85:[], 86:[], 87:[], 88:[], 89:[], 90:[], 91:[], 92:[], 93:[], 94:[], 95:[], 96:[], 97:[], 98:[], 99:[], 100:[], 101:[], 102:[], 103:[], 104:[], 105:[], 106:[], 107:[], 108:[], 109:[], 110:[], 111:[], 112:[], 113:[], 114:[], 115:[], 116:[], 117:[], 118:[], 119:[], 120:[], 121:[], 122:[], 123:[], 124:[], 125:[], 126:[], 127:[], 128:[], 129:[], 130:[], 131:[], 132:[], 133:[], 134:[], 135:[], 136:[], 137:[], 138:[], 139:[]",27240173248,32166522073
3347,2,15492.0781,13112428,195514865,1560371630,381.7111,false,139,true,true,true,true,true,false,false,"0:[0, 1, 2, 3, 4, 5, 6, 7, 8, 9, 10, 11, 12, 13, 14, 15, 16, 17, 18, 19, 20, 21, 22, 23, 24, 25, 26, 27, 28, 29, 30, 31, 32, 33, 34, 35, 36, 37, 38, 39, 40, 41, 42, 43, 44, 45, 46, 47, 48, 49, 50, 51, 52, 53, 54, 55, 56, 57, 58, 59, 60, 61, 62, 63, 64, 65, 66, 67, 68, 69, 70, 71, 72, 73, 74, 75, 76, 77, 78, 79, 80, 81, 82, 83, 84, 85, 86, 87, 88, 89, 90, 91, 92, 93, 94, 95, 96, 97, 98, 99, 100, 101, 102, 103, 104, 105, 106, 107, 108, 109, 110, 111, 112, 113, 114, 115, 116, 117, 118, 119, 120, 121, 122, 123, 124, 125, 126, 127, 128, 129, 130, 131, 132, 133, 134, 135, 136, 137, 138], 1:[], 2:[], 3:[], 4:[], 5:[], 6:[], 7:[], 8:[], 9:[], 10:[], 11:[], 12:[], 13:[], 14:[], 15:[], 16:[], 17:[], 18:[], 19:[], 20:[], 21:[], 22:[], 23:[], 24:[], 25:[], 26:[], 27:[], 28:[], 29:[], 30:[], 31:[], 32:[], 33:[], 34:[], 35:[], 36:[], 37:[], 38:[], 39:[], 40:[], 41:[], 42:[], 43:[], 44:[], 45:[], 46:[], 47:[], 48:[], 49:[], 50:[], 51:[], 52:[], 53:[], 54:[], 55:[], 56:[], 57:[], 58:[], 59:[], 60:[], 61:[], 62:[], 63:[], 64:[], 65:[], 66:[], 67:[], 68:[], 69:[], 70:[], 71:[], 72:[], 73:[], 74:[], 75:[], 76:[], 77:[], 78:[], 79:[], 80:[], 81:[], 82:[], 83:[], 84:[], 85:[], 86:[], 87:[], 88:[], 89:[], 90:[], 91:[], 92:[], 93:[], 94:[], 95:[], 96:[], 97:[], 98:[], 99:[], 100:[], 101:[], 102:[], 103:[], 104:[], 105:[], 106:[], 107:[], 108:[], 109:[], 110:[], 111:[], 112:[], 113:[], 114:[], 115:[], 116:[], 117:[], 118:[], 119:[], 120:[], 121:[], 122:[], 123:[], 124:[], 125:[], 126:[], 127:[], 128:[], 129:[], 130:[], 131:[], 132:[], 133:[], 134:[], 135:[], 136:[], 137:[], 138:[]",27297285664,32249528629
3359,11,17208.1271,13253633,197624480,1577221382,383.8768,false,139,true,true,true,true,true,false,false,"0:[0, 1, 2, 3, 4, 5, 6, 7, 8, 9, 10, 11, 12, 13, 14, 15, 16, 17, 18, 19, 20, 21, 22, 23, 24, 25, 26, 27, 28, 29, 30, 31, 32, 33, 34, 35, 36, 37, 38, 39, 40, 41, 42, 43, 44, 45, 46, 47, 48, 49, 50, 51, 52, 53, 54, 55, 56, 57, 58, 59, 60, 61, 62, 63, 64, 65, 66, 67, 68, 69, 70, 71, 72, 73, 74, 75, 76, 77, 78, 79, 80, 81, 82, 83, 84, 85, 86, 87, 88, 89, 90, 91, 92, 93, 94, 95, 96, 97, 98, 99, 100, 101, 102, 103, 104, 105, 106, 107, 108, 109, 110, 111, 112, 113, 114, 115, 116, 117, 118, 119, 120, 121, 122, 123, 124, 125, 126, 127, 128, 129, 130, 131, 132, 133, 134, 135, 136, 137, 138], 1:[], 2:[], 3:[], 4:[], 5:[], 6:[], 7:[], 8:[], 9:[], 10:[], 11:[], 12:[], 13:[], 14:[], 15:[], 16:[], 17:[], 18:[], 19:[], 20:[], 21:[], 22:[], 23:[], 24:[], 25:[], 26:[], 27:[], 28:[], 29:[], 30:[], 31:[], 32:[], 33:[], 34:[], 35:[], 36:[], 37:[], 38:[], 39:[], 40:[], 41:[], 42:[], 43:[], 44:[], 45:[], 46:[], 47:[], 48:[], 49:[], 50:[], 51:[], 52:[], 53:[], 54:[], 55:[], 56:[], 57:[], 58:[], 59:[], 60:[], 61:[], 62:[], 63:[], 64:[], 65:[], 66:[], 67:[], 68:[], 69:[], 70:[], 71:[], 72:[], 73:[], 74:[], 75:[], 76:[], 77:[], 78:[], 79:[], 80:[], 81:[], 82:[], 83:[], 84:[], 85:[], 86:[], 87:[], 88:[], 89:[], 90:[], 91:[], 92:[], 93:[], 94:[], 95:[], 96:[], 97:[], 98:[], 99:[], 100:[], 101:[], 102:[], 103:[], 104:[], 105:[], 106:[], 107:[], 108:[], 109:[], 110:[], 111:[], 112:[], 113:[], 114:[], 115:[], 116:[], 117:[], 118:[], 119:[], 120:[], 121:[], 122:[], 123:[], 124:[], 125:[], 126:[], 127:[], 128:[], 129:[], 130:[], 131:[], 132:[], 133:[], 134:[], 135:[], 136:[], 137:[], 138:[]",27469443784,32499740904
3361,11,17901.6005,13277264,197978421,1580051889,429.6589,false,141,true,true,true,true,true,false,false,"0:[0, 1, 2, 3, 4, 5, 6, 7, 8, 9, 10, 11, 12, 13, 14, 15, 16, 17, 18, 19, 20, 21, 22, 23, 24, 25, 26, 27, 28, 29, 30, 31, 32, 33, 34, 35, 36, 37, 38, 39, 40, 41, 42, 43, 44, 45, 46, 47, 48, 49, 50, 51, 52, 53, 54, 55, 56, 57, 58, 59, 60, 61, 62, 63, 64, 65, 66, 67, 68, 69, 70, 71, 72, 73, 74, 75, 76, 77, 78, 79, 80, 81, 82, 83, 84, 85, 86, 87, 88, 89, 90, 91, 92, 93, 94, 95, 96, 97, 98, 99, 100, 101, 102, 103, 104, 105, 106, 107, 108, 109, 110, 111, 112, 113, 114, 115, 116, 117, 118, 119, 120, 121, 122, 123, 124, 125, 126, 127, 128, 129, 130, 131, 132, 133, 134, 135, 136, 137, 138, 139, 140], 1:[], 2:[], 3:[], 4:[], 5:[], 6:[], 7:[], 8:[], 9:[], 10:[], 11:[], 12:[], 13:[], 14:[], 15:[], 16:[], 17:[], 18:[], 19:[], 20:[], 21:[], 22:[], 23:[], 24:[], 25:[], 26:[], 27:[], 28:[], 29:[], 30:[], 31:[], 32:[], 33:[], 34:[], 35:[], 36:[], 37:[], 38:[], 39:[], 40:[], 41:[], 42:[], 43:[], 44:[], 45:[], 46:[], 47:[], 48:[], 49:[], 50:[], 51:[], 52:[], 53:[], 54:[], 55:[], 56:[], 57:[], 58:[], 59:[], 60:[], 61:[], 62:[], 63:[], 64:[], 65:[], 66:[], 67:[], 68:[], 69:[], 70:[], 71:[], 72:[], 73:[], 74:[], 75:[], 76:[], 77:[], 78:[], 79:[], 80:[], 81:[], 82:[], 83:[], 84:[], 85:[], 86:[], 87:[], 88:[], 89:[], 90:[], 91:[], 92:[], 93:[], 94:[], 95:[], 96:[], 97:[], 98:[], 99:[], 100:[], 101:[], 102:[], 103:[], 104:[], 105:[], 106:[], 107:[], 108:[], 109:[], 110:[], 111:[], 112:[], 113:[], 114:[], 115:[], 116:[], 117:[], 118:[], 119:[], 120:[], 121:[], 122:[], 123:[], 124:[], 125:[], 126:[], 127:[], 128:[], 129:[], 130:[], 131:[], 132:[], 133:[], 134:[], 135:[], 136:[], 137:[], 138:[], 139:[], 140:[]",27498326208,32541746985
3371,2,15820.6808,13395846,199749299,1594193219,403.8795,false,141,true,true,true,true,true,false,false,"0:[0, 1, 2, 3, 4, 5, 6, 7, 8, 9, 10, 11, 12, 13, 14, 15, 16, 17, 18, 19, 20, 21, 22, 23, 24, 25, 26, 27, 28, 29, 30, 31, 32, 33, 34, 35, 36, 37, 38, 39, 40, 41, 42, 43, 44, 45, 46, 47, 48, 49, 50, 51, 52, 53, 54, 55, 56, 57, 58, 59, 60, 61, 62, 63, 64, 65, 66, 67, 68, 69, 70, 71, 72, 73, 74, 75, 76, 77, 78, 79, 80, 81, 82, 83, 84, 85, 86, 87, 88, 89, 90, 91, 92, 93, 94, 95, 96, 97, 98, 99, 100, 101, 102, 103, 104, 105, 106, 107, 108, 109, 110, 111, 112, 113, 114, 115, 116, 117, 118, 119, 120, 121, 122, 123, 124, 125, 126, 127, 128, 129, 130, 131, 132, 133, 134, 135, 136, 137, 138, 139, 140], 1:[], 2:[], 3:[], 4:[], 5:[], 6:[], 7:[], 8:[], 9:[], 10:[], 11:[], 12:[], 13:[], 14:[], 15:[], 16:[], 17:[], 18:[], 19:[], 20:[], 21:[], 22:[], 23:[], 24:[], 25:[], 26:[], 27:[], 28:[], 29:[], 30:[], 31:[], 32:[], 33:[], 34:[], 35:[], 36:[], 37:[], 38:[], 39:[], 40:[], 41:[], 42:[], 43:[], 44:[], 45:[], 46:[], 47:[], 48:[], 49:[], 50:[], 51:[], 52:[], 53:[], 54:[], 55:[], 56:[], 57:[], 58:[], 59:[], 60:[], 61:[], 62:[], 63:[], 64:[], 65:[], 66:[], 67:[], 68:[], 69:[], 70:[], 71:[], 72:[], 73:[], 74:[], 75:[], 76:[], 77:[], 78:[], 79:[], 80:[], 81:[], 82:[], 83:[], 84:[], 85:[], 86:[], 87:[], 88:[], 89:[], 90:[], 91:[], 92:[], 93:[], 94:[], 95:[], 96:[], 97:[], 98:[], 99:[], 100:[], 101:[], 102:[], 103:[], 104:[], 105:[], 106:[], 107:[], 108:[], 109:[], 110:[], 111:[], 112:[], 113:[], 114:[], 115:[], 116:[], 117:[], 118:[], 119:[], 120:[], 121:[], 122:[], 123:[], 124:[], 125:[], 126:[], 127:[], 128:[], 129:[], 130:[], 131:[], 132:[], 133:[], 134:[], 135:[], 136:[], 137:[], 138:[], 139:[], 140:[]",27642842416,32751758351
3373,2,13941.9621,13419647,200105755,1597043798,384.0937,false,141,true,true,true,true,true,false,false,"0:[0, 1, 2, 3, 4, 5, 6, 7, 8, 9, 10, 11, 12, 13, 14, 15, 16, 17, 18, 19, 20, 21, 22, 23, 24, 25, 26, 27, 28, 29, 30, 31, 32, 33, 34, 35, 36, 37, 38, 39, 40, 41, 42, 43, 44, 45, 46, 47, 48, 49, 50, 51, 52, 53, 54, 55, 56, 57, 58, 59, 60, 61, 62, 63, 64, 65, 66, 67, 68, 69, 70, 71, 72, 73, 74, 75, 76, 77, 78, 79, 80, 81, 82, 83, 84, 85, 86, 87, 88, 89, 90, 91, 92, 93, 94, 95, 96, 97, 98, 99, 100, 101, 102, 103, 104, 105, 106, 107, 108, 109, 110, 111, 112, 113, 114, 115, 116, 117, 118, 119, 120, 121, 122, 123, 124, 125, 126, 127, 128, 129, 130, 131, 132, 133, 134, 135, 136, 137, 138, 139, 140], 1:[], 2:[], 3:[], 4:[], 5:[], 6:[], 7:[], 8:[], 9:[], 10:[], 11:[], 12:[], 13:[], 14:[], 15:[], 16:[], 17:[], 18:[], 19:[], 20:[], 21:[], 22:[], 23:[], 24:[], 25:[], 26:[], 27:[], 28:[], 29:[], 30:[], 31:[], 32:[], 33:[], 34:[], 35:[], 36:[], 37:[], 38:[], 39:[], 40:[], 41:[], 42:[], 43:[], 44:[], 45:[], 46:[], 47:[], 48:[], 49:[], 50:[], 51:[], 52:[], 53:[], 54:[], 55:[], 56:[], 57:[], 58:[], 59:[], 60:[], 61:[], 62:[], 63:[], 64:[], 65:[], 66:[], 67:[], 68:[], 69:[], 70:[], 71:[], 72:[], 73:[], 74:[], 75:[], 76:[], 77:[], 78:[], 79:[], 80:[], 81:[], 82:[], 83:[], 84:[], 85:[], 86:[], 87:[], 88:[], 89:[], 90:[], 91:[], 92:[], 93:[], 94:[], 95:[], 96:[], 97:[], 98:[], 99:[], 100:[], 101:[], 102:[], 103:[], 104:[], 105:[], 106:[], 107:[], 108:[], 109:[], 110:[], 111:[], 112:[], 113:[], 114:[], 115:[], 116:[], 117:[], 118:[], 119:[], 120:[], 121:[], 122:[], 123:[], 124:[], 125:[], 126:[], 127:[], 128:[], 129:[], 130:[], 131:[], 132:[], 133:[], 134:[], 135:[], 136:[], 137:[], 138:[], 139:[], 140:[]",27671930120,32794061967
3389,2,16609.9011,13611070,202965790,1619887859,413.6863,false,141,true,true,true,true,true,false,false,"0:[0, 1, 2, 3, 4, 5, 6, 7, 8, 9, 10, 11, 12, 13, 14, 15, 16, 17, 18, 19, 20, 21, 22, 23, 24, 25, 26, 27, 28, 29, 30, 31, 32, 33, 34, 35, 36, 37, 38, 39, 40, 41, 42, 43, 44, 45, 46, 47, 48, 49, 50, 51, 52, 53, 54, 55, 56, 57, 58, 59, 60, 61, 62, 63, 64, 65, 66, 67, 68, 69, 70, 71, 72, 73, 74, 75, 76, 77, 78, 79, 80, 81, 82, 83, 84, 85, 86, 87, 88, 89, 90, 91, 92, 93, 94, 95, 96, 97, 98, 99, 100, 101, 102, 103, 104, 105, 106, 107, 108, 109, 110, 111, 112, 113, 114, 115, 116, 117, 118, 119, 120, 121, 122, 123, 124, 125, 126, 127, 128, 129, 130, 131, 132, 133, 134, 135, 136, 137, 138, 139, 140], 1:[], 2:[], 3:[], 4:[], 5:[], 6:[], 7:[], 8:[], 9:[], 10:[], 11:[], 12:[], 13:[], 14:[], 15:[], 16:[], 17:[], 18:[], 19:[], 20:[], 21:[], 22:[], 23:[], 24:[], 25:[], 26:[], 27:[], 28:[], 29:[], 30:[], 31:[], 32:[], 33:[], 34:[], 35:[], 36:[], 37:[], 38:[], 39:[], 40:[], 41:[], 42:[], 43:[], 44:[], 45:[], 46:[], 47:[], 48:[], 49:[], 50:[], 51:[], 52:[], 53:[], 54:[], 55:[], 56:[], 57:[], 58:[], 59:[], 60:[], 61:[], 62:[], 63:[], 64:[], 65:[], 66:[], 67:[], 68:[], 69:[], 70:[], 71:[], 72:[], 73:[], 74:[], 75:[], 76:[], 77:[], 78:[], 79:[], 80:[], 81:[], 82:[], 83:[], 84:[], 85:[], 86:[], 87:[], 88:[], 89:[], 90:[], 91:[], 92:[], 93:[], 94:[], 95:[], 96:[], 97:[], 98:[], 99:[], 100:[], 101:[], 102:[], 103:[], 104:[], 105:[], 106:[], 107:[], 108:[], 109:[], 110:[], 111:[], 112:[], 113:[], 114:[], 115:[], 116:[], 117:[], 118:[], 119:[], 120:[], 121:[], 122:[], 123:[], 124:[], 125:[], 126:[], 127:[], 128:[], 129:[], 130:[], 131:[], 132:[], 133:[], 134:[], 135:[], 136:[], 137:[], 138:[], 139:[], 140:[]",27905327072,33133279766
3391,3,17469.6370,13635124,203324316,1622747927,414.2135,false,141,true,true,true,true,true,false,false,"0:[0, 1, 2, 3, 4, 5, 6, 7, 8, 9, 10, 11, 12, 13, 14, 15, 16, 17, 18, 19, 20, 21, 22, 23, 24, 25, 26, 27, 28, 29, 30, 31, 32, 33, 34, 35, 36, 37, 38, 39, 40, 41, 42, 43, 44, 45, 46, 47, 48, 49, 50, 51, 52, 53, 54, 55, 56, 57, 58, 59, 60, 61, 62, 63, 64, 65, 66, 67, 68, 69, 70, 71, 72, 73, 74, 75, 76, 77, 78, 79, 80, 81, 82, 83, 84, 85, 86, 87, 88, 89, 90, 91, 92, 93, 94, 95, 96, 97, 98, 99, 100, 101, 102, 103, 104, 105, 106, 107, 108, 109, 110, 111, 112, 113, 114, 115, 116, 117, 118, 119, 120, 121, 122, 123, 124, 125, 126, 127, 128, 129, 130, 131, 132, 133, 134, 135, 136, 137, 138, 139, 140], 1:[], 2:[], 3:[], 4:[], 5:[], 6:[], 7:[], 8:[], 9:[], 10:[], 11:[], 12:[], 13:[], 14:[], 15:[], 16:[], 17:[], 18:[], 19:[], 20:[], 21:[], 22:[], 23:[], 24:[], 25:[], 26:[], 27:[], 28:[], 29:[], 30:[], 31:[], 32:[], 33:[], 34:[], 35:[], 36:[], 37:[], 38:[], 39:[], 40:[], 41:[], 42:[], 43:[], 44:[], 45:[], 46:[], 47:[], 48:[], 49:[], 50:[], 51:[], 52:[], 53:[], 54:[], 55:[], 56:[], 57:[], 58:[], 59:[], 60:[], 61:[], 62:[], 63:[], 64:[], 65:[], 66:[], 67:[], 68:[], 69:[], 70:[], 71:[], 72:[], 73:[], 74:[], 75:[], 76:[], 77:[], 78:[], 79:[], 80:[], 81:[], 82:[], 83:[], 84:[], 85:[], 86:[], 87:[], 88:[], 89:[], 90:[], 91:[], 92:[], 93:[], 94:[], 95:[], 96:[], 97:[], 98:[], 99:[], 100:[], 101:[], 102:[], 103:[], 104:[], 105:[], 106:[], 107:[], 108:[], 109:[], 110:[], 111:[], 112:[], 113:[], 114:[], 115:[], 116:[], 117:[], 118:[], 119:[], 120:[], 121:[], 122:[], 123:[], 124:[], 125:[], 126:[], 127:[], 128:[], 129:[], 130:[], 131:[], 132:[], 133:[], 134:[], 135:[], 136:[], 137:[], 138:[], 139:[], 140:[]",27934586448,33175777116
3407,5,17959.9116,13828585,206214868,1645835991,475.3503,false,142,true,true,true,true,true,false,false,"0:[0, 1, 2, 3, 4, 5, 6, 7, 8, 9, 10, 11, 12, 13, 14, 15, 16, 17, 18, 19, 20, 21, 22, 23, 24, 25, 26, 27, 28, 29, 30, 31, 32, 33, 34, 35, 36, 37, 38, 39, 40, 41, 42, 43, 44, 45, 46, 47, 48, 49, 50, 51, 52, 53, 54, 55, 56, 57, 58, 59, 60, 61, 62, 63, 64, 65, 66, 67, 68, 69, 70, 71, 72, 73, 74, 75, 76, 77, 78, 79, 80, 81, 82, 83, 84, 85, 86, 87, 88, 89, 90, 91, 92, 93, 94, 95, 96, 97, 98, 99, 100, 101, 102, 103, 104, 105, 106, 107, 108, 109, 110, 111, 112, 113, 114, 115, 116, 117, 118, 119, 120, 121, 122, 123, 124, 125, 126, 127, 128, 129, 130, 131, 132, 133, 134, 135, 136, 137, 138, 139, 140, 141], 1:[], 2:[], 3:[], 4:[], 5:[], 6:[], 7:[], 8:[], 9:[], 10:[], 11:[], 12:[], 13:[], 14:[], 15:[], 16:[], 17:[], 18:[], 19:[], 20:[], 21:[], 22:[], 23:[], 24:[], 25:[], 26:[], 27:[], 28:[], 29:[], 30:[], 31:[], 32:[], 33:[], 34:[], 35:[], 36:[], 37:[], 38:[], 39:[], 40:[], 41:[], 42:[], 43:[], 44:[], 45:[], 46:[], 47:[], 48:[], 49:[], 50:[], 51:[], 52:[], 53:[], 54:[], 55:[], 56:[], 57:[], 58:[], 59:[], 60:[], 61:[], 62:[], 63:[], 64:[], 65:[], 66:[], 67:[], 68:[], 69:[], 70:[], 71:[], 72:[], 73:[], 74:[], 75:[], 76:[], 77:[], 78:[], 79:[], 80:[], 81:[], 82:[], 83:[], 84:[], 85:[], 86:[], 87:[], 88:[], 89:[], 90:[], 91:[], 92:[], 93:[], 94:[], 95:[], 96:[], 97:[], 98:[], 99:[], 100:[], 101:[], 102:[], 103:[], 104:[], 105:[], 106:[], 107:[], 108:[], 109:[], 110:[], 111:[], 112:[], 113:[], 114:[], 115:[], 116:[], 117:[], 118:[], 119:[], 120:[], 121:[], 122:[], 123:[], 124:[], 125:[], 126:[], 127:[], 128:[], 129:[], 130:[], 131:[], 132:[], 133:[], 134:[], 135:[], 136:[], 137:[], 138:[], 139:[], 140:[], 141:[]",28170473672,33518613676
3413,2,16994.6141,13901602,207306777,1654561461,411.7860,false,143,true,true,true,true,true,false,false,"0:[0, 1, 2, 3, 4, 5, 6, 7, 8, 9, 10, 11, 12, 13, 14, 15, 16, 17, 18, 19, 20, 21, 22, 23, 24, 25, 26, 27, 28, 29, 30, 31, 32, 33, 34, 35, 36, 37, 38, 39, 40, 41, 42, 43, 44, 45, 46, 47, 48, 49, 50, 51, 52, 53, 54, 55, 56, 57, 58, 59, 60, 61, 62, 63, 64, 65, 66, 67, 68, 69, 70, 71, 72, 73, 74, 75, 76, 77, 78, 79, 80, 81, 82, 83, 84, 85, 86, 87, 88, 89, 90, 91, 92, 93, 94, 95, 96, 97, 98, 99, 100, 101, 102, 103, 104, 105, 106, 107, 108, 109, 110, 111, 112, 113, 114, 115, 116, 117, 118, 119, 120, 121, 122, 123, 124, 125, 126, 127, 128, 129, 130, 131, 132, 133, 134, 135, 136, 137, 138, 139, 140, 141, 142], 1:[], 2:[], 3:[], 4:[], 5:[], 6:[], 7:[], 8:[], 9:[], 10:[], 11:[], 12:[], 13:[], 14:[], 15:[], 16:[], 17:[], 18:[], 19:[], 20:[], 21:[], 22:[], 23:[], 24:[], 25:[], 26:[], 27:[], 28:[], 29:[], 30:[], 31:[], 32:[], 33:[], 34:[], 35:[], 36:[], 37:[], 38:[], 39:[], 40:[], 41:[], 42:[], 43:[], 44:[], 45:[], 46:[], 47:[], 48:[], 49:[], 50:[], 51:[], 52:[], 53:[], 54:[], 55:[], 56:[], 57:[], 58:[], 59:[], 60:[], 61:[], 62:[], 63:[], 64:[], 65:[], 66:[], 67:[], 68:[], 69:[], 70:[], 71:[], 72:[], 73:[], 74:[], 75:[], 76:[], 77:[], 78:[], 79:[], 80:[], 81:[], 82:[], 83:[], 84:[], 85:[], 86:[], 87:[], 88:[], 89:[], 90:[], 91:[], 92:[], 93:[], 94:[], 95:[], 96:[], 97:[], 98:[], 99:[], 100:[], 101:[], 102:[], 103:[], 104:[], 105:[], 106:[], 107:[], 108:[], 109:[], 110:[], 111:[], 112:[], 113:[], 114:[], 115:[], 116:[], 117:[], 118:[], 119:[], 120:[], 121:[], 122:[], 123:[], 124:[], 125:[], 126:[], 127:[], 128:[], 129:[], 130:[], 131:[], 132:[], 133:[], 134:[], 135:[], 136:[], 137:[], 138:[], 139:[], 140:[], 141:[], 142:[]",28259578800,33648147885
3433,5,19983.2670,14146847,210971110,1683830031,449.3057,false,143,true,true,true,true,true,false,false,"0:[0, 1, 2, 3, 4, 5, 6, 7, 8, 9, 10, 11, 12, 13, 14, 15, 16, 17, 18, 19, 20, 21, 22, 23, 24, 25, 26, 27, 28, 29, 30, 31, 32, 33, 34, 35, 36, 37, 38, 39, 40, 41, 42, 43, 44, 45, 46, 47, 48, 49, 50, 51, 52, 53, 54, 55, 56, 57, 58, 59, 60, 61, 62, 63, 64, 65, 66, 67, 68, 69, 70, 71, 72, 73, 74, 75, 76, 77, 78, 79, 80, 81, 82, 83, 84, 85, 86, 87, 88, 89, 90, 91, 92, 93, 94, 95, 96, 97, 98, 99, 100, 101, 102, 103, 104, 105, 106, 107, 108, 109, 110, 111, 112, 113, 114, 115, 116, 117, 118, 119, 120, 121, 122, 123, 124, 125, 126, 127, 128, 129, 130, 131, 132, 133, 134, 135, 136, 137, 138, 139, 140, 141, 142], 1:[], 2:[], 3:[], 4:[], 5:[], 6:[], 7:[], 8:[], 9:[], 10:[], 11:[], 12:[], 13:[], 14:[], 15:[], 16:[], 17:[], 18:[], 19:[], 20:[], 21:[], 22:[], 23:[], 24:[], 25:[], 26:[], 27:[], 28:[], 29:[], 30:[], 31:[], 32:[], 33:[], 34:[], 35:[], 36:[], 37:[], 38:[], 39:[], 40:[], 41:[], 42:[], 43:[], 44:[], 45:[], 46:[], 47:[], 48:[], 49:[], 50:[], 51:[], 52:[], 53:[], 54:[], 55:[], 56:[], 57:[], 58:[], 59:[], 60:[], 61:[], 62:[], 63:[], 64:[], 65:[], 66:[], 67:[], 68:[], 69:[], 70:[], 71:[], 72:[], 73:[], 74:[], 75:[], 76:[], 77:[], 78:[], 79:[], 80:[], 81:[], 82:[], 83:[], 84:[], 85:[], 86:[], 87:[], 88:[], 89:[], 90:[], 91:[], 92:[], 93:[], 94:[], 95:[], 96:[], 97:[], 98:[], 99:[], 100:[], 101:[], 102:[], 103:[], 104:[], 105:[], 106:[], 107:[], 108:[], 109:[], 110:[], 111:[], 112:[], 113:[], 114:[], 115:[], 116:[], 117:[], 118:[], 119:[], 120:[], 121:[], 122:[], 123:[], 124:[], 125:[], 126:[], 127:[], 128:[], 129:[], 130:[], 131:[], 132:[], 133:[], 134:[], 135:[], 136:[], 137:[], 138:[], 139:[], 140:[], 141:[], 142:[]",28558611320,34082759414
3449,3,19792.4358,14345108,213933517,1707492484,436.1086,false,144,true,true,true,true,true,false,false,"0:[0, 1, 2, 3, 4, 5, 6, 7, 8, 9, 10, 11, 12, 13, 14, 15, 16, 17, 18, 19, 20, 21, 22, 23, 24, 25, 26, 27, 28, 29, 30, 31, 32, 33, 34, 35, 36, 37, 38, 39, 40, 41, 42, 43, 44, 45, 46, 47, 48, 49, 50, 51, 52, 53, 54, 55, 56, 57, 58, 59, 60, 61, 62, 63, 64, 65, 66, 67, 68, 69, 70, 71, 72, 73, 74, 75, 76, 77, 78, 79, 80, 81, 82, 83, 84, 85, 86, 87, 88, 89, 90, 91, 92, 93, 94, 95, 96, 97, 98, 99, 100, 101, 102, 103, 104, 105, 106, 107, 108, 109, 110, 111, 112, 113, 114, 115, 116, 117, 118, 119, 120, 121, 122, 123, 124, 125, 126, 127, 128, 129, 130, 131, 132, 133, 134, 135, 136, 137, 138, 139, 140, 141, 142, 143], 1:[], 2:[], 3:[], 4:[], 5:[], 6:[], 7:[], 8:[], 9:[], 10:[], 11:[], 12:[], 13:[], 14:[], 15:[], 16:[], 17:[], 18:[], 19:[], 20:[], 21:[], 22:[], 23:[], 24:[], 25:[], 26:[], 27:[], 28:[], 29:[], 30:[], 31:[], 32:[], 33:[], 34:[], 35:[], 36:[], 37:[], 38:[], 39:[], 40:[], 41:[], 42:[], 43:[], 44:[], 45:[], 46:[], 47:[], 48:[], 49:[], 50:[], 51:[], 52:[], 53:[], 54:[], 55:[], 56:[], 57:[], 58:[], 59:[], 60:[], 61:[], 62:[], 63:[], 64:[], 65:[], 66:[], 67:[], 68:[], 69:[], 70:[], 71:[], 72:[], 73:[], 74:[], 75:[], 76:[], 77:[], 78:[], 79:[], 80:[], 81:[], 82:[], 83:[], 84:[], 85:[], 86:[], 87:[], 88:[], 89:[], 90:[], 91:[], 92:[], 93:[], 94:[], 95:[], 96:[], 97:[], 98:[], 99:[], 100:[], 101:[], 102:[], 103:[], 104:[], 105:[], 106:[], 107:[], 108:[], 109:[], 110:[], 111:[], 112:[], 113:[], 114:[], 115:[], 116:[], 117:[], 118:[], 119:[], 120:[], 121:[], 122:[], 123:[], 124:[], 125:[], 126:[], 127:[], 128:[], 129:[], 130:[], 131:[], 132:[], 133:[], 134:[], 135:[], 136:[], 137:[], 138:[], 139:[], 140:[], 141:[], 142:[], 143:[]",28800362144,34434118497
3457,5,18378.8830,14444928,215425102,1719406983,433.0078,false,144,true,true,true,true,true,false,false,"0:[0, 1, 2, 3, 4, 5, 6, 7, 8, 9, 10, 11, 12, 13, 14, 15, 16, 17, 18, 19, 20, 21, 22, 23, 24, 25, 26, 27, 28, 29, 30, 31, 32, 33, 34, 35, 36, 37, 38, 39, 40, 41, 42, 43, 44, 45, 46, 47, 48, 49, 50, 51, 52, 53, 54, 55, 56, 57, 58, 59, 60, 61, 62, 63, 64, 65, 66, 67, 68, 69, 70, 71, 72, 73, 74, 75, 76, 77, 78, 79, 80, 81, 82, 83, 84, 85, 86, 87, 88, 89, 90, 91, 92, 93, 94, 95, 96, 97, 98, 99, 100, 101, 102, 103, 104, 105, 106, 107, 108, 109, 110, 111, 112, 113, 114, 115, 116, 117, 118, 119, 120, 121, 122, 123, 124, 125, 126, 127, 128, 129, 130, 131, 132, 133, 134, 135, 136, 137, 138, 139, 140, 141, 142, 143], 1:[], 2:[], 3:[], 4:[], 5:[], 6:[], 7:[], 8:[], 9:[], 10:[], 11:[], 12:[], 13:[], 14:[], 15:[], 16:[], 17:[], 18:[], 19:[], 20:[], 21:[], 22:[], 23:[], 24:[], 25:[], 26:[], 27:[], 28:[], 29:[], 30:[], 31:[], 32:[], 33:[], 34:[], 35:[], 36:[], 37:[], 38:[], 39:[], 40:[], 41:[], 42:[], 43:[], 44:[], 45:[], 46:[], 47:[], 48:[], 49:[], 50:[], 51:[], 52:[], 53:[], 54:[], 55:[], 56:[], 57:[], 58:[], 59:[], 60:[], 61:[], 62:[], 63:[], 64:[], 65:[], 66:[], 67:[], 68:[], 69:[], 70:[], 71:[], 72:[], 73:[], 74:[], 75:[], 76:[], 77:[], 78:[], 79:[], 80:[], 81:[], 82:[], 83:[], 84:[], 85:[], 86:[], 87:[], 88:[], 89:[], 90:[], 91:[], 92:[], 93:[], 94:[], 95:[], 96:[], 97:[], 98:[], 99:[], 100:[], 101:[], 102:[], 103:[], 104:[], 105:[], 106:[], 107:[], 108:[], 109:[], 110:[], 111:[], 112:[], 113:[], 114:[], 115:[], 116:[], 117:[], 118:[], 119:[], 120:[], 121:[], 122:[], 123:[], 124:[], 125:[], 126:[], 127:[], 128:[], 129:[], 130:[], 131:[], 132:[], 133:[], 134:[], 135:[], 136:[], 137:[], 138:[], 139:[], 140:[], 141:[], 142:[], 143:[]",28922084624,34611030166
3461,2,15170.0634,14495012,216173442,1725384266,444.5193,false,144,true,true,true,true,true,false,false,"0:[0, 1, 2, 3, 4, 5, 6, 7, 8, 9, 10, 11, 12, 13, 14, 15, 16, 17, 18, 19, 20, 21, 22, 23, 24, 25, 26, 27, 28, 29, 30, 31, 32, 33, 34, 35, 36, 37, 38, 39, 40, 41, 42, 43, 44, 45, 46, 47, 48, 49, 50, 51, 52, 53, 54, 55, 56, 57, 58, 59, 60, 61, 62, 63, 64, 65, 66, 67, 68, 69, 70, 71, 72, 73, 74, 75, 76, 77, 78, 79, 80, 81, 82, 83, 84, 85, 86, 87, 88, 89, 90, 91, 92, 93, 94, 95, 96, 97, 98, 99, 100, 101, 102, 103, 104, 105, 106, 107, 108, 109, 110, 111, 112, 113, 114, 115, 116, 117, 118, 119, 120, 121, 122, 123, 124, 125, 126, 127, 128, 129, 130, 131, 132, 133, 134, 135, 136, 137, 138, 139, 140, 141, 142, 143], 1:[], 2:[], 3:[], 4:[], 5:[], 6:[], 7:[], 8:[], 9:[], 10:[], 11:[], 12:[], 13:[], 14:[], 15:[], 16:[], 17:[], 18:[], 19:[], 20:[], 21:[], 22:[], 23:[], 24:[], 25:[], 26:[], 27:[], 28:[], 29:[], 30:[], 31:[], 32:[], 33:[], 34:[], 35:[], 36:[], 37:[], 38:[], 39:[], 40:[], 41:[], 42:[], 43:[], 44:[], 45:[], 46:[], 47:[], 48:[], 49:[], 50:[], 51:[], 52:[], 53:[], 54:[], 55:[], 56:[], 57:[], 58:[], 59:[], 60:[], 61:[], 62:[], 63:[], 64:[], 65:[], 66:[], 67:[], 68:[], 69:[], 70:[], 71:[], 72:[], 73:[], 74:[], 75:[], 76:[], 77:[], 78:[], 79:[], 80:[], 81:[], 82:[], 83:[], 84:[], 85:[], 86:[], 87:[], 88:[], 89:[], 90:[], 91:[], 92:[], 93:[], 94:[], 95:[], 96:[], 97:[], 98:[], 99:[], 100:[], 101:[], 102:[], 103:[], 104:[], 105:[], 106:[], 107:[], 108:[], 109:[], 110:[], 111:[], 112:[], 113:[], 114:[], 115:[], 116:[], 117:[], 118:[], 119:[], 120:[], 121:[], 122:[], 123:[], 124:[], 125:[], 126:[], 127:[], 128:[], 129:[], 130:[], 131:[], 132:[], 133:[], 134:[], 135:[], 136:[], 137:[], 138:[], 139:[], 140:[], 141:[], 142:[], 143:[]",28983153840,34699787386
3463,3,15921.2120,14520097,216547422,1728368134,472.1734,false,145,true,true,true,true,true,false,false,"0:[0, 1, 2, 3, 4, 5, 6, 7, 8, 9, 10, 11, 12, 13, 14, 15, 16, 17, 18, 19, 20, 21, 22, 23, 24, 25, 26, 27, 28, 29, 30, 31, 32, 33, 34, 35, 36, 37, 38, 39, 40, 41, 42, 43, 44, 45, 46, 47, 48, 49, 50, 51, 52, 53, 54, 55, 56, 57, 58, 59, 60, 61, 62, 63, 64, 65, 66, 67, 68, 69, 70, 71, 72, 73, 74, 75, 76, 77, 78, 79, 80, 81, 82, 83, 84, 85, 86, 87, 88, 89, 90, 91, 92, 93, 94, 95, 96, 97, 98, 99, 100, 101, 102, 103, 104, 105, 106, 107, 108, 109, 110, 111, 112, 113, 114, 115, 116, 117, 118, 119, 120, 121, 122, 123, 124, 125, 126, 127, 128, 129, 130, 131, 132, 133, 134, 135, 136, 137, 138, 139, 140, 141, 142, 143, 144], 1:[], 2:[], 3:[], 4:[], 5:[], 6:[], 7:[], 8:[], 9:[], 10:[], 11:[], 12:[], 13:[], 14:[], 15:[], 16:[], 17:[], 18:[], 19:[], 20:[], 21:[], 22:[], 23:[], 24:[], 25:[], 26:[], 27:[], 28:[], 29:[], 30:[], 31:[], 32:[], 33:[], 34:[], 35:[], 36:[], 37:[], 38:[], 39:[], 40:[], 41:[], 42:[], 43:[], 44:[], 45:[], 46:[], 47:[], 48:[], 49:[], 50:[], 51:[], 52:[], 53:[], 54:[], 55:[], 56:[], 57:[], 58:[], 59:[], 60:[], 61:[], 62:[], 63:[], 64:[], 65:[], 66:[], 67:[], 68:[], 69:[], 70:[], 71:[], 72:[], 73:[], 74:[], 75:[], 76:[], 77:[], 78:[], 79:[], 80:[], 81:[], 82:[], 83:[], 84:[], 85:[], 86:[], 87:[], 88:[], 89:[], 90:[], 91:[], 92:[], 93:[], 94:[], 95:[], 96:[], 97:[], 98:[], 99:[], 100:[], 101:[], 102:[], 103:[], 104:[], 105:[], 106:[], 107:[], 108:[], 109:[], 110:[], 111:[], 112:[], 113:[], 114:[], 115:[], 116:[], 117:[], 118:[], 119:[], 120:[], 121:[], 122:[], 123:[], 124:[], 125:[], 126:[], 127:[], 128:[], 129:[], 130:[], 131:[], 132:[], 133:[], 134:[], 135:[], 136:[], 137:[], 138:[], 139:[], 140:[], 141:[], 142:[], 143:[], 144:[]",29013674280,34744117630
3467,2,15016.6087,14570354,217298419,1734367068,431.1954,false,144,true,true,true,true,true,false,false,"0:[0, 1, 2, 3, 4, 5, 6, 7, 8, 9, 10, 11, 12, 13, 14, 15, 16, 17, 18, 19, 20, 21, 22, 23, 24, 25, 26, 27, 28, 29, 30, 31, 32, 33, 34, 35, 36, 37, 38, 39, 40, 41, 42, 43, 44, 45, 46, 47, 48, 49, 50, 51, 52, 53, 54, 55, 56, 57, 58, 59, 60, 61, 62, 63, 64, 65, 66, 67, 68, 69, 70, 71, 72, 73, 74, 75, 76, 77, 78, 79, 80, 81, 82, 83, 84, 85, 86, 87, 88, 89, 90, 91, 92, 93, 94, 95, 96, 97, 98, 99, 100, 101, 102, 103, 104, 105, 106, 107, 108, 109, 110, 111, 112, 113, 114, 115, 116, 117, 118, 119, 120, 121, 122, 123, 124, 125, 126, 127, 128, 129, 130, 131, 132, 133, 134, 135, 136, 137, 138, 139, 140, 141, 142, 143], 1:[], 2:[], 3:[], 4:[], 5:[], 6:[], 7:[], 8:[], 9:[], 10:[], 11:[], 12:[], 13:[], 14:[], 15:[], 16:[], 17:[], 18:[], 19:[], 20:[], 21:[], 22:[], 23:[], 24:[], 25:[], 26:[], 27:[], 28:[], 29:[], 30:[], 31:[], 32:[], 33:[], 34:[], 35:[], 36:[], 37:[], 38:[], 39:[], 40:[], 41:[], 42:[], 43:[], 44:[], 45:[], 46:[], 47:[], 48:[], 49:[], 50:[], 51:[], 52:[], 53:[], 54:[], 55:[], 56:[], 57:[], 58:[], 59:[], 60:[], 61:[], 62:[], 63:[], 64:[], 65:[], 66:[], 67:[], 68:[], 69:[], 70:[], 71:[], 72:[], 73:[], 74:[], 75:[], 76:[], 77:[], 78:[], 79:[], 80:[], 81:[], 82:[], 83:[], 84:[], 85:[], 86:[], 87:[], 88:[], 89:[], 90:[], 91:[], 92:[], 93:[], 94:[], 95:[], 96:[], 97:[], 98:[], 99:[], 100:[], 101:[], 102:[], 103:[], 104:[], 105:[], 106:[], 107:[], 108:[], 109:[], 110:[], 111:[], 112:[], 113:[], 114:[], 115:[], 116:[], 117:[], 118:[], 119:[], 120:[], 121:[], 122:[], 123:[], 124:[], 125:[], 126:[], 127:[], 128:[], 129:[], 130:[], 131:[], 132:[], 133:[], 134:[], 135:[], 136:[], 137:[], 138:[], 139:[], 140:[], 141:[], 142:[], 143:[]",29074960208,34833190575
3469,2,17891.6007,14595527,217675369,1737381113,430.3841,false,144,true,true,true,true,true,false,false,"0:[0, 1, 2, 3, 4, 5, 6, 7, 8, 9, 10, 11, 12, 13, 14, 15, 16, 17, 18, 19, 20, 21, 22, 23, 24, 25, 26, 27, 28, 29, 30, 31, 32, 33, 34, 35, 36, 37, 38, 39, 40, 41, 42, 43, 44, 45, 46, 47, 48, 49, 50, 51, 52, 53, 54, 55, 56, 57, 58, 59, 60, 61, 62, 63, 64, 65, 66, 67, 68, 69, 70, 71, 72, 73, 74, 75, 76, 77, 78, 79, 80, 81, 82, 83, 84, 85, 86, 87, 88, 89, 90, 91, 92, 93, 94, 95, 96, 97, 98, 99, 100, 101, 102, 103, 104, 105, 106, 107, 108, 109, 110, 111, 112, 113, 114, 115, 116, 117, 118, 119, 120, 121, 122, 123, 124, 125, 126, 127, 128, 129, 130, 131, 132, 133, 134, 135, 136, 137, 138, 139, 140, 141, 142, 143], 1:[], 2:[], 3:[], 4:[], 5:[], 6:[], 7:[], 8:[], 9:[], 10:[], 11:[], 12:[], 13:[], 14:[], 15:[], 16:[], 17:[], 18:[], 19:[], 20:[], 21:[], 22:[], 23:[], 24:[], 25:[], 26:[], 27:[], 28:[], 29:[], 30:[], 31:[], 32:[], 33:[], 34:[], 35:[], 36:[], 37:[], 38:[], 39:[], 40:[], 41:[], 42:[], 43:[], 44:[], 45:[], 46:[], 47:[], 48:[], 49:[], 50:[], 51:[], 52:[], 53:[], 54:[], 55:[], 56:[], 57:[], 58:[], 59:[], 60:[], 61:[], 62:[], 63:[], 64:[], 65:[], 66:[], 67:[], 68:[], 69:[], 70:[], 71:[], 72:[], 73:[], 74:[], 75:[], 76:[], 77:[], 78:[], 79:[], 80:[], 81:[], 82:[], 83:[], 84:[], 85:[], 86:[], 87:[], 88:[], 89:[], 90:[], 91:[], 92:[], 93:[], 94:[], 95:[], 96:[], 97:[], 98:[], 99:[], 100:[], 101:[], 102:[], 103:[], 104:[], 105:[], 106:[], 107:[], 108:[], 109:[], 110:[], 111:[], 112:[], 113:[], 114:[], 115:[], 116:[], 117:[], 118:[], 119:[], 120:[], 121:[], 122:[], 123:[], 124:[], 125:[], 126:[], 127:[], 128:[], 129:[], 130:[], 131:[], 132:[], 133:[], 134:[], 135:[], 136:[], 137:[], 138:[], 139:[], 140:[], 141:[], 142:[], 143:[]",29105720360,34877924981
3491,2,15587.0343,14874334,221840649,1770648864,442.4061,false,146,true,true,true,true,true,false,false,"0:[0, 1, 2, 3, 4, 5, 6, 7, 8, 9, 10, 11, 12, 13, 14, 15, 16, 17, 18, 19, 20, 21, 22, 23, 24, 25, 26, 27, 28, 29, 30, 31, 32, 33, 34, 35, 36, 37, 38, 39, 40, 41, 42, 43, 44, 45, 46, 47, 48, 49, 50, 51, 52, 53, 54, 55, 56, 57, 58, 59, 60, 61, 62, 63, 64, 65, 66, 67, 68, 69, 70, 71, 72, 73, 74, 75, 76, 77, 78, 79, 80, 81, 82, 83, 84, 85, 86, 87, 88, 89, 90, 91, 92, 93, 94, 95, 96, 97, 98, 99, 100, 101, 102, 103, 104, 105, 106, 107, 108, 109, 110, 111, 112, 113, 114, 115, 116, 117, 118, 119, 120, 121, 122, 123, 124, 125, 126, 127, 128, 129, 130, 131, 132, 133, 134, 135, 136, 137, 138, 139, 140, 141, 142, 143, 144, 145], 1:[], 2:[], 3:[], 4:[], 5:[], 6:[], 7:[], 8:[], 9:[], 10:[], 11:[], 12:[], 13:[], 14:[], 15:[], 16:[], 17:[], 18:[], 19:[], 20:[], 21:[], 22:[], 23:[], 24:[], 25:[], 26:[], 27:[], 28:[], 29:[], 30:[], 31:[], 32:[], 33:[], 34:[], 35:[], 36:[], 37:[], 38:[], 39:[], 40:[], 41:[], 42:[], 43:[], 44:[], 45:[], 46:[], 47:[], 48:[], 49:[], 50:[], 51:[], 52:[], 53:[], 54:[], 55:[], 56:[], 57:[], 58:[], 59:[], 60:[], 61:[], 62:[], 63:[], 64:[], 65:[], 66:[], 67:[], 68:[], 69:[], 70:[], 71:[], 72:[], 73:[], 74:[], 75:[], 76:[], 77:[], 78:[], 79:[], 80:[], 81:[], 82:[], 83:[], 84:[], 85:[], 86:[], 87:[], 88:[], 89:[], 90:[], 91:[], 92:[], 93:[], 94:[], 95:[], 96:[], 97:[], 98:[], 99:[], 100:[], 101:[], 102:[], 103:[], 104:[], 105:[], 106:[], 107:[], 108:[], 109:[], 110:[], 111:[], 112:[], 113:[], 114:[], 115:[], 116:[], 117:[], 118:[], 119:[], 120:[], 121:[], 122:[], 123:[], 124:[], 125:[], 126:[], 127:[], 128:[], 129:[], 130:[], 131:[], 132:[], 133:[], 134:[], 135:[], 136:[], 137:[], 138:[], 139:[], 140:[], 141:[], 142:[], 143:[], 144:[], 145:[]",29915396176,35841687549
3499,2,15473.6717,14976593,223368727,1782855053,467.2287,false,146,true,true,true,true,true,false,false,"0:[0, 1, 2, 3, 4, 5, 6, 7, 8, 9, 10, 11, 12, 13, 14, 15, 16, 17, 18, 19, 20, 21, 22, 23, 24, 25, 26, 27, 28, 29, 30, 31, 32, 33, 34, 35, 36, 37, 38, 39, 40, 41, 42, 43, 44, 45, 46, 47, 48, 49, 50, 51, 52, 53, 54, 55, 56, 57, 58, 59, 60, 61, 62, 63, 64, 65, 66, 67, 68, 69, 70, 71, 72, 73, 74, 75, 76, 77, 78, 79, 80, 81, 82, 83, 84, 85, 86, 87, 88, 89, 90, 91, 92, 93, 94, 95, 96, 97, 98, 99, 100, 101, 102, 103, 104, 105, 106, 107, 108, 109, 110, 111, 112, 113, 114, 115, 116, 117, 118, 119, 120, 121, 122, 123, 124, 125, 126, 127, 128, 129, 130, 131, 132, 133, 134, 135, 136, 137, 138, 139, 140, 141, 142, 143, 144, 145], 1:[], 2:[], 3:[], 4:[], 5:[], 6:[], 7:[], 8:[], 9:[], 10:[], 11:[], 12:[], 13:[], 14:[], 15:[], 16:[], 17:[], 18:[], 19:[], 20:[], 21:[], 22:[], 23:[], 24:[], 25:[], 26:[], 27:[], 28:[], 29:[], 30:[], 31:[], 32:[], 33:[], 34:[], 35:[], 36:[], 37:[], 38:[], 39:[], 40:[], 41:[], 42:[], 43:[], 44:[], 45:[], 46:[], 47:[], 48:[], 49:[], 50:[], 51:[], 52:[], 53:[], 54:[], 55:[], 56:[], 57:[], 58:[], 59:[], 60:[], 61:[], 62:[], 63:[], 64:[], 65:[], 66:[], 67:[], 68:[], 69:[], 70:[], 71:[], 72:[], 73:[], 74:[], 75:[], 76:[], 77:[], 78:[], 79:[], 80:[], 81:[], 82:[], 83:[], 84:[], 85:[], 86:[], 87:[], 88:[], 89:[], 90:[], 91:[], 92:[], 93:[], 94:[], 95:[], 96:[], 97:[], 98:[], 99:[], 100:[], 101:[], 102:[], 103:[], 104:[], 105:[], 106:[], 107:[], 108:[], 109:[], 110:[], 111:[], 112:[], 113:[], 114:[], 115:[], 116:[], 117:[], 118:[], 119:[], 120:[], 121:[], 122:[], 123:[], 124:[], 125:[], 126:[], 127:[], 128:[], 129:[], 130:[], 131:[], 132:[], 133:[], 134:[], 135:[], 136:[], 137:[], 138:[], 139:[], 140:[], 141:[], 142:[], 143:[], 144:[], 145:[]",30040096632,36022927019
3511,3,19576.2218,15130857,225673926,1801268616,451.9227,false,146,true,true,true,true,true,false,false,"0:[0, 1, 2, 3, 4, 5, 6, 7, 8, 9, 10, 11, 12, 13, 14, 15, 16, 17, 18, 19, 20, 21, 22, 23, 24, 25, 26, 27, 28, 29, 30, 31, 32, 33, 34, 35, 36, 37, 38, 39, 40, 41, 42, 43, 44, 45, 46, 47, 48, 49, 50, 51, 52, 53, 54, 55, 56, 57, 58, 59, 60, 61, 62, 63, 64, 65, 66, 67, 68, 69, 70, 71, 72, 73, 74, 75, 76, 77, 78, 79, 80, 81, 82, 83, 84, 85, 86, 87, 88, 89, 90, 91, 92, 93, 94, 95, 96, 97, 98, 99, 100, 101, 102, 103, 104, 105, 106, 107, 108, 109, 110, 111, 112, 113, 114, 115, 116, 117, 118, 119, 120, 121, 122, 123, 124, 125, 126, 127, 128, 129, 130, 131, 132, 133, 134, 135, 136, 137, 138, 139, 140, 141, 142, 143, 144, 145], 1:[], 2:[], 3:[], 4:[], 5:[], 6:[], 7:[], 8:[], 9:[], 10:[], 11:[], 12:[], 13:[], 14:[], 15:[], 16:[], 17:[], 18:[], 19:[], 20:[], 21:[], 22:[], 23:[], 24:[], 25:[], 26:[], 27:[], 28:[], 29:[], 30:[], 31:[], 32:[], 33:[], 34:[], 35:[], 36:[], 37:[], 38:[], 39:[], 40:[], 41:[], 42:[], 43:[], 44:[], 45:[], 46:[], 47:[], 48:[], 49:[], 50:[], 51:[], 52:[], 53:[], 54:[], 55:[], 56:[], 57:[], 58:[], 59:[], 60:[], 61:[], 62:[], 63:[], 64:[], 65:[], 66:[], 67:[], 68:[], 69:[], 70:[], 71:[], 72:[], 73:[], 74:[], 75:[], 76:[], 77:[], 78:[], 79:[], 80:[], 81:[], 82:[], 83:[], 84:[], 85:[], 86:[], 87:[], 88:[], 89:[], 90:[], 91:[], 92:[], 93:[], 94:[], 95:[], 96:[], 97:[], 98:[], 99:[], 100:[], 101:[], 102:[], 103:[], 104:[], 105:[], 106:[], 107:[], 108:[], 109:[], 110:[], 111:[], 112:[], 113:[], 114:[], 115:[], 116:[], 117:[], 118:[], 119:[], 120:[], 121:[], 122:[], 123:[], 124:[], 125:[], 126:[], 127:[], 128:[], 129:[], 130:[], 131:[], 132:[], 133:[], 134:[], 135:[], 136:[], 137:[], 138:[], 139:[], 140:[], 141:[], 142:[], 143:[], 144:[], 145:[]",30228214888,36296337606
3517,2,16165.5695,15208385,226833299,1810532916,448.6292,false,147,true,true,true,true,true,false,false,"0:[0, 1, 2, 3, 4, 5, 6, 7, 8, 9, 10, 11, 12, 13, 14, 15, 16, 17, 18, 19, 20, 21, 22, 23, 24, 25, 26, 27, 28, 29, 30, 31, 32, 33, 34, 35, 36, 37, 38, 39, 40, 41, 42, 43, 44, 45, 46, 47, 48, 49, 50, 51, 52, 53, 54, 55, 56, 57, 58, 59, 60, 61, 62, 63, 64, 65, 66, 67, 68, 69, 70, 71, 72, 73, 74, 75, 76, 77, 78, 79, 80, 81, 82, 83, 84, 85, 86, 87, 88, 89, 90, 91, 92, 93, 94, 95, 96, 97, 98, 99, 100, 101, 102, 103, 104, 105, 106, 107, 108, 109, 110, 111, 112, 113, 114, 115, 116, 117, 118, 119, 120, 121, 122, 123, 124, 125, 126, 127, 128, 129, 130, 131, 132, 133, 134, 135, 136, 137, 138, 139, 140, 141, 142, 143, 144, 145, 146], 1:[], 2:[], 3:[], 4:[], 5:[], 6:[], 7:[], 8:[], 9:[], 10:[], 11:[], 12:[], 13:[], 14:[], 15:[], 16:[], 17:[], 18:[], 19:[], 20:[], 21:[], 22:[], 23:[], 24:[], 25:[], 26:[], 27:[], 28:[], 29:[], 30:[], 31:[], 32:[], 33:[], 34:[], 35:[], 36:[], 37:[], 38:[], 39:[], 40:[], 41:[], 42:[], 43:[], 44:[], 45:[], 46:[], 47:[], 48:[], 49:[], 50:[], 51:[], 52:[], 53:[], 54:[], 55:[], 56:[], 57:[], 58:[], 59:[], 60:[], 61:[], 62:[], 63:[], 64:[], 65:[], 66:[], 67:[], 68:[], 69:[], 70:[], 71:[], 72:[], 73:[], 74:[], 75:[], 76:[], 77:[], 78:[], 79:[], 80:[], 81:[], 82:[], 83:[], 84:[], 85:[], 86:[], 87:[], 88:[], 89:[], 90:[], 91:[], 92:[], 93:[], 94:[], 95:[], 96:[], 97:[], 98:[], 99:[], 100:[], 101:[], 102:[], 103:[], 104:[], 105:[], 106:[], 107:[], 108:[], 109:[], 110:[], 111:[], 112:[], 113:[], 114:[], 115:[], 116:[], 117:[], 118:[], 119:[], 120:[], 121:[], 122:[], 123:[], 124:[], 125:[], 126:[], 127:[], 128:[], 129:[], 130:[], 131:[], 132:[], 133:[], 134:[], 135:[], 136:[], 137:[], 138:[], 139:[], 140:[], 141:[], 142:[], 143:[], 144:[], 145:[], 146:[]",30322825400,36433872663
3527,5,17340.6201,15338186,228772008,1826015039,458.8276,false,147,true,true,true,true,true,false,false,"0:[0, 1, 2, 3, 4, 5, 6, 7, 8, 9, 10, 11, 12, 13, 14, 15, 16, 17, 18, 19, 20, 21, 22, 23, 24, 25, 26, 27, 28, 29, 30, 31, 32, 33, 34, 35, 36, 37, 38, 39, 40, 41, 42, 43, 44, 45, 46, 47, 48, 49, 50, 51, 52, 53, 54, 55, 56, 57, 58, 59, 60, 61, 62, 63, 64, 65, 66, 67, 68, 69, 70, 71, 72, 73, 74, 75, 76, 77, 78, 79, 80, 81, 82, 83, 84, 85, 86, 87, 88, 89, 90, 91, 92, 93, 94, 95, 96, 97, 98, 99, 100, 101, 102, 103, 104, 105, 106, 107, 108, 109, 110, 111, 112, 113, 114, 115, 116, 117, 118, 119, 120, 121, 122, 123, 124, 125, 126, 127, 128, 129, 130, 131, 132, 133, 134, 135, 136, 137, 138, 139, 140, 141, 142, 143, 144, 145, 146], 1:[], 2:[], 3:[], 4:[], 5:[], 6:[], 7:[], 8:[], 9:[], 10:[], 11:[], 12:[], 13:[], 14:[], 15:[], 16:[], 17:[], 18:[], 19:[], 20:[], 21:[], 22:[], 23:[], 24:[], 25:[], 26:[], 27:[], 28:[], 29:[], 30:[], 31:[], 32:[], 33:[], 34:[], 35:[], 36:[], 37:[], 38:[], 39:[], 40:[], 41:[], 42:[], 43:[], 44:[], 45:[], 46:[], 47:[], 48:[], 49:[], 50:[], 51:[], 52:[], 53:[], 54:[], 55:[], 56:[], 57:[], 58:[], 59:[], 60:[], 61:[], 62:[], 63:[], 64:[], 65:[], 66:[], 67:[], 68:[], 69:[], 70:[], 71:[], 72:[], 73:[], 74:[], 75:[], 76:[], 77:[], 78:[], 79:[], 80:[], 81:[], 82:[], 83:[], 84:[], 85:[], 86:[], 87:[], 88:[], 89:[], 90:[], 91:[], 92:[], 93:[], 94:[], 95:[], 96:[], 97:[], 98:[], 99:[], 100:[], 101:[], 102:[], 103:[], 104:[], 105:[], 106:[], 107:[], 108:[], 109:[], 110:[], 111:[], 112:[], 113:[], 114:[], 115:[], 116:[], 117:[], 118:[], 119:[], 120:[], 121:[], 122:[], 123:[], 124:[], 125:[], 126:[], 127:[], 128:[], 129:[], 130:[], 131:[], 132:[], 133:[], 134:[], 135:[], 136:[], 137:[], 138:[], 139:[], 140:[], 141:[], 142:[], 143:[], 144:[], 145:[], 146:[]",30481037344,36663787176
3529,13,21563.3270,15364235,229162200,1829135699,470.0001,false,148,true,true,true,true,true,false,false,"0:[0, 1, 2, 3, 4, 5, 6, 7, 8, 9, 10, 11, 12, 13, 14, 15, 16, 17, 18, 19, 20, 21, 22, 23, 24, 25, 26, 27, 28, 29, 30, 31, 32, 33, 34, 35, 36, 37, 38, 39, 40, 41, 42, 43, 44, 45, 46, 47, 48, 49, 50, 51, 52, 53, 54, 55, 56, 57, 58, 59, 60, 61, 62, 63, 64, 65, 66, 67, 68, 69, 70, 71, 72, 73, 74, 75, 76, 77, 78, 79, 80, 81, 82, 83, 84, 85, 86, 87, 88, 89, 90, 91, 92, 93, 94, 95, 96, 97, 98, 99, 100, 101, 102, 103, 104, 105, 106, 107, 108, 109, 110, 111, 112, 113, 114, 115, 116, 117, 118, 119, 120, 121, 122, 123, 124, 125, 126, 127, 128, 129, 130, 131, 132, 133, 134, 135, 136, 137, 138, 139, 140, 141, 142, 143, 144, 145, 146, 147], 1:[], 2:[], 3:[], 4:[], 5:[], 6:[], 7:[], 8:[], 9:[], 10:[], 11:[], 12:[], 13:[], 14:[], 15:[], 16:[], 17:[], 18:[], 19:[], 20:[], 21:[], 22:[], 23:[], 24:[], 25:[], 26:[], 27:[], 28:[], 29:[], 30:[], 31:[], 32:[], 33:[], 34:[], 35:[], 36:[], 37:[], 38:[], 39:[], 40:[], 41:[], 42:[], 43:[], 44:[], 45:[], 46:[], 47:[], 48:[], 49:[], 50:[], 51:[], 52:[], 53:[], 54:[], 55:[], 56:[], 57:[], 58:[], 59:[], 60:[], 61:[], 62:[], 63:[], 64:[], 65:[], 66:[], 67:[], 68:[], 69:[], 70:[], 71:[], 72:[], 73:[], 74:[], 75:[], 76:[], 77:[], 78:[], 79:[], 80:[], 81:[], 82:[], 83:[], 84:[], 85:[], 86:[], 87:[], 88:[], 89:[], 90:[], 91:[], 92:[], 93:[], 94:[], 95:[], 96:[], 97:[], 98:[], 99:[], 100:[], 101:[], 102:[], 103:[], 104:[], 105:[], 106:[], 107:[], 108:[], 109:[], 110:[], 111:[], 112:[], 113:[], 114:[], 115:[], 116:[], 117:[], 118:[], 119:[], 120:[], 121:[], 122:[], 123:[], 124:[], 125:[], 126:[], 127:[], 128:[], 129:[], 130:[], 131:[], 132:[], 133:[], 134:[], 135:[], 136:[], 137:[], 138:[], 139:[], 140:[], 141:[], 142:[], 143:[], 144:[], 145:[], 146:[], 147:[]",30512877880,36710093744
3533,2,16557.9733,15416420,229942057,1835365304,481.5483,false,148,true,true,true,true,true,false,false,"0:[0, 1, 2, 3, 4, 5, 6, 7, 8, 9, 10, 11, 12, 13, 14, 15, 16, 17, 18, 19, 20, 21, 22, 23, 24, 25, 26, 27, 28, 29, 30, 31, 32, 33, 34, 35, 36, 37, 38, 39, 40, 41, 42, 43, 44, 45, 46, 47, 48, 49, 50, 51, 52, 53, 54, 55, 56, 57, 58, 59, 60, 61, 62, 63, 64, 65, 66, 67, 68, 69, 70, 71, 72, 73, 74, 75, 76, 77, 78, 79, 80, 81, 82, 83, 84, 85, 86, 87, 88, 89, 90, 91, 92, 93, 94, 95, 96, 97, 98, 99, 100, 101, 102, 103, 104, 105, 106, 107, 108, 109, 110, 111, 112, 113, 114, 115, 116, 117, 118, 119, 120, 121, 122, 123, 124, 125, 126, 127, 128, 129, 130, 131, 132, 133, 134, 135, 136, 137, 138, 139, 140, 141, 142, 143, 144, 145, 146, 147], 1:[], 2:[], 3:[], 4:[], 5:[], 6:[], 7:[], 8:[], 9:[], 10:[], 11:[], 12:[], 13:[], 14:[], 15:[], 16:[], 17:[], 18:[], 19:[], 20:[], 21:[], 22:[], 23:[], 24:[], 25:[], 26:[], 27:[], 28:[], 29:[], 30:[], 31:[], 32:[], 33:[], 34:[], 35:[], 36:[], 37:[], 38:[], 39:[], 40:[], 41:[], 42:[], 43:[], 44:[], 45:[], 46:[], 47:[], 48:[], 49:[], 50:[], 51:[], 52:[], 53:[], 54:[], 55:[], 56:[], 57:[], 58:[], 59:[], 60:[], 61:[], 62:[], 63:[], 64:[], 65:[], 66:[], 67:[], 68:[], 69:[], 70:[], 71:[], 72:[], 73:[], 74:[], 75:[], 76:[], 77:[], 78:[], 79:[], 80:[], 81:[], 82:[], 83:[], 84:[], 85:[], 86:[], 87:[], 88:[], 89:[], 90:[], 91:[], 92:[], 93:[], 94:[], 95:[], 96:[], 97:[], 98:[], 99:[], 100:[], 101:[], 102:[], 103:[], 104:[], 105:[], 106:[], 107:[], 108:[], 109:[], 110:[], 111:[], 112:[], 113:[], 114:[], 115:[], 116:[], 117:[], 118:[], 119:[], 120:[], 121:[], 122:[], 123:[], 124:[], 125:[], 126:[], 127:[], 128:[], 129:[], 130:[], 131:[], 132:[], 133:[], 134:[], 135:[], 136:[], 137:[], 138:[], 139:[], 140:[], 141:[], 142:[], 143:[], 144:[], 145:[], 146:[], 147:[]",30576518880,36802589901
3539,2,18560.9961,15494920,231114197,1844724465,469.7398,false,148,true,true,true,true,true,false,false,"0:[0, 1, 2, 3, 4, 5, 6, 7, 8, 9, 10, 11, 12, 13, 14, 15, 16, 17, 18, 19, 20, 21, 22, 23, 24, 25, 26, 27, 28, 29, 30, 31, 32, 33, 34, 35, 36, 37, 38, 39, 40, 41, 42, 43, 44, 45, 46, 47, 48, 49, 50, 51, 52, 53, 54, 55, 56, 57, 58, 59, 60, 61, 62, 63, 64, 65, 66, 67, 68, 69, 70, 71, 72, 73, 74, 75, 76, 77, 78, 79, 80, 81, 82, 83, 84, 85, 86, 87, 88, 89, 90, 91, 92, 93, 94, 95, 96, 97, 98, 99, 100, 101, 102, 103, 104, 105, 106, 107, 108, 109, 110, 111, 112, 113, 114, 115, 116, 117, 118, 119, 120, 121, 122, 123, 124, 125, 126, 127, 128, 129, 130, 131, 132, 133, 134, 135, 136, 137, 138, 139, 140, 141, 142, 143, 144, 145, 146, 147], 1:[], 2:[], 3:[], 4:[], 5:[], 6:[], 7:[], 8:[], 9:[], 10:[], 11:[], 12:[], 13:[], 14:[], 15:[], 16:[], 17:[], 18:[], 19:[], 20:[], 21:[], 22:[], 23:[], 24:[], 25:[], 26:[], 27:[], 28:[], 29:[], 30:[], 31:[], 32:[], 33:[], 34:[], 35:[], 36:[], 37:[], 38:[], 39:[], 40:[], 41:[], 42:[], 43:[], 44:[], 45:[], 46:[], 47:[], 48:[], 49:[], 50:[], 51:[], 52:[], 53:[], 54:[], 55:[], 56:[], 57:[], 58:[], 59:[], 60:[], 61:[], 62:[], 63:[], 64:[], 65:[], 66:[], 67:[], 68:[], 69:[], 70:[], 71:[], 72:[], 73:[], 74:[], 75:[], 76:[], 77:[], 78:[], 79:[], 80:[], 81:[], 82:[], 83:[], 84:[], 85:[], 86:[], 87:[], 88:[], 89:[], 90:[], 91:[], 92:[], 93:[], 94:[], 95:[], 96:[], 97:[], 98:[], 99:[], 100:[], 101:[], 102:[], 103:[], 104:[], 105:[], 106:[], 107:[], 108:[], 109:[], 110:[], 111:[], 112:[], 113:[], 114:[], 115:[], 116:[], 117:[], 118:[], 119:[], 120:[], 121:[], 122:[], 123:[], 124:[], 125:[], 126:[], 127:[], 128:[], 129:[], 130:[], 131:[], 132:[], 133:[], 134:[], 135:[], 136:[], 137:[], 138:[], 139:[], 140:[], 141:[], 142:[], 143:[], 144:[], 145:[], 146:[], 147:[]",30672174080,36941584841
3541,2,16695.0542,15521145,231507044,1847866450,466.0646,false,147,true,true,true,true,true,false,false,"0:[0, 1, 2, 3, 4, 5, 6, 7, 8, 9, 10, 11, 12, 13, 14, 15, 16, 17, 18, 19, 20, 21, 22, 23, 24, 25, 26, 27, 28, 29, 30, 31, 32, 33, 34, 35, 36, 37, 38, 39, 40, 41, 42, 43, 44, 45, 46, 47, 48, 49, 50, 51, 52, 53, 54, 55, 56, 57, 58, 59, 60, 61, 62, 63, 64, 65, 66, 67, 68, 69, 70, 71, 72, 73, 74, 75, 76, 77, 78, 79, 80, 81, 82, 83, 84, 85, 86, 87, 88, 89, 90, 91, 92, 93, 94, 95, 96, 97, 98, 99, 100, 101, 102, 103, 104, 105, 106, 107, 108, 109, 110, 111, 112, 113, 114, 115, 116, 117, 118, 119, 120, 121, 122, 123, 124, 125, 126, 127, 128, 129, 130, 131, 132, 133, 134, 135, 136, 137, 138, 139, 140, 141, 142, 143, 144, 145, 146], 1:[], 2:[], 3:[], 4:[], 5:[], 6:[], 7:[], 8:[], 9:[], 10:[], 11:[], 12:[], 13:[], 14:[], 15:[], 16:[], 17:[], 18:[], 19:[], 20:[], 21:[], 22:[], 23:[], 24:[], 25:[], 26:[], 27:[], 28:[], 29:[], 30:[], 31:[], 32:[], 33:[], 34:[], 35:[], 36:[], 37:[], 38:[], 39:[], 40:[], 41:[], 42:[], 43:[], 44:[], 45:[], 46:[], 47:[], 48:[], 49:[], 50:[], 51:[], 52:[], 53:[], 54:[], 55:[], 56:[], 57:[], 58:[], 59:[], 60:[], 61:[], 62:[], 63:[], 64:[], 65:[], 66:[], 67:[], 68:[], 69:[], 70:[], 71:[], 72:[], 73:[], 74:[], 75:[], 76:[], 77:[], 78:[], 79:[], 80:[], 81:[], 82:[], 83:[], 84:[], 85:[], 86:[], 87:[], 88:[], 89:[], 90:[], 91:[], 92:[], 93:[], 94:[], 95:[], 96:[], 97:[], 98:[], 99:[], 100:[], 101:[], 102:[], 103:[], 104:[], 105:[], 106:[], 107:[], 108:[], 109:[], 110:[], 111:[], 112:[], 113:[], 114:[], 115:[], 116:[], 117:[], 118:[], 119:[], 120:[], 121:[], 122:[], 123:[], 124:[], 125:[], 126:[], 127:[], 128:[], 129:[], 130:[], 131:[], 132:[], 133:[], 134:[], 135:[], 136:[], 137:[], 138:[], 139:[], 140:[], 141:[], 142:[], 143:[], 144:[], 145:[], 146:[]",30704231240,36988206556
3547,2,16269.5670,15599999,232684519,1857268432,514.7865,false,147,true,true,true,true,true,false,false,"0:[0, 1, 2, 3, 4, 5, 6, 7, 8, 9, 10, 11, 12, 13, 14, 15, 16, 17, 18, 19, 20, 21, 22, 23, 24, 25, 26, 27, 28, 29, 30, 31, 32, 33, 34, 35, 36, 37, 38, 39, 40, 41, 42, 43, 44, 45, 46, 47, 48, 49, 50, 51, 52, 53, 54, 55, 56, 57, 58, 59, 60, 61, 62, 63, 64, 65, 66, 67, 68, 69, 70, 71, 72, 73, 74, 75, 76, 77, 78, 79, 80, 81, 82, 83, 84, 85, 86, 87, 88, 89, 90, 91, 92, 93, 94, 95, 96, 97, 98, 99, 100, 101, 102, 103, 104, 105, 106, 107, 108, 109, 110, 111, 112, 113, 114, 115, 116, 117, 118, 119, 120, 121, 122, 123, 124, 125, 126, 127, 128, 129, 130, 131, 132, 133, 134, 135, 136, 137, 138, 139, 140, 141, 142, 143, 144, 145, 146], 1:[], 2:[], 3:[], 4:[], 5:[], 6:[], 7:[], 8:[], 9:[], 10:[], 11:[], 12:[], 13:[], 14:[], 15:[], 16:[], 17:[], 18:[], 19:[], 20:[], 21:[], 22:[], 23:[], 24:[], 25:[], 26:[], 27:[], 28:[], 29:[], 30:[], 31:[], 32:[], 33:[], 34:[], 35:[], 36:[], 37:[], 38:[], 39:[], 40:[], 41:[], 42:[], 43:[], 44:[], 45:[], 46:[], 47:[], 48:[], 49:[], 50:[], 51:[], 52:[], 53:[], 54:[], 55:[], 56:[], 57:[], 58:[], 59:[], 60:[], 61:[], 62:[], 63:[], 64:[], 65:[], 66:[], 67:[], 68:[], 69:[], 70:[], 71:[], 72:[], 73:[], 74:[], 75:[], 76:[], 77:[], 78:[], 79:[], 80:[], 81:[], 82:[], 83:[], 84:[], 85:[], 86:[], 87:[], 88:[], 89:[], 90:[], 91:[], 92:[], 93:[], 94:[], 95:[], 96:[], 97:[], 98:[], 99:[], 100:[], 101:[], 102:[], 103:[], 104:[], 105:[], 106:[], 107:[], 108:[], 109:[], 110:[], 111:[], 112:[], 113:[], 114:[], 115:[], 116:[], 117:[], 118:[], 119:[], 120:[], 121:[], 122:[], 123:[], 124:[], 125:[], 126:[], 127:[], 128:[], 129:[], 130:[], 131:[], 132:[], 133:[], 134:[], 135:[], 136:[], 137:[], 138:[], 139:[], 140:[], 141:[], 142:[], 143:[], 144:[], 145:[], 146:[]",30800321736,37127834891
3557,2,19681.6250,15732016,234658273,1873038441,486.0883,false,149,true,true,true,true,true,false,false,"0:[0, 1, 2, 3, 4, 5, 6, 7, 8, 9, 10, 11, 12, 13, 14, 15, 16, 17, 18, 19, 20, 21, 22, 23, 24, 25, 26, 27, 28, 29, 30, 31, 32, 33, 34, 35, 36, 37, 38, 39, 40, 41, 42, 43, 44, 45, 46, 47, 48, 49, 50, 51, 52, 53, 54, 55, 56, 57, 58, 59, 60, 61, 62, 63, 64, 65, 66, 67, 68, 69, 70, 71, 72, 73, 74, 75, 76, 77, 78, 79, 80, 81, 82, 83, 84, 85, 86, 87, 88, 89, 90, 91, 92, 93, 94, 95, 96, 97, 98, 99, 100, 101, 102, 103, 104, 105, 106, 107, 108, 109, 110, 111, 112, 113, 114, 115, 116, 117, 118, 119, 120, 121, 122, 123, 124, 125, 126, 127, 128, 129, 130, 131, 132, 133, 134, 135, 136, 137, 138, 139, 140, 141, 142, 143, 144, 145, 146, 147, 148], 1:[], 2:[], 3:[], 4:[], 5:[], 6:[], 7:[], 8:[], 9:[], 10:[], 11:[], 12:[], 13:[], 14:[], 15:[], 16:[], 17:[], 18:[], 19:[], 20:[], 21:[], 22:[], 23:[], 24:[], 25:[], 26:[], 27:[], 28:[], 29:[], 30:[], 31:[], 32:[], 33:[], 34:[], 35:[], 36:[], 37:[], 38:[], 39:[], 40:[], 41:[], 42:[], 43:[], 44:[], 45:[], 46:[], 47:[], 48:[], 49:[], 50:[], 51:[], 52:[], 53:[], 54:[], 55:[], 56:[], 57:[], 58:[], 59:[], 60:[], 61:[], 62:[], 63:[], 64:[], 65:[], 66:[], 67:[], 68:[], 69:[], 70:[], 71:[], 72:[], 73:[], 74:[], 75:[], 76:[], 77:[], 78:[], 79:[], 80:[], 81:[], 82:[], 83:[], 84:[], 85:[], 86:[], 87:[], 88:[], 89:[], 90:[], 91:[], 92:[], 93:[], 94:[], 95:[], 96:[], 97:[], 98:[], 99:[], 100:[], 101:[], 102:[], 103:[], 104:[], 105:[], 106:[], 107:[], 108:[], 109:[], 110:[], 111:[], 112:[], 113:[], 114:[], 115:[], 116:[], 117:[], 118:[], 119:[], 120:[], 121:[], 122:[], 123:[], 124:[], 125:[], 126:[], 127:[], 128:[], 129:[], 130:[], 131:[], 132:[], 133:[], 134:[], 135:[], 136:[], 137:[], 138:[], 139:[], 140:[], 141:[], 142:[], 143:[], 144:[], 145:[], 146:[], 147:[], 148:[]",40356631424,37361961253
3559,3,18058.5164,15758509,235053257,1876189831,506.6540,false,148,true,true,true,true,true,false,false,"0:[0, 1, 2, 3, 4, 5, 6, 7, 8, 9, 10, 11, 12, 13, 14, 15, 16, 17, 18, 19, 20, 21, 22, 23, 24, 25, 26, 27, 28, 29, 30, 31, 32, 33, 34, 35, 36, 37, 38, 39, 40, 41, 42, 43, 44, 45, 46, 47, 48, 49, 50, 51, 52, 53, 54, 55, 56, 57, 58, 59, 60, 61, 62, 63, 64, 65, 66, 67, 68, 69, 70, 71, 72, 73, 74, 75, 76, 77, 78, 79, 80, 81, 82, 83, 84, 85, 86, 87, 88, 89, 90, 91, 92, 93, 94, 95, 96, 97, 98, 99, 100, 101, 102, 103, 104, 105, 106, 107, 108, 109, 110, 111, 112, 113, 114, 115, 116, 117, 118, 119, 120, 121, 122, 123, 124, 125, 126, 127, 128, 129, 130, 131, 132, 133, 134, 135, 136, 137, 138, 139, 140, 141, 142, 143, 144, 145, 146, 147], 1:[], 2:[], 3:[], 4:[], 5:[], 6:[], 7:[], 8:[], 9:[], 10:[], 11:[], 12:[], 13:[], 14:[], 15:[], 16:[], 17:[], 18:[], 19:[], 20:[], 21:[], 22:[], 23:[], 24:[], 25:[], 26:[], 27:[], 28:[], 29:[], 30:[], 31:[], 32:[], 33:[], 34:[], 35:[], 36:[], 37:[], 38:[], 39:[], 40:[], 41:[], 42:[], 43:[], 44:[], 45:[], 46:[], 47:[], 48:[], 49:[], 50:[], 51:[], 52:[], 53:[], 54:[], 55:[], 56:[], 57:[], 58:[], 59:[], 60:[], 61:[], 62:[], 63:[], 64:[], 65:[], 66:[], 67:[], 68:[], 69:[], 70:[], 71:[], 72:[], 73:[], 74:[], 75:[], 76:[], 77:[], 78:[], 79:[], 80:[], 81:[], 82:[], 83:[], 84:[], 85:[], 86:[], 87:[], 88:[], 89:[], 90:[], 91:[], 92:[], 93:[], 94:[], 95:[], 96:[], 97:[], 98:[], 99:[], 100:[], 101:[], 102:[], 103:[], 104:[], 105:[], 106:[], 107:[], 108:[], 109:[], 110:[], 111:[], 112:[], 113:[], 114:[], 115:[], 116:[], 117:[], 118:[], 119:[], 120:[], 121:[], 122:[], 123:[], 124:[], 125:[], 126:[], 127:[], 128:[], 129:[], 130:[], 131:[], 132:[], 133:[], 134:[], 135:[], 136:[], 137:[], 138:[], 139:[], 140:[], 141:[], 142:[], 143:[], 144:[], 145:[], 146:[], 147:[]",40388865976,37408780965
3571,2,16909.3944,15918087,237438041,1895239721,480.2457,false,149,true,true,true,true,true,false,false,"0:[0, 1, 2, 3, 4, 5, 6, 7, 8, 9, 10, 11, 12, 13, 14, 15, 16, 17, 18, 19, 20, 21, 22, 23, 24, 25, 26, 27, 28, 29, 30, 31, 32, 33, 34, 35, 36, 37, 38, 39, 40, 41, 42, 43, 44, 45, 46, 47, 48, 49, 50, 51, 52, 53, 54, 55, 56, 57, 58, 59, 60, 61, 62, 63, 64, 65, 66, 67, 68, 69, 70, 71, 72, 73, 74, 75, 76, 77, 78, 79, 80, 81, 82, 83, 84, 85, 86, 87, 88, 89, 90, 91, 92, 93, 94, 95, 96, 97, 98, 99, 100, 101, 102, 103, 104, 105, 106, 107, 108, 109, 110, 111, 112, 113, 114, 115, 116, 117, 118, 119, 120, 121, 122, 123, 124, 125, 126, 127, 128, 129, 130, 131, 132, 133, 134, 135, 136, 137, 138, 139, 140, 141, 142, 143, 144, 145, 146, 147, 148], 1:[], 2:[], 3:[], 4:[], 5:[], 6:[], 7:[], 8:[], 9:[], 10:[], 11:[], 12:[], 13:[], 14:[], 15:[], 16:[], 17:[], 18:[], 19:[], 20:[], 21:[], 22:[], 23:[], 24:[], 25:[], 26:[], 27:[], 28:[], 29:[], 30:[], 31:[], 32:[], 33:[], 34:[], 35:[], 36:[], 37:[], 38:[], 39:[], 40:[], 41:[], 42:[], 43:[], 44:[], 45:[], 46:[], 47:[], 48:[], 49:[], 50:[], 51:[], 52:[], 53:[], 54:[], 55:[], 56:[], 57:[], 58:[], 59:[], 60:[], 61:[], 62:[], 63:[], 64:[], 65:[], 66:[], 67:[], 68:[], 69:[], 70:[], 71:[], 72:[], 73:[], 74:[], 75:[], 76:[], 77:[], 78:[], 79:[], 80:[], 81:[], 82:[], 83:[], 84:[], 85:[], 86:[], 87:[], 88:[], 89:[], 90:[], 91:[], 92:[], 93:[], 94:[], 95:[], 96:[], 97:[], 98:[], 99:[], 100:[], 101:[], 102:[], 103:[], 104:[], 105:[], 106:[], 107:[], 108:[], 109:[], 110:[], 111:[], 112:[], 113:[], 114:[], 115:[], 116:[], 117:[], 118:[], 119:[], 120:[], 121:[], 122:[], 123:[], 124:[], 125:[], 126:[], 127:[], 128:[], 129:[], 130:[], 131:[], 132:[], 133:[], 134:[], 135:[], 136:[], 137:[], 138:[], 139:[], 140:[], 141:[], 142:[], 143:[], 144:[], 145:[], 146:[], 147:[], 148:[]",40583478568,37691630693
3581,2,20068.6342,16051890,239438496,1911222954,488.9438,false,149,true,true,true,true,true,false,false,"0:[0, 1, 2, 3, 4, 5, 6, 7, 8, 9, 10, 11, 12, 13, 14, 15, 16, 17, 18, 19, 20, 21, 22, 23, 24, 25, 26, 27, 28, 29, 30, 31, 32, 33, 34, 35, 36, 37, 38, 39, 40, 41, 42, 43, 44, 45, 46, 47, 48, 49, 50, 51, 52, 53, 54, 55, 56, 57, 58, 59, 60, 61, 62, 63, 64, 65, 66, 67, 68, 69, 70, 71, 72, 73, 74, 75, 76, 77, 78, 79, 80, 81, 82, 83, 84, 85, 86, 87, 88, 89, 90, 91, 92, 93, 94, 95, 96, 97, 98, 99, 100, 101, 102, 103, 104, 105, 106, 107, 108, 109, 110, 111, 112, 113, 114, 115, 116, 117, 118, 119, 120, 121, 122, 123, 124, 125, 126, 127, 128, 129, 130, 131, 132, 133, 134, 135, 136, 137, 138, 139, 140, 141, 142, 143, 144, 145, 146, 147, 148], 1:[], 2:[], 3:[], 4:[], 5:[], 6:[], 7:[], 8:[], 9:[], 10:[], 11:[], 12:[], 13:[], 14:[], 15:[], 16:[], 17:[], 18:[], 19:[], 20:[], 21:[], 22:[], 23:[], 24:[], 25:[], 26:[], 27:[], 28:[], 29:[], 30:[], 31:[], 32:[], 33:[], 34:[], 35:[], 36:[], 37:[], 38:[], 39:[], 40:[], 41:[], 42:[], 43:[], 44:[], 45:[], 46:[], 47:[], 48:[], 49:[], 50:[], 51:[], 52:[], 53:[], 54:[], 55:[], 56:[], 57:[], 58:[], 59:[], 60:[], 61:[], 62:[], 63:[], 64:[], 65:[], 66:[], 67:[], 68:[], 69:[], 70:[], 71:[], 72:[], 73:[], 74:[], 75:[], 76:[], 77:[], 78:[], 79:[], 80:[], 81:[], 82:[], 83:[], 84:[], 85:[], 86:[], 87:[], 88:[], 89:[], 90:[], 91:[], 92:[], 93:[], 94:[], 95:[], 96:[], 97:[], 98:[], 99:[], 100:[], 101:[], 102:[], 103:[], 104:[], 105:[], 106:[], 107:[], 108:[], 109:[], 110:[], 111:[], 112:[], 113:[], 114:[], 115:[], 116:[], 117:[], 118:[], 119:[], 120:[], 121:[], 122:[], 123:[], 124:[], 125:[], 126:[], 127:[], 128:[], 129:[], 130:[], 131:[], 132:[], 133:[], 134:[], 135:[], 136:[], 137:[], 138:[], 139:[], 140:[], 141:[], 142:[], 143:[], 144:[], 145:[], 146:[], 147:[], 148:[]",40746726240,37928923264
3583,3,20851.1270,16078740,239838816,1914416904,478.5221,false,150,true,true,true,true,true,false,false,"0:[0, 1, 2, 3, 4, 5, 6, 7, 8, 9, 10, 11, 12, 13, 14, 15, 16, 17, 18, 19, 20, 21, 22, 23, 24, 25, 26, 27, 28, 29, 30, 31, 32, 33, 34, 35, 36, 37, 38, 39, 40, 41, 42, 43, 44, 45, 46, 47, 48, 49, 50, 51, 52, 53, 54, 55, 56, 57, 58, 59, 60, 61, 62, 63, 64, 65, 66, 67, 68, 69, 70, 71, 72, 73, 74, 75, 76, 77, 78, 79, 80, 81, 82, 83, 84, 85, 86, 87, 88, 89, 90, 91, 92, 93, 94, 95, 96, 97, 98, 99, 100, 101, 102, 103, 104, 105, 106, 107, 108, 109, 110, 111, 112, 113, 114, 115, 116, 117, 118, 119, 120, 121, 122, 123, 124, 125, 126, 127, 128, 129, 130, 131, 132, 133, 134, 135, 136, 137, 138, 139, 140, 141, 142, 143, 144, 145, 146, 147, 148, 149], 1:[], 2:[], 3:[], 4:[], 5:[], 6:[], 7:[], 8:[], 9:[], 10:[], 11:[], 12:[], 13:[], 14:[], 15:[], 16:[], 17:[], 18:[], 19:[], 20:[], 21:[], 22:[], 23:[], 24:[], 25:[], 26:[], 27:[], 28:[], 29:[], 30:[], 31:[], 32:[], 33:[], 34:[], 35:[], 36:[], 37:[], 38:[], 39:[], 40:[], 41:[], 42:[], 43:[], 44:[], 45:[], 46:[], 47:[], 48:[], 49:[], 50:[], 51:[], 52:[], 53:[], 54:[], 55:[], 56:[], 57:[], 58:[], 59:[], 60:[], 61:[], 62:[], 63:[], 64:[], 65:[], 66:[], 67:[], 68:[], 69:[], 70:[], 71:[], 72:[], 73:[], 74:[], 75:[], 76:[], 77:[], 78:[], 79:[], 80:[], 81:[], 82:[], 83:[], 84:[], 85:[], 86:[], 87:[], 88:[], 89:[], 90:[], 91:[], 92:[], 93:[], 94:[], 95:[], 96:[], 97:[], 98:[], 99:[], 100:[], 101:[], 102:[], 103:[], 104:[], 105:[], 106:[], 107:[], 108:[], 109:[], 110:[], 111:[], 112:[], 113:[], 114:[], 115:[], 116:[], 117:[], 118:[], 119:[], 120:[], 121:[], 122:[], 123:[], 124:[], 125:[], 126:[], 127:[], 128:[], 129:[], 130:[], 131:[], 132:[], 133:[], 134:[], 135:[], 136:[], 137:[], 138:[], 139:[], 140:[], 141:[], 142:[], 143:[], 144:[], 145:[], 146:[], 147:[], 148:[], 149:[]",40779396240,37976376176
3593,3,18905.6475,16213440,241852769,1930508413,497.0303,false,149,true,true,true,true,true,false,false,"0:[0, 1, 2, 3, 4, 5, 6, 7, 8, 9, 10, 11, 12, 13, 14, 15, 16, 17, 18, 19, 20, 21, 22, 23, 24, 25, 26, 27, 28, 29, 30, 31, 32, 33, 34, 35, 36, 37, 38, 39, 40, 41, 42, 43, 44, 45, 46, 47, 48, 49, 50, 51, 52, 53, 54, 55, 56, 57, 58, 59, 60, 61, 62, 63, 64, 65, 66, 67, 68, 69, 70, 71, 72, 73, 74, 75, 76, 77, 78, 79, 80, 81, 82, 83, 84, 85, 86, 87, 88, 89, 90, 91, 92, 93, 94, 95, 96, 97, 98, 99, 100, 101, 102, 103, 104, 105, 106, 107, 108, 109, 110, 111, 112, 113, 114, 115, 116, 117, 118, 119, 120, 121, 122, 123, 124, 125, 126, 127, 128, 129, 130, 131, 132, 133, 134, 135, 136, 137, 138, 139, 140, 141, 142, 143, 144, 145, 146, 147, 148], 1:[], 2:[], 3:[], 4:[], 5:[], 6:[], 7:[], 8:[], 9:[], 10:[], 11:[], 12:[], 13:[], 14:[], 15:[], 16:[], 17:[], 18:[], 19:[], 20:[], 21:[], 22:[], 23:[], 24:[], 25:[], 26:[], 27:[], 28:[], 29:[], 30:[], 31:[], 32:[], 33:[], 34:[], 35:[], 36:[], 37:[], 38:[], 39:[], 40:[], 41:[], 42:[], 43:[], 44:[], 45:[], 46:[], 47:[], 48:[], 49:[], 50:[], 51:[], 52:[], 53:[], 54:[], 55:[], 56:[], 57:[], 58:[], 59:[], 60:[], 61:[], 62:[], 63:[], 64:[], 65:[], 66:[], 67:[], 68:[], 69:[], 70:[], 71:[], 72:[], 73:[], 74:[], 75:[], 76:[], 77:[], 78:[], 79:[], 80:[], 81:[], 82:[], 83:[], 84:[], 85:[], 86:[], 87:[], 88:[], 89:[], 90:[], 91:[], 92:[], 93:[], 94:[], 95:[], 96:[], 97:[], 98:[], 99:[], 100:[], 101:[], 102:[], 103:[], 104:[], 105:[], 106:[], 107:[], 108:[], 109:[], 110:[], 111:[], 112:[], 113:[], 114:[], 115:[], 116:[], 117:[], 118:[], 119:[], 120:[], 121:[], 122:[], 123:[], 124:[], 125:[], 126:[], 127:[], 128:[], 129:[], 130:[], 131:[], 132:[], 133:[], 134:[], 135:[], 136:[], 137:[], 138:[], 139:[], 140:[], 141:[], 142:[], 143:[], 144:[], 145:[], 146:[], 147:[], 148:[]",40943745280,38215270277
3607,3,17833.8746,16403281,244688977,1953160916,517.8666,false,151,true,true,true,true,true,false,false,"0:[0, 1, 2, 3, 4, 5, 6, 7, 8, 9, 10, 11, 12, 13, 14, 15, 16, 17, 18, 19, 20, 21, 22, 23, 24, 25, 26, 27, 28, 29, 30, 31, 32, 33, 34, 35, 36, 37, 38, 39, 40, 41, 42, 43, 44, 45, 46, 47, 48, 49, 50, 51, 52, 53, 54, 55, 56, 57, 58, 59, 60, 61, 62, 63, 64, 65, 66, 67, 68, 69, 70, 71, 72, 73, 74, 75, 76, 77, 78, 79, 80, 81, 82, 83, 84, 85, 86, 87, 88, 89, 90, 91, 92, 93, 94, 95, 96, 97, 98, 99, 100, 101, 102, 103, 104, 105, 106, 107, 108, 109, 110, 111, 112, 113, 114, 115, 116, 117, 118, 119, 120, 121, 122, 123, 124, 125, 126, 127, 128, 129, 130, 131, 132, 133, 134, 135, 136, 137, 138, 139, 140, 141, 142, 143, 144, 145, 146, 147, 148, 149, 150], 1:[], 2:[], 3:[], 4:[], 5:[], 6:[], 7:[], 8:[], 9:[], 10:[], 11:[], 12:[], 13:[], 14:[], 15:[], 16:[], 17:[], 18:[], 19:[], 20:[], 21:[], 22:[], 23:[], 24:[], 25:[], 26:[], 27:[], 28:[], 29:[], 30:[], 31:[], 32:[], 33:[], 34:[], 35:[], 36:[], 37:[], 38:[], 39:[], 40:[], 41:[], 42:[], 43:[], 44:[], 45:[], 46:[], 47:[], 48:[], 49:[], 50:[], 51:[], 52:[], 53:[], 54:[], 55:[], 56:[], 57:[], 58:[], 59:[], 60:[], 61:[], 62:[], 63:[], 64:[], 65:[], 66:[], 67:[], 68:[], 69:[], 70:[], 71:[], 72:[], 73:[], 74:[], 75:[], 76:[], 77:[], 78:[], 79:[], 80:[], 81:[], 82:[], 83:[], 84:[], 85:[], 86:[], 87:[], 88:[], 89:[], 90:[], 91:[], 92:[], 93:[], 94:[], 95:[], 96:[], 97:[], 98:[], 99:[], 100:[], 101:[], 102:[], 103:[], 104:[], 105:[], 106:[], 107:[], 108:[], 109:[], 110:[], 111:[], 112:[], 113:[], 114:[], 115:[], 116:[], 117:[], 118:[], 119:[], 120:[], 121:[], 122:[], 123:[], 124:[], 125:[], 126:[], 127:[], 128:[], 129:[], 130:[], 131:[], 132:[], 133:[], 134:[], 135:[], 136:[], 137:[], 138:[], 139:[], 140:[], 141:[], 142:[], 143:[], 144:[], 145:[], 146:[], 147:[], 148:[], 149:[], 150:[]",41175198104,38551633837
3613,2,20279.3288,16485093,245912544,1962938632,524.4091,false,151,true,true,true,true,true,false,false,"0:[0, 1, 2, 3, 4, 5, 6, 7, 8, 9, 10, 11, 12, 13, 14, 15, 16, 17, 18, 19, 20, 21, 22, 23, 24, 25, 26, 27, 28, 29, 30, 31, 32, 33, 34, 35, 36, 37, 38, 39, 40, 41, 42, 43, 44, 45, 46, 47, 48, 49, 50, 51, 52, 53, 54, 55, 56, 57, 58, 59, 60, 61, 62, 63, 64, 65, 66, 67, 68, 69, 70, 71, 72, 73, 74, 75, 76, 77, 78, 79, 80, 81, 82, 83, 84, 85, 86, 87, 88, 89, 90, 91, 92, 93, 94, 95, 96, 97, 98, 99, 100, 101, 102, 103, 104, 105, 106, 107, 108, 109, 110, 111, 112, 113, 114, 115, 116, 117, 118, 119, 120, 121, 122, 123, 124, 125, 126, 127, 128, 129, 130, 131, 132, 133, 134, 135, 136, 137, 138, 139, 140, 141, 142, 143, 144, 145, 146, 147, 148, 149, 150], 1:[], 2:[], 3:[], 4:[], 5:[], 6:[], 7:[], 8:[], 9:[], 10:[], 11:[], 12:[], 13:[], 14:[], 15:[], 16:[], 17:[], 18:[], 19:[], 20:[], 21:[], 22:[], 23:[], 24:[], 25:[], 26:[], 27:[], 28:[], 29:[], 30:[], 31:[], 32:[], 33:[], 34:[], 35:[], 36:[], 37:[], 38:[], 39:[], 40:[], 41:[], 42:[], 43:[], 44:[], 45:[], 46:[], 47:[], 48:[], 49:[], 50:[], 51:[], 52:[], 53:[], 54:[], 55:[], 56:[], 57:[], 58:[], 59:[], 60:[], 61:[], 62:[], 63:[], 64:[], 65:[], 66:[], 67:[], 68:[], 69:[], 70:[], 71:[], 72:[], 73:[], 74:[], 75:[], 76:[], 77:[], 78:[], 79:[], 80:[], 81:[], 82:[], 83:[], 84:[], 85:[], 86:[], 87:[], 88:[], 89:[], 90:[], 91:[], 92:[], 93:[], 94:[], 95:[], 96:[], 97:[], 98:[], 99:[], 100:[], 101:[], 102:[], 103:[], 104:[], 105:[], 106:[], 107:[], 108:[], 109:[], 110:[], 111:[], 112:[], 113:[], 114:[], 115:[], 116:[], 117:[], 118:[], 119:[], 120:[], 121:[], 122:[], 123:[], 124:[], 125:[], 126:[], 127:[], 128:[], 129:[], 130:[], 131:[], 132:[], 133:[], 134:[], 135:[], 136:[], 137:[], 138:[], 139:[], 140:[], 141:[], 142:[], 143:[], 144:[], 145:[], 146:[], 147:[], 148:[], 149:[], 150:[]",41275046952,38696783304
3617,3,22706.3638,16539785,246729900,1969467798,478.4732,false,150,true,true,true,true,true,false,false,"0:[0, 1, 2, 3, 4, 5, 6, 7, 8, 9, 10, 11, 12, 13, 14, 15, 16, 17, 18, 19, 20, 21, 22, 23, 24, 25, 26, 27, 28, 29, 30, 31, 32, 33, 34, 35, 36, 37, 38, 39, 40, 41, 42, 43, 44, 45, 46, 47, 48, 49, 50, 51, 52, 53, 54, 55, 56, 57, 58, 59, 60, 61, 62, 63, 64, 65, 66, 67, 68, 69, 70, 71, 72, 73, 74, 75, 76, 77, 78, 79, 80, 81, 82, 83, 84, 85, 86, 87, 88, 89, 90, 91, 92, 93, 94, 95, 96, 97, 98, 99, 100, 101, 102, 103, 104, 105, 106, 107, 108, 109, 110, 111, 112, 113, 114, 115, 116, 117, 118, 119, 120, 121, 122, 123, 124, 125, 126, 127, 128, 129, 130, 131, 132, 133, 134, 135, 136, 137, 138, 139, 140, 141, 142, 143, 144, 145, 146, 147, 148, 149], 1:[], 2:[], 3:[], 4:[], 5:[], 6:[], 7:[], 8:[], 9:[], 10:[], 11:[], 12:[], 13:[], 14:[], 15:[], 16:[], 17:[], 18:[], 19:[], 20:[], 21:[], 22:[], 23:[], 24:[], 25:[], 26:[], 27:[], 28:[], 29:[], 30:[], 31:[], 32:[], 33:[], 34:[], 35:[], 36:[], 37:[], 38:[], 39:[], 40:[], 41:[], 42:[], 43:[], 44:[], 45:[], 46:[], 47:[], 48:[], 49:[], 50:[], 51:[], 52:[], 53:[], 54:[], 55:[], 56:[], 57:[], 58:[], 59:[], 60:[], 61:[], 62:[], 63:[], 64:[], 65:[], 66:[], 67:[], 68:[], 69:[], 70:[], 71:[], 72:[], 73:[], 74:[], 75:[], 76:[], 77:[], 78:[], 79:[], 80:[], 81:[], 82:[], 83:[], 84:[], 85:[], 86:[], 87:[], 88:[], 89:[], 90:[], 91:[], 92:[], 93:[], 94:[], 95:[], 96:[], 97:[], 98:[], 99:[], 100:[], 101:[], 102:[], 103:[], 104:[], 105:[], 106:[], 107:[], 108:[], 109:[], 110:[], 111:[], 112:[], 113:[], 114:[], 115:[], 116:[], 117:[], 118:[], 119:[], 120:[], 121:[], 122:[], 123:[], 124:[], 125:[], 126:[], 127:[], 128:[], 129:[], 130:[], 131:[], 132:[], 133:[], 134:[], 135:[], 136:[], 137:[], 138:[], 139:[], 140:[], 141:[], 142:[], 143:[], 144:[], 145:[], 146:[], 147:[], 148:[], 149:[]",41341748040,38793726180
3623,5,17652.2031,16622050,247958421,1979277759,511.5666,false,151,true,true,true,true,true,false,false,"0:[0, 1, 2, 3, 4, 5, 6, 7, 8, 9, 10, 11, 12, 13, 14, 15, 16, 17, 18, 19, 20, 21, 22, 23, 24, 25, 26, 27, 28, 29, 30, 31, 32, 33, 34, 35, 36, 37, 38, 39, 40, 41, 42, 43, 44, 45, 46, 47, 48, 49, 50, 51, 52, 53, 54, 55, 56, 57, 58, 59, 60, 61, 62, 63, 64, 65, 66, 67, 68, 69, 70, 71, 72, 73, 74, 75, 76, 77, 78, 79, 80, 81, 82, 83, 84, 85, 86, 87, 88, 89, 90, 91, 92, 93, 94, 95, 96, 97, 98, 99, 100, 101, 102, 103, 104, 105, 106, 107, 108, 109, 110, 111, 112, 113, 114, 115, 116, 117, 118, 119, 120, 121, 122, 123, 124, 125, 126, 127, 128, 129, 130, 131, 132, 133, 134, 135, 136, 137, 138, 139, 140, 141, 142, 143, 144, 145, 146, 147, 148, 149, 150], 1:[], 2:[], 3:[], 4:[], 5:[], 6:[], 7:[], 8:[], 9:[], 10:[], 11:[], 12:[], 13:[], 14:[], 15:[], 16:[], 17:[], 18:[], 19:[], 20:[], 21:[], 22:[], 23:[], 24:[], 25:[], 26:[], 27:[], 28:[], 29:[], 30:[], 31:[], 32:[], 33:[], 34:[], 35:[], 36:[], 37:[], 38:[], 39:[], 40:[], 41:[], 42:[], 43:[], 44:[], 45:[], 46:[], 47:[], 48:[], 49:[], 50:[], 51:[], 52:[], 53:[], 54:[], 55:[], 56:[], 57:[], 58:[], 59:[], 60:[], 61:[], 62:[], 63:[], 64:[], 65:[], 66:[], 67:[], 68:[], 69:[], 70:[], 71:[], 72:[], 73:[], 74:[], 75:[], 76:[], 77:[], 78:[], 79:[], 80:[], 81:[], 82:[], 83:[], 84:[], 85:[], 86:[], 87:[], 88:[], 89:[], 90:[], 91:[], 92:[], 93:[], 94:[], 95:[], 96:[], 97:[], 98:[], 99:[], 100:[], 101:[], 102:[], 103:[], 104:[], 105:[], 106:[], 107:[], 108:[], 109:[], 110:[], 111:[], 112:[], 113:[], 114:[], 115:[], 116:[], 117:[], 118:[], 119:[], 120:[], 121:[], 122:[], 123:[], 124:[], 125:[], 126:[], 127:[], 128:[], 129:[], 130:[], 131:[], 132:[], 133:[], 134:[], 135:[], 136:[], 137:[], 138:[], 139:[], 140:[], 141:[], 142:[], 143:[], 144:[], 145:[], 146:[], 147:[], 148:[], 149:[], 150:[]",41442004080,38939408345
3631,3,18744.3683,16732160,249604004,1992422926,545.0538,false,151,true,true,true,true,true,false,false,"0:[0, 1, 2, 3, 4, 5, 6, 7, 8, 9, 10, 11, 12, 13, 14, 15, 16, 17, 18, 19, 20, 21, 22, 23, 24, 25, 26, 27, 28, 29, 30, 31, 32, 33, 34, 35, 36, 37, 38, 39, 40, 41, 42, 43, 44, 45, 46, 47, 48, 49, 50, 51, 52, 53, 54, 55, 56, 57, 58, 59, 60, 61, 62, 63, 64, 65, 66, 67, 68, 69, 70, 71, 72, 73, 74, 75, 76, 77, 78, 79, 80, 81, 82, 83, 84, 85, 86, 87, 88, 89, 90, 91, 92, 93, 94, 95, 96, 97, 98, 99, 100, 101, 102, 103, 104, 105, 106, 107, 108, 109, 110, 111, 112, 113, 114, 115, 116, 117, 118, 119, 120, 121, 122, 123, 124, 125, 126, 127, 128, 129, 130, 131, 132, 133, 134, 135, 136, 137, 138, 139, 140, 141, 142, 143, 144, 145, 146, 147, 148, 149, 150], 1:[], 2:[], 3:[], 4:[], 5:[], 6:[], 7:[], 8:[], 9:[], 10:[], 11:[], 12:[], 13:[], 14:[], 15:[], 16:[], 17:[], 18:[], 19:[], 20:[], 21:[], 22:[], 23:[], 24:[], 25:[], 26:[], 27:[], 28:[], 29:[], 30:[], 31:[], 32:[], 33:[], 34:[], 35:[], 36:[], 37:[], 38:[], 39:[], 40:[], 41:[], 42:[], 43:[], 44:[], 45:[], 46:[], 47:[], 48:[], 49:[], 50:[], 51:[], 52:[], 53:[], 54:[], 55:[], 56:[], 57:[], 58:[], 59:[], 60:[], 61:[], 62:[], 63:[], 64:[], 65:[], 66:[], 67:[], 68:[], 69:[], 70:[], 71:[], 72:[], 73:[], 74:[], 75:[], 76:[], 77:[], 78:[], 79:[], 80:[], 81:[], 82:[], 83:[], 84:[], 85:[], 86:[], 87:[], 88:[], 89:[], 90:[], 91:[], 92:[], 93:[], 94:[], 95:[], 96:[], 97:[], 98:[], 99:[], 100:[], 101:[], 102:[], 103:[], 104:[], 105:[], 106:[], 107:[], 108:[], 109:[], 110:[], 111:[], 112:[], 113:[], 114:[], 115:[], 116:[], 117:[], 118:[], 119:[], 120:[], 121:[], 122:[], 123:[], 124:[], 125:[], 126:[], 127:[], 128:[], 129:[], 130:[], 131:[], 132:[], 133:[], 134:[], 135:[], 136:[], 137:[], 138:[], 139:[], 140:[], 141:[], 142:[], 143:[], 144:[], 145:[], 146:[], 147:[], 148:[], 149:[], 150:[]",41576293360,39134583716
3637,2,17571.4255,16815061,250843887,2002331117,537.7806,false,152,true,true,true,true,true,false,false,"0:[0, 1, 2, 3, 4, 5, 6, 7, 8, 9, 10, 11, 12, 13, 14, 15, 16, 17, 18, 19, 20, 21, 22, 23, 24, 25, 26, 27, 28, 29, 30, 31, 32, 33, 34, 35, 36, 37, 38, 39, 40, 41, 42, 43, 44, 45, 46, 47, 48, 49, 50, 51, 52, 53, 54, 55, 56, 57, 58, 59, 60, 61, 62, 63, 64, 65, 66, 67, 68, 69, 70, 71, 72, 73, 74, 75, 76, 77, 78, 79, 80, 81, 82, 83, 84, 85, 86, 87, 88, 89, 90, 91, 92, 93, 94, 95, 96, 97, 98, 99, 100, 101, 102, 103, 104, 105, 106, 107, 108, 109, 110, 111, 112, 113, 114, 115, 116, 117, 118, 119, 120, 121, 122, 123, 124, 125, 126, 127, 128, 129, 130, 131, 132, 133, 134, 135, 136, 137, 138, 139, 140, 141, 142, 143, 144, 145, 146, 147, 148, 149, 150, 151], 1:[], 2:[], 3:[], 4:[], 5:[], 6:[], 7:[], 8:[], 9:[], 10:[], 11:[], 12:[], 13:[], 14:[], 15:[], 16:[], 17:[], 18:[], 19:[], 20:[], 21:[], 22:[], 23:[], 24:[], 25:[], 26:[], 27:[], 28:[], 29:[], 30:[], 31:[], 32:[], 33:[], 34:[], 35:[], 36:[], 37:[], 38:[], 39:[], 40:[], 41:[], 42:[], 43:[], 44:[], 45:[], 46:[], 47:[], 48:[], 49:[], 50:[], 51:[], 52:[], 53:[], 54:[], 55:[], 56:[], 57:[], 58:[], 59:[], 60:[], 61:[], 62:[], 63:[], 64:[], 65:[], 66:[], 67:[], 68:[], 69:[], 70:[], 71:[], 72:[], 73:[], 74:[], 75:[], 76:[], 77:[], 78:[], 79:[], 80:[], 81:[], 82:[], 83:[], 84:[], 85:[], 86:[], 87:[], 88:[], 89:[], 90:[], 91:[], 92:[], 93:[], 94:[], 95:[], 96:[], 97:[], 98:[], 99:[], 100:[], 101:[], 102:[], 103:[], 104:[], 105:[], 106:[], 107:[], 108:[], 109:[], 110:[], 111:[], 112:[], 113:[], 114:[], 115:[], 116:[], 117:[], 118:[], 119:[], 120:[], 121:[], 122:[], 123:[], 124:[], 125:[], 126:[], 127:[], 128:[], 129:[], 130:[], 131:[], 132:[], 133:[], 134:[], 135:[], 136:[], 137:[], 138:[], 139:[], 140:[], 141:[], 142:[], 143:[], 144:[], 145:[], 146:[], 147:[], 148:[], 149:[], 150:[], 151:[]",41677473624,39281668771
3643,2,20244.9973,16898235,252086042,2012250249,536.2061,false,151,true,true,true,true,true,false,false,"0:[0, 1, 2, 3, 4, 5, 6, 7, 8, 9, 10, 11, 12, 13, 14, 15, 16, 17, 18, 19, 20, 21, 22, 23, 24, 25, 26, 27, 28, 29, 30, 31, 32, 33, 34, 35, 36, 37, 38, 39, 40, 41, 42, 43, 44, 45, 46, 47, 48, 49, 50, 51, 52, 53, 54, 55, 56, 57, 58, 59, 60, 61, 62, 63, 64, 65, 66, 67, 68, 69, 70, 71, 72, 73, 74, 75, 76, 77, 78, 79, 80, 81, 82, 83, 84, 85, 86, 87, 88, 89, 90, 91, 92, 93, 94, 95, 96, 97, 98, 99, 100, 101, 102, 103, 104, 105, 106, 107, 108, 109, 110, 111, 112, 113, 114, 115, 116, 117, 118, 119, 120, 121, 122, 123, 124, 125, 126, 127, 128, 129, 130, 131, 132, 133, 134, 135, 136, 137, 138, 139, 140, 141, 142, 143, 144, 145, 146, 147, 148, 149, 150], 1:[], 2:[], 3:[], 4:[], 5:[], 6:[], 7:[], 8:[], 9:[], 10:[], 11:[], 12:[], 13:[], 14:[], 15:[], 16:[], 17:[], 18:[], 19:[], 20:[], 21:[], 22:[], 23:[], 24:[], 25:[], 26:[], 27:[], 28:[], 29:[], 30:[], 31:[], 32:[], 33:[], 34:[], 35:[], 36:[], 37:[], 38:[], 39:[], 40:[], 41:[], 42:[], 43:[], 44:[], 45:[], 46:[], 47:[], 48:[], 49:[], 50:[], 51:[], 52:[], 53:[], 54:[], 55:[], 56:[], 57:[], 58:[], 59:[], 60:[], 61:[], 62:[], 63:[], 64:[], 65:[], 66:[], 67:[], 68:[], 69:[], 70:[], 71:[], 72:[], 73:[], 74:[], 75:[], 76:[], 77:[], 78:[], 79:[], 80:[], 81:[], 82:[], 83:[], 84:[], 85:[], 86:[], 87:[], 88:[], 89:[], 90:[], 91:[], 92:[], 93:[], 94:[], 95:[], 96:[], 97:[], 98:[], 99:[], 100:[], 101:[], 102:[], 103:[], 104:[], 105:[], 106:[], 107:[], 108:[], 109:[], 110:[], 111:[], 112:[], 113:[], 114:[], 115:[], 116:[], 117:[], 118:[], 119:[], 120:[], 121:[], 122:[], 123:[], 124:[], 125:[], 126:[], 127:[], 128:[], 129:[], 130:[], 131:[], 132:[], 133:[], 134:[], 135:[], 136:[], 137:[], 138:[], 139:[], 140:[], 141:[], 142:[], 143:[], 144:[], 145:[], 146:[], 147:[], 148:[], 149:[], 150:[]",41778842200,39428967546
3659,2,20134.4203,17121374,255420832,2038888913,521.6491,false,153,true,true,true,true,true,false,false,"0:[0, 1, 2, 3, 4, 5, 6, 7, 8, 9, 10, 11, 12, 13, 14, 15, 16, 17, 18, 19, 20, 21, 22, 23, 24, 25, 26, 27, 28, 29, 30, 31, 32, 33, 34, 35, 36, 37, 38, 39, 40, 41, 42, 43, 44, 45, 46, 47, 48, 49, 50, 51, 52, 53, 54, 55, 56, 57, 58, 59, 60, 61, 62, 63, 64, 65, 66, 67, 68, 69, 70, 71, 72, 73, 74, 75, 76, 77, 78, 79, 80, 81, 82, 83, 84, 85, 86, 87, 88, 89, 90, 91, 92, 93, 94, 95, 96, 97, 98, 99, 100, 101, 102, 103, 104, 105, 106, 107, 108, 109, 110, 111, 112, 113, 114, 115, 116, 117, 118, 119, 120, 121, 122, 123, 124, 125, 126, 127, 128, 129, 130, 131, 132, 133, 134, 135, 136, 137, 138, 139, 140, 141, 142, 143, 144, 145, 146, 147, 148, 149, 150, 151, 152], 1:[], 2:[], 3:[], 4:[], 5:[], 6:[], 7:[], 8:[], 9:[], 10:[], 11:[], 12:[], 13:[], 14:[], 15:[], 16:[], 17:[], 18:[], 19:[], 20:[], 21:[], 22:[], 23:[], 24:[], 25:[], 26:[], 27:[], 28:[], 29:[], 30:[], 31:[], 32:[], 33:[], 34:[], 35:[], 36:[], 37:[], 38:[], 39:[], 40:[], 41:[], 42:[], 43:[], 44:[], 45:[], 46:[], 47:[], 48:[], 49:[], 50:[], 51:[], 52:[], 53:[], 54:[], 55:[], 56:[], 57:[], 58:[], 59:[], 60:[], 61:[], 62:[], 63:[], 64:[], 65:[], 66:[], 67:[], 68:[], 69:[], 70:[], 71:[], 72:[], 73:[], 74:[], 75:[], 76:[], 77:[], 78:[], 79:[], 80:[], 81:[], 82:[], 83:[], 84:[], 85:[], 86:[], 87:[], 88:[], 89:[], 90:[], 91:[], 92:[], 93:[], 94:[], 95:[], 96:[], 97:[], 98:[], 99:[], 100:[], 101:[], 102:[], 103:[], 104:[], 105:[], 106:[], 107:[], 108:[], 109:[], 110:[], 111:[], 112:[], 113:[], 114:[], 115:[], 116:[], 117:[], 118:[], 119:[], 120:[], 121:[], 122:[], 123:[], 124:[], 125:[], 126:[], 127:[], 128:[], 129:[], 130:[], 131:[], 132:[], 133:[], 134:[], 135:[], 136:[], 137:[], 138:[], 139:[], 140:[], 141:[], 142:[], 143:[], 144:[], 145:[], 146:[], 147:[], 148:[], 149:[], 150:[], 151:[], 152:[]",42050980736,39824491456
3671,13,19290.6316,17290010,257941221,2059022852,557.7823,false,152,true,true,true,true,true,false,false,"0:[0, 1, 2, 3, 4, 5, 6, 7, 8, 9, 10, 11, 12, 13, 14, 15, 16, 17, 18, 19, 20, 21, 22, 23, 24, 25, 26, 27, 28, 29, 30, 31, 32, 33, 34, 35, 36, 37, 38, 39, 40, 41, 42, 43, 44, 45, 46, 47, 48, 49, 50, 51, 52, 53, 54, 55, 56, 57, 58, 59, 60, 61, 62, 63, 64, 65, 66, 67, 68, 69, 70, 71, 72, 73, 74, 75, 76, 77, 78, 79, 80, 81, 82, 83, 84, 85, 86, 87, 88, 89, 90, 91, 92, 93, 94, 95, 96, 97, 98, 99, 100, 101, 102, 103, 104, 105, 106, 107, 108, 109, 110, 111, 112, 113, 114, 115, 116, 117, 118, 119, 120, 121, 122, 123, 124, 125, 126, 127, 128, 129, 130, 131, 132, 133, 134, 135, 136, 137, 138, 139, 140, 141, 142, 143, 144, 145, 146, 147, 148, 149, 150, 151], 1:[], 2:[], 3:[], 4:[], 5:[], 6:[], 7:[], 8:[], 9:[], 10:[], 11:[], 12:[], 13:[], 14:[], 15:[], 16:[], 17:[], 18:[], 19:[], 20:[], 21:[], 22:[], 23:[], 24:[], 25:[], 26:[], 27:[], 28:[], 29:[], 30:[], 31:[], 32:[], 33:[], 34:[], 35:[], 36:[], 37:[], 38:[], 39:[], 40:[], 41:[], 42:[], 43:[], 44:[], 45:[], 46:[], 47:[], 48:[], 49:[], 50:[], 51:[], 52:[], 53:[], 54:[], 55:[], 56:[], 57:[], 58:[], 59:[], 60:[], 61:[], 62:[], 63:[], 64:[], 65:[], 66:[], 67:[], 68:[], 69:[], 70:[], 71:[], 72:[], 73:[], 74:[], 75:[], 76:[], 77:[], 78:[], 79:[], 80:[], 81:[], 82:[], 83:[], 84:[], 85:[], 86:[], 87:[], 88:[], 89:[], 90:[], 91:[], 92:[], 93:[], 94:[], 95:[], 96:[], 97:[], 98:[], 99:[], 100:[], 101:[], 102:[], 103:[], 104:[], 105:[], 106:[], 107:[], 108:[], 109:[], 110:[], 111:[], 112:[], 113:[], 114:[], 115:[], 116:[], 117:[], 118:[], 119:[], 120:[], 121:[], 122:[], 123:[], 124:[], 125:[], 126:[], 127:[], 128:[], 129:[], 130:[], 131:[], 132:[], 133:[], 134:[], 135:[], 136:[], 137:[], 138:[], 139:[], 140:[], 141:[], 142:[], 143:[], 144:[], 145:[], 146:[], 147:[], 148:[], 149:[], 150:[], 151:[]",42256659120,40123424361
3673,5,24274.4417,17318223,258363837,2062402751,549.3173,false,153,true,true,true,true,true,false,false,"0:[0, 1, 2, 3, 4, 5, 6, 7, 8, 9, 10, 11, 12, 13, 14, 15, 16, 17, 18, 19, 20, 21, 22, 23, 24, 25, 26, 27, 28, 29, 30, 31, 32, 33, 34, 35, 36, 37, 38, 39, 40, 41, 42, 43, 44, 45, 46, 47, 48, 49, 50, 51, 52, 53, 54, 55, 56, 57, 58, 59, 60, 61, 62, 63, 64, 65, 66, 67, 68, 69, 70, 71, 72, 73, 74, 75, 76, 77, 78, 79, 80, 81, 82, 83, 84, 85, 86, 87, 88, 89, 90, 91, 92, 93, 94, 95, 96, 97, 98, 99, 100, 101, 102, 103, 104, 105, 106, 107, 108, 109, 110, 111, 112, 113, 114, 115, 116, 117, 118, 119, 120, 121, 122, 123, 124, 125, 126, 127, 128, 129, 130, 131, 132, 133, 134, 135, 136, 137, 138, 139, 140, 141, 142, 143, 144, 145, 146, 147, 148, 149, 150, 151, 152], 1:[], 2:[], 3:[], 4:[], 5:[], 6:[], 7:[], 8:[], 9:[], 10:[], 11:[], 12:[], 13:[], 14:[], 15:[], 16:[], 17:[], 18:[], 19:[], 20:[], 21:[], 22:[], 23:[], 24:[], 25:[], 26:[], 27:[], 28:[], 29:[], 30:[], 31:[], 32:[], 33:[], 34:[], 35:[], 36:[], 37:[], 38:[], 39:[], 40:[], 41:[], 42:[], 43:[], 44:[], 45:[], 46:[], 47:[], 48:[], 49:[], 50:[], 51:[], 52:[], 53:[], 54:[], 55:[], 56:[], 57:[], 58:[], 59:[], 60:[], 61:[], 62:[], 63:[], 64:[], 65:[], 66:[], 67:[], 68:[], 69:[], 70:[], 71:[], 72:[], 73:[], 74:[], 75:[], 76:[], 77:[], 78:[], 79:[], 80:[], 81:[], 82:[], 83:[], 84:[], 85:[], 86:[], 87:[], 88:[], 89:[], 90:[], 91:[], 92:[], 93:[], 94:[], 95:[], 96:[], 97:[], 98:[], 99:[], 100:[], 101:[], 102:[], 103:[], 104:[], 105:[], 106:[], 107:[], 108:[], 109:[], 110:[], 111:[], 112:[], 113:[], 114:[], 115:[], 116:[], 117:[], 118:[], 119:[], 120:[], 121:[], 122:[], 123:[], 124:[], 125:[], 126:[], 127:[], 128:[], 129:[], 130:[], 131:[], 132:[], 133:[], 134:[], 135:[], 136:[], 137:[], 138:[], 139:[], 140:[], 141:[], 142:[], 143:[], 144:[], 145:[], 146:[], 147:[], 148:[], 149:[], 150:[], 151:[], 152:[]",42291145512,40173577561
3677,2,18201.0683,17374742,259208611,2069151498,542.9454,false,154,true,true,true,true,true,false,false,"0:[0, 1, 2, 3, 4, 5, 6, 7, 8, 9, 10, 11, 12, 13, 14, 15, 16, 17, 18, 19, 20, 21, 22, 23, 24, 25, 26, 27, 28, 29, 30, 31, 32, 33, 34, 35, 36, 37, 38, 39, 40, 41, 42, 43, 44, 45, 46, 47, 48, 49, 50, 51, 52, 53, 54, 55, 56, 57, 58, 59, 60, 61, 62, 63, 64, 65, 66, 67, 68, 69, 70, 71, 72, 73, 74, 75, 76, 77, 78, 79, 80, 81, 82, 83, 84, 85, 86, 87, 88, 89, 90, 91, 92, 93, 94, 95, 96, 97, 98, 99, 100, 101, 102, 103, 104, 105, 106, 107, 108, 109, 110, 111, 112, 113, 114, 115, 116, 117, 118, 119, 120, 121, 122, 123, 124, 125, 126, 127, 128, 129, 130, 131, 132, 133, 134, 135, 136, 137, 138, 139, 140, 141, 142, 143, 144, 145, 146, 147, 148, 149, 150, 151, 152, 153], 1:[], 2:[], 3:[], 4:[], 5:[], 6:[], 7:[], 8:[], 9:[], 10:[], 11:[], 12:[], 13:[], 14:[], 15:[], 16:[], 17:[], 18:[], 19:[], 20:[], 21:[], 22:[], 23:[], 24:[], 25:[], 26:[], 27:[], 28:[], 29:[], 30:[], 31:[], 32:[], 33:[], 34:[], 35:[], 36:[], 37:[], 38:[], 39:[], 40:[], 41:[], 42:[], 43:[], 44:[], 45:[], 46:[], 47:[], 48:[], 49:[], 50:[], 51:[], 52:[], 53:[], 54:[], 55:[], 56:[], 57:[], 58:[], 59:[], 60:[], 61:[], 62:[], 63:[], 64:[], 65:[], 66:[], 67:[], 68:[], 69:[], 70:[], 71:[], 72:[], 73:[], 74:[], 75:[], 76:[], 77:[], 78:[], 79:[], 80:[], 81:[], 82:[], 83:[], 84:[], 85:[], 86:[], 87:[], 88:[], 89:[], 90:[], 91:[], 92:[], 93:[], 94:[], 95:[], 96:[], 97:[], 98:[], 99:[], 100:[], 101:[], 102:[], 103:[], 104:[], 105:[], 106:[], 107:[], 108:[], 109:[], 110:[], 111:[], 112:[], 113:[], 114:[], 115:[], 116:[], 117:[], 118:[], 119:[], 120:[], 121:[], 122:[], 123:[], 124:[], 125:[], 126:[], 127:[], 128:[], 129:[], 130:[], 131:[], 132:[], 133:[], 134:[], 135:[], 136:[], 137:[], 138:[], 139:[], 140:[], 141:[], 142:[], 143:[], 144:[], 145:[], 146:[], 147:[], 148:[], 149:[], 150:[], 151:[], 152:[], 153:[]",42360083888,40273773247
3691,2,17664.6712,17573525,262178659,2092873630,508.9175,false,154,true,true,true,true,true,false,false,"0:[0, 1, 2, 3, 4, 5, 6, 7, 8, 9, 10, 11, 12, 13, 14, 15, 16, 17, 18, 19, 20, 21, 22, 23, 24, 25, 26, 27, 28, 29, 30, 31, 32, 33, 34, 35, 36, 37, 38, 39, 40, 41, 42, 43, 44, 45, 46, 47, 48, 49, 50, 51, 52, 53, 54, 55, 56, 57, 58, 59, 60, 61, 62, 63, 64, 65, 66, 67, 68, 69, 70, 71, 72, 73, 74, 75, 76, 77, 78, 79, 80, 81, 82, 83, 84, 85, 86, 87, 88, 89, 90, 91, 92, 93, 94, 95, 96, 97, 98, 99, 100, 101, 102, 103, 104, 105, 106, 107, 108, 109, 110, 111, 112, 113, 114, 115, 116, 117, 118, 119, 120, 121, 122, 123, 124, 125, 126, 127, 128, 129, 130, 131, 132, 133, 134, 135, 136, 137, 138, 139, 140, 141, 142, 143, 144, 145, 146, 147, 148, 149, 150, 151, 152, 153], 1:[], 2:[], 3:[], 4:[], 5:[], 6:[], 7:[], 8:[], 9:[], 10:[], 11:[], 12:[], 13:[], 14:[], 15:[], 16:[], 17:[], 18:[], 19:[], 20:[], 21:[], 22:[], 23:[], 24:[], 25:[], 26:[], 27:[], 28:[], 29:[], 30:[], 31:[], 32:[], 33:[], 34:[], 35:[], 36:[], 37:[], 38:[], 39:[], 40:[], 41:[], 42:[], 43:[], 44:[], 45:[], 46:[], 47:[], 48:[], 49:[], 50:[], 51:[], 52:[], 53:[], 54:[], 55:[], 56:[], 57:[], 58:[], 59:[], 60:[], 61:[], 62:[], 63:[], 64:[], 65:[], 66:[], 67:[], 68:[], 69:[], 70:[], 71:[], 72:[], 73:[], 74:[], 75:[], 76:[], 77:[], 78:[], 79:[], 80:[], 81:[], 82:[], 83:[], 84:[], 85:[], 86:[], 87:[], 88:[], 89:[], 90:[], 91:[], 92:[], 93:[], 94:[], 95:[], 96:[], 97:[], 98:[], 99:[], 100:[], 101:[], 102:[], 103:[], 104:[], 105:[], 106:[], 107:[], 108:[], 109:[], 110:[], 111:[], 112:[], 113:[], 114:[], 115:[], 116:[], 117:[], 118:[], 119:[], 120:[], 121:[], 122:[], 123:[], 124:[], 125:[], 126:[], 127:[], 128:[], 129:[], 130:[], 131:[], 132:[], 133:[], 134:[], 135:[], 136:[], 137:[], 138:[], 139:[], 140:[], 141:[], 142:[], 143:[], 144:[], 145:[], 146:[], 147:[], 148:[], 149:[], 150:[], 151:[], 152:[], 153:[]",42602458520,40626009319
3697,5,24961.5094,17659180,263459710,2103110457,513.7524,false,154,true,true,true,true,true,false,false,"0:[0, 1, 2, 3, 4, 5, 6, 7, 8, 9, 10, 11, 12, 13, 14, 15, 16, 17, 18, 19, 20, 21, 22, 23, 24, 25, 26, 27, 28, 29, 30, 31, 32, 33, 34, 35, 36, 37, 38, 39, 40, 41, 42, 43, 44, 45, 46, 47, 48, 49, 50, 51, 52, 53, 54, 55, 56, 57, 58, 59, 60, 61, 62, 63, 64, 65, 66, 67, 68, 69, 70, 71, 72, 73, 74, 75, 76, 77, 78, 79, 80, 81, 82, 83, 84, 85, 86, 87, 88, 89, 90, 91, 92, 93, 94, 95, 96, 97, 98, 99, 100, 101, 102, 103, 104, 105, 106, 107, 108, 109, 110, 111, 112, 113, 114, 115, 116, 117, 118, 119, 120, 121, 122, 123, 124, 125, 126, 127, 128, 129, 130, 131, 132, 133, 134, 135, 136, 137, 138, 139, 140, 141, 142, 143, 144, 145, 146, 147, 148, 149, 150, 151, 152, 153], 1:[], 2:[], 3:[], 4:[], 5:[], 6:[], 7:[], 8:[], 9:[], 10:[], 11:[], 12:[], 13:[], 14:[], 15:[], 16:[], 17:[], 18:[], 19:[], 20:[], 21:[], 22:[], 23:[], 24:[], 25:[], 26:[], 27:[], 28:[], 29:[], 30:[], 31:[], 32:[], 33:[], 34:[], 35:[], 36:[], 37:[], 38:[], 39:[], 40:[], 41:[], 42:[], 43:[], 44:[], 45:[], 46:[], 47:[], 48:[], 49:[], 50:[], 51:[], 52:[], 53:[], 54:[], 55:[], 56:[], 57:[], 58:[], 59:[], 60:[], 61:[], 62:[], 63:[], 64:[], 65:[], 66:[], 67:[], 68:[], 69:[], 70:[], 71:[], 72:[], 73:[], 74:[], 75:[], 76:[], 77:[], 78:[], 79:[], 80:[], 81:[], 82:[], 83:[], 84:[], 85:[], 86:[], 87:[], 88:[], 89:[], 90:[], 91:[], 92:[], 93:[], 94:[], 95:[], 96:[], 97:[], 98:[], 99:[], 100:[], 101:[], 102:[], 103:[], 104:[], 105:[], 106:[], 107:[], 108:[], 109:[], 110:[], 111:[], 112:[], 113:[], 114:[], 115:[], 116:[], 117:[], 118:[], 119:[], 120:[], 121:[], 122:[], 123:[], 124:[], 125:[], 126:[], 127:[], 128:[], 129:[], 130:[], 131:[], 132:[], 133:[], 134:[], 135:[], 136:[], 137:[], 138:[], 139:[], 140:[], 141:[], 142:[], 143:[], 144:[], 145:[], 146:[], 147:[], 148:[], 149:[], 150:[], 151:[], 152:[], 153:[]",42706998320,40777976838
3701,2,21749.8018,17716438,264315528,2109947415,539.4301,false,154,true,true,true,true,true,false,false,"0:[0, 1, 2, 3, 4, 5, 6, 7, 8, 9, 10, 11, 12, 13, 14, 15, 16, 17, 18, 19, 20, 21, 22, 23, 24, 25, 26, 27, 28, 29, 30, 31, 32, 33, 34, 35, 36, 37, 38, 39, 40, 41, 42, 43, 44, 45, 46, 47, 48, 49, 50, 51, 52, 53, 54, 55, 56, 57, 58, 59, 60, 61, 62, 63, 64, 65, 66, 67, 68, 69, 70, 71, 72, 73, 74, 75, 76, 77, 78, 79, 80, 81, 82, 83, 84, 85, 86, 87, 88, 89, 90, 91, 92, 93, 94, 95, 96, 97, 98, 99, 100, 101, 102, 103, 104, 105, 106, 107, 108, 109, 110, 111, 112, 113, 114, 115, 116, 117, 118, 119, 120, 121, 122, 123, 124, 125, 126, 127, 128, 129, 130, 131, 132, 133, 134, 135, 136, 137, 138, 139, 140, 141, 142, 143, 144, 145, 146, 147, 148, 149, 150, 151, 152, 153], 1:[], 2:[], 3:[], 4:[], 5:[], 6:[], 7:[], 8:[], 9:[], 10:[], 11:[], 12:[], 13:[], 14:[], 15:[], 16:[], 17:[], 18:[], 19:[], 20:[], 21:[], 22:[], 23:[], 24:[], 25:[], 26:[], 27:[], 28:[], 29:[], 30:[], 31:[], 32:[], 33:[], 34:[], 35:[], 36:[], 37:[], 38:[], 39:[], 40:[], 41:[], 42:[], 43:[], 44:[], 45:[], 46:[], 47:[], 48:[], 49:[], 50:[], 51:[], 52:[], 53:[], 54:[], 55:[], 56:[], 57:[], 58:[], 59:[], 60:[], 61:[], 62:[], 63:[], 64:[], 65:[], 66:[], 67:[], 68:[], 69:[], 70:[], 71:[], 72:[], 73:[], 74:[], 75:[], 76:[], 77:[], 78:[], 79:[], 80:[], 81:[], 82:[], 83:[], 84:[], 85:[], 86:[], 87:[], 88:[], 89:[], 90:[], 91:[], 92:[], 93:[], 94:[], 95:[], 96:[], 97:[], 98:[], 99:[], 100:[], 101:[], 102:[], 103:[], 104:[], 105:[], 106:[], 107:[], 108:[], 109:[], 110:[], 111:[], 112:[], 113:[], 114:[], 115:[], 116:[], 117:[], 118:[], 119:[], 120:[], 121:[], 122:[], 123:[], 124:[], 125:[], 126:[], 127:[], 128:[], 129:[], 130:[], 131:[], 132:[], 133:[], 134:[], 135:[], 136:[], 137:[], 138:[], 139:[], 140:[], 141:[], 142:[], 143:[], 144:[], 145:[], 146:[], 147:[], 148:[], 149:[], 150:[], 151:[], 152:[], 153:[]",42776837952,40879481864
3709,2,18691.3709,17831325,266032660,2123664799,518.0662,false,154,true,true,true,true,true,false,false,"0:[0, 1, 2, 3, 4, 5, 6, 7, 8, 9, 10, 11, 12, 13, 14, 15, 16, 17, 18, 19, 20, 21, 22, 23, 24, 25, 26, 27, 28, 29, 30, 31, 32, 33, 34, 35, 36, 37, 38, 39, 40, 41, 42, 43, 44, 45, 46, 47, 48, 49, 50, 51, 52, 53, 54, 55, 56, 57, 58, 59, 60, 61, 62, 63, 64, 65, 66, 67, 68, 69, 70, 71, 72, 73, 74, 75, 76, 77, 78, 79, 80, 81, 82, 83, 84, 85, 86, 87, 88, 89, 90, 91, 92, 93, 94, 95, 96, 97, 98, 99, 100, 101, 102, 103, 104, 105, 106, 107, 108, 109, 110, 111, 112, 113, 114, 115, 116, 117, 118, 119, 120, 121, 122, 123, 124, 125, 126, 127, 128, 129, 130, 131, 132, 133, 134, 135, 136, 137, 138, 139, 140, 141, 142, 143, 144, 145, 146, 147, 148, 149, 150, 151, 152, 153], 1:[], 2:[], 3:[], 4:[], 5:[], 6:[], 7:[], 8:[], 9:[], 10:[], 11:[], 12:[], 13:[], 14:[], 15:[], 16:[], 17:[], 18:[], 19:[], 20:[], 21:[], 22:[], 23:[], 24:[], 25:[], 26:[], 27:[], 28:[], 29:[], 30:[], 31:[], 32:[], 33:[], 34:[], 35:[], 36:[], 37:[], 38:[], 39:[], 40:[], 41:[], 42:[], 43:[], 44:[], 45:[], 46:[], 47:[], 48:[], 49:[], 50:[], 51:[], 52:[], 53:[], 54:[], 55:[], 56:[], 57:[], 58:[], 59:[], 60:[], 61:[], 62:[], 63:[], 64:[], 65:[], 66:[], 67:[], 68:[], 69:[], 70:[], 71:[], 72:[], 73:[], 74:[], 75:[], 76:[], 77:[], 78:[], 79:[], 80:[], 81:[], 82:[], 83:[], 84:[], 85:[], 86:[], 87:[], 88:[], 89:[], 90:[], 91:[], 92:[], 93:[], 94:[], 95:[], 96:[], 97:[], 98:[], 99:[], 100:[], 101:[], 102:[], 103:[], 104:[], 105:[], 106:[], 107:[], 108:[], 109:[], 110:[], 111:[], 112:[], 113:[], 114:[], 115:[], 116:[], 117:[], 118:[], 119:[], 120:[], 121:[], 122:[], 123:[], 124:[], 125:[], 126:[], 127:[], 128:[], 129:[], 130:[], 131:[], 132:[], 133:[], 134:[], 135:[], 136:[], 137:[], 138:[], 139:[], 140:[], 141:[], 142:[], 143:[], 144:[], 145:[], 146:[], 147:[], 148:[], 149:[], 150:[], 151:[], 152:[], 153:[]",42916965800,41083143436
3719,7,22507.1748,17975630,268188528,2140883079,521.7125,false,154,true,true,true,true,true,false,false,"0:[0, 1, 2, 3, 4, 5, 6, 7, 8, 9, 10, 11, 12, 13, 14, 15, 16, 17, 18, 19, 20, 21, 22, 23, 24, 25, 26, 27, 28, 29, 30, 31, 32, 33, 34, 35, 36, 37, 38, 39, 40, 41, 42, 43, 44, 45, 46, 47, 48, 49, 50, 51, 52, 53, 54, 55, 56, 57, 58, 59, 60, 61, 62, 63, 64, 65, 66, 67, 68, 69, 70, 71, 72, 73, 74, 75, 76, 77, 78, 79, 80, 81, 82, 83, 84, 85, 86, 87, 88, 89, 90, 91, 92, 93, 94, 95, 96, 97, 98, 99, 100, 101, 102, 103, 104, 105, 106, 107, 108, 109, 110, 111, 112, 113, 114, 115, 116, 117, 118, 119, 120, 121, 122, 123, 124, 125, 126, 127, 128, 129, 130, 131, 132, 133, 134, 135, 136, 137, 138, 139, 140, 141, 142, 143, 144, 145, 146, 147, 148, 149, 150, 151, 152, 153], 1:[], 2:[], 3:[], 4:[], 5:[], 6:[], 7:[], 8:[], 9:[], 10:[], 11:[], 12:[], 13:[], 14:[], 15:[], 16:[], 17:[], 18:[], 19:[], 20:[], 21:[], 22:[], 23:[], 24:[], 25:[], 26:[], 27:[], 28:[], 29:[], 30:[], 31:[], 32:[], 33:[], 34:[], 35:[], 36:[], 37:[], 38:[], 39:[], 40:[], 41:[], 42:[], 43:[], 44:[], 45:[], 46:[], 47:[], 48:[], 49:[], 50:[], 51:[], 52:[], 53:[], 54:[], 55:[], 56:[], 57:[], 58:[], 59:[], 60:[], 61:[], 62:[], 63:[], 64:[], 65:[], 66:[], 67:[], 68:[], 69:[], 70:[], 71:[], 72:[], 73:[], 74:[], 75:[], 76:[], 77:[], 78:[], 79:[], 80:[], 81:[], 82:[], 83:[], 84:[], 85:[], 86:[], 87:[], 88:[], 89:[], 90:[], 91:[], 92:[], 93:[], 94:[], 95:[], 96:[], 97:[], 98:[], 99:[], 100:[], 101:[], 102:[], 103:[], 104:[], 105:[], 106:[], 107:[], 108:[], 109:[], 110:[], 111:[], 112:[], 113:[], 114:[], 115:[], 116:[], 117:[], 118:[], 119:[], 120:[], 121:[], 122:[], 123:[], 124:[], 125:[], 126:[], 127:[], 128:[], 129:[], 130:[], 131:[], 132:[], 133:[], 134:[], 135:[], 136:[], 137:[], 138:[], 139:[], 140:[], 141:[], 142:[], 143:[], 144:[], 145:[], 146:[], 147:[], 148:[], 149:[], 150:[], 151:[], 152:[], 153:[]",43092898560,41338812944
3727,3,20147.6038,18091632,269922347,2154733698,541.4683,false,156,true,true,true,true,true,false,false,"0:[0, 1, 2, 3, 4, 5, 6, 7, 8, 9, 10, 11, 12, 13, 14, 15, 16, 17, 18, 19, 20, 21, 22, 23, 24, 25, 26, 27, 28, 29, 30, 31, 32, 33, 34, 35, 36, 37, 38, 39, 40, 41, 42, 43, 44, 45, 46, 47, 48, 49, 50, 51, 52, 53, 54, 55, 56, 57, 58, 59, 60, 61, 62, 63, 64, 65, 66, 67, 68, 69, 70, 71, 72, 73, 74, 75, 76, 77, 78, 79, 80, 81, 82, 83, 84, 85, 86, 87, 88, 89, 90, 91, 92, 93, 94, 95, 96, 97, 98, 99, 100, 101, 102, 103, 104, 105, 106, 107, 108, 109, 110, 111, 112, 113, 114, 115, 116, 117, 118, 119, 120, 121, 122, 123, 124, 125, 126, 127, 128, 129, 130, 131, 132, 133, 134, 135, 136, 137, 138, 139, 140, 141, 142, 143, 144, 145, 146, 147, 148, 149, 150, 151, 152, 153, 154, 155], 1:[], 2:[], 3:[], 4:[], 5:[], 6:[], 7:[], 8:[], 9:[], 10:[], 11:[], 12:[], 13:[], 14:[], 15:[], 16:[], 17:[], 18:[], 19:[], 20:[], 21:[], 22:[], 23:[], 24:[], 25:[], 26:[], 27:[], 28:[], 29:[], 30:[], 31:[], 32:[], 33:[], 34:[], 35:[], 36:[], 37:[], 38:[], 39:[], 40:[], 41:[], 42:[], 43:[], 44:[], 45:[], 46:[], 47:[], 48:[], 49:[], 50:[], 51:[], 52:[], 53:[], 54:[], 55:[], 56:[], 57:[], 58:[], 59:[], 60:[], 61:[], 62:[], 63:[], 64:[], 65:[], 66:[], 67:[], 68:[], 69:[], 70:[], 71:[], 72:[], 73:[], 74:[], 75:[], 76:[], 77:[], 78:[], 79:[], 80:[], 81:[], 82:[], 83:[], 84:[], 85:[], 86:[], 87:[], 88:[], 89:[], 90:[], 91:[], 92:[], 93:[], 94:[], 95:[], 96:[], 97:[], 98:[], 99:[], 100:[], 101:[], 102:[], 103:[], 104:[], 105:[], 106:[], 107:[], 108:[], 109:[], 110:[], 111:[], 112:[], 113:[], 114:[], 115:[], 116:[], 117:[], 118:[], 119:[], 120:[], 121:[], 122:[], 123:[], 124:[], 125:[], 126:[], 127:[], 128:[], 129:[], 130:[], 131:[], 132:[], 133:[], 134:[], 135:[], 136:[], 137:[], 138:[], 139:[], 140:[], 141:[], 142:[], 143:[], 144:[], 145:[], 146:[], 147:[], 148:[], 149:[], 150:[], 151:[], 152:[], 153:[], 154:[], 155:[]",43234388128,45839420919
3733,2,21889.9220,18178961,271228604,2165172951,533.2543,false,156,true,true,true,true,true,false,false,"0:[0, 1, 2, 3, 4, 5, 6, 7, 8, 9, 10, 11, 12, 13, 14, 15, 16, 17, 18, 19, 20, 21, 22, 23, 24, 25, 26, 27, 28, 29, 30, 31, 32, 33, 34, 35, 36, 37, 38, 39, 40, 41, 42, 43, 44, 45, 46, 47, 48, 49, 50, 51, 52, 53, 54, 55, 56, 57, 58, 59, 60, 61, 62, 63, 64, 65, 66, 67, 68, 69, 70, 71, 72, 73, 74, 75, 76, 77, 78, 79, 80, 81, 82, 83, 84, 85, 86, 87, 88, 89, 90, 91, 92, 93, 94, 95, 96, 97, 98, 99, 100, 101, 102, 103, 104, 105, 106, 107, 108, 109, 110, 111, 112, 113, 114, 115, 116, 117, 118, 119, 120, 121, 122, 123, 124, 125, 126, 127, 128, 129, 130, 131, 132, 133, 134, 135, 136, 137, 138, 139, 140, 141, 142, 143, 144, 145, 146, 147, 148, 149, 150, 151, 152, 153, 154, 155], 1:[], 2:[], 3:[], 4:[], 5:[], 6:[], 7:[], 8:[], 9:[], 10:[], 11:[], 12:[], 13:[], 14:[], 15:[], 16:[], 17:[], 18:[], 19:[], 20:[], 21:[], 22:[], 23:[], 24:[], 25:[], 26:[], 27:[], 28:[], 29:[], 30:[], 31:[], 32:[], 33:[], 34:[], 35:[], 36:[], 37:[], 38:[], 39:[], 40:[], 41:[], 42:[], 43:[], 44:[], 45:[], 46:[], 47:[], 48:[], 49:[], 50:[], 51:[], 52:[], 53:[], 54:[], 55:[], 56:[], 57:[], 58:[], 59:[], 60:[], 61:[], 62:[], 63:[], 64:[], 65:[], 66:[], 67:[], 68:[], 69:[], 70:[], 71:[], 72:[], 73:[], 74:[], 75:[], 76:[], 77:[], 78:[], 79:[], 80:[], 81:[], 82:[], 83:[], 84:[], 85:[], 86:[], 87:[], 88:[], 89:[], 90:[], 91:[], 92:[], 93:[], 94:[], 95:[], 96:[], 97:[], 98:[], 99:[], 100:[], 101:[], 102:[], 103:[], 104:[], 105:[], 106:[], 107:[], 108:[], 109:[], 110:[], 111:[], 112:[], 113:[], 114:[], 115:[], 116:[], 117:[], 118:[], 119:[], 120:[], 121:[], 122:[], 123:[], 124:[], 125:[], 126:[], 127:[], 128:[], 129:[], 130:[], 131:[], 132:[], 133:[], 134:[], 135:[], 136:[], 137:[], 138:[], 139:[], 140:[], 141:[], 142:[], 143:[], 144:[], 145:[], 146:[], 147:[], 148:[], 149:[], 150:[], 151:[], 152:[], 153:[], 154:[], 155:[]",43340984584,45994379412
3739,2,21938.9150,18266571,272537108,2175622060,533.6288,false,156,true,true,true,true,true,false,false,"0:[0, 1, 2, 3, 4, 5, 6, 7, 8, 9, 10, 11, 12, 13, 14, 15, 16, 17, 18, 19, 20, 21, 22, 23, 24, 25, 26, 27, 28, 29, 30, 31, 32, 33, 34, 35, 36, 37, 38, 39, 40, 41, 42, 43, 44, 45, 46, 47, 48, 49, 50, 51, 52, 53, 54, 55, 56, 57, 58, 59, 60, 61, 62, 63, 64, 65, 66, 67, 68, 69, 70, 71, 72, 73, 74, 75, 76, 77, 78, 79, 80, 81, 82, 83, 84, 85, 86, 87, 88, 89, 90, 91, 92, 93, 94, 95, 96, 97, 98, 99, 100, 101, 102, 103, 104, 105, 106, 107, 108, 109, 110, 111, 112, 113, 114, 115, 116, 117, 118, 119, 120, 121, 122, 123, 124, 125, 126, 127, 128, 129, 130, 131, 132, 133, 134, 135, 136, 137, 138, 139, 140, 141, 142, 143, 144, 145, 146, 147, 148, 149, 150, 151, 152, 153, 154, 155], 1:[], 2:[], 3:[], 4:[], 5:[], 6:[], 7:[], 8:[], 9:[], 10:[], 11:[], 12:[], 13:[], 14:[], 15:[], 16:[], 17:[], 18:[], 19:[], 20:[], 21:[], 22:[], 23:[], 24:[], 25:[], 26:[], 27:[], 28:[], 29:[], 30:[], 31:[], 32:[], 33:[], 34:[], 35:[], 36:[], 37:[], 38:[], 39:[], 40:[], 41:[], 42:[], 43:[], 44:[], 45:[], 46:[], 47:[], 48:[], 49:[], 50:[], 51:[], 52:[], 53:[], 54:[], 55:[], 56:[], 57:[], 58:[], 59:[], 60:[], 61:[], 62:[], 63:[], 64:[], 65:[], 66:[], 67:[], 68:[], 69:[], 70:[], 71:[], 72:[], 73:[], 74:[], 75:[], 76:[], 77:[], 78:[], 79:[], 80:[], 81:[], 82:[], 83:[], 84:[], 85:[], 86:[], 87:[], 88:[], 89:[], 90:[], 91:[], 92:[], 93:[], 94:[], 95:[], 96:[], 97:[], 98:[], 99:[], 100:[], 101:[], 102:[], 103:[], 104:[], 105:[], 106:[], 107:[], 108:[], 109:[], 110:[], 111:[], 112:[], 113:[], 114:[], 115:[], 116:[], 117:[], 118:[], 119:[], 120:[], 121:[], 122:[], 123:[], 124:[], 125:[], 126:[], 127:[], 128:[], 129:[], 130:[], 131:[], 132:[], 133:[], 134:[], 135:[], 136:[], 137:[], 138:[], 139:[], 140:[], 141:[], 142:[], 143:[], 144:[], 145:[], 146:[], 147:[], 148:[], 149:[], 150:[], 151:[], 152:[], 153:[], 154:[], 155:[]",44924162552,46149546492
3761,3,25230.4726,18590213,277375406,2214276691,542.8613,false,157,true,true,true,true,true,false,false,"0:[0, 1, 2, 3, 4, 5, 6, 7, 8, 9, 10, 11, 12, 13, 14, 15, 16, 17, 18, 19, 20, 21, 22, 23, 24, 25, 26, 27, 28, 29, 30, 31, 32, 33, 34, 35, 36, 37, 38, 39, 40, 41, 42, 43, 44, 45, 46, 47, 48, 49, 50, 51, 52, 53, 54, 55, 56, 57, 58, 59, 60, 61, 62, 63, 64, 65, 66, 67, 68, 69, 70, 71, 72, 73, 74, 75, 76, 77, 78, 79, 80, 81, 82, 83, 84, 85, 86, 87, 88, 89, 90, 91, 92, 93, 94, 95, 96, 97, 98, 99, 100, 101, 102, 103, 104, 105, 106, 107, 108, 109, 110, 111, 112, 113, 114, 115, 116, 117, 118, 119, 120, 121, 122, 123, 124, 125, 126, 127, 128, 129, 130, 131, 132, 133, 134, 135, 136, 137, 138, 139, 140, 141, 142, 143, 144, 145, 146, 147, 148, 149, 150, 151, 152, 153, 154, 155, 156], 1:[], 2:[], 3:[], 4:[], 5:[], 6:[], 7:[], 8:[], 9:[], 10:[], 11:[], 12:[], 13:[], 14:[], 15:[], 16:[], 17:[], 18:[], 19:[], 20:[], 21:[], 22:[], 23:[], 24:[], 25:[], 26:[], 27:[], 28:[], 29:[], 30:[], 31:[], 32:[], 33:[], 34:[], 35:[], 36:[], 37:[], 38:[], 39:[], 40:[], 41:[], 42:[], 43:[], 44:[], 45:[], 46:[], 47:[], 48:[], 49:[], 50:[], 51:[], 52:[], 53:[], 54:[], 55:[], 56:[], 57:[], 58:[], 59:[], 60:[], 61:[], 62:[], 63:[], 64:[], 65:[], 66:[], 67:[], 68:[], 69:[], 70:[], 71:[], 72:[], 73:[], 74:[], 75:[], 76:[], 77:[], 78:[], 79:[], 80:[], 81:[], 82:[], 83:[], 84:[], 85:[], 86:[], 87:[], 88:[], 89:[], 90:[], 91:[], 92:[], 93:[], 94:[], 95:[], 96:[], 97:[], 98:[], 99:[], 100:[], 101:[], 102:[], 103:[], 104:[], 105:[], 106:[], 107:[], 108:[], 109:[], 110:[], 111:[], 112:[], 113:[], 114:[], 115:[], 116:[], 117:[], 118:[], 119:[], 120:[], 121:[], 122:[], 123:[], 124:[], 125:[], 126:[], 127:[], 128:[], 129:[], 130:[], 131:[], 132:[], 133:[], 134:[], 135:[], 136:[], 137:[], 138:[], 139:[], 140:[], 141:[], 142:[], 143:[], 144:[], 145:[], 146:[], 147:[], 148:[], 149:[], 150:[], 151:[], 152:[], 153:[], 154:[], 155:[], 156:[]",45318993800,46723423662
3767,5,24279.6949,18679138,278703679,2224884449,564.9403,false,157,true,true,true,true,true,false,false,"0:[0, 1, 2, 3, 4, 5, 6, 7, 8, 9, 10, 11, 12, 13, 14, 15, 16, 17, 18, 19, 20, 21, 22, 23, 24, 25, 26, 27, 28, 29, 30, 31, 32, 33, 34, 35, 36, 37, 38, 39, 40, 41, 42, 43, 44, 45, 46, 47, 48, 49, 50, 51, 52, 53, 54, 55, 56, 57, 58, 59, 60, 61, 62, 63, 64, 65, 66, 67, 68, 69, 70, 71, 72, 73, 74, 75, 76, 77, 78, 79, 80, 81, 82, 83, 84, 85, 86, 87, 88, 89, 90, 91, 92, 93, 94, 95, 96, 97, 98, 99, 100, 101, 102, 103, 104, 105, 106, 107, 108, 109, 110, 111, 112, 113, 114, 115, 116, 117, 118, 119, 120, 121, 122, 123, 124, 125, 126, 127, 128, 129, 130, 131, 132, 133, 134, 135, 136, 137, 138, 139, 140, 141, 142, 143, 144, 145, 146, 147, 148, 149, 150, 151, 152, 153, 154, 155, 156], 1:[], 2:[], 3:[], 4:[], 5:[], 6:[], 7:[], 8:[], 9:[], 10:[], 11:[], 12:[], 13:[], 14:[], 15:[], 16:[], 17:[], 18:[], 19:[], 20:[], 21:[], 22:[], 23:[], 24:[], 25:[], 26:[], 27:[], 28:[], 29:[], 30:[], 31:[], 32:[], 33:[], 34:[], 35:[], 36:[], 37:[], 38:[], 39:[], 40:[], 41:[], 42:[], 43:[], 44:[], 45:[], 46:[], 47:[], 48:[], 49:[], 50:[], 51:[], 52:[], 53:[], 54:[], 55:[], 56:[], 57:[], 58:[], 59:[], 60:[], 61:[], 62:[], 63:[], 64:[], 65:[], 66:[], 67:[], 68:[], 69:[], 70:[], 71:[], 72:[], 73:[], 74:[], 75:[], 76:[], 77:[], 78:[], 79:[], 80:[], 81:[], 82:[], 83:[], 84:[], 85:[], 86:[], 87:[], 88:[], 89:[], 90:[], 91:[], 92:[], 93:[], 94:[], 95:[], 96:[], 97:[], 98:[], 99:[], 100:[], 101:[], 102:[], 103:[], 104:[], 105:[], 106:[], 107:[], 108:[], 109:[], 110:[], 111:[], 112:[], 113:[], 114:[], 115:[], 116:[], 117:[], 118:[], 119:[], 120:[], 121:[], 122:[], 123:[], 124:[], 125:[], 126:[], 127:[], 128:[], 129:[], 130:[], 131:[], 132:[], 133:[], 134:[], 135:[], 136:[], 137:[], 138:[], 139:[], 140:[], 141:[], 142:[], 143:[], 144:[], 145:[], 146:[], 147:[], 148:[], 149:[], 150:[], 151:[], 152:[], 153:[], 154:[], 155:[], 156:[]",45427389840,46880935915
3769,7,24314.0145,18708843,279148608,2228442503,591.1872,false,158,true,true,true,true,true,false,false,"0:[0, 1, 2, 3, 4, 5, 6, 7, 8, 9, 10, 11, 12, 13, 14, 15, 16, 17, 18, 19, 20, 21, 22, 23, 24, 25, 26, 27, 28, 29, 30, 31, 32, 33, 34, 35, 36, 37, 38, 39, 40, 41, 42, 43, 44, 45, 46, 47, 48, 49, 50, 51, 52, 53, 54, 55, 56, 57, 58, 59, 60, 61, 62, 63, 64, 65, 66, 67, 68, 69, 70, 71, 72, 73, 74, 75, 76, 77, 78, 79, 80, 81, 82, 83, 84, 85, 86, 87, 88, 89, 90, 91, 92, 93, 94, 95, 96, 97, 98, 99, 100, 101, 102, 103, 104, 105, 106, 107, 108, 109, 110, 111, 112, 113, 114, 115, 116, 117, 118, 119, 120, 121, 122, 123, 124, 125, 126, 127, 128, 129, 130, 131, 132, 133, 134, 135, 136, 137, 138, 139, 140, 141, 142, 143, 144, 145, 146, 147, 148, 149, 150, 151, 152, 153, 154, 155, 156, 157], 1:[], 2:[], 3:[], 4:[], 5:[], 6:[], 7:[], 8:[], 9:[], 10:[], 11:[], 12:[], 13:[], 14:[], 15:[], 16:[], 17:[], 18:[], 19:[], 20:[], 21:[], 22:[], 23:[], 24:[], 25:[], 26:[], 27:[], 28:[], 29:[], 30:[], 31:[], 32:[], 33:[], 34:[], 35:[], 36:[], 37:[], 38:[], 39:[], 40:[], 41:[], 42:[], 43:[], 44:[], 45:[], 46:[], 47:[], 48:[], 49:[], 50:[], 51:[], 52:[], 53:[], 54:[], 55:[], 56:[], 57:[], 58:[], 59:[], 60:[], 61:[], 62:[], 63:[], 64:[], 65:[], 66:[], 67:[], 68:[], 69:[], 70:[], 71:[], 72:[], 73:[], 74:[], 75:[], 76:[], 77:[], 78:[], 79:[], 80:[], 81:[], 82:[], 83:[], 84:[], 85:[], 86:[], 87:[], 88:[], 89:[], 90:[], 91:[], 92:[], 93:[], 94:[], 95:[], 96:[], 97:[], 98:[], 99:[], 100:[], 101:[], 102:[], 103:[], 104:[], 105:[], 106:[], 107:[], 108:[], 109:[], 110:[], 111:[], 112:[], 113:[], 114:[], 115:[], 116:[], 117:[], 118:[], 119:[], 120:[], 121:[], 122:[], 123:[], 124:[], 125:[], 126:[], 127:[], 128:[], 129:[], 130:[], 131:[], 132:[], 133:[], 134:[], 135:[], 136:[], 137:[], 138:[], 139:[], 140:[], 141:[], 142:[], 143:[], 144:[], 145:[], 146:[], 147:[], 148:[], 149:[], 150:[], 151:[], 152:[], 153:[], 154:[], 155:[], 156:[], 157:[]",45463697080,46933735480
3779,2,19011.4705,18857838,281374645,2246221407,537.9167,false,158,true,true,true,true,true,false,false,"0:[0, 1, 2, 3, 4, 5, 6, 7, 8, 9, 10, 11, 12, 13, 14, 15, 16, 17, 18, 19, 20, 21, 22, 23, 24, 25, 26, 27, 28, 29, 30, 31, 32, 33, 34, 35, 36, 37, 38, 39, 40, 41, 42, 43, 44, 45, 46, 47, 48, 49, 50, 51, 52, 53, 54, 55, 56, 57, 58, 59, 60, 61, 62, 63, 64, 65, 66, 67, 68, 69, 70, 71, 72, 73, 74, 75, 76, 77, 78, 79, 80, 81, 82, 83, 84, 85, 86, 87, 88, 89, 90, 91, 92, 93, 94, 95, 96, 97, 98, 99, 100, 101, 102, 103, 104, 105, 106, 107, 108, 109, 110, 111, 112, 113, 114, 115, 116, 117, 118, 119, 120, 121, 122, 123, 124, 125, 126, 127, 128, 129, 130, 131, 132, 133, 134, 135, 136, 137, 138, 139, 140, 141, 142, 143, 144, 145, 146, 147, 148, 149, 150, 151, 152, 153, 154, 155, 156, 157], 1:[], 2:[], 3:[], 4:[], 5:[], 6:[], 7:[], 8:[], 9:[], 10:[], 11:[], 12:[], 13:[], 14:[], 15:[], 16:[], 17:[], 18:[], 19:[], 20:[], 21:[], 22:[], 23:[], 24:[], 25:[], 26:[], 27:[], 28:[], 29:[], 30:[], 31:[], 32:[], 33:[], 34:[], 35:[], 36:[], 37:[], 38:[], 39:[], 40:[], 41:[], 42:[], 43:[], 44:[], 45:[], 46:[], 47:[], 48:[], 49:[], 50:[], 51:[], 52:[], 53:[], 54:[], 55:[], 56:[], 57:[], 58:[], 59:[], 60:[], 61:[], 62:[], 63:[], 64:[], 65:[], 66:[], 67:[], 68:[], 69:[], 70:[], 71:[], 72:[], 73:[], 74:[], 75:[], 76:[], 77:[], 78:[], 79:[], 80:[], 81:[], 82:[], 83:[], 84:[], 85:[], 86:[], 87:[], 88:[], 89:[], 90:[], 91:[], 92:[], 93:[], 94:[], 95:[], 96:[], 97:[], 98:[], 99:[], 100:[], 101:[], 102:[], 103:[], 104:[], 105:[], 106:[], 107:[], 108:[], 109:[], 110:[], 111:[], 112:[], 113:[], 114:[], 115:[], 116:[], 117:[], 118:[], 119:[], 120:[], 121:[], 122:[], 123:[], 124:[], 125:[], 126:[], 127:[], 128:[], 129:[], 130:[], 131:[], 132:[], 133:[], 134:[], 135:[], 136:[], 137:[], 138:[], 139:[], 140:[], 141:[], 142:[], 143:[], 144:[], 145:[], 146:[], 147:[], 148:[], 149:[], 150:[], 151:[], 152:[], 153:[], 154:[], 155:[], 156:[], 157:[]",45645355920,47197726009
3793,5,26937.9828,19067756,284513340,2271299543,570.6925,false,158,true,true,true,true,true,false,false,"0:[0, 1, 2, 3, 4, 5, 6, 7, 8, 9, 10, 11, 12, 13, 14, 15, 16, 17, 18, 19, 20, 21, 22, 23, 24, 25, 26, 27, 28, 29, 30, 31, 32, 33, 34, 35, 36, 37, 38, 39, 40, 41, 42, 43, 44, 45, 46, 47, 48, 49, 50, 51, 52, 53, 54, 55, 56, 57, 58, 59, 60, 61, 62, 63, 64, 65, 66, 67, 68, 69, 70, 71, 72, 73, 74, 75, 76, 77, 78, 79, 80, 81, 82, 83, 84, 85, 86, 87, 88, 89, 90, 91, 92, 93, 94, 95, 96, 97, 98, 99, 100, 101, 102, 103, 104, 105, 106, 107, 108, 109, 110, 111, 112, 113, 114, 115, 116, 117, 118, 119, 120, 121, 122, 123, 124, 125, 126, 127, 128, 129, 130, 131, 132, 133, 134, 135, 136, 137, 138, 139, 140, 141, 142, 143, 144, 145, 146, 147, 148, 149, 150, 151, 152, 153, 154, 155, 156, 157], 1:[], 2:[], 3:[], 4:[], 5:[], 6:[], 7:[], 8:[], 9:[], 10:[], 11:[], 12:[], 13:[], 14:[], 15:[], 16:[], 17:[], 18:[], 19:[], 20:[], 21:[], 22:[], 23:[], 24:[], 25:[], 26:[], 27:[], 28:[], 29:[], 30:[], 31:[], 32:[], 33:[], 34:[], 35:[], 36:[], 37:[], 38:[], 39:[], 40:[], 41:[], 42:[], 43:[], 44:[], 45:[], 46:[], 47:[], 48:[], 49:[], 50:[], 51:[], 52:[], 53:[], 54:[], 55:[], 56:[], 57:[], 58:[], 59:[], 60:[], 61:[], 62:[], 63:[], 64:[], 65:[], 66:[], 67:[], 68:[], 69:[], 70:[], 71:[], 72:[], 73:[], 74:[], 75:[], 76:[], 77:[], 78:[], 79:[], 80:[], 81:[], 82:[], 83:[], 84:[], 85:[], 86:[], 87:[], 88:[], 89:[], 90:[], 91:[], 92:[], 93:[], 94:[], 95:[], 96:[], 97:[], 98:[], 99:[], 100:[], 101:[], 102:[], 103:[], 104:[], 105:[], 106:[], 107:[], 108:[], 109:[], 110:[], 111:[], 112:[], 113:[], 114:[], 115:[], 116:[], 117:[], 118:[], 119:[], 120:[], 121:[], 122:[], 123:[], 124:[], 125:[], 126:[], 127:[], 128:[], 129:[], 130:[], 131:[], 132:[], 133:[], 134:[], 135:[], 136:[], 137:[], 138:[], 139:[], 140:[], 141:[], 142:[], 143:[], 144:[], 145:[], 146:[], 147:[], 148:[], 149:[], 150:[], 151:[], 152:[], 153:[], 154:[], 155:[], 156:[], 157:[]",45901489552,47570022044
3797,2,20186.6772,19128018,285414166,2278496454,582.9968,false,159,true,true,true,true,true,false,false,"0:[0, 1, 2, 3, 4, 5, 6, 7, 8, 9, 10, 11, 12, 13, 14, 15, 16, 17, 18, 19, 20, 21, 22, 23, 24, 25, 26, 27, 28, 29, 30, 31, 32, 33, 34, 35, 36, 37, 38, 39, 40, 41, 42, 43, 44, 45, 46, 47, 48, 49, 50, 51, 52, 53, 54, 55, 56, 57, 58, 59, 60, 61, 62, 63, 64, 65, 66, 67, 68, 69, 70, 71, 72, 73, 74, 75, 76, 77, 78, 79, 80, 81, 82, 83, 84, 85, 86, 87, 88, 89, 90, 91, 92, 93, 94, 95, 96, 97, 98, 99, 100, 101, 102, 103, 104, 105, 106, 107, 108, 109, 110, 111, 112, 113, 114, 115, 116, 117, 118, 119, 120, 121, 122, 123, 124, 125, 126, 127, 128, 129, 130, 131, 132, 133, 134, 135, 136, 137, 138, 139, 140, 141, 142, 143, 144, 145, 146, 147, 148, 149, 150, 151, 152, 153, 154, 155, 156, 157, 158], 1:[], 2:[], 3:[], 4:[], 5:[], 6:[], 7:[], 8:[], 9:[], 10:[], 11:[], 12:[], 13:[], 14:[], 15:[], 16:[], 17:[], 18:[], 19:[], 20:[], 21:[], 22:[], 23:[], 24:[], 25:[], 26:[], 27:[], 28:[], 29:[], 30:[], 31:[], 32:[], 33:[], 34:[], 35:[], 36:[], 37:[], 38:[], 39:[], 40:[], 41:[], 42:[], 43:[], 44:[], 45:[], 46:[], 47:[], 48:[], 49:[], 50:[], 51:[], 52:[], 53:[], 54:[], 55:[], 56:[], 57:[], 58:[], 59:[], 60:[], 61:[], 62:[], 63:[], 64:[], 65:[], 66:[], 67:[], 68:[], 69:[], 70:[], 71:[], 72:[], 73:[], 74:[], 75:[], 76:[], 77:[], 78:[], 79:[], 80:[], 81:[], 82:[], 83:[], 84:[], 85:[], 86:[], 87:[], 88:[], 89:[], 90:[], 91:[], 92:[], 93:[], 94:[], 95:[], 96:[], 97:[], 98:[], 99:[], 100:[], 101:[], 102:[], 103:[], 104:[], 105:[], 106:[], 107:[], 108:[], 109:[], 110:[], 111:[], 112:[], 113:[], 114:[], 115:[], 116:[], 117:[], 118:[], 119:[], 120:[], 121:[], 122:[], 123:[], 124:[], 125:[], 126:[], 127:[], 128:[], 129:[], 130:[], 131:[], 132:[], 133:[], 134:[], 135:[], 136:[], 137:[], 138:[], 139:[], 140:[], 141:[], 142:[], 143:[], 144:[], 145:[], 146:[], 147:[], 148:[], 149:[], 150:[], 151:[], 152:[], 153:[], 154:[], 155:[], 156:[], 157:[], 158:[]",45975001920,47676865614
3803,2,22829.3050,19218648,286767929,2289307676,576.3444,false,158,true,true,true,true,true,false,false,"0:[0, 1, 2, 3, 4, 5, 6, 7, 8, 9, 10, 11, 12, 13, 14, 15, 16, 17, 18, 19, 20, 21, 22, 23, 24, 25, 26, 27, 28, 29, 30, 31, 32, 33, 34, 35, 36, 37, 38, 39, 40, 41, 42, 43, 44, 45, 46, 47, 48, 49, 50, 51, 52, 53, 54, 55, 56, 57, 58, 59, 60, 61, 62, 63, 64, 65, 66, 67, 68, 69, 70, 71, 72, 73, 74, 75, 76, 77, 78, 79, 80, 81, 82, 83, 84, 85, 86, 87, 88, 89, 90, 91, 92, 93, 94, 95, 96, 97, 98, 99, 100, 101, 102, 103, 104, 105, 106, 107, 108, 109, 110, 111, 112, 113, 114, 115, 116, 117, 118, 119, 120, 121, 122, 123, 124, 125, 126, 127, 128, 129, 130, 131, 132, 133, 134, 135, 136, 137, 138, 139, 140, 141, 142, 143, 144, 145, 146, 147, 148, 149, 150, 151, 152, 153, 154, 155, 156, 157], 1:[], 2:[], 3:[], 4:[], 5:[], 6:[], 7:[], 8:[], 9:[], 10:[], 11:[], 12:[], 13:[], 14:[], 15:[], 16:[], 17:[], 18:[], 19:[], 20:[], 21:[], 22:[], 23:[], 24:[], 25:[], 26:[], 27:[], 28:[], 29:[], 30:[], 31:[], 32:[], 33:[], 34:[], 35:[], 36:[], 37:[], 38:[], 39:[], 40:[], 41:[], 42:[], 43:[], 44:[], 45:[], 46:[], 47:[], 48:[], 49:[], 50:[], 51:[], 52:[], 53:[], 54:[], 55:[], 56:[], 57:[], 58:[], 59:[], 60:[], 61:[], 62:[], 63:[], 64:[], 65:[], 66:[], 67:[], 68:[], 69:[], 70:[], 71:[], 72:[], 73:[], 74:[], 75:[], 76:[], 77:[], 78:[], 79:[], 80:[], 81:[], 82:[], 83:[], 84:[], 85:[], 86:[], 87:[], 88:[], 89:[], 90:[], 91:[], 92:[], 93:[], 94:[], 95:[], 96:[], 97:[], 98:[], 99:[], 100:[], 101:[], 102:[], 103:[], 104:[], 105:[], 106:[], 107:[], 108:[], 109:[], 110:[], 111:[], 112:[], 113:[], 114:[], 115:[], 116:[], 117:[], 118:[], 119:[], 120:[], 121:[], 122:[], 123:[], 124:[], 125:[], 126:[], 127:[], 128:[], 129:[], 130:[], 131:[], 132:[], 133:[], 134:[], 135:[], 136:[], 137:[], 138:[], 139:[], 140:[], 141:[], 142:[], 143:[], 144:[], 145:[], 146:[], 147:[], 148:[], 149:[], 150:[], 151:[], 152:[], 153:[], 154:[], 155:[], 156:[], 157:[]",46085478080,47837400765
3821,2,24162.6597,19492256,290858650,2321991254,619.4674,false,159,true,true,true,true,true,false,false,"0:[0, 1, 2, 3, 4, 5, 6, 7, 8, 9, 10, 11, 12, 13, 14, 15, 16, 17, 18, 19, 20, 21, 22, 23, 24, 25, 26, 27, 28, 29, 30, 31, 32, 33, 34, 35, 36, 37, 38, 39, 40, 41, 42, 43, 44, 45, 46, 47, 48, 49, 50, 51, 52, 53, 54, 55, 56, 57, 58, 59, 60, 61, 62, 63, 64, 65, 66, 67, 68, 69, 70, 71, 72, 73, 74, 75, 76, 77, 78, 79, 80, 81, 82, 83, 84, 85, 86, 87, 88, 89, 90, 91, 92, 93, 94, 95, 96, 97, 98, 99, 100, 101, 102, 103, 104, 105, 106, 107, 108, 109, 110, 111, 112, 113, 114, 115, 116, 117, 118, 119, 120, 121, 122, 123, 124, 125, 126, 127, 128, 129, 130, 131, 132, 133, 134, 135, 136, 137, 138, 139, 140, 141, 142, 143, 144, 145, 146, 147, 148, 149, 150, 151, 152, 153, 154, 155, 156, 157, 158], 1:[], 2:[], 3:[], 4:[], 5:[], 6:[], 7:[], 8:[], 9:[], 10:[], 11:[], 12:[], 13:[], 14:[], 15:[], 16:[], 17:[], 18:[], 19:[], 20:[], 21:[], 22:[], 23:[], 24:[], 25:[], 26:[], 27:[], 28:[], 29:[], 30:[], 31:[], 32:[], 33:[], 34:[], 35:[], 36:[], 37:[], 38:[], 39:[], 40:[], 41:[], 42:[], 43:[], 44:[], 45:[], 46:[], 47:[], 48:[], 49:[], 50:[], 51:[], 52:[], 53:[], 54:[], 55:[], 56:[], 57:[], 58:[], 59:[], 60:[], 61:[], 62:[], 63:[], 64:[], 65:[], 66:[], 67:[], 68:[], 69:[], 70:[], 71:[], 72:[], 73:[], 74:[], 75:[], 76:[], 77:[], 78:[], 79:[], 80:[], 81:[], 82:[], 83:[], 84:[], 85:[], 86:[], 87:[], 88:[], 89:[], 90:[], 91:[], 92:[], 93:[], 94:[], 95:[], 96:[], 97:[], 98:[], 99:[], 100:[], 101:[], 102:[], 103:[], 104:[], 105:[], 106:[], 107:[], 108:[], 109:[], 110:[], 111:[], 112:[], 113:[], 114:[], 115:[], 116:[], 117:[], 118:[], 119:[], 120:[], 121:[], 122:[], 123:[], 124:[], 125:[], 126:[], 127:[], 128:[], 129:[], 130:[], 131:[], 132:[], 133:[], 134:[], 135:[], 136:[], 137:[], 138:[], 139:[], 140:[], 141:[], 142:[], 143:[], 144:[], 145:[], 146:[], 147:[], 148:[], 149:[], 150:[], 151:[], 152:[], 153:[], 154:[], 155:[], 156:[], 157:[], 158:[]",46419302352,48322611154
3823,3,21491.5447,19522816,291314495,2325629003,569.4818,false,160,true,true,true,true,true,false,false,"0:[0, 1, 2, 3, 4, 5, 6, 7, 8, 9, 10, 11, 12, 13, 14, 15, 16, 17, 18, 19, 20, 21, 22, 23, 24, 25, 26, 27, 28, 29, 30, 31, 32, 33, 34, 35, 36, 37, 38, 39, 40, 41, 42, 43, 44, 45, 46, 47, 48, 49, 50, 51, 52, 53, 54, 55, 56, 57, 58, 59, 60, 61, 62, 63, 64, 65, 66, 67, 68, 69, 70, 71, 72, 73, 74, 75, 76, 77, 78, 79, 80, 81, 82, 83, 84, 85, 86, 87, 88, 89, 90, 91, 92, 93, 94, 95, 96, 97, 98, 99, 100, 101, 102, 103, 104, 105, 106, 107, 108, 109, 110, 111, 112, 113, 114, 115, 116, 117, 118, 119, 120, 121, 122, 123, 124, 125, 126, 127, 128, 129, 130, 131, 132, 133, 134, 135, 136, 137, 138, 139, 140, 141, 142, 143, 144, 145, 146, 147, 148, 149, 150, 151, 152, 153, 154, 155, 156, 157, 158, 159], 1:[], 2:[], 3:[], 4:[], 5:[], 6:[], 7:[], 8:[], 9:[], 10:[], 11:[], 12:[], 13:[], 14:[], 15:[], 16:[], 17:[], 18:[], 19:[], 20:[], 21:[], 22:[], 23:[], 24:[], 25:[], 26:[], 27:[], 28:[], 29:[], 30:[], 31:[], 32:[], 33:[], 34:[], 35:[], 36:[], 37:[], 38:[], 39:[], 40:[], 41:[], 42:[], 43:[], 44:[], 45:[], 46:[], 47:[], 48:[], 49:[], 50:[], 51:[], 52:[], 53:[], 54:[], 55:[], 56:[], 57:[], 58:[], 59:[], 60:[], 61:[], 62:[], 63:[], 64:[], 65:[], 66:[], 67:[], 68:[], 69:[], 70:[], 71:[], 72:[], 73:[], 74:[], 75:[], 76:[], 77:[], 78:[], 79:[], 80:[], 81:[], 82:[], 83:[], 84:[], 85:[], 86:[], 87:[], 88:[], 89:[], 90:[], 91:[], 92:[], 93:[], 94:[], 95:[], 96:[], 97:[], 98:[], 99:[], 100:[], 101:[], 102:[], 103:[], 104:[], 105:[], 106:[], 107:[], 108:[], 109:[], 110:[], 111:[], 112:[], 113:[], 114:[], 115:[], 116:[], 117:[], 118:[], 119:[], 120:[], 121:[], 122:[], 123:[], 124:[], 125:[], 126:[], 127:[], 128:[], 129:[], 130:[], 131:[], 132:[], 133:[], 134:[], 135:[], 136:[], 137:[], 138:[], 139:[], 140:[], 141:[], 142:[], 143:[], 144:[], 145:[], 146:[], 147:[], 148:[], 149:[], 150:[], 151:[], 152:[], 153:[], 154:[], 155:[], 156:[], 157:[], 158:[], 159:[]",46456503392,48376647867
3833,3,23369.9059,19676096,293606706,2343945262,569.4612,false,159,true,true,true,true,true,false,false,"0:[0, 1, 2, 3, 4, 5, 6, 7, 8, 9, 10, 11, 12, 13, 14, 15, 16, 17, 18, 19, 20, 21, 22, 23, 24, 25, 26, 27, 28, 29, 30, 31, 32, 33, 34, 35, 36, 37, 38, 39, 40, 41, 42, 43, 44, 45, 46, 47, 48, 49, 50, 51, 52, 53, 54, 55, 56, 57, 58, 59, 60, 61, 62, 63, 64, 65, 66, 67, 68, 69, 70, 71, 72, 73, 74, 75, 76, 77, 78, 79, 80, 81, 82, 83, 84, 85, 86, 87, 88, 89, 90, 91, 92, 93, 94, 95, 96, 97, 98, 99, 100, 101, 102, 103, 104, 105, 106, 107, 108, 109, 110, 111, 112, 113, 114, 115, 116, 117, 118, 119, 120, 121, 122, 123, 124, 125, 126, 127, 128, 129, 130, 131, 132, 133, 134, 135, 136, 137, 138, 139, 140, 141, 142, 143, 144, 145, 146, 147, 148, 149, 150, 151, 152, 153, 154, 155, 156, 157, 158], 1:[], 2:[], 3:[], 4:[], 5:[], 6:[], 7:[], 8:[], 9:[], 10:[], 11:[], 12:[], 13:[], 14:[], 15:[], 16:[], 17:[], 18:[], 19:[], 20:[], 21:[], 22:[], 23:[], 24:[], 25:[], 26:[], 27:[], 28:[], 29:[], 30:[], 31:[], 32:[], 33:[], 34:[], 35:[], 36:[], 37:[], 38:[], 39:[], 40:[], 41:[], 42:[], 43:[], 44:[], 45:[], 46:[], 47:[], 48:[], 49:[], 50:[], 51:[], 52:[], 53:[], 54:[], 55:[], 56:[], 57:[], 58:[], 59:[], 60:[], 61:[], 62:[], 63:[], 64:[], 65:[], 66:[], 67:[], 68:[], 69:[], 70:[], 71:[], 72:[], 73:[], 74:[], 75:[], 76:[], 77:[], 78:[], 79:[], 80:[], 81:[], 82:[], 83:[], 84:[], 85:[], 86:[], 87:[], 88:[], 89:[], 90:[], 91:[], 92:[], 93:[], 94:[], 95:[], 96:[], 97:[], 98:[], 99:[], 100:[], 101:[], 102:[], 103:[], 104:[], 105:[], 106:[], 107:[], 108:[], 109:[], 110:[], 111:[], 112:[], 113:[], 114:[], 115:[], 116:[], 117:[], 118:[], 119:[], 120:[], 121:[], 122:[], 123:[], 124:[], 125:[], 126:[], 127:[], 128:[], 129:[], 130:[], 131:[], 132:[], 133:[], 134:[], 135:[], 136:[], 137:[], 138:[], 139:[], 140:[], 141:[], 142:[], 143:[], 144:[], 145:[], 146:[], 147:[], 148:[], 149:[], 150:[], 151:[], 152:[], 153:[], 154:[], 155:[], 156:[], 157:[], 158:[]",46643558992,48648546026
3847,3,21541.2681,19892033,296833578,2369720468,607.2901,false,161,true,true,true,true,true,false,false,"0:[0, 1, 2, 3, 4, 5, 6, 7, 8, 9, 10, 11, 12, 13, 14, 15, 16, 17, 18, 19, 20, 21, 22, 23, 24, 25, 26, 27, 28, 29, 30, 31, 32, 33, 34, 35, 36, 37, 38, 39, 40, 41, 42, 43, 44, 45, 46, 47, 48, 49, 50, 51, 52, 53, 54, 55, 56, 57, 58, 59, 60, 61, 62, 63, 64, 65, 66, 67, 68, 69, 70, 71, 72, 73, 74, 75, 76, 77, 78, 79, 80, 81, 82, 83, 84, 85, 86, 87, 88, 89, 90, 91, 92, 93, 94, 95, 96, 97, 98, 99, 100, 101, 102, 103, 104, 105, 106, 107, 108, 109, 110, 111, 112, 113, 114, 115, 116, 117, 118, 119, 120, 121, 122, 123, 124, 125, 126, 127, 128, 129, 130, 131, 132, 133, 134, 135, 136, 137, 138, 139, 140, 141, 142, 143, 144, 145, 146, 147, 148, 149, 150, 151, 152, 153, 154, 155, 156, 157, 158, 159, 160], 1:[], 2:[], 3:[], 4:[], 5:[], 6:[], 7:[], 8:[], 9:[], 10:[], 11:[], 12:[], 13:[], 14:[], 15:[], 16:[], 17:[], 18:[], 19:[], 20:[], 21:[], 22:[], 23:[], 24:[], 25:[], 26:[], 27:[], 28:[], 29:[], 30:[], 31:[], 32:[], 33:[], 34:[], 35:[], 36:[], 37:[], 38:[], 39:[], 40:[], 41:[], 42:[], 43:[], 44:[], 45:[], 46:[], 47:[], 48:[], 49:[], 50:[], 51:[], 52:[], 53:[], 54:[], 55:[], 56:[], 57:[], 58:[], 59:[], 60:[], 61:[], 62:[], 63:[], 64:[], 65:[], 66:[], 67:[], 68:[], 69:[], 70:[], 71:[], 72:[], 73:[], 74:[], 75:[], 76:[], 77:[], 78:[], 79:[], 80:[], 81:[], 82:[], 83:[], 84:[], 85:[], 86:[], 87:[], 88:[], 89:[], 90:[], 91:[], 92:[], 93:[], 94:[], 95:[], 96:[], 97:[], 98:[], 99:[], 100:[], 101:[], 102:[], 103:[], 104:[], 105:[], 106:[], 107:[], 108:[], 109:[], 110:[], 111:[], 112:[], 113:[], 114:[], 115:[], 116:[], 117:[], 118:[], 119:[], 120:[], 121:[], 122:[], 123:[], 124:[], 125:[], 126:[], 127:[], 128:[], 129:[], 130:[], 131:[], 132:[], 133:[], 134:[], 135:[], 136:[], 137:[], 138:[], 139:[], 140:[], 141:[], 142:[], 143:[], 144:[], 145:[], 146:[], 147:[], 148:[], 149:[], 150:[], 151:[], 152:[], 153:[], 154:[], 155:[], 156:[], 157:[], 158:[], 159:[], 160:[]",46906891240,49031241338
3851,2,20563.7729,19954018,297760117,2377122367,588.8156,false,161,true,true,true,true,true,false,false,"0:[0, 1, 2, 3, 4, 5, 6, 7, 8, 9, 10, 11, 12, 13, 14, 15, 16, 17, 18, 19, 20, 21, 22, 23, 24, 25, 26, 27, 28, 29, 30, 31, 32, 33, 34, 35, 36, 37, 38, 39, 40, 41, 42, 43, 44, 45, 46, 47, 48, 49, 50, 51, 52, 53, 54, 55, 56, 57, 58, 59, 60, 61, 62, 63, 64, 65, 66, 67, 68, 69, 70, 71, 72, 73, 74, 75, 76, 77, 78, 79, 80, 81, 82, 83, 84, 85, 86, 87, 88, 89, 90, 91, 92, 93, 94, 95, 96, 97, 98, 99, 100, 101, 102, 103, 104, 105, 106, 107, 108, 109, 110, 111, 112, 113, 114, 115, 116, 117, 118, 119, 120, 121, 122, 123, 124, 125, 126, 127, 128, 129, 130, 131, 132, 133, 134, 135, 136, 137, 138, 139, 140, 141, 142, 143, 144, 145, 146, 147, 148, 149, 150, 151, 152, 153, 154, 155, 156, 157, 158, 159, 160], 1:[], 2:[], 3:[], 4:[], 5:[], 6:[], 7:[], 8:[], 9:[], 10:[], 11:[], 12:[], 13:[], 14:[], 15:[], 16:[], 17:[], 18:[], 19:[], 20:[], 21:[], 22:[], 23:[], 24:[], 25:[], 26:[], 27:[], 28:[], 29:[], 30:[], 31:[], 32:[], 33:[], 34:[], 35:[], 36:[], 37:[], 38:[], 39:[], 40:[], 41:[], 42:[], 43:[], 44:[], 45:[], 46:[], 47:[], 48:[], 49:[], 50:[], 51:[], 52:[], 53:[], 54:[], 55:[], 56:[], 57:[], 58:[], 59:[], 60:[], 61:[], 62:[], 63:[], 64:[], 65:[], 66:[], 67:[], 68:[], 69:[], 70:[], 71:[], 72:[], 73:[], 74:[], 75:[], 76:[], 77:[], 78:[], 79:[], 80:[], 81:[], 82:[], 83:[], 84:[], 85:[], 86:[], 87:[], 88:[], 89:[], 90:[], 91:[], 92:[], 93:[], 94:[], 95:[], 96:[], 97:[], 98:[], 99:[], 100:[], 101:[], 102:[], 103:[], 104:[], 105:[], 106:[], 107:[], 108:[], 109:[], 110:[], 111:[], 112:[], 113:[], 114:[], 115:[], 116:[], 117:[], 118:[], 119:[], 120:[], 121:[], 122:[], 123:[], 124:[], 125:[], 126:[], 127:[], 128:[], 129:[], 130:[], 131:[], 132:[], 133:[], 134:[], 135:[], 136:[], 137:[], 138:[], 139:[], 140:[], 141:[], 142:[], 143:[], 144:[], 145:[], 146:[], 147:[], 148:[], 149:[], 150:[], 151:[], 152:[], 153:[], 154:[], 155:[], 156:[], 157:[], 158:[], 159:[], 160:[]",46982502000,49141133465
3853,2,24469.8393,19985059,298225070,2380840608,605.9758,false,161,true,true,true,true,true,false,false,"0:[0, 1, 2, 3, 4, 5, 6, 7, 8, 9, 10, 11, 12, 13, 14, 15, 16, 17, 18, 19, 20, 21, 22, 23, 24, 25, 26, 27, 28, 29, 30, 31, 32, 33, 34, 35, 36, 37, 38, 39, 40, 41, 42, 43, 44, 45, 46, 47, 48, 49, 50, 51, 52, 53, 54, 55, 56, 57, 58, 59, 60, 61, 62, 63, 64, 65, 66, 67, 68, 69, 70, 71, 72, 73, 74, 75, 76, 77, 78, 79, 80, 81, 82, 83, 84, 85, 86, 87, 88, 89, 90, 91, 92, 93, 94, 95, 96, 97, 98, 99, 100, 101, 102, 103, 104, 105, 106, 107, 108, 109, 110, 111, 112, 113, 114, 115, 116, 117, 118, 119, 120, 121, 122, 123, 124, 125, 126, 127, 128, 129, 130, 131, 132, 133, 134, 135, 136, 137, 138, 139, 140, 141, 142, 143, 144, 145, 146, 147, 148, 149, 150, 151, 152, 153, 154, 155, 156, 157, 158, 159, 160], 1:[], 2:[], 3:[], 4:[], 5:[], 6:[], 7:[], 8:[], 9:[], 10:[], 11:[], 12:[], 13:[], 14:[], 15:[], 16:[], 17:[], 18:[], 19:[], 20:[], 21:[], 22:[], 23:[], 24:[], 25:[], 26:[], 27:[], 28:[], 29:[], 30:[], 31:[], 32:[], 33:[], 34:[], 35:[], 36:[], 37:[], 38:[], 39:[], 40:[], 41:[], 42:[], 43:[], 44:[], 45:[], 46:[], 47:[], 48:[], 49:[], 50:[], 51:[], 52:[], 53:[], 54:[], 55:[], 56:[], 57:[], 58:[], 59:[], 60:[], 61:[], 62:[], 63:[], 64:[], 65:[], 66:[], 67:[], 68:[], 69:[], 70:[], 71:[], 72:[], 73:[], 74:[], 75:[], 76:[], 77:[], 78:[], 79:[], 80:[], 81:[], 82:[], 83:[], 84:[], 85:[], 86:[], 87:[], 88:[], 89:[], 90:[], 91:[], 92:[], 93:[], 94:[], 95:[], 96:[], 97:[], 98:[], 99:[], 100:[], 101:[], 102:[], 103:[], 104:[], 105:[], 106:[], 107:[], 108:[], 109:[], 110:[], 111:[], 112:[], 113:[], 114:[], 115:[], 116:[], 117:[], 118:[], 119:[], 120:[], 121:[], 122:[], 123:[], 124:[], 125:[], 126:[], 127:[], 128:[], 129:[], 130:[], 131:[], 132:[], 133:[], 134:[], 135:[], 136:[], 137:[], 138:[], 139:[], 140:[], 141:[], 142:[], 143:[], 144:[], 145:[], 146:[], 147:[], 148:[], 149:[], 150:[], 151:[], 152:[], 153:[], 154:[], 155:[], 156:[], 157:[], 158:[], 159:[], 160:[]",47020443224,49196308478
3863,5,22902.1049,20140746,300551383,2399421648,592.7213,false,161,true,true,true,true,true,false,false,"0:[0, 1, 2, 3, 4, 5, 6, 7, 8, 9, 10, 11, 12, 13, 14, 15, 16, 17, 18, 19, 20, 21, 22, 23, 24, 25, 26, 27, 28, 29, 30, 31, 32, 33, 34, 35, 36, 37, 38, 39, 40, 41, 42, 43, 44, 45, 46, 47, 48, 49, 50, 51, 52, 53, 54, 55, 56, 57, 58, 59, 60, 61, 62, 63, 64, 65, 66, 67, 68, 69, 70, 71, 72, 73, 74, 75, 76, 77, 78, 79, 80, 81, 82, 83, 84, 85, 86, 87, 88, 89, 90, 91, 92, 93, 94, 95, 96, 97, 98, 99, 100, 101, 102, 103, 104, 105, 106, 107, 108, 109, 110, 111, 112, 113, 114, 115, 116, 117, 118, 119, 120, 121, 122, 123, 124, 125, 126, 127, 128, 129, 130, 131, 132, 133, 134, 135, 136, 137, 138, 139, 140, 141, 142, 143, 144, 145, 146, 147, 148, 149, 150, 151, 152, 153, 154, 155, 156, 157, 158, 159, 160], 1:[], 2:[], 3:[], 4:[], 5:[], 6:[], 7:[], 8:[], 9:[], 10:[], 11:[], 12:[], 13:[], 14:[], 15:[], 16:[], 17:[], 18:[], 19:[], 20:[], 21:[], 22:[], 23:[], 24:[], 25:[], 26:[], 27:[], 28:[], 29:[], 30:[], 31:[], 32:[], 33:[], 34:[], 35:[], 36:[], 37:[], 38:[], 39:[], 40:[], 41:[], 42:[], 43:[], 44:[], 45:[], 46:[], 47:[], 48:[], 49:[], 50:[], 51:[], 52:[], 53:[], 54:[], 55:[], 56:[], 57:[], 58:[], 59:[], 60:[], 61:[], 62:[], 63:[], 64:[], 65:[], 66:[], 67:[], 68:[], 69:[], 70:[], 71:[], 72:[], 73:[], 74:[], 75:[], 76:[], 77:[], 78:[], 79:[], 80:[], 81:[], 82:[], 83:[], 84:[], 85:[], 86:[], 87:[], 88:[], 89:[], 90:[], 91:[], 92:[], 93:[], 94:[], 95:[], 96:[], 97:[], 98:[], 99:[], 100:[], 101:[], 102:[], 103:[], 104:[], 105:[], 106:[], 107:[], 108:[], 109:[], 110:[], 111:[], 112:[], 113:[], 114:[], 115:[], 116:[], 117:[], 118:[], 119:[], 120:[], 121:[], 122:[], 123:[], 124:[], 125:[], 126:[], 127:[], 128:[], 129:[], 130:[], 131:[], 132:[], 133:[], 134:[], 135:[], 136:[], 137:[], 138:[], 139:[], 140:[], 141:[], 142:[], 143:[], 144:[], 145:[], 146:[], 147:[], 148:[], 149:[], 150:[], 151:[], 152:[], 153:[], 154:[], 155:[], 156:[], 157:[], 158:[], 159:[], 160:[]",47210284752,49472192739
3877,2,24327.8805,20360063,303830770,2425624219,601.2922,false,162,true,true,true,true,true,false,false,"0:[0, 1, 2, 3, 4, 5, 6, 7, 8, 9, 10, 11, 12, 13, 14, 15, 16, 17, 18, 19, 20, 21, 22, 23, 24, 25, 26, 27, 28, 29, 30, 31, 32, 33, 34, 35, 36, 37, 38, 39, 40, 41, 42, 43, 44, 45, 46, 47, 48, 49, 50, 51, 52, 53, 54, 55, 56, 57, 58, 59, 60, 61, 62, 63, 64, 65, 66, 67, 68, 69, 70, 71, 72, 73, 74, 75, 76, 77, 78, 79, 80, 81, 82, 83, 84, 85, 86, 87, 88, 89, 90, 91, 92, 93, 94, 95, 96, 97, 98, 99, 100, 101, 102, 103, 104, 105, 106, 107, 108, 109, 110, 111, 112, 113, 114, 115, 116, 117, 118, 119, 120, 121, 122, 123, 124, 125, 126, 127, 128, 129, 130, 131, 132, 133, 134, 135, 136, 137, 138, 139, 140, 141, 142, 143, 144, 145, 146, 147, 148, 149, 150, 151, 152, 153, 154, 155, 156, 157, 158, 159, 160, 161], 1:[], 2:[], 3:[], 4:[], 5:[], 6:[], 7:[], 8:[], 9:[], 10:[], 11:[], 12:[], 13:[], 14:[], 15:[], 16:[], 17:[], 18:[], 19:[], 20:[], 21:[], 22:[], 23:[], 24:[], 25:[], 26:[], 27:[], 28:[], 29:[], 30:[], 31:[], 32:[], 33:[], 34:[], 35:[], 36:[], 37:[], 38:[], 39:[], 40:[], 41:[], 42:[], 43:[], 44:[], 45:[], 46:[], 47:[], 48:[], 49:[], 50:[], 51:[], 52:[], 53:[], 54:[], 55:[], 56:[], 57:[], 58:[], 59:[], 60:[], 61:[], 62:[], 63:[], 64:[], 65:[], 66:[], 67:[], 68:[], 69:[], 70:[], 71:[], 72:[], 73:[], 74:[], 75:[], 76:[], 77:[], 78:[], 79:[], 80:[], 81:[], 82:[], 83:[], 84:[], 85:[], 86:[], 87:[], 88:[], 89:[], 90:[], 91:[], 92:[], 93:[], 94:[], 95:[], 96:[], 97:[], 98:[], 99:[], 100:[], 101:[], 102:[], 103:[], 104:[], 105:[], 106:[], 107:[], 108:[], 109:[], 110:[], 111:[], 112:[], 113:[], 114:[], 115:[], 116:[], 117:[], 118:[], 119:[], 120:[], 121:[], 122:[], 123:[], 124:[], 125:[], 126:[], 127:[], 128:[], 129:[], 130:[], 131:[], 132:[], 133:[], 134:[], 135:[], 136:[], 137:[], 138:[], 139:[], 140:[], 141:[], 142:[], 143:[], 144:[], 145:[], 146:[], 147:[], 148:[], 149:[], 150:[], 151:[], 152:[], 153:[], 154:[], 155:[], 156:[], 157:[], 158:[], 159:[], 160:[], 161:[]",47477899320,49861174866
3881,3,24200.1685,20423016,304771822,2433142231,645.9243,false,162,true,true,true,true,true,false,false,"0:[0, 1, 2, 3, 4, 5, 6, 7, 8, 9, 10, 11, 12, 13, 14, 15, 16, 17, 18, 19, 20, 21, 22, 23, 24, 25, 26, 27, 28, 29, 30, 31, 32, 33, 34, 35, 36, 37, 38, 39, 40, 41, 42, 43, 44, 45, 46, 47, 48, 49, 50, 51, 52, 53, 54, 55, 56, 57, 58, 59, 60, 61, 62, 63, 64, 65, 66, 67, 68, 69, 70, 71, 72, 73, 74, 75, 76, 77, 78, 79, 80, 81, 82, 83, 84, 85, 86, 87, 88, 89, 90, 91, 92, 93, 94, 95, 96, 97, 98, 99, 100, 101, 102, 103, 104, 105, 106, 107, 108, 109, 110, 111, 112, 113, 114, 115, 116, 117, 118, 119, 120, 121, 122, 123, 124, 125, 126, 127, 128, 129, 130, 131, 132, 133, 134, 135, 136, 137, 138, 139, 140, 141, 142, 143, 144, 145, 146, 147, 148, 149, 150, 151, 152, 153, 154, 155, 156, 157, 158, 159, 160, 161], 1:[], 2:[], 3:[], 4:[], 5:[], 6:[], 7:[], 8:[], 9:[], 10:[], 11:[], 12:[], 13:[], 14:[], 15:[], 16:[], 17:[], 18:[], 19:[], 20:[], 21:[], 22:[], 23:[], 24:[], 25:[], 26:[], 27:[], 28:[], 29:[], 30:[], 31:[], 32:[], 33:[], 34:[], 35:[], 36:[], 37:[], 38:[], 39:[], 40:[], 41:[], 42:[], 43:[], 44:[], 45:[], 46:[], 47:[], 48:[], 49:[], 50:[], 51:[], 52:[], 53:[], 54:[], 55:[], 56:[], 57:[], 58:[], 59:[], 60:[], 61:[], 62:[], 63:[], 64:[], 65:[], 66:[], 67:[], 68:[], 69:[], 70:[], 71:[], 72:[], 73:[], 74:[], 75:[], 76:[], 77:[], 78:[], 79:[], 80:[], 81:[], 82:[], 83:[], 84:[], 85:[], 86:[], 87:[], 88:[], 89:[], 90:[], 91:[], 92:[], 93:[], 94:[], 95:[], 96:[], 97:[], 98:[], 99:[], 100:[], 101:[], 102:[], 103:[], 104:[], 105:[], 106:[], 107:[], 108:[], 109:[], 110:[], 111:[], 112:[], 113:[], 114:[], 115:[], 116:[], 117:[], 118:[], 119:[], 120:[], 121:[], 122:[], 123:[], 124:[], 125:[], 126:[], 127:[], 128:[], 129:[], 130:[], 131:[], 132:[], 133:[], 134:[], 135:[], 136:[], 137:[], 138:[], 139:[], 140:[], 141:[], 142:[], 143:[], 144:[], 145:[], 146:[], 147:[], 148:[], 149:[], 150:[], 151:[], 152:[], 153:[], 154:[], 155:[], 156:[], 157:[], 158:[], 159:[], 160:[], 161:[]",47554694352,49972788662
3889,11,30115.5127,20549312,306659761,2448224912,636.5068,false,163,true,true,true,true,true,false,false,"0:[0, 1, 2, 3, 4, 5, 6, 7, 8, 9, 10, 11, 12, 13, 14, 15, 16, 17, 18, 19, 20, 21, 22, 23, 24, 25, 26, 27, 28, 29, 30, 31, 32, 33, 34, 35, 36, 37, 38, 39, 40, 41, 42, 43, 44, 45, 46, 47, 48, 49, 50, 51, 52, 53, 54, 55, 56, 57, 58, 59, 60, 61, 62, 63, 64, 65, 66, 67, 68, 69, 70, 71, 72, 73, 74, 75, 76, 77, 78, 79, 80, 81, 82, 83, 84, 85, 86, 87, 88, 89, 90, 91, 92, 93, 94, 95, 96, 97, 98, 99, 100, 101, 102, 103, 104, 105, 106, 107, 108, 109, 110, 111, 112, 113, 114, 115, 116, 117, 118, 119, 120, 121, 122, 123, 124, 125, 126, 127, 128, 129, 130, 131, 132, 133, 134, 135, 136, 137, 138, 139, 140, 141, 142, 143, 144, 145, 146, 147, 148, 149, 150, 151, 152, 153, 154, 155, 156, 157, 158, 159, 160, 161, 162], 1:[], 2:[], 3:[], 4:[], 5:[], 6:[], 7:[], 8:[], 9:[], 10:[], 11:[], 12:[], 13:[], 14:[], 15:[], 16:[], 17:[], 18:[], 19:[], 20:[], 21:[], 22:[], 23:[], 24:[], 25:[], 26:[], 27:[], 28:[], 29:[], 30:[], 31:[], 32:[], 33:[], 34:[], 35:[], 36:[], 37:[], 38:[], 39:[], 40:[], 41:[], 42:[], 43:[], 44:[], 45:[], 46:[], 47:[], 48:[], 49:[], 50:[], 51:[], 52:[], 53:[], 54:[], 55:[], 56:[], 57:[], 58:[], 59:[], 60:[], 61:[], 62:[], 63:[], 64:[], 65:[], 66:[], 67:[], 68:[], 69:[], 70:[], 71:[], 72:[], 73:[], 74:[], 75:[], 76:[], 77:[], 78:[], 79:[], 80:[], 81:[], 82:[], 83:[], 84:[], 85:[], 86:[], 87:[], 88:[], 89:[], 90:[], 91:[], 92:[], 93:[], 94:[], 95:[], 96:[], 97:[], 98:[], 99:[], 100:[], 101:[], 102:[], 103:[], 104:[], 105:[], 106:[], 107:[], 108:[], 109:[], 110:[], 111:[], 112:[], 113:[], 114:[], 115:[], 116:[], 117:[], 118:[], 119:[], 120:[], 121:[], 122:[], 123:[], 124:[], 125:[], 126:[], 127:[], 128:[], 129:[], 130:[], 131:[], 132:[], 133:[], 134:[], 135:[], 136:[], 137:[], 138:[], 139:[], 140:[], 141:[], 142:[], 143:[], 144:[], 145:[], 146:[], 147:[], 148:[], 149:[], 150:[], 151:[], 152:[], 153:[], 154:[], 155:[], 156:[], 157:[], 158:[], 159:[], 160:[], 161:[], 162:[]",47708760576,50196708501
3907,2,21967.7172,20835377,310935210,2482378337,649.5281,false,162,true,true,true,true,true,false,false,"0:[0, 1, 2, 3, 4, 5, 6, 7, 8, 9, 10, 11, 12, 13, 14, 15, 16, 17, 18, 19, 20, 21, 22, 23, 24, 25, 26, 27, 28, 29, 30, 31, 32, 33, 34, 35, 36, 37, 38, 39, 40, 41, 42, 43, 44, 45, 46, 47, 48, 49, 50, 51, 52, 53, 54, 55, 56, 57, 58, 59, 60, 61, 62, 63, 64, 65, 66, 67, 68, 69, 70, 71, 72, 73, 74, 75, 76, 77, 78, 79, 80, 81, 82, 83, 84, 85, 86, 87, 88, 89, 90, 91, 92, 93, 94, 95, 96, 97, 98, 99, 100, 101, 102, 103, 104, 105, 106, 107, 108, 109, 110, 111, 112, 113, 114, 115, 116, 117, 118, 119, 120, 121, 122, 123, 124, 125, 126, 127, 128, 129, 130, 131, 132, 133, 134, 135, 136, 137, 138, 139, 140, 141, 142, 143, 144, 145, 146, 147, 148, 149, 150, 151, 152, 153, 154, 155, 156, 157, 158, 159, 160, 161], 1:[], 2:[], 3:[], 4:[], 5:[], 6:[], 7:[], 8:[], 9:[], 10:[], 11:[], 12:[], 13:[], 14:[], 15:[], 16:[], 17:[], 18:[], 19:[], 20:[], 21:[], 22:[], 23:[], 24:[], 25:[], 26:[], 27:[], 28:[], 29:[], 30:[], 31:[], 32:[], 33:[], 34:[], 35:[], 36:[], 37:[], 38:[], 39:[], 40:[], 41:[], 42:[], 43:[], 44:[], 45:[], 46:[], 47:[], 48:[], 49:[], 50:[], 51:[], 52:[], 53:[], 54:[], 55:[], 56:[], 57:[], 58:[], 59:[], 60:[], 61:[], 62:[], 63:[], 64:[], 65:[], 66:[], 67:[], 68:[], 69:[], 70:[], 71:[], 72:[], 73:[], 74:[], 75:[], 76:[], 77:[], 78:[], 79:[], 80:[], 81:[], 82:[], 83:[], 84:[], 85:[], 86:[], 87:[], 88:[], 89:[], 90:[], 91:[], 92:[], 93:[], 94:[], 95:[], 96:[], 97:[], 98:[], 99:[], 100:[], 101:[], 102:[], 103:[], 104:[], 105:[], 106:[], 107:[], 108:[], 109:[], 110:[], 111:[], 112:[], 113:[], 114:[], 115:[], 116:[], 117:[], 118:[], 119:[], 120:[], 121:[], 122:[], 123:[], 124:[], 125:[], 126:[], 127:[], 128:[], 129:[], 130:[], 131:[], 132:[], 133:[], 134:[], 135:[], 136:[], 137:[], 138:[], 139:[], 140:[], 141:[], 142:[], 143:[], 144:[], 145:[], 146:[], 147:[], 148:[], 149:[], 150:[], 151:[], 152:[], 153:[], 154:[], 155:[], 156:[], 157:[], 158:[], 159:[], 160:[], 161:[]",48057662056,54998737946
3911,13,25961.6388,20899306,311890813,2490012313,639.4338,false,162,true,true,true,true,true,false,false,"0:[0, 1, 2, 3, 4, 5, 6, 7, 8, 9, 10, 11, 12, 13, 14, 15, 16, 17, 18, 19, 20, 21, 22, 23, 24, 25, 26, 27, 28, 29, 30, 31, 32, 33, 34, 35, 36, 37, 38, 39, 40, 41, 42, 43, 44, 45, 46, 47, 48, 49, 50, 51, 52, 53, 54, 55, 56, 57, 58, 59, 60, 61, 62, 63, 64, 65, 66, 67, 68, 69, 70, 71, 72, 73, 74, 75, 76, 77, 78, 79, 80, 81, 82, 83, 84, 85, 86, 87, 88, 89, 90, 91, 92, 93, 94, 95, 96, 97, 98, 99, 100, 101, 102, 103, 104, 105, 106, 107, 108, 109, 110, 111, 112, 113, 114, 115, 116, 117, 118, 119, 120, 121, 122, 123, 124, 125, 126, 127, 128, 129, 130, 131, 132, 133, 134, 135, 136, 137, 138, 139, 140, 141, 142, 143, 144, 145, 146, 147, 148, 149, 150, 151, 152, 153, 154, 155, 156, 157, 158, 159, 160, 161], 1:[], 2:[], 3:[], 4:[], 5:[], 6:[], 7:[], 8:[], 9:[], 10:[], 11:[], 12:[], 13:[], 14:[], 15:[], 16:[], 17:[], 18:[], 19:[], 20:[], 21:[], 22:[], 23:[], 24:[], 25:[], 26:[], 27:[], 28:[], 29:[], 30:[], 31:[], 32:[], 33:[], 34:[], 35:[], 36:[], 37:[], 38:[], 39:[], 40:[], 41:[], 42:[], 43:[], 44:[], 45:[], 46:[], 47:[], 48:[], 49:[], 50:[], 51:[], 52:[], 53:[], 54:[], 55:[], 56:[], 57:[], 58:[], 59:[], 60:[], 61:[], 62:[], 63:[], 64:[], 65:[], 66:[], 67:[], 68:[], 69:[], 70:[], 71:[], 72:[], 73:[], 74:[], 75:[], 76:[], 77:[], 78:[], 79:[], 80:[], 81:[], 82:[], 83:[], 84:[], 85:[], 86:[], 87:[], 88:[], 89:[], 90:[], 91:[], 92:[], 93:[], 94:[], 95:[], 96:[], 97:[], 98:[], 99:[], 100:[], 101:[], 102:[], 103:[], 104:[], 105:[], 106:[], 107:[], 108:[], 109:[], 110:[], 111:[], 112:[], 113:[], 114:[], 115:[], 116:[], 117:[], 118:[], 119:[], 120:[], 121:[], 122:[], 123:[], 124:[], 125:[], 126:[], 127:[], 128:[], 129:[], 130:[], 131:[], 132:[], 133:[], 134:[], 135:[], 136:[], 137:[], 138:[], 139:[], 140:[], 141:[], 142:[], 143:[], 144:[], 145:[], 146:[], 147:[], 148:[], 149:[], 150:[], 151:[], 152:[], 153:[], 154:[], 155:[], 156:[], 157:[], 158:[], 159:[], 160:[], 161:[]",48135644592,55112076609
3917,2,25051.6340,20995444,313329017,2501506515,621.0866,false,164,true,true,true,true,true,false,false,"0:[0, 1, 2, 3, 4, 5, 6, 7, 8, 9, 10, 11, 12, 13, 14, 15, 16, 17, 18, 19, 20, 21, 22, 23, 24, 25, 26, 27, 28, 29, 30, 31, 32, 33, 34, 35, 36, 37, 38, 39, 40, 41, 42, 43, 44, 45, 46, 47, 48, 49, 50, 51, 52, 53, 54, 55, 56, 57, 58, 59, 60, 61, 62, 63, 64, 65, 66, 67, 68, 69, 70, 71, 72, 73, 74, 75, 76, 77, 78, 79, 80, 81, 82, 83, 84, 85, 86, 87, 88, 89, 90, 91, 92, 93, 94, 95, 96, 97, 98, 99, 100, 101, 102, 103, 104, 105, 106, 107, 108, 109, 110, 111, 112, 113, 114, 115, 116, 117, 118, 119, 120, 121, 122, 123, 124, 125, 126, 127, 128, 129, 130, 131, 132, 133, 134, 135, 136, 137, 138, 139, 140, 141, 142, 143, 144, 145, 146, 147, 148, 149, 150, 151, 152, 153, 154, 155, 156, 157, 158, 159, 160, 161, 162, 163], 1:[], 2:[], 3:[], 4:[], 5:[], 6:[], 7:[], 8:[], 9:[], 10:[], 11:[], 12:[], 13:[], 14:[], 15:[], 16:[], 17:[], 18:[], 19:[], 20:[], 21:[], 22:[], 23:[], 24:[], 25:[], 26:[], 27:[], 28:[], 29:[], 30:[], 31:[], 32:[], 33:[], 34:[], 35:[], 36:[], 37:[], 38:[], 39:[], 40:[], 41:[], 42:[], 43:[], 44:[], 45:[], 46:[], 47:[], 48:[], 49:[], 50:[], 51:[], 52:[], 53:[], 54:[], 55:[], 56:[], 57:[], 58:[], 59:[], 60:[], 61:[], 62:[], 63:[], 64:[], 65:[], 66:[], 67:[], 68:[], 69:[], 70:[], 71:[], 72:[], 73:[], 74:[], 75:[], 76:[], 77:[], 78:[], 79:[], 80:[], 81:[], 82:[], 83:[], 84:[], 85:[], 86:[], 87:[], 88:[], 89:[], 90:[], 91:[], 92:[], 93:[], 94:[], 95:[], 96:[], 97:[], 98:[], 99:[], 100:[], 101:[], 102:[], 103:[], 104:[], 105:[], 106:[], 107:[], 108:[], 109:[], 110:[], 111:[], 112:[], 113:[], 114:[], 115:[], 116:[], 117:[], 118:[], 119:[], 120:[], 121:[], 122:[], 123:[], 124:[], 125:[], 126:[], 127:[], 128:[], 129:[], 130:[], 131:[], 132:[], 133:[], 134:[], 135:[], 136:[], 137:[], 138:[], 139:[], 140:[], 141:[], 142:[], 143:[], 144:[], 145:[], 146:[], 147:[], 148:[], 149:[], 150:[], 151:[], 152:[], 153:[], 154:[], 155:[], 156:[], 157:[], 158:[], 159:[], 160:[], 161:[], 162:[], 163:[]",48253008224,55282686077
3919,3,27255.7219,21027556,313808036,2505329256,641.2492,false,163,true,true,true,true,true,false,false,"0:[0, 1, 2, 3, 4, 5, 6, 7, 8, 9, 10, 11, 12, 13, 14, 15, 16, 17, 18, 19, 20, 21, 22, 23, 24, 25, 26, 27, 28, 29, 30, 31, 32, 33, 34, 35, 36, 37, 38, 39, 40, 41, 42, 43, 44, 45, 46, 47, 48, 49, 50, 51, 52, 53, 54, 55, 56, 57, 58, 59, 60, 61, 62, 63, 64, 65, 66, 67, 68, 69, 70, 71, 72, 73, 74, 75, 76, 77, 78, 79, 80, 81, 82, 83, 84, 85, 86, 87, 88, 89, 90, 91, 92, 93, 94, 95, 96, 97, 98, 99, 100, 101, 102, 103, 104, 105, 106, 107, 108, 109, 110, 111, 112, 113, 114, 115, 116, 117, 118, 119, 120, 121, 122, 123, 124, 125, 126, 127, 128, 129, 130, 131, 132, 133, 134, 135, 136, 137, 138, 139, 140, 141, 142, 143, 144, 145, 146, 147, 148, 149, 150, 151, 152, 153, 154, 155, 156, 157, 158, 159, 160, 161, 162], 1:[], 2:[], 3:[], 4:[], 5:[], 6:[], 7:[], 8:[], 9:[], 10:[], 11:[], 12:[], 13:[], 14:[], 15:[], 16:[], 17:[], 18:[], 19:[], 20:[], 21:[], 22:[], 23:[], 24:[], 25:[], 26:[], 27:[], 28:[], 29:[], 30:[], 31:[], 32:[], 33:[], 34:[], 35:[], 36:[], 37:[], 38:[], 39:[], 40:[], 41:[], 42:[], 43:[], 44:[], 45:[], 46:[], 47:[], 48:[], 49:[], 50:[], 51:[], 52:[], 53:[], 54:[], 55:[], 56:[], 57:[], 58:[], 59:[], 60:[], 61:[], 62:[], 63:[], 64:[], 65:[], 66:[], 67:[], 68:[], 69:[], 70:[], 71:[], 72:[], 73:[], 74:[], 75:[], 76:[], 77:[], 78:[], 79:[], 80:[], 81:[], 82:[], 83:[], 84:[], 85:[], 86:[], 87:[], 88:[], 89:[], 90:[], 91:[], 92:[], 93:[], 94:[], 95:[], 96:[], 97:[], 98:[], 99:[], 100:[], 101:[], 102:[], 103:[], 104:[], 105:[], 106:[], 107:[], 108:[], 109:[], 110:[], 111:[], 112:[], 113:[], 114:[], 115:[], 116:[], 117:[], 118:[], 119:[], 120:[], 121:[], 122:[], 123:[], 124:[], 125:[], 126:[], 127:[], 128:[], 129:[], 130:[], 131:[], 132:[], 133:[], 134:[], 135:[], 136:[], 137:[], 138:[], 139:[], 140:[], 141:[], 142:[], 143:[], 144:[], 145:[], 146:[], 147:[], 148:[], 149:[], 150:[], 151:[], 152:[], 153:[], 154:[], 155:[], 156:[], 157:[], 158:[], 159:[], 160:[], 161:[], 162:[]",48292100432,55339469924
3923,2,25470.4857,21091876,314769534,2513010502,622.9799,false,163,true,true,true,true,true,false,false,"0:[0, 1, 2, 3, 4, 5, 6, 7, 8, 9, 10, 11, 12, 13, 14, 15, 16, 17, 18, 19, 20, 21, 22, 23, 24, 25, 26, 27, 28, 29, 30, 31, 32, 33, 34, 35, 36, 37, 38, 39, 40, 41, 42, 43, 44, 45, 46, 47, 48, 49, 50, 51, 52, 53, 54, 55, 56, 57, 58, 59, 60, 61, 62, 63, 64, 65, 66, 67, 68, 69, 70, 71, 72, 73, 74, 75, 76, 77, 78, 79, 80, 81, 82, 83, 84, 85, 86, 87, 88, 89, 90, 91, 92, 93, 94, 95, 96, 97, 98, 99, 100, 101, 102, 103, 104, 105, 106, 107, 108, 109, 110, 111, 112, 113, 114, 115, 116, 117, 118, 119, 120, 121, 122, 123, 124, 125, 126, 127, 128, 129, 130, 131, 132, 133, 134, 135, 136, 137, 138, 139, 140, 141, 142, 143, 144, 145, 146, 147, 148, 149, 150, 151, 152, 153, 154, 155, 156, 157, 158, 159, 160, 161, 162], 1:[], 2:[], 3:[], 4:[], 5:[], 6:[], 7:[], 8:[], 9:[], 10:[], 11:[], 12:[], 13:[], 14:[], 15:[], 16:[], 17:[], 18:[], 19:[], 20:[], 21:[], 22:[], 23:[], 24:[], 25:[], 26:[], 27:[], 28:[], 29:[], 30:[], 31:[], 32:[], 33:[], 34:[], 35:[], 36:[], 37:[], 38:[], 39:[], 40:[], 41:[], 42:[], 43:[], 44:[], 45:[], 46:[], 47:[], 48:[], 49:[], 50:[], 51:[], 52:[], 53:[], 54:[], 55:[], 56:[], 57:[], 58:[], 59:[], 60:[], 61:[], 62:[], 63:[], 64:[], 65:[], 66:[], 67:[], 68:[], 69:[], 70:[], 71:[], 72:[], 73:[], 74:[], 75:[], 76:[], 77:[], 78:[], 79:[], 80:[], 81:[], 82:[], 83:[], 84:[], 85:[], 86:[], 87:[], 88:[], 89:[], 90:[], 91:[], 92:[], 93:[], 94:[], 95:[], 96:[], 97:[], 98:[], 99:[], 100:[], 101:[], 102:[], 103:[], 104:[], 105:[], 106:[], 107:[], 108:[], 109:[], 110:[], 111:[], 112:[], 113:[], 114:[], 115:[], 116:[], 117:[], 118:[], 119:[], 120:[], 121:[], 122:[], 123:[], 124:[], 125:[], 126:[], 127:[], 128:[], 129:[], 130:[], 131:[], 132:[], 133:[], 134:[], 135:[], 136:[], 137:[], 138:[], 139:[], 140:[], 141:[], 142:[], 143:[], 144:[], 145:[], 146:[], 147:[], 148:[], 149:[], 150:[], 151:[], 152:[], 153:[], 154:[], 155:[], 156:[], 157:[], 158:[], 159:[], 160:[], 161:[], 162:[]",48370563952,55453508038
3929,3,25028.4068,21188604,316216499,2524574325,617.5518,false,164,true,true,true,true,true,false,false,"0:[0, 1, 2, 3, 4, 5, 6, 7, 8, 9, 10, 11, 12, 13, 14, 15, 16, 17, 18, 19, 20, 21, 22, 23, 24, 25, 26, 27, 28, 29, 30, 31, 32, 33, 34, 35, 36, 37, 38, 39, 40, 41, 42, 43, 44, 45, 46, 47, 48, 49, 50, 51, 52, 53, 54, 55, 56, 57, 58, 59, 60, 61, 62, 63, 64, 65, 66, 67, 68, 69, 70, 71, 72, 73, 74, 75, 76, 77, 78, 79, 80, 81, 82, 83, 84, 85, 86, 87, 88, 89, 90, 91, 92, 93, 94, 95, 96, 97, 98, 99, 100, 101, 102, 103, 104, 105, 106, 107, 108, 109, 110, 111, 112, 113, 114, 115, 116, 117, 118, 119, 120, 121, 122, 123, 124, 125, 126, 127, 128, 129, 130, 131, 132, 133, 134, 135, 136, 137, 138, 139, 140, 141, 142, 143, 144, 145, 146, 147, 148, 149, 150, 151, 152, 153, 154, 155, 156, 157, 158, 159, 160, 161, 162, 163], 1:[], 2:[], 3:[], 4:[], 5:[], 6:[], 7:[], 8:[], 9:[], 10:[], 11:[], 12:[], 13:[], 14:[], 15:[], 16:[], 17:[], 18:[], 19:[], 20:[], 21:[], 22:[], 23:[], 24:[], 25:[], 26:[], 27:[], 28:[], 29:[], 30:[], 31:[], 32:[], 33:[], 34:[], 35:[], 36:[], 37:[], 38:[], 39:[], 40:[], 41:[], 42:[], 43:[], 44:[], 45:[], 46:[], 47:[], 48:[], 49:[], 50:[], 51:[], 52:[], 53:[], 54:[], 55:[], 56:[], 57:[], 58:[], 59:[], 60:[], 61:[], 62:[], 63:[], 64:[], 65:[], 66:[], 67:[], 68:[], 69:[], 70:[], 71:[], 72:[], 73:[], 74:[], 75:[], 76:[], 77:[], 78:[], 79:[], 80:[], 81:[], 82:[], 83:[], 84:[], 85:[], 86:[], 87:[], 88:[], 89:[], 90:[], 91:[], 92:[], 93:[], 94:[], 95:[], 96:[], 97:[], 98:[], 99:[], 100:[], 101:[], 102:[], 103:[], 104:[], 105:[], 106:[], 107:[], 108:[], 109:[], 110:[], 111:[], 112:[], 113:[], 114:[], 115:[], 116:[], 117:[], 118:[], 119:[], 120:[], 121:[], 122:[], 123:[], 124:[], 125:[], 126:[], 127:[], 128:[], 129:[], 130:[], 131:[], 132:[], 133:[], 134:[], 135:[], 136:[], 137:[], 138:[], 139:[], 140:[], 141:[], 142:[], 143:[], 144:[], 145:[], 146:[], 147:[], 148:[], 149:[], 150:[], 151:[], 152:[], 153:[], 154:[], 155:[], 156:[], 157:[], 158:[], 159:[], 160:[], 161:[], 162:[], 163:[]",48488642624,55625155743
3931,2,22340.8539,21220911,316698556,2528422032,633.8175,false,164,true,true,true,true,true,false,false,"0:[0, 1, 2, 3, 4, 5, 6, 7, 8, 9, 10, 11, 12, 13, 14, 15, 16, 17, 18, 19, 20, 21, 22, 23, 24, 25, 26, 27, 28, 29, 30, 31, 32, 33, 34, 35, 36, 37, 38, 39, 40, 41, 42, 43, 44, 45, 46, 47, 48, 49, 50, 51, 52, 53, 54, 55, 56, 57, 58, 59, 60, 61, 62, 63, 64, 65, 66, 67, 68, 69, 70, 71, 72, 73, 74, 75, 76, 77, 78, 79, 80, 81, 82, 83, 84, 85, 86, 87, 88, 89, 90, 91, 92, 93, 94, 95, 96, 97, 98, 99, 100, 101, 102, 103, 104, 105, 106, 107, 108, 109, 110, 111, 112, 113, 114, 115, 116, 117, 118, 119, 120, 121, 122, 123, 124, 125, 126, 127, 128, 129, 130, 131, 132, 133, 134, 135, 136, 137, 138, 139, 140, 141, 142, 143, 144, 145, 146, 147, 148, 149, 150, 151, 152, 153, 154, 155, 156, 157, 158, 159, 160, 161, 162, 163], 1:[], 2:[], 3:[], 4:[], 5:[], 6:[], 7:[], 8:[], 9:[], 10:[], 11:[], 12:[], 13:[], 14:[], 15:[], 16:[], 17:[], 18:[], 19:[], 20:[], 21:[], 22:[], 23:[], 24:[], 25:[], 26:[], 27:[], 28:[], 29:[], 30:[], 31:[], 32:[], 33:[], 34:[], 35:[], 36:[], 37:[], 38:[], 39:[], 40:[], 41:[], 42:[], 43:[], 44:[], 45:[], 46:[], 47:[], 48:[], 49:[], 50:[], 51:[], 52:[], 53:[], 54:[], 55:[], 56:[], 57:[], 58:[], 59:[], 60:[], 61:[], 62:[], 63:[], 64:[], 65:[], 66:[], 67:[], 68:[], 69:[], 70:[], 71:[], 72:[], 73:[], 74:[], 75:[], 76:[], 77:[], 78:[], 79:[], 80:[], 81:[], 82:[], 83:[], 84:[], 85:[], 86:[], 87:[], 88:[], 89:[], 90:[], 91:[], 92:[], 93:[], 94:[], 95:[], 96:[], 97:[], 98:[], 99:[], 100:[], 101:[], 102:[], 103:[], 104:[], 105:[], 106:[], 107:[], 108:[], 109:[], 110:[], 111:[], 112:[], 113:[], 114:[], 115:[], 116:[], 117:[], 118:[], 119:[], 120:[], 121:[], 122:[], 123:[], 124:[], 125:[], 126:[], 127:[], 128:[], 129:[], 130:[], 131:[], 132:[], 133:[], 134:[], 135:[], 136:[], 137:[], 138:[], 139:[], 140:[], 141:[], 142:[], 143:[], 144:[], 145:[], 146:[], 147:[], 148:[], 149:[], 150:[], 151:[], 152:[], 153:[], 154:[], 155:[], 156:[], 157:[], 158:[], 159:[], 160:[], 161:[], 162:[], 163:[]",48527982552,55682301348
3943,3,27171.7102,21415449,319606737,2551655744,621.8877,false,165,true,true,true,true,true,false,false,"0:[0, 1, 2, 3, 4, 5, 6, 7, 8, 9, 10, 11, 12, 13, 14, 15, 16, 17, 18, 19, 20, 21, 22, 23, 24, 25, 26, 27, 28, 29, 30, 31, 32, 33, 34, 35, 36, 37, 38, 39, 40, 41, 42, 43, 44, 45, 46, 47, 48, 49, 50, 51, 52, 53, 54, 55, 56, 57, 58, 59, 60, 61, 62, 63, 64, 65, 66, 67, 68, 69, 70, 71, 72, 73, 74, 75, 76, 77, 78, 79, 80, 81, 82, 83, 84, 85, 86, 87, 88, 89, 90, 91, 92, 93, 94, 95, 96, 97, 98, 99, 100, 101, 102, 103, 104, 105, 106, 107, 108, 109, 110, 111, 112, 113, 114, 115, 116, 117, 118, 119, 120, 121, 122, 123, 124, 125, 126, 127, 128, 129, 130, 131, 132, 133, 134, 135, 136, 137, 138, 139, 140, 141, 142, 143, 144, 145, 146, 147, 148, 149, 150, 151, 152, 153, 154, 155, 156, 157, 158, 159, 160, 161, 162, 163, 164], 1:[], 2:[], 3:[], 4:[], 5:[], 6:[], 7:[], 8:[], 9:[], 10:[], 11:[], 12:[], 13:[], 14:[], 15:[], 16:[], 17:[], 18:[], 19:[], 20:[], 21:[], 22:[], 23:[], 24:[], 25:[], 26:[], 27:[], 28:[], 29:[], 30:[], 31:[], 32:[], 33:[], 34:[], 35:[], 36:[], 37:[], 38:[], 39:[], 40:[], 41:[], 42:[], 43:[], 44:[], 45:[], 46:[], 47:[], 48:[], 49:[], 50:[], 51:[], 52:[], 53:[], 54:[], 55:[], 56:[], 57:[], 58:[], 59:[], 60:[], 61:[], 62:[], 63:[], 64:[], 65:[], 66:[], 67:[], 68:[], 69:[], 70:[], 71:[], 72:[], 73:[], 74:[], 75:[], 76:[], 77:[], 78:[], 79:[], 80:[], 81:[], 82:[], 83:[], 84:[], 85:[], 86:[], 87:[], 88:[], 89:[], 90:[], 91:[], 92:[], 93:[], 94:[], 95:[], 96:[], 97:[], 98:[], 99:[], 100:[], 101:[], 102:[], 103:[], 104:[], 105:[], 106:[], 107:[], 108:[], 109:[], 110:[], 111:[], 112:[], 113:[], 114:[], 115:[], 116:[], 117:[], 118:[], 119:[], 120:[], 121:[], 122:[], 123:[], 124:[], 125:[], 126:[], 127:[], 128:[], 129:[], 130:[], 131:[], 132:[], 133:[], 134:[], 135:[], 136:[], 137:[], 138:[], 139:[], 140:[], 141:[], 142:[], 143:[], 144:[], 145:[], 146:[], 147:[], 148:[], 149:[], 150:[], 151:[], 152:[], 153:[], 154:[], 155:[], 156:[], 157:[], 158:[], 159:[], 160:[], 161:[], 162:[], 163:[], 164:[]",48765305944,56027226445
3947,2,25203.2173,21480558,320580102,2559432318,627.8902,false,164,true,true,true,true,true,false,false,"0:[0, 1, 2, 3, 4, 5, 6, 7, 8, 9, 10, 11, 12, 13, 14, 15, 16, 17, 18, 19, 20, 21, 22, 23, 24, 25, 26, 27, 28, 29, 30, 31, 32, 33, 34, 35, 36, 37, 38, 39, 40, 41, 42, 43, 44, 45, 46, 47, 48, 49, 50, 51, 52, 53, 54, 55, 56, 57, 58, 59, 60, 61, 62, 63, 64, 65, 66, 67, 68, 69, 70, 71, 72, 73, 74, 75, 76, 77, 78, 79, 80, 81, 82, 83, 84, 85, 86, 87, 88, 89, 90, 91, 92, 93, 94, 95, 96, 97, 98, 99, 100, 101, 102, 103, 104, 105, 106, 107, 108, 109, 110, 111, 112, 113, 114, 115, 116, 117, 118, 119, 120, 121, 122, 123, 124, 125, 126, 127, 128, 129, 130, 131, 132, 133, 134, 135, 136, 137, 138, 139, 140, 141, 142, 143, 144, 145, 146, 147, 148, 149, 150, 151, 152, 153, 154, 155, 156, 157, 158, 159, 160, 161, 162, 163], 1:[], 2:[], 3:[], 4:[], 5:[], 6:[], 7:[], 8:[], 9:[], 10:[], 11:[], 12:[], 13:[], 14:[], 15:[], 16:[], 17:[], 18:[], 19:[], 20:[], 21:[], 22:[], 23:[], 24:[], 25:[], 26:[], 27:[], 28:[], 29:[], 30:[], 31:[], 32:[], 33:[], 34:[], 35:[], 36:[], 37:[], 38:[], 39:[], 40:[], 41:[], 42:[], 43:[], 44:[], 45:[], 46:[], 47:[], 48:[], 49:[], 50:[], 51:[], 52:[], 53:[], 54:[], 55:[], 56:[], 57:[], 58:[], 59:[], 60:[], 61:[], 62:[], 63:[], 64:[], 65:[], 66:[], 67:[], 68:[], 69:[], 70:[], 71:[], 72:[], 73:[], 74:[], 75:[], 76:[], 77:[], 78:[], 79:[], 80:[], 81:[], 82:[], 83:[], 84:[], 85:[], 86:[], 87:[], 88:[], 89:[], 90:[], 91:[], 92:[], 93:[], 94:[], 95:[], 96:[], 97:[], 98:[], 99:[], 100:[], 101:[], 102:[], 103:[], 104:[], 105:[], 106:[], 107:[], 108:[], 109:[], 110:[], 111:[], 112:[], 113:[], 114:[], 115:[], 116:[], 117:[], 118:[], 119:[], 120:[], 121:[], 122:[], 123:[], 124:[], 125:[], 126:[], 127:[], 128:[], 129:[], 130:[], 131:[], 132:[], 133:[], 134:[], 135:[], 136:[], 137:[], 138:[], 139:[], 140:[], 141:[], 142:[], 143:[], 144:[], 145:[], 146:[], 147:[], 148:[], 149:[], 150:[], 151:[], 152:[], 153:[], 154:[], 155:[], 156:[], 157:[], 158:[], 159:[], 160:[], 161:[], 162:[], 163:[]",48844737760,56142672734
3967,3,28169.6930,21808084,325476470,2598550401,668.6410,false,166,true,true,true,true,true,false,false,"0:[0, 1, 2, 3, 4, 5, 6, 7, 8, 9, 10, 11, 12, 13, 14, 15, 16, 17, 18, 19, 20, 21, 22, 23, 24, 25, 26, 27, 28, 29, 30, 31, 32, 33, 34, 35, 36, 37, 38, 39, 40, 41, 42, 43, 44, 45, 46, 47, 48, 49, 50, 51, 52, 53, 54, 55, 56, 57, 58, 59, 60, 61, 62, 63, 64, 65, 66, 67, 68, 69, 70, 71, 72, 73, 74, 75, 76, 77, 78, 79, 80, 81, 82, 83, 84, 85, 86, 87, 88, 89, 90, 91, 92, 93, 94, 95, 96, 97, 98, 99, 100, 101, 102, 103, 104, 105, 106, 107, 108, 109, 110, 111, 112, 113, 114, 115, 116, 117, 118, 119, 120, 121, 122, 123, 124, 125, 126, 127, 128, 129, 130, 131, 132, 133, 134, 135, 136, 137, 138, 139, 140, 141, 142, 143, 144, 145, 146, 147, 148, 149, 150, 151, 152, 153, 154, 155, 156, 157, 158, 159, 160, 161, 162, 163, 164, 165], 1:[], 2:[], 3:[], 4:[], 5:[], 6:[], 7:[], 8:[], 9:[], 10:[], 11:[], 12:[], 13:[], 14:[], 15:[], 16:[], 17:[], 18:[], 19:[], 20:[], 21:[], 22:[], 23:[], 24:[], 25:[], 26:[], 27:[], 28:[], 29:[], 30:[], 31:[], 32:[], 33:[], 34:[], 35:[], 36:[], 37:[], 38:[], 39:[], 40:[], 41:[], 42:[], 43:[], 44:[], 45:[], 46:[], 47:[], 48:[], 49:[], 50:[], 51:[], 52:[], 53:[], 54:[], 55:[], 56:[], 57:[], 58:[], 59:[], 60:[], 61:[], 62:[], 63:[], 64:[], 65:[], 66:[], 67:[], 68:[], 69:[], 70:[], 71:[], 72:[], 73:[], 74:[], 75:[], 76:[], 77:[], 78:[], 79:[], 80:[], 81:[], 82:[], 83:[], 84:[], 85:[], 86:[], 87:[], 88:[], 89:[], 90:[], 91:[], 92:[], 93:[], 94:[], 95:[], 96:[], 97:[], 98:[], 99:[], 100:[], 101:[], 102:[], 103:[], 104:[], 105:[], 106:[], 107:[], 108:[], 109:[], 110:[], 111:[], 112:[], 113:[], 114:[], 115:[], 116:[], 117:[], 118:[], 119:[], 120:[], 121:[], 122:[], 123:[], 124:[], 125:[], 126:[], 127:[], 128:[], 129:[], 130:[], 131:[], 132:[], 133:[], 134:[], 135:[], 136:[], 137:[], 138:[], 139:[], 140:[], 141:[], 142:[], 143:[], 144:[], 145:[], 146:[], 147:[], 148:[], 149:[], 150:[], 151:[], 152:[], 153:[], 154:[], 155:[], 156:[], 157:[], 158:[], 159:[], 160:[], 161:[], 162:[], 163:[], 164:[], 165:[]",49244307824,56723407998
3989,2,23690.0443,22172190,330920758,2642050068,651.9028,false,166,true,true,true,true,true,false,false,"0:[0, 1, 2, 3, 4, 5, 6, 7, 8, 9, 10, 11, 12, 13, 14, 15, 16, 17, 18, 19, 20, 21, 22, 23, 24, 25, 26, 27, 28, 29, 30, 31, 32, 33, 34, 35, 36, 37, 38, 39, 40, 41, 42, 43, 44, 45, 46, 47, 48, 49, 50, 51, 52, 53, 54, 55, 56, 57, 58, 59, 60, 61, 62, 63, 64, 65, 66, 67, 68, 69, 70, 71, 72, 73, 74, 75, 76, 77, 78, 79, 80, 81, 82, 83, 84, 85, 86, 87, 88, 89, 90, 91, 92, 93, 94, 95, 96, 97, 98, 99, 100, 101, 102, 103, 104, 105, 106, 107, 108, 109, 110, 111, 112, 113, 114, 115, 116, 117, 118, 119, 120, 121, 122, 123, 124, 125, 126, 127, 128, 129, 130, 131, 132, 133, 134, 135, 136, 137, 138, 139, 140, 141, 142, 143, 144, 145, 146, 147, 148, 149, 150, 151, 152, 153, 154, 155, 156, 157, 158, 159, 160, 161, 162, 163, 164, 165], 1:[], 2:[], 3:[], 4:[], 5:[], 6:[], 7:[], 8:[], 9:[], 10:[], 11:[], 12:[], 13:[], 14:[], 15:[], 16:[], 17:[], 18:[], 19:[], 20:[], 21:[], 22:[], 23:[], 24:[], 25:[], 26:[], 27:[], 28:[], 29:[], 30:[], 31:[], 32:[], 33:[], 34:[], 35:[], 36:[], 37:[], 38:[], 39:[], 40:[], 41:[], 42:[], 43:[], 44:[], 45:[], 46:[], 47:[], 48:[], 49:[], 50:[], 51:[], 52:[], 53:[], 54:[], 55:[], 56:[], 57:[], 58:[], 59:[], 60:[], 61:[], 62:[], 63:[], 64:[], 65:[], 66:[], 67:[], 68:[], 69:[], 70:[], 71:[], 72:[], 73:[], 74:[], 75:[], 76:[], 77:[], 78:[], 79:[], 80:[], 81:[], 82:[], 83:[], 84:[], 85:[], 86:[], 87:[], 88:[], 89:[], 90:[], 91:[], 92:[], 93:[], 94:[], 95:[], 96:[], 97:[], 98:[], 99:[], 100:[], 101:[], 102:[], 103:[], 104:[], 105:[], 106:[], 107:[], 108:[], 109:[], 110:[], 111:[], 112:[], 113:[], 114:[], 115:[], 116:[], 117:[], 118:[], 119:[], 120:[], 121:[], 122:[], 123:[], 124:[], 125:[], 126:[], 127:[], 128:[], 129:[], 130:[], 131:[], 132:[], 133:[], 134:[], 135:[], 136:[], 137:[], 138:[], 139:[], 140:[], 141:[], 142:[], 143:[], 144:[], 145:[], 146:[], 147:[], 148:[], 149:[], 150:[], 151:[], 152:[], 153:[], 154:[], 155:[], 156:[], 157:[], 158:[], 159:[], 160:[], 161:[], 162:[], 163:[], 164:[], 165:[]",49688589408,57369158702
4001,3,30372.1918,22372489,333915279,2665974398,653.5458,false,167,true,true,true,true,true,false,false,"0:[0, 1, 2, 3, 4, 5, 6, 7, 8, 9, 10, 11, 12, 13, 14, 15, 16, 17, 18, 19, 20, 21, 22, 23, 24, 25, 26, 27, 28, 29, 30, 31, 32, 33, 34, 35, 36, 37, 38, 39, 40, 41, 42, 43, 44, 45, 46, 47, 48, 49, 50, 51, 52, 53, 54, 55, 56, 57, 58, 59, 60, 61, 62, 63, 64, 65, 66, 67, 68, 69, 70, 71, 72, 73, 74, 75, 76, 77, 78, 79, 80, 81, 82, 83, 84, 85, 86, 87, 88, 89, 90, 91, 92, 93, 94, 95, 96, 97, 98, 99, 100, 101, 102, 103, 104, 105, 106, 107, 108, 109, 110, 111, 112, 113, 114, 115, 116, 117, 118, 119, 120, 121, 122, 123, 124, 125, 126, 127, 128, 129, 130, 131, 132, 133, 134, 135, 136, 137, 138, 139, 140, 141, 142, 143, 144, 145, 146, 147, 148, 149, 150, 151, 152, 153, 154, 155, 156, 157, 158, 159, 160, 161, 162, 163, 164, 165, 166], 1:[], 2:[], 3:[], 4:[], 5:[], 6:[], 7:[], 8:[], 9:[], 10:[], 11:[], 12:[], 13:[], 14:[], 15:[], 16:[], 17:[], 18:[], 19:[], 20:[], 21:[], 22:[], 23:[], 24:[], 25:[], 26:[], 27:[], 28:[], 29:[], 30:[], 31:[], 32:[], 33:[], 34:[], 35:[], 36:[], 37:[], 38:[], 39:[], 40:[], 41:[], 42:[], 43:[], 44:[], 45:[], 46:[], 47:[], 48:[], 49:[], 50:[], 51:[], 52:[], 53:[], 54:[], 55:[], 56:[], 57:[], 58:[], 59:[], 60:[], 61:[], 62:[], 63:[], 64:[], 65:[], 66:[], 67:[], 68:[], 69:[], 70:[], 71:[], 72:[], 73:[], 74:[], 75:[], 76:[], 77:[], 78:[], 79:[], 80:[], 81:[], 82:[], 83:[], 84:[], 85:[], 86:[], 87:[], 88:[], 89:[], 90:[], 91:[], 92:[], 93:[], 94:[], 95:[], 96:[], 97:[], 98:[], 99:[], 100:[], 101:[], 102:[], 103:[], 104:[], 105:[], 106:[], 107:[], 108:[], 109:[], 110:[], 111:[], 112:[], 113:[], 114:[], 115:[], 116:[], 117:[], 118:[], 119:[], 120:[], 121:[], 122:[], 123:[], 124:[], 125:[], 126:[], 127:[], 128:[], 129:[], 130:[], 131:[], 132:[], 133:[], 134:[], 135:[], 136:[], 137:[], 138:[], 139:[], 140:[], 141:[], 142:[], 143:[], 144:[], 145:[], 146:[], 147:[], 148:[], 149:[], 150:[], 151:[], 152:[], 153:[], 154:[], 155:[], 156:[], 157:[], 158:[], 159:[], 160:[], 161:[], 162:[], 163:[], 164:[], 165:[], 166:[]",49932958264,57724324995
4003,2,23705.4672,22405989,334415134,2669964085,662.9909,false,166,true,true,true,true,true,false,false,"0:[0, 1, 2, 3, 4, 5, 6, 7, 8, 9, 10, 11, 12, 13, 14, 15, 16, 17, 18, 19, 20, 21, 22, 23, 24, 25, 26, 27, 28, 29, 30, 31, 32, 33, 34, 35, 36, 37, 38, 39, 40, 41, 42, 43, 44, 45, 46, 47, 48, 49, 50, 51, 52, 53, 54, 55, 56, 57, 58, 59, 60, 61, 62, 63, 64, 65, 66, 67, 68, 69, 70, 71, 72, 73, 74, 75, 76, 77, 78, 79, 80, 81, 82, 83, 84, 85, 86, 87, 88, 89, 90, 91, 92, 93, 94, 95, 96, 97, 98, 99, 100, 101, 102, 103, 104, 105, 106, 107, 108, 109, 110, 111, 112, 113, 114, 115, 116, 117, 118, 119, 120, 121, 122, 123, 124, 125, 126, 127, 128, 129, 130, 131, 132, 133, 134, 135, 136, 137, 138, 139, 140, 141, 142, 143, 144, 145, 146, 147, 148, 149, 150, 151, 152, 153, 154, 155, 156, 157, 158, 159, 160, 161, 162, 163, 164, 165], 1:[], 2:[], 3:[], 4:[], 5:[], 6:[], 7:[], 8:[], 9:[], 10:[], 11:[], 12:[], 13:[], 14:[], 15:[], 16:[], 17:[], 18:[], 19:[], 20:[], 21:[], 22:[], 23:[], 24:[], 25:[], 26:[], 27:[], 28:[], 29:[], 30:[], 31:[], 32:[], 33:[], 34:[], 35:[], 36:[], 37:[], 38:[], 39:[], 40:[], 41:[], 42:[], 43:[], 44:[], 45:[], 46:[], 47:[], 48:[], 49:[], 50:[], 51:[], 52:[], 53:[], 54:[], 55:[], 56:[], 57:[], 58:[], 59:[], 60:[], 61:[], 62:[], 63:[], 64:[], 65:[], 66:[], 67:[], 68:[], 69:[], 70:[], 71:[], 72:[], 73:[], 74:[], 75:[], 76:[], 77:[], 78:[], 79:[], 80:[], 81:[], 82:[], 83:[], 84:[], 85:[], 86:[], 87:[], 88:[], 89:[], 90:[], 91:[], 92:[], 93:[], 94:[], 95:[], 96:[], 97:[], 98:[], 99:[], 100:[], 101:[], 102:[], 103:[], 104:[], 105:[], 106:[], 107:[], 108:[], 109:[], 110:[], 111:[], 112:[], 113:[], 114:[], 115:[], 116:[], 117:[], 118:[], 119:[], 120:[], 121:[], 122:[], 123:[], 124:[], 125:[], 126:[], 127:[], 128:[], 129:[], 130:[], 131:[], 132:[], 133:[], 134:[], 135:[], 136:[], 137:[], 138:[], 139:[], 140:[], 141:[], 142:[], 143:[], 144:[], 145:[], 146:[], 147:[], 148:[], 149:[], 150:[], 151:[], 152:[], 153:[], 154:[], 155:[], 156:[], 157:[], 158:[], 159:[], 160:[], 161:[], 162:[], 163:[], 164:[], 165:[]",49973750664,57783580030
4007,5,28889.0034,22473090,335418260,2677978132,666.0639,false,167,true,true,true,true,true,false,false,"0:[0, 1, 2, 3, 4, 5, 6, 7, 8, 9, 10, 11, 12, 13, 14, 15, 16, 17, 18, 19, 20, 21, 22, 23, 24, 25, 26, 27, 28, 29, 30, 31, 32, 33, 34, 35, 36, 37, 38, 39, 40, 41, 42, 43, 44, 45, 46, 47, 48, 49, 50, 51, 52, 53, 54, 55, 56, 57, 58, 59, 60, 61, 62, 63, 64, 65, 66, 67, 68, 69, 70, 71, 72, 73, 74, 75, 76, 77, 78, 79, 80, 81, 82, 83, 84, 85, 86, 87, 88, 89, 90, 91, 92, 93, 94, 95, 96, 97, 98, 99, 100, 101, 102, 103, 104, 105, 106, 107, 108, 109, 110, 111, 112, 113, 114, 115, 116, 117, 118, 119, 120, 121, 122, 123, 124, 125, 126, 127, 128, 129, 130, 131, 132, 133, 134, 135, 136, 137, 138, 139, 140, 141, 142, 143, 144, 145, 146, 147, 148, 149, 150, 151, 152, 153, 154, 155, 156, 157, 158, 159, 160, 161, 162, 163, 164, 165, 166], 1:[], 2:[], 3:[], 4:[], 5:[], 6:[], 7:[], 8:[], 9:[], 10:[], 11:[], 12:[], 13:[], 14:[], 15:[], 16:[], 17:[], 18:[], 19:[], 20:[], 21:[], 22:[], 23:[], 24:[], 25:[], 26:[], 27:[], 28:[], 29:[], 30:[], 31:[], 32:[], 33:[], 34:[], 35:[], 36:[], 37:[], 38:[], 39:[], 40:[], 41:[], 42:[], 43:[], 44:[], 45:[], 46:[], 47:[], 48:[], 49:[], 50:[], 51:[], 52:[], 53:[], 54:[], 55:[], 56:[], 57:[], 58:[], 59:[], 60:[], 61:[], 62:[], 63:[], 64:[], 65:[], 66:[], 67:[], 68:[], 69:[], 70:[], 71:[], 72:[], 73:[], 74:[], 75:[], 76:[], 77:[], 78:[], 79:[], 80:[], 81:[], 82:[], 83:[], 84:[], 85:[], 86:[], 87:[], 88:[], 89:[], 90:[], 91:[], 92:[], 93:[], 94:[], 95:[], 96:[], 97:[], 98:[], 99:[], 100:[], 101:[], 102:[], 103:[], 104:[], 105:[], 106:[], 107:[], 108:[], 109:[], 110:[], 111:[], 112:[], 113:[], 114:[], 115:[], 116:[], 117:[], 118:[], 119:[], 120:[], 121:[], 122:[], 123:[], 124:[], 125:[], 126:[], 127:[], 128:[], 129:[], 130:[], 131:[], 132:[], 133:[], 134:[], 135:[], 136:[], 137:[], 138:[], 139:[], 140:[], 141:[], 142:[], 143:[], 144:[], 145:[], 146:[], 147:[], 148:[], 149:[], 150:[], 151:[], 152:[], 153:[], 154:[], 155:[], 156:[], 157:[], 158:[], 159:[], 160:[], 161:[], 162:[], 163:[], 164:[], 165:[], 166:[]",50055611168,57902555588
4013,2,23574.8072,22573992,336927808,2690042655,668.8577,false,168,true,true,true,true,true,false,false,"0:[0, 1, 2, 3, 4, 5, 6, 7, 8, 9, 10, 11, 12, 13, 14, 15, 16, 17, 18, 19, 20, 21, 22, 23, 24, 25, 26, 27, 28, 29, 30, 31, 32, 33, 34, 35, 36, 37, 38, 39, 40, 41, 42, 43, 44, 45, 46, 47, 48, 49, 50, 51, 52, 53, 54, 55, 56, 57, 58, 59, 60, 61, 62, 63, 64, 65, 66, 67, 68, 69, 70, 71, 72, 73, 74, 75, 76, 77, 78, 79, 80, 81, 82, 83, 84, 85, 86, 87, 88, 89, 90, 91, 92, 93, 94, 95, 96, 97, 98, 99, 100, 101, 102, 103, 104, 105, 106, 107, 108, 109, 110, 111, 112, 113, 114, 115, 116, 117, 118, 119, 120, 121, 122, 123, 124, 125, 126, 127, 128, 129, 130, 131, 132, 133, 134, 135, 136, 137, 138, 139, 140, 141, 142, 143, 144, 145, 146, 147, 148, 149, 150, 151, 152, 153, 154, 155, 156, 157, 158, 159, 160, 161, 162, 163, 164, 165, 166, 167], 1:[], 2:[], 3:[], 4:[], 5:[], 6:[], 7:[], 8:[], 9:[], 10:[], 11:[], 12:[], 13:[], 14:[], 15:[], 16:[], 17:[], 18:[], 19:[], 20:[], 21:[], 22:[], 23:[], 24:[], 25:[], 26:[], 27:[], 28:[], 29:[], 30:[], 31:[], 32:[], 33:[], 34:[], 35:[], 36:[], 37:[], 38:[], 39:[], 40:[], 41:[], 42:[], 43:[], 44:[], 45:[], 46:[], 47:[], 48:[], 49:[], 50:[], 51:[], 52:[], 53:[], 54:[], 55:[], 56:[], 57:[], 58:[], 59:[], 60:[], 61:[], 62:[], 63:[], 64:[], 65:[], 66:[], 67:[], 68:[], 69:[], 70:[], 71:[], 72:[], 73:[], 74:[], 75:[], 76:[], 77:[], 78:[], 79:[], 80:[], 81:[], 82:[], 83:[], 84:[], 85:[], 86:[], 87:[], 88:[], 89:[], 90:[], 91:[], 92:[], 93:[], 94:[], 95:[], 96:[], 97:[], 98:[], 99:[], 100:[], 101:[], 102:[], 103:[], 104:[], 105:[], 106:[], 107:[], 108:[], 109:[], 110:[], 111:[], 112:[], 113:[], 114:[], 115:[], 116:[], 117:[], 118:[], 119:[], 120:[], 121:[], 122:[], 123:[], 124:[], 125:[], 126:[], 127:[], 128:[], 129:[], 130:[], 131:[], 132:[], 133:[], 134:[], 135:[], 136:[], 137:[], 138:[], 139:[], 140:[], 141:[], 142:[], 143:[], 144:[], 145:[], 146:[], 147:[], 148:[], 149:[], 150:[], 151:[], 152:[], 153:[], 154:[], 155:[], 156:[], 157:[], 158:[], 159:[], 160:[], 161:[], 162:[], 163:[], 164:[], 165:[], 166:[], 167:[]",50178796656,58081627184
4019,2,26537.9620,22675196,338439817,2702118544,656.4925,false,168,true,true,true,true,true,false,false,"0:[0, 1, 2, 3, 4, 5, 6, 7, 8, 9, 10, 11, 12, 13, 14, 15, 16, 17, 18, 19, 20, 21, 22, 23, 24, 25, 26, 27, 28, 29, 30, 31, 32, 33, 34, 35, 36, 37, 38, 39, 40, 41, 42, 43, 44, 45, 46, 47, 48, 49, 50, 51, 52, 53, 54, 55, 56, 57, 58, 59, 60, 61, 62, 63, 64, 65, 66, 67, 68, 69, 70, 71, 72, 73, 74, 75, 76, 77, 78, 79, 80, 81, 82, 83, 84, 85, 86, 87, 88, 89, 90, 91, 92, 93, 94, 95, 96, 97, 98, 99, 100, 101, 102, 103, 104, 105, 106, 107, 108, 109, 110, 111, 112, 113, 114, 115, 116, 117, 118, 119, 120, 121, 122, 123, 124, 125, 126, 127, 128, 129, 130, 131, 132, 133, 134, 135, 136, 137, 138, 139, 140, 141, 142, 143, 144, 145, 146, 147, 148, 149, 150, 151, 152, 153, 154, 155, 156, 157, 158, 159, 160, 161, 162, 163, 164, 165, 166, 167], 1:[], 2:[], 3:[], 4:[], 5:[], 6:[], 7:[], 8:[], 9:[], 10:[], 11:[], 12:[], 13:[], 14:[], 15:[], 16:[], 17:[], 18:[], 19:[], 20:[], 21:[], 22:[], 23:[], 24:[], 25:[], 26:[], 27:[], 28:[], 29:[], 30:[], 31:[], 32:[], 33:[], 34:[], 35:[], 36:[], 37:[], 38:[], 39:[], 40:[], 41:[], 42:[], 43:[], 44:[], 45:[], 46:[], 47:[], 48:[], 49:[], 50:[], 51:[], 52:[], 53:[], 54:[], 55:[], 56:[], 57:[], 58:[], 59:[], 60:[], 61:[], 62:[], 63:[], 64:[], 65:[], 66:[], 67:[], 68:[], 69:[], 70:[], 71:[], 72:[], 73:[], 74:[], 75:[], 76:[], 77:[], 78:[], 79:[], 80:[], 81:[], 82:[], 83:[], 84:[], 85:[], 86:[], 87:[], 88:[], 89:[], 90:[], 91:[], 92:[], 93:[], 94:[], 95:[], 96:[], 97:[], 98:[], 99:[], 100:[], 101:[], 102:[], 103:[], 104:[], 105:[], 106:[], 107:[], 108:[], 109:[], 110:[], 111:[], 112:[], 113:[], 114:[], 115:[], 116:[], 117:[], 118:[], 119:[], 120:[], 121:[], 122:[], 123:[], 124:[], 125:[], 126:[], 127:[], 128:[], 129:[], 130:[], 131:[], 132:[], 133:[], 134:[], 135:[], 136:[], 137:[], 138:[], 139:[], 140:[], 141:[], 142:[], 143:[], 144:[], 145:[], 146:[], 147:[], 148:[], 149:[], 150:[], 151:[], 152:[], 153:[], 154:[], 155:[], 156:[], 157:[], 158:[], 159:[], 160:[], 161:[], 162:[], 163:[], 164:[], 165:[], 166:[], 167:[]",50302186272,58260928141
4021,2,24008.8531,22708997,338946184,2706168246,674.5496,false,167,true,true,true,true,true,false,false,"0:[0, 1, 2, 3, 4, 5, 6, 7, 8, 9, 10, 11, 12, 13, 14, 15, 16, 17, 18, 19, 20, 21, 22, 23, 24, 25, 26, 27, 28, 29, 30, 31, 32, 33, 34, 35, 36, 37, 38, 39, 40, 41, 42, 43, 44, 45, 46, 47, 48, 49, 50, 51, 52, 53, 54, 55, 56, 57, 58, 59, 60, 61, 62, 63, 64, 65, 66, 67, 68, 69, 70, 71, 72, 73, 74, 75, 76, 77, 78, 79, 80, 81, 82, 83, 84, 85, 86, 87, 88, 89, 90, 91, 92, 93, 94, 95, 96, 97, 98, 99, 100, 101, 102, 103, 104, 105, 106, 107, 108, 109, 110, 111, 112, 113, 114, 115, 116, 117, 118, 119, 120, 121, 122, 123, 124, 125, 126, 127, 128, 129, 130, 131, 132, 133, 134, 135, 136, 137, 138, 139, 140, 141, 142, 143, 144, 145, 146, 147, 148, 149, 150, 151, 152, 153, 154, 155, 156, 157, 158, 159, 160, 161, 162, 163, 164, 165, 166], 1:[], 2:[], 3:[], 4:[], 5:[], 6:[], 7:[], 8:[], 9:[], 10:[], 11:[], 12:[], 13:[], 14:[], 15:[], 16:[], 17:[], 18:[], 19:[], 20:[], 21:[], 22:[], 23:[], 24:[], 25:[], 26:[], 27:[], 28:[], 29:[], 30:[], 31:[], 32:[], 33:[], 34:[], 35:[], 36:[], 37:[], 38:[], 39:[], 40:[], 41:[], 42:[], 43:[], 44:[], 45:[], 46:[], 47:[], 48:[], 49:[], 50:[], 51:[], 52:[], 53:[], 54:[], 55:[], 56:[], 57:[], 58:[], 59:[], 60:[], 61:[], 62:[], 63:[], 64:[], 65:[], 66:[], 67:[], 68:[], 69:[], 70:[], 71:[], 72:[], 73:[], 74:[], 75:[], 76:[], 77:[], 78:[], 79:[], 80:[], 81:[], 82:[], 83:[], 84:[], 85:[], 86:[], 87:[], 88:[], 89:[], 90:[], 91:[], 92:[], 93:[], 94:[], 95:[], 96:[], 97:[], 98:[], 99:[], 100:[], 101:[], 102:[], 103:[], 104:[], 105:[], 106:[], 107:[], 108:[], 109:[], 110:[], 111:[], 112:[], 113:[], 114:[], 115:[], 116:[], 117:[], 118:[], 119:[], 120:[], 121:[], 122:[], 123:[], 124:[], 125:[], 126:[], 127:[], 128:[], 129:[], 130:[], 131:[], 132:[], 133:[], 134:[], 135:[], 136:[], 137:[], 138:[], 139:[], 140:[], 141:[], 142:[], 143:[], 144:[], 145:[], 146:[], 147:[], 148:[], 149:[], 150:[], 151:[], 152:[], 153:[], 154:[], 155:[], 156:[], 157:[], 158:[], 159:[], 160:[], 161:[], 162:[], 163:[], 164:[], 165:[], 166:[]",50343506856,58321016816
4027,2,26921.9490,22810603,340464247,2718292712,673.3958,false,167,true,true,true,true,true,false,false,"0:[0, 1, 2, 3, 4, 5, 6, 7, 8, 9, 10, 11, 12, 13, 14, 15, 16, 17, 18, 19, 20, 21, 22, 23, 24, 25, 26, 27, 28, 29, 30, 31, 32, 33, 34, 35, 36, 37, 38, 39, 40, 41, 42, 43, 44, 45, 46, 47, 48, 49, 50, 51, 52, 53, 54, 55, 56, 57, 58, 59, 60, 61, 62, 63, 64, 65, 66, 67, 68, 69, 70, 71, 72, 73, 74, 75, 76, 77, 78, 79, 80, 81, 82, 83, 84, 85, 86, 87, 88, 89, 90, 91, 92, 93, 94, 95, 96, 97, 98, 99, 100, 101, 102, 103, 104, 105, 106, 107, 108, 109, 110, 111, 112, 113, 114, 115, 116, 117, 118, 119, 120, 121, 122, 123, 124, 125, 126, 127, 128, 129, 130, 131, 132, 133, 134, 135, 136, 137, 138, 139, 140, 141, 142, 143, 144, 145, 146, 147, 148, 149, 150, 151, 152, 153, 154, 155, 156, 157, 158, 159, 160, 161, 162, 163, 164, 165, 166], 1:[], 2:[], 3:[], 4:[], 5:[], 6:[], 7:[], 8:[], 9:[], 10:[], 11:[], 12:[], 13:[], 14:[], 15:[], 16:[], 17:[], 18:[], 19:[], 20:[], 21:[], 22:[], 23:[], 24:[], 25:[], 26:[], 27:[], 28:[], 29:[], 30:[], 31:[], 32:[], 33:[], 34:[], 35:[], 36:[], 37:[], 38:[], 39:[], 40:[], 41:[], 42:[], 43:[], 44:[], 45:[], 46:[], 47:[], 48:[], 49:[], 50:[], 51:[], 52:[], 53:[], 54:[], 55:[], 56:[], 57:[], 58:[], 59:[], 60:[], 61:[], 62:[], 63:[], 64:[], 65:[], 66:[], 67:[], 68:[], 69:[], 70:[], 71:[], 72:[], 73:[], 74:[], 75:[], 76:[], 77:[], 78:[], 79:[], 80:[], 81:[], 82:[], 83:[], 84:[], 85:[], 86:[], 87:[], 88:[], 89:[], 90:[], 91:[], 92:[], 93:[], 94:[], 95:[], 96:[], 97:[], 98:[], 99:[], 100:[], 101:[], 102:[], 103:[], 104:[], 105:[], 106:[], 107:[], 108:[], 109:[], 110:[], 111:[], 112:[], 113:[], 114:[], 115:[], 116:[], 117:[], 118:[], 119:[], 120:[], 121:[], 122:[], 123:[], 124:[], 125:[], 126:[], 127:[], 128:[], 129:[], 130:[], 131:[], 132:[], 133:[], 134:[], 135:[], 136:[], 137:[], 138:[], 139:[], 140:[], 141:[], 142:[], 143:[], 144:[], 145:[], 146:[], 147:[], 148:[], 149:[], 150:[], 151:[], 152:[], 153:[], 154:[], 155:[], 156:[], 157:[], 158:[], 159:[], 160:[], 161:[], 162:[], 163:[], 164:[], 165:[], 166:[]",50467390440,58501036411
4049,3,27977.9346,23185753,346073897,2763114222,694.2208,false,169,true,true,true,true,true,false,false,"0:[0, 1, 2, 3, 4, 5, 6, 7, 8, 9, 10, 11, 12, 13, 14, 15, 16, 17, 18, 19, 20, 21, 22, 23, 24, 25, 26, 27, 28, 29, 30, 31, 32, 33, 34, 35, 36, 37, 38, 39, 40, 41, 42, 43, 44, 45, 46, 47, 48, 49, 50, 51, 52, 53, 54, 55, 56, 57, 58, 59, 60, 61, 62, 63, 64, 65, 66, 67, 68, 69, 70, 71, 72, 73, 74, 75, 76, 77, 78, 79, 80, 81, 82, 83, 84, 85, 86, 87, 88, 89, 90, 91, 92, 93, 94, 95, 96, 97, 98, 99, 100, 101, 102, 103, 104, 105, 106, 107, 108, 109, 110, 111, 112, 113, 114, 115, 116, 117, 118, 119, 120, 121, 122, 123, 124, 125, 126, 127, 128, 129, 130, 131, 132, 133, 134, 135, 136, 137, 138, 139, 140, 141, 142, 143, 144, 145, 146, 147, 148, 149, 150, 151, 152, 153, 154, 155, 156, 157, 158, 159, 160, 161, 162, 163, 164, 165, 166, 167, 168], 1:[], 2:[], 3:[], 4:[], 5:[], 6:[], 7:[], 8:[], 9:[], 10:[], 11:[], 12:[], 13:[], 14:[], 15:[], 16:[], 17:[], 18:[], 19:[], 20:[], 21:[], 22:[], 23:[], 24:[], 25:[], 26:[], 27:[], 28:[], 29:[], 30:[], 31:[], 32:[], 33:[], 34:[], 35:[], 36:[], 37:[], 38:[], 39:[], 40:[], 41:[], 42:[], 43:[], 44:[], 45:[], 46:[], 47:[], 48:[], 49:[], 50:[], 51:[], 52:[], 53:[], 54:[], 55:[], 56:[], 57:[], 58:[], 59:[], 60:[], 61:[], 62:[], 63:[], 64:[], 65:[], 66:[], 67:[], 68:[], 69:[], 70:[], 71:[], 72:[], 73:[], 74:[], 75:[], 76:[], 77:[], 78:[], 79:[], 80:[], 81:[], 82:[], 83:[], 84:[], 85:[], 86:[], 87:[], 88:[], 89:[], 90:[], 91:[], 92:[], 93:[], 94:[], 95:[], 96:[], 97:[], 98:[], 99:[], 100:[], 101:[], 102:[], 103:[], 104:[], 105:[], 106:[], 107:[], 108:[], 109:[], 110:[], 111:[], 112:[], 113:[], 114:[], 115:[], 116:[], 117:[], 118:[], 119:[], 120:[], 121:[], 122:[], 123:[], 124:[], 125:[], 126:[], 127:[], 128:[], 129:[], 130:[], 131:[], 132:[], 133:[], 134:[], 135:[], 136:[], 137:[], 138:[], 139:[], 140:[], 141:[], 142:[], 143:[], 144:[], 145:[], 146:[], 147:[], 148:[], 149:[], 150:[], 151:[], 152:[], 153:[], 154:[], 155:[], 156:[], 157:[], 158:[], 159:[], 160:[], 161:[], 162:[], 163:[], 164:[], 165:[], 166:[], 167:[], 168:[]",50925166040,59166399845
4051,2,24290.5752,23220059,346585845,2767200676,680.3073,false,169,true,true,true,true,true,false,false,"0:[0, 1, 2, 3, 4, 5, 6, 7, 8, 9, 10, 11, 12, 13, 14, 15, 16, 17, 18, 19, 20, 21, 22, 23, 24, 25, 26, 27, 28, 29, 30, 31, 32, 33, 34, 35, 36, 37, 38, 39, 40, 41, 42, 43, 44, 45, 46, 47, 48, 49, 50, 51, 52, 53, 54, 55, 56, 57, 58, 59, 60, 61, 62, 63, 64, 65, 66, 67, 68, 69, 70, 71, 72, 73, 74, 75, 76, 77, 78, 79, 80, 81, 82, 83, 84, 85, 86, 87, 88, 89, 90, 91, 92, 93, 94, 95, 96, 97, 98, 99, 100, 101, 102, 103, 104, 105, 106, 107, 108, 109, 110, 111, 112, 113, 114, 115, 116, 117, 118, 119, 120, 121, 122, 123, 124, 125, 126, 127, 128, 129, 130, 131, 132, 133, 134, 135, 136, 137, 138, 139, 140, 141, 142, 143, 144, 145, 146, 147, 148, 149, 150, 151, 152, 153, 154, 155, 156, 157, 158, 159, 160, 161, 162, 163, 164, 165, 166, 167, 168], 1:[], 2:[], 3:[], 4:[], 5:[], 6:[], 7:[], 8:[], 9:[], 10:[], 11:[], 12:[], 13:[], 14:[], 15:[], 16:[], 17:[], 18:[], 19:[], 20:[], 21:[], 22:[], 23:[], 24:[], 25:[], 26:[], 27:[], 28:[], 29:[], 30:[], 31:[], 32:[], 33:[], 34:[], 35:[], 36:[], 37:[], 38:[], 39:[], 40:[], 41:[], 42:[], 43:[], 44:[], 45:[], 46:[], 47:[], 48:[], 49:[], 50:[], 51:[], 52:[], 53:[], 54:[], 55:[], 56:[], 57:[], 58:[], 59:[], 60:[], 61:[], 62:[], 63:[], 64:[], 65:[], 66:[], 67:[], 68:[], 69:[], 70:[], 71:[], 72:[], 73:[], 74:[], 75:[], 76:[], 77:[], 78:[], 79:[], 80:[], 81:[], 82:[], 83:[], 84:[], 85:[], 86:[], 87:[], 88:[], 89:[], 90:[], 91:[], 92:[], 93:[], 94:[], 95:[], 96:[], 97:[], 98:[], 99:[], 100:[], 101:[], 102:[], 103:[], 104:[], 105:[], 106:[], 107:[], 108:[], 109:[], 110:[], 111:[], 112:[], 113:[], 114:[], 115:[], 116:[], 117:[], 118:[], 119:[], 120:[], 121:[], 122:[], 123:[], 124:[], 125:[], 126:[], 127:[], 128:[], 129:[], 130:[], 131:[], 132:[], 133:[], 134:[], 135:[], 136:[], 137:[], 138:[], 139:[], 140:[], 141:[], 142:[], 143:[], 144:[], 145:[], 146:[], 147:[], 148:[], 149:[], 150:[], 151:[], 152:[], 153:[], 154:[], 155:[], 156:[], 157:[], 158:[], 159:[], 160:[], 161:[], 162:[], 163:[], 164:[], 165:[], 166:[], 167:[], 168:[]",50966945224,59227089521
4057,5,32626.0359,23323183,348128606,2779530301,691.5364,false,169,true,true,true,true,true,false,false,"0:[0, 1, 2, 3, 4, 5, 6, 7, 8, 9, 10, 11, 12, 13, 14, 15, 16, 17, 18, 19, 20, 21, 22, 23, 24, 25, 26, 27, 28, 29, 30, 31, 32, 33, 34, 35, 36, 37, 38, 39, 40, 41, 42, 43, 44, 45, 46, 47, 48, 49, 50, 51, 52, 53, 54, 55, 56, 57, 58, 59, 60, 61, 62, 63, 64, 65, 66, 67, 68, 69, 70, 71, 72, 73, 74, 75, 76, 77, 78, 79, 80, 81, 82, 83, 84, 85, 86, 87, 88, 89, 90, 91, 92, 93, 94, 95, 96, 97, 98, 99, 100, 101, 102, 103, 104, 105, 106, 107, 108, 109, 110, 111, 112, 113, 114, 115, 116, 117, 118, 119, 120, 121, 122, 123, 124, 125, 126, 127, 128, 129, 130, 131, 132, 133, 134, 135, 136, 137, 138, 139, 140, 141, 142, 143, 144, 145, 146, 147, 148, 149, 150, 151, 152, 153, 154, 155, 156, 157, 158, 159, 160, 161, 162, 163, 164, 165, 166, 167, 168], 1:[], 2:[], 3:[], 4:[], 5:[], 6:[], 7:[], 8:[], 9:[], 10:[], 11:[], 12:[], 13:[], 14:[], 15:[], 16:[], 17:[], 18:[], 19:[], 20:[], 21:[], 22:[], 23:[], 24:[], 25:[], 26:[], 27:[], 28:[], 29:[], 30:[], 31:[], 32:[], 33:[], 34:[], 35:[], 36:[], 37:[], 38:[], 39:[], 40:[], 41:[], 42:[], 43:[], 44:[], 45:[], 46:[], 47:[], 48:[], 49:[], 50:[], 51:[], 52:[], 53:[], 54:[], 55:[], 56:[], 57:[], 58:[], 59:[], 60:[], 61:[], 62:[], 63:[], 64:[], 65:[], 66:[], 67:[], 68:[], 69:[], 70:[], 71:[], 72:[], 73:[], 74:[], 75:[], 76:[], 77:[], 78:[], 79:[], 80:[], 81:[], 82:[], 83:[], 84:[], 85:[], 86:[], 87:[], 88:[], 89:[], 90:[], 91:[], 92:[], 93:[], 94:[], 95:[], 96:[], 97:[], 98:[], 99:[], 100:[], 101:[], 102:[], 103:[], 104:[], 105:[], 106:[], 107:[], 108:[], 109:[], 110:[], 111:[], 112:[], 113:[], 114:[], 115:[], 116:[], 117:[], 118:[], 119:[], 120:[], 121:[], 122:[], 123:[], 124:[], 125:[], 126:[], 127:[], 128:[], 129:[], 130:[], 131:[], 132:[], 133:[], 134:[], 135:[], 136:[], 137:[], 138:[], 139:[], 140:[], 141:[], 142:[], 143:[], 144:[], 145:[], 146:[], 147:[], 148:[], 149:[], 150:[], 151:[], 152:[], 153:[], 154:[], 155:[], 156:[], 157:[], 158:[], 159:[], 160:[], 161:[], 162:[], 163:[], 164:[], 165:[], 166:[], 167:[], 168:[]",51092841080,59410099438
4073,3,31917.6687,23599672,352262401,2812557505,698.9495,false,169,true,true,true,true,true,false,false,"0:[0, 1, 2, 3, 4, 5, 6, 7, 8, 9, 10, 11, 12, 13, 14, 15, 16, 17, 18, 19, 20, 21, 22, 23, 24, 25, 26, 27, 28, 29, 30, 31, 32, 33, 34, 35, 36, 37, 38, 39, 40, 41, 42, 43, 44, 45, 46, 47, 48, 49, 50, 51, 52, 53, 54, 55, 56, 57, 58, 59, 60, 61, 62, 63, 64, 65, 66, 67, 68, 69, 70, 71, 72, 73, 74, 75, 76, 77, 78, 79, 80, 81, 82, 83, 84, 85, 86, 87, 88, 89, 90, 91, 92, 93, 94, 95, 96, 97, 98, 99, 100, 101, 102, 103, 104, 105, 106, 107, 108, 109, 110, 111, 112, 113, 114, 115, 116, 117, 118, 119, 120, 121, 122, 123, 124, 125, 126, 127, 128, 129, 130, 131, 132, 133, 134, 135, 136, 137, 138, 139, 140, 141, 142, 143, 144, 145, 146, 147, 148, 149, 150, 151, 152, 153, 154, 155, 156, 157, 158, 159, 160, 161, 162, 163, 164, 165, 166, 167, 168], 1:[], 2:[], 3:[], 4:[], 5:[], 6:[], 7:[], 8:[], 9:[], 10:[], 11:[], 12:[], 13:[], 14:[], 15:[], 16:[], 17:[], 18:[], 19:[], 20:[], 21:[], 22:[], 23:[], 24:[], 25:[], 26:[], 27:[], 28:[], 29:[], 30:[], 31:[], 32:[], 33:[], 34:[], 35:[], 36:[], 37:[], 38:[], 39:[], 40:[], 41:[], 42:[], 43:[], 44:[], 45:[], 46:[], 47:[], 48:[], 49:[], 50:[], 51:[], 52:[], 53:[], 54:[], 55:[], 56:[], 57:[], 58:[], 59:[], 60:[], 61:[], 62:[], 63:[], 64:[], 65:[], 66:[], 67:[], 68:[], 69:[], 70:[], 71:[], 72:[], 73:[], 74:[], 75:[], 76:[], 77:[], 78:[], 79:[], 80:[], 81:[], 82:[], 83:[], 84:[], 85:[], 86:[], 87:[], 88:[], 89:[], 90:[], 91:[], 92:[], 93:[], 94:[], 95:[], 96:[], 97:[], 98:[], 99:[], 100:[], 101:[], 102:[], 103:[], 104:[], 105:[], 106:[], 107:[], 108:[], 109:[], 110:[], 111:[], 112:[], 113:[], 114:[], 115:[], 116:[], 117:[], 118:[], 119:[], 120:[], 121:[], 122:[], 123:[], 124:[], 125:[], 126:[], 127:[], 128:[], 129:[], 130:[], 131:[], 132:[], 133:[], 134:[], 135:[], 136:[], 137:[], 138:[], 139:[], 140:[], 141:[], 142:[], 143:[], 144:[], 145:[], 146:[], 147:[], 148:[], 149:[], 150:[], 151:[], 152:[], 153:[], 154:[], 155:[], 156:[], 157:[], 158:[], 159:[], 160:[], 161:[], 162:[], 163:[], 164:[], 165:[], 166:[], 167:[], 168:[]",51430180416,59900388901
4079,11,31453.7940,23703917,353819891,2824996711,706.2893,false,169,true,true,true,true,true,false,false,"0:[0, 1, 2, 3, 4, 5, 6, 7, 8, 9, 10, 11, 12, 13, 14, 15, 16, 17, 18, 19, 20, 21, 22, 23, 24, 25, 26, 27, 28, 29, 30, 31, 32, 33, 34, 35, 36, 37, 38, 39, 40, 41, 42, 43, 44, 45, 46, 47, 48, 49, 50, 51, 52, 53, 54, 55, 56, 57, 58, 59, 60, 61, 62, 63, 64, 65, 66, 67, 68, 69, 70, 71, 72, 73, 74, 75, 76, 77, 78, 79, 80, 81, 82, 83, 84, 85, 86, 87, 88, 89, 90, 91, 92, 93, 94, 95, 96, 97, 98, 99, 100, 101, 102, 103, 104, 105, 106, 107, 108, 109, 110, 111, 112, 113, 114, 115, 116, 117, 118, 119, 120, 121, 122, 123, 124, 125, 126, 127, 128, 129, 130, 131, 132, 133, 134, 135, 136, 137, 138, 139, 140, 141, 142, 143, 144, 145, 146, 147, 148, 149, 150, 151, 152, 153, 154, 155, 156, 157, 158, 159, 160, 161, 162, 163, 164, 165, 166, 167, 168], 1:[], 2:[], 3:[], 4:[], 5:[], 6:[], 7:[], 8:[], 9:[], 10:[], 11:[], 12:[], 13:[], 14:[], 15:[], 16:[], 17:[], 18:[], 19:[], 20:[], 21:[], 22:[], 23:[], 24:[], 25:[], 26:[], 27:[], 28:[], 29:[], 30:[], 31:[], 32:[], 33:[], 34:[], 35:[], 36:[], 37:[], 38:[], 39:[], 40:[], 41:[], 42:[], 43:[], 44:[], 45:[], 46:[], 47:[], 48:[], 49:[], 50:[], 51:[], 52:[], 53:[], 54:[], 55:[], 56:[], 57:[], 58:[], 59:[], 60:[], 61:[], 62:[], 63:[], 64:[], 65:[], 66:[], 67:[], 68:[], 69:[], 70:[], 71:[], 72:[], 73:[], 74:[], 75:[], 76:[], 77:[], 78:[], 79:[], 80:[], 81:[], 82:[], 83:[], 84:[], 85:[], 86:[], 87:[], 88:[], 89:[], 90:[], 91:[], 92:[], 93:[], 94:[], 95:[], 96:[], 97:[], 98:[], 99:[], 100:[], 101:[], 102:[], 103:[], 104:[], 105:[], 106:[], 107:[], 108:[], 109:[], 110:[], 111:[], 112:[], 113:[], 114:[], 115:[], 116:[], 117:[], 118:[], 119:[], 120:[], 121:[], 122:[], 123:[], 124:[], 125:[], 126:[], 127:[], 128:[], 129:[], 130:[], 131:[], 132:[], 133:[], 134:[], 135:[], 136:[], 137:[], 138:[], 139:[], 140:[], 141:[], 142:[], 143:[], 144:[], 145:[], 146:[], 147:[], 148:[], 149:[], 150:[], 151:[], 152:[], 153:[], 154:[], 155:[], 156:[], 157:[], 158:[], 159:[], 160:[], 161:[], 162:[], 163:[], 164:[], 165:[], 166:[], 167:[], 168:[]",51557281496,60085083415
4091,2,25299.2687,23913324,356950793,2850011274,706.5188,false,171,true,true,true,true,true,false,false,"0:[0, 1, 2, 3, 4, 5, 6, 7, 8, 9, 10, 11, 12, 13, 14, 15, 16, 17, 18, 19, 20, 21, 22, 23, 24, 25, 26, 27, 28, 29, 30, 31, 32, 33, 34, 35, 36, 37, 38, 39, 40, 41, 42, 43, 44, 45, 46, 47, 48, 49, 50, 51, 52, 53, 54, 55, 56, 57, 58, 59, 60, 61, 62, 63, 64, 65, 66, 67, 68, 69, 70, 71, 72, 73, 74, 75, 76, 77, 78, 79, 80, 81, 82, 83, 84, 85, 86, 87, 88, 89, 90, 91, 92, 93, 94, 95, 96, 97, 98, 99, 100, 101, 102, 103, 104, 105, 106, 107, 108, 109, 110, 111, 112, 113, 114, 115, 116, 117, 118, 119, 120, 121, 122, 123, 124, 125, 126, 127, 128, 129, 130, 131, 132, 133, 134, 135, 136, 137, 138, 139, 140, 141, 142, 143, 144, 145, 146, 147, 148, 149, 150, 151, 152, 153, 154, 155, 156, 157, 158, 159, 160, 161, 162, 163, 164, 165, 166, 167, 168, 169, 170], 1:[], 2:[], 3:[], 4:[], 5:[], 6:[], 7:[], 8:[], 9:[], 10:[], 11:[], 12:[], 13:[], 14:[], 15:[], 16:[], 17:[], 18:[], 19:[], 20:[], 21:[], 22:[], 23:[], 24:[], 25:[], 26:[], 27:[], 28:[], 29:[], 30:[], 31:[], 32:[], 33:[], 34:[], 35:[], 36:[], 37:[], 38:[], 39:[], 40:[], 41:[], 42:[], 43:[], 44:[], 45:[], 46:[], 47:[], 48:[], 49:[], 50:[], 51:[], 52:[], 53:[], 54:[], 55:[], 56:[], 57:[], 58:[], 59:[], 60:[], 61:[], 62:[], 63:[], 64:[], 65:[], 66:[], 67:[], 68:[], 69:[], 70:[], 71:[], 72:[], 73:[], 74:[], 75:[], 76:[], 77:[], 78:[], 79:[], 80:[], 81:[], 82:[], 83:[], 84:[], 85:[], 86:[], 87:[], 88:[], 89:[], 90:[], 91:[], 92:[], 93:[], 94:[], 95:[], 96:[], 97:[], 98:[], 99:[], 100:[], 101:[], 102:[], 103:[], 104:[], 105:[], 106:[], 107:[], 108:[], 109:[], 110:[], 111:[], 112:[], 113:[], 114:[], 115:[], 116:[], 117:[], 118:[], 119:[], 120:[], 121:[], 122:[], 123:[], 124:[], 125:[], 126:[], 127:[], 128:[], 129:[], 130:[], 131:[], 132:[], 133:[], 134:[], 135:[], 136:[], 137:[], 138:[], 139:[], 140:[], 141:[], 142:[], 143:[], 144:[], 145:[], 146:[], 147:[], 148:[], 149:[], 150:[], 151:[], 152:[], 153:[], 154:[], 155:[], 156:[], 157:[], 158:[], 159:[], 160:[], 161:[], 162:[], 163:[], 164:[], 165:[], 166:[], 167:[], 168:[], 169:[], 170:[]",51812779424,60456424717
4093,2,28926.5348,23948345,357475460,2854207500,699.6093,false,171,true,true,true,true,true,false,false,"0:[0, 1, 2, 3, 4, 5, 6, 7, 8, 9, 10, 11, 12, 13, 14, 15, 16, 17, 18, 19, 20, 21, 22, 23, 24, 25, 26, 27, 28, 29, 30, 31, 32, 33, 34, 35, 36, 37, 38, 39, 40, 41, 42, 43, 44, 45, 46, 47, 48, 49, 50, 51, 52, 53, 54, 55, 56, 57, 58, 59, 60, 61, 62, 63, 64, 65, 66, 67, 68, 69, 70, 71, 72, 73, 74, 75, 76, 77, 78, 79, 80, 81, 82, 83, 84, 85, 86, 87, 88, 89, 90, 91, 92, 93, 94, 95, 96, 97, 98, 99, 100, 101, 102, 103, 104, 105, 106, 107, 108, 109, 110, 111, 112, 113, 114, 115, 116, 117, 118, 119, 120, 121, 122, 123, 124, 125, 126, 127, 128, 129, 130, 131, 132, 133, 134, 135, 136, 137, 138, 139, 140, 141, 142, 143, 144, 145, 146, 147, 148, 149, 150, 151, 152, 153, 154, 155, 156, 157, 158, 159, 160, 161, 162, 163, 164, 165, 166, 167, 168, 169, 170], 1:[], 2:[], 3:[], 4:[], 5:[], 6:[], 7:[], 8:[], 9:[], 10:[], 11:[], 12:[], 13:[], 14:[], 15:[], 16:[], 17:[], 18:[], 19:[], 20:[], 21:[], 22:[], 23:[], 24:[], 25:[], 26:[], 27:[], 28:[], 29:[], 30:[], 31:[], 32:[], 33:[], 34:[], 35:[], 36:[], 37:[], 38:[], 39:[], 40:[], 41:[], 42:[], 43:[], 44:[], 45:[], 46:[], 47:[], 48:[], 49:[], 50:[], 51:[], 52:[], 53:[], 54:[], 55:[], 56:[], 57:[], 58:[], 59:[], 60:[], 61:[], 62:[], 63:[], 64:[], 65:[], 66:[], 67:[], 68:[], 69:[], 70:[], 71:[], 72:[], 73:[], 74:[], 75:[], 76:[], 77:[], 78:[], 79:[], 80:[], 81:[], 82:[], 83:[], 84:[], 85:[], 86:[], 87:[], 88:[], 89:[], 90:[], 91:[], 92:[], 93:[], 94:[], 95:[], 96:[], 97:[], 98:[], 99:[], 100:[], 101:[], 102:[], 103:[], 104:[], 105:[], 106:[], 107:[], 108:[], 109:[], 110:[], 111:[], 112:[], 113:[], 114:[], 115:[], 116:[], 117:[], 118:[], 119:[], 120:[], 121:[], 122:[], 123:[], 124:[], 125:[], 126:[], 127:[], 128:[], 129:[], 130:[], 131:[], 132:[], 133:[], 134:[], 135:[], 136:[], 137:[], 138:[], 139:[], 140:[], 141:[], 142:[], 143:[], 144:[], 145:[], 146:[], 147:[], 148:[], 149:[], 150:[], 151:[], 152:[], 153:[], 154:[], 155:[], 156:[], 157:[], 158:[], 159:[], 160:[], 161:[], 162:[], 163:[], 164:[], 165:[], 166:[], 167:[], 168:[], 169:[], 170:[]",51855593288,60518684636
4099,2,23760.6593,24053613,359048319,2866769790,729.6236,false,171,true,true,true,true,true,false,false,"0:[0, 1, 2, 3, 4, 5, 6, 7, 8, 9, 10, 11, 12, 13, 14, 15, 16, 17, 18, 19, 20, 21, 22, 23, 24, 25, 26, 27, 28, 29, 30, 31, 32, 33, 34, 35, 36, 37, 38, 39, 40, 41, 42, 43, 44, 45, 46, 47, 48, 49, 50, 51, 52, 53, 54, 55, 56, 57, 58, 59, 60, 61, 62, 63, 64, 65, 66, 67, 68, 69, 70, 71, 72, 73, 74, 75, 76, 77, 78, 79, 80, 81, 82, 83, 84, 85, 86, 87, 88, 89, 90, 91, 92, 93, 94, 95, 96, 97, 98, 99, 100, 101, 102, 103, 104, 105, 106, 107, 108, 109, 110, 111, 112, 113, 114, 115, 116, 117, 118, 119, 120, 121, 122, 123, 124, 125, 126, 127, 128, 129, 130, 131, 132, 133, 134, 135, 136, 137, 138, 139, 140, 141, 142, 143, 144, 145, 146, 147, 148, 149, 150, 151, 152, 153, 154, 155, 156, 157, 158, 159, 160, 161, 162, 163, 164, 165, 166, 167, 168, 169, 170], 1:[], 2:[], 3:[], 4:[], 5:[], 6:[], 7:[], 8:[], 9:[], 10:[], 11:[], 12:[], 13:[], 14:[], 15:[], 16:[], 17:[], 18:[], 19:[], 20:[], 21:[], 22:[], 23:[], 24:[], 25:[], 26:[], 27:[], 28:[], 29:[], 30:[], 31:[], 32:[], 33:[], 34:[], 35:[], 36:[], 37:[], 38:[], 39:[], 40:[], 41:[], 42:[], 43:[], 44:[], 45:[], 46:[], 47:[], 48:[], 49:[], 50:[], 51:[], 52:[], 53:[], 54:[], 55:[], 56:[], 57:[], 58:[], 59:[], 60:[], 61:[], 62:[], 63:[], 64:[], 65:[], 66:[], 67:[], 68:[], 69:[], 70:[], 71:[], 72:[], 73:[], 74:[], 75:[], 76:[], 77:[], 78:[], 79:[], 80:[], 81:[], 82:[], 83:[], 84:[], 85:[], 86:[], 87:[], 88:[], 89:[], 90:[], 91:[], 92:[], 93:[], 94:[], 95:[], 96:[], 97:[], 98:[], 99:[], 100:[], 101:[], 102:[], 103:[], 104:[], 105:[], 106:[], 107:[], 108:[], 109:[], 110:[], 111:[], 112:[], 113:[], 114:[], 115:[], 116:[], 117:[], 118:[], 119:[], 120:[], 121:[], 122:[], 123:[], 124:[], 125:[], 126:[], 127:[], 128:[], 129:[], 130:[], 131:[], 132:[], 133:[], 134:[], 135:[], 136:[], 137:[], 138:[], 139:[], 140:[], 141:[], 142:[], 143:[], 144:[], 145:[], 146:[], 147:[], 148:[], 149:[], 150:[], 151:[], 152:[], 153:[], 154:[], 155:[], 156:[], 157:[], 158:[], 159:[], 160:[], 161:[], 162:[], 163:[], 164:[], 165:[], 166:[], 167:[], 168:[], 169:[], 170:[]",51983948440,60705202419
4111,3,26378.4851,24265072,362209936,2892029874,716.0132,false,171,true,true,true,true,true,false,false,"0:[0, 1, 2, 3, 4, 5, 6, 7, 8, 9, 10, 11, 12, 13, 14, 15, 16, 17, 18, 19, 20, 21, 22, 23, 24, 25, 26, 27, 28, 29, 30, 31, 32, 33, 34, 35, 36, 37, 38, 39, 40, 41, 42, 43, 44, 45, 46, 47, 48, 49, 50, 51, 52, 53, 54, 55, 56, 57, 58, 59, 60, 61, 62, 63, 64, 65, 66, 67, 68, 69, 70, 71, 72, 73, 74, 75, 76, 77, 78, 79, 80, 81, 82, 83, 84, 85, 86, 87, 88, 89, 90, 91, 92, 93, 94, 95, 96, 97, 98, 99, 100, 101, 102, 103, 104, 105, 106, 107, 108, 109, 110, 111, 112, 113, 114, 115, 116, 117, 118, 119, 120, 121, 122, 123, 124, 125, 126, 127, 128, 129, 130, 131, 132, 133, 134, 135, 136, 137, 138, 139, 140, 141, 142, 143, 144, 145, 146, 147, 148, 149, 150, 151, 152, 153, 154, 155, 156, 157, 158, 159, 160, 161, 162, 163, 164, 165, 166, 167, 168, 169, 170], 1:[], 2:[], 3:[], 4:[], 5:[], 6:[], 7:[], 8:[], 9:[], 10:[], 11:[], 12:[], 13:[], 14:[], 15:[], 16:[], 17:[], 18:[], 19:[], 20:[], 21:[], 22:[], 23:[], 24:[], 25:[], 26:[], 27:[], 28:[], 29:[], 30:[], 31:[], 32:[], 33:[], 34:[], 35:[], 36:[], 37:[], 38:[], 39:[], 40:[], 41:[], 42:[], 43:[], 44:[], 45:[], 46:[], 47:[], 48:[], 49:[], 50:[], 51:[], 52:[], 53:[], 54:[], 55:[], 56:[], 57:[], 58:[], 59:[], 60:[], 61:[], 62:[], 63:[], 64:[], 65:[], 66:[], 67:[], 68:[], 69:[], 70:[], 71:[], 72:[], 73:[], 74:[], 75:[], 76:[], 77:[], 78:[], 79:[], 80:[], 81:[], 82:[], 83:[], 84:[], 85:[], 86:[], 87:[], 88:[], 89:[], 90:[], 91:[], 92:[], 93:[], 94:[], 95:[], 96:[], 97:[], 98:[], 99:[], 100:[], 101:[], 102:[], 103:[], 104:[], 105:[], 106:[], 107:[], 108:[], 109:[], 110:[], 111:[], 112:[], 113:[], 114:[], 115:[], 116:[], 117:[], 118:[], 119:[], 120:[], 121:[], 122:[], 123:[], 124:[], 125:[], 126:[], 127:[], 128:[], 129:[], 130:[], 131:[], 132:[], 133:[], 134:[], 135:[], 136:[], 137:[], 138:[], 139:[], 140:[], 141:[], 142:[], 143:[], 144:[], 145:[], 146:[], 147:[], 148:[], 149:[], 150:[], 151:[], 152:[], 153:[], 154:[], 155:[], 156:[], 157:[], 158:[], 159:[], 160:[], 161:[], 162:[], 163:[], 164:[], 165:[], 166:[], 167:[], 168:[], 169:[], 170:[]",52241952816,61080186496
4127,5,26718.0634,24548941,366454173,2925939480,728.2979,false,172,true,true,true,true,true,false,false,"0:[0, 1, 2, 3, 4, 5, 6, 7, 8, 9, 10, 11, 12, 13, 14, 15, 16, 17, 18, 19, 20, 21, 22, 23, 24, 25, 26, 27, 28, 29, 30, 31, 32, 33, 34, 35, 36, 37, 38, 39, 40, 41, 42, 43, 44, 45, 46, 47, 48, 49, 50, 51, 52, 53, 54, 55, 56, 57, 58, 59, 60, 61, 62, 63, 64, 65, 66, 67, 68, 69, 70, 71, 72, 73, 74, 75, 76, 77, 78, 79, 80, 81, 82, 83, 84, 85, 86, 87, 88, 89, 90, 91, 92, 93, 94, 95, 96, 97, 98, 99, 100, 101, 102, 103, 104, 105, 106, 107, 108, 109, 110, 111, 112, 113, 114, 115, 116, 117, 118, 119, 120, 121, 122, 123, 124, 125, 126, 127, 128, 129, 130, 131, 132, 133, 134, 135, 136, 137, 138, 139, 140, 141, 142, 143, 144, 145, 146, 147, 148, 149, 150, 151, 152, 153, 154, 155, 156, 157, 158, 159, 160, 161, 162, 163, 164, 165, 166, 167, 168, 169, 170, 171], 1:[], 2:[], 3:[], 4:[], 5:[], 6:[], 7:[], 8:[], 9:[], 10:[], 11:[], 12:[], 13:[], 14:[], 15:[], 16:[], 17:[], 18:[], 19:[], 20:[], 21:[], 22:[], 23:[], 24:[], 25:[], 26:[], 27:[], 28:[], 29:[], 30:[], 31:[], 32:[], 33:[], 34:[], 35:[], 36:[], 37:[], 38:[], 39:[], 40:[], 41:[], 42:[], 43:[], 44:[], 45:[], 46:[], 47:[], 48:[], 49:[], 50:[], 51:[], 52:[], 53:[], 54:[], 55:[], 56:[], 57:[], 58:[], 59:[], 60:[], 61:[], 62:[], 63:[], 64:[], 65:[], 66:[], 67:[], 68:[], 69:[], 70:[], 71:[], 72:[], 73:[], 74:[], 75:[], 76:[], 77:[], 78:[], 79:[], 80:[], 81:[], 82:[], 83:[], 84:[], 85:[], 86:[], 87:[], 88:[], 89:[], 90:[], 91:[], 92:[], 93:[], 94:[], 95:[], 96:[], 97:[], 98:[], 99:[], 100:[], 101:[], 102:[], 103:[], 104:[], 105:[], 106:[], 107:[], 108:[], 109:[], 110:[], 111:[], 112:[], 113:[], 114:[], 115:[], 116:[], 117:[], 118:[], 119:[], 120:[], 121:[], 122:[], 123:[], 124:[], 125:[], 126:[], 127:[], 128:[], 129:[], 130:[], 131:[], 132:[], 133:[], 134:[], 135:[], 136:[], 137:[], 138:[], 139:[], 140:[], 141:[], 142:[], 143:[], 144:[], 145:[], 146:[], 147:[], 148:[], 149:[], 150:[], 151:[], 152:[], 153:[], 154:[], 155:[], 156:[], 157:[], 158:[], 159:[], 160:[], 161:[], 162:[], 163:[], 164:[], 165:[], 166:[], 167:[], 168:[], 169:[], 170:[], 171:[]",52588304632,61583573897
4129,7,30679.5351,24584580,366988073,2930209361,765.6817,false,173,true,true,true,true,true,false,false,"0:[0, 1, 2, 3, 4, 5, 6, 7, 8, 9, 10, 11, 12, 13, 14, 15, 16, 17, 18, 19, 20, 21, 22, 23, 24, 25, 26, 27, 28, 29, 30, 31, 32, 33, 34, 35, 36, 37, 38, 39, 40, 41, 42, 43, 44, 45, 46, 47, 48, 49, 50, 51, 52, 53, 54, 55, 56, 57, 58, 59, 60, 61, 62, 63, 64, 65, 66, 67, 68, 69, 70, 71, 72, 73, 74, 75, 76, 77, 78, 79, 80, 81, 82, 83, 84, 85, 86, 87, 88, 89, 90, 91, 92, 93, 94, 95, 96, 97, 98, 99, 100, 101, 102, 103, 104, 105, 106, 107, 108, 109, 110, 111, 112, 113, 114, 115, 116, 117, 118, 119, 120, 121, 122, 123, 124, 125, 126, 127, 128, 129, 130, 131, 132, 133, 134, 135, 136, 137, 138, 139, 140, 141, 142, 143, 144, 145, 146, 147, 148, 149, 150, 151, 152, 153, 154, 155, 156, 157, 158, 159, 160, 161, 162, 163, 164, 165, 166, 167, 168, 169, 170, 171, 172], 1:[], 2:[], 3:[], 4:[], 5:[], 6:[], 7:[], 8:[], 9:[], 10:[], 11:[], 12:[], 13:[], 14:[], 15:[], 16:[], 17:[], 18:[], 19:[], 20:[], 21:[], 22:[], 23:[], 24:[], 25:[], 26:[], 27:[], 28:[], 29:[], 30:[], 31:[], 32:[], 33:[], 34:[], 35:[], 36:[], 37:[], 38:[], 39:[], 40:[], 41:[], 42:[], 43:[], 44:[], 45:[], 46:[], 47:[], 48:[], 49:[], 50:[], 51:[], 52:[], 53:[], 54:[], 55:[], 56:[], 57:[], 58:[], 59:[], 60:[], 61:[], 62:[], 63:[], 64:[], 65:[], 66:[], 67:[], 68:[], 69:[], 70:[], 71:[], 72:[], 73:[], 74:[], 75:[], 76:[], 77:[], 78:[], 79:[], 80:[], 81:[], 82:[], 83:[], 84:[], 85:[], 86:[], 87:[], 88:[], 89:[], 90:[], 91:[], 92:[], 93:[], 94:[], 95:[], 96:[], 97:[], 98:[], 99:[], 100:[], 101:[], 102:[], 103:[], 104:[], 105:[], 106:[], 107:[], 108:[], 109:[], 110:[], 111:[], 112:[], 113:[], 114:[], 115:[], 116:[], 117:[], 118:[], 119:[], 120:[], 121:[], 122:[], 123:[], 124:[], 125:[], 126:[], 127:[], 128:[], 129:[], 130:[], 131:[], 132:[], 133:[], 134:[], 135:[], 136:[], 137:[], 138:[], 139:[], 140:[], 141:[], 142:[], 143:[], 144:[], 145:[], 146:[], 147:[], 148:[], 149:[], 150:[], 151:[], 152:[], 153:[], 154:[], 155:[], 156:[], 157:[], 158:[], 159:[], 160:[], 161:[], 162:[], 163:[], 164:[], 165:[], 166:[], 167:[], 168:[], 169:[], 170:[], 171:[], 172:[]",52631871968,61646928557
4133,2,25613.8864,24655960,368055338,2938736489,762.9378,false,173,true,true,true,true,true,false,false,"0:[0, 1, 2, 3, 4, 5, 6, 7, 8, 9, 10, 11, 12, 13, 14, 15, 16, 17, 18, 19, 20, 21, 22, 23, 24, 25, 26, 27, 28, 29, 30, 31, 32, 33, 34, 35, 36, 37, 38, 39, 40, 41, 42, 43, 44, 45, 46, 47, 48, 49, 50, 51, 52, 53, 54, 55, 56, 57, 58, 59, 60, 61, 62, 63, 64, 65, 66, 67, 68, 69, 70, 71, 72, 73, 74, 75, 76, 77, 78, 79, 80, 81, 82, 83, 84, 85, 86, 87, 88, 89, 90, 91, 92, 93, 94, 95, 96, 97, 98, 99, 100, 101, 102, 103, 104, 105, 106, 107, 108, 109, 110, 111, 112, 113, 114, 115, 116, 117, 118, 119, 120, 121, 122, 123, 124, 125, 126, 127, 128, 129, 130, 131, 132, 133, 134, 135, 136, 137, 138, 139, 140, 141, 142, 143, 144, 145, 146, 147, 148, 149, 150, 151, 152, 153, 154, 155, 156, 157, 158, 159, 160, 161, 162, 163, 164, 165, 166, 167, 168, 169, 170, 171, 172], 1:[], 2:[], 3:[], 4:[], 5:[], 6:[], 7:[], 8:[], 9:[], 10:[], 11:[], 12:[], 13:[], 14:[], 15:[], 16:[], 17:[], 18:[], 19:[], 20:[], 21:[], 22:[], 23:[], 24:[], 25:[], 26:[], 27:[], 28:[], 29:[], 30:[], 31:[], 32:[], 33:[], 34:[], 35:[], 36:[], 37:[], 38:[], 39:[], 40:[], 41:[], 42:[], 43:[], 44:[], 45:[], 46:[], 47:[], 48:[], 49:[], 50:[], 51:[], 52:[], 53:[], 54:[], 55:[], 56:[], 57:[], 58:[], 59:[], 60:[], 61:[], 62:[], 63:[], 64:[], 65:[], 66:[], 67:[], 68:[], 69:[], 70:[], 71:[], 72:[], 73:[], 74:[], 75:[], 76:[], 77:[], 78:[], 79:[], 80:[], 81:[], 82:[], 83:[], 84:[], 85:[], 86:[], 87:[], 88:[], 89:[], 90:[], 91:[], 92:[], 93:[], 94:[], 95:[], 96:[], 97:[], 98:[], 99:[], 100:[], 101:[], 102:[], 103:[], 104:[], 105:[], 106:[], 107:[], 108:[], 109:[], 110:[], 111:[], 112:[], 113:[], 114:[], 115:[], 116:[], 117:[], 118:[], 119:[], 120:[], 121:[], 122:[], 123:[], 124:[], 125:[], 126:[], 127:[], 128:[], 129:[], 130:[], 131:[], 132:[], 133:[], 134:[], 135:[], 136:[], 137:[], 138:[], 139:[], 140:[], 141:[], 142:[], 143:[], 144:[], 145:[], 146:[], 147:[], 148:[], 149:[], 150:[], 151:[], 152:[], 153:[], 154:[], 155:[], 156:[], 157:[], 158:[], 159:[], 160:[], 161:[], 162:[], 163:[], 164:[], 165:[], 166:[], 167:[], 168:[], 169:[], 170:[], 171:[], 172:[]",52718966288,61773511970
4139,2,25474.5473,24763290,369659082,2951545842,900.1484,false,173,true,true,true,true,true,false,false,"0:[0, 1, 2, 3, 4, 5, 6, 7, 8, 9, 10, 11, 12, 13, 14, 15, 16, 17, 18, 19, 20, 21, 22, 23, 24, 25, 26, 27, 28, 29, 30, 31, 32, 33, 34, 35, 36, 37, 38, 39, 40, 41, 42, 43, 44, 45, 46, 47, 48, 49, 50, 51, 52, 53, 54, 55, 56, 57, 58, 59, 60, 61, 62, 63, 64, 65, 66, 67, 68, 69, 70, 71, 72, 73, 74, 75, 76, 77, 78, 79, 80, 81, 82, 83, 84, 85, 86, 87, 88, 89, 90, 91, 92, 93, 94, 95, 96, 97, 98, 99, 100, 101, 102, 103, 104, 105, 106, 107, 108, 109, 110, 111, 112, 113, 114, 115, 116, 117, 118, 119, 120, 121, 122, 123, 124, 125, 126, 127, 128, 129, 130, 131, 132, 133, 134, 135, 136, 137, 138, 139, 140, 141, 142, 143, 144, 145, 146, 147, 148, 149, 150, 151, 152, 153, 154, 155, 156, 157, 158, 159, 160, 161, 162, 163, 164, 165, 166, 167, 168, 169, 170, 171, 172], 1:[], 2:[], 3:[], 4:[], 5:[], 6:[], 7:[], 8:[], 9:[], 10:[], 11:[], 12:[], 13:[], 14:[], 15:[], 16:[], 17:[], 18:[], 19:[], 20:[], 21:[], 22:[], 23:[], 24:[], 25:[], 26:[], 27:[], 28:[], 29:[], 30:[], 31:[], 32:[], 33:[], 34:[], 35:[], 36:[], 37:[], 38:[], 39:[], 40:[], 41:[], 42:[], 43:[], 44:[], 45:[], 46:[], 47:[], 48:[], 49:[], 50:[], 51:[], 52:[], 53:[], 54:[], 55:[], 56:[], 57:[], 58:[], 59:[], 60:[], 61:[], 62:[], 63:[], 64:[], 65:[], 66:[], 67:[], 68:[], 69:[], 70:[], 71:[], 72:[], 73:[], 74:[], 75:[], 76:[], 77:[], 78:[], 79:[], 80:[], 81:[], 82:[], 83:[], 84:[], 85:[], 86:[], 87:[], 88:[], 89:[], 90:[], 91:[], 92:[], 93:[], 94:[], 95:[], 96:[], 97:[], 98:[], 99:[], 100:[], 101:[], 102:[], 103:[], 104:[], 105:[], 106:[], 107:[], 108:[], 109:[], 110:[], 111:[], 112:[], 113:[], 114:[], 115:[], 116:[], 117:[], 118:[], 119:[], 120:[], 121:[], 122:[], 123:[], 124:[], 125:[], 126:[], 127:[], 128:[], 129:[], 130:[], 131:[], 132:[], 133:[], 134:[], 135:[], 136:[], 137:[], 138:[], 139:[], 140:[], 141:[], 142:[], 143:[], 144:[], 145:[], 146:[], 147:[], 148:[], 149:[], 150:[], 151:[], 152:[], 153:[], 154:[], 155:[], 156:[], 157:[], 158:[], 159:[], 160:[], 161:[], 162:[], 163:[], 164:[], 165:[], 166:[], 167:[], 168:[], 169:[], 170:[], 171:[], 172:[]",52849841728,61963692338
4153,5,30236.3132,25014935,373422709,2981620372,817.9041,false,173,true,true,true,true,true,false,false,"0:[0, 1, 2, 3, 4, 5, 6, 7, 8, 9, 10, 11, 12, 13, 14, 15, 16, 17, 18, 19, 20, 21, 22, 23, 24, 25, 26, 27, 28, 29, 30, 31, 32, 33, 34, 35, 36, 37, 38, 39, 40, 41, 42, 43, 44, 45, 46, 47, 48, 49, 50, 51, 52, 53, 54, 55, 56, 57, 58, 59, 60, 61, 62, 63, 64, 65, 66, 67, 68, 69, 70, 71, 72, 73, 74, 75, 76, 77, 78, 79, 80, 81, 82, 83, 84, 85, 86, 87, 88, 89, 90, 91, 92, 93, 94, 95, 96, 97, 98, 99, 100, 101, 102, 103, 104, 105, 106, 107, 108, 109, 110, 111, 112, 113, 114, 115, 116, 117, 118, 119, 120, 121, 122, 123, 124, 125, 126, 127, 128, 129, 130, 131, 132, 133, 134, 135, 136, 137, 138, 139, 140, 141, 142, 143, 144, 145, 146, 147, 148, 149, 150, 151, 152, 153, 154, 155, 156, 157, 158, 159, 160, 161, 162, 163, 164, 165, 166, 167, 168, 169, 170, 171, 172], 1:[], 2:[], 3:[], 4:[], 5:[], 6:[], 7:[], 8:[], 9:[], 10:[], 11:[], 12:[], 13:[], 14:[], 15:[], 16:[], 17:[], 18:[], 19:[], 20:[], 21:[], 22:[], 23:[], 24:[], 25:[], 26:[], 27:[], 28:[], 29:[], 30:[], 31:[], 32:[], 33:[], 34:[], 35:[], 36:[], 37:[], 38:[], 39:[], 40:[], 41:[], 42:[], 43:[], 44:[], 45:[], 46:[], 47:[], 48:[], 49:[], 50:[], 51:[], 52:[], 53:[], 54:[], 55:[], 56:[], 57:[], 58:[], 59:[], 60:[], 61:[], 62:[], 63:[], 64:[], 65:[], 66:[], 67:[], 68:[], 69:[], 70:[], 71:[], 72:[], 73:[], 74:[], 75:[], 76:[], 77:[], 78:[], 79:[], 80:[], 81:[], 82:[], 83:[], 84:[], 85:[], 86:[], 87:[], 88:[], 89:[], 90:[], 91:[], 92:[], 93:[], 94:[], 95:[], 96:[], 97:[], 98:[], 99:[], 100:[], 101:[], 102:[], 103:[], 104:[], 105:[], 106:[], 107:[], 108:[], 109:[], 110:[], 111:[], 112:[], 113:[], 114:[], 115:[], 116:[], 117:[], 118:[], 119:[], 120:[], 121:[], 122:[], 123:[], 124:[], 125:[], 126:[], 127:[], 128:[], 129:[], 130:[], 131:[], 132:[], 133:[], 134:[], 135:[], 136:[], 137:[], 138:[], 139:[], 140:[], 141:[], 142:[], 143:[], 144:[], 145:[], 146:[], 147:[], 148:[], 149:[], 150:[], 151:[], 152:[], 153:[], 154:[], 155:[], 156:[], 157:[], 158:[], 159:[], 160:[], 161:[], 162:[], 163:[], 164:[], 165:[], 166:[], 167:[], 168:[], 169:[], 170:[], 171:[], 172:[]",53156971368,62410109617
4157,2,26417.0706,25087146,374502400,2990246770,750.7054,false,174,true,true,true,true,true,false,false,"0:[0, 1, 2, 3, 4, 5, 6, 7, 8, 9, 10, 11, 12, 13, 14, 15, 16, 17, 18, 19, 20, 21, 22, 23, 24, 25, 26, 27, 28, 29, 30, 31, 32, 33, 34, 35, 36, 37, 38, 39, 40, 41, 42, 43, 44, 45, 46, 47, 48, 49, 50, 51, 52, 53, 54, 55, 56, 57, 58, 59, 60, 61, 62, 63, 64, 65, 66, 67, 68, 69, 70, 71, 72, 73, 74, 75, 76, 77, 78, 79, 80, 81, 82, 83, 84, 85, 86, 87, 88, 89, 90, 91, 92, 93, 94, 95, 96, 97, 98, 99, 100, 101, 102, 103, 104, 105, 106, 107, 108, 109, 110, 111, 112, 113, 114, 115, 116, 117, 118, 119, 120, 121, 122, 123, 124, 125, 126, 127, 128, 129, 130, 131, 132, 133, 134, 135, 136, 137, 138, 139, 140, 141, 142, 143, 144, 145, 146, 147, 148, 149, 150, 151, 152, 153, 154, 155, 156, 157, 158, 159, 160, 161, 162, 163, 164, 165, 166, 167, 168, 169, 170, 171, 172, 173], 1:[], 2:[], 3:[], 4:[], 5:[], 6:[], 7:[], 8:[], 9:[], 10:[], 11:[], 12:[], 13:[], 14:[], 15:[], 16:[], 17:[], 18:[], 19:[], 20:[], 21:[], 22:[], 23:[], 24:[], 25:[], 26:[], 27:[], 28:[], 29:[], 30:[], 31:[], 32:[], 33:[], 34:[], 35:[], 36:[], 37:[], 38:[], 39:[], 40:[], 41:[], 42:[], 43:[], 44:[], 45:[], 46:[], 47:[], 48:[], 49:[], 50:[], 51:[], 52:[], 53:[], 54:[], 55:[], 56:[], 57:[], 58:[], 59:[], 60:[], 61:[], 62:[], 63:[], 64:[], 65:[], 66:[], 67:[], 68:[], 69:[], 70:[], 71:[], 72:[], 73:[], 74:[], 75:[], 76:[], 77:[], 78:[], 79:[], 80:[], 81:[], 82:[], 83:[], 84:[], 85:[], 86:[], 87:[], 88:[], 89:[], 90:[], 91:[], 92:[], 93:[], 94:[], 95:[], 96:[], 97:[], 98:[], 99:[], 100:[], 101:[], 102:[], 103:[], 104:[], 105:[], 106:[], 107:[], 108:[], 109:[], 110:[], 111:[], 112:[], 113:[], 114:[], 115:[], 116:[], 117:[], 118:[], 119:[], 120:[], 121:[], 122:[], 123:[], 124:[], 125:[], 126:[], 127:[], 128:[], 129:[], 130:[], 131:[], 132:[], 133:[], 134:[], 135:[], 136:[], 137:[], 138:[], 139:[], 140:[], 141:[], 142:[], 143:[], 144:[], 145:[], 146:[], 147:[], 148:[], 149:[], 150:[], 151:[], 152:[], 153:[], 154:[], 155:[], 156:[], 157:[], 158:[], 159:[], 160:[], 161:[], 162:[], 163:[], 164:[], 165:[], 166:[], 167:[], 168:[], 169:[], 170:[], 171:[], 172:[], 173:[]",53245079712,62538166272
4159,3,28018.4338,25123304,375041974,2994553541,785.2573,false,173,true,true,true,true,true,false,false,"0:[0, 1, 2, 3, 4, 5, 6, 7, 8, 9, 10, 11, 12, 13, 14, 15, 16, 17, 18, 19, 20, 21, 22, 23, 24, 25, 26, 27, 28, 29, 30, 31, 32, 33, 34, 35, 36, 37, 38, 39, 40, 41, 42, 43, 44, 45, 46, 47, 48, 49, 50, 51, 52, 53, 54, 55, 56, 57, 58, 59, 60, 61, 62, 63, 64, 65, 66, 67, 68, 69, 70, 71, 72, 73, 74, 75, 76, 77, 78, 79, 80, 81, 82, 83, 84, 85, 86, 87, 88, 89, 90, 91, 92, 93, 94, 95, 96, 97, 98, 99, 100, 101, 102, 103, 104, 105, 106, 107, 108, 109, 110, 111, 112, 113, 114, 115, 116, 117, 118, 119, 120, 121, 122, 123, 124, 125, 126, 127, 128, 129, 130, 131, 132, 133, 134, 135, 136, 137, 138, 139, 140, 141, 142, 143, 144, 145, 146, 147, 148, 149, 150, 151, 152, 153, 154, 155, 156, 157, 158, 159, 160, 161, 162, 163, 164, 165, 166, 167, 168, 169, 170, 171, 172], 1:[], 2:[], 3:[], 4:[], 5:[], 6:[], 7:[], 8:[], 9:[], 10:[], 11:[], 12:[], 13:[], 14:[], 15:[], 16:[], 17:[], 18:[], 19:[], 20:[], 21:[], 22:[], 23:[], 24:[], 25:[], 26:[], 27:[], 28:[], 29:[], 30:[], 31:[], 32:[], 33:[], 34:[], 35:[], 36:[], 37:[], 38:[], 39:[], 40:[], 41:[], 42:[], 43:[], 44:[], 45:[], 46:[], 47:[], 48:[], 49:[], 50:[], 51:[], 52:[], 53:[], 54:[], 55:[], 56:[], 57:[], 58:[], 59:[], 60:[], 61:[], 62:[], 63:[], 64:[], 65:[], 66:[], 67:[], 68:[], 69:[], 70:[], 71:[], 72:[], 73:[], 74:[], 75:[], 76:[], 77:[], 78:[], 79:[], 80:[], 81:[], 82:[], 83:[], 84:[], 85:[], 86:[], 87:[], 88:[], 89:[], 90:[], 91:[], 92:[], 93:[], 94:[], 95:[], 96:[], 97:[], 98:[], 99:[], 100:[], 101:[], 102:[], 103:[], 104:[], 105:[], 106:[], 107:[], 108:[], 109:[], 110:[], 111:[], 112:[], 113:[], 114:[], 115:[], 116:[], 117:[], 118:[], 119:[], 120:[], 121:[], 122:[], 123:[], 124:[], 125:[], 126:[], 127:[], 128:[], 129:[], 130:[], 131:[], 132:[], 133:[], 134:[], 135:[], 136:[], 137:[], 138:[], 139:[], 140:[], 141:[], 142:[], 143:[], 144:[], 145:[], 146:[], 147:[], 148:[], 149:[], 150:[], 151:[], 152:[], 153:[], 154:[], 155:[], 156:[], 157:[], 158:[], 159:[], 160:[], 161:[], 162:[], 163:[], 164:[], 165:[], 166:[], 167:[], 168:[], 169:[], 170:[], 171:[], 172:[]",53289113424,62602130494
4177,5,30536.6871,25450284,379932081,3033628575,787.7802,false,174,true,true,true,true,true,false,false,"0:[0, 1, 2, 3, 4, 5, 6, 7, 8, 9, 10, 11, 12, 13, 14, 15, 16, 17, 18, 19, 20, 21, 22, 23, 24, 25, 26, 27, 28, 29, 30, 31, 32, 33, 34, 35, 36, 37, 38, 39, 40, 41, 42, 43, 44, 45, 46, 47, 48, 49, 50, 51, 52, 53, 54, 55, 56, 57, 58, 59, 60, 61, 62, 63, 64, 65, 66, 67, 68, 69, 70, 71, 72, 73, 74, 75, 76, 77, 78, 79, 80, 81, 82, 83, 84, 85, 86, 87, 88, 89, 90, 91, 92, 93, 94, 95, 96, 97, 98, 99, 100, 101, 102, 103, 104, 105, 106, 107, 108, 109, 110, 111, 112, 113, 114, 115, 116, 117, 118, 119, 120, 121, 122, 123, 124, 125, 126, 127, 128, 129, 130, 131, 132, 133, 134, 135, 136, 137, 138, 139, 140, 141, 142, 143, 144, 145, 146, 147, 148, 149, 150, 151, 152, 153, 154, 155, 156, 157, 158, 159, 160, 161, 162, 163, 164, 165, 166, 167, 168, 169, 170, 171, 172, 173], 1:[], 2:[], 3:[], 4:[], 5:[], 6:[], 7:[], 8:[], 9:[], 10:[], 11:[], 12:[], 13:[], 14:[], 15:[], 16:[], 17:[], 18:[], 19:[], 20:[], 21:[], 22:[], 23:[], 24:[], 25:[], 26:[], 27:[], 28:[], 29:[], 30:[], 31:[], 32:[], 33:[], 34:[], 35:[], 36:[], 37:[], 38:[], 39:[], 40:[], 41:[], 42:[], 43:[], 44:[], 45:[], 46:[], 47:[], 48:[], 49:[], 50:[], 51:[], 52:[], 53:[], 54:[], 55:[], 56:[], 57:[], 58:[], 59:[], 60:[], 61:[], 62:[], 63:[], 64:[], 65:[], 66:[], 67:[], 68:[], 69:[], 70:[], 71:[], 72:[], 73:[], 74:[], 75:[], 76:[], 77:[], 78:[], 79:[], 80:[], 81:[], 82:[], 83:[], 84:[], 85:[], 86:[], 87:[], 88:[], 89:[], 90:[], 91:[], 92:[], 93:[], 94:[], 95:[], 96:[], 97:[], 98:[], 99:[], 100:[], 101:[], 102:[], 103:[], 104:[], 105:[], 106:[], 107:[], 108:[], 109:[], 110:[], 111:[], 112:[], 113:[], 114:[], 115:[], 116:[], 117:[], 118:[], 119:[], 120:[], 121:[], 122:[], 123:[], 124:[], 125:[], 126:[], 127:[], 128:[], 129:[], 130:[], 131:[], 132:[], 133:[], 134:[], 135:[], 136:[], 137:[], 138:[], 139:[], 140:[], 141:[], 142:[], 143:[], 144:[], 145:[], 146:[], 147:[], 148:[], 149:[], 150:[], 151:[], 152:[], 153:[], 154:[], 155:[], 156:[], 157:[], 158:[], 159:[], 160:[], 161:[], 162:[], 163:[], 164:[], 165:[], 166:[], 167:[], 168:[], 169:[], 170:[], 171:[], 172:[], 173:[]",53688169504,63182153621
4201,11,34477.8410,25890655,386516650,3086237838,772.0702,false,176,true,true,true,true,true,false,false,"0:[0, 1, 2, 3, 4, 5, 6, 7, 8, 9, 10, 11, 12, 13, 14, 15, 16, 17, 18, 19, 20, 21, 22, 23, 24, 25, 26, 27, 28, 29, 30, 31, 32, 33, 34, 35, 36, 37, 38, 39, 40, 41, 42, 43, 44, 45, 46, 47, 48, 49, 50, 51, 52, 53, 54, 55, 56, 57, 58, 59, 60, 61, 62, 63, 64, 65, 66, 67, 68, 69, 70, 71, 72, 73, 74, 75, 76, 77, 78, 79, 80, 81, 82, 83, 84, 85, 86, 87, 88, 89, 90, 91, 92, 93, 94, 95, 96, 97, 98, 99, 100, 101, 102, 103, 104, 105, 106, 107, 108, 109, 110, 111, 112, 113, 114, 115, 116, 117, 118, 119, 120, 121, 122, 123, 124, 125, 126, 127, 128, 129, 130, 131, 132, 133, 134, 135, 136, 137, 138, 139, 140, 141, 142, 143, 144, 145, 146, 147, 148, 149, 150, 151, 152, 153, 154, 155, 156, 157, 158, 159, 160, 161, 162, 163, 164, 165, 166, 167, 168, 169, 170, 171, 172, 173, 174, 175], 1:[], 2:[], 3:[], 4:[], 5:[], 6:[], 7:[], 8:[], 9:[], 10:[], 11:[], 12:[], 13:[], 14:[], 15:[], 16:[], 17:[], 18:[], 19:[], 20:[], 21:[], 22:[], 23:[], 24:[], 25:[], 26:[], 27:[], 28:[], 29:[], 30:[], 31:[], 32:[], 33:[], 34:[], 35:[], 36:[], 37:[], 38:[], 39:[], 40:[], 41:[], 42:[], 43:[], 44:[], 45:[], 46:[], 47:[], 48:[], 49:[], 50:[], 51:[], 52:[], 53:[], 54:[], 55:[], 56:[], 57:[], 58:[], 59:[], 60:[], 61:[], 62:[], 63:[], 64:[], 65:[], 66:[], 67:[], 68:[], 69:[], 70:[], 71:[], 72:[], 73:[], 74:[], 75:[], 76:[], 77:[], 78:[], 79:[], 80:[], 81:[], 82:[], 83:[], 84:[], 85:[], 86:[], 87:[], 88:[], 89:[], 90:[], 91:[], 92:[], 93:[], 94:[], 95:[], 96:[], 97:[], 98:[], 99:[], 100:[], 101:[], 102:[], 103:[], 104:[], 105:[], 106:[], 107:[], 108:[], 109:[], 110:[], 111:[], 112:[], 113:[], 114:[], 115:[], 116:[], 117:[], 118:[], 119:[], 120:[], 121:[], 122:[], 123:[], 124:[], 125:[], 126:[], 127:[], 128:[], 129:[], 130:[], 131:[], 132:[], 133:[], 134:[], 135:[], 136:[], 137:[], 138:[], 139:[], 140:[], 141:[], 142:[], 143:[], 144:[], 145:[], 146:[], 147:[], 148:[], 149:[], 150:[], 151:[], 152:[], 153:[], 154:[], 155:[], 156:[], 157:[], 158:[], 159:[], 160:[], 161:[], 162:[], 163:[], 164:[], 165:[], 166:[], 167:[], 168:[], 169:[], 170:[], 171:[], 172:[], 173:[], 174:[], 175:[]",54225503928,63963116362
4211,2,26749.9536,26075632,389281503,3108324591,769.1773,false,176,true,true,true,true,true,false,false,"0:[0, 1, 2, 3, 4, 5, 6, 7, 8, 9, 10, 11, 12, 13, 14, 15, 16, 17, 18, 19, 20, 21, 22, 23, 24, 25, 26, 27, 28, 29, 30, 31, 32, 33, 34, 35, 36, 37, 38, 39, 40, 41, 42, 43, 44, 45, 46, 47, 48, 49, 50, 51, 52, 53, 54, 55, 56, 57, 58, 59, 60, 61, 62, 63, 64, 65, 66, 67, 68, 69, 70, 71, 72, 73, 74, 75, 76, 77, 78, 79, 80, 81, 82, 83, 84, 85, 86, 87, 88, 89, 90, 91, 92, 93, 94, 95, 96, 97, 98, 99, 100, 101, 102, 103, 104, 105, 106, 107, 108, 109, 110, 111, 112, 113, 114, 115, 116, 117, 118, 119, 120, 121, 122, 123, 124, 125, 126, 127, 128, 129, 130, 131, 132, 133, 134, 135, 136, 137, 138, 139, 140, 141, 142, 143, 144, 145, 146, 147, 148, 149, 150, 151, 152, 153, 154, 155, 156, 157, 158, 159, 160, 161, 162, 163, 164, 165, 166, 167, 168, 169, 170, 171, 172, 173, 174, 175], 1:[], 2:[], 3:[], 4:[], 5:[], 6:[], 7:[], 8:[], 9:[], 10:[], 11:[], 12:[], 13:[], 14:[], 15:[], 16:[], 17:[], 18:[], 19:[], 20:[], 21:[], 22:[], 23:[], 24:[], 25:[], 26:[], 27:[], 28:[], 29:[], 30:[], 31:[], 32:[], 33:[], 34:[], 35:[], 36:[], 37:[], 38:[], 39:[], 40:[], 41:[], 42:[], 43:[], 44:[], 45:[], 46:[], 47:[], 48:[], 49:[], 50:[], 51:[], 52:[], 53:[], 54:[], 55:[], 56:[], 57:[], 58:[], 59:[], 60:[], 61:[], 62:[], 63:[], 64:[], 65:[], 66:[], 67:[], 68:[], 69:[], 70:[], 71:[], 72:[], 73:[], 74:[], 75:[], 76:[], 77:[], 78:[], 79:[], 80:[], 81:[], 82:[], 83:[], 84:[], 85:[], 86:[], 87:[], 88:[], 89:[], 90:[], 91:[], 92:[], 93:[], 94:[], 95:[], 96:[], 97:[], 98:[], 99:[], 100:[], 101:[], 102:[], 103:[], 104:[], 105:[], 106:[], 107:[], 108:[], 109:[], 110:[], 111:[], 112:[], 113:[], 114:[], 115:[], 116:[], 117:[], 118:[], 119:[], 120:[], 121:[], 122:[], 123:[], 124:[], 125:[], 126:[], 127:[], 128:[], 129:[], 130:[], 131:[], 132:[], 133:[], 134:[], 135:[], 136:[], 137:[], 138:[], 139:[], 140:[], 141:[], 142:[], 143:[], 144:[], 145:[], 146:[], 147:[], 148:[], 149:[], 150:[], 151:[], 152:[], 153:[], 154:[], 155:[], 156:[], 157:[], 158:[], 159:[], 160:[], 161:[], 162:[], 163:[], 164:[], 165:[], 166:[], 167:[], 168:[], 169:[], 170:[], 171:[], 172:[], 173:[], 174:[], 175:[]",54451131616,64291009627
4217,3,30915.5262,26187040,390948423,3121647433,770.3155,false,175,true,true,true,true,true,false,false,"0:[0, 1, 2, 3, 4, 5, 6, 7, 8, 9, 10, 11, 12, 13, 14, 15, 16, 17, 18, 19, 20, 21, 22, 23, 24, 25, 26, 27, 28, 29, 30, 31, 32, 33, 34, 35, 36, 37, 38, 39, 40, 41, 42, 43, 44, 45, 46, 47, 48, 49, 50, 51, 52, 53, 54, 55, 56, 57, 58, 59, 60, 61, 62, 63, 64, 65, 66, 67, 68, 69, 70, 71, 72, 73, 74, 75, 76, 77, 78, 79, 80, 81, 82, 83, 84, 85, 86, 87, 88, 89, 90, 91, 92, 93, 94, 95, 96, 97, 98, 99, 100, 101, 102, 103, 104, 105, 106, 107, 108, 109, 110, 111, 112, 113, 114, 115, 116, 117, 118, 119, 120, 121, 122, 123, 124, 125, 126, 127, 128, 129, 130, 131, 132, 133, 134, 135, 136, 137, 138, 139, 140, 141, 142, 143, 144, 145, 146, 147, 148, 149, 150, 151, 152, 153, 154, 155, 156, 157, 158, 159, 160, 161, 162, 163, 164, 165, 166, 167, 168, 169, 170, 171, 172, 173, 174], 1:[], 2:[], 3:[], 4:[], 5:[], 6:[], 7:[], 8:[], 9:[], 10:[], 11:[], 12:[], 13:[], 14:[], 15:[], 16:[], 17:[], 18:[], 19:[], 20:[], 21:[], 22:[], 23:[], 24:[], 25:[], 26:[], 27:[], 28:[], 29:[], 30:[], 31:[], 32:[], 33:[], 34:[], 35:[], 36:[], 37:[], 38:[], 39:[], 40:[], 41:[], 42:[], 43:[], 44:[], 45:[], 46:[], 47:[], 48:[], 49:[], 50:[], 51:[], 52:[], 53:[], 54:[], 55:[], 56:[], 57:[], 58:[], 59:[], 60:[], 61:[], 62:[], 63:[], 64:[], 65:[], 66:[], 67:[], 68:[], 69:[], 70:[], 71:[], 72:[], 73:[], 74:[], 75:[], 76:[], 77:[], 78:[], 79:[], 80:[], 81:[], 82:[], 83:[], 84:[], 85:[], 86:[], 87:[], 88:[], 89:[], 90:[], 91:[], 92:[], 93:[], 94:[], 95:[], 96:[], 97:[], 98:[], 99:[], 100:[], 101:[], 102:[], 103:[], 104:[], 105:[], 106:[], 107:[], 108:[], 109:[], 110:[], 111:[], 112:[], 113:[], 114:[], 115:[], 116:[], 117:[], 118:[], 119:[], 120:[], 121:[], 122:[], 123:[], 124:[], 125:[], 126:[], 127:[], 128:[], 129:[], 130:[], 131:[], 132:[], 133:[], 134:[], 135:[], 136:[], 137:[], 138:[], 139:[], 140:[], 141:[], 142:[], 143:[], 144:[], 145:[], 146:[], 147:[], 148:[], 149:[], 150:[], 151:[], 152:[], 153:[], 154:[], 155:[], 156:[], 157:[], 158:[], 159:[], 160:[], 161:[], 162:[], 163:[], 164:[], 165:[], 166:[], 167:[], 168:[], 169:[], 170:[], 171:[], 172:[], 173:[], 174:[]",54587159008,64488746819
4219,2,26522.6327,26224247,391503701,3126079775,824.6173,false,176,true,true,true,true,true,false,false,"0:[0, 1, 2, 3, 4, 5, 6, 7, 8, 9, 10, 11, 12, 13, 14, 15, 16, 17, 18, 19, 20, 21, 22, 23, 24, 25, 26, 27, 28, 29, 30, 31, 32, 33, 34, 35, 36, 37, 38, 39, 40, 41, 42, 43, 44, 45, 46, 47, 48, 49, 50, 51, 52, 53, 54, 55, 56, 57, 58, 59, 60, 61, 62, 63, 64, 65, 66, 67, 68, 69, 70, 71, 72, 73, 74, 75, 76, 77, 78, 79, 80, 81, 82, 83, 84, 85, 86, 87, 88, 89, 90, 91, 92, 93, 94, 95, 96, 97, 98, 99, 100, 101, 102, 103, 104, 105, 106, 107, 108, 109, 110, 111, 112, 113, 114, 115, 116, 117, 118, 119, 120, 121, 122, 123, 124, 125, 126, 127, 128, 129, 130, 131, 132, 133, 134, 135, 136, 137, 138, 139, 140, 141, 142, 143, 144, 145, 146, 147, 148, 149, 150, 151, 152, 153, 154, 155, 156, 157, 158, 159, 160, 161, 162, 163, 164, 165, 166, 167, 168, 169, 170, 171, 172, 173, 174, 175], 1:[], 2:[], 3:[], 4:[], 5:[], 6:[], 7:[], 8:[], 9:[], 10:[], 11:[], 12:[], 13:[], 14:[], 15:[], 16:[], 17:[], 18:[], 19:[], 20:[], 21:[], 22:[], 23:[], 24:[], 25:[], 26:[], 27:[], 28:[], 29:[], 30:[], 31:[], 32:[], 33:[], 34:[], 35:[], 36:[], 37:[], 38:[], 39:[], 40:[], 41:[], 42:[], 43:[], 44:[], 45:[], 46:[], 47:[], 48:[], 49:[], 50:[], 51:[], 52:[], 53:[], 54:[], 55:[], 56:[], 57:[], 58:[], 59:[], 60:[], 61:[], 62:[], 63:[], 64:[], 65:[], 66:[], 67:[], 68:[], 69:[], 70:[], 71:[], 72:[], 73:[], 74:[], 75:[], 76:[], 77:[], 78:[], 79:[], 80:[], 81:[], 82:[], 83:[], 84:[], 85:[], 86:[], 87:[], 88:[], 89:[], 90:[], 91:[], 92:[], 93:[], 94:[], 95:[], 96:[], 97:[], 98:[], 99:[], 100:[], 101:[], 102:[], 103:[], 104:[], 105:[], 106:[], 107:[], 108:[], 109:[], 110:[], 111:[], 112:[], 113:[], 114:[], 115:[], 116:[], 117:[], 118:[], 119:[], 120:[], 121:[], 122:[], 123:[], 124:[], 125:[], 126:[], 127:[], 128:[], 129:[], 130:[], 131:[], 132:[], 133:[], 134:[], 135:[], 136:[], 137:[], 138:[], 139:[], 140:[], 141:[], 142:[], 143:[], 144:[], 145:[], 146:[], 147:[], 148:[], 149:[], 150:[], 151:[], 152:[], 153:[], 154:[], 155:[], 156:[], 157:[], 158:[], 159:[], 160:[], 161:[], 162:[], 163:[], 164:[], 165:[], 166:[], 167:[], 168:[], 169:[], 170:[], 171:[], 172:[], 173:[], 174:[], 175:[]",54632474216,64554573393
4229,2,27389.6837,26410808,394294330,3148380649,820.8735,false,176,true,true,true,true,true,false,false,"0:[0, 1, 2, 3, 4, 5, 6, 7, 8, 9, 10, 11, 12, 13, 14, 15, 16, 17, 18, 19, 20, 21, 22, 23, 24, 25, 26, 27, 28, 29, 30, 31, 32, 33, 34, 35, 36, 37, 38, 39, 40, 41, 42, 43, 44, 45, 46, 47, 48, 49, 50, 51, 52, 53, 54, 55, 56, 57, 58, 59, 60, 61, 62, 63, 64, 65, 66, 67, 68, 69, 70, 71, 72, 73, 74, 75, 76, 77, 78, 79, 80, 81, 82, 83, 84, 85, 86, 87, 88, 89, 90, 91, 92, 93, 94, 95, 96, 97, 98, 99, 100, 101, 102, 103, 104, 105, 106, 107, 108, 109, 110, 111, 112, 113, 114, 115, 116, 117, 118, 119, 120, 121, 122, 123, 124, 125, 126, 127, 128, 129, 130, 131, 132, 133, 134, 135, 136, 137, 138, 139, 140, 141, 142, 143, 144, 145, 146, 147, 148, 149, 150, 151, 152, 153, 154, 155, 156, 157, 158, 159, 160, 161, 162, 163, 164, 165, 166, 167, 168, 169, 170, 171, 172, 173, 174, 175], 1:[], 2:[], 3:[], 4:[], 5:[], 6:[], 7:[], 8:[], 9:[], 10:[], 11:[], 12:[], 13:[], 14:[], 15:[], 16:[], 17:[], 18:[], 19:[], 20:[], 21:[], 22:[], 23:[], 24:[], 25:[], 26:[], 27:[], 28:[], 29:[], 30:[], 31:[], 32:[], 33:[], 34:[], 35:[], 36:[], 37:[], 38:[], 39:[], 40:[], 41:[], 42:[], 43:[], 44:[], 45:[], 46:[], 47:[], 48:[], 49:[], 50:[], 51:[], 52:[], 53:[], 54:[], 55:[], 56:[], 57:[], 58:[], 59:[], 60:[], 61:[], 62:[], 63:[], 64:[], 65:[], 66:[], 67:[], 68:[], 69:[], 70:[], 71:[], 72:[], 73:[], 74:[], 75:[], 76:[], 77:[], 78:[], 79:[], 80:[], 81:[], 82:[], 83:[], 84:[], 85:[], 86:[], 87:[], 88:[], 89:[], 90:[], 91:[], 92:[], 93:[], 94:[], 95:[], 96:[], 97:[], 98:[], 99:[], 100:[], 101:[], 102:[], 103:[], 104:[], 105:[], 106:[], 107:[], 108:[], 109:[], 110:[], 111:[], 112:[], 113:[], 114:[], 115:[], 116:[], 117:[], 118:[], 119:[], 120:[], 121:[], 122:[], 123:[], 124:[], 125:[], 126:[], 127:[], 128:[], 129:[], 130:[], 131:[], 132:[], 133:[], 134:[], 135:[], 136:[], 137:[], 138:[], 139:[], 140:[], 141:[], 142:[], 143:[], 144:[], 145:[], 146:[], 147:[], 148:[], 149:[], 150:[], 151:[], 152:[], 153:[], 154:[], 155:[], 156:[], 157:[], 158:[], 159:[], 160:[], 161:[], 162:[], 163:[], 164:[], 165:[], 166:[], 167:[], 168:[], 169:[], 170:[], 171:[], 172:[], 173:[], 174:[], 175:[]",54860202000,64885587858
4231,3,28080.2942,26448225,394852811,3152838904,789.9924,false,176,true,true,true,true,true,false,false,"0:[0, 1, 2, 3, 4, 5, 6, 7, 8, 9, 10, 11, 12, 13, 14, 15, 16, 17, 18, 19, 20, 21, 22, 23, 24, 25, 26, 27, 28, 29, 30, 31, 32, 33, 34, 35, 36, 37, 38, 39, 40, 41, 42, 43, 44, 45, 46, 47, 48, 49, 50, 51, 52, 53, 54, 55, 56, 57, 58, 59, 60, 61, 62, 63, 64, 65, 66, 67, 68, 69, 70, 71, 72, 73, 74, 75, 76, 77, 78, 79, 80, 81, 82, 83, 84, 85, 86, 87, 88, 89, 90, 91, 92, 93, 94, 95, 96, 97, 98, 99, 100, 101, 102, 103, 104, 105, 106, 107, 108, 109, 110, 111, 112, 113, 114, 115, 116, 117, 118, 119, 120, 121, 122, 123, 124, 125, 126, 127, 128, 129, 130, 131, 132, 133, 134, 135, 136, 137, 138, 139, 140, 141, 142, 143, 144, 145, 146, 147, 148, 149, 150, 151, 152, 153, 154, 155, 156, 157, 158, 159, 160, 161, 162, 163, 164, 165, 166, 167, 168, 169, 170, 171, 172, 173, 174, 175], 1:[], 2:[], 3:[], 4:[], 5:[], 6:[], 7:[], 8:[], 9:[], 10:[], 11:[], 12:[], 13:[], 14:[], 15:[], 16:[], 17:[], 18:[], 19:[], 20:[], 21:[], 22:[], 23:[], 24:[], 25:[], 26:[], 27:[], 28:[], 29:[], 30:[], 31:[], 32:[], 33:[], 34:[], 35:[], 36:[], 37:[], 38:[], 39:[], 40:[], 41:[], 42:[], 43:[], 44:[], 45:[], 46:[], 47:[], 48:[], 49:[], 50:[], 51:[], 52:[], 53:[], 54:[], 55:[], 56:[], 57:[], 58:[], 59:[], 60:[], 61:[], 62:[], 63:[], 64:[], 65:[], 66:[], 67:[], 68:[], 69:[], 70:[], 71:[], 72:[], 73:[], 74:[], 75:[], 76:[], 77:[], 78:[], 79:[], 80:[], 81:[], 82:[], 83:[], 84:[], 85:[], 86:[], 87:[], 88:[], 89:[], 90:[], 91:[], 92:[], 93:[], 94:[], 95:[], 96:[], 97:[], 98:[], 99:[], 100:[], 101:[], 102:[], 103:[], 104:[], 105:[], 106:[], 107:[], 108:[], 109:[], 110:[], 111:[], 112:[], 113:[], 114:[], 115:[], 116:[], 117:[], 118:[], 119:[], 120:[], 121:[], 122:[], 123:[], 124:[], 125:[], 126:[], 127:[], 128:[], 129:[], 130:[], 131:[], 132:[], 133:[], 134:[], 135:[], 136:[], 137:[], 138:[], 139:[], 140:[], 141:[], 142:[], 143:[], 144:[], 145:[], 146:[], 147:[], 148:[], 149:[], 150:[], 151:[], 152:[], 153:[], 154:[], 155:[], 156:[], 157:[], 158:[], 159:[], 160:[], 161:[], 162:[], 163:[], 164:[], 165:[], 166:[], 167:[], 168:[], 169:[], 170:[], 171:[], 172:[], 173:[], 174:[], 175:[]",54905778488,64951794671
4241,3,31629.2646,26635845,397659268,3175266064,888.6521,false,177,true,true,true,true,true,false,false,"0:[0, 1, 2, 3, 4, 5, 6, 7, 8, 9, 10, 11, 12, 13, 14, 15, 16, 17, 18, 19, 20, 21, 22, 23, 24, 25, 26, 27, 28, 29, 30, 31, 32, 33, 34, 35, 36, 37, 38, 39, 40, 41, 42, 43, 44, 45, 46, 47, 48, 49, 50, 51, 52, 53, 54, 55, 56, 57, 58, 59, 60, 61, 62, 63, 64, 65, 66, 67, 68, 69, 70, 71, 72, 73, 74, 75, 76, 77, 78, 79, 80, 81, 82, 83, 84, 85, 86, 87, 88, 89, 90, 91, 92, 93, 94, 95, 96, 97, 98, 99, 100, 101, 102, 103, 104, 105, 106, 107, 108, 109, 110, 111, 112, 113, 114, 115, 116, 117, 118, 119, 120, 121, 122, 123, 124, 125, 126, 127, 128, 129, 130, 131, 132, 133, 134, 135, 136, 137, 138, 139, 140, 141, 142, 143, 144, 145, 146, 147, 148, 149, 150, 151, 152, 153, 154, 155, 156, 157, 158, 159, 160, 161, 162, 163, 164, 165, 166, 167, 168, 169, 170, 171, 172, 173, 174, 175, 176], 1:[], 2:[], 3:[], 4:[], 5:[], 6:[], 7:[], 8:[], 9:[], 10:[], 11:[], 12:[], 13:[], 14:[], 15:[], 16:[], 17:[], 18:[], 19:[], 20:[], 21:[], 22:[], 23:[], 24:[], 25:[], 26:[], 27:[], 28:[], 29:[], 30:[], 31:[], 32:[], 33:[], 34:[], 35:[], 36:[], 37:[], 38:[], 39:[], 40:[], 41:[], 42:[], 43:[], 44:[], 45:[], 46:[], 47:[], 48:[], 49:[], 50:[], 51:[], 52:[], 53:[], 54:[], 55:[], 56:[], 57:[], 58:[], 59:[], 60:[], 61:[], 62:[], 63:[], 64:[], 65:[], 66:[], 67:[], 68:[], 69:[], 70:[], 71:[], 72:[], 73:[], 74:[], 75:[], 76:[], 77:[], 78:[], 79:[], 80:[], 81:[], 82:[], 83:[], 84:[], 85:[], 86:[], 87:[], 88:[], 89:[], 90:[], 91:[], 92:[], 93:[], 94:[], 95:[], 96:[], 97:[], 98:[], 99:[], 100:[], 101:[], 102:[], 103:[], 104:[], 105:[], 106:[], 107:[], 108:[], 109:[], 110:[], 111:[], 112:[], 113:[], 114:[], 115:[], 116:[], 117:[], 118:[], 119:[], 120:[], 121:[], 122:[], 123:[], 124:[], 125:[], 126:[], 127:[], 128:[], 129:[], 130:[], 131:[], 132:[], 133:[], 134:[], 135:[], 136:[], 137:[], 138:[], 139:[], 140:[], 141:[], 142:[], 143:[], 144:[], 145:[], 146:[], 147:[], 148:[], 149:[], 150:[], 151:[], 152:[], 153:[], 154:[], 155:[], 156:[], 157:[], 158:[], 159:[], 160:[], 161:[], 162:[], 163:[], 164:[], 165:[], 166:[], 167:[], 168:[], 169:[], 170:[], 171:[], 172:[], 173:[], 174:[], 175:[], 176:[]",55134797928,65284685660
4243,2,27373.4905,26673475,398220965,3179750254,890.2770,false,176,true,true,true,true,true,false,false,"0:[0, 1, 2, 3, 4, 5, 6, 7, 8, 9, 10, 11, 12, 13, 14, 15, 16, 17, 18, 19, 20, 21, 22, 23, 24, 25, 26, 27, 28, 29, 30, 31, 32, 33, 34, 35, 36, 37, 38, 39, 40, 41, 42, 43, 44, 45, 46, 47, 48, 49, 50, 51, 52, 53, 54, 55, 56, 57, 58, 59, 60, 61, 62, 63, 64, 65, 66, 67, 68, 69, 70, 71, 72, 73, 74, 75, 76, 77, 78, 79, 80, 81, 82, 83, 84, 85, 86, 87, 88, 89, 90, 91, 92, 93, 94, 95, 96, 97, 98, 99, 100, 101, 102, 103, 104, 105, 106, 107, 108, 109, 110, 111, 112, 113, 114, 115, 116, 117, 118, 119, 120, 121, 122, 123, 124, 125, 126, 127, 128, 129, 130, 131, 132, 133, 134, 135, 136, 137, 138, 139, 140, 141, 142, 143, 144, 145, 146, 147, 148, 149, 150, 151, 152, 153, 154, 155, 156, 157, 158, 159, 160, 161, 162, 163, 164, 165, 166, 167, 168, 169, 170, 171, 172, 173, 174, 175], 1:[], 2:[], 3:[], 4:[], 5:[], 6:[], 7:[], 8:[], 9:[], 10:[], 11:[], 12:[], 13:[], 14:[], 15:[], 16:[], 17:[], 18:[], 19:[], 20:[], 21:[], 22:[], 23:[], 24:[], 25:[], 26:[], 27:[], 28:[], 29:[], 30:[], 31:[], 32:[], 33:[], 34:[], 35:[], 36:[], 37:[], 38:[], 39:[], 40:[], 41:[], 42:[], 43:[], 44:[], 45:[], 46:[], 47:[], 48:[], 49:[], 50:[], 51:[], 52:[], 53:[], 54:[], 55:[], 56:[], 57:[], 58:[], 59:[], 60:[], 61:[], 62:[], 63:[], 64:[], 65:[], 66:[], 67:[], 68:[], 69:[], 70:[], 71:[], 72:[], 73:[], 74:[], 75:[], 76:[], 77:[], 78:[], 79:[], 80:[], 81:[], 82:[], 83:[], 84:[], 85:[], 86:[], 87:[], 88:[], 89:[], 90:[], 91:[], 92:[], 93:[], 94:[], 95:[], 96:[], 97:[], 98:[], 99:[], 100:[], 101:[], 102:[], 103:[], 104:[], 105:[], 106:[], 107:[], 108:[], 109:[], 110:[], 111:[], 112:[], 113:[], 114:[], 115:[], 116:[], 117:[], 118:[], 119:[], 120:[], 121:[], 122:[], 123:[], 124:[], 125:[], 126:[], 127:[], 128:[], 129:[], 130:[], 131:[], 132:[], 133:[], 134:[], 135:[], 136:[], 137:[], 138:[], 139:[], 140:[], 141:[], 142:[], 143:[], 144:[], 145:[], 146:[], 147:[], 148:[], 149:[], 150:[], 151:[], 152:[], 153:[], 154:[], 155:[], 156:[], 157:[], 158:[], 159:[], 160:[], 161:[], 162:[], 163:[], 164:[], 165:[], 166:[], 167:[], 168:[], 169:[], 170:[], 171:[], 172:[], 173:[], 174:[], 175:[]",55180636808,65351274433
4253,2,27695.0667,26862158,401043399,3202305543,798.7811,false,178,true,true,true,true,true,false,false,"0:[0, 1, 2, 3, 4, 5, 6, 7, 8, 9, 10, 11, 12, 13, 14, 15, 16, 17, 18, 19, 20, 21, 22, 23, 24, 25, 26, 27, 28, 29, 30, 31, 32, 33, 34, 35, 36, 37, 38, 39, 40, 41, 42, 43, 44, 45, 46, 47, 48, 49, 50, 51, 52, 53, 54, 55, 56, 57, 58, 59, 60, 61, 62, 63, 64, 65, 66, 67, 68, 69, 70, 71, 72, 73, 74, 75, 76, 77, 78, 79, 80, 81, 82, 83, 84, 85, 86, 87, 88, 89, 90, 91, 92, 93, 94, 95, 96, 97, 98, 99, 100, 101, 102, 103, 104, 105, 106, 107, 108, 109, 110, 111, 112, 113, 114, 115, 116, 117, 118, 119, 120, 121, 122, 123, 124, 125, 126, 127, 128, 129, 130, 131, 132, 133, 134, 135, 136, 137, 138, 139, 140, 141, 142, 143, 144, 145, 146, 147, 148, 149, 150, 151, 152, 153, 154, 155, 156, 157, 158, 159, 160, 161, 162, 163, 164, 165, 166, 167, 168, 169, 170, 171, 172, 173, 174, 175, 176, 177], 1:[], 2:[], 3:[], 4:[], 5:[], 6:[], 7:[], 8:[], 9:[], 10:[], 11:[], 12:[], 13:[], 14:[], 15:[], 16:[], 17:[], 18:[], 19:[], 20:[], 21:[], 22:[], 23:[], 24:[], 25:[], 26:[], 27:[], 28:[], 29:[], 30:[], 31:[], 32:[], 33:[], 34:[], 35:[], 36:[], 37:[], 38:[], 39:[], 40:[], 41:[], 42:[], 43:[], 44:[], 45:[], 46:[], 47:[], 48:[], 49:[], 50:[], 51:[], 52:[], 53:[], 54:[], 55:[], 56:[], 57:[], 58:[], 59:[], 60:[], 61:[], 62:[], 63:[], 64:[], 65:[], 66:[], 67:[], 68:[], 69:[], 70:[], 71:[], 72:[], 73:[], 74:[], 75:[], 76:[], 77:[], 78:[], 79:[], 80:[], 81:[], 82:[], 83:[], 84:[], 85:[], 86:[], 87:[], 88:[], 89:[], 90:[], 91:[], 92:[], 93:[], 94:[], 95:[], 96:[], 97:[], 98:[], 99:[], 100:[], 101:[], 102:[], 103:[], 104:[], 105:[], 106:[], 107:[], 108:[], 109:[], 110:[], 111:[], 112:[], 113:[], 114:[], 115:[], 116:[], 117:[], 118:[], 119:[], 120:[], 121:[], 122:[], 123:[], 124:[], 125:[], 126:[], 127:[], 128:[], 129:[], 130:[], 131:[], 132:[], 133:[], 134:[], 135:[], 136:[], 137:[], 138:[], 139:[], 140:[], 141:[], 142:[], 143:[], 144:[], 145:[], 146:[], 147:[], 148:[], 149:[], 150:[], 151:[], 152:[], 153:[], 154:[], 155:[], 156:[], 157:[], 158:[], 159:[], 160:[], 161:[], 162:[], 163:[], 164:[], 165:[], 166:[], 167:[], 168:[], 169:[], 170:[], 171:[], 172:[], 173:[], 174:[], 175:[], 176:[], 177:[]",55410959920,65686061331
4259,2,27874.8853,26975794,402741462,3215868248,876.8880,false,178,true,true,true,true,true,false,false,"0:[0, 1, 2, 3, 4, 5, 6, 7, 8, 9, 10, 11, 12, 13, 14, 15, 16, 17, 18, 19, 20, 21, 22, 23, 24, 25, 26, 27, 28, 29, 30, 31, 32, 33, 34, 35, 36, 37, 38, 39, 40, 41, 42, 43, 44, 45, 46, 47, 48, 49, 50, 51, 52, 53, 54, 55, 56, 57, 58, 59, 60, 61, 62, 63, 64, 65, 66, 67, 68, 69, 70, 71, 72, 73, 74, 75, 76, 77, 78, 79, 80, 81, 82, 83, 84, 85, 86, 87, 88, 89, 90, 91, 92, 93, 94, 95, 96, 97, 98, 99, 100, 101, 102, 103, 104, 105, 106, 107, 108, 109, 110, 111, 112, 113, 114, 115, 116, 117, 118, 119, 120, 121, 122, 123, 124, 125, 126, 127, 128, 129, 130, 131, 132, 133, 134, 135, 136, 137, 138, 139, 140, 141, 142, 143, 144, 145, 146, 147, 148, 149, 150, 151, 152, 153, 154, 155, 156, 157, 158, 159, 160, 161, 162, 163, 164, 165, 166, 167, 168, 169, 170, 171, 172, 173, 174, 175, 176, 177], 1:[], 2:[], 3:[], 4:[], 5:[], 6:[], 7:[], 8:[], 9:[], 10:[], 11:[], 12:[], 13:[], 14:[], 15:[], 16:[], 17:[], 18:[], 19:[], 20:[], 21:[], 22:[], 23:[], 24:[], 25:[], 26:[], 27:[], 28:[], 29:[], 30:[], 31:[], 32:[], 33:[], 34:[], 35:[], 36:[], 37:[], 38:[], 39:[], 40:[], 41:[], 42:[], 43:[], 44:[], 45:[], 46:[], 47:[], 48:[], 49:[], 50:[], 51:[], 52:[], 53:[], 54:[], 55:[], 56:[], 57:[], 58:[], 59:[], 60:[], 61:[], 62:[], 63:[], 64:[], 65:[], 66:[], 67:[], 68:[], 69:[], 70:[], 71:[], 72:[], 73:[], 74:[], 75:[], 76:[], 77:[], 78:[], 79:[], 80:[], 81:[], 82:[], 83:[], 84:[], 85:[], 86:[], 87:[], 88:[], 89:[], 90:[], 91:[], 92:[], 93:[], 94:[], 95:[], 96:[], 97:[], 98:[], 99:[], 100:[], 101:[], 102:[], 103:[], 104:[], 105:[], 106:[], 107:[], 108:[], 109:[], 110:[], 111:[], 112:[], 113:[], 114:[], 115:[], 116:[], 117:[], 118:[], 119:[], 120:[], 121:[], 122:[], 123:[], 124:[], 125:[], 126:[], 127:[], 128:[], 129:[], 130:[], 131:[], 132:[], 133:[], 134:[], 135:[], 136:[], 137:[], 138:[], 139:[], 140:[], 141:[], 142:[], 143:[], 144:[], 145:[], 146:[], 147:[], 148:[], 149:[], 150:[], 151:[], 152:[], 153:[], 154:[], 155:[], 156:[], 157:[], 158:[], 159:[], 160:[], 161:[], 162:[], 163:[], 164:[], 165:[], 166:[], 167:[], 168:[], 169:[], 170:[], 171:[], 172:[], 173:[], 174:[], 175:[], 176:[], 177:[]",55549532224,65887426542
4261,2,28391.5785,27013743,403310064,3220416098,808.2651,false,177,true,true,true,true,true,false,false,"0:[0, 1, 2, 3, 4, 5, 6, 7, 8, 9, 10, 11, 12, 13, 14, 15, 16, 17, 18, 19, 20, 21, 22, 23, 24, 25, 26, 27, 28, 29, 30, 31, 32, 33, 34, 35, 36, 37, 38, 39, 40, 41, 42, 43, 44, 45, 46, 47, 48, 49, 50, 51, 52, 53, 54, 55, 56, 57, 58, 59, 60, 61, 62, 63, 64, 65, 66, 67, 68, 69, 70, 71, 72, 73, 74, 75, 76, 77, 78, 79, 80, 81, 82, 83, 84, 85, 86, 87, 88, 89, 90, 91, 92, 93, 94, 95, 96, 97, 98, 99, 100, 101, 102, 103, 104, 105, 106, 107, 108, 109, 110, 111, 112, 113, 114, 115, 116, 117, 118, 119, 120, 121, 122, 123, 124, 125, 126, 127, 128, 129, 130, 131, 132, 133, 134, 135, 136, 137, 138, 139, 140, 141, 142, 143, 144, 145, 146, 147, 148, 149, 150, 151, 152, 153, 154, 155, 156, 157, 158, 159, 160, 161, 162, 163, 164, 165, 166, 167, 168, 169, 170, 171, 172, 173, 174, 175, 176], 1:[], 2:[], 3:[], 4:[], 5:[], 6:[], 7:[], 8:[], 9:[], 10:[], 11:[], 12:[], 13:[], 14:[], 15:[], 16:[], 17:[], 18:[], 19:[], 20:[], 21:[], 22:[], 23:[], 24:[], 25:[], 26:[], 27:[], 28:[], 29:[], 30:[], 31:[], 32:[], 33:[], 34:[], 35:[], 36:[], 37:[], 38:[], 39:[], 40:[], 41:[], 42:[], 43:[], 44:[], 45:[], 46:[], 47:[], 48:[], 49:[], 50:[], 51:[], 52:[], 53:[], 54:[], 55:[], 56:[], 57:[], 58:[], 59:[], 60:[], 61:[], 62:[], 63:[], 64:[], 65:[], 66:[], 67:[], 68:[], 69:[], 70:[], 71:[], 72:[], 73:[], 74:[], 75:[], 76:[], 77:[], 78:[], 79:[], 80:[], 81:[], 82:[], 83:[], 84:[], 85:[], 86:[], 87:[], 88:[], 89:[], 90:[], 91:[], 92:[], 93:[], 94:[], 95:[], 96:[], 97:[], 98:[], 99:[], 100:[], 101:[], 102:[], 103:[], 104:[], 105:[], 106:[], 107:[], 108:[], 109:[], 110:[], 111:[], 112:[], 113:[], 114:[], 115:[], 116:[], 117:[], 118:[], 119:[], 120:[], 121:[], 122:[], 123:[], 124:[], 125:[], 126:[], 127:[], 128:[], 129:[], 130:[], 131:[], 132:[], 133:[], 134:[], 135:[], 136:[], 137:[], 138:[], 139:[], 140:[], 141:[], 142:[], 143:[], 144:[], 145:[], 146:[], 147:[], 148:[], 149:[], 150:[], 151:[], 152:[], 153:[], 154:[], 155:[], 156:[], 157:[], 158:[], 159:[], 160:[], 161:[], 162:[], 163:[], 164:[], 165:[], 166:[], 167:[], 168:[], 169:[], 170:[], 171:[], 172:[], 173:[], 174:[], 175:[], 176:[]",55595931160,65954898792
4271,7,30369.2034,27204025,406154274,3243136704,824.7305,false,177,true,true,true,true,true,false,false,"0:[0, 1, 2, 3, 4, 5, 6, 7, 8, 9, 10, 11, 12, 13, 14, 15, 16, 17, 18, 19, 20, 21, 22, 23, 24, 25, 26, 27, 28, 29, 30, 31, 32, 33, 34, 35, 36, 37, 38, 39, 40, 41, 42, 43, 44, 45, 46, 47, 48, 49, 50, 51, 52, 53, 54, 55, 56, 57, 58, 59, 60, 61, 62, 63, 64, 65, 66, 67, 68, 69, 70, 71, 72, 73, 74, 75, 76, 77, 78, 79, 80, 81, 82, 83, 84, 85, 86, 87, 88, 89, 90, 91, 92, 93, 94, 95, 96, 97, 98, 99, 100, 101, 102, 103, 104, 105, 106, 107, 108, 109, 110, 111, 112, 113, 114, 115, 116, 117, 118, 119, 120, 121, 122, 123, 124, 125, 126, 127, 128, 129, 130, 131, 132, 133, 134, 135, 136, 137, 138, 139, 140, 141, 142, 143, 144, 145, 146, 147, 148, 149, 150, 151, 152, 153, 154, 155, 156, 157, 158, 159, 160, 161, 162, 163, 164, 165, 166, 167, 168, 169, 170, 171, 172, 173, 174, 175, 176], 1:[], 2:[], 3:[], 4:[], 5:[], 6:[], 7:[], 8:[], 9:[], 10:[], 11:[], 12:[], 13:[], 14:[], 15:[], 16:[], 17:[], 18:[], 19:[], 20:[], 21:[], 22:[], 23:[], 24:[], 25:[], 26:[], 27:[], 28:[], 29:[], 30:[], 31:[], 32:[], 33:[], 34:[], 35:[], 36:[], 37:[], 38:[], 39:[], 40:[], 41:[], 42:[], 43:[], 44:[], 45:[], 46:[], 47:[], 48:[], 49:[], 50:[], 51:[], 52:[], 53:[], 54:[], 55:[], 56:[], 57:[], 58:[], 59:[], 60:[], 61:[], 62:[], 63:[], 64:[], 65:[], 66:[], 67:[], 68:[], 69:[], 70:[], 71:[], 72:[], 73:[], 74:[], 75:[], 76:[], 77:[], 78:[], 79:[], 80:[], 81:[], 82:[], 83:[], 84:[], 85:[], 86:[], 87:[], 88:[], 89:[], 90:[], 91:[], 92:[], 93:[], 94:[], 95:[], 96:[], 97:[], 98:[], 99:[], 100:[], 101:[], 102:[], 103:[], 104:[], 105:[], 106:[], 107:[], 108:[], 109:[], 110:[], 111:[], 112:[], 113:[], 114:[], 115:[], 116:[], 117:[], 118:[], 119:[], 120:[], 121:[], 122:[], 123:[], 124:[], 125:[], 126:[], 127:[], 128:[], 129:[], 130:[], 131:[], 132:[], 133:[], 134:[], 135:[], 136:[], 137:[], 138:[], 139:[], 140:[], 141:[], 142:[], 143:[], 144:[], 145:[], 146:[], 147:[], 148:[], 149:[], 150:[], 151:[], 152:[], 153:[], 154:[], 155:[], 156:[], 157:[], 158:[], 159:[], 160:[], 161:[], 162:[], 163:[], 164:[], 165:[], 166:[], 167:[], 168:[], 169:[], 170:[], 171:[], 172:[], 173:[], 174:[], 175:[], 176:[]",55828034728,66292202994
4273,5,32761.3371,27242188,406726031,3247709488,802.1599,false,178,true,true,true,true,true,false,false,"0:[0, 1, 2, 3, 4, 5, 6, 7, 8, 9, 10, 11, 12, 13, 14, 15, 16, 17, 18, 19, 20, 21, 22, 23, 24, 25, 26, 27, 28, 29, 30, 31, 32, 33, 34, 35, 36, 37, 38, 39, 40, 41, 42, 43, 44, 45, 46, 47, 48, 49, 50, 51, 52, 53, 54, 55, 56, 57, 58, 59, 60, 61, 62, 63, 64, 65, 66, 67, 68, 69, 70, 71, 72, 73, 74, 75, 76, 77, 78, 79, 80, 81, 82, 83, 84, 85, 86, 87, 88, 89, 90, 91, 92, 93, 94, 95, 96, 97, 98, 99, 100, 101, 102, 103, 104, 105, 106, 107, 108, 109, 110, 111, 112, 113, 114, 115, 116, 117, 118, 119, 120, 121, 122, 123, 124, 125, 126, 127, 128, 129, 130, 131, 132, 133, 134, 135, 136, 137, 138, 139, 140, 141, 142, 143, 144, 145, 146, 147, 148, 149, 150, 151, 152, 153, 154, 155, 156, 157, 158, 159, 160, 161, 162, 163, 164, 165, 166, 167, 168, 169, 170, 171, 172, 173, 174, 175, 176, 177], 1:[], 2:[], 3:[], 4:[], 5:[], 6:[], 7:[], 8:[], 9:[], 10:[], 11:[], 12:[], 13:[], 14:[], 15:[], 16:[], 17:[], 18:[], 19:[], 20:[], 21:[], 22:[], 23:[], 24:[], 25:[], 26:[], 27:[], 28:[], 29:[], 30:[], 31:[], 32:[], 33:[], 34:[], 35:[], 36:[], 37:[], 38:[], 39:[], 40:[], 41:[], 42:[], 43:[], 44:[], 45:[], 46:[], 47:[], 48:[], 49:[], 50:[], 51:[], 52:[], 53:[], 54:[], 55:[], 56:[], 57:[], 58:[], 59:[], 60:[], 61:[], 62:[], 63:[], 64:[], 65:[], 66:[], 67:[], 68:[], 69:[], 70:[], 71:[], 72:[], 73:[], 74:[], 75:[], 76:[], 77:[], 78:[], 79:[], 80:[], 81:[], 82:[], 83:[], 84:[], 85:[], 86:[], 87:[], 88:[], 89:[], 90:[], 91:[], 92:[], 93:[], 94:[], 95:[], 96:[], 97:[], 98:[], 99:[], 100:[], 101:[], 102:[], 103:[], 104:[], 105:[], 106:[], 107:[], 108:[], 109:[], 110:[], 111:[], 112:[], 113:[], 114:[], 115:[], 116:[], 117:[], 118:[], 119:[], 120:[], 121:[], 122:[], 123:[], 124:[], 125:[], 126:[], 127:[], 128:[], 129:[], 130:[], 131:[], 132:[], 133:[], 134:[], 135:[], 136:[], 137:[], 138:[], 139:[], 140:[], 141:[], 142:[], 143:[], 144:[], 145:[], 146:[], 147:[], 148:[], 149:[], 150:[], 151:[], 152:[], 153:[], 154:[], 155:[], 156:[], 157:[], 158:[], 159:[], 160:[], 161:[], 162:[], 163:[], 164:[], 165:[], 166:[], 167:[], 168:[], 169:[], 170:[], 171:[], 172:[], 173:[], 174:[], 175:[], 176:[], 177:[]",55874691200,66360049067
4283,2,27647.3539,27433540,409586315,3270558923,811.9904,false,178,true,true,true,true,true,false,false,"0:[0, 1, 2, 3, 4, 5, 6, 7, 8, 9, 10, 11, 12, 13, 14, 15, 16, 17, 18, 19, 20, 21, 22, 23, 24, 25, 26, 27, 28, 29, 30, 31, 32, 33, 34, 35, 36, 37, 38, 39, 40, 41, 42, 43, 44, 45, 46, 47, 48, 49, 50, 51, 52, 53, 54, 55, 56, 57, 58, 59, 60, 61, 62, 63, 64, 65, 66, 67, 68, 69, 70, 71, 72, 73, 74, 75, 76, 77, 78, 79, 80, 81, 82, 83, 84, 85, 86, 87, 88, 89, 90, 91, 92, 93, 94, 95, 96, 97, 98, 99, 100, 101, 102, 103, 104, 105, 106, 107, 108, 109, 110, 111, 112, 113, 114, 115, 116, 117, 118, 119, 120, 121, 122, 123, 124, 125, 126, 127, 128, 129, 130, 131, 132, 133, 134, 135, 136, 137, 138, 139, 140, 141, 142, 143, 144, 145, 146, 147, 148, 149, 150, 151, 152, 153, 154, 155, 156, 157, 158, 159, 160, 161, 162, 163, 164, 165, 166, 167, 168, 169, 170, 171, 172, 173, 174, 175, 176, 177], 1:[], 2:[], 3:[], 4:[], 5:[], 6:[], 7:[], 8:[], 9:[], 10:[], 11:[], 12:[], 13:[], 14:[], 15:[], 16:[], 17:[], 18:[], 19:[], 20:[], 21:[], 22:[], 23:[], 24:[], 25:[], 26:[], 27:[], 28:[], 29:[], 30:[], 31:[], 32:[], 33:[], 34:[], 35:[], 36:[], 37:[], 38:[], 39:[], 40:[], 41:[], 42:[], 43:[], 44:[], 45:[], 46:[], 47:[], 48:[], 49:[], 50:[], 51:[], 52:[], 53:[], 54:[], 55:[], 56:[], 57:[], 58:[], 59:[], 60:[], 61:[], 62:[], 63:[], 64:[], 65:[], 66:[], 67:[], 68:[], 69:[], 70:[], 71:[], 72:[], 73:[], 74:[], 75:[], 76:[], 77:[], 78:[], 79:[], 80:[], 81:[], 82:[], 83:[], 84:[], 85:[], 86:[], 87:[], 88:[], 89:[], 90:[], 91:[], 92:[], 93:[], 94:[], 95:[], 96:[], 97:[], 98:[], 99:[], 100:[], 101:[], 102:[], 103:[], 104:[], 105:[], 106:[], 107:[], 108:[], 109:[], 110:[], 111:[], 112:[], 113:[], 114:[], 115:[], 116:[], 117:[], 118:[], 119:[], 120:[], 121:[], 122:[], 123:[], 124:[], 125:[], 126:[], 127:[], 128:[], 129:[], 130:[], 131:[], 132:[], 133:[], 134:[], 135:[], 136:[], 137:[], 138:[], 139:[], 140:[], 141:[], 142:[], 143:[], 144:[], 145:[], 146:[], 147:[], 148:[], 149:[], 150:[], 151:[], 152:[], 153:[], 154:[], 155:[], 156:[], 157:[], 158:[], 159:[], 160:[], 161:[], 162:[], 163:[], 164:[], 165:[], 166:[], 167:[], 168:[], 169:[], 170:[], 171:[], 172:[], 173:[], 174:[], 175:[], 176:[], 177:[]",56108106368,66699259959
4289,3,33113.2304,27548781,411310597,3284340112,864.1110,false,179,true,true,true,true,true,false,false,"0:[0, 1, 2, 3, 4, 5, 6, 7, 8, 9, 10, 11, 12, 13, 14, 15, 16, 17, 18, 19, 20, 21, 22, 23, 24, 25, 26, 27, 28, 29, 30, 31, 32, 33, 34, 35, 36, 37, 38, 39, 40, 41, 42, 43, 44, 45, 46, 47, 48, 49, 50, 51, 52, 53, 54, 55, 56, 57, 58, 59, 60, 61, 62, 63, 64, 65, 66, 67, 68, 69, 70, 71, 72, 73, 74, 75, 76, 77, 78, 79, 80, 81, 82, 83, 84, 85, 86, 87, 88, 89, 90, 91, 92, 93, 94, 95, 96, 97, 98, 99, 100, 101, 102, 103, 104, 105, 106, 107, 108, 109, 110, 111, 112, 113, 114, 115, 116, 117, 118, 119, 120, 121, 122, 123, 124, 125, 126, 127, 128, 129, 130, 131, 132, 133, 134, 135, 136, 137, 138, 139, 140, 141, 142, 143, 144, 145, 146, 147, 148, 149, 150, 151, 152, 153, 154, 155, 156, 157, 158, 159, 160, 161, 162, 163, 164, 165, 166, 167, 168, 169, 170, 171, 172, 173, 174, 175, 176, 177, 178], 1:[], 2:[], 3:[], 4:[], 5:[], 6:[], 7:[], 8:[], 9:[], 10:[], 11:[], 12:[], 13:[], 14:[], 15:[], 16:[], 17:[], 18:[], 19:[], 20:[], 21:[], 22:[], 23:[], 24:[], 25:[], 26:[], 27:[], 28:[], 29:[], 30:[], 31:[], 32:[], 33:[], 34:[], 35:[], 36:[], 37:[], 38:[], 39:[], 40:[], 41:[], 42:[], 43:[], 44:[], 45:[], 46:[], 47:[], 48:[], 49:[], 50:[], 51:[], 52:[], 53:[], 54:[], 55:[], 56:[], 57:[], 58:[], 59:[], 60:[], 61:[], 62:[], 63:[], 64:[], 65:[], 66:[], 67:[], 68:[], 69:[], 70:[], 71:[], 72:[], 73:[], 74:[], 75:[], 76:[], 77:[], 78:[], 79:[], 80:[], 81:[], 82:[], 83:[], 84:[], 85:[], 86:[], 87:[], 88:[], 89:[], 90:[], 91:[], 92:[], 93:[], 94:[], 95:[], 96:[], 97:[], 98:[], 99:[], 100:[], 101:[], 102:[], 103:[], 104:[], 105:[], 106:[], 107:[], 108:[], 109:[], 110:[], 111:[], 112:[], 113:[], 114:[], 115:[], 116:[], 117:[], 118:[], 119:[], 120:[], 121:[], 122:[], 123:[], 124:[], 125:[], 126:[], 127:[], 128:[], 129:[], 130:[], 131:[], 132:[], 133:[], 134:[], 135:[], 136:[], 137:[], 138:[], 139:[], 140:[], 141:[], 142:[], 143:[], 144:[], 145:[], 146:[], 147:[], 148:[], 149:[], 150:[], 151:[], 152:[], 153:[], 154:[], 155:[], 156:[], 157:[], 158:[], 159:[], 160:[], 161:[], 162:[], 163:[], 164:[], 165:[], 166:[], 167:[], 168:[], 169:[], 170:[], 171:[], 172:[], 173:[], 174:[], 175:[], 176:[], 177:[], 178:[]",56248814712,66903800337
4297,5,33823.5869,27702935,413615766,3302758636,830.5499,false,179,true,true,true,true,true,false,false,"0:[0, 1, 2, 3, 4, 5, 6, 7, 8, 9, 10, 11, 12, 13, 14, 15, 16, 17, 18, 19, 20, 21, 22, 23, 24, 25, 26, 27, 28, 29, 30, 31, 32, 33, 34, 35, 36, 37, 38, 39, 40, 41, 42, 43, 44, 45, 46, 47, 48, 49, 50, 51, 52, 53, 54, 55, 56, 57, 58, 59, 60, 61, 62, 63, 64, 65, 66, 67, 68, 69, 70, 71, 72, 73, 74, 75, 76, 77, 78, 79, 80, 81, 82, 83, 84, 85, 86, 87, 88, 89, 90, 91, 92, 93, 94, 95, 96, 97, 98, 99, 100, 101, 102, 103, 104, 105, 106, 107, 108, 109, 110, 111, 112, 113, 114, 115, 116, 117, 118, 119, 120, 121, 122, 123, 124, 125, 126, 127, 128, 129, 130, 131, 132, 133, 134, 135, 136, 137, 138, 139, 140, 141, 142, 143, 144, 145, 146, 147, 148, 149, 150, 151, 152, 153, 154, 155, 156, 157, 158, 159, 160, 161, 162, 163, 164, 165, 166, 167, 168, 169, 170, 171, 172, 173, 174, 175, 176, 177, 178], 1:[], 2:[], 3:[], 4:[], 5:[], 6:[], 7:[], 8:[], 9:[], 10:[], 11:[], 12:[], 13:[], 14:[], 15:[], 16:[], 17:[], 18:[], 19:[], 20:[], 21:[], 22:[], 23:[], 24:[], 25:[], 26:[], 27:[], 28:[], 29:[], 30:[], 31:[], 32:[], 33:[], 34:[], 35:[], 36:[], 37:[], 38:[], 39:[], 40:[], 41:[], 42:[], 43:[], 44:[], 45:[], 46:[], 47:[], 48:[], 49:[], 50:[], 51:[], 52:[], 53:[], 54:[], 55:[], 56:[], 57:[], 58:[], 59:[], 60:[], 61:[], 62:[], 63:[], 64:[], 65:[], 66:[], 67:[], 68:[], 69:[], 70:[], 71:[], 72:[], 73:[], 74:[], 75:[], 76:[], 77:[], 78:[], 79:[], 80:[], 81:[], 82:[], 83:[], 84:[], 85:[], 86:[], 87:[], 88:[], 89:[], 90:[], 91:[], 92:[], 93:[], 94:[], 95:[], 96:[], 97:[], 98:[], 99:[], 100:[], 101:[], 102:[], 103:[], 104:[], 105:[], 106:[], 107:[], 108:[], 109:[], 110:[], 111:[], 112:[], 113:[], 114:[], 115:[], 116:[], 117:[], 118:[], 119:[], 120:[], 121:[], 122:[], 123:[], 124:[], 125:[], 126:[], 127:[], 128:[], 129:[], 130:[], 131:[], 132:[], 133:[], 134:[], 135:[], 136:[], 137:[], 138:[], 139:[], 140:[], 141:[], 142:[], 143:[], 144:[], 145:[], 146:[], 147:[], 148:[], 149:[], 150:[], 151:[], 152:[], 153:[], 154:[], 155:[], 156:[], 157:[], 158:[], 159:[], 160:[], 161:[], 162:[], 163:[], 164:[], 165:[], 166:[], 167:[], 168:[], 169:[], 170:[], 171:[], 172:[], 173:[], 174:[], 175:[], 176:[], 177:[], 178:[]",56436927928,67177205126
4327,3,31373.8098,28286137,422335780,3372428407,879.0260,false,181,true,true,true,true,true,false,false,"0:[0, 1, 2, 3, 4, 5, 6, 7, 8, 9, 10, 11, 12, 13, 14, 15, 16, 17, 18, 19, 20, 21, 22, 23, 24, 25, 26, 27, 28, 29, 30, 31, 32, 33, 34, 35, 36, 37, 38, 39, 40, 41, 42, 43, 44, 45, 46, 47, 48, 49, 50, 51, 52, 53, 54, 55, 56, 57, 58, 59, 60, 61, 62, 63, 64, 65, 66, 67, 68, 69, 70, 71, 72, 73, 74, 75, 76, 77, 78, 79, 80, 81, 82, 83, 84, 85, 86, 87, 88, 89, 90, 91, 92, 93, 94, 95, 96, 97, 98, 99, 100, 101, 102, 103, 104, 105, 106, 107, 108, 109, 110, 111, 112, 113, 114, 115, 116, 117, 118, 119, 120, 121, 122, 123, 124, 125, 126, 127, 128, 129, 130, 131, 132, 133, 134, 135, 136, 137, 138, 139, 140, 141, 142, 143, 144, 145, 146, 147, 148, 149, 150, 151, 152, 153, 154, 155, 156, 157, 158, 159, 160, 161, 162, 163, 164, 165, 166, 167, 168, 169, 170, 171, 172, 173, 174, 175, 176, 177, 178, 179, 180], 1:[], 2:[], 3:[], 4:[], 5:[], 6:[], 7:[], 8:[], 9:[], 10:[], 11:[], 12:[], 13:[], 14:[], 15:[], 16:[], 17:[], 18:[], 19:[], 20:[], 21:[], 22:[], 23:[], 24:[], 25:[], 26:[], 27:[], 28:[], 29:[], 30:[], 31:[], 32:[], 33:[], 34:[], 35:[], 36:[], 37:[], 38:[], 39:[], 40:[], 41:[], 42:[], 43:[], 44:[], 45:[], 46:[], 47:[], 48:[], 49:[], 50:[], 51:[], 52:[], 53:[], 54:[], 55:[], 56:[], 57:[], 58:[], 59:[], 60:[], 61:[], 62:[], 63:[], 64:[], 65:[], 66:[], 67:[], 68:[], 69:[], 70:[], 71:[], 72:[], 73:[], 74:[], 75:[], 76:[], 77:[], 78:[], 79:[], 80:[], 81:[], 82:[], 83:[], 84:[], 85:[], 86:[], 87:[], 88:[], 89:[], 90:[], 91:[], 92:[], 93:[], 94:[], 95:[], 96:[], 97:[], 98:[], 99:[], 100:[], 101:[], 102:[], 103:[], 104:[], 105:[], 106:[], 107:[], 108:[], 109:[], 110:[], 111:[], 112:[], 113:[], 114:[], 115:[], 116:[], 117:[], 118:[], 119:[], 120:[], 121:[], 122:[], 123:[], 124:[], 125:[], 126:[], 127:[], 128:[], 129:[], 130:[], 131:[], 132:[], 133:[], 134:[], 135:[], 136:[], 137:[], 138:[], 139:[], 140:[], 141:[], 142:[], 143:[], 144:[], 145:[], 146:[], 147:[], 148:[], 149:[], 150:[], 151:[], 152:[], 153:[], 154:[], 155:[], 156:[], 157:[], 158:[], 159:[], 160:[], 161:[], 162:[], 163:[], 164:[], 165:[], 166:[], 167:[], 168:[], 169:[], 170:[], 171:[], 172:[], 173:[], 174:[], 175:[], 176:[], 177:[], 178:[], 179:[], 180:[]",57148525896,68211408828
4337,3,33628.2579,28482341,425270857,3395884243,858.1848,false,180,true,true,true,true,true,false,false,"0:[0, 1, 2, 3, 4, 5, 6, 7, 8, 9, 10, 11, 12, 13, 14, 15, 16, 17, 18, 19, 20, 21, 22, 23, 24, 25, 26, 27, 28, 29, 30, 31, 32, 33, 34, 35, 36, 37, 38, 39, 40, 41, 42, 43, 44, 45, 46, 47, 48, 49, 50, 51, 52, 53, 54, 55, 56, 57, 58, 59, 60, 61, 62, 63, 64, 65, 66, 67, 68, 69, 70, 71, 72, 73, 74, 75, 76, 77, 78, 79, 80, 81, 82, 83, 84, 85, 86, 87, 88, 89, 90, 91, 92, 93, 94, 95, 96, 97, 98, 99, 100, 101, 102, 103, 104, 105, 106, 107, 108, 109, 110, 111, 112, 113, 114, 115, 116, 117, 118, 119, 120, 121, 122, 123, 124, 125, 126, 127, 128, 129, 130, 131, 132, 133, 134, 135, 136, 137, 138, 139, 140, 141, 142, 143, 144, 145, 146, 147, 148, 149, 150, 151, 152, 153, 154, 155, 156, 157, 158, 159, 160, 161, 162, 163, 164, 165, 166, 167, 168, 169, 170, 171, 172, 173, 174, 175, 176, 177, 178, 179], 1:[], 2:[], 3:[], 4:[], 5:[], 6:[], 7:[], 8:[], 9:[], 10:[], 11:[], 12:[], 13:[], 14:[], 15:[], 16:[], 17:[], 18:[], 19:[], 20:[], 21:[], 22:[], 23:[], 24:[], 25:[], 26:[], 27:[], 28:[], 29:[], 30:[], 31:[], 32:[], 33:[], 34:[], 35:[], 36:[], 37:[], 38:[], 39:[], 40:[], 41:[], 42:[], 43:[], 44:[], 45:[], 46:[], 47:[], 48:[], 49:[], 50:[], 51:[], 52:[], 53:[], 54:[], 55:[], 56:[], 57:[], 58:[], 59:[], 60:[], 61:[], 62:[], 63:[], 64:[], 65:[], 66:[], 67:[], 68:[], 69:[], 70:[], 71:[], 72:[], 73:[], 74:[], 75:[], 76:[], 77:[], 78:[], 79:[], 80:[], 81:[], 82:[], 83:[], 84:[], 85:[], 86:[], 87:[], 88:[], 89:[], 90:[], 91:[], 92:[], 93:[], 94:[], 95:[], 96:[], 97:[], 98:[], 99:[], 100:[], 101:[], 102:[], 103:[], 104:[], 105:[], 106:[], 107:[], 108:[], 109:[], 110:[], 111:[], 112:[], 113:[], 114:[], 115:[], 116:[], 117:[], 118:[], 119:[], 120:[], 121:[], 122:[], 123:[], 124:[], 125:[], 126:[], 127:[], 128:[], 129:[], 130:[], 131:[], 132:[], 133:[], 134:[], 135:[], 136:[], 137:[], 138:[], 139:[], 140:[], 141:[], 142:[], 143:[], 144:[], 145:[], 146:[], 147:[], 148:[], 149:[], 150:[], 151:[], 152:[], 153:[], 154:[], 155:[], 156:[], 157:[], 158:[], 159:[], 160:[], 161:[], 162:[], 163:[], 164:[], 165:[], 166:[], 167:[], 168:[], 169:[], 170:[], 171:[], 172:[], 173:[], 174:[], 175:[], 176:[], 177:[], 178:[], 179:[]",57388040952,68559555717
4339,2,28868.4133,28521691,425858201,3400572826,858.3129,false,181,true,true,true,true,true,false,false,"0:[0, 1, 2, 3, 4, 5, 6, 7, 8, 9, 10, 11, 12, 13, 14, 15, 16, 17, 18, 19, 20, 21, 22, 23, 24, 25, 26, 27, 28, 29, 30, 31, 32, 33, 34, 35, 36, 37, 38, 39, 40, 41, 42, 43, 44, 45, 46, 47, 48, 49, 50, 51, 52, 53, 54, 55, 56, 57, 58, 59, 60, 61, 62, 63, 64, 65, 66, 67, 68, 69, 70, 71, 72, 73, 74, 75, 76, 77, 78, 79, 80, 81, 82, 83, 84, 85, 86, 87, 88, 89, 90, 91, 92, 93, 94, 95, 96, 97, 98, 99, 100, 101, 102, 103, 104, 105, 106, 107, 108, 109, 110, 111, 112, 113, 114, 115, 116, 117, 118, 119, 120, 121, 122, 123, 124, 125, 126, 127, 128, 129, 130, 131, 132, 133, 134, 135, 136, 137, 138, 139, 140, 141, 142, 143, 144, 145, 146, 147, 148, 149, 150, 151, 152, 153, 154, 155, 156, 157, 158, 159, 160, 161, 162, 163, 164, 165, 166, 167, 168, 169, 170, 171, 172, 173, 174, 175, 176, 177, 178, 179, 180], 1:[], 2:[], 3:[], 4:[], 5:[], 6:[], 7:[], 8:[], 9:[], 10:[], 11:[], 12:[], 13:[], 14:[], 15:[], 16:[], 17:[], 18:[], 19:[], 20:[], 21:[], 22:[], 23:[], 24:[], 25:[], 26:[], 27:[], 28:[], 29:[], 30:[], 31:[], 32:[], 33:[], 34:[], 35:[], 36:[], 37:[], 38:[], 39:[], 40:[], 41:[], 42:[], 43:[], 44:[], 45:[], 46:[], 47:[], 48:[], 49:[], 50:[], 51:[], 52:[], 53:[], 54:[], 55:[], 56:[], 57:[], 58:[], 59:[], 60:[], 61:[], 62:[], 63:[], 64:[], 65:[], 66:[], 67:[], 68:[], 69:[], 70:[], 71:[], 72:[], 73:[], 74:[], 75:[], 76:[], 77:[], 78:[], 79:[], 80:[], 81:[], 82:[], 83:[], 84:[], 85:[], 86:[], 87:[], 88:[], 89:[], 90:[], 91:[], 92:[], 93:[], 94:[], 95:[], 96:[], 97:[], 98:[], 99:[], 100:[], 101:[], 102:[], 103:[], 104:[], 105:[], 106:[], 107:[], 108:[], 109:[], 110:[], 111:[], 112:[], 113:[], 114:[], 115:[], 116:[], 117:[], 118:[], 119:[], 120:[], 121:[], 122:[], 123:[], 124:[], 125:[], 126:[], 127:[], 128:[], 129:[], 130:[], 131:[], 132:[], 133:[], 134:[], 135:[], 136:[], 137:[], 138:[], 139:[], 140:[], 141:[], 142:[], 143:[], 144:[], 145:[], 146:[], 147:[], 148:[], 149:[], 150:[], 151:[], 152:[], 153:[], 154:[], 155:[], 156:[], 157:[], 158:[], 159:[], 160:[], 161:[], 162:[], 163:[], 164:[], 165:[], 166:[], 167:[], 168:[], 169:[], 170:[], 171:[], 172:[], 173:[], 174:[], 175:[], 176:[], 177:[], 178:[], 179:[], 180:[]",57435972872,68629184293
4349,2,30317.8334,28718982,428809600,3424159482,947.8694,false,181,true,true,true,true,true,false,false,"0:[0, 1, 2, 3, 4, 5, 6, 7, 8, 9, 10, 11, 12, 13, 14, 15, 16, 17, 18, 19, 20, 21, 22, 23, 24, 25, 26, 27, 28, 29, 30, 31, 32, 33, 34, 35, 36, 37, 38, 39, 40, 41, 42, 43, 44, 45, 46, 47, 48, 49, 50, 51, 52, 53, 54, 55, 56, 57, 58, 59, 60, 61, 62, 63, 64, 65, 66, 67, 68, 69, 70, 71, 72, 73, 74, 75, 76, 77, 78, 79, 80, 81, 82, 83, 84, 85, 86, 87, 88, 89, 90, 91, 92, 93, 94, 95, 96, 97, 98, 99, 100, 101, 102, 103, 104, 105, 106, 107, 108, 109, 110, 111, 112, 113, 114, 115, 116, 117, 118, 119, 120, 121, 122, 123, 124, 125, 126, 127, 128, 129, 130, 131, 132, 133, 134, 135, 136, 137, 138, 139, 140, 141, 142, 143, 144, 145, 146, 147, 148, 149, 150, 151, 152, 153, 154, 155, 156, 157, 158, 159, 160, 161, 162, 163, 164, 165, 166, 167, 168, 169, 170, 171, 172, 173, 174, 175, 176, 177, 178, 179, 180], 1:[], 2:[], 3:[], 4:[], 5:[], 6:[], 7:[], 8:[], 9:[], 10:[], 11:[], 12:[], 13:[], 14:[], 15:[], 16:[], 17:[], 18:[], 19:[], 20:[], 21:[], 22:[], 23:[], 24:[], 25:[], 26:[], 27:[], 28:[], 29:[], 30:[], 31:[], 32:[], 33:[], 34:[], 35:[], 36:[], 37:[], 38:[], 39:[], 40:[], 41:[], 42:[], 43:[], 44:[], 45:[], 46:[], 47:[], 48:[], 49:[], 50:[], 51:[], 52:[], 53:[], 54:[], 55:[], 56:[], 57:[], 58:[], 59:[], 60:[], 61:[], 62:[], 63:[], 64:[], 65:[], 66:[], 67:[], 68:[], 69:[], 70:[], 71:[], 72:[], 73:[], 74:[], 75:[], 76:[], 77:[], 78:[], 79:[], 80:[], 81:[], 82:[], 83:[], 84:[], 85:[], 86:[], 87:[], 88:[], 89:[], 90:[], 91:[], 92:[], 93:[], 94:[], 95:[], 96:[], 97:[], 98:[], 99:[], 100:[], 101:[], 102:[], 103:[], 104:[], 105:[], 106:[], 107:[], 108:[], 109:[], 110:[], 111:[], 112:[], 113:[], 114:[], 115:[], 116:[], 117:[], 118:[], 119:[], 120:[], 121:[], 122:[], 123:[], 124:[], 125:[], 126:[], 127:[], 128:[], 129:[], 130:[], 131:[], 132:[], 133:[], 134:[], 135:[], 136:[], 137:[], 138:[], 139:[], 140:[], 141:[], 142:[], 143:[], 144:[], 145:[], 146:[], 147:[], 148:[], 149:[], 150:[], 151:[], 152:[], 153:[], 154:[], 155:[], 156:[], 157:[], 158:[], 159:[], 160:[], 161:[], 162:[], 163:[], 164:[], 165:[], 166:[], 167:[], 168:[], 169:[], 170:[], 171:[], 172:[], 173:[], 174:[], 175:[], 176:[], 177:[], 178:[], 179:[], 180:[]",57676819776,68979267776
4357,2,30135.7931,28877467,431179619,3443096422,864.2671,false,182,true,true,true,true,true,false,false,"0:[0, 1, 2, 3, 4, 5, 6, 7, 8, 9, 10, 11, 12, 13, 14, 15, 16, 17, 18, 19, 20, 21, 22, 23, 24, 25, 26, 27, 28, 29, 30, 31, 32, 33, 34, 35, 36, 37, 38, 39, 40, 41, 42, 43, 44, 45, 46, 47, 48, 49, 50, 51, 52, 53, 54, 55, 56, 57, 58, 59, 60, 61, 62, 63, 64, 65, 66, 67, 68, 69, 70, 71, 72, 73, 74, 75, 76, 77, 78, 79, 80, 81, 82, 83, 84, 85, 86, 87, 88, 89, 90, 91, 92, 93, 94, 95, 96, 97, 98, 99, 100, 101, 102, 103, 104, 105, 106, 107, 108, 109, 110, 111, 112, 113, 114, 115, 116, 117, 118, 119, 120, 121, 122, 123, 124, 125, 126, 127, 128, 129, 130, 131, 132, 133, 134, 135, 136, 137, 138, 139, 140, 141, 142, 143, 144, 145, 146, 147, 148, 149, 150, 151, 152, 153, 154, 155, 156, 157, 158, 159, 160, 161, 162, 163, 164, 165, 166, 167, 168, 169, 170, 171, 172, 173, 174, 175, 176, 177, 178, 179, 180, 181], 1:[], 2:[], 3:[], 4:[], 5:[], 6:[], 7:[], 8:[], 9:[], 10:[], 11:[], 12:[], 13:[], 14:[], 15:[], 16:[], 17:[], 18:[], 19:[], 20:[], 21:[], 22:[], 23:[], 24:[], 25:[], 26:[], 27:[], 28:[], 29:[], 30:[], 31:[], 32:[], 33:[], 34:[], 35:[], 36:[], 37:[], 38:[], 39:[], 40:[], 41:[], 42:[], 43:[], 44:[], 45:[], 46:[], 47:[], 48:[], 49:[], 50:[], 51:[], 52:[], 53:[], 54:[], 55:[], 56:[], 57:[], 58:[], 59:[], 60:[], 61:[], 62:[], 63:[], 64:[], 65:[], 66:[], 67:[], 68:[], 69:[], 70:[], 71:[], 72:[], 73:[], 74:[], 75:[], 76:[], 77:[], 78:[], 79:[], 80:[], 81:[], 82:[], 83:[], 84:[], 85:[], 86:[], 87:[], 88:[], 89:[], 90:[], 91:[], 92:[], 93:[], 94:[], 95:[], 96:[], 97:[], 98:[], 99:[], 100:[], 101:[], 102:[], 103:[], 104:[], 105:[], 106:[], 107:[], 108:[], 109:[], 110:[], 111:[], 112:[], 113:[], 114:[], 115:[], 116:[], 117:[], 118:[], 119:[], 120:[], 121:[], 122:[], 123:[], 124:[], 125:[], 126:[], 127:[], 128:[], 129:[], 130:[], 131:[], 132:[], 133:[], 134:[], 135:[], 136:[], 137:[], 138:[], 139:[], 140:[], 141:[], 142:[], 143:[], 144:[], 145:[], 146:[], 147:[], 148:[], 149:[], 150:[], 151:[], 152:[], 153:[], 154:[], 155:[], 156:[], 157:[], 158:[], 159:[], 160:[], 161:[], 162:[], 163:[], 164:[], 165:[], 166:[], 167:[], 168:[], 169:[], 170:[], 171:[], 172:[], 173:[], 174:[], 175:[], 176:[], 177:[], 178:[], 179:[], 180:[], 181:[]",57870224936,69260363543
4363,2,29778.7373,28996713,432961794,3457332174,906.5143,false,181,true,true,true,true,true,false,false,"0:[0, 1, 2, 3, 4, 5, 6, 7, 8, 9, 10, 11, 12, 13, 14, 15, 16, 17, 18, 19, 20, 21, 22, 23, 24, 25, 26, 27, 28, 29, 30, 31, 32, 33, 34, 35, 36, 37, 38, 39, 40, 41, 42, 43, 44, 45, 46, 47, 48, 49, 50, 51, 52, 53, 54, 55, 56, 57, 58, 59, 60, 61, 62, 63, 64, 65, 66, 67, 68, 69, 70, 71, 72, 73, 74, 75, 76, 77, 78, 79, 80, 81, 82, 83, 84, 85, 86, 87, 88, 89, 90, 91, 92, 93, 94, 95, 96, 97, 98, 99, 100, 101, 102, 103, 104, 105, 106, 107, 108, 109, 110, 111, 112, 113, 114, 115, 116, 117, 118, 119, 120, 121, 122, 123, 124, 125, 126, 127, 128, 129, 130, 131, 132, 133, 134, 135, 136, 137, 138, 139, 140, 141, 142, 143, 144, 145, 146, 147, 148, 149, 150, 151, 152, 153, 154, 155, 156, 157, 158, 159, 160, 161, 162, 163, 164, 165, 166, 167, 168, 169, 170, 171, 172, 173, 174, 175, 176, 177, 178, 179, 180], 1:[], 2:[], 3:[], 4:[], 5:[], 6:[], 7:[], 8:[], 9:[], 10:[], 11:[], 12:[], 13:[], 14:[], 15:[], 16:[], 17:[], 18:[], 19:[], 20:[], 21:[], 22:[], 23:[], 24:[], 25:[], 26:[], 27:[], 28:[], 29:[], 30:[], 31:[], 32:[], 33:[], 34:[], 35:[], 36:[], 37:[], 38:[], 39:[], 40:[], 41:[], 42:[], 43:[], 44:[], 45:[], 46:[], 47:[], 48:[], 49:[], 50:[], 51:[], 52:[], 53:[], 54:[], 55:[], 56:[], 57:[], 58:[], 59:[], 60:[], 61:[], 62:[], 63:[], 64:[], 65:[], 66:[], 67:[], 68:[], 69:[], 70:[], 71:[], 72:[], 73:[], 74:[], 75:[], 76:[], 77:[], 78:[], 79:[], 80:[], 81:[], 82:[], 83:[], 84:[], 85:[], 86:[], 87:[], 88:[], 89:[], 90:[], 91:[], 92:[], 93:[], 94:[], 95:[], 96:[], 97:[], 98:[], 99:[], 100:[], 101:[], 102:[], 103:[], 104:[], 105:[], 106:[], 107:[], 108:[], 109:[], 110:[], 111:[], 112:[], 113:[], 114:[], 115:[], 116:[], 117:[], 118:[], 119:[], 120:[], 121:[], 122:[], 123:[], 124:[], 125:[], 126:[], 127:[], 128:[], 129:[], 130:[], 131:[], 132:[], 133:[], 134:[], 135:[], 136:[], 137:[], 138:[], 139:[], 140:[], 141:[], 142:[], 143:[], 144:[], 145:[], 146:[], 147:[], 148:[], 149:[], 150:[], 151:[], 152:[], 153:[], 154:[], 155:[], 156:[], 157:[], 158:[], 159:[], 160:[], 161:[], 162:[], 163:[], 164:[], 165:[], 166:[], 167:[], 168:[], 169:[], 170:[], 171:[], 172:[], 173:[], 174:[], 175:[], 176:[], 177:[], 178:[], 179:[], 180:[]",58015660840,69471705138
4373,2,35027.0874,29196186,435945842,3481179585,876.6787,false,183,true,true,true,true,true,false,false,"0:[0, 1, 2, 3, 4, 5, 6, 7, 8, 9, 10, 11, 12, 13, 14, 15, 16, 17, 18, 19, 20, 21, 22, 23, 24, 25, 26, 27, 28, 29, 30, 31, 32, 33, 34, 35, 36, 37, 38, 39, 40, 41, 42, 43, 44, 45, 46, 47, 48, 49, 50, 51, 52, 53, 54, 55, 56, 57, 58, 59, 60, 61, 62, 63, 64, 65, 66, 67, 68, 69, 70, 71, 72, 73, 74, 75, 76, 77, 78, 79, 80, 81, 82, 83, 84, 85, 86, 87, 88, 89, 90, 91, 92, 93, 94, 95, 96, 97, 98, 99, 100, 101, 102, 103, 104, 105, 106, 107, 108, 109, 110, 111, 112, 113, 114, 115, 116, 117, 118, 119, 120, 121, 122, 123, 124, 125, 126, 127, 128, 129, 130, 131, 132, 133, 134, 135, 136, 137, 138, 139, 140, 141, 142, 143, 144, 145, 146, 147, 148, 149, 150, 151, 152, 153, 154, 155, 156, 157, 158, 159, 160, 161, 162, 163, 164, 165, 166, 167, 168, 169, 170, 171, 172, 173, 174, 175, 176, 177, 178, 179, 180, 181, 182], 1:[], 2:[], 3:[], 4:[], 5:[], 6:[], 7:[], 8:[], 9:[], 10:[], 11:[], 12:[], 13:[], 14:[], 15:[], 16:[], 17:[], 18:[], 19:[], 20:[], 21:[], 22:[], 23:[], 24:[], 25:[], 26:[], 27:[], 28:[], 29:[], 30:[], 31:[], 32:[], 33:[], 34:[], 35:[], 36:[], 37:[], 38:[], 39:[], 40:[], 41:[], 42:[], 43:[], 44:[], 45:[], 46:[], 47:[], 48:[], 49:[], 50:[], 51:[], 52:[], 53:[], 54:[], 55:[], 56:[], 57:[], 58:[], 59:[], 60:[], 61:[], 62:[], 63:[], 64:[], 65:[], 66:[], 67:[], 68:[], 69:[], 70:[], 71:[], 72:[], 73:[], 74:[], 75:[], 76:[], 77:[], 78:[], 79:[], 80:[], 81:[], 82:[], 83:[], 84:[], 85:[], 86:[], 87:[], 88:[], 89:[], 90:[], 91:[], 92:[], 93:[], 94:[], 95:[], 96:[], 97:[], 98:[], 99:[], 100:[], 101:[], 102:[], 103:[], 104:[], 105:[], 106:[], 107:[], 108:[], 109:[], 110:[], 111:[], 112:[], 113:[], 114:[], 115:[], 116:[], 117:[], 118:[], 119:[], 120:[], 121:[], 122:[], 123:[], 124:[], 125:[], 126:[], 127:[], 128:[], 129:[], 130:[], 131:[], 132:[], 133:[], 134:[], 135:[], 136:[], 137:[], 138:[], 139:[], 140:[], 141:[], 142:[], 143:[], 144:[], 145:[], 146:[], 147:[], 148:[], 149:[], 150:[], 151:[], 152:[], 153:[], 154:[], 155:[], 156:[], 157:[], 158:[], 159:[], 160:[], 161:[], 162:[], 163:[], 164:[], 165:[], 166:[], 167:[], 168:[], 169:[], 170:[], 171:[], 172:[], 173:[], 174:[], 175:[], 176:[], 177:[], 178:[], 179:[], 180:[], 181:[], 182:[]",58259172032,69825660410
4391,7,32088.5688,29557538,441348541,3524344003,888.4297,false,182,true,true,true,true,true,false,false,"0:[0, 1, 2, 3, 4, 5, 6, 7, 8, 9, 10, 11, 12, 13, 14, 15, 16, 17, 18, 19, 20, 21, 22, 23, 24, 25, 26, 27, 28, 29, 30, 31, 32, 33, 34, 35, 36, 37, 38, 39, 40, 41, 42, 43, 44, 45, 46, 47, 48, 49, 50, 51, 52, 53, 54, 55, 56, 57, 58, 59, 60, 61, 62, 63, 64, 65, 66, 67, 68, 69, 70, 71, 72, 73, 74, 75, 76, 77, 78, 79, 80, 81, 82, 83, 84, 85, 86, 87, 88, 89, 90, 91, 92, 93, 94, 95, 96, 97, 98, 99, 100, 101, 102, 103, 104, 105, 106, 107, 108, 109, 110, 111, 112, 113, 114, 115, 116, 117, 118, 119, 120, 121, 122, 123, 124, 125, 126, 127, 128, 129, 130, 131, 132, 133, 134, 135, 136, 137, 138, 139, 140, 141, 142, 143, 144, 145, 146, 147, 148, 149, 150, 151, 152, 153, 154, 155, 156, 157, 158, 159, 160, 161, 162, 163, 164, 165, 166, 167, 168, 169, 170, 171, 172, 173, 174, 175, 176, 177, 178, 179, 180, 181], 1:[], 2:[], 3:[], 4:[], 5:[], 6:[], 7:[], 8:[], 9:[], 10:[], 11:[], 12:[], 13:[], 14:[], 15:[], 16:[], 17:[], 18:[], 19:[], 20:[], 21:[], 22:[], 23:[], 24:[], 25:[], 26:[], 27:[], 28:[], 29:[], 30:[], 31:[], 32:[], 33:[], 34:[], 35:[], 36:[], 37:[], 38:[], 39:[], 40:[], 41:[], 42:[], 43:[], 44:[], 45:[], 46:[], 47:[], 48:[], 49:[], 50:[], 51:[], 52:[], 53:[], 54:[], 55:[], 56:[], 57:[], 58:[], 59:[], 60:[], 61:[], 62:[], 63:[], 64:[], 65:[], 66:[], 67:[], 68:[], 69:[], 70:[], 71:[], 72:[], 73:[], 74:[], 75:[], 76:[], 77:[], 78:[], 79:[], 80:[], 81:[], 82:[], 83:[], 84:[], 85:[], 86:[], 87:[], 88:[], 89:[], 90:[], 91:[], 92:[], 93:[], 94:[], 95:[], 96:[], 97:[], 98:[], 99:[], 100:[], 101:[], 102:[], 103:[], 104:[], 105:[], 106:[], 107:[], 108:[], 109:[], 110:[], 111:[], 112:[], 113:[], 114:[], 115:[], 116:[], 117:[], 118:[], 119:[], 120:[], 121:[], 122:[], 123:[], 124:[], 125:[], 126:[], 127:[], 128:[], 129:[], 130:[], 131:[], 132:[], 133:[], 134:[], 135:[], 136:[], 137:[], 138:[], 139:[], 140:[], 141:[], 142:[], 143:[], 144:[], 145:[], 146:[], 147:[], 148:[], 149:[], 150:[], 151:[], 152:[], 153:[], 154:[], 155:[], 156:[], 157:[], 158:[], 159:[], 160:[], 161:[], 162:[], 163:[], 164:[], 165:[], 166:[], 167:[], 168:[], 169:[], 170:[], 171:[], 172:[], 173:[], 174:[], 175:[], 176:[], 177:[], 178:[], 179:[], 180:[], 181:[]",59639584496,71405936737
4397,2,30600.0809,29678648,443160822,3538829215,891.3834,false,184,true,true,true,true,true,false,false,"0:[0, 1, 2, 3, 4, 5, 6, 7, 8, 9, 10, 11, 12, 13, 14, 15, 16, 17, 18, 19, 20, 21, 22, 23, 24, 25, 26, 27, 28, 29, 30, 31, 32, 33, 34, 35, 36, 37, 38, 39, 40, 41, 42, 43, 44, 45, 46, 47, 48, 49, 50, 51, 52, 53, 54, 55, 56, 57, 58, 59, 60, 61, 62, 63, 64, 65, 66, 67, 68, 69, 70, 71, 72, 73, 74, 75, 76, 77, 78, 79, 80, 81, 82, 83, 84, 85, 86, 87, 88, 89, 90, 91, 92, 93, 94, 95, 96, 97, 98, 99, 100, 101, 102, 103, 104, 105, 106, 107, 108, 109, 110, 111, 112, 113, 114, 115, 116, 117, 118, 119, 120, 121, 122, 123, 124, 125, 126, 127, 128, 129, 130, 131, 132, 133, 134, 135, 136, 137, 138, 139, 140, 141, 142, 143, 144, 145, 146, 147, 148, 149, 150, 151, 152, 153, 154, 155, 156, 157, 158, 159, 160, 161, 162, 163, 164, 165, 166, 167, 168, 169, 170, 171, 172, 173, 174, 175, 176, 177, 178, 179, 180, 181, 182, 183], 1:[], 2:[], 3:[], 4:[], 5:[], 6:[], 7:[], 8:[], 9:[], 10:[], 11:[], 12:[], 13:[], 14:[], 15:[], 16:[], 17:[], 18:[], 19:[], 20:[], 21:[], 22:[], 23:[], 24:[], 25:[], 26:[], 27:[], 28:[], 29:[], 30:[], 31:[], 32:[], 33:[], 34:[], 35:[], 36:[], 37:[], 38:[], 39:[], 40:[], 41:[], 42:[], 43:[], 44:[], 45:[], 46:[], 47:[], 48:[], 49:[], 50:[], 51:[], 52:[], 53:[], 54:[], 55:[], 56:[], 57:[], 58:[], 59:[], 60:[], 61:[], 62:[], 63:[], 64:[], 65:[], 66:[], 67:[], 68:[], 69:[], 70:[], 71:[], 72:[], 73:[], 74:[], 75:[], 76:[], 77:[], 78:[], 79:[], 80:[], 81:[], 82:[], 83:[], 84:[], 85:[], 86:[], 87:[], 88:[], 89:[], 90:[], 91:[], 92:[], 93:[], 94:[], 95:[], 96:[], 97:[], 98:[], 99:[], 100:[], 101:[], 102:[], 103:[], 104:[], 105:[], 106:[], 107:[], 108:[], 109:[], 110:[], 111:[], 112:[], 113:[], 114:[], 115:[], 116:[], 117:[], 118:[], 119:[], 120:[], 121:[], 122:[], 123:[], 124:[], 125:[], 126:[], 127:[], 128:[], 129:[], 130:[], 131:[], 132:[], 133:[], 134:[], 135:[], 136:[], 137:[], 138:[], 139:[], 140:[], 141:[], 142:[], 143:[], 144:[], 145:[], 146:[], 147:[], 148:[], 149:[], 150:[], 151:[], 152:[], 153:[], 154:[], 155:[], 156:[], 157:[], 158:[], 159:[], 160:[], 161:[], 162:[], 163:[], 164:[], 165:[], 166:[], 167:[], 168:[], 169:[], 170:[], 171:[], 172:[], 173:[], 174:[], 175:[], 176:[], 177:[], 178:[], 179:[], 180:[], 181:[], 182:[], 183:[]",59787473616,71620915998
4409,3,35632.2710,29921860,446797930,3567890550,946.3215,false,184,true,true,true,true,true,false,false,"0:[0, 1, 2, 3, 4, 5, 6, 7, 8, 9, 10, 11, 12, 13, 14, 15, 16, 17, 18, 19, 20, 21, 22, 23, 24, 25, 26, 27, 28, 29, 30, 31, 32, 33, 34, 35, 36, 37, 38, 39, 40, 41, 42, 43, 44, 45, 46, 47, 48, 49, 50, 51, 52, 53, 54, 55, 56, 57, 58, 59, 60, 61, 62, 63, 64, 65, 66, 67, 68, 69, 70, 71, 72, 73, 74, 75, 76, 77, 78, 79, 80, 81, 82, 83, 84, 85, 86, 87, 88, 89, 90, 91, 92, 93, 94, 95, 96, 97, 98, 99, 100, 101, 102, 103, 104, 105, 106, 107, 108, 109, 110, 111, 112, 113, 114, 115, 116, 117, 118, 119, 120, 121, 122, 123, 124, 125, 126, 127, 128, 129, 130, 131, 132, 133, 134, 135, 136, 137, 138, 139, 140, 141, 142, 143, 144, 145, 146, 147, 148, 149, 150, 151, 152, 153, 154, 155, 156, 157, 158, 159, 160, 161, 162, 163, 164, 165, 166, 167, 168, 169, 170, 171, 172, 173, 174, 175, 176, 177, 178, 179, 180, 181, 182, 183], 1:[], 2:[], 3:[], 4:[], 5:[], 6:[], 7:[], 8:[], 9:[], 10:[], 11:[], 12:[], 13:[], 14:[], 15:[], 16:[], 17:[], 18:[], 19:[], 20:[], 21:[], 22:[], 23:[], 24:[], 25:[], 26:[], 27:[], 28:[], 29:[], 30:[], 31:[], 32:[], 33:[], 34:[], 35:[], 36:[], 37:[], 38:[], 39:[], 40:[], 41:[], 42:[], 43:[], 44:[], 45:[], 46:[], 47:[], 48:[], 49:[], 50:[], 51:[], 52:[], 53:[], 54:[], 55:[], 56:[], 57:[], 58:[], 59:[], 60:[], 61:[], 62:[], 63:[], 64:[], 65:[], 66:[], 67:[], 68:[], 69:[], 70:[], 71:[], 72:[], 73:[], 74:[], 75:[], 76:[], 77:[], 78:[], 79:[], 80:[], 81:[], 82:[], 83:[], 84:[], 85:[], 86:[], 87:[], 88:[], 89:[], 90:[], 91:[], 92:[], 93:[], 94:[], 95:[], 96:[], 97:[], 98:[], 99:[], 100:[], 101:[], 102:[], 103:[], 104:[], 105:[], 106:[], 107:[], 108:[], 109:[], 110:[], 111:[], 112:[], 113:[], 114:[], 115:[], 116:[], 117:[], 118:[], 119:[], 120:[], 121:[], 122:[], 123:[], 124:[], 125:[], 126:[], 127:[], 128:[], 129:[], 130:[], 131:[], 132:[], 133:[], 134:[], 135:[], 136:[], 137:[], 138:[], 139:[], 140:[], 141:[], 142:[], 143:[], 144:[], 145:[], 146:[], 147:[], 148:[], 149:[], 150:[], 151:[], 152:[], 153:[], 154:[], 155:[], 156:[], 157:[], 158:[], 159:[], 160:[], 161:[], 162:[], 163:[], 164:[], 165:[], 166:[], 167:[], 168:[], 169:[], 170:[], 171:[], 172:[], 173:[], 174:[], 175:[], 176:[], 177:[], 178:[], 179:[], 180:[], 181:[], 182:[], 183:[]",60084279344,72052293346
4421,2,31449.4209,30166396,450454934,3597111261,951.3823,false,184,true,true,true,true,true,false,false,"0:[0, 1, 2, 3, 4, 5, 6, 7, 8, 9, 10, 11, 12, 13, 14, 15, 16, 17, 18, 19, 20, 21, 22, 23, 24, 25, 26, 27, 28, 29, 30, 31, 32, 33, 34, 35, 36, 37, 38, 39, 40, 41, 42, 43, 44, 45, 46, 47, 48, 49, 50, 51, 52, 53, 54, 55, 56, 57, 58, 59, 60, 61, 62, 63, 64, 65, 66, 67, 68, 69, 70, 71, 72, 73, 74, 75, 76, 77, 78, 79, 80, 81, 82, 83, 84, 85, 86, 87, 88, 89, 90, 91, 92, 93, 94, 95, 96, 97, 98, 99, 100, 101, 102, 103, 104, 105, 106, 107, 108, 109, 110, 111, 112, 113, 114, 115, 116, 117, 118, 119, 120, 121, 122, 123, 124, 125, 126, 127, 128, 129, 130, 131, 132, 133, 134, 135, 136, 137, 138, 139, 140, 141, 142, 143, 144, 145, 146, 147, 148, 149, 150, 151, 152, 153, 154, 155, 156, 157, 158, 159, 160, 161, 162, 163, 164, 165, 166, 167, 168, 169, 170, 171, 172, 173, 174, 175, 176, 177, 178, 179, 180, 181, 182, 183], 1:[], 2:[], 3:[], 4:[], 5:[], 6:[], 7:[], 8:[], 9:[], 10:[], 11:[], 12:[], 13:[], 14:[], 15:[], 16:[], 17:[], 18:[], 19:[], 20:[], 21:[], 22:[], 23:[], 24:[], 25:[], 26:[], 27:[], 28:[], 29:[], 30:[], 31:[], 32:[], 33:[], 34:[], 35:[], 36:[], 37:[], 38:[], 39:[], 40:[], 41:[], 42:[], 43:[], 44:[], 45:[], 46:[], 47:[], 48:[], 49:[], 50:[], 51:[], 52:[], 53:[], 54:[], 55:[], 56:[], 57:[], 58:[], 59:[], 60:[], 61:[], 62:[], 63:[], 64:[], 65:[], 66:[], 67:[], 68:[], 69:[], 70:[], 71:[], 72:[], 73:[], 74:[], 75:[], 76:[], 77:[], 78:[], 79:[], 80:[], 81:[], 82:[], 83:[], 84:[], 85:[], 86:[], 87:[], 88:[], 89:[], 90:[], 91:[], 92:[], 93:[], 94:[], 95:[], 96:[], 97:[], 98:[], 99:[], 100:[], 101:[], 102:[], 103:[], 104:[], 105:[], 106:[], 107:[], 108:[], 109:[], 110:[], 111:[], 112:[], 113:[], 114:[], 115:[], 116:[], 117:[], 118:[], 119:[], 120:[], 121:[], 122:[], 123:[], 124:[], 125:[], 126:[], 127:[], 128:[], 129:[], 130:[], 131:[], 132:[], 133:[], 134:[], 135:[], 136:[], 137:[], 138:[], 139:[], 140:[], 141:[], 142:[], 143:[], 144:[], 145:[], 146:[], 147:[], 148:[], 149:[], 150:[], 151:[], 152:[], 153:[], 154:[], 155:[], 156:[], 157:[], 158:[], 159:[], 160:[], 161:[], 162:[], 163:[], 164:[], 165:[], 166:[], 167:[], 168:[], 169:[], 170:[], 171:[], 172:[], 173:[], 174:[], 175:[], 176:[], 177:[], 178:[], 179:[], 180:[], 181:[], 182:[], 183:[]",60382708528,72486031870
4423,3,32659.4571,30207281,451065259,3601983556,950.3938,false,185,true,true,true,true,true,false,false,"0:[0, 1, 2, 3, 4, 5, 6, 7, 8, 9, 10, 11, 12, 13, 14, 15, 16, 17, 18, 19, 20, 21, 22, 23, 24, 25, 26, 27, 28, 29, 30, 31, 32, 33, 34, 35, 36, 37, 38, 39, 40, 41, 42, 43, 44, 45, 46, 47, 48, 49, 50, 51, 52, 53, 54, 55, 56, 57, 58, 59, 60, 61, 62, 63, 64, 65, 66, 67, 68, 69, 70, 71, 72, 73, 74, 75, 76, 77, 78, 79, 80, 81, 82, 83, 84, 85, 86, 87, 88, 89, 90, 91, 92, 93, 94, 95, 96, 97, 98, 99, 100, 101, 102, 103, 104, 105, 106, 107, 108, 109, 110, 111, 112, 113, 114, 115, 116, 117, 118, 119, 120, 121, 122, 123, 124, 125, 126, 127, 128, 129, 130, 131, 132, 133, 134, 135, 136, 137, 138, 139, 140, 141, 142, 143, 144, 145, 146, 147, 148, 149, 150, 151, 152, 153, 154, 155, 156, 157, 158, 159, 160, 161, 162, 163, 164, 165, 166, 167, 168, 169, 170, 171, 172, 173, 174, 175, 176, 177, 178, 179, 180, 181, 182, 183, 184], 1:[], 2:[], 3:[], 4:[], 5:[], 6:[], 7:[], 8:[], 9:[], 10:[], 11:[], 12:[], 13:[], 14:[], 15:[], 16:[], 17:[], 18:[], 19:[], 20:[], 21:[], 22:[], 23:[], 24:[], 25:[], 26:[], 27:[], 28:[], 29:[], 30:[], 31:[], 32:[], 33:[], 34:[], 35:[], 36:[], 37:[], 38:[], 39:[], 40:[], 41:[], 42:[], 43:[], 44:[], 45:[], 46:[], 47:[], 48:[], 49:[], 50:[], 51:[], 52:[], 53:[], 54:[], 55:[], 56:[], 57:[], 58:[], 59:[], 60:[], 61:[], 62:[], 63:[], 64:[], 65:[], 66:[], 67:[], 68:[], 69:[], 70:[], 71:[], 72:[], 73:[], 74:[], 75:[], 76:[], 77:[], 78:[], 79:[], 80:[], 81:[], 82:[], 83:[], 84:[], 85:[], 86:[], 87:[], 88:[], 89:[], 90:[], 91:[], 92:[], 93:[], 94:[], 95:[], 96:[], 97:[], 98:[], 99:[], 100:[], 101:[], 102:[], 103:[], 104:[], 105:[], 106:[], 107:[], 108:[], 109:[], 110:[], 111:[], 112:[], 113:[], 114:[], 115:[], 116:[], 117:[], 118:[], 119:[], 120:[], 121:[], 122:[], 123:[], 124:[], 125:[], 126:[], 127:[], 128:[], 129:[], 130:[], 131:[], 132:[], 133:[], 134:[], 135:[], 136:[], 137:[], 138:[], 139:[], 140:[], 141:[], 142:[], 143:[], 144:[], 145:[], 146:[], 147:[], 148:[], 149:[], 150:[], 151:[], 152:[], 153:[], 154:[], 155:[], 156:[], 157:[], 158:[], 159:[], 160:[], 161:[], 162:[], 163:[], 164:[], 165:[], 166:[], 167:[], 168:[], 169:[], 170:[], 171:[], 172:[], 173:[], 174:[], 175:[], 176:[], 177:[], 178:[], 179:[], 180:[], 181:[], 182:[], 183:[], 184:[]",60432515768,72558385551
4441,7,38547.7843,30576911,456594212,3646166594,927.2813,false,186,true,true,true,true,true,false,false,"0:[0, 1, 2, 3, 4, 5, 6, 7, 8, 9, 10, 11, 12, 13, 14, 15, 16, 17, 18, 19, 20, 21, 22, 23, 24, 25, 26, 27, 28, 29, 30, 31, 32, 33, 34, 35, 36, 37, 38, 39, 40, 41, 42, 43, 44, 45, 46, 47, 48, 49, 50, 51, 52, 53, 54, 55, 56, 57, 58, 59, 60, 61, 62, 63, 64, 65, 66, 67, 68, 69, 70, 71, 72, 73, 74, 75, 76, 77, 78, 79, 80, 81, 82, 83, 84, 85, 86, 87, 88, 89, 90, 91, 92, 93, 94, 95, 96, 97, 98, 99, 100, 101, 102, 103, 104, 105, 106, 107, 108, 109, 110, 111, 112, 113, 114, 115, 116, 117, 118, 119, 120, 121, 122, 123, 124, 125, 126, 127, 128, 129, 130, 131, 132, 133, 134, 135, 136, 137, 138, 139, 140, 141, 142, 143, 144, 145, 146, 147, 148, 149, 150, 151, 152, 153, 154, 155, 156, 157, 158, 159, 160, 161, 162, 163, 164, 165, 166, 167, 168, 169, 170, 171, 172, 173, 174, 175, 176, 177, 178, 179, 180, 181, 182, 183, 184, 185], 1:[], 2:[], 3:[], 4:[], 5:[], 6:[], 7:[], 8:[], 9:[], 10:[], 11:[], 12:[], 13:[], 14:[], 15:[], 16:[], 17:[], 18:[], 19:[], 20:[], 21:[], 22:[], 23:[], 24:[], 25:[], 26:[], 27:[], 28:[], 29:[], 30:[], 31:[], 32:[], 33:[], 34:[], 35:[], 36:[], 37:[], 38:[], 39:[], 40:[], 41:[], 42:[], 43:[], 44:[], 45:[], 46:[], 47:[], 48:[], 49:[], 50:[], 51:[], 52:[], 53:[], 54:[], 55:[], 56:[], 57:[], 58:[], 59:[], 60:[], 61:[], 62:[], 63:[], 64:[], 65:[], 66:[], 67:[], 68:[], 69:[], 70:[], 71:[], 72:[], 73:[], 74:[], 75:[], 76:[], 77:[], 78:[], 79:[], 80:[], 81:[], 82:[], 83:[], 84:[], 85:[], 86:[], 87:[], 88:[], 89:[], 90:[], 91:[], 92:[], 93:[], 94:[], 95:[], 96:[], 97:[], 98:[], 99:[], 100:[], 101:[], 102:[], 103:[], 104:[], 105:[], 106:[], 107:[], 108:[], 109:[], 110:[], 111:[], 112:[], 113:[], 114:[], 115:[], 116:[], 117:[], 118:[], 119:[], 120:[], 121:[], 122:[], 123:[], 124:[], 125:[], 126:[], 127:[], 128:[], 129:[], 130:[], 131:[], 132:[], 133:[], 134:[], 135:[], 136:[], 137:[], 138:[], 139:[], 140:[], 141:[], 142:[], 143:[], 144:[], 145:[], 146:[], 147:[], 148:[], 149:[], 150:[], 151:[], 152:[], 153:[], 154:[], 155:[], 156:[], 157:[], 158:[], 159:[], 160:[], 161:[], 162:[], 163:[], 164:[], 165:[], 166:[], 167:[], 168:[], 169:[], 170:[], 171:[], 172:[], 173:[], 174:[], 175:[], 176:[], 177:[], 178:[], 179:[], 180:[], 181:[], 182:[], 183:[], 184:[], 185:[]",60883703128,73214179532
4447,3,33789.0806,30700788,458445683,3660956044,929.4511,false,186,true,true,true,true,true,false,false,"0:[0, 1, 2, 3, 4, 5, 6, 7, 8, 9, 10, 11, 12, 13, 14, 15, 16, 17, 18, 19, 20, 21, 22, 23, 24, 25, 26, 27, 28, 29, 30, 31, 32, 33, 34, 35, 36, 37, 38, 39, 40, 41, 42, 43, 44, 45, 46, 47, 48, 49, 50, 51, 52, 53, 54, 55, 56, 57, 58, 59, 60, 61, 62, 63, 64, 65, 66, 67, 68, 69, 70, 71, 72, 73, 74, 75, 76, 77, 78, 79, 80, 81, 82, 83, 84, 85, 86, 87, 88, 89, 90, 91, 92, 93, 94, 95, 96, 97, 98, 99, 100, 101, 102, 103, 104, 105, 106, 107, 108, 109, 110, 111, 112, 113, 114, 115, 116, 117, 118, 119, 120, 121, 122, 123, 124, 125, 126, 127, 128, 129, 130, 131, 132, 133, 134, 135, 136, 137, 138, 139, 140, 141, 142, 143, 144, 145, 146, 147, 148, 149, 150, 151, 152, 153, 154, 155, 156, 157, 158, 159, 160, 161, 162, 163, 164, 165, 166, 167, 168, 169, 170, 171, 172, 173, 174, 175, 176, 177, 178, 179, 180, 181, 182, 183, 184, 185], 1:[], 2:[], 3:[], 4:[], 5:[], 6:[], 7:[], 8:[], 9:[], 10:[], 11:[], 12:[], 13:[], 14:[], 15:[], 16:[], 17:[], 18:[], 19:[], 20:[], 21:[], 22:[], 23:[], 24:[], 25:[], 26:[], 27:[], 28:[], 29:[], 30:[], 31:[], 32:[], 33:[], 34:[], 35:[], 36:[], 37:[], 38:[], 39:[], 40:[], 41:[], 42:[], 43:[], 44:[], 45:[], 46:[], 47:[], 48:[], 49:[], 50:[], 51:[], 52:[], 53:[], 54:[], 55:[], 56:[], 57:[], 58:[], 59:[], 60:[], 61:[], 62:[], 63:[], 64:[], 65:[], 66:[], 67:[], 68:[], 69:[], 70:[], 71:[], 72:[], 73:[], 74:[], 75:[], 76:[], 77:[], 78:[], 79:[], 80:[], 81:[], 82:[], 83:[], 84:[], 85:[], 86:[], 87:[], 88:[], 89:[], 90:[], 91:[], 92:[], 93:[], 94:[], 95:[], 96:[], 97:[], 98:[], 99:[], 100:[], 101:[], 102:[], 103:[], 104:[], 105:[], 106:[], 107:[], 108:[], 109:[], 110:[], 111:[], 112:[], 113:[], 114:[], 115:[], 116:[], 117:[], 118:[], 119:[], 120:[], 121:[], 122:[], 123:[], 124:[], 125:[], 126:[], 127:[], 128:[], 129:[], 130:[], 131:[], 132:[], 133:[], 134:[], 135:[], 136:[], 137:[], 138:[], 139:[], 140:[], 141:[], 142:[], 143:[], 144:[], 145:[], 146:[], 147:[], 148:[], 149:[], 150:[], 151:[], 152:[], 153:[], 154:[], 155:[], 156:[], 157:[], 158:[], 159:[], 160:[], 161:[], 162:[], 163:[], 164:[], 165:[], 166:[], 167:[], 168:[], 169:[], 170:[], 171:[], 172:[], 173:[], 174:[], 175:[], 176:[], 177:[], 178:[], 179:[], 180:[], 181:[], 182:[], 183:[], 184:[], 185:[]",61034793856,73433738911
4451,2,31329.6248,30783558,459683463,3670846036,925.4592,false,186,true,true,true,true,true,false,false,"0:[0, 1, 2, 3, 4, 5, 6, 7, 8, 9, 10, 11, 12, 13, 14, 15, 16, 17, 18, 19, 20, 21, 22, 23, 24, 25, 26, 27, 28, 29, 30, 31, 32, 33, 34, 35, 36, 37, 38, 39, 40, 41, 42, 43, 44, 45, 46, 47, 48, 49, 50, 51, 52, 53, 54, 55, 56, 57, 58, 59, 60, 61, 62, 63, 64, 65, 66, 67, 68, 69, 70, 71, 72, 73, 74, 75, 76, 77, 78, 79, 80, 81, 82, 83, 84, 85, 86, 87, 88, 89, 90, 91, 92, 93, 94, 95, 96, 97, 98, 99, 100, 101, 102, 103, 104, 105, 106, 107, 108, 109, 110, 111, 112, 113, 114, 115, 116, 117, 118, 119, 120, 121, 122, 123, 124, 125, 126, 127, 128, 129, 130, 131, 132, 133, 134, 135, 136, 137, 138, 139, 140, 141, 142, 143, 144, 145, 146, 147, 148, 149, 150, 151, 152, 153, 154, 155, 156, 157, 158, 159, 160, 161, 162, 163, 164, 165, 166, 167, 168, 169, 170, 171, 172, 173, 174, 175, 176, 177, 178, 179, 180, 181, 182, 183, 184, 185], 1:[], 2:[], 3:[], 4:[], 5:[], 6:[], 7:[], 8:[], 9:[], 10:[], 11:[], 12:[], 13:[], 14:[], 15:[], 16:[], 17:[], 18:[], 19:[], 20:[], 21:[], 22:[], 23:[], 24:[], 25:[], 26:[], 27:[], 28:[], 29:[], 30:[], 31:[], 32:[], 33:[], 34:[], 35:[], 36:[], 37:[], 38:[], 39:[], 40:[], 41:[], 42:[], 43:[], 44:[], 45:[], 46:[], 47:[], 48:[], 49:[], 50:[], 51:[], 52:[], 53:[], 54:[], 55:[], 56:[], 57:[], 58:[], 59:[], 60:[], 61:[], 62:[], 63:[], 64:[], 65:[], 66:[], 67:[], 68:[], 69:[], 70:[], 71:[], 72:[], 73:[], 74:[], 75:[], 76:[], 77:[], 78:[], 79:[], 80:[], 81:[], 82:[], 83:[], 84:[], 85:[], 86:[], 87:[], 88:[], 89:[], 90:[], 91:[], 92:[], 93:[], 94:[], 95:[], 96:[], 97:[], 98:[], 99:[], 100:[], 101:[], 102:[], 103:[], 104:[], 105:[], 106:[], 107:[], 108:[], 109:[], 110:[], 111:[], 112:[], 113:[], 114:[], 115:[], 116:[], 117:[], 118:[], 119:[], 120:[], 121:[], 122:[], 123:[], 124:[], 125:[], 126:[], 127:[], 128:[], 129:[], 130:[], 131:[], 132:[], 133:[], 134:[], 135:[], 136:[], 137:[], 138:[], 139:[], 140:[], 141:[], 142:[], 143:[], 144:[], 145:[], 146:[], 147:[], 148:[], 149:[], 150:[], 151:[], 152:[], 153:[], 154:[], 155:[], 156:[], 157:[], 158:[], 159:[], 160:[], 161:[], 162:[], 163:[], 164:[], 165:[], 166:[], 167:[], 168:[], 169:[], 170:[], 171:[], 172:[], 173:[], 174:[], 175:[], 176:[], 177:[], 178:[], 179:[], 180:[], 181:[], 182:[], 183:[], 184:[], 185:[]",61135802736,73580544467
4457,3,36735.9900,30907992,461545577,3685730009,949.9272,false,185,true,true,true,true,true,false,false,"0:[0, 1, 2, 3, 4, 5, 6, 7, 8, 9, 10, 11, 12, 13, 14, 15, 16, 17, 18, 19, 20, 21, 22, 23, 24, 25, 26, 27, 28, 29, 30, 31, 32, 33, 34, 35, 36, 37, 38, 39, 40, 41, 42, 43, 44, 45, 46, 47, 48, 49, 50, 51, 52, 53, 54, 55, 56, 57, 58, 59, 60, 61, 62, 63, 64, 65, 66, 67, 68, 69, 70, 71, 72, 73, 74, 75, 76, 77, 78, 79, 80, 81, 82, 83, 84, 85, 86, 87, 88, 89, 90, 91, 92, 93, 94, 95, 96, 97, 98, 99, 100, 101, 102, 103, 104, 105, 106, 107, 108, 109, 110, 111, 112, 113, 114, 115, 116, 117, 118, 119, 120, 121, 122, 123, 124, 125, 126, 127, 128, 129, 130, 131, 132, 133, 134, 135, 136, 137, 138, 139, 140, 141, 142, 143, 144, 145, 146, 147, 148, 149, 150, 151, 152, 153, 154, 155, 156, 157, 158, 159, 160, 161, 162, 163, 164, 165, 166, 167, 168, 169, 170, 171, 172, 173, 174, 175, 176, 177, 178, 179, 180, 181, 182, 183, 184], 1:[], 2:[], 3:[], 4:[], 5:[], 6:[], 7:[], 8:[], 9:[], 10:[], 11:[], 12:[], 13:[], 14:[], 15:[], 16:[], 17:[], 18:[], 19:[], 20:[], 21:[], 22:[], 23:[], 24:[], 25:[], 26:[], 27:[], 28:[], 29:[], 30:[], 31:[], 32:[], 33:[], 34:[], 35:[], 36:[], 37:[], 38:[], 39:[], 40:[], 41:[], 42:[], 43:[], 44:[], 45:[], 46:[], 47:[], 48:[], 49:[], 50:[], 51:[], 52:[], 53:[], 54:[], 55:[], 56:[], 57:[], 58:[], 59:[], 60:[], 61:[], 62:[], 63:[], 64:[], 65:[], 66:[], 67:[], 68:[], 69:[], 70:[], 71:[], 72:[], 73:[], 74:[], 75:[], 76:[], 77:[], 78:[], 79:[], 80:[], 81:[], 82:[], 83:[], 84:[], 85:[], 86:[], 87:[], 88:[], 89:[], 90:[], 91:[], 92:[], 93:[], 94:[], 95:[], 96:[], 97:[], 98:[], 99:[], 100:[], 101:[], 102:[], 103:[], 104:[], 105:[], 106:[], 107:[], 108:[], 109:[], 110:[], 111:[], 112:[], 113:[], 114:[], 115:[], 116:[], 117:[], 118:[], 119:[], 120:[], 121:[], 122:[], 123:[], 124:[], 125:[], 126:[], 127:[], 128:[], 129:[], 130:[], 131:[], 132:[], 133:[], 134:[], 135:[], 136:[], 137:[], 138:[], 139:[], 140:[], 141:[], 142:[], 143:[], 144:[], 145:[], 146:[], 147:[], 148:[], 149:[], 150:[], 151:[], 152:[], 153:[], 154:[], 155:[], 156:[], 157:[], 158:[], 159:[], 160:[], 161:[], 162:[], 163:[], 164:[], 165:[], 166:[], 167:[], 168:[], 169:[], 170:[], 171:[], 172:[], 173:[], 174:[], 175:[], 176:[], 177:[], 178:[], 179:[], 180:[], 181:[], 182:[], 183:[], 184:[]",61287758272,73801434541
4463,5,33788.7705,31032761,463410372,3700625787,934.8464,false,186,true,true,true,true,true,false,false,"0:[0, 1, 2, 3, 4, 5, 6, 7, 8, 9, 10, 11, 12, 13, 14, 15, 16, 17, 18, 19, 20, 21, 22, 23, 24, 25, 26, 27, 28, 29, 30, 31, 32, 33, 34, 35, 36, 37, 38, 39, 40, 41, 42, 43, 44, 45, 46, 47, 48, 49, 50, 51, 52, 53, 54, 55, 56, 57, 58, 59, 60, 61, 62, 63, 64, 65, 66, 67, 68, 69, 70, 71, 72, 73, 74, 75, 76, 77, 78, 79, 80, 81, 82, 83, 84, 85, 86, 87, 88, 89, 90, 91, 92, 93, 94, 95, 96, 97, 98, 99, 100, 101, 102, 103, 104, 105, 106, 107, 108, 109, 110, 111, 112, 113, 114, 115, 116, 117, 118, 119, 120, 121, 122, 123, 124, 125, 126, 127, 128, 129, 130, 131, 132, 133, 134, 135, 136, 137, 138, 139, 140, 141, 142, 143, 144, 145, 146, 147, 148, 149, 150, 151, 152, 153, 154, 155, 156, 157, 158, 159, 160, 161, 162, 163, 164, 165, 166, 167, 168, 169, 170, 171, 172, 173, 174, 175, 176, 177, 178, 179, 180, 181, 182, 183, 184, 185], 1:[], 2:[], 3:[], 4:[], 5:[], 6:[], 7:[], 8:[], 9:[], 10:[], 11:[], 12:[], 13:[], 14:[], 15:[], 16:[], 17:[], 18:[], 19:[], 20:[], 21:[], 22:[], 23:[], 24:[], 25:[], 26:[], 27:[], 28:[], 29:[], 30:[], 31:[], 32:[], 33:[], 34:[], 35:[], 36:[], 37:[], 38:[], 39:[], 40:[], 41:[], 42:[], 43:[], 44:[], 45:[], 46:[], 47:[], 48:[], 49:[], 50:[], 51:[], 52:[], 53:[], 54:[], 55:[], 56:[], 57:[], 58:[], 59:[], 60:[], 61:[], 62:[], 63:[], 64:[], 65:[], 66:[], 67:[], 68:[], 69:[], 70:[], 71:[], 72:[], 73:[], 74:[], 75:[], 76:[], 77:[], 78:[], 79:[], 80:[], 81:[], 82:[], 83:[], 84:[], 85:[], 86:[], 87:[], 88:[], 89:[], 90:[], 91:[], 92:[], 93:[], 94:[], 95:[], 96:[], 97:[], 98:[], 99:[], 100:[], 101:[], 102:[], 103:[], 104:[], 105:[], 106:[], 107:[], 108:[], 109:[], 110:[], 111:[], 112:[], 113:[], 114:[], 115:[], 116:[], 117:[], 118:[], 119:[], 120:[], 121:[], 122:[], 123:[], 124:[], 125:[], 126:[], 127:[], 128:[], 129:[], 130:[], 131:[], 132:[], 133:[], 134:[], 135:[], 136:[], 137:[], 138:[], 139:[], 140:[], 141:[], 142:[], 143:[], 144:[], 145:[], 146:[], 147:[], 148:[], 149:[], 150:[], 151:[], 152:[], 153:[], 154:[], 155:[], 156:[], 157:[], 158:[], 159:[], 160:[], 161:[], 162:[], 163:[], 164:[], 165:[], 166:[], 167:[], 168:[], 169:[], 170:[], 171:[], 172:[], 173:[], 174:[], 175:[], 176:[], 177:[], 178:[], 179:[], 180:[], 181:[], 182:[], 183:[], 184:[], 185:[]",61439936328,74022574012
4481,3,38415.3573,31409081,469039529,3745609961,1017.8446,false,187,true,true,true,true,true,false,false,"0:[0, 1, 2, 3, 4, 5, 6, 7, 8, 9, 10, 11, 12, 13, 14, 15, 16, 17, 18, 19, 20, 21, 22, 23, 24, 25, 26, 27, 28, 29, 30, 31, 32, 33, 34, 35, 36, 37, 38, 39, 40, 41, 42, 43, 44, 45, 46, 47, 48, 49, 50, 51, 52, 53, 54, 55, 56, 57, 58, 59, 60, 61, 62, 63, 64, 65, 66, 67, 68, 69, 70, 71, 72, 73, 74, 75, 76, 77, 78, 79, 80, 81, 82, 83, 84, 85, 86, 87, 88, 89, 90, 91, 92, 93, 94, 95, 96, 97, 98, 99, 100, 101, 102, 103, 104, 105, 106, 107, 108, 109, 110, 111, 112, 113, 114, 115, 116, 117, 118, 119, 120, 121, 122, 123, 124, 125, 126, 127, 128, 129, 130, 131, 132, 133, 134, 135, 136, 137, 138, 139, 140, 141, 142, 143, 144, 145, 146, 147, 148, 149, 150, 151, 152, 153, 154, 155, 156, 157, 158, 159, 160, 161, 162, 163, 164, 165, 166, 167, 168, 169, 170, 171, 172, 173, 174, 175, 176, 177, 178, 179, 180, 181, 182, 183, 184, 185, 186], 1:[], 2:[], 3:[], 4:[], 5:[], 6:[], 7:[], 8:[], 9:[], 10:[], 11:[], 12:[], 13:[], 14:[], 15:[], 16:[], 17:[], 18:[], 19:[], 20:[], 21:[], 22:[], 23:[], 24:[], 25:[], 26:[], 27:[], 28:[], 29:[], 30:[], 31:[], 32:[], 33:[], 34:[], 35:[], 36:[], 37:[], 38:[], 39:[], 40:[], 41:[], 42:[], 43:[], 44:[], 45:[], 46:[], 47:[], 48:[], 49:[], 50:[], 51:[], 52:[], 53:[], 54:[], 55:[], 56:[], 57:[], 58:[], 59:[], 60:[], 61:[], 62:[], 63:[], 64:[], 65:[], 66:[], 67:[], 68:[], 69:[], 70:[], 71:[], 72:[], 73:[], 74:[], 75:[], 76:[], 77:[], 78:[], 79:[], 80:[], 81:[], 82:[], 83:[], 84:[], 85:[], 86:[], 87:[], 88:[], 89:[], 90:[], 91:[], 92:[], 93:[], 94:[], 95:[], 96:[], 97:[], 98:[], 99:[], 100:[], 101:[], 102:[], 103:[], 104:[], 105:[], 106:[], 107:[], 108:[], 109:[], 110:[], 111:[], 112:[], 113:[], 114:[], 115:[], 116:[], 117:[], 118:[], 119:[], 120:[], 121:[], 122:[], 123:[], 124:[], 125:[], 126:[], 127:[], 128:[], 129:[], 130:[], 131:[], 132:[], 133:[], 134:[], 135:[], 136:[], 137:[], 138:[], 139:[], 140:[], 141:[], 142:[], 143:[], 144:[], 145:[], 146:[], 147:[], 148:[], 149:[], 150:[], 151:[], 152:[], 153:[], 154:[], 155:[], 156:[], 157:[], 158:[], 159:[], 160:[], 161:[], 162:[], 163:[], 164:[], 165:[], 166:[], 167:[], 168:[], 169:[], 170:[], 171:[], 172:[], 173:[], 174:[], 175:[], 176:[], 177:[], 178:[], 179:[], 180:[], 181:[], 182:[], 183:[], 184:[], 185:[], 186:[]",80689782488,74690252549
4483,2,31520.6403,31451081,469666548,3750615747,948.9763,false,186,true,true,true,true,true,false,false,"0:[0, 1, 2, 3, 4, 5, 6, 7, 8, 9, 10, 11, 12, 13, 14, 15, 16, 17, 18, 19, 20, 21, 22, 23, 24, 25, 26, 27, 28, 29, 30, 31, 32, 33, 34, 35, 36, 37, 38, 39, 40, 41, 42, 43, 44, 45, 46, 47, 48, 49, 50, 51, 52, 53, 54, 55, 56, 57, 58, 59, 60, 61, 62, 63, 64, 65, 66, 67, 68, 69, 70, 71, 72, 73, 74, 75, 76, 77, 78, 79, 80, 81, 82, 83, 84, 85, 86, 87, 88, 89, 90, 91, 92, 93, 94, 95, 96, 97, 98, 99, 100, 101, 102, 103, 104, 105, 106, 107, 108, 109, 110, 111, 112, 113, 114, 115, 116, 117, 118, 119, 120, 121, 122, 123, 124, 125, 126, 127, 128, 129, 130, 131, 132, 133, 134, 135, 136, 137, 138, 139, 140, 141, 142, 143, 144, 145, 146, 147, 148, 149, 150, 151, 152, 153, 154, 155, 156, 157, 158, 159, 160, 161, 162, 163, 164, 165, 166, 167, 168, 169, 170, 171, 172, 173, 174, 175, 176, 177, 178, 179, 180, 181, 182, 183, 184, 185], 1:[], 2:[], 3:[], 4:[], 5:[], 6:[], 7:[], 8:[], 9:[], 10:[], 11:[], 12:[], 13:[], 14:[], 15:[], 16:[], 17:[], 18:[], 19:[], 20:[], 21:[], 22:[], 23:[], 24:[], 25:[], 26:[], 27:[], 28:[], 29:[], 30:[], 31:[], 32:[], 33:[], 34:[], 35:[], 36:[], 37:[], 38:[], 39:[], 40:[], 41:[], 42:[], 43:[], 44:[], 45:[], 46:[], 47:[], 48:[], 49:[], 50:[], 51:[], 52:[], 53:[], 54:[], 55:[], 56:[], 57:[], 58:[], 59:[], 60:[], 61:[], 62:[], 63:[], 64:[], 65:[], 66:[], 67:[], 68:[], 69:[], 70:[], 71:[], 72:[], 73:[], 74:[], 75:[], 76:[], 77:[], 78:[], 79:[], 80:[], 81:[], 82:[], 83:[], 84:[], 85:[], 86:[], 87:[], 88:[], 89:[], 90:[], 91:[], 92:[], 93:[], 94:[], 95:[], 96:[], 97:[], 98:[], 99:[], 100:[], 101:[], 102:[], 103:[], 104:[], 105:[], 106:[], 107:[], 108:[], 109:[], 110:[], 111:[], 112:[], 113:[], 114:[], 115:[], 116:[], 117:[], 118:[], 119:[], 120:[], 121:[], 122:[], 123:[], 124:[], 125:[], 126:[], 127:[], 128:[], 129:[], 130:[], 131:[], 132:[], 133:[], 134:[], 135:[], 136:[], 137:[], 138:[], 139:[], 140:[], 141:[], 142:[], 143:[], 144:[], 145:[], 146:[], 147:[], 148:[], 149:[], 150:[], 151:[], 152:[], 153:[], 154:[], 155:[], 156:[], 157:[], 158:[], 159:[], 160:[], 161:[], 162:[], 163:[], 164:[], 165:[], 166:[], 167:[], 168:[], 169:[], 170:[], 171:[], 172:[], 173:[], 174:[], 175:[], 176:[], 177:[], 178:[], 179:[], 180:[], 181:[], 182:[], 183:[], 184:[], 185:[]",80740952008,74764585900
4493,2,32641.4988,31661644,472816763,3775792062,944.9849,false,188,true,true,true,true,true,false,false,"0:[0, 1, 2, 3, 4, 5, 6, 7, 8, 9, 10, 11, 12, 13, 14, 15, 16, 17, 18, 19, 20, 21, 22, 23, 24, 25, 26, 27, 28, 29, 30, 31, 32, 33, 34, 35, 36, 37, 38, 39, 40, 41, 42, 43, 44, 45, 46, 47, 48, 49, 50, 51, 52, 53, 54, 55, 56, 57, 58, 59, 60, 61, 62, 63, 64, 65, 66, 67, 68, 69, 70, 71, 72, 73, 74, 75, 76, 77, 78, 79, 80, 81, 82, 83, 84, 85, 86, 87, 88, 89, 90, 91, 92, 93, 94, 95, 96, 97, 98, 99, 100, 101, 102, 103, 104, 105, 106, 107, 108, 109, 110, 111, 112, 113, 114, 115, 116, 117, 118, 119, 120, 121, 122, 123, 124, 125, 126, 127, 128, 129, 130, 131, 132, 133, 134, 135, 136, 137, 138, 139, 140, 141, 142, 143, 144, 145, 146, 147, 148, 149, 150, 151, 152, 153, 154, 155, 156, 157, 158, 159, 160, 161, 162, 163, 164, 165, 166, 167, 168, 169, 170, 171, 172, 173, 174, 175, 176, 177, 178, 179, 180, 181, 182, 183, 184, 185, 186, 187], 1:[], 2:[], 3:[], 4:[], 5:[], 6:[], 7:[], 8:[], 9:[], 10:[], 11:[], 12:[], 13:[], 14:[], 15:[], 16:[], 17:[], 18:[], 19:[], 20:[], 21:[], 22:[], 23:[], 24:[], 25:[], 26:[], 27:[], 28:[], 29:[], 30:[], 31:[], 32:[], 33:[], 34:[], 35:[], 36:[], 37:[], 38:[], 39:[], 40:[], 41:[], 42:[], 43:[], 44:[], 45:[], 46:[], 47:[], 48:[], 49:[], 50:[], 51:[], 52:[], 53:[], 54:[], 55:[], 56:[], 57:[], 58:[], 59:[], 60:[], 61:[], 62:[], 63:[], 64:[], 65:[], 66:[], 67:[], 68:[], 69:[], 70:[], 71:[], 72:[], 73:[], 74:[], 75:[], 76:[], 77:[], 78:[], 79:[], 80:[], 81:[], 82:[], 83:[], 84:[], 85:[], 86:[], 87:[], 88:[], 89:[], 90:[], 91:[], 92:[], 93:[], 94:[], 95:[], 96:[], 97:[], 98:[], 99:[], 100:[], 101:[], 102:[], 103:[], 104:[], 105:[], 106:[], 107:[], 108:[], 109:[], 110:[], 111:[], 112:[], 113:[], 114:[], 115:[], 116:[], 117:[], 118:[], 119:[], 120:[], 121:[], 122:[], 123:[], 124:[], 125:[], 126:[], 127:[], 128:[], 129:[], 130:[], 131:[], 132:[], 133:[], 134:[], 135:[], 136:[], 137:[], 138:[], 139:[], 140:[], 141:[], 142:[], 143:[], 144:[], 145:[], 146:[], 147:[], 148:[], 149:[], 150:[], 151:[], 152:[], 153:[], 154:[], 155:[], 156:[], 157:[], 158:[], 159:[], 160:[], 161:[], 162:[], 163:[], 164:[], 165:[], 166:[], 167:[], 168:[], 169:[], 170:[], 171:[], 172:[], 173:[], 174:[], 175:[], 176:[], 177:[], 178:[], 179:[], 180:[], 181:[], 182:[], 183:[], 184:[], 185:[], 186:[], 187:[]",80998022720,75138250375
4507,2,32804.5559,31958007,477247906,3811194412,1103.6276,false,187,true,true,true,true,true,false,false,"0:[0, 1, 2, 3, 4, 5, 6, 7, 8, 9, 10, 11, 12, 13, 14, 15, 16, 17, 18, 19, 20, 21, 22, 23, 24, 25, 26, 27, 28, 29, 30, 31, 32, 33, 34, 35, 36, 37, 38, 39, 40, 41, 42, 43, 44, 45, 46, 47, 48, 49, 50, 51, 52, 53, 54, 55, 56, 57, 58, 59, 60, 61, 62, 63, 64, 65, 66, 67, 68, 69, 70, 71, 72, 73, 74, 75, 76, 77, 78, 79, 80, 81, 82, 83, 84, 85, 86, 87, 88, 89, 90, 91, 92, 93, 94, 95, 96, 97, 98, 99, 100, 101, 102, 103, 104, 105, 106, 107, 108, 109, 110, 111, 112, 113, 114, 115, 116, 117, 118, 119, 120, 121, 122, 123, 124, 125, 126, 127, 128, 129, 130, 131, 132, 133, 134, 135, 136, 137, 138, 139, 140, 141, 142, 143, 144, 145, 146, 147, 148, 149, 150, 151, 152, 153, 154, 155, 156, 157, 158, 159, 160, 161, 162, 163, 164, 165, 166, 167, 168, 169, 170, 171, 172, 173, 174, 175, 176, 177, 178, 179, 180, 181, 182, 183, 184, 185, 186], 1:[], 2:[], 3:[], 4:[], 5:[], 6:[], 7:[], 8:[], 9:[], 10:[], 11:[], 12:[], 13:[], 14:[], 15:[], 16:[], 17:[], 18:[], 19:[], 20:[], 21:[], 22:[], 23:[], 24:[], 25:[], 26:[], 27:[], 28:[], 29:[], 30:[], 31:[], 32:[], 33:[], 34:[], 35:[], 36:[], 37:[], 38:[], 39:[], 40:[], 41:[], 42:[], 43:[], 44:[], 45:[], 46:[], 47:[], 48:[], 49:[], 50:[], 51:[], 52:[], 53:[], 54:[], 55:[], 56:[], 57:[], 58:[], 59:[], 60:[], 61:[], 62:[], 63:[], 64:[], 65:[], 66:[], 67:[], 68:[], 69:[], 70:[], 71:[], 72:[], 73:[], 74:[], 75:[], 76:[], 77:[], 78:[], 79:[], 80:[], 81:[], 82:[], 83:[], 84:[], 85:[], 86:[], 87:[], 88:[], 89:[], 90:[], 91:[], 92:[], 93:[], 94:[], 95:[], 96:[], 97:[], 98:[], 99:[], 100:[], 101:[], 102:[], 103:[], 104:[], 105:[], 106:[], 107:[], 108:[], 109:[], 110:[], 111:[], 112:[], 113:[], 114:[], 115:[], 116:[], 117:[], 118:[], 119:[], 120:[], 121:[], 122:[], 123:[], 124:[], 125:[], 126:[], 127:[], 128:[], 129:[], 130:[], 131:[], 132:[], 133:[], 134:[], 135:[], 136:[], 137:[], 138:[], 139:[], 140:[], 141:[], 142:[], 143:[], 144:[], 145:[], 146:[], 147:[], 148:[], 149:[], 150:[], 151:[], 152:[], 153:[], 154:[], 155:[], 156:[], 157:[], 158:[], 159:[], 160:[], 161:[], 162:[], 163:[], 164:[], 165:[], 166:[], 167:[], 168:[], 169:[], 170:[], 171:[], 172:[], 173:[], 174:[], 175:[], 176:[], 177:[], 178:[], 179:[], 180:[], 181:[], 182:[], 183:[], 184:[], 185:[], 186:[]",81359626872,75663769890
4513,5,39262.1130,32085584,479157070,3826454383,974.8886,false,188,true,true,true,true,true,false,false,"0:[0, 1, 2, 3, 4, 5, 6, 7, 8, 9, 10, 11, 12, 13, 14, 15, 16, 17, 18, 19, 20, 21, 22, 23, 24, 25, 26, 27, 28, 29, 30, 31, 32, 33, 34, 35, 36, 37, 38, 39, 40, 41, 42, 43, 44, 45, 46, 47, 48, 49, 50, 51, 52, 53, 54, 55, 56, 57, 58, 59, 60, 61, 62, 63, 64, 65, 66, 67, 68, 69, 70, 71, 72, 73, 74, 75, 76, 77, 78, 79, 80, 81, 82, 83, 84, 85, 86, 87, 88, 89, 90, 91, 92, 93, 94, 95, 96, 97, 98, 99, 100, 101, 102, 103, 104, 105, 106, 107, 108, 109, 110, 111, 112, 113, 114, 115, 116, 117, 118, 119, 120, 121, 122, 123, 124, 125, 126, 127, 128, 129, 130, 131, 132, 133, 134, 135, 136, 137, 138, 139, 140, 141, 142, 143, 144, 145, 146, 147, 148, 149, 150, 151, 152, 153, 154, 155, 156, 157, 158, 159, 160, 161, 162, 163, 164, 165, 166, 167, 168, 169, 170, 171, 172, 173, 174, 175, 176, 177, 178, 179, 180, 181, 182, 183, 184, 185, 186, 187], 1:[], 2:[], 3:[], 4:[], 5:[], 6:[], 7:[], 8:[], 9:[], 10:[], 11:[], 12:[], 13:[], 14:[], 15:[], 16:[], 17:[], 18:[], 19:[], 20:[], 21:[], 22:[], 23:[], 24:[], 25:[], 26:[], 27:[], 28:[], 29:[], 30:[], 31:[], 32:[], 33:[], 34:[], 35:[], 36:[], 37:[], 38:[], 39:[], 40:[], 41:[], 42:[], 43:[], 44:[], 45:[], 46:[], 47:[], 48:[], 49:[], 50:[], 51:[], 52:[], 53:[], 54:[], 55:[], 56:[], 57:[], 58:[], 59:[], 60:[], 61:[], 62:[], 63:[], 64:[], 65:[], 66:[], 67:[], 68:[], 69:[], 70:[], 71:[], 72:[], 73:[], 74:[], 75:[], 76:[], 77:[], 78:[], 79:[], 80:[], 81:[], 82:[], 83:[], 84:[], 85:[], 86:[], 87:[], 88:[], 89:[], 90:[], 91:[], 92:[], 93:[], 94:[], 95:[], 96:[], 97:[], 98:[], 99:[], 100:[], 101:[], 102:[], 103:[], 104:[], 105:[], 106:[], 107:[], 108:[], 109:[], 110:[], 111:[], 112:[], 113:[], 114:[], 115:[], 116:[], 117:[], 118:[], 119:[], 120:[], 121:[], 122:[], 123:[], 124:[], 125:[], 126:[], 127:[], 128:[], 129:[], 130:[], 131:[], 132:[], 133:[], 134:[], 135:[], 136:[], 137:[], 138:[], 139:[], 140:[], 141:[], 142:[], 143:[], 144:[], 145:[], 146:[], 147:[], 148:[], 149:[], 150:[], 151:[], 152:[], 153:[], 154:[], 155:[], 156:[], 157:[], 158:[], 159:[], 160:[], 161:[], 162:[], 163:[], 164:[], 165:[], 166:[], 167:[], 168:[], 169:[], 170:[], 171:[], 172:[], 173:[], 174:[], 175:[], 176:[], 177:[], 178:[], 179:[], 180:[], 181:[], 182:[], 183:[], 184:[], 185:[], 186:[], 187:[]",81515421840,75890240310
4517,2,34166.7484,32170824,480431917,3836641168,1015.9029,false,189,true,true,true,true,true,false,false,"0:[0, 1, 2, 3, 4, 5, 6, 7, 8, 9, 10, 11, 12, 13, 14, 15, 16, 17, 18, 19, 20, 21, 22, 23, 24, 25, 26, 27, 28, 29, 30, 31, 32, 33, 34, 35, 36, 37, 38, 39, 40, 41, 42, 43, 44, 45, 46, 47, 48, 49, 50, 51, 52, 53, 54, 55, 56, 57, 58, 59, 60, 61, 62, 63, 64, 65, 66, 67, 68, 69, 70, 71, 72, 73, 74, 75, 76, 77, 78, 79, 80, 81, 82, 83, 84, 85, 86, 87, 88, 89, 90, 91, 92, 93, 94, 95, 96, 97, 98, 99, 100, 101, 102, 103, 104, 105, 106, 107, 108, 109, 110, 111, 112, 113, 114, 115, 116, 117, 118, 119, 120, 121, 122, 123, 124, 125, 126, 127, 128, 129, 130, 131, 132, 133, 134, 135, 136, 137, 138, 139, 140, 141, 142, 143, 144, 145, 146, 147, 148, 149, 150, 151, 152, 153, 154, 155, 156, 157, 158, 159, 160, 161, 162, 163, 164, 165, 166, 167, 168, 169, 170, 171, 172, 173, 174, 175, 176, 177, 178, 179, 180, 181, 182, 183, 184, 185, 186, 187, 188], 1:[], 2:[], 3:[], 4:[], 5:[], 6:[], 7:[], 8:[], 9:[], 10:[], 11:[], 12:[], 13:[], 14:[], 15:[], 16:[], 17:[], 18:[], 19:[], 20:[], 21:[], 22:[], 23:[], 24:[], 25:[], 26:[], 27:[], 28:[], 29:[], 30:[], 31:[], 32:[], 33:[], 34:[], 35:[], 36:[], 37:[], 38:[], 39:[], 40:[], 41:[], 42:[], 43:[], 44:[], 45:[], 46:[], 47:[], 48:[], 49:[], 50:[], 51:[], 52:[], 53:[], 54:[], 55:[], 56:[], 57:[], 58:[], 59:[], 60:[], 61:[], 62:[], 63:[], 64:[], 65:[], 66:[], 67:[], 68:[], 69:[], 70:[], 71:[], 72:[], 73:[], 74:[], 75:[], 76:[], 77:[], 78:[], 79:[], 80:[], 81:[], 82:[], 83:[], 84:[], 85:[], 86:[], 87:[], 88:[], 89:[], 90:[], 91:[], 92:[], 93:[], 94:[], 95:[], 96:[], 97:[], 98:[], 99:[], 100:[], 101:[], 102:[], 103:[], 104:[], 105:[], 106:[], 107:[], 108:[], 109:[], 110:[], 111:[], 112:[], 113:[], 114:[], 115:[], 116:[], 117:[], 118:[], 119:[], 120:[], 121:[], 122:[], 123:[], 124:[], 125:[], 126:[], 127:[], 128:[], 129:[], 130:[], 131:[], 132:[], 133:[], 134:[], 135:[], 136:[], 137:[], 138:[], 139:[], 140:[], 141:[], 142:[], 143:[], 144:[], 145:[], 146:[], 147:[], 148:[], 149:[], 150:[], 151:[], 152:[], 153:[], 154:[], 155:[], 156:[], 157:[], 158:[], 159:[], 160:[], 161:[], 162:[], 163:[], 164:[], 165:[], 166:[], 167:[], 168:[], 169:[], 170:[], 171:[], 172:[], 173:[], 174:[], 175:[], 176:[], 177:[], 178:[], 179:[], 180:[], 181:[], 182:[], 183:[], 184:[], 185:[], 186:[], 187:[], 188:[]",81619455360,76041443329
4519,3,36018.7643,32213501,481069009,3841727079,1040.1581,false,188,true,true,true,true,true,false,false,"0:[0, 1, 2, 3, 4, 5, 6, 7, 8, 9, 10, 11, 12, 13, 14, 15, 16, 17, 18, 19, 20, 21, 22, 23, 24, 25, 26, 27, 28, 29, 30, 31, 32, 33, 34, 35, 36, 37, 38, 39, 40, 41, 42, 43, 44, 45, 46, 47, 48, 49, 50, 51, 52, 53, 54, 55, 56, 57, 58, 59, 60, 61, 62, 63, 64, 65, 66, 67, 68, 69, 70, 71, 72, 73, 74, 75, 76, 77, 78, 79, 80, 81, 82, 83, 84, 85, 86, 87, 88, 89, 90, 91, 92, 93, 94, 95, 96, 97, 98, 99, 100, 101, 102, 103, 104, 105, 106, 107, 108, 109, 110, 111, 112, 113, 114, 115, 116, 117, 118, 119, 120, 121, 122, 123, 124, 125, 126, 127, 128, 129, 130, 131, 132, 133, 134, 135, 136, 137, 138, 139, 140, 141, 142, 143, 144, 145, 146, 147, 148, 149, 150, 151, 152, 153, 154, 155, 156, 157, 158, 159, 160, 161, 162, 163, 164, 165, 166, 167, 168, 169, 170, 171, 172, 173, 174, 175, 176, 177, 178, 179, 180, 181, 182, 183, 184, 185, 186, 187], 1:[], 2:[], 3:[], 4:[], 5:[], 6:[], 7:[], 8:[], 9:[], 10:[], 11:[], 12:[], 13:[], 14:[], 15:[], 16:[], 17:[], 18:[], 19:[], 20:[], 21:[], 22:[], 23:[], 24:[], 25:[], 26:[], 27:[], 28:[], 29:[], 30:[], 31:[], 32:[], 33:[], 34:[], 35:[], 36:[], 37:[], 38:[], 39:[], 40:[], 41:[], 42:[], 43:[], 44:[], 45:[], 46:[], 47:[], 48:[], 49:[], 50:[], 51:[], 52:[], 53:[], 54:[], 55:[], 56:[], 57:[], 58:[], 59:[], 60:[], 61:[], 62:[], 63:[], 64:[], 65:[], 66:[], 67:[], 68:[], 69:[], 70:[], 71:[], 72:[], 73:[], 74:[], 75:[], 76:[], 77:[], 78:[], 79:[], 80:[], 81:[], 82:[], 83:[], 84:[], 85:[], 86:[], 87:[], 88:[], 89:[], 90:[], 91:[], 92:[], 93:[], 94:[], 95:[], 96:[], 97:[], 98:[], 99:[], 100:[], 101:[], 102:[], 103:[], 104:[], 105:[], 106:[], 107:[], 108:[], 109:[], 110:[], 111:[], 112:[], 113:[], 114:[], 115:[], 116:[], 117:[], 118:[], 119:[], 120:[], 121:[], 122:[], 123:[], 124:[], 125:[], 126:[], 127:[], 128:[], 129:[], 130:[], 131:[], 132:[], 133:[], 134:[], 135:[], 136:[], 137:[], 138:[], 139:[], 140:[], 141:[], 142:[], 143:[], 144:[], 145:[], 146:[], 147:[], 148:[], 149:[], 150:[], 151:[], 152:[], 153:[], 154:[], 155:[], 156:[], 157:[], 158:[], 159:[], 160:[], 161:[], 162:[], 163:[], 164:[], 165:[], 166:[], 167:[], 168:[], 169:[], 170:[], 171:[], 172:[], 173:[], 174:[], 175:[], 176:[], 177:[], 178:[], 179:[], 180:[], 181:[], 182:[], 183:[], 184:[], 185:[], 186:[], 187:[]",81671446968,76116970573
4523,2,33353.3488,32298966,482347244,3851941075,1053.8079,false,188,true,true,true,true,true,false,false,"0:[0, 1, 2, 3, 4, 5, 6, 7, 8, 9, 10, 11, 12, 13, 14, 15, 16, 17, 18, 19, 20, 21, 22, 23, 24, 25, 26, 27, 28, 29, 30, 31, 32, 33, 34, 35, 36, 37, 38, 39, 40, 41, 42, 43, 44, 45, 46, 47, 48, 49, 50, 51, 52, 53, 54, 55, 56, 57, 58, 59, 60, 61, 62, 63, 64, 65, 66, 67, 68, 69, 70, 71, 72, 73, 74, 75, 76, 77, 78, 79, 80, 81, 82, 83, 84, 85, 86, 87, 88, 89, 90, 91, 92, 93, 94, 95, 96, 97, 98, 99, 100, 101, 102, 103, 104, 105, 106, 107, 108, 109, 110, 111, 112, 113, 114, 115, 116, 117, 118, 119, 120, 121, 122, 123, 124, 125, 126, 127, 128, 129, 130, 131, 132, 133, 134, 135, 136, 137, 138, 139, 140, 141, 142, 143, 144, 145, 146, 147, 148, 149, 150, 151, 152, 153, 154, 155, 156, 157, 158, 159, 160, 161, 162, 163, 164, 165, 166, 167, 168, 169, 170, 171, 172, 173, 174, 175, 176, 177, 178, 179, 180, 181, 182, 183, 184, 185, 186, 187], 1:[], 2:[], 3:[], 4:[], 5:[], 6:[], 7:[], 8:[], 9:[], 10:[], 11:[], 12:[], 13:[], 14:[], 15:[], 16:[], 17:[], 18:[], 19:[], 20:[], 21:[], 22:[], 23:[], 24:[], 25:[], 26:[], 27:[], 28:[], 29:[], 30:[], 31:[], 32:[], 33:[], 34:[], 35:[], 36:[], 37:[], 38:[], 39:[], 40:[], 41:[], 42:[], 43:[], 44:[], 45:[], 46:[], 47:[], 48:[], 49:[], 50:[], 51:[], 52:[], 53:[], 54:[], 55:[], 56:[], 57:[], 58:[], 59:[], 60:[], 61:[], 62:[], 63:[], 64:[], 65:[], 66:[], 67:[], 68:[], 69:[], 70:[], 71:[], 72:[], 73:[], 74:[], 75:[], 76:[], 77:[], 78:[], 79:[], 80:[], 81:[], 82:[], 83:[], 84:[], 85:[], 86:[], 87:[], 88:[], 89:[], 90:[], 91:[], 92:[], 93:[], 94:[], 95:[], 96:[], 97:[], 98:[], 99:[], 100:[], 101:[], 102:[], 103:[], 104:[], 105:[], 106:[], 107:[], 108:[], 109:[], 110:[], 111:[], 112:[], 113:[], 114:[], 115:[], 116:[], 117:[], 118:[], 119:[], 120:[], 121:[], 122:[], 123:[], 124:[], 125:[], 126:[], 127:[], 128:[], 129:[], 130:[], 131:[], 132:[], 133:[], 134:[], 135:[], 136:[], 137:[], 138:[], 139:[], 140:[], 141:[], 142:[], 143:[], 144:[], 145:[], 146:[], 147:[], 148:[], 149:[], 150:[], 151:[], 152:[], 153:[], 154:[], 155:[], 156:[], 157:[], 158:[], 159:[], 160:[], 161:[], 162:[], 163:[], 164:[], 165:[], 166:[], 167:[], 168:[], 169:[], 170:[], 171:[], 172:[], 173:[], 174:[], 175:[], 176:[], 177:[], 178:[], 179:[], 180:[], 181:[], 182:[], 183:[], 184:[], 185:[], 186:[], 187:[]",81775756928,76268575324
4547,2,33715.3104,32814938,490064119,3913603462,1048.0409,false,189,true,true,true,true,true,false,false,"0:[0, 1, 2, 3, 4, 5, 6, 7, 8, 9, 10, 11, 12, 13, 14, 15, 16, 17, 18, 19, 20, 21, 22, 23, 24, 25, 26, 27, 28, 29, 30, 31, 32, 33, 34, 35, 36, 37, 38, 39, 40, 41, 42, 43, 44, 45, 46, 47, 48, 49, 50, 51, 52, 53, 54, 55, 56, 57, 58, 59, 60, 61, 62, 63, 64, 65, 66, 67, 68, 69, 70, 71, 72, 73, 74, 75, 76, 77, 78, 79, 80, 81, 82, 83, 84, 85, 86, 87, 88, 89, 90, 91, 92, 93, 94, 95, 96, 97, 98, 99, 100, 101, 102, 103, 104, 105, 106, 107, 108, 109, 110, 111, 112, 113, 114, 115, 116, 117, 118, 119, 120, 121, 122, 123, 124, 125, 126, 127, 128, 129, 130, 131, 132, 133, 134, 135, 136, 137, 138, 139, 140, 141, 142, 143, 144, 145, 146, 147, 148, 149, 150, 151, 152, 153, 154, 155, 156, 157, 158, 159, 160, 161, 162, 163, 164, 165, 166, 167, 168, 169, 170, 171, 172, 173, 174, 175, 176, 177, 178, 179, 180, 181, 182, 183, 184, 185, 186, 187, 188], 1:[], 2:[], 3:[], 4:[], 5:[], 6:[], 7:[], 8:[], 9:[], 10:[], 11:[], 12:[], 13:[], 14:[], 15:[], 16:[], 17:[], 18:[], 19:[], 20:[], 21:[], 22:[], 23:[], 24:[], 25:[], 26:[], 27:[], 28:[], 29:[], 30:[], 31:[], 32:[], 33:[], 34:[], 35:[], 36:[], 37:[], 38:[], 39:[], 40:[], 41:[], 42:[], 43:[], 44:[], 45:[], 46:[], 47:[], 48:[], 49:[], 50:[], 51:[], 52:[], 53:[], 54:[], 55:[], 56:[], 57:[], 58:[], 59:[], 60:[], 61:[], 62:[], 63:[], 64:[], 65:[], 66:[], 67:[], 68:[], 69:[], 70:[], 71:[], 72:[], 73:[], 74:[], 75:[], 76:[], 77:[], 78:[], 79:[], 80:[], 81:[], 82:[], 83:[], 84:[], 85:[], 86:[], 87:[], 88:[], 89:[], 90:[], 91:[], 92:[], 93:[], 94:[], 95:[], 96:[], 97:[], 98:[], 99:[], 100:[], 101:[], 102:[], 103:[], 104:[], 105:[], 106:[], 107:[], 108:[], 109:[], 110:[], 111:[], 112:[], 113:[], 114:[], 115:[], 116:[], 117:[], 118:[], 119:[], 120:[], 121:[], 122:[], 123:[], 124:[], 125:[], 126:[], 127:[], 128:[], 129:[], 130:[], 131:[], 132:[], 133:[], 134:[], 135:[], 136:[], 137:[], 138:[], 139:[], 140:[], 141:[], 142:[], 143:[], 144:[], 145:[], 146:[], 147:[], 148:[], 149:[], 150:[], 151:[], 152:[], 153:[], 154:[], 155:[], 156:[], 157:[], 158:[], 159:[], 160:[], 161:[], 162:[], 163:[], 164:[], 165:[], 166:[], 167:[], 168:[], 169:[], 170:[], 171:[], 172:[], 173:[], 174:[], 175:[], 176:[], 177:[], 178:[], 179:[], 180:[], 181:[], 182:[], 183:[], 184:[], 185:[], 186:[], 187:[], 188:[]",82405490256,77183832259
4549,2,35093.8286,32858183,490711996,3918784731,1075.3515,false,189,true,true,true,true,true,false,false,"0:[0, 1, 2, 3, 4, 5, 6, 7, 8, 9, 10, 11, 12, 13, 14, 15, 16, 17, 18, 19, 20, 21, 22, 23, 24, 25, 26, 27, 28, 29, 30, 31, 32, 33, 34, 35, 36, 37, 38, 39, 40, 41, 42, 43, 44, 45, 46, 47, 48, 49, 50, 51, 52, 53, 54, 55, 56, 57, 58, 59, 60, 61, 62, 63, 64, 65, 66, 67, 68, 69, 70, 71, 72, 73, 74, 75, 76, 77, 78, 79, 80, 81, 82, 83, 84, 85, 86, 87, 88, 89, 90, 91, 92, 93, 94, 95, 96, 97, 98, 99, 100, 101, 102, 103, 104, 105, 106, 107, 108, 109, 110, 111, 112, 113, 114, 115, 116, 117, 118, 119, 120, 121, 122, 123, 124, 125, 126, 127, 128, 129, 130, 131, 132, 133, 134, 135, 136, 137, 138, 139, 140, 141, 142, 143, 144, 145, 146, 147, 148, 149, 150, 151, 152, 153, 154, 155, 156, 157, 158, 159, 160, 161, 162, 163, 164, 165, 166, 167, 168, 169, 170, 171, 172, 173, 174, 175, 176, 177, 178, 179, 180, 181, 182, 183, 184, 185, 186, 187, 188], 1:[], 2:[], 3:[], 4:[], 5:[], 6:[], 7:[], 8:[], 9:[], 10:[], 11:[], 12:[], 13:[], 14:[], 15:[], 16:[], 17:[], 18:[], 19:[], 20:[], 21:[], 22:[], 23:[], 24:[], 25:[], 26:[], 27:[], 28:[], 29:[], 30:[], 31:[], 32:[], 33:[], 34:[], 35:[], 36:[], 37:[], 38:[], 39:[], 40:[], 41:[], 42:[], 43:[], 44:[], 45:[], 46:[], 47:[], 48:[], 49:[], 50:[], 51:[], 52:[], 53:[], 54:[], 55:[], 56:[], 57:[], 58:[], 59:[], 60:[], 61:[], 62:[], 63:[], 64:[], 65:[], 66:[], 67:[], 68:[], 69:[], 70:[], 71:[], 72:[], 73:[], 74:[], 75:[], 76:[], 77:[], 78:[], 79:[], 80:[], 81:[], 82:[], 83:[], 84:[], 85:[], 86:[], 87:[], 88:[], 89:[], 90:[], 91:[], 92:[], 93:[], 94:[], 95:[], 96:[], 97:[], 98:[], 99:[], 100:[], 101:[], 102:[], 103:[], 104:[], 105:[], 106:[], 107:[], 108:[], 109:[], 110:[], 111:[], 112:[], 113:[], 114:[], 115:[], 116:[], 117:[], 118:[], 119:[], 120:[], 121:[], 122:[], 123:[], 124:[], 125:[], 126:[], 127:[], 128:[], 129:[], 130:[], 131:[], 132:[], 133:[], 134:[], 135:[], 136:[], 137:[], 138:[], 139:[], 140:[], 141:[], 142:[], 143:[], 144:[], 145:[], 146:[], 147:[], 148:[], 149:[], 150:[], 151:[], 152:[], 153:[], 154:[], 155:[], 156:[], 157:[], 158:[], 159:[], 160:[], 161:[], 162:[], 163:[], 164:[], 165:[], 166:[], 167:[], 168:[], 169:[], 170:[], 171:[], 172:[], 173:[], 174:[], 175:[], 176:[], 177:[], 178:[], 179:[], 180:[], 181:[], 182:[], 183:[], 184:[], 185:[], 186:[], 187:[], 188:[]",82458358296,77260707652
4561,11,45345.9814,33118444,494604537,3949888679,1035.7069,false,191,true,true,true,true,true,false,false,"0:[0, 1, 2, 3, 4, 5, 6, 7, 8, 9, 10, 11, 12, 13, 14, 15, 16, 17, 18, 19, 20, 21, 22, 23, 24, 25, 26, 27, 28, 29, 30, 31, 32, 33, 34, 35, 36, 37, 38, 39, 40, 41, 42, 43, 44, 45, 46, 47, 48, 49, 50, 51, 52, 53, 54, 55, 56, 57, 58, 59, 60, 61, 62, 63, 64, 65, 66, 67, 68, 69, 70, 71, 72, 73, 74, 75, 76, 77, 78, 79, 80, 81, 82, 83, 84, 85, 86, 87, 88, 89, 90, 91, 92, 93, 94, 95, 96, 97, 98, 99, 100, 101, 102, 103, 104, 105, 106, 107, 108, 109, 110, 111, 112, 113, 114, 115, 116, 117, 118, 119, 120, 121, 122, 123, 124, 125, 126, 127, 128, 129, 130, 131, 132, 133, 134, 135, 136, 137, 138, 139, 140, 141, 142, 143, 144, 145, 146, 147, 148, 149, 150, 151, 152, 153, 154, 155, 156, 157, 158, 159, 160, 161, 162, 163, 164, 165, 166, 167, 168, 169, 170, 171, 172, 173, 174, 175, 176, 177, 178, 179, 180, 181, 182, 183, 184, 185, 186, 187, 188, 189, 190], 1:[], 2:[], 3:[], 4:[], 5:[], 6:[], 7:[], 8:[], 9:[], 10:[], 11:[], 12:[], 13:[], 14:[], 15:[], 16:[], 17:[], 18:[], 19:[], 20:[], 21:[], 22:[], 23:[], 24:[], 25:[], 26:[], 27:[], 28:[], 29:[], 30:[], 31:[], 32:[], 33:[], 34:[], 35:[], 36:[], 37:[], 38:[], 39:[], 40:[], 41:[], 42:[], 43:[], 44:[], 45:[], 46:[], 47:[], 48:[], 49:[], 50:[], 51:[], 52:[], 53:[], 54:[], 55:[], 56:[], 57:[], 58:[], 59:[], 60:[], 61:[], 62:[], 63:[], 64:[], 65:[], 66:[], 67:[], 68:[], 69:[], 70:[], 71:[], 72:[], 73:[], 74:[], 75:[], 76:[], 77:[], 78:[], 79:[], 80:[], 81:[], 82:[], 83:[], 84:[], 85:[], 86:[], 87:[], 88:[], 89:[], 90:[], 91:[], 92:[], 93:[], 94:[], 95:[], 96:[], 97:[], 98:[], 99:[], 100:[], 101:[], 102:[], 103:[], 104:[], 105:[], 106:[], 107:[], 108:[], 109:[], 110:[], 111:[], 112:[], 113:[], 114:[], 115:[], 116:[], 117:[], 118:[], 119:[], 120:[], 121:[], 122:[], 123:[], 124:[], 125:[], 126:[], 127:[], 128:[], 129:[], 130:[], 131:[], 132:[], 133:[], 134:[], 135:[], 136:[], 137:[], 138:[], 139:[], 140:[], 141:[], 142:[], 143:[], 144:[], 145:[], 146:[], 147:[], 148:[], 149:[], 150:[], 151:[], 152:[], 153:[], 154:[], 155:[], 156:[], 157:[], 158:[], 159:[], 160:[], 161:[], 162:[], 163:[], 164:[], 165:[], 166:[], 167:[], 168:[], 169:[], 170:[], 171:[], 172:[], 173:[], 174:[], 175:[], 176:[], 177:[], 178:[], 179:[], 180:[], 181:[], 182:[], 183:[], 184:[], 185:[], 186:[], 187:[], 188:[], 189:[], 190:[]",82776007840,77722381213
4567,3,36884.5761,33249089,496557351,3965488353,1080.2958,false,191,true,true,true,true,true,false,false,"0:[0, 1, 2, 3, 4, 5, 6, 7, 8, 9, 10, 11, 12, 13, 14, 15, 16, 17, 18, 19, 20, 21, 22, 23, 24, 25, 26, 27, 28, 29, 30, 31, 32, 33, 34, 35, 36, 37, 38, 39, 40, 41, 42, 43, 44, 45, 46, 47, 48, 49, 50, 51, 52, 53, 54, 55, 56, 57, 58, 59, 60, 61, 62, 63, 64, 65, 66, 67, 68, 69, 70, 71, 72, 73, 74, 75, 76, 77, 78, 79, 80, 81, 82, 83, 84, 85, 86, 87, 88, 89, 90, 91, 92, 93, 94, 95, 96, 97, 98, 99, 100, 101, 102, 103, 104, 105, 106, 107, 108, 109, 110, 111, 112, 113, 114, 115, 116, 117, 118, 119, 120, 121, 122, 123, 124, 125, 126, 127, 128, 129, 130, 131, 132, 133, 134, 135, 136, 137, 138, 139, 140, 141, 142, 143, 144, 145, 146, 147, 148, 149, 150, 151, 152, 153, 154, 155, 156, 157, 158, 159, 160, 161, 162, 163, 164, 165, 166, 167, 168, 169, 170, 171, 172, 173, 174, 175, 176, 177, 178, 179, 180, 181, 182, 183, 184, 185, 186, 187, 188, 189, 190], 1:[], 2:[], 3:[], 4:[], 5:[], 6:[], 7:[], 8:[], 9:[], 10:[], 11:[], 12:[], 13:[], 14:[], 15:[], 16:[], 17:[], 18:[], 19:[], 20:[], 21:[], 22:[], 23:[], 24:[], 25:[], 26:[], 27:[], 28:[], 29:[], 30:[], 31:[], 32:[], 33:[], 34:[], 35:[], 36:[], 37:[], 38:[], 39:[], 40:[], 41:[], 42:[], 43:[], 44:[], 45:[], 46:[], 47:[], 48:[], 49:[], 50:[], 51:[], 52:[], 53:[], 54:[], 55:[], 56:[], 57:[], 58:[], 59:[], 60:[], 61:[], 62:[], 63:[], 64:[], 65:[], 66:[], 67:[], 68:[], 69:[], 70:[], 71:[], 72:[], 73:[], 74:[], 75:[], 76:[], 77:[], 78:[], 79:[], 80:[], 81:[], 82:[], 83:[], 84:[], 85:[], 86:[], 87:[], 88:[], 89:[], 90:[], 91:[], 92:[], 93:[], 94:[], 95:[], 96:[], 97:[], 98:[], 99:[], 100:[], 101:[], 102:[], 103:[], 104:[], 105:[], 106:[], 107:[], 108:[], 109:[], 110:[], 111:[], 112:[], 113:[], 114:[], 115:[], 116:[], 117:[], 118:[], 119:[], 120:[], 121:[], 122:[], 123:[], 124:[], 125:[], 126:[], 127:[], 128:[], 129:[], 130:[], 131:[], 132:[], 133:[], 134:[], 135:[], 136:[], 137:[], 138:[], 139:[], 140:[], 141:[], 142:[], 143:[], 144:[], 145:[], 146:[], 147:[], 148:[], 149:[], 150:[], 151:[], 152:[], 153:[], 154:[], 155:[], 156:[], 157:[], 158:[], 159:[], 160:[], 161:[], 162:[], 163:[], 164:[], 165:[], 166:[], 167:[], 168:[], 169:[], 170:[], 171:[], 172:[], 173:[], 174:[], 175:[], 176:[], 177:[], 178:[], 179:[], 180:[], 181:[], 182:[], 183:[], 184:[], 185:[], 186:[], 187:[], 188:[], 189:[], 190:[]",82935368440,77953959131
4583,5,37118.9253,33599154,501793021,4007324629,1072.0214,false,191,true,true,true,true,true,false,false,"0:[0, 1, 2, 3, 4, 5, 6, 7, 8, 9, 10, 11, 12, 13, 14, 15, 16, 17, 18, 19, 20, 21, 22, 23, 24, 25, 26, 27, 28, 29, 30, 31, 32, 33, 34, 35, 36, 37, 38, 39, 40, 41, 42, 43, 44, 45, 46, 47, 48, 49, 50, 51, 52, 53, 54, 55, 56, 57, 58, 59, 60, 61, 62, 63, 64, 65, 66, 67, 68, 69, 70, 71, 72, 73, 74, 75, 76, 77, 78, 79, 80, 81, 82, 83, 84, 85, 86, 87, 88, 89, 90, 91, 92, 93, 94, 95, 96, 97, 98, 99, 100, 101, 102, 103, 104, 105, 106, 107, 108, 109, 110, 111, 112, 113, 114, 115, 116, 117, 118, 119, 120, 121, 122, 123, 124, 125, 126, 127, 128, 129, 130, 131, 132, 133, 134, 135, 136, 137, 138, 139, 140, 141, 142, 143, 144, 145, 146, 147, 148, 149, 150, 151, 152, 153, 154, 155, 156, 157, 158, 159, 160, 161, 162, 163, 164, 165, 166, 167, 168, 169, 170, 171, 172, 173, 174, 175, 176, 177, 178, 179, 180, 181, 182, 183, 184, 185, 186, 187, 188, 189, 190], 1:[], 2:[], 3:[], 4:[], 5:[], 6:[], 7:[], 8:[], 9:[], 10:[], 11:[], 12:[], 13:[], 14:[], 15:[], 16:[], 17:[], 18:[], 19:[], 20:[], 21:[], 22:[], 23:[], 24:[], 25:[], 26:[], 27:[], 28:[], 29:[], 30:[], 31:[], 32:[], 33:[], 34:[], 35:[], 36:[], 37:[], 38:[], 39:[], 40:[], 41:[], 42:[], 43:[], 44:[], 45:[], 46:[], 47:[], 48:[], 49:[], 50:[], 51:[], 52:[], 53:[], 54:[], 55:[], 56:[], 57:[], 58:[], 59:[], 60:[], 61:[], 62:[], 63:[], 64:[], 65:[], 66:[], 67:[], 68:[], 69:[], 70:[], 71:[], 72:[], 73:[], 74:[], 75:[], 76:[], 77:[], 78:[], 79:[], 80:[], 81:[], 82:[], 83:[], 84:[], 85:[], 86:[], 87:[], 88:[], 89:[], 90:[], 91:[], 92:[], 93:[], 94:[], 95:[], 96:[], 97:[], 98:[], 99:[], 100:[], 101:[], 102:[], 103:[], 104:[], 105:[], 106:[], 107:[], 108:[], 109:[], 110:[], 111:[], 112:[], 113:[], 114:[], 115:[], 116:[], 117:[], 118:[], 119:[], 120:[], 121:[], 122:[], 123:[], 124:[], 125:[], 126:[], 127:[], 128:[], 129:[], 130:[], 131:[], 132:[], 133:[], 134:[], 135:[], 136:[], 137:[], 138:[], 139:[], 140:[], 141:[], 142:[], 143:[], 144:[], 145:[], 146:[], 147:[], 148:[], 149:[], 150:[], 151:[], 152:[], 153:[], 154:[], 155:[], 156:[], 157:[], 158:[], 159:[], 160:[], 161:[], 162:[], 163:[], 164:[], 165:[], 166:[], 167:[], 168:[], 169:[], 170:[], 171:[], 172:[], 173:[], 174:[], 175:[], 176:[], 177:[], 178:[], 179:[], 180:[], 181:[], 182:[], 183:[], 184:[], 185:[], 186:[], 187:[], 188:[], 189:[], 190:[]",83362623600,78574932929
4591,3,44205.7573,33775104,504424654,4028353444,1161.0451,false,191,true,true,true,true,true,false,false,"0:[0, 1, 2, 3, 4, 5, 6, 7, 8, 9, 10, 11, 12, 13, 14, 15, 16, 17, 18, 19, 20, 21, 22, 23, 24, 25, 26, 27, 28, 29, 30, 31, 32, 33, 34, 35, 36, 37, 38, 39, 40, 41, 42, 43, 44, 45, 46, 47, 48, 49, 50, 51, 52, 53, 54, 55, 56, 57, 58, 59, 60, 61, 62, 63, 64, 65, 66, 67, 68, 69, 70, 71, 72, 73, 74, 75, 76, 77, 78, 79, 80, 81, 82, 83, 84, 85, 86, 87, 88, 89, 90, 91, 92, 93, 94, 95, 96, 97, 98, 99, 100, 101, 102, 103, 104, 105, 106, 107, 108, 109, 110, 111, 112, 113, 114, 115, 116, 117, 118, 119, 120, 121, 122, 123, 124, 125, 126, 127, 128, 129, 130, 131, 132, 133, 134, 135, 136, 137, 138, 139, 140, 141, 142, 143, 144, 145, 146, 147, 148, 149, 150, 151, 152, 153, 154, 155, 156, 157, 158, 159, 160, 161, 162, 163, 164, 165, 166, 167, 168, 169, 170, 171, 172, 173, 174, 175, 176, 177, 178, 179, 180, 181, 182, 183, 184, 185, 186, 187, 188, 189, 190], 1:[], 2:[], 3:[], 4:[], 5:[], 6:[], 7:[], 8:[], 9:[], 10:[], 11:[], 12:[], 13:[], 14:[], 15:[], 16:[], 17:[], 18:[], 19:[], 20:[], 21:[], 22:[], 23:[], 24:[], 25:[], 26:[], 27:[], 28:[], 29:[], 30:[], 31:[], 32:[], 33:[], 34:[], 35:[], 36:[], 37:[], 38:[], 39:[], 40:[], 41:[], 42:[], 43:[], 44:[], 45:[], 46:[], 47:[], 48:[], 49:[], 50:[], 51:[], 52:[], 53:[], 54:[], 55:[], 56:[], 57:[], 58:[], 59:[], 60:[], 61:[], 62:[], 63:[], 64:[], 65:[], 66:[], 67:[], 68:[], 69:[], 70:[], 71:[], 72:[], 73:[], 74:[], 75:[], 76:[], 77:[], 78:[], 79:[], 80:[], 81:[], 82:[], 83:[], 84:[], 85:[], 86:[], 87:[], 88:[], 89:[], 90:[], 91:[], 92:[], 93:[], 94:[], 95:[], 96:[], 97:[], 98:[], 99:[], 100:[], 101:[], 102:[], 103:[], 104:[], 105:[], 106:[], 107:[], 108:[], 109:[], 110:[], 111:[], 112:[], 113:[], 114:[], 115:[], 116:[], 117:[], 118:[], 119:[], 120:[], 121:[], 122:[], 123:[], 124:[], 125:[], 126:[], 127:[], 128:[], 129:[], 130:[], 131:[], 132:[], 133:[], 134:[], 135:[], 136:[], 137:[], 138:[], 139:[], 140:[], 141:[], 142:[], 143:[], 144:[], 145:[], 146:[], 147:[], 148:[], 149:[], 150:[], 151:[], 152:[], 153:[], 154:[], 155:[], 156:[], 157:[], 158:[], 159:[], 160:[], 161:[], 162:[], 163:[], 164:[], 165:[], 166:[], 167:[], 168:[], 169:[], 170:[], 171:[], 172:[], 173:[], 174:[], 175:[], 176:[], 177:[], 178:[], 179:[], 180:[], 181:[], 182:[], 183:[], 184:[], 185:[], 186:[], 187:[], 188:[], 189:[], 190:[]",83577377040,78887057398
4597,2,41959.3499,33907469,506405528,4044186668,1066.9381,false,192,true,true,true,true,true,false,false,"0:[0, 1, 2, 3, 4, 5, 6, 7, 8, 9, 10, 11, 12, 13, 14, 15, 16, 17, 18, 19, 20, 21, 22, 23, 24, 25, 26, 27, 28, 29, 30, 31, 32, 33, 34, 35, 36, 37, 38, 39, 40, 41, 42, 43, 44, 45, 46, 47, 48, 49, 50, 51, 52, 53, 54, 55, 56, 57, 58, 59, 60, 61, 62, 63, 64, 65, 66, 67, 68, 69, 70, 71, 72, 73, 74, 75, 76, 77, 78, 79, 80, 81, 82, 83, 84, 85, 86, 87, 88, 89, 90, 91, 92, 93, 94, 95, 96, 97, 98, 99, 100, 101, 102, 103, 104, 105, 106, 107, 108, 109, 110, 111, 112, 113, 114, 115, 116, 117, 118, 119, 120, 121, 122, 123, 124, 125, 126, 127, 128, 129, 130, 131, 132, 133, 134, 135, 136, 137, 138, 139, 140, 141, 142, 143, 144, 145, 146, 147, 148, 149, 150, 151, 152, 153, 154, 155, 156, 157, 158, 159, 160, 161, 162, 163, 164, 165, 166, 167, 168, 169, 170, 171, 172, 173, 174, 175, 176, 177, 178, 179, 180, 181, 182, 183, 184, 185, 186, 187, 188, 189, 190, 191], 1:[], 2:[], 3:[], 4:[], 5:[], 6:[], 7:[], 8:[], 9:[], 10:[], 11:[], 12:[], 13:[], 14:[], 15:[], 16:[], 17:[], 18:[], 19:[], 20:[], 21:[], 22:[], 23:[], 24:[], 25:[], 26:[], 27:[], 28:[], 29:[], 30:[], 31:[], 32:[], 33:[], 34:[], 35:[], 36:[], 37:[], 38:[], 39:[], 40:[], 41:[], 42:[], 43:[], 44:[], 45:[], 46:[], 47:[], 48:[], 49:[], 50:[], 51:[], 52:[], 53:[], 54:[], 55:[], 56:[], 57:[], 58:[], 59:[], 60:[], 61:[], 62:[], 63:[], 64:[], 65:[], 66:[], 67:[], 68:[], 69:[], 70:[], 71:[], 72:[], 73:[], 74:[], 75:[], 76:[], 77:[], 78:[], 79:[], 80:[], 81:[], 82:[], 83:[], 84:[], 85:[], 86:[], 87:[], 88:[], 89:[], 90:[], 91:[], 92:[], 93:[], 94:[], 95:[], 96:[], 97:[], 98:[], 99:[], 100:[], 101:[], 102:[], 103:[], 104:[], 105:[], 106:[], 107:[], 108:[], 109:[], 110:[], 111:[], 112:[], 113:[], 114:[], 115:[], 116:[], 117:[], 118:[], 119:[], 120:[], 121:[], 122:[], 123:[], 124:[], 125:[], 126:[], 127:[], 128:[], 129:[], 130:[], 131:[], 132:[], 133:[], 134:[], 135:[], 136:[], 137:[], 138:[], 139:[], 140:[], 141:[], 142:[], 143:[], 144:[], 145:[], 146:[], 147:[], 148:[], 149:[], 150:[], 151:[], 152:[], 153:[], 154:[], 155:[], 156:[], 157:[], 158:[], 159:[], 160:[], 161:[], 162:[], 163:[], 164:[], 165:[], 166:[], 167:[], 168:[], 169:[], 170:[], 171:[], 172:[], 173:[], 174:[], 175:[], 176:[], 177:[], 178:[], 179:[], 180:[], 181:[], 182:[], 183:[], 184:[], 185:[], 186:[], 187:[], 188:[], 189:[], 190:[], 191:[]",83739023720,79122032864
4603,2,35017.6655,34040179,508389284,4060033739,1186.3822,false,191,true,true,true,true,true,false,false,"0:[0, 1, 2, 3, 4, 5, 6, 7, 8, 9, 10, 11, 12, 13, 14, 15, 16, 17, 18, 19, 20, 21, 22, 23, 24, 25, 26, 27, 28, 29, 30, 31, 32, 33, 34, 35, 36, 37, 38, 39, 40, 41, 42, 43, 44, 45, 46, 47, 48, 49, 50, 51, 52, 53, 54, 55, 56, 57, 58, 59, 60, 61, 62, 63, 64, 65, 66, 67, 68, 69, 70, 71, 72, 73, 74, 75, 76, 77, 78, 79, 80, 81, 82, 83, 84, 85, 86, 87, 88, 89, 90, 91, 92, 93, 94, 95, 96, 97, 98, 99, 100, 101, 102, 103, 104, 105, 106, 107, 108, 109, 110, 111, 112, 113, 114, 115, 116, 117, 118, 119, 120, 121, 122, 123, 124, 125, 126, 127, 128, 129, 130, 131, 132, 133, 134, 135, 136, 137, 138, 139, 140, 141, 142, 143, 144, 145, 146, 147, 148, 149, 150, 151, 152, 153, 154, 155, 156, 157, 158, 159, 160, 161, 162, 163, 164, 165, 166, 167, 168, 169, 170, 171, 172, 173, 174, 175, 176, 177, 178, 179, 180, 181, 182, 183, 184, 185, 186, 187, 188, 189, 190], 1:[], 2:[], 3:[], 4:[], 5:[], 6:[], 7:[], 8:[], 9:[], 10:[], 11:[], 12:[], 13:[], 14:[], 15:[], 16:[], 17:[], 18:[], 19:[], 20:[], 21:[], 22:[], 23:[], 24:[], 25:[], 26:[], 27:[], 28:[], 29:[], 30:[], 31:[], 32:[], 33:[], 34:[], 35:[], 36:[], 37:[], 38:[], 39:[], 40:[], 41:[], 42:[], 43:[], 44:[], 45:[], 46:[], 47:[], 48:[], 49:[], 50:[], 51:[], 52:[], 53:[], 54:[], 55:[], 56:[], 57:[], 58:[], 59:[], 60:[], 61:[], 62:[], 63:[], 64:[], 65:[], 66:[], 67:[], 68:[], 69:[], 70:[], 71:[], 72:[], 73:[], 74:[], 75:[], 76:[], 77:[], 78:[], 79:[], 80:[], 81:[], 82:[], 83:[], 84:[], 85:[], 86:[], 87:[], 88:[], 89:[], 90:[], 91:[], 92:[], 93:[], 94:[], 95:[], 96:[], 97:[], 98:[], 99:[], 100:[], 101:[], 102:[], 103:[], 104:[], 105:[], 106:[], 107:[], 108:[], 109:[], 110:[], 111:[], 112:[], 113:[], 114:[], 115:[], 116:[], 117:[], 118:[], 119:[], 120:[], 121:[], 122:[], 123:[], 124:[], 125:[], 126:[], 127:[], 128:[], 129:[], 130:[], 131:[], 132:[], 133:[], 134:[], 135:[], 136:[], 137:[], 138:[], 139:[], 140:[], 141:[], 142:[], 143:[], 144:[], 145:[], 146:[], 147:[], 148:[], 149:[], 150:[], 151:[], 152:[], 153:[], 154:[], 155:[], 156:[], 157:[], 158:[], 159:[], 160:[], 161:[], 162:[], 163:[], 164:[], 165:[], 166:[], 167:[], 168:[], 169:[], 170:[], 171:[], 172:[], 173:[], 174:[], 175:[], 176:[], 177:[], 178:[], 179:[], 180:[], 181:[], 182:[], 183:[], 184:[], 185:[], 186:[], 187:[], 188:[], 189:[], 190:[]",83900909240,79357280460
4621,2,41142.6328,34440387,514376246,4107878708,1063.3163,false,192,true,true,true,true,true,false,false,"0:[0, 1, 2, 3, 4, 5, 6, 7, 8, 9, 10, 11, 12, 13, 14, 15, 16, 17, 18, 19, 20, 21, 22, 23, 24, 25, 26, 27, 28, 29, 30, 31, 32, 33, 34, 35, 36, 37, 38, 39, 40, 41, 42, 43, 44, 45, 46, 47, 48, 49, 50, 51, 52, 53, 54, 55, 56, 57, 58, 59, 60, 61, 62, 63, 64, 65, 66, 67, 68, 69, 70, 71, 72, 73, 74, 75, 76, 77, 78, 79, 80, 81, 82, 83, 84, 85, 86, 87, 88, 89, 90, 91, 92, 93, 94, 95, 96, 97, 98, 99, 100, 101, 102, 103, 104, 105, 106, 107, 108, 109, 110, 111, 112, 113, 114, 115, 116, 117, 118, 119, 120, 121, 122, 123, 124, 125, 126, 127, 128, 129, 130, 131, 132, 133, 134, 135, 136, 137, 138, 139, 140, 141, 142, 143, 144, 145, 146, 147, 148, 149, 150, 151, 152, 153, 154, 155, 156, 157, 158, 159, 160, 161, 162, 163, 164, 165, 166, 167, 168, 169, 170, 171, 172, 173, 174, 175, 176, 177, 178, 179, 180, 181, 182, 183, 184, 185, 186, 187, 188, 189, 190, 191], 1:[], 2:[], 3:[], 4:[], 5:[], 6:[], 7:[], 8:[], 9:[], 10:[], 11:[], 12:[], 13:[], 14:[], 15:[], 16:[], 17:[], 18:[], 19:[], 20:[], 21:[], 22:[], 23:[], 24:[], 25:[], 26:[], 27:[], 28:[], 29:[], 30:[], 31:[], 32:[], 33:[], 34:[], 35:[], 36:[], 37:[], 38:[], 39:[], 40:[], 41:[], 42:[], 43:[], 44:[], 45:[], 46:[], 47:[], 48:[], 49:[], 50:[], 51:[], 52:[], 53:[], 54:[], 55:[], 56:[], 57:[], 58:[], 59:[], 60:[], 61:[], 62:[], 63:[], 64:[], 65:[], 66:[], 67:[], 68:[], 69:[], 70:[], 71:[], 72:[], 73:[], 74:[], 75:[], 76:[], 77:[], 78:[], 79:[], 80:[], 81:[], 82:[], 83:[], 84:[], 85:[], 86:[], 87:[], 88:[], 89:[], 90:[], 91:[], 92:[], 93:[], 94:[], 95:[], 96:[], 97:[], 98:[], 99:[], 100:[], 101:[], 102:[], 103:[], 104:[], 105:[], 106:[], 107:[], 108:[], 109:[], 110:[], 111:[], 112:[], 113:[], 114:[], 115:[], 116:[], 117:[], 118:[], 119:[], 120:[], 121:[], 122:[], 123:[], 124:[], 125:[], 126:[], 127:[], 128:[], 129:[], 130:[], 131:[], 132:[], 133:[], 134:[], 135:[], 136:[], 137:[], 138:[], 139:[], 140:[], 141:[], 142:[], 143:[], 144:[], 145:[], 146:[], 147:[], 148:[], 149:[], 150:[], 151:[], 152:[], 153:[], 154:[], 155:[], 156:[], 157:[], 158:[], 159:[], 160:[], 161:[], 162:[], 163:[], 164:[], 165:[], 166:[], 167:[], 168:[], 169:[], 170:[], 171:[], 172:[], 173:[], 174:[], 175:[], 176:[], 177:[], 178:[], 179:[], 180:[], 181:[], 182:[], 183:[], 184:[], 185:[], 186:[], 187:[], 188:[], 189:[], 190:[], 191:[]",84389471192,80067396678
4637,2,42427.0075,34798750,519736224,4150708970,1125.3132,false,194,true,true,true,true,true,false,false,"0:[0, 1, 2, 3, 4, 5, 6, 7, 8, 9, 10, 11, 12, 13, 14, 15, 16, 17, 18, 19, 20, 21, 22, 23, 24, 25, 26, 27, 28, 29, 30, 31, 32, 33, 34, 35, 36, 37, 38, 39, 40, 41, 42, 43, 44, 45, 46, 47, 48, 49, 50, 51, 52, 53, 54, 55, 56, 57, 58, 59, 60, 61, 62, 63, 64, 65, 66, 67, 68, 69, 70, 71, 72, 73, 74, 75, 76, 77, 78, 79, 80, 81, 82, 83, 84, 85, 86, 87, 88, 89, 90, 91, 92, 93, 94, 95, 96, 97, 98, 99, 100, 101, 102, 103, 104, 105, 106, 107, 108, 109, 110, 111, 112, 113, 114, 115, 116, 117, 118, 119, 120, 121, 122, 123, 124, 125, 126, 127, 128, 129, 130, 131, 132, 133, 134, 135, 136, 137, 138, 139, 140, 141, 142, 143, 144, 145, 146, 147, 148, 149, 150, 151, 152, 153, 154, 155, 156, 157, 158, 159, 160, 161, 162, 163, 164, 165, 166, 167, 168, 169, 170, 171, 172, 173, 174, 175, 176, 177, 178, 179, 180, 181, 182, 183, 184, 185, 186, 187, 188, 189, 190, 191, 192, 193], 1:[], 2:[], 3:[], 4:[], 5:[], 6:[], 7:[], 8:[], 9:[], 10:[], 11:[], 12:[], 13:[], 14:[], 15:[], 16:[], 17:[], 18:[], 19:[], 20:[], 21:[], 22:[], 23:[], 24:[], 25:[], 26:[], 27:[], 28:[], 29:[], 30:[], 31:[], 32:[], 33:[], 34:[], 35:[], 36:[], 37:[], 38:[], 39:[], 40:[], 41:[], 42:[], 43:[], 44:[], 45:[], 46:[], 47:[], 48:[], 49:[], 50:[], 51:[], 52:[], 53:[], 54:[], 55:[], 56:[], 57:[], 58:[], 59:[], 60:[], 61:[], 62:[], 63:[], 64:[], 65:[], 66:[], 67:[], 68:[], 69:[], 70:[], 71:[], 72:[], 73:[], 74:[], 75:[], 76:[], 77:[], 78:[], 79:[], 80:[], 81:[], 82:[], 83:[], 84:[], 85:[], 86:[], 87:[], 88:[], 89:[], 90:[], 91:[], 92:[], 93:[], 94:[], 95:[], 96:[], 97:[], 98:[], 99:[], 100:[], 101:[], 102:[], 103:[], 104:[], 105:[], 106:[], 107:[], 108:[], 109:[], 110:[], 111:[], 112:[], 113:[], 114:[], 115:[], 116:[], 117:[], 118:[], 119:[], 120:[], 121:[], 122:[], 123:[], 124:[], 125:[], 126:[], 127:[], 128:[], 129:[], 130:[], 131:[], 132:[], 133:[], 134:[], 135:[], 136:[], 137:[], 138:[], 139:[], 140:[], 141:[], 142:[], 143:[], 144:[], 145:[], 146:[], 147:[], 148:[], 149:[], 150:[], 151:[], 152:[], 153:[], 154:[], 155:[], 156:[], 157:[], 158:[], 159:[], 160:[], 161:[], 162:[], 163:[], 164:[], 165:[], 166:[], 167:[], 168:[], 169:[], 170:[], 171:[], 172:[], 173:[], 174:[], 175:[], 176:[], 177:[], 178:[], 179:[], 180:[], 181:[], 182:[], 183:[], 184:[], 185:[], 186:[], 187:[], 188:[], 189:[], 190:[], 191:[], 192:[], 193:[]",84826870144,80703114112
4639,3,38127.9321,34843720,520407628,4156069107,1069.7451,false,193,true,true,true,true,true,false,false,"0:[0, 1, 2, 3, 4, 5, 6, 7, 8, 9, 10, 11, 12, 13, 14, 15, 16, 17, 18, 19, 20, 21, 22, 23, 24, 25, 26, 27, 28, 29, 30, 31, 32, 33, 34, 35, 36, 37, 38, 39, 40, 41, 42, 43, 44, 45, 46, 47, 48, 49, 50, 51, 52, 53, 54, 55, 56, 57, 58, 59, 60, 61, 62, 63, 64, 65, 66, 67, 68, 69, 70, 71, 72, 73, 74, 75, 76, 77, 78, 79, 80, 81, 82, 83, 84, 85, 86, 87, 88, 89, 90, 91, 92, 93, 94, 95, 96, 97, 98, 99, 100, 101, 102, 103, 104, 105, 106, 107, 108, 109, 110, 111, 112, 113, 114, 115, 116, 117, 118, 119, 120, 121, 122, 123, 124, 125, 126, 127, 128, 129, 130, 131, 132, 133, 134, 135, 136, 137, 138, 139, 140, 141, 142, 143, 144, 145, 146, 147, 148, 149, 150, 151, 152, 153, 154, 155, 156, 157, 158, 159, 160, 161, 162, 163, 164, 165, 166, 167, 168, 169, 170, 171, 172, 173, 174, 175, 176, 177, 178, 179, 180, 181, 182, 183, 184, 185, 186, 187, 188, 189, 190, 191, 192], 1:[], 2:[], 3:[], 4:[], 5:[], 6:[], 7:[], 8:[], 9:[], 10:[], 11:[], 12:[], 13:[], 14:[], 15:[], 16:[], 17:[], 18:[], 19:[], 20:[], 21:[], 22:[], 23:[], 24:[], 25:[], 26:[], 27:[], 28:[], 29:[], 30:[], 31:[], 32:[], 33:[], 34:[], 35:[], 36:[], 37:[], 38:[], 39:[], 40:[], 41:[], 42:[], 43:[], 44:[], 45:[], 46:[], 47:[], 48:[], 49:[], 50:[], 51:[], 52:[], 53:[], 54:[], 55:[], 56:[], 57:[], 58:[], 59:[], 60:[], 61:[], 62:[], 63:[], 64:[], 65:[], 66:[], 67:[], 68:[], 69:[], 70:[], 71:[], 72:[], 73:[], 74:[], 75:[], 76:[], 77:[], 78:[], 79:[], 80:[], 81:[], 82:[], 83:[], 84:[], 85:[], 86:[], 87:[], 88:[], 89:[], 90:[], 91:[], 92:[], 93:[], 94:[], 95:[], 96:[], 97:[], 98:[], 99:[], 100:[], 101:[], 102:[], 103:[], 104:[], 105:[], 106:[], 107:[], 108:[], 109:[], 110:[], 111:[], 112:[], 113:[], 114:[], 115:[], 116:[], 117:[], 118:[], 119:[], 120:[], 121:[], 122:[], 123:[], 124:[], 125:[], 126:[], 127:[], 128:[], 129:[], 130:[], 131:[], 132:[], 133:[], 134:[], 135:[], 136:[], 137:[], 138:[], 139:[], 140:[], 141:[], 142:[], 143:[], 144:[], 145:[], 146:[], 147:[], 148:[], 149:[], 150:[], 151:[], 152:[], 153:[], 154:[], 155:[], 156:[], 157:[], 158:[], 159:[], 160:[], 161:[], 162:[], 163:[], 164:[], 165:[], 166:[], 167:[], 168:[], 169:[], 170:[], 171:[], 172:[], 173:[], 174:[], 175:[], 176:[], 177:[], 178:[], 179:[], 180:[], 181:[], 182:[], 183:[], 184:[], 185:[], 186:[], 187:[], 188:[], 189:[], 190:[], 191:[], 192:[]",84881661744,80782709932
4643,2,35918.6595,34933774,521754628,4166833067,1102.1522,false,193,true,true,true,true,true,false,false,"0:[0, 1, 2, 3, 4, 5, 6, 7, 8, 9, 10, 11, 12, 13, 14, 15, 16, 17, 18, 19, 20, 21, 22, 23, 24, 25, 26, 27, 28, 29, 30, 31, 32, 33, 34, 35, 36, 37, 38, 39, 40, 41, 42, 43, 44, 45, 46, 47, 48, 49, 50, 51, 52, 53, 54, 55, 56, 57, 58, 59, 60, 61, 62, 63, 64, 65, 66, 67, 68, 69, 70, 71, 72, 73, 74, 75, 76, 77, 78, 79, 80, 81, 82, 83, 84, 85, 86, 87, 88, 89, 90, 91, 92, 93, 94, 95, 96, 97, 98, 99, 100, 101, 102, 103, 104, 105, 106, 107, 108, 109, 110, 111, 112, 113, 114, 115, 116, 117, 118, 119, 120, 121, 122, 123, 124, 125, 126, 127, 128, 129, 130, 131, 132, 133, 134, 135, 136, 137, 138, 139, 140, 141, 142, 143, 144, 145, 146, 147, 148, 149, 150, 151, 152, 153, 154, 155, 156, 157, 158, 159, 160, 161, 162, 163, 164, 165, 166, 167, 168, 169, 170, 171, 172, 173, 174, 175, 176, 177, 178, 179, 180, 181, 182, 183, 184, 185, 186, 187, 188, 189, 190, 191, 192], 1:[], 2:[], 3:[], 4:[], 5:[], 6:[], 7:[], 8:[], 9:[], 10:[], 11:[], 12:[], 13:[], 14:[], 15:[], 16:[], 17:[], 18:[], 19:[], 20:[], 21:[], 22:[], 23:[], 24:[], 25:[], 26:[], 27:[], 28:[], 29:[], 30:[], 31:[], 32:[], 33:[], 34:[], 35:[], 36:[], 37:[], 38:[], 39:[], 40:[], 41:[], 42:[], 43:[], 44:[], 45:[], 46:[], 47:[], 48:[], 49:[], 50:[], 51:[], 52:[], 53:[], 54:[], 55:[], 56:[], 57:[], 58:[], 59:[], 60:[], 61:[], 62:[], 63:[], 64:[], 65:[], 66:[], 67:[], 68:[], 69:[], 70:[], 71:[], 72:[], 73:[], 74:[], 75:[], 76:[], 77:[], 78:[], 79:[], 80:[], 81:[], 82:[], 83:[], 84:[], 85:[], 86:[], 87:[], 88:[], 89:[], 90:[], 91:[], 92:[], 93:[], 94:[], 95:[], 96:[], 97:[], 98:[], 99:[], 100:[], 101:[], 102:[], 103:[], 104:[], 105:[], 106:[], 107:[], 108:[], 109:[], 110:[], 111:[], 112:[], 113:[], 114:[], 115:[], 116:[], 117:[], 118:[], 119:[], 120:[], 121:[], 122:[], 123:[], 124:[], 125:[], 126:[], 127:[], 128:[], 129:[], 130:[], 131:[], 132:[], 133:[], 134:[], 135:[], 136:[], 137:[], 138:[], 139:[], 140:[], 141:[], 142:[], 143:[], 144:[], 145:[], 146:[], 147:[], 148:[], 149:[], 150:[], 151:[], 152:[], 153:[], 154:[], 155:[], 156:[], 157:[], 158:[], 159:[], 160:[], 161:[], 162:[], 163:[], 164:[], 165:[], 166:[], 167:[], 168:[], 169:[], 170:[], 171:[], 172:[], 173:[], 174:[], 175:[], 176:[], 177:[], 178:[], 179:[], 180:[], 181:[], 182:[], 183:[], 184:[], 185:[], 186:[], 187:[], 188:[], 189:[], 190:[], 191:[], 192:[]",84991583040,80942470740
4649,3,41658.2903,35069148,523780562,4183026473,1079.6429,false,194,true,true,true,true,true,false,false,"0:[0, 1, 2, 3, 4, 5, 6, 7, 8, 9, 10, 11, 12, 13, 14, 15, 16, 17, 18, 19, 20, 21, 22, 23, 24, 25, 26, 27, 28, 29, 30, 31, 32, 33, 34, 35, 36, 37, 38, 39, 40, 41, 42, 43, 44, 45, 46, 47, 48, 49, 50, 51, 52, 53, 54, 55, 56, 57, 58, 59, 60, 61, 62, 63, 64, 65, 66, 67, 68, 69, 70, 71, 72, 73, 74, 75, 76, 77, 78, 79, 80, 81, 82, 83, 84, 85, 86, 87, 88, 89, 90, 91, 92, 93, 94, 95, 96, 97, 98, 99, 100, 101, 102, 103, 104, 105, 106, 107, 108, 109, 110, 111, 112, 113, 114, 115, 116, 117, 118, 119, 120, 121, 122, 123, 124, 125, 126, 127, 128, 129, 130, 131, 132, 133, 134, 135, 136, 137, 138, 139, 140, 141, 142, 143, 144, 145, 146, 147, 148, 149, 150, 151, 152, 153, 154, 155, 156, 157, 158, 159, 160, 161, 162, 163, 164, 165, 166, 167, 168, 169, 170, 171, 172, 173, 174, 175, 176, 177, 178, 179, 180, 181, 182, 183, 184, 185, 186, 187, 188, 189, 190, 191, 192, 193], 1:[], 2:[], 3:[], 4:[], 5:[], 6:[], 7:[], 8:[], 9:[], 10:[], 11:[], 12:[], 13:[], 14:[], 15:[], 16:[], 17:[], 18:[], 19:[], 20:[], 21:[], 22:[], 23:[], 24:[], 25:[], 26:[], 27:[], 28:[], 29:[], 30:[], 31:[], 32:[], 33:[], 34:[], 35:[], 36:[], 37:[], 38:[], 39:[], 40:[], 41:[], 42:[], 43:[], 44:[], 45:[], 46:[], 47:[], 48:[], 49:[], 50:[], 51:[], 52:[], 53:[], 54:[], 55:[], 56:[], 57:[], 58:[], 59:[], 60:[], 61:[], 62:[], 63:[], 64:[], 65:[], 66:[], 67:[], 68:[], 69:[], 70:[], 71:[], 72:[], 73:[], 74:[], 75:[], 76:[], 77:[], 78:[], 79:[], 80:[], 81:[], 82:[], 83:[], 84:[], 85:[], 86:[], 87:[], 88:[], 89:[], 90:[], 91:[], 92:[], 93:[], 94:[], 95:[], 96:[], 97:[], 98:[], 99:[], 100:[], 101:[], 102:[], 103:[], 104:[], 105:[], 106:[], 107:[], 108:[], 109:[], 110:[], 111:[], 112:[], 113:[], 114:[], 115:[], 116:[], 117:[], 118:[], 119:[], 120:[], 121:[], 122:[], 123:[], 124:[], 125:[], 126:[], 127:[], 128:[], 129:[], 130:[], 131:[], 132:[], 133:[], 134:[], 135:[], 136:[], 137:[], 138:[], 139:[], 140:[], 141:[], 142:[], 143:[], 144:[], 145:[], 146:[], 147:[], 148:[], 149:[], 150:[], 151:[], 152:[], 153:[], 154:[], 155:[], 156:[], 157:[], 158:[], 159:[], 160:[], 161:[], 162:[], 163:[], 164:[], 165:[], 166:[], 167:[], 168:[], 169:[], 170:[], 171:[], 172:[], 173:[], 174:[], 175:[], 176:[], 177:[], 178:[], 179:[], 180:[], 181:[], 182:[], 183:[], 184:[], 185:[], 186:[], 187:[], 188:[], 189:[], 190:[], 191:[], 192:[], 193:[]",85156906736,81182790634
4651,2,35977.0906,35114349,524455497,4188415168,1243.2973,false,194,true,true,true,true,true,false,false,"0:[0, 1, 2, 3, 4, 5, 6, 7, 8, 9, 10, 11, 12, 13, 14, 15, 16, 17, 18, 19, 20, 21, 22, 23, 24, 25, 26, 27, 28, 29, 30, 31, 32, 33, 34, 35, 36, 37, 38, 39, 40, 41, 42, 43, 44, 45, 46, 47, 48, 49, 50, 51, 52, 53, 54, 55, 56, 57, 58, 59, 60, 61, 62, 63, 64, 65, 66, 67, 68, 69, 70, 71, 72, 73, 74, 75, 76, 77, 78, 79, 80, 81, 82, 83, 84, 85, 86, 87, 88, 89, 90, 91, 92, 93, 94, 95, 96, 97, 98, 99, 100, 101, 102, 103, 104, 105, 106, 107, 108, 109, 110, 111, 112, 113, 114, 115, 116, 117, 118, 119, 120, 121, 122, 123, 124, 125, 126, 127, 128, 129, 130, 131, 132, 133, 134, 135, 136, 137, 138, 139, 140, 141, 142, 143, 144, 145, 146, 147, 148, 149, 150, 151, 152, 153, 154, 155, 156, 157, 158, 159, 160, 161, 162, 163, 164, 165, 166, 167, 168, 169, 170, 171, 172, 173, 174, 175, 176, 177, 178, 179, 180, 181, 182, 183, 184, 185, 186, 187, 188, 189, 190, 191, 192, 193], 1:[], 2:[], 3:[], 4:[], 5:[], 6:[], 7:[], 8:[], 9:[], 10:[], 11:[], 12:[], 13:[], 14:[], 15:[], 16:[], 17:[], 18:[], 19:[], 20:[], 21:[], 22:[], 23:[], 24:[], 25:[], 26:[], 27:[], 28:[], 29:[], 30:[], 31:[], 32:[], 33:[], 34:[], 35:[], 36:[], 37:[], 38:[], 39:[], 40:[], 41:[], 42:[], 43:[], 44:[], 45:[], 46:[], 47:[], 48:[], 49:[], 50:[], 51:[], 52:[], 53:[], 54:[], 55:[], 56:[], 57:[], 58:[], 59:[], 60:[], 61:[], 62:[], 63:[], 64:[], 65:[], 66:[], 67:[], 68:[], 69:[], 70:[], 71:[], 72:[], 73:[], 74:[], 75:[], 76:[], 77:[], 78:[], 79:[], 80:[], 81:[], 82:[], 83:[], 84:[], 85:[], 86:[], 87:[], 88:[], 89:[], 90:[], 91:[], 92:[], 93:[], 94:[], 95:[], 96:[], 97:[], 98:[], 99:[], 100:[], 101:[], 102:[], 103:[], 104:[], 105:[], 106:[], 107:[], 108:[], 109:[], 110:[], 111:[], 112:[], 113:[], 114:[], 115:[], 116:[], 117:[], 118:[], 119:[], 120:[], 121:[], 122:[], 123:[], 124:[], 125:[], 126:[], 127:[], 128:[], 129:[], 130:[], 131:[], 132:[], 133:[], 134:[], 135:[], 136:[], 137:[], 138:[], 139:[], 140:[], 141:[], 142:[], 143:[], 144:[], 145:[], 146:[], 147:[], 148:[], 149:[], 150:[], 151:[], 152:[], 153:[], 154:[], 155:[], 156:[], 157:[], 158:[], 159:[], 160:[], 161:[], 162:[], 163:[], 164:[], 165:[], 166:[], 167:[], 168:[], 169:[], 170:[], 171:[], 172:[], 173:[], 174:[], 175:[], 176:[], 177:[], 178:[], 179:[], 180:[], 181:[], 182:[], 183:[], 184:[], 185:[], 186:[], 187:[], 188:[], 189:[], 190:[], 191:[], 192:[], 193:[]",85211986360,81262805701
4657,5,43243.8866,35250188,526488407,4204664374,1133.5627,false,194,true,true,true,true,true,false,false,"0:[0, 1, 2, 3, 4, 5, 6, 7, 8, 9, 10, 11, 12, 13, 14, 15, 16, 17, 18, 19, 20, 21, 22, 23, 24, 25, 26, 27, 28, 29, 30, 31, 32, 33, 34, 35, 36, 37, 38, 39, 40, 41, 42, 43, 44, 45, 46, 47, 48, 49, 50, 51, 52, 53, 54, 55, 56, 57, 58, 59, 60, 61, 62, 63, 64, 65, 66, 67, 68, 69, 70, 71, 72, 73, 74, 75, 76, 77, 78, 79, 80, 81, 82, 83, 84, 85, 86, 87, 88, 89, 90, 91, 92, 93, 94, 95, 96, 97, 98, 99, 100, 101, 102, 103, 104, 105, 106, 107, 108, 109, 110, 111, 112, 113, 114, 115, 116, 117, 118, 119, 120, 121, 122, 123, 124, 125, 126, 127, 128, 129, 130, 131, 132, 133, 134, 135, 136, 137, 138, 139, 140, 141, 142, 143, 144, 145, 146, 147, 148, 149, 150, 151, 152, 153, 154, 155, 156, 157, 158, 159, 160, 161, 162, 163, 164, 165, 166, 167, 168, 169, 170, 171, 172, 173, 174, 175, 176, 177, 178, 179, 180, 181, 182, 183, 184, 185, 186, 187, 188, 189, 190, 191, 192, 193], 1:[], 2:[], 3:[], 4:[], 5:[], 6:[], 7:[], 8:[], 9:[], 10:[], 11:[], 12:[], 13:[], 14:[], 15:[], 16:[], 17:[], 18:[], 19:[], 20:[], 21:[], 22:[], 23:[], 24:[], 25:[], 26:[], 27:[], 28:[], 29:[], 30:[], 31:[], 32:[], 33:[], 34:[], 35:[], 36:[], 37:[], 38:[], 39:[], 40:[], 41:[], 42:[], 43:[], 44:[], 45:[], 46:[], 47:[], 48:[], 49:[], 50:[], 51:[], 52:[], 53:[], 54:[], 55:[], 56:[], 57:[], 58:[], 59:[], 60:[], 61:[], 62:[], 63:[], 64:[], 65:[], 66:[], 67:[], 68:[], 69:[], 70:[], 71:[], 72:[], 73:[], 74:[], 75:[], 76:[], 77:[], 78:[], 79:[], 80:[], 81:[], 82:[], 83:[], 84:[], 85:[], 86:[], 87:[], 88:[], 89:[], 90:[], 91:[], 92:[], 93:[], 94:[], 95:[], 96:[], 97:[], 98:[], 99:[], 100:[], 101:[], 102:[], 103:[], 104:[], 105:[], 106:[], 107:[], 108:[], 109:[], 110:[], 111:[], 112:[], 113:[], 114:[], 115:[], 116:[], 117:[], 118:[], 119:[], 120:[], 121:[], 122:[], 123:[], 124:[], 125:[], 126:[], 127:[], 128:[], 129:[], 130:[], 131:[], 132:[], 133:[], 134:[], 135:[], 136:[], 137:[], 138:[], 139:[], 140:[], 141:[], 142:[], 143:[], 144:[], 145:[], 146:[], 147:[], 148:[], 149:[], 150:[], 151:[], 152:[], 153:[], 154:[], 155:[], 156:[], 157:[], 158:[], 159:[], 160:[], 161:[], 162:[], 163:[], 164:[], 165:[], 166:[], 167:[], 168:[], 169:[], 170:[], 171:[], 172:[], 173:[], 174:[], 175:[], 176:[], 177:[], 178:[], 179:[], 180:[], 181:[], 182:[], 183:[], 184:[], 185:[], 186:[], 187:[], 188:[], 189:[], 190:[], 191:[], 192:[], 193:[]",85377879296,81503953523
4663,3,45114.9455,35386377,528524270,4220928150,1136.9289,false,195,true,true,true,true,true,false,false,"0:[0, 1, 2, 3, 4, 5, 6, 7, 8, 9, 10, 11, 12, 13, 14, 15, 16, 17, 18, 19, 20, 21, 22, 23, 24, 25, 26, 27, 28, 29, 30, 31, 32, 33, 34, 35, 36, 37, 38, 39, 40, 41, 42, 43, 44, 45, 46, 47, 48, 49, 50, 51, 52, 53, 54, 55, 56, 57, 58, 59, 60, 61, 62, 63, 64, 65, 66, 67, 68, 69, 70, 71, 72, 73, 74, 75, 76, 77, 78, 79, 80, 81, 82, 83, 84, 85, 86, 87, 88, 89, 90, 91, 92, 93, 94, 95, 96, 97, 98, 99, 100, 101, 102, 103, 104, 105, 106, 107, 108, 109, 110, 111, 112, 113, 114, 115, 116, 117, 118, 119, 120, 121, 122, 123, 124, 125, 126, 127, 128, 129, 130, 131, 132, 133, 134, 135, 136, 137, 138, 139, 140, 141, 142, 143, 144, 145, 146, 147, 148, 149, 150, 151, 152, 153, 154, 155, 156, 157, 158, 159, 160, 161, 162, 163, 164, 165, 166, 167, 168, 169, 170, 171, 172, 173, 174, 175, 176, 177, 178, 179, 180, 181, 182, 183, 184, 185, 186, 187, 188, 189, 190, 191, 192, 193, 194], 1:[], 2:[], 3:[], 4:[], 5:[], 6:[], 7:[], 8:[], 9:[], 10:[], 11:[], 12:[], 13:[], 14:[], 15:[], 16:[], 17:[], 18:[], 19:[], 20:[], 21:[], 22:[], 23:[], 24:[], 25:[], 26:[], 27:[], 28:[], 29:[], 30:[], 31:[], 32:[], 33:[], 34:[], 35:[], 36:[], 37:[], 38:[], 39:[], 40:[], 41:[], 42:[], 43:[], 44:[], 45:[], 46:[], 47:[], 48:[], 49:[], 50:[], 51:[], 52:[], 53:[], 54:[], 55:[], 56:[], 57:[], 58:[], 59:[], 60:[], 61:[], 62:[], 63:[], 64:[], 65:[], 66:[], 67:[], 68:[], 69:[], 70:[], 71:[], 72:[], 73:[], 74:[], 75:[], 76:[], 77:[], 78:[], 79:[], 80:[], 81:[], 82:[], 83:[], 84:[], 85:[], 86:[], 87:[], 88:[], 89:[], 90:[], 91:[], 92:[], 93:[], 94:[], 95:[], 96:[], 97:[], 98:[], 99:[], 100:[], 101:[], 102:[], 103:[], 104:[], 105:[], 106:[], 107:[], 108:[], 109:[], 110:[], 111:[], 112:[], 113:[], 114:[], 115:[], 116:[], 117:[], 118:[], 119:[], 120:[], 121:[], 122:[], 123:[], 124:[], 125:[], 126:[], 127:[], 128:[], 129:[], 130:[], 131:[], 132:[], 133:[], 134:[], 135:[], 136:[], 137:[], 138:[], 139:[], 140:[], 141:[], 142:[], 143:[], 144:[], 145:[], 146:[], 147:[], 148:[], 149:[], 150:[], 151:[], 152:[], 153:[], 154:[], 155:[], 156:[], 157:[], 158:[], 159:[], 160:[], 161:[], 162:[], 163:[], 164:[], 165:[], 166:[], 167:[], 168:[], 169:[], 170:[], 171:[], 172:[], 173:[], 174:[], 175:[], 176:[], 177:[], 178:[], 179:[], 180:[], 181:[], 182:[], 183:[], 184:[], 185:[], 186:[], 187:[], 188:[], 189:[], 190:[], 191:[], 192:[], 193:[], 194:[]",85544016872,81745380750
4673,3,43044.0338,35614137,531932101,4248164327,1184.6233,false,194,true,true,true,true,true,false,false,"0:[0, 1, 2, 3, 4, 5, 6, 7, 8, 9, 10, 11, 12, 13, 14, 15, 16, 17, 18, 19, 20, 21, 22, 23, 24, 25, 26, 27, 28, 29, 30, 31, 32, 33, 34, 35, 36, 37, 38, 39, 40, 41, 42, 43, 44, 45, 46, 47, 48, 49, 50, 51, 52, 53, 54, 55, 56, 57, 58, 59, 60, 61, 62, 63, 64, 65, 66, 67, 68, 69, 70, 71, 72, 73, 74, 75, 76, 77, 78, 79, 80, 81, 82, 83, 84, 85, 86, 87, 88, 89, 90, 91, 92, 93, 94, 95, 96, 97, 98, 99, 100, 101, 102, 103, 104, 105, 106, 107, 108, 109, 110, 111, 112, 113, 114, 115, 116, 117, 118, 119, 120, 121, 122, 123, 124, 125, 126, 127, 128, 129, 130, 131, 132, 133, 134, 135, 136, 137, 138, 139, 140, 141, 142, 143, 144, 145, 146, 147, 148, 149, 150, 151, 152, 153, 154, 155, 156, 157, 158, 159, 160, 161, 162, 163, 164, 165, 166, 167, 168, 169, 170, 171, 172, 173, 174, 175, 176, 177, 178, 179, 180, 181, 182, 183, 184, 185, 186, 187, 188, 189, 190, 191, 192, 193], 1:[], 2:[], 3:[], 4:[], 5:[], 6:[], 7:[], 8:[], 9:[], 10:[], 11:[], 12:[], 13:[], 14:[], 15:[], 16:[], 17:[], 18:[], 19:[], 20:[], 21:[], 22:[], 23:[], 24:[], 25:[], 26:[], 27:[], 28:[], 29:[], 30:[], 31:[], 32:[], 33:[], 34:[], 35:[], 36:[], 37:[], 38:[], 39:[], 40:[], 41:[], 42:[], 43:[], 44:[], 45:[], 46:[], 47:[], 48:[], 49:[], 50:[], 51:[], 52:[], 53:[], 54:[], 55:[], 56:[], 57:[], 58:[], 59:[], 60:[], 61:[], 62:[], 63:[], 64:[], 65:[], 66:[], 67:[], 68:[], 69:[], 70:[], 71:[], 72:[], 73:[], 74:[], 75:[], 76:[], 77:[], 78:[], 79:[], 80:[], 81:[], 82:[], 83:[], 84:[], 85:[], 86:[], 87:[], 88:[], 89:[], 90:[], 91:[], 92:[], 93:[], 94:[], 95:[], 96:[], 97:[], 98:[], 99:[], 100:[], 101:[], 102:[], 103:[], 104:[], 105:[], 106:[], 107:[], 108:[], 109:[], 110:[], 111:[], 112:[], 113:[], 114:[], 115:[], 116:[], 117:[], 118:[], 119:[], 120:[], 121:[], 122:[], 123:[], 124:[], 125:[], 126:[], 127:[], 128:[], 129:[], 130:[], 131:[], 132:[], 133:[], 134:[], 135:[], 136:[], 137:[], 138:[], 139:[], 140:[], 141:[], 142:[], 143:[], 144:[], 145:[], 146:[], 147:[], 148:[], 149:[], 150:[], 151:[], 152:[], 153:[], 154:[], 155:[], 156:[], 157:[], 158:[], 159:[], 160:[], 161:[], 162:[], 163:[], 164:[], 165:[], 166:[], 167:[], 168:[], 169:[], 170:[], 171:[], 172:[], 173:[], 174:[], 175:[], 176:[], 177:[], 178:[], 179:[], 180:[], 181:[], 182:[], 183:[], 184:[], 185:[], 186:[], 187:[], 188:[], 189:[], 190:[], 191:[], 192:[], 193:[]",85822109592,82149600337
4679,11,41424.7854,35751262,533981850,4264538358,1212.1260,false,194,true,true,true,true,true,false,false,"0:[0, 1, 2, 3, 4, 5, 6, 7, 8, 9, 10, 11, 12, 13, 14, 15, 16, 17, 18, 19, 20, 21, 22, 23, 24, 25, 26, 27, 28, 29, 30, 31, 32, 33, 34, 35, 36, 37, 38, 39, 40, 41, 42, 43, 44, 45, 46, 47, 48, 49, 50, 51, 52, 53, 54, 55, 56, 57, 58, 59, 60, 61, 62, 63, 64, 65, 66, 67, 68, 69, 70, 71, 72, 73, 74, 75, 76, 77, 78, 79, 80, 81, 82, 83, 84, 85, 86, 87, 88, 89, 90, 91, 92, 93, 94, 95, 96, 97, 98, 99, 100, 101, 102, 103, 104, 105, 106, 107, 108, 109, 110, 111, 112, 113, 114, 115, 116, 117, 118, 119, 120, 121, 122, 123, 124, 125, 126, 127, 128, 129, 130, 131, 132, 133, 134, 135, 136, 137, 138, 139, 140, 141, 142, 143, 144, 145, 146, 147, 148, 149, 150, 151, 152, 153, 154, 155, 156, 157, 158, 159, 160, 161, 162, 163, 164, 165, 166, 167, 168, 169, 170, 171, 172, 173, 174, 175, 176, 177, 178, 179, 180, 181, 182, 183, 184, 185, 186, 187, 188, 189, 190, 191, 192, 193], 1:[], 2:[], 3:[], 4:[], 5:[], 6:[], 7:[], 8:[], 9:[], 10:[], 11:[], 12:[], 13:[], 14:[], 15:[], 16:[], 17:[], 18:[], 19:[], 20:[], 21:[], 22:[], 23:[], 24:[], 25:[], 26:[], 27:[], 28:[], 29:[], 30:[], 31:[], 32:[], 33:[], 34:[], 35:[], 36:[], 37:[], 38:[], 39:[], 40:[], 41:[], 42:[], 43:[], 44:[], 45:[], 46:[], 47:[], 48:[], 49:[], 50:[], 51:[], 52:[], 53:[], 54:[], 55:[], 56:[], 57:[], 58:[], 59:[], 60:[], 61:[], 62:[], 63:[], 64:[], 65:[], 66:[], 67:[], 68:[], 69:[], 70:[], 71:[], 72:[], 73:[], 74:[], 75:[], 76:[], 77:[], 78:[], 79:[], 80:[], 81:[], 82:[], 83:[], 84:[], 85:[], 86:[], 87:[], 88:[], 89:[], 90:[], 91:[], 92:[], 93:[], 94:[], 95:[], 96:[], 97:[], 98:[], 99:[], 100:[], 101:[], 102:[], 103:[], 104:[], 105:[], 106:[], 107:[], 108:[], 109:[], 110:[], 111:[], 112:[], 113:[], 114:[], 115:[], 116:[], 117:[], 118:[], 119:[], 120:[], 121:[], 122:[], 123:[], 124:[], 125:[], 126:[], 127:[], 128:[], 129:[], 130:[], 131:[], 132:[], 133:[], 134:[], 135:[], 136:[], 137:[], 138:[], 139:[], 140:[], 141:[], 142:[], 143:[], 144:[], 145:[], 146:[], 147:[], 148:[], 149:[], 150:[], 151:[], 152:[], 153:[], 154:[], 155:[], 156:[], 157:[], 158:[], 159:[], 160:[], 161:[], 162:[], 163:[], 164:[], 165:[], 166:[], 167:[], 168:[], 169:[], 170:[], 171:[], 172:[], 173:[], 174:[], 175:[], 176:[], 177:[], 178:[], 179:[], 180:[], 181:[], 182:[], 183:[], 184:[], 185:[], 186:[], 187:[], 188:[], 189:[], 190:[], 191:[], 192:[], 193:[]",85989380512,82392672802
4691,2,37716.5306,36026564,538099732,4297444285,1171.5812,false,196,true,true,true,true,true,false,false,"0:[0, 1, 2, 3, 4, 5, 6, 7, 8, 9, 10, 11, 12, 13, 14, 15, 16, 17, 18, 19, 20, 21, 22, 23, 24, 25, 26, 27, 28, 29, 30, 31, 32, 33, 34, 35, 36, 37, 38, 39, 40, 41, 42, 43, 44, 45, 46, 47, 48, 49, 50, 51, 52, 53, 54, 55, 56, 57, 58, 59, 60, 61, 62, 63, 64, 65, 66, 67, 68, 69, 70, 71, 72, 73, 74, 75, 76, 77, 78, 79, 80, 81, 82, 83, 84, 85, 86, 87, 88, 89, 90, 91, 92, 93, 94, 95, 96, 97, 98, 99, 100, 101, 102, 103, 104, 105, 106, 107, 108, 109, 110, 111, 112, 113, 114, 115, 116, 117, 118, 119, 120, 121, 122, 123, 124, 125, 126, 127, 128, 129, 130, 131, 132, 133, 134, 135, 136, 137, 138, 139, 140, 141, 142, 143, 144, 145, 146, 147, 148, 149, 150, 151, 152, 153, 154, 155, 156, 157, 158, 159, 160, 161, 162, 163, 164, 165, 166, 167, 168, 169, 170, 171, 172, 173, 174, 175, 176, 177, 178, 179, 180, 181, 182, 183, 184, 185, 186, 187, 188, 189, 190, 191, 192, 193, 194, 195], 1:[], 2:[], 3:[], 4:[], 5:[], 6:[], 7:[], 8:[], 9:[], 10:[], 11:[], 12:[], 13:[], 14:[], 15:[], 16:[], 17:[], 18:[], 19:[], 20:[], 21:[], 22:[], 23:[], 24:[], 25:[], 26:[], 27:[], 28:[], 29:[], 30:[], 31:[], 32:[], 33:[], 34:[], 35:[], 36:[], 37:[], 38:[], 39:[], 40:[], 41:[], 42:[], 43:[], 44:[], 45:[], 46:[], 47:[], 48:[], 49:[], 50:[], 51:[], 52:[], 53:[], 54:[], 55:[], 56:[], 57:[], 58:[], 59:[], 60:[], 61:[], 62:[], 63:[], 64:[], 65:[], 66:[], 67:[], 68:[], 69:[], 70:[], 71:[], 72:[], 73:[], 74:[], 75:[], 76:[], 77:[], 78:[], 79:[], 80:[], 81:[], 82:[], 83:[], 84:[], 85:[], 86:[], 87:[], 88:[], 89:[], 90:[], 91:[], 92:[], 93:[], 94:[], 95:[], 96:[], 97:[], 98:[], 99:[], 100:[], 101:[], 102:[], 103:[], 104:[], 105:[], 106:[], 107:[], 108:[], 109:[], 110:[], 111:[], 112:[], 113:[], 114:[], 115:[], 116:[], 117:[], 118:[], 119:[], 120:[], 121:[], 122:[], 123:[], 124:[], 125:[], 126:[], 127:[], 128:[], 129:[], 130:[], 131:[], 132:[], 133:[], 134:[], 135:[], 136:[], 137:[], 138:[], 139:[], 140:[], 141:[], 142:[], 143:[], 144:[], 145:[], 146:[], 147:[], 148:[], 149:[], 150:[], 151:[], 152:[], 153:[], 154:[], 155:[], 156:[], 157:[], 158:[], 159:[], 160:[], 161:[], 162:[], 163:[], 164:[], 165:[], 166:[], 167:[], 168:[], 169:[], 170:[], 171:[], 172:[], 173:[], 174:[], 175:[], 176:[], 177:[], 178:[], 179:[], 180:[], 181:[], 182:[], 183:[], 184:[], 185:[], 186:[], 187:[], 188:[], 189:[], 190:[], 191:[], 192:[], 193:[], 194:[], 195:[]",86325418320,91471007572
4703,5,40378.2865,36303277,542238645,4330517872,1117.0762,false,196,true,true,true,true,true,false,false,"0:[0, 1, 2, 3, 4, 5, 6, 7, 8, 9, 10, 11, 12, 13, 14, 15, 16, 17, 18, 19, 20, 21, 22, 23, 24, 25, 26, 27, 28, 29, 30, 31, 32, 33, 34, 35, 36, 37, 38, 39, 40, 41, 42, 43, 44, 45, 46, 47, 48, 49, 50, 51, 52, 53, 54, 55, 56, 57, 58, 59, 60, 61, 62, 63, 64, 65, 66, 67, 68, 69, 70, 71, 72, 73, 74, 75, 76, 77, 78, 79, 80, 81, 82, 83, 84, 85, 86, 87, 88, 89, 90, 91, 92, 93, 94, 95, 96, 97, 98, 99, 100, 101, 102, 103, 104, 105, 106, 107, 108, 109, 110, 111, 112, 113, 114, 115, 116, 117, 118, 119, 120, 121, 122, 123, 124, 125, 126, 127, 128, 129, 130, 131, 132, 133, 134, 135, 136, 137, 138, 139, 140, 141, 142, 143, 144, 145, 146, 147, 148, 149, 150, 151, 152, 153, 154, 155, 156, 157, 158, 159, 160, 161, 162, 163, 164, 165, 166, 167, 168, 169, 170, 171, 172, 173, 174, 175, 176, 177, 178, 179, 180, 181, 182, 183, 184, 185, 186, 187, 188, 189, 190, 191, 192, 193, 194, 195], 1:[], 2:[], 3:[], 4:[], 5:[], 6:[], 7:[], 8:[], 9:[], 10:[], 11:[], 12:[], 13:[], 14:[], 15:[], 16:[], 17:[], 18:[], 19:[], 20:[], 21:[], 22:[], 23:[], 24:[], 25:[], 26:[], 27:[], 28:[], 29:[], 30:[], 31:[], 32:[], 33:[], 34:[], 35:[], 36:[], 37:[], 38:[], 39:[], 40:[], 41:[], 42:[], 43:[], 44:[], 45:[], 46:[], 47:[], 48:[], 49:[], 50:[], 51:[], 52:[], 53:[], 54:[], 55:[], 56:[], 57:[], 58:[], 59:[], 60:[], 61:[], 62:[], 63:[], 64:[], 65:[], 66:[], 67:[], 68:[], 69:[], 70:[], 71:[], 72:[], 73:[], 74:[], 75:[], 76:[], 77:[], 78:[], 79:[], 80:[], 81:[], 82:[], 83:[], 84:[], 85:[], 86:[], 87:[], 88:[], 89:[], 90:[], 91:[], 92:[], 93:[], 94:[], 95:[], 96:[], 97:[], 98:[], 99:[], 100:[], 101:[], 102:[], 103:[], 104:[], 105:[], 106:[], 107:[], 108:[], 109:[], 110:[], 111:[], 112:[], 113:[], 114:[], 115:[], 116:[], 117:[], 118:[], 119:[], 120:[], 121:[], 122:[], 123:[], 124:[], 125:[], 126:[], 127:[], 128:[], 129:[], 130:[], 131:[], 132:[], 133:[], 134:[], 135:[], 136:[], 137:[], 138:[], 139:[], 140:[], 141:[], 142:[], 143:[], 144:[], 145:[], 146:[], 147:[], 148:[], 149:[], 150:[], 151:[], 152:[], 153:[], 154:[], 155:[], 156:[], 157:[], 158:[], 159:[], 160:[], 161:[], 162:[], 163:[], 164:[], 165:[], 166:[], 167:[], 168:[], 169:[], 170:[], 171:[], 172:[], 173:[], 174:[], 175:[], 176:[], 177:[], 178:[], 179:[], 180:[], 181:[], 182:[], 183:[], 184:[], 185:[], 186:[], 187:[], 188:[], 189:[], 190:[], 191:[], 192:[], 193:[], 194:[], 195:[]",86663172472,91961900833
4721,3,44113.6522,36720997,548487917,4380460023,1142.9851,false,197,true,true,true,true,true,false,false,"0:[0, 1, 2, 3, 4, 5, 6, 7, 8, 9, 10, 11, 12, 13, 14, 15, 16, 17, 18, 19, 20, 21, 22, 23, 24, 25, 26, 27, 28, 29, 30, 31, 32, 33, 34, 35, 36, 37, 38, 39, 40, 41, 42, 43, 44, 45, 46, 47, 48, 49, 50, 51, 52, 53, 54, 55, 56, 57, 58, 59, 60, 61, 62, 63, 64, 65, 66, 67, 68, 69, 70, 71, 72, 73, 74, 75, 76, 77, 78, 79, 80, 81, 82, 83, 84, 85, 86, 87, 88, 89, 90, 91, 92, 93, 94, 95, 96, 97, 98, 99, 100, 101, 102, 103, 104, 105, 106, 107, 108, 109, 110, 111, 112, 113, 114, 115, 116, 117, 118, 119, 120, 121, 122, 123, 124, 125, 126, 127, 128, 129, 130, 131, 132, 133, 134, 135, 136, 137, 138, 139, 140, 141, 142, 143, 144, 145, 146, 147, 148, 149, 150, 151, 152, 153, 154, 155, 156, 157, 158, 159, 160, 161, 162, 163, 164, 165, 166, 167, 168, 169, 170, 171, 172, 173, 174, 175, 176, 177, 178, 179, 180, 181, 182, 183, 184, 185, 186, 187, 188, 189, 190, 191, 192, 193, 194, 195, 196], 1:[], 2:[], 3:[], 4:[], 5:[], 6:[], 7:[], 8:[], 9:[], 10:[], 11:[], 12:[], 13:[], 14:[], 15:[], 16:[], 17:[], 18:[], 19:[], 20:[], 21:[], 22:[], 23:[], 24:[], 25:[], 26:[], 27:[], 28:[], 29:[], 30:[], 31:[], 32:[], 33:[], 34:[], 35:[], 36:[], 37:[], 38:[], 39:[], 40:[], 41:[], 42:[], 43:[], 44:[], 45:[], 46:[], 47:[], 48:[], 49:[], 50:[], 51:[], 52:[], 53:[], 54:[], 55:[], 56:[], 57:[], 58:[], 59:[], 60:[], 61:[], 62:[], 63:[], 64:[], 65:[], 66:[], 67:[], 68:[], 69:[], 70:[], 71:[], 72:[], 73:[], 74:[], 75:[], 76:[], 77:[], 78:[], 79:[], 80:[], 81:[], 82:[], 83:[], 84:[], 85:[], 86:[], 87:[], 88:[], 89:[], 90:[], 91:[], 92:[], 93:[], 94:[], 95:[], 96:[], 97:[], 98:[], 99:[], 100:[], 101:[], 102:[], 103:[], 104:[], 105:[], 106:[], 107:[], 108:[], 109:[], 110:[], 111:[], 112:[], 113:[], 114:[], 115:[], 116:[], 117:[], 118:[], 119:[], 120:[], 121:[], 122:[], 123:[], 124:[], 125:[], 126:[], 127:[], 128:[], 129:[], 130:[], 131:[], 132:[], 133:[], 134:[], 135:[], 136:[], 137:[], 138:[], 139:[], 140:[], 141:[], 142:[], 143:[], 144:[], 145:[], 146:[], 147:[], 148:[], 149:[], 150:[], 151:[], 152:[], 153:[], 154:[], 155:[], 156:[], 157:[], 158:[], 159:[], 160:[], 161:[], 162:[], 163:[], 164:[], 165:[], 166:[], 167:[], 168:[], 169:[], 170:[], 171:[], 172:[], 173:[], 174:[], 175:[], 176:[], 177:[], 178:[], 179:[], 180:[], 181:[], 182:[], 183:[], 184:[], 185:[], 186:[], 187:[], 188:[], 189:[], 190:[], 191:[], 192:[], 193:[], 194:[], 195:[], 196:[]",90125929528,92703127865
4723,2,38045.9315,36767607,549183943,4386017386,1171.7486,false,196,true,true,true,true,true,false,false,"0:[0, 1, 2, 3, 4, 5, 6, 7, 8, 9, 10, 11, 12, 13, 14, 15, 16, 17, 18, 19, 20, 21, 22, 23, 24, 25, 26, 27, 28, 29, 30, 31, 32, 33, 34, 35, 36, 37, 38, 39, 40, 41, 42, 43, 44, 45, 46, 47, 48, 49, 50, 51, 52, 53, 54, 55, 56, 57, 58, 59, 60, 61, 62, 63, 64, 65, 66, 67, 68, 69, 70, 71, 72, 73, 74, 75, 76, 77, 78, 79, 80, 81, 82, 83, 84, 85, 86, 87, 88, 89, 90, 91, 92, 93, 94, 95, 96, 97, 98, 99, 100, 101, 102, 103, 104, 105, 106, 107, 108, 109, 110, 111, 112, 113, 114, 115, 116, 117, 118, 119, 120, 121, 122, 123, 124, 125, 126, 127, 128, 129, 130, 131, 132, 133, 134, 135, 136, 137, 138, 139, 140, 141, 142, 143, 144, 145, 146, 147, 148, 149, 150, 151, 152, 153, 154, 155, 156, 157, 158, 159, 160, 161, 162, 163, 164, 165, 166, 167, 168, 169, 170, 171, 172, 173, 174, 175, 176, 177, 178, 179, 180, 181, 182, 183, 184, 185, 186, 187, 188, 189, 190, 191, 192, 193, 194, 195], 1:[], 2:[], 3:[], 4:[], 5:[], 6:[], 7:[], 8:[], 9:[], 10:[], 11:[], 12:[], 13:[], 14:[], 15:[], 16:[], 17:[], 18:[], 19:[], 20:[], 21:[], 22:[], 23:[], 24:[], 25:[], 26:[], 27:[], 28:[], 29:[], 30:[], 31:[], 32:[], 33:[], 34:[], 35:[], 36:[], 37:[], 38:[], 39:[], 40:[], 41:[], 42:[], 43:[], 44:[], 45:[], 46:[], 47:[], 48:[], 49:[], 50:[], 51:[], 52:[], 53:[], 54:[], 55:[], 56:[], 57:[], 58:[], 59:[], 60:[], 61:[], 62:[], 63:[], 64:[], 65:[], 66:[], 67:[], 68:[], 69:[], 70:[], 71:[], 72:[], 73:[], 74:[], 75:[], 76:[], 77:[], 78:[], 79:[], 80:[], 81:[], 82:[], 83:[], 84:[], 85:[], 86:[], 87:[], 88:[], 89:[], 90:[], 91:[], 92:[], 93:[], 94:[], 95:[], 96:[], 97:[], 98:[], 99:[], 100:[], 101:[], 102:[], 103:[], 104:[], 105:[], 106:[], 107:[], 108:[], 109:[], 110:[], 111:[], 112:[], 113:[], 114:[], 115:[], 116:[], 117:[], 118:[], 119:[], 120:[], 121:[], 122:[], 123:[], 124:[], 125:[], 126:[], 127:[], 128:[], 129:[], 130:[], 131:[], 132:[], 133:[], 134:[], 135:[], 136:[], 137:[], 138:[], 139:[], 140:[], 141:[], 142:[], 143:[], 144:[], 145:[], 146:[], 147:[], 148:[], 149:[], 150:[], 151:[], 152:[], 153:[], 154:[], 155:[], 156:[], 157:[], 158:[], 159:[], 160:[], 161:[], 162:[], 163:[], 164:[], 165:[], 166:[], 167:[], 168:[], 169:[], 170:[], 171:[], 172:[], 173:[], 174:[], 175:[], 176:[], 177:[], 178:[], 179:[], 180:[], 181:[], 182:[], 183:[], 184:[], 185:[], 186:[], 187:[], 188:[], 189:[], 190:[], 191:[], 192:[], 193:[], 194:[], 195:[]",90182730248,92785644011
4729,11,50111.1145,36907675,551280214,4402773251,1207.5482,false,198,true,true,true,true,true,false,false,"0:[0, 1, 2, 3, 4, 5, 6, 7, 8, 9, 10, 11, 12, 13, 14, 15, 16, 17, 18, 19, 20, 21, 22, 23, 24, 25, 26, 27, 28, 29, 30, 31, 32, 33, 34, 35, 36, 37, 38, 39, 40, 41, 42, 43, 44, 45, 46, 47, 48, 49, 50, 51, 52, 53, 54, 55, 56, 57, 58, 59, 60, 61, 62, 63, 64, 65, 66, 67, 68, 69, 70, 71, 72, 73, 74, 75, 76, 77, 78, 79, 80, 81, 82, 83, 84, 85, 86, 87, 88, 89, 90, 91, 92, 93, 94, 95, 96, 97, 98, 99, 100, 101, 102, 103, 104, 105, 106, 107, 108, 109, 110, 111, 112, 113, 114, 115, 116, 117, 118, 119, 120, 121, 122, 123, 124, 125, 126, 127, 128, 129, 130, 131, 132, 133, 134, 135, 136, 137, 138, 139, 140, 141, 142, 143, 144, 145, 146, 147, 148, 149, 150, 151, 152, 153, 154, 155, 156, 157, 158, 159, 160, 161, 162, 163, 164, 165, 166, 167, 168, 169, 170, 171, 172, 173, 174, 175, 176, 177, 178, 179, 180, 181, 182, 183, 184, 185, 186, 187, 188, 189, 190, 191, 192, 193, 194, 195, 196, 197], 1:[], 2:[], 3:[], 4:[], 5:[], 6:[], 7:[], 8:[], 9:[], 10:[], 11:[], 12:[], 13:[], 14:[], 15:[], 16:[], 17:[], 18:[], 19:[], 20:[], 21:[], 22:[], 23:[], 24:[], 25:[], 26:[], 27:[], 28:[], 29:[], 30:[], 31:[], 32:[], 33:[], 34:[], 35:[], 36:[], 37:[], 38:[], 39:[], 40:[], 41:[], 42:[], 43:[], 44:[], 45:[], 46:[], 47:[], 48:[], 49:[], 50:[], 51:[], 52:[], 53:[], 54:[], 55:[], 56:[], 57:[], 58:[], 59:[], 60:[], 61:[], 62:[], 63:[], 64:[], 65:[], 66:[], 67:[], 68:[], 69:[], 70:[], 71:[], 72:[], 73:[], 74:[], 75:[], 76:[], 77:[], 78:[], 79:[], 80:[], 81:[], 82:[], 83:[], 84:[], 85:[], 86:[], 87:[], 88:[], 89:[], 90:[], 91:[], 92:[], 93:[], 94:[], 95:[], 96:[], 97:[], 98:[], 99:[], 100:[], 101:[], 102:[], 103:[], 104:[], 105:[], 106:[], 107:[], 108:[], 109:[], 110:[], 111:[], 112:[], 113:[], 114:[], 115:[], 116:[], 117:[], 118:[], 119:[], 120:[], 121:[], 122:[], 123:[], 124:[], 125:[], 126:[], 127:[], 128:[], 129:[], 130:[], 131:[], 132:[], 133:[], 134:[], 135:[], 136:[], 137:[], 138:[], 139:[], 140:[], 141:[], 142:[], 143:[], 144:[], 145:[], 146:[], 147:[], 148:[], 149:[], 150:[], 151:[], 152:[], 153:[], 154:[], 155:[], 156:[], 157:[], 158:[], 159:[], 160:[], 161:[], 162:[], 163:[], 164:[], 165:[], 166:[], 167:[], 168:[], 169:[], 170:[], 171:[], 172:[], 173:[], 174:[], 175:[], 176:[], 177:[], 178:[], 179:[], 180:[], 181:[], 182:[], 183:[], 184:[], 185:[], 186:[], 187:[], 188:[], 189:[], 190:[], 191:[], 192:[], 193:[], 194:[], 195:[], 196:[], 197:[]",90353793560,93034307142
4733,2,39134.9049,37001250,552679936,4413958700,1153.4292,false,198,true,true,true,true,true,false,false,"0:[0, 1, 2, 3, 4, 5, 6, 7, 8, 9, 10, 11, 12, 13, 14, 15, 16, 17, 18, 19, 20, 21, 22, 23, 24, 25, 26, 27, 28, 29, 30, 31, 32, 33, 34, 35, 36, 37, 38, 39, 40, 41, 42, 43, 44, 45, 46, 47, 48, 49, 50, 51, 52, 53, 54, 55, 56, 57, 58, 59, 60, 61, 62, 63, 64, 65, 66, 67, 68, 69, 70, 71, 72, 73, 74, 75, 76, 77, 78, 79, 80, 81, 82, 83, 84, 85, 86, 87, 88, 89, 90, 91, 92, 93, 94, 95, 96, 97, 98, 99, 100, 101, 102, 103, 104, 105, 106, 107, 108, 109, 110, 111, 112, 113, 114, 115, 116, 117, 118, 119, 120, 121, 122, 123, 124, 125, 126, 127, 128, 129, 130, 131, 132, 133, 134, 135, 136, 137, 138, 139, 140, 141, 142, 143, 144, 145, 146, 147, 148, 149, 150, 151, 152, 153, 154, 155, 156, 157, 158, 159, 160, 161, 162, 163, 164, 165, 166, 167, 168, 169, 170, 171, 172, 173, 174, 175, 176, 177, 178, 179, 180, 181, 182, 183, 184, 185, 186, 187, 188, 189, 190, 191, 192, 193, 194, 195, 196, 197], 1:[], 2:[], 3:[], 4:[], 5:[], 6:[], 7:[], 8:[], 9:[], 10:[], 11:[], 12:[], 13:[], 14:[], 15:[], 16:[], 17:[], 18:[], 19:[], 20:[], 21:[], 22:[], 23:[], 24:[], 25:[], 26:[], 27:[], 28:[], 29:[], 30:[], 31:[], 32:[], 33:[], 34:[], 35:[], 36:[], 37:[], 38:[], 39:[], 40:[], 41:[], 42:[], 43:[], 44:[], 45:[], 46:[], 47:[], 48:[], 49:[], 50:[], 51:[], 52:[], 53:[], 54:[], 55:[], 56:[], 57:[], 58:[], 59:[], 60:[], 61:[], 62:[], 63:[], 64:[], 65:[], 66:[], 67:[], 68:[], 69:[], 70:[], 71:[], 72:[], 73:[], 74:[], 75:[], 76:[], 77:[], 78:[], 79:[], 80:[], 81:[], 82:[], 83:[], 84:[], 85:[], 86:[], 87:[], 88:[], 89:[], 90:[], 91:[], 92:[], 93:[], 94:[], 95:[], 96:[], 97:[], 98:[], 99:[], 100:[], 101:[], 102:[], 103:[], 104:[], 105:[], 106:[], 107:[], 108:[], 109:[], 110:[], 111:[], 112:[], 113:[], 114:[], 115:[], 116:[], 117:[], 118:[], 119:[], 120:[], 121:[], 122:[], 123:[], 124:[], 125:[], 126:[], 127:[], 128:[], 129:[], 130:[], 131:[], 132:[], 133:[], 134:[], 135:[], 136:[], 137:[], 138:[], 139:[], 140:[], 141:[], 142:[], 143:[], 144:[], 145:[], 146:[], 147:[], 148:[], 149:[], 150:[], 151:[], 152:[], 153:[], 154:[], 155:[], 156:[], 157:[], 158:[], 159:[], 160:[], 161:[], 162:[], 163:[], 164:[], 165:[], 166:[], 167:[], 168:[], 169:[], 170:[], 171:[], 172:[], 173:[], 174:[], 175:[], 176:[], 177:[], 178:[], 179:[], 180:[], 181:[], 182:[], 183:[], 184:[], 185:[], 186:[], 187:[], 188:[], 189:[], 190:[], 191:[], 192:[], 193:[], 194:[], 195:[], 196:[], 197:[]",90468017120,93200320960
4751,13,42244.7541,37424297,559006536,4464509056,1215.0941,false,197,true,true,true,true,true,false,false,"0:[0, 1, 2, 3, 4, 5, 6, 7, 8, 9, 10, 11, 12, 13, 14, 15, 16, 17, 18, 19, 20, 21, 22, 23, 24, 25, 26, 27, 28, 29, 30, 31, 32, 33, 34, 35, 36, 37, 38, 39, 40, 41, 42, 43, 44, 45, 46, 47, 48, 49, 50, 51, 52, 53, 54, 55, 56, 57, 58, 59, 60, 61, 62, 63, 64, 65, 66, 67, 68, 69, 70, 71, 72, 73, 74, 75, 76, 77, 78, 79, 80, 81, 82, 83, 84, 85, 86, 87, 88, 89, 90, 91, 92, 93, 94, 95, 96, 97, 98, 99, 100, 101, 102, 103, 104, 105, 106, 107, 108, 109, 110, 111, 112, 113, 114, 115, 116, 117, 118, 119, 120, 121, 122, 123, 124, 125, 126, 127, 128, 129, 130, 131, 132, 133, 134, 135, 136, 137, 138, 139, 140, 141, 142, 143, 144, 145, 146, 147, 148, 149, 150, 151, 152, 153, 154, 155, 156, 157, 158, 159, 160, 161, 162, 163, 164, 165, 166, 167, 168, 169, 170, 171, 172, 173, 174, 175, 176, 177, 178, 179, 180, 181, 182, 183, 184, 185, 186, 187, 188, 189, 190, 191, 192, 193, 194, 195, 196], 1:[], 2:[], 3:[], 4:[], 5:[], 6:[], 7:[], 8:[], 9:[], 10:[], 11:[], 12:[], 13:[], 14:[], 15:[], 16:[], 17:[], 18:[], 19:[], 20:[], 21:[], 22:[], 23:[], 24:[], 25:[], 26:[], 27:[], 28:[], 29:[], 30:[], 31:[], 32:[], 33:[], 34:[], 35:[], 36:[], 37:[], 38:[], 39:[], 40:[], 41:[], 42:[], 43:[], 44:[], 45:[], 46:[], 47:[], 48:[], 49:[], 50:[], 51:[], 52:[], 53:[], 54:[], 55:[], 56:[], 57:[], 58:[], 59:[], 60:[], 61:[], 62:[], 63:[], 64:[], 65:[], 66:[], 67:[], 68:[], 69:[], 70:[], 71:[], 72:[], 73:[], 74:[], 75:[], 76:[], 77:[], 78:[], 79:[], 80:[], 81:[], 82:[], 83:[], 84:[], 85:[], 86:[], 87:[], 88:[], 89:[], 90:[], 91:[], 92:[], 93:[], 94:[], 95:[], 96:[], 97:[], 98:[], 99:[], 100:[], 101:[], 102:[], 103:[], 104:[], 105:[], 106:[], 107:[], 108:[], 109:[], 110:[], 111:[], 112:[], 113:[], 114:[], 115:[], 116:[], 117:[], 118:[], 119:[], 120:[], 121:[], 122:[], 123:[], 124:[], 125:[], 126:[], 127:[], 128:[], 129:[], 130:[], 131:[], 132:[], 133:[], 134:[], 135:[], 136:[], 137:[], 138:[], 139:[], 140:[], 141:[], 142:[], 143:[], 144:[], 145:[], 146:[], 147:[], 148:[], 149:[], 150:[], 151:[], 152:[], 153:[], 154:[], 155:[], 156:[], 157:[], 158:[], 159:[], 160:[], 161:[], 162:[], 163:[], 164:[], 165:[], 166:[], 167:[], 168:[], 169:[], 170:[], 171:[], 172:[], 173:[], 174:[], 175:[], 176:[], 177:[], 178:[], 179:[], 180:[], 181:[], 182:[], 183:[], 184:[], 185:[], 186:[], 187:[], 188:[], 189:[], 190:[], 191:[], 192:[], 193:[], 194:[], 195:[], 196:[]",90984298248,93950645968
4759,3,42525.0005,37613349,561834432,4487107207,1223.2064,false,198,true,true,true,true,true,false,false,"0:[0, 1, 2, 3, 4, 5, 6, 7, 8, 9, 10, 11, 12, 13, 14, 15, 16, 17, 18, 19, 20, 21, 22, 23, 24, 25, 26, 27, 28, 29, 30, 31, 32, 33, 34, 35, 36, 37, 38, 39, 40, 41, 42, 43, 44, 45, 46, 47, 48, 49, 50, 51, 52, 53, 54, 55, 56, 57, 58, 59, 60, 61, 62, 63, 64, 65, 66, 67, 68, 69, 70, 71, 72, 73, 74, 75, 76, 77, 78, 79, 80, 81, 82, 83, 84, 85, 86, 87, 88, 89, 90, 91, 92, 93, 94, 95, 96, 97, 98, 99, 100, 101, 102, 103, 104, 105, 106, 107, 108, 109, 110, 111, 112, 113, 114, 115, 116, 117, 118, 119, 120, 121, 122, 123, 124, 125, 126, 127, 128, 129, 130, 131, 132, 133, 134, 135, 136, 137, 138, 139, 140, 141, 142, 143, 144, 145, 146, 147, 148, 149, 150, 151, 152, 153, 154, 155, 156, 157, 158, 159, 160, 161, 162, 163, 164, 165, 166, 167, 168, 169, 170, 171, 172, 173, 174, 175, 176, 177, 178, 179, 180, 181, 182, 183, 184, 185, 186, 187, 188, 189, 190, 191, 192, 193, 194, 195, 196, 197], 1:[], 2:[], 3:[], 4:[], 5:[], 6:[], 7:[], 8:[], 9:[], 10:[], 11:[], 12:[], 13:[], 14:[], 15:[], 16:[], 17:[], 18:[], 19:[], 20:[], 21:[], 22:[], 23:[], 24:[], 25:[], 26:[], 27:[], 28:[], 29:[], 30:[], 31:[], 32:[], 33:[], 34:[], 35:[], 36:[], 37:[], 38:[], 39:[], 40:[], 41:[], 42:[], 43:[], 44:[], 45:[], 46:[], 47:[], 48:[], 49:[], 50:[], 51:[], 52:[], 53:[], 54:[], 55:[], 56:[], 57:[], 58:[], 59:[], 60:[], 61:[], 62:[], 63:[], 64:[], 65:[], 66:[], 67:[], 68:[], 69:[], 70:[], 71:[], 72:[], 73:[], 74:[], 75:[], 76:[], 77:[], 78:[], 79:[], 80:[], 81:[], 82:[], 83:[], 84:[], 85:[], 86:[], 87:[], 88:[], 89:[], 90:[], 91:[], 92:[], 93:[], 94:[], 95:[], 96:[], 97:[], 98:[], 99:[], 100:[], 101:[], 102:[], 103:[], 104:[], 105:[], 106:[], 107:[], 108:[], 109:[], 110:[], 111:[], 112:[], 113:[], 114:[], 115:[], 116:[], 117:[], 118:[], 119:[], 120:[], 121:[], 122:[], 123:[], 124:[], 125:[], 126:[], 127:[], 128:[], 129:[], 130:[], 131:[], 132:[], 133:[], 134:[], 135:[], 136:[], 137:[], 138:[], 139:[], 140:[], 141:[], 142:[], 143:[], 144:[], 145:[], 146:[], 147:[], 148:[], 149:[], 150:[], 151:[], 152:[], 153:[], 154:[], 155:[], 156:[], 157:[], 158:[], 159:[], 160:[], 161:[], 162:[], 163:[], 164:[], 165:[], 166:[], 167:[], 168:[], 169:[], 170:[], 171:[], 172:[], 173:[], 174:[], 175:[], 176:[], 177:[], 178:[], 179:[], 180:[], 181:[], 182:[], 183:[], 184:[], 185:[], 186:[], 187:[], 188:[], 189:[], 190:[], 191:[], 192:[], 193:[], 194:[], 195:[], 196:[], 197:[]",91215067176,94286047624
4783,3,42411.3486,38184320,570375161,4555356876,1230.7789,false,200,true,true,true,true,true,false,false,"0:[0, 1, 2, 3, 4, 5, 6, 7, 8, 9, 10, 11, 12, 13, 14, 15, 16, 17, 18, 19, 20, 21, 22, 23, 24, 25, 26, 27, 28, 29, 30, 31, 32, 33, 34, 35, 36, 37, 38, 39, 40, 41, 42, 43, 44, 45, 46, 47, 48, 49, 50, 51, 52, 53, 54, 55, 56, 57, 58, 59, 60, 61, 62, 63, 64, 65, 66, 67, 68, 69, 70, 71, 72, 73, 74, 75, 76, 77, 78, 79, 80, 81, 82, 83, 84, 85, 86, 87, 88, 89, 90, 91, 92, 93, 94, 95, 96, 97, 98, 99, 100, 101, 102, 103, 104, 105, 106, 107, 108, 109, 110, 111, 112, 113, 114, 115, 116, 117, 118, 119, 120, 121, 122, 123, 124, 125, 126, 127, 128, 129, 130, 131, 132, 133, 134, 135, 136, 137, 138, 139, 140, 141, 142, 143, 144, 145, 146, 147, 148, 149, 150, 151, 152, 153, 154, 155, 156, 157, 158, 159, 160, 161, 162, 163, 164, 165, 166, 167, 168, 169, 170, 171, 172, 173, 174, 175, 176, 177, 178, 179, 180, 181, 182, 183, 184, 185, 186, 187, 188, 189, 190, 191, 192, 193, 194, 195, 196, 197, 198, 199], 1:[], 2:[], 3:[], 4:[], 5:[], 6:[], 7:[], 8:[], 9:[], 10:[], 11:[], 12:[], 13:[], 14:[], 15:[], 16:[], 17:[], 18:[], 19:[], 20:[], 21:[], 22:[], 23:[], 24:[], 25:[], 26:[], 27:[], 28:[], 29:[], 30:[], 31:[], 32:[], 33:[], 34:[], 35:[], 36:[], 37:[], 38:[], 39:[], 40:[], 41:[], 42:[], 43:[], 44:[], 45:[], 46:[], 47:[], 48:[], 49:[], 50:[], 51:[], 52:[], 53:[], 54:[], 55:[], 56:[], 57:[], 58:[], 59:[], 60:[], 61:[], 62:[], 63:[], 64:[], 65:[], 66:[], 67:[], 68:[], 69:[], 70:[], 71:[], 72:[], 73:[], 74:[], 75:[], 76:[], 77:[], 78:[], 79:[], 80:[], 81:[], 82:[], 83:[], 84:[], 85:[], 86:[], 87:[], 88:[], 89:[], 90:[], 91:[], 92:[], 93:[], 94:[], 95:[], 96:[], 97:[], 98:[], 99:[], 100:[], 101:[], 102:[], 103:[], 104:[], 105:[], 106:[], 107:[], 108:[], 109:[], 110:[], 111:[], 112:[], 113:[], 114:[], 115:[], 116:[], 117:[], 118:[], 119:[], 120:[], 121:[], 122:[], 123:[], 124:[], 125:[], 126:[], 127:[], 128:[], 129:[], 130:[], 131:[], 132:[], 133:[], 134:[], 135:[], 136:[], 137:[], 138:[], 139:[], 140:[], 141:[], 142:[], 143:[], 144:[], 145:[], 146:[], 147:[], 148:[], 149:[], 150:[], 151:[], 152:[], 153:[], 154:[], 155:[], 156:[], 157:[], 158:[], 159:[], 160:[], 161:[], 162:[], 163:[], 164:[], 165:[], 166:[], 167:[], 168:[], 169:[], 170:[], 171:[], 172:[], 173:[], 174:[], 175:[], 176:[], 177:[], 178:[], 179:[], 180:[], 181:[], 182:[], 183:[], 184:[], 185:[], 186:[], 187:[], 188:[], 189:[], 190:[], 191:[], 192:[], 193:[], 194:[], 195:[], 196:[], 197:[], 198:[], 199:[]",91912028800,95299015997
4787,2,39845.6670,38280040,571806919,4566797850,1313.8012,false,199,true,true,true,true,true,false,false,"0:[0, 1, 2, 3, 4, 5, 6, 7, 8, 9, 10, 11, 12, 13, 14, 15, 16, 17, 18, 19, 20, 21, 22, 23, 24, 25, 26, 27, 28, 29, 30, 31, 32, 33, 34, 35, 36, 37, 38, 39, 40, 41, 42, 43, 44, 45, 46, 47, 48, 49, 50, 51, 52, 53, 54, 55, 56, 57, 58, 59, 60, 61, 62, 63, 64, 65, 66, 67, 68, 69, 70, 71, 72, 73, 74, 75, 76, 77, 78, 79, 80, 81, 82, 83, 84, 85, 86, 87, 88, 89, 90, 91, 92, 93, 94, 95, 96, 97, 98, 99, 100, 101, 102, 103, 104, 105, 106, 107, 108, 109, 110, 111, 112, 113, 114, 115, 116, 117, 118, 119, 120, 121, 122, 123, 124, 125, 126, 127, 128, 129, 130, 131, 132, 133, 134, 135, 136, 137, 138, 139, 140, 141, 142, 143, 144, 145, 146, 147, 148, 149, 150, 151, 152, 153, 154, 155, 156, 157, 158, 159, 160, 161, 162, 163, 164, 165, 166, 167, 168, 169, 170, 171, 172, 173, 174, 175, 176, 177, 178, 179, 180, 181, 182, 183, 184, 185, 186, 187, 188, 189, 190, 191, 192, 193, 194, 195, 196, 197, 198], 1:[], 2:[], 3:[], 4:[], 5:[], 6:[], 7:[], 8:[], 9:[], 10:[], 11:[], 12:[], 13:[], 14:[], 15:[], 16:[], 17:[], 18:[], 19:[], 20:[], 21:[], 22:[], 23:[], 24:[], 25:[], 26:[], 27:[], 28:[], 29:[], 30:[], 31:[], 32:[], 33:[], 34:[], 35:[], 36:[], 37:[], 38:[], 39:[], 40:[], 41:[], 42:[], 43:[], 44:[], 45:[], 46:[], 47:[], 48:[], 49:[], 50:[], 51:[], 52:[], 53:[], 54:[], 55:[], 56:[], 57:[], 58:[], 59:[], 60:[], 61:[], 62:[], 63:[], 64:[], 65:[], 66:[], 67:[], 68:[], 69:[], 70:[], 71:[], 72:[], 73:[], 74:[], 75:[], 76:[], 77:[], 78:[], 79:[], 80:[], 81:[], 82:[], 83:[], 84:[], 85:[], 86:[], 87:[], 88:[], 89:[], 90:[], 91:[], 92:[], 93:[], 94:[], 95:[], 96:[], 97:[], 98:[], 99:[], 100:[], 101:[], 102:[], 103:[], 104:[], 105:[], 106:[], 107:[], 108:[], 109:[], 110:[], 111:[], 112:[], 113:[], 114:[], 115:[], 116:[], 117:[], 118:[], 119:[], 120:[], 121:[], 122:[], 123:[], 124:[], 125:[], 126:[], 127:[], 128:[], 129:[], 130:[], 131:[], 132:[], 133:[], 134:[], 135:[], 136:[], 137:[], 138:[], 139:[], 140:[], 141:[], 142:[], 143:[], 144:[], 145:[], 146:[], 147:[], 148:[], 149:[], 150:[], 151:[], 152:[], 153:[], 154:[], 155:[], 156:[], 157:[], 158:[], 159:[], 160:[], 161:[], 162:[], 163:[], 164:[], 165:[], 166:[], 167:[], 168:[], 169:[], 170:[], 171:[], 172:[], 173:[], 174:[], 175:[], 176:[], 177:[], 178:[], 179:[], 180:[], 181:[], 182:[], 183:[], 184:[], 185:[], 186:[], 187:[], 188:[], 189:[], 190:[], 191:[], 192:[], 193:[], 194:[], 195:[], 196:[], 197:[], 198:[]",92028866720,95468828067
4789,2,40089.0480,38327961,572524942,4572540551,1191.2979,false,199,true,true,true,true,true,false,false,"0:[0, 1, 2, 3, 4, 5, 6, 7, 8, 9, 10, 11, 12, 13, 14, 15, 16, 17, 18, 19, 20, 21, 22, 23, 24, 25, 26, 27, 28, 29, 30, 31, 32, 33, 34, 35, 36, 37, 38, 39, 40, 41, 42, 43, 44, 45, 46, 47, 48, 49, 50, 51, 52, 53, 54, 55, 56, 57, 58, 59, 60, 61, 62, 63, 64, 65, 66, 67, 68, 69, 70, 71, 72, 73, 74, 75, 76, 77, 78, 79, 80, 81, 82, 83, 84, 85, 86, 87, 88, 89, 90, 91, 92, 93, 94, 95, 96, 97, 98, 99, 100, 101, 102, 103, 104, 105, 106, 107, 108, 109, 110, 111, 112, 113, 114, 115, 116, 117, 118, 119, 120, 121, 122, 123, 124, 125, 126, 127, 128, 129, 130, 131, 132, 133, 134, 135, 136, 137, 138, 139, 140, 141, 142, 143, 144, 145, 146, 147, 148, 149, 150, 151, 152, 153, 154, 155, 156, 157, 158, 159, 160, 161, 162, 163, 164, 165, 166, 167, 168, 169, 170, 171, 172, 173, 174, 175, 176, 177, 178, 179, 180, 181, 182, 183, 184, 185, 186, 187, 188, 189, 190, 191, 192, 193, 194, 195, 196, 197, 198], 1:[], 2:[], 3:[], 4:[], 5:[], 6:[], 7:[], 8:[], 9:[], 10:[], 11:[], 12:[], 13:[], 14:[], 15:[], 16:[], 17:[], 18:[], 19:[], 20:[], 21:[], 22:[], 23:[], 24:[], 25:[], 26:[], 27:[], 28:[], 29:[], 30:[], 31:[], 32:[], 33:[], 34:[], 35:[], 36:[], 37:[], 38:[], 39:[], 40:[], 41:[], 42:[], 43:[], 44:[], 45:[], 46:[], 47:[], 48:[], 49:[], 50:[], 51:[], 52:[], 53:[], 54:[], 55:[], 56:[], 57:[], 58:[], 59:[], 60:[], 61:[], 62:[], 63:[], 64:[], 65:[], 66:[], 67:[], 68:[], 69:[], 70:[], 71:[], 72:[], 73:[], 74:[], 75:[], 76:[], 77:[], 78:[], 79:[], 80:[], 81:[], 82:[], 83:[], 84:[], 85:[], 86:[], 87:[], 88:[], 89:[], 90:[], 91:[], 92:[], 93:[], 94:[], 95:[], 96:[], 97:[], 98:[], 99:[], 100:[], 101:[], 102:[], 103:[], 104:[], 105:[], 106:[], 107:[], 108:[], 109:[], 110:[], 111:[], 112:[], 113:[], 114:[], 115:[], 116:[], 117:[], 118:[], 119:[], 120:[], 121:[], 122:[], 123:[], 124:[], 125:[], 126:[], 127:[], 128:[], 129:[], 130:[], 131:[], 132:[], 133:[], 134:[], 135:[], 136:[], 137:[], 138:[], 139:[], 140:[], 141:[], 142:[], 143:[], 144:[], 145:[], 146:[], 147:[], 148:[], 149:[], 150:[], 151:[], 152:[], 153:[], 154:[], 155:[], 156:[], 157:[], 158:[], 159:[], 160:[], 161:[], 162:[], 163:[], 164:[], 165:[], 166:[], 167:[], 168:[], 169:[], 170:[], 171:[], 172:[], 173:[], 174:[], 175:[], 176:[], 177:[], 178:[], 179:[], 180:[], 181:[], 182:[], 183:[], 184:[], 185:[], 186:[], 187:[], 188:[], 189:[], 190:[], 191:[], 192:[], 193:[], 194:[], 195:[], 196:[], 197:[], 198:[]",92087458664,95554025582
4793,3,45689.4624,38423920,573960319,4584010634,1187.2132,false,199,true,true,true,true,true,false,false,"0:[0, 1, 2, 3, 4, 5, 6, 7, 8, 9, 10, 11, 12, 13, 14, 15, 16, 17, 18, 19, 20, 21, 22, 23, 24, 25, 26, 27, 28, 29, 30, 31, 32, 33, 34, 35, 36, 37, 38, 39, 40, 41, 42, 43, 44, 45, 46, 47, 48, 49, 50, 51, 52, 53, 54, 55, 56, 57, 58, 59, 60, 61, 62, 63, 64, 65, 66, 67, 68, 69, 70, 71, 72, 73, 74, 75, 76, 77, 78, 79, 80, 81, 82, 83, 84, 85, 86, 87, 88, 89, 90, 91, 92, 93, 94, 95, 96, 97, 98, 99, 100, 101, 102, 103, 104, 105, 106, 107, 108, 109, 110, 111, 112, 113, 114, 115, 116, 117, 118, 119, 120, 121, 122, 123, 124, 125, 126, 127, 128, 129, 130, 131, 132, 133, 134, 135, 136, 137, 138, 139, 140, 141, 142, 143, 144, 145, 146, 147, 148, 149, 150, 151, 152, 153, 154, 155, 156, 157, 158, 159, 160, 161, 162, 163, 164, 165, 166, 167, 168, 169, 170, 171, 172, 173, 174, 175, 176, 177, 178, 179, 180, 181, 182, 183, 184, 185, 186, 187, 188, 189, 190, 191, 192, 193, 194, 195, 196, 197, 198], 1:[], 2:[], 3:[], 4:[], 5:[], 6:[], 7:[], 8:[], 9:[], 10:[], 11:[], 12:[], 13:[], 14:[], 15:[], 16:[], 17:[], 18:[], 19:[], 20:[], 21:[], 22:[], 23:[], 24:[], 25:[], 26:[], 27:[], 28:[], 29:[], 30:[], 31:[], 32:[], 33:[], 34:[], 35:[], 36:[], 37:[], 38:[], 39:[], 40:[], 41:[], 42:[], 43:[], 44:[], 45:[], 46:[], 47:[], 48:[], 49:[], 50:[], 51:[], 52:[], 53:[], 54:[], 55:[], 56:[], 57:[], 58:[], 59:[], 60:[], 61:[], 62:[], 63:[], 64:[], 65:[], 66:[], 67:[], 68:[], 69:[], 70:[], 71:[], 72:[], 73:[], 74:[], 75:[], 76:[], 77:[], 78:[], 79:[], 80:[], 81:[], 82:[], 83:[], 84:[], 85:[], 86:[], 87:[], 88:[], 89:[], 90:[], 91:[], 92:[], 93:[], 94:[], 95:[], 96:[], 97:[], 98:[], 99:[], 100:[], 101:[], 102:[], 103:[], 104:[], 105:[], 106:[], 107:[], 108:[], 109:[], 110:[], 111:[], 112:[], 113:[], 114:[], 115:[], 116:[], 117:[], 118:[], 119:[], 120:[], 121:[], 122:[], 123:[], 124:[], 125:[], 126:[], 127:[], 128:[], 129:[], 130:[], 131:[], 132:[], 133:[], 134:[], 135:[], 136:[], 137:[], 138:[], 139:[], 140:[], 141:[], 142:[], 143:[], 144:[], 145:[], 146:[], 147:[], 148:[], 149:[], 150:[], 151:[], 152:[], 153:[], 154:[], 155:[], 156:[], 157:[], 158:[], 159:[], 160:[], 161:[], 162:[], 163:[], 164:[], 165:[], 166:[], 167:[], 168:[], 169:[], 170:[], 171:[], 172:[], 173:[], 174:[], 175:[], 176:[], 177:[], 178:[], 179:[], 180:[], 181:[], 182:[], 183:[], 184:[], 185:[], 186:[], 187:[], 188:[], 189:[], 190:[], 191:[], 192:[], 193:[], 194:[], 195:[], 196:[], 197:[], 198:[]",92204591840,95724267323
4799,7,41613.3231,38568161,576116756,4601238391,1198.5323,false,199,true,true,true,true,true,false,false,"0:[0, 1, 2, 3, 4, 5, 6, 7, 8, 9, 10, 11, 12, 13, 14, 15, 16, 17, 18, 19, 20, 21, 22, 23, 24, 25, 26, 27, 28, 29, 30, 31, 32, 33, 34, 35, 36, 37, 38, 39, 40, 41, 42, 43, 44, 45, 46, 47, 48, 49, 50, 51, 52, 53, 54, 55, 56, 57, 58, 59, 60, 61, 62, 63, 64, 65, 66, 67, 68, 69, 70, 71, 72, 73, 74, 75, 76, 77, 78, 79, 80, 81, 82, 83, 84, 85, 86, 87, 88, 89, 90, 91, 92, 93, 94, 95, 96, 97, 98, 99, 100, 101, 102, 103, 104, 105, 106, 107, 108, 109, 110, 111, 112, 113, 114, 115, 116, 117, 118, 119, 120, 121, 122, 123, 124, 125, 126, 127, 128, 129, 130, 131, 132, 133, 134, 135, 136, 137, 138, 139, 140, 141, 142, 143, 144, 145, 146, 147, 148, 149, 150, 151, 152, 153, 154, 155, 156, 157, 158, 159, 160, 161, 162, 163, 164, 165, 166, 167, 168, 169, 170, 171, 172, 173, 174, 175, 176, 177, 178, 179, 180, 181, 182, 183, 184, 185, 186, 187, 188, 189, 190, 191, 192, 193, 194, 195, 196, 197, 198], 1:[], 2:[], 3:[], 4:[], 5:[], 6:[], 7:[], 8:[], 9:[], 10:[], 11:[], 12:[], 13:[], 14:[], 15:[], 16:[], 17:[], 18:[], 19:[], 20:[], 21:[], 22:[], 23:[], 24:[], 25:[], 26:[], 27:[], 28:[], 29:[], 30:[], 31:[], 32:[], 33:[], 34:[], 35:[], 36:[], 37:[], 38:[], 39:[], 40:[], 41:[], 42:[], 43:[], 44:[], 45:[], 46:[], 47:[], 48:[], 49:[], 50:[], 51:[], 52:[], 53:[], 54:[], 55:[], 56:[], 57:[], 58:[], 59:[], 60:[], 61:[], 62:[], 63:[], 64:[], 65:[], 66:[], 67:[], 68:[], 69:[], 70:[], 71:[], 72:[], 73:[], 74:[], 75:[], 76:[], 77:[], 78:[], 79:[], 80:[], 81:[], 82:[], 83:[], 84:[], 85:[], 86:[], 87:[], 88:[], 89:[], 90:[], 91:[], 92:[], 93:[], 94:[], 95:[], 96:[], 97:[], 98:[], 99:[], 100:[], 101:[], 102:[], 103:[], 104:[], 105:[], 106:[], 107:[], 108:[], 109:[], 110:[], 111:[], 112:[], 113:[], 114:[], 115:[], 116:[], 117:[], 118:[], 119:[], 120:[], 121:[], 122:[], 123:[], 124:[], 125:[], 126:[], 127:[], 128:[], 129:[], 130:[], 131:[], 132:[], 133:[], 134:[], 135:[], 136:[], 137:[], 138:[], 139:[], 140:[], 141:[], 142:[], 143:[], 144:[], 145:[], 146:[], 147:[], 148:[], 149:[], 150:[], 151:[], 152:[], 153:[], 154:[], 155:[], 156:[], 157:[], 158:[], 159:[], 160:[], 161:[], 162:[], 163:[], 164:[], 165:[], 166:[], 167:[], 168:[], 169:[], 170:[], 171:[], 172:[], 173:[], 174:[], 175:[], 176:[], 177:[], 178:[], 179:[], 180:[], 181:[], 182:[], 183:[], 184:[], 185:[], 186:[], 187:[], 188:[], 189:[], 190:[], 191:[], 192:[], 193:[], 194:[], 195:[], 196:[], 197:[], 198:[]",92380568584,95979993868
